segment_id,date_local,uptime,ped_lft,ped_rgt,ped_total,bike_lft,bike_rgt,bike_total,car_lft,car_rgt,car_total,heavy_lft,heavy_rgt,heavy_total,v85,car_speed0,car_speed10,car_speed20,car_speed30,car_speed40,car_speed50,car_speed60,car_speed70
9000008669,2025-05-06 20:00,0.182778,27,11,38,27,38,66,71,77,148,0,0,0,34.5,14.81,37.04,29.63,3.7,0.0,0.0,3.7,11.11
9000008669,2025-05-07 05:00,0.234722,0,7,7,4,5,9,16,21,37,0,0,0,29.0,11.11,33.33,44.44,0.0,0.0,0.0,0.0,11.11
9000008669,2025-05-07 06:00,0.349722,4,8,12,2,16,18,24,36,60,0,0,0,23.5,0.0,66.67,23.81,9.52,0.0,0.0,0.0,0.0
9000008669,2025-05-07 07:00,0.636389,1,39,40,9,31,40,126,66,191,0,0,0,29.0,9.84,42.62,36.07,5.74,0.82,0.82,1.64,3.28
9000008669,2025-05-07 08:00,0.751944,12,20,31,18,45,63,144,67,211,0,0,0,28.5,18.99,40.51,27.85,5.06,0.0,3.16,1.27,3.8
9000008669,2025-05-07 09:00,0.716111,3,1,4,51,41,91,157,63,221,0,0,0,24.0,28.48,44.94,18.35,1.9,0.0,0.63,0.63,4.43
9000008669,2025-05-07 10:00,0.766944,0,9,9,32,55,87,177,89,266,0,0,0,27.0,30.88,44.12,12.75,2.45,1.96,0.49,1.47,5.88
9000008669,2025-05-07 11:00,0.779444,18,14,32,27,48,75,162,105,267,0,0,0,25.0,21.63,49.52,19.23,1.44,0.96,0.96,1.44,4.81
9000008669,2025-05-07 12:00,0.782222,19,18,37,33,46,79,176,146,322,0,0,0,28.0,15.08,47.22,26.19,1.98,1.19,2.38,1.59,4.37
9000008669,2025-05-07 13:00,0.768056,18,27,46,20,70,90,150,157,307,0,0,0,24.5,25.0,44.07,22.46,2.54,0.42,1.69,2.12,1.69
9000008669,2025-05-07 14:00,0.741389,24,9,34,73,160,233,158,85,243,0,0,0,24.0,31.11,41.67,21.11,2.78,0.56,0.56,0.0,2.22
9000008669,2025-05-07 15:00,0.739722,8,8,16,68,210,278,134,47,181,0,0,0,25.0,14.18,52.99,28.36,2.24,0.75,0.0,1.49,0.0
9000008669,2025-05-07 16:00,0.780556,12,17,28,75,174,250,196,60,256,0,0,0,26.0,16.5,50.0,23.5,3.0,2.0,0.5,1.5,3.0
9000008669,2025-05-07 17:00,0.774167,34,21,54,46,94,140,214,119,333,0,0,0,23.5,18.29,55.64,20.62,1.17,0.0,0.78,0.78,2.72
9000008669,2025-05-07 18:00,0.779167,27,28,55,69,66,135,218,148,366,0,0,0,23.0,19.65,56.14,18.6,1.05,0.0,0.35,0.7,3.51
9000008669,2025-05-07 19:00,0.791389,18,11,29,52,35,87,147,111,259,0,0,0,25.0,22.44,49.76,16.1,3.41,0.49,0.49,1.95,5.37
9000008669,2025-05-07 20:00,0.2975,20,10,30,37,20,57,97,118,214,0,0,0,25.0,12.5,54.69,25.0,1.56,1.56,1.56,3.12,1.56
9000008669,2025-05-08 05:00,0.080278,0,0,0,0,0,0,0,12,12,0,0,0,14.0,0.0,100.0,0.0,0.0,0.0,0.0,0.0,0.0
9000008669,2025-05-08 06:00,0.349167,5,0,5,3,3,5,12,15,26,0,0,0,48.0,0.0,33.33,44.44,0.0,11.11,11.11,0.0,0.0
9000008669,2025-05-08 07:00,0.776389,8,4,11,1,4,5,8,10,18,0,0,0,30.0,0.0,42.86,42.86,7.14,0.0,0.0,0.0,7.14
9000008669,2025-05-08 08:00,0.793889,5,3,8,0,11,11,27,16,44,0,0,0,24.5,14.29,45.71,34.29,0.0,2.86,2.86,0.0,0.0
9000008669,2025-05-08 09:00,0.723056,5,10,15,8,31,40,31,24,54,0,0,0,53.5,12.82,30.77,30.77,5.13,2.56,5.13,2.56,10.26
9000008669,2025-05-08 10:00,0.774722,8,4,12,19,18,37,41,35,76,0,0,0,41.5,42.37,32.2,10.17,0.0,1.69,3.39,1.69,8.47
9000008669,2025-05-08 11:00,0.751944,8,9,17,15,19,33,42,45,87,0,0,0,25.0,34.85,36.36,16.67,0.0,0.0,3.03,3.03,6.06
9000008669,2025-05-08 12:00,0.776667,8,6,14,23,26,49,49,50,99,0,0,0,25.5,29.87,42.86,16.88,3.9,1.3,0.0,2.6,2.6
9000008669,2025-05-08 13:00,0.741389,12,4,16,26,42,67,63,56,120,0,0,0,26.0,28.09,43.82,15.73,4.49,2.25,1.12,0.0,4.49
9000008669,2025-05-08 14:00,0.748611,4,5,9,29,20,49,69,65,134,0,0,0,28.5,16.0,48.0,25.0,2.0,2.0,4.0,1.0,3.0
9000008669,2025-05-08 15:00,0.7625,7,9,16,23,33,56,77,53,130,0,0,0,36.0,18.18,40.4,25.25,3.03,3.03,0.0,1.01,10.1
9000008669,2025-05-08 16:00,0.781389,17,10,27,29,26,55,69,50,120,0,0,0,35.0,11.83,38.71,30.11,8.6,1.08,1.08,1.08,7.53
9000008669,2025-05-08 17:00,0.790833,12,18,30,31,32,62,125,63,188,0,0,0,30.5,14.77,45.64,24.16,4.03,2.01,1.34,2.01,6.04
9000008669,2025-05-08 18:00,0.790833,23,16,39,28,24,52,121,79,200,0,0,0,29.0,10.13,44.94,32.28,3.8,0.0,1.27,1.27,6.33
9000008669,2025-05-08 19:00,0.793889,19,11,30,37,34,70,91,57,147,0,0,0,36.0,10.26,45.3,24.79,5.98,2.56,1.71,2.56,6.84
9000008669,2025-05-08 20:00,0.288056,8,5,13,34,21,55,81,63,144,0,0,0,27.5,19.51,46.34,21.95,2.44,0.0,0.0,7.32,2.44
9000008669,2025-05-09 05:00,0.322778,4,4,8,0,4,4,10,8,18,0,0,0,101.5,0.0,50.0,33.33,0.0,0.0,0.0,0.0,16.67
9000008669,2025-05-09 06:00,0.733889,4,6,9,3,11,14,19,11,29,0,0,0,30.0,31.82,40.91,13.64,4.55,0.0,4.55,0.0,4.55
9000008669,2025-05-09 07:00,0.793333,5,16,21,10,21,31,89,63,152,0,0,0,35.0,5.79,34.71,36.36,10.74,0.83,3.31,0.0,8.26
9000008669,2025-05-09 08:00,0.7425,3,8,11,24,53,77,85,40,125,0,0,0,29.5,15.05,29.03,43.01,7.53,1.08,1.08,1.08,2.15
9000008669,2025-05-09 09:00,0.700556,1,4,6,43,43,86,95,30,125,0,0,0,32.5,22.99,28.74,32.18,3.45,1.15,2.3,1.15,8.05
9000008669,2025-05-09 10:00,0.718611,4,3,7,50,49,99,132,66,198,0,0,0,35.0,25.17,32.87,23.08,4.9,2.8,2.8,2.1,6.29
9000008669,2025-05-09 11:00,0.7725,12,4,15,43,44,87,144,91,234,0,0,0,30.5,17.13,41.99,25.41,6.08,2.21,0.55,2.21,4.42
9000008669,2025-05-09 12:00,0.723056,3,10,12,42,21,63,131,95,225,0,0,0,30.0,34.36,33.13,18.4,5.52,4.29,1.23,0.61,3.68
9000008669,2025-05-09 13:00,0.726111,16,11,27,28,22,51,137,98,235,0,0,0,28.5,22.22,38.6,26.32,7.6,2.92,0.0,0.58,1.75
9000008669,2025-05-09 14:00,0.711111,3,4,7,75,74,149,73,37,109,0,0,0,29.0,23.08,39.74,23.08,5.13,3.85,1.28,0.0,3.85
9000008669,2025-05-09 15:00,0.742778,3,4,7,90,90,180,140,89,229,0,0,0,26.5,28.82,41.18,20.0,2.94,1.76,0.0,1.76,3.53
9000008669,2025-05-09 16:00,0.772778,6,1,8,60,55,116,205,66,271,0,0,0,26.5,18.18,44.02,28.23,4.31,0.0,0.0,0.0,5.74
9000008669,2025-05-09 17:00,0.768889,5,1,7,64,72,135,236,82,318,0,0,0,26.5,17.14,44.9,26.94,3.67,0.41,0.82,1.63,4.08
9000008669,2025-05-09 18:00,0.788889,8,2,10,47,48,95,216,101,317,0,0,0,25.5,13.2,51.2,29.2,1.6,0.8,1.2,0.8,2.0
9000008669,2025-05-09 19:00,0.793889,4,1,5,34,29,63,142,72,214,0,0,0,29.5,13.53,39.41,32.94,7.06,0.59,2.35,1.18,2.94
9000008669,2025-05-09 20:00,0.503056,3,3,7,27,37,65,89,49,138,0,0,0,31.5,5.8,46.38,28.99,11.59,2.9,0.0,0.0,4.35
9000008669,2025-05-10 06:00,0.261944,2,2,3,0,3,3,23,5,28,0,0,0,26.5,14.29,57.14,14.29,0.0,0.0,0.0,0.0,0.0
9000008669,2025-05-10 07:00,0.7325,2,2,5,5,8,13,12,16,27,0,0,0,26.0,30.0,45.0,20.0,5.0,0.0,5.0,0.0,0.0
9000008669,2025-05-10 08:00,0.769167,3,6,9,3,32,34,27,22,49,0,0,0,35.5,13.16,42.11,26.32,7.89,0.0,5.26,5.26,0.0
9000008669,2025-05-10 09:00,0.755556,3,9,12,14,33,48,68,26,94,0,0,0,41.0,11.27,23.94,35.21,12.68,7.04,1.41,2.82,4.23
9000008669,2025-05-10 10:00,0.795833,20,15,35,20,37,57,100,74,174,0,0,0,34.5,6.47,38.13,35.25,7.91,2.16,1.44,1.44,7.19
9000008669,2025-05-10 11:00,0.7725,19,17,36,22,38,60,74,63,137,0,0,0,30.0,20.75,35.85,28.3,5.66,5.66,0.94,0.0,2.83
9000008669,2025-05-10 12:00,0.768611,8,3,10,41,52,93,129,67,196,0,0,0,30.0,31.79,27.81,25.83,3.97,0.66,1.32,0.0,8.61
9000008669,2025-05-10 13:00,0.792222,14,25,39,34,36,71,221,114,335,0,0,0,29.5,12.45,39.62,34.34,7.55,1.89,1.13,0.38,2.64
9000008669,2025-05-10 14:00,0.761389,7,3,9,48,33,81,226,102,327,0,0,0,28.0,18.47,40.96,29.72,5.62,1.2,0.0,1.2,3.21
9000008669,2025-05-10 15:00,0.764444,3,10,13,104,111,215,133,38,171,0,0,0,29.0,21.37,35.11,30.53,4.58,0.0,0.0,2.29,6.11
9000008669,2025-05-10 16:00,0.771667,14,14,28,106,115,222,115,34,149,0,0,0,30.0,13.91,28.7,42.61,6.96,1.74,0.0,0.87,5.22
9000008669,2025-05-10 17:00,0.775833,13,12,25,47,63,110,183,82,265,0,0,0,28.5,11.22,39.51,37.56,6.83,0.49,0.98,1.46,1.95
9000008669,2025-05-10 18:00,0.788333,9,3,11,57,66,123,181,71,252,0,0,0,29.0,11.62,34.34,42.42,7.07,1.52,0.0,0.0,3.03
9000008669,2025-05-10 19:00,0.792222,10,20,30,47,44,91,165,76,241,0,0,0,30.0,16.23,32.46,36.65,4.71,2.62,1.05,0.0,6.28
9000008669,2025-05-10 20:00,0.506944,7,5,12,22,87,109,96,62,158,0,0,0,25.5,7.5,50.0,37.5,0.0,3.75,0.0,0.0,2.5
9000008669,2025-05-11 07:00,0.785,5,4,9,3,1,4,13,5,18,0,0,0,28.0,0.0,28.57,71.43,0.0,0.0,0.0,0.0,0.0
9000008669,2025-05-11 08:00,0.774444,9,6,15,8,9,17,10,6,17,0,0,0,30.0,7.69,15.38,61.54,0.0,0.0,0.0,0.0,15.38
9000008669,2025-05-11 09:00,0.7475,8,4,12,18,28,46,24,19,43,0,0,0,46.5,40.62,31.25,9.38,3.12,3.12,6.25,0.0,6.25
9000008669,2025-05-11 10:00,0.765556,14,9,24,25,29,53,43,21,64,0,0,0,83.0,12.24,18.37,32.65,8.16,0.0,2.04,8.16,18.37
9000008669,2025-05-11 11:00,0.778056,9,8,17,22,42,64,55,27,82,0,0,0,42.5,14.06,21.88,37.5,9.38,4.69,0.0,0.0,12.5
9000008669,2025-05-11 12:00,0.776667,9,19,29,35,55,90,107,40,147,0,0,0,51.5,6.14,25.44,43.86,3.51,5.26,2.63,3.51,9.65
9000008669,2025-05-11 13:00,0.776667,15,17,32,39,78,117,166,73,239,0,0,0,32.5,7.53,44.09,30.65,6.99,1.61,2.69,2.15,4.3
9000008669,2025-05-11 14:00,0.765,11,13,24,81,119,200,114,24,137,0,0,0,27.0,23.81,31.43,36.19,7.62,0.95,0.0,0.0,0.0
9000008669,2025-05-11 15:00,0.7475,4,4,8,188,126,314,56,7,63,0,0,0,26.0,21.28,42.55,27.66,0.0,0.0,2.13,2.13,4.26
9000008669,2025-05-11 16:00,0.773611,8,10,18,183,98,281,230,8,238,0,0,0,27.0,5.98,47.28,38.59,4.89,1.63,0.0,0.54,1.09
9000008669,2025-05-11 17:00,0.781389,15,13,28,83,91,174,227,31,257,0,0,0,29.0,5.47,36.32,45.77,7.46,0.5,1.49,0.0,2.99
9000008669,2025-05-11 18:00,0.793333,16,16,33,60,68,128,170,38,208,0,0,0,28.5,14.55,35.15,40.61,6.67,0.61,1.21,0.0,1.21
9000008669,2025-05-11 19:00,0.788611,11,15,27,51,72,123,145,66,211,0,0,0,29.0,15.06,42.17,29.52,4.82,1.2,0.0,3.01,4.22
9000008669,2025-05-11 20:00,0.466111,7,30,36,30,78,108,108,133,241,0,0,0,24.5,13.27,53.98,26.55,3.54,0.0,1.77,1.77,1.77
9000008669,2025-05-12 06:00,0.529444,0,3,3,2,14,16,31,30,61,0,0,0,24.0,15.62,56.25,21.88,3.12,0.0,3.12,0.0,0.0
9000008669,2025-05-12 07:00,0.666944,4,7,11,6,35,41,117,69,186,0,0,0,28.0,15.32,39.52,33.87,4.03,2.42,0.0,0.0,6.45
9000008669,2025-05-12 08:00,0.735556,6,7,12,51,52,103,195,78,273,0,0,0,25.0,14.93,44.78,33.83,4.48,0.5,0.5,0.0,1.49
9000008669,2025-05-12 09:00,0.6775,1,0,1,109,74,182,135,33,167,0,0,0,22.5,38.94,41.59,12.39,1.77,1.77,0.88,0.88,1.77
9000008669,2025-05-12 10:00,0.761389,3,1,4,42,46,88,160,76,236,0,0,0,20.5,50.0,34.44,5.0,0.56,1.67,1.11,3.33,3.89
9000008669,2025-05-12 11:00,0.75,3,4,7,24,55,79,153,137,290,0,0,0,24.5,29.49,45.16,17.05,4.61,0.92,0.46,0.92,1.38
9000008669,2025-05-12 12:00,0.76,4,5,9,33,49,82,143,118,261,0,0,0,24.5,27.78,45.96,18.18,3.03,1.52,1.01,0.51,2.02
9000008669,2025-05-12 13:00,0.730278,1,3,4,14,26,40,150,161,310,0,0,0,22.5,24.78,53.1,17.7,0.88,0.0,0.44,1.77,1.33
9000008669,2025-05-12 14:00,0.746389,4,3,7,62,139,201,144,77,221,0,0,0,24.5,25.45,41.82,25.45,1.82,0.0,1.21,1.21,2.42
9000008669,2025-05-12 15:00,0.760833,5,7,12,66,159,226,128,74,203,0,0,0,24.0,28.57,44.16,18.18,1.3,1.3,0.65,1.95,3.25
9000008669,2025-05-12 16:00,0.760556,4,7,11,68,109,177,171,53,224,0,0,0,27.0,20.0,41.18,27.65,5.88,0.59,0.0,1.18,3.53
9000008669,2025-05-12 17:00,0.781944,12,9,20,60,102,162,170,60,230,0,0,0,27.0,16.11,50.56,21.11,5.0,0.0,1.11,1.11,5.0
9000008669,2025-05-12 18:00,0.79,13,6,19,44,70,114,150,100,250,0,0,0,33.5,14.14,43.43,26.26,3.03,3.03,2.02,3.03,5.05
9000008669,2025-05-12 19:00,0.79,10,8,18,33,45,78,124,102,225,0,0,0,26.0,21.35,47.19,19.66,2.81,1.69,1.12,0.56,5.62
9000008669,2025-05-12 20:00,0.448889,18,10,28,33,46,79,125,57,183,0,0,0,26.5,8.54,52.44,26.83,3.66,0.0,1.22,1.22,7.32
9000008669,2025-05-13 05:00,0.281389,0,3,3,0,14,14,14,26,40,0,0,0,24.0,9.09,45.45,36.36,0.0,9.09,0.0,0.0,0.0
9000008669,2025-05-13 06:00,0.611389,0,0,0,4,9,13,16,22,38,0,0,0,28.5,13.04,43.48,34.78,0.0,0.0,4.35,4.35,0.0
9000008669,2025-05-13 07:00,0.728056,0,10,10,11,33,44,139,65,204,0,0,0,29.5,9.4,33.56,44.3,7.38,0.67,0.0,0.67,4.03
9000008669,2025-05-13 08:00,0.730556,1,7,8,27,58,84,279,67,346,0,0,0,28.0,10.67,32.81,46.25,5.14,0.79,1.19,1.19,2.37
9000008669,2025-05-13 09:00,0.685833,1,1,3,105,80,184,259,53,312,0,0,0,25.0,25.7,40.19,26.64,1.87,1.4,1.4,1.4,1.4
9000008669,2025-05-13 10:00,0.767222,8,13,21,55,56,111,145,64,210,0,0,0,21.5,46.58,36.02,13.04,3.11,0.0,0.62,1.24,0.0
9000008669,2025-05-13 11:00,0.779167,3,3,5,9,35,44,131,110,241,0,0,0,24.0,25.67,48.66,19.25,1.07,0.0,2.14,1.07,2.67
9000008669,2025-05-13 12:00,0.773611,6,9,15,30,65,95,181,113,294,0,0,0,24.5,22.81,48.68,21.05,2.63,0.44,0.0,2.19,2.19
9000008669,2025-05-13 13:00,0.778889,10,10,20,39,32,71,145,128,273,0,0,0,24.5,22.07,46.95,22.54,2.35,2.82,0.0,0.94,2.35
9000008669,2025-05-13 14:00,0.733611,7,7,14,108,147,254,155,65,220,0,0,0,24.0,26.09,49.07,19.25,1.24,0.0,1.86,1.24,1.24
9000008669,2025-05-13 15:00,0.751111,3,4,7,129,218,347,122,28,151,0,0,0,31.5,29.2,38.94,16.81,0.88,0.0,3.54,6.19,4.42
9000008669,2025-05-13 16:00,0.778333,7,8,14,93,177,270,167,24,191,0,0,0,39.5,8.72,44.97,28.86,2.68,3.36,1.34,2.01,8.05
9000008669,2025-05-13 17:00,0.791111,14,8,22,52,98,150,192,53,245,0,0,0,29.0,6.7,49.48,31.44,4.12,0.0,1.03,2.58,4.64
9000008669,2025-05-13 18:00,0.784167,18,18,36,51,67,118,166,64,230,0,0,0,25.0,10.56,53.33,28.33,2.22,1.11,0.56,1.11,2.78
9000008669,2025-05-13 19:00,0.798611,33,17,50,44,118,162,110,57,167,0,0,0,28.0,23.13,46.27,17.16,0.75,1.49,2.24,2.99,5.97
9000008669,2025-05-13 20:00,0.494444,13,13,27,37,31,68,115,80,195,0,0,0,28.0,7.29,50.0,31.25,3.12,1.04,3.12,1.04,4.17
9000008669,2025-05-14 05:00,0.161111,0,12,12,0,19,19,0,6,6,0,0,0,19.0,0.0,100.0,0.0,0.0,0.0,0.0,0.0,0.0
9000008669,2025-05-14 06:00,0.283056,0,7,7,6,21,28,31,25,56,0,0,0,32.5,12.5,50.0,25.0,12.5,0.0,6.25,0.0,0.0
9000008669,2025-05-14 07:00,0.791667,4,24,28,11,44,56,154,54,208,0,0,0,26.0,29.7,30.3,30.91,3.03,1.21,1.21,0.0,3.03
9000008669,2025-05-14 08:00,0.745278,7,17,24,45,57,102,178,93,271,0,0,0,28.0,14.85,41.58,32.67,4.46,1.98,0.99,0.99,2.97
9000008669,2025-05-14 09:00,0.721111,7,8,15,49,95,143,132,58,189,0,0,0,26.5,27.74,36.5,26.28,2.19,1.46,2.19,1.46,2.19
9000008669,2025-05-14 10:00,0.756944,3,4,7,24,41,65,165,106,271,0,0,0,25.0,32.68,40.0,17.07,0.98,2.44,0.98,2.93,2.93
9000008669,2025-05-14 11:00,0.775556,5,5,10,20,67,87,152,127,278,0,0,0,23.0,31.94,47.69,10.65,2.31,1.39,1.85,1.85,2.31
9000008669,2025-05-14 12:00,0.780833,19,12,31,27,40,67,129,139,268,0,0,0,28.5,34.45,35.89,15.79,1.91,1.91,1.91,2.87,5.26
9000008669,2025-05-14 13:00,0.762778,9,6,16,37,50,86,112,165,277,0,0,0,22.5,42.45,38.21,12.26,0.47,0.0,1.89,0.47,3.77
9000008669,2025-05-14 14:00,0.745556,11,9,20,44,114,159,122,75,197,0,0,0,22.0,32.65,48.98,11.56,1.36,0.0,2.72,0.68,2.04
9000008669,2025-05-14 15:00,0.712778,4,7,11,66,108,174,85,62,147,0,0,0,21.5,44.76,37.14,13.33,1.9,0.0,0.0,0.95,1.9
9000008669,2025-05-14 16:00,0.716389,8,4,13,42,91,133,135,58,194,0,0,0,28.5,22.3,39.57,25.9,1.44,1.44,2.16,2.16,5.04
9000008669,2025-05-14 17:00,0.773333,5,5,10,74,129,204,144,55,199,0,0,0,34.0,17.53,34.42,29.22,5.84,3.9,1.3,1.3,7.14
9000008669,2025-05-14 18:00,0.776944,9,6,15,55,87,142,171,107,278,0,0,0,29.5,11.11,43.52,31.94,5.56,1.39,0.46,1.85,4.17
9000008669,2025-05-14 19:00,0.7875,5,8,13,54,55,108,113,72,185,0,0,0,28.0,10.96,48.63,28.08,3.42,1.37,0.68,2.74,4.11
9000008669,2025-05-14 20:00,0.431389,8,2,10,36,43,79,104,54,158,0,0,0,27.0,19.12,33.82,35.29,0.0,2.94,2.94,1.47,4.41
9000008669,2025-05-15 07:00,0.661944,3,12,15,6,50,55,92,47,139,0,0,0,35.0,8.7,39.13,32.61,4.35,2.17,2.17,2.17,8.7
9000008669,2025-05-15 08:00,0.721111,1,1,3,32,67,100,196,49,245,0,0,0,28.5,12.99,34.46,41.81,5.65,1.69,1.13,0.56,2.26
9000008669,2025-05-15 09:00,0.646111,5,7,12,80,64,145,129,40,169,0,0,0,25.0,31.19,41.28,16.51,2.75,1.83,2.75,0.92,2.75
9000008669,2025-05-15 10:00,0.662778,1,0,1,44,35,78,113,56,169,0,0,0,25.0,44.64,28.57,17.86,0.89,1.79,1.79,0.0,4.46
9000008669,2025-05-15 11:00,0.677778,6,9,14,53,63,116,132,94,226,0,0,0,21.5,55.56,26.8,11.11,1.96,1.31,0.65,1.31,1.31
9000008669,2025-05-15 12:00,0.745556,5,3,8,24,40,64,137,78,214,0,0,0,26.0,36.25,35.62,18.12,5.0,0.0,1.25,0.62,3.12
9000008669,2025-05-15 13:00,0.755,4,7,10,51,100,152,128,91,219,0,0,0,25.0,28.48,41.21,19.39,3.64,1.21,1.21,2.42,2.42
9000008669,2025-05-15 14:00,0.746944,14,15,28,58,105,162,137,107,244,0,0,0,25.0,33.52,35.16,23.63,1.1,1.65,0.55,1.1,3.85
9000008669,2025-05-15 15:00,0.703056,4,3,7,74,90,164,114,64,178,0,0,0,27.0,29.6,34.4,24.0,1.6,0.0,1.6,2.4,6.4
9000008669,2025-05-15 16:00,0.721111,1,4,6,82,102,185,105,58,163,0,0,0,28.5,22.03,41.53,23.73,4.24,0.85,0.85,2.54,4.24
9000008669,2025-05-15 17:00,0.736389,15,12,27,58,69,127,136,82,218,0,0,0,31.5,19.25,35.4,28.57,5.59,1.24,0.62,1.86,6.83
9000008669,2025-05-15 18:00,0.744444,8,8,16,92,85,177,167,74,241,0,0,0,33.0,23.46,32.96,27.37,7.26,1.12,0.56,2.79,4.47
9000008669,2025-05-15 19:00,0.770278,14,14,28,46,69,115,104,66,171,0,0,0,42.0,7.58,45.45,28.79,2.27,2.27,3.79,3.03,6.06
9000008669,2025-05-15 20:00,0.508056,15,17,32,32,8,40,83,80,164,0,0,0,34.5,12.05,39.76,31.33,2.41,0.0,3.61,2.41,7.23
9000008669,2025-05-16 05:00,0.0475,0,0,0,0,21,21,42,42,84,0,0,0,24.0,0.0,0.0,100.0,0.0,0.0,0.0,0.0,0.0
9000008669,2025-05-16 07:00,0.774167,1,18,19,7,44,50,100,34,134,26,27,53,29.0,14.42,32.69,41.35,4.81,0.0,2.88,1.92,1.92
9000008669,2025-05-16 08:00,0.765,4,12,16,31,38,69,152,59,211,26,21,47,30.0,18.01,34.16,33.54,5.59,1.24,0.62,1.86,4.97
9000008669,2025-05-16 09:00,0.764167,11,11,22,29,42,71,113,58,172,24,8,32,29.0,12.98,45.04,29.77,4.58,0.76,1.53,0.76,5.34
9000008669,2025-05-16 10:00,0.785833,5,17,22,27,46,72,160,87,247,20,9,29,27.5,18.04,42.27,29.9,3.09,0.0,1.55,1.03,4.12
9000008669,2025-05-16 11:00,0.774444,10,17,27,48,90,138,131,60,190,27,10,37,27.5,17.01,33.33,38.78,6.12,1.36,0.0,0.68,2.72
9000008669,2025-05-16 12:00,0.729167,11,7,17,50,53,103,104,55,158,21,7,28,28.5,34.48,32.76,20.69,2.59,1.72,0.86,2.59,5.17
9000008669,2025-05-16 13:00,0.729722,8,14,22,30,48,78,104,71,175,16,12,29,31.0,25.78,43.75,14.84,3.91,2.34,1.56,3.12,4.69
9000008669,2025-05-16 14:00,0.595556,8,10,18,107,133,240,87,79,166,15,6,22,27.0,39.39,32.32,18.18,4.04,1.01,3.03,0.0,2.02
9000008669,2025-05-16 15:00,0.653056,9,15,24,108,110,218,101,38,140,9,7,16,24.5,41.76,35.16,10.99,2.2,1.1,3.3,1.1,1.1
9000008669,2025-05-16 16:00,0.743611,12,5,17,104,142,245,121,16,137,5,0,5,28.0,14.71,43.14,31.37,0.0,0.0,3.92,0.98,6.86
9000008669,2025-05-16 17:00,0.773056,12,8,19,62,82,143,162,36,198,10,3,13,28.5,10.46,42.48,34.64,6.54,1.31,0.0,0.0,4.58
9000008669,2025-05-16 18:00,0.780556,9,10,19,45,84,128,165,82,247,10,4,14,27.0,11.92,48.19,28.5,3.11,1.04,1.55,1.55,4.15
9000008669,2025-05-16 19:00,0.783889,15,6,22,42,81,123,134,62,197,5,3,8,28.5,9.74,52.6,25.32,5.19,0.0,1.3,2.6,3.25
9000008669,2025-05-16 20:00,0.463889,16,10,27,32,63,95,85,34,120,5,2,7,38.5,3.64,45.45,29.09,7.27,1.82,1.82,1.82,10.91
9000008669,2025-05-17 06:00,0.357222,0,7,7,3,16,19,10,6,16,0,0,0,28.5,0.0,50.0,66.67,0.0,0.0,0.0,0.0,0.0
9000008669,2025-05-17 07:00,0.625833,5,6,10,6,16,22,12,11,22,1,0,1,29.5,14.29,57.14,14.29,7.14,0.0,7.14,0.0,0.0
9000008669,2025-05-17 08:00,0.726389,3,10,12,10,26,36,32,22,54,4,1,6,60.0,15.38,25.64,33.33,5.13,2.56,2.56,7.69,7.69
9000008669,2025-05-17 09:00,0.671944,4,3,7,16,38,54,34,13,47,11,0,11,29.0,25.0,34.38,28.12,9.38,0.0,3.12,0.0,0.0
9000008669,2025-05-17 10:00,0.750833,16,13,29,30,48,78,68,34,101,11,3,13,34.5,7.89,31.58,43.42,7.89,1.32,5.26,1.32,2.63
9000008669,2025-05-17 11:00,0.755833,17,9,26,30,54,85,74,33,107,7,3,9,36.5,13.58,27.16,40.74,6.17,3.7,2.47,1.23,4.94
9000008669,2025-05-17 12:00,0.715556,8,12,21,25,69,94,64,40,103,15,6,21,29.0,31.08,25.68,31.08,5.41,2.7,1.35,0.0,2.7
9000008669,2025-05-17 13:00,0.734444,0,4,4,43,66,110,151,42,193,6,4,10,27.5,23.24,34.51,31.69,2.82,2.11,1.41,1.41,2.82
9000008669,2025-05-17 14:00,0.715278,4,8,12,73,63,135,204,31,235,24,12,36,27.5,12.5,39.29,40.48,2.98,1.19,0.0,1.19,2.38
9000008669,2025-05-17 15:00,0.766389,8,4,12,55,72,127,247,60,307,14,4,18,25.5,11.91,45.11,37.45,2.55,0.0,2.13,0.43,0.85
9000008669,2025-05-17 16:00,0.775,5,8,13,66,102,168,222,91,313,20,8,28,30.0,8.68,40.5,36.36,9.09,1.24,0.83,0.83,2.89
9000008669,2025-05-17 17:00,0.780556,13,4,17,59,74,133,220,112,332,28,5,33,28.0,14.29,40.54,35.14,4.25,0.77,0.39,0.77,3.86
9000008669,2025-05-17 18:00,0.7675,12,12,23,57,71,128,240,90,330,20,3,22,29.0,11.02,37.8,38.98,5.91,0.39,0.39,0.79,4.72
9000008669,2025-05-17 19:00,0.779722,19,17,36,44,91,135,176,79,254,12,2,14,27.0,11.11,43.94,36.87,3.54,1.52,0.0,2.53,0.51
9000008669,2025-05-17 20:00,0.469444,17,16,33,42,91,133,159,52,211,5,2,7,34.0,6.06,51.52,26.26,1.01,5.05,1.01,2.02,9.09
9000008669,2025-05-18 05:00,0.014722,0,0,0,0,0,0,0,0,0,0,0,0,,0.0,0.0,0.0,0.0,0.0,0.0,0.0,0.0
9000008669,2025-05-18 06:00,0.0875,0,0,0,0,0,0,0,11,11,0,0,0,14.0,0.0,100.0,0.0,0.0,0.0,0.0,0.0,0.0
9000008669,2025-05-18 07:00,0.538056,0,0,0,1,0,1,6,14,20,1,0,1,66.5,0.0,9.09,45.45,9.09,0.0,9.09,18.18,9.09
9000008669,2025-05-18 08:00,0.718333,1,0,1,1,9,10,11,8,19,0,1,1,39.0,0.0,38.46,46.15,7.69,0.0,0.0,0.0,15.38
9000008669,2025-05-18 09:00,0.746111,4,5,9,13,20,34,31,3,34,0,0,0,62.0,0.0,8.0,48.0,20.0,0.0,8.0,8.0,8.0
9000008669,2025-05-18 10:00,0.720556,6,4,9,6,17,24,26,8,35,4,7,11,35.0,12.0,24.0,32.0,16.0,4.0,0.0,4.0,8.0
9000008669,2025-05-18 11:00,0.727222,4,3,7,15,31,47,39,16,56,10,10,19,34.0,12.2,26.83,36.59,12.2,4.88,0.0,4.88,2.44
9000008669,2025-05-18 12:00,0.726667,1,7,8,19,22,41,36,12,48,8,7,15,34.0,5.71,40.0,37.14,2.86,5.71,0.0,8.57,0.0
9000008669,2025-05-18 13:00,0.756667,5,7,12,38,40,78,78,51,129,3,0,3,31.0,17.53,32.99,34.02,12.37,3.09,0.0,0.0,1.03
9000008669,2025-05-18 14:00,0.761944,14,11,25,37,42,79,94,45,139,9,3,12,29.5,8.49,41.51,35.85,4.72,1.89,0.94,0.94,5.66
9000008669,2025-05-18 15:00,0.735556,12,4,16,44,66,110,78,40,118,4,5,9,29.0,16.09,32.18,40.23,2.3,2.3,1.15,0.0,6.9
9000008669,2025-05-18 16:00,0.779722,8,5,13,26,42,68,136,70,206,4,1,5,26.0,10.56,47.83,34.78,1.24,0.0,1.86,0.62,3.11
9000008669,2025-05-18 17:00,0.783889,5,10,15,30,50,80,173,55,228,8,0,8,29.0,8.99,42.13,37.08,2.81,2.25,1.12,2.25,3.37
9000008669,2025-05-18 18:00,0.785,20,9,29,23,84,107,123,65,188,14,4,18,29.5,8.84,44.22,32.65,2.04,2.72,3.4,0.68,5.44
9000008669,2025-05-18 19:00,0.786389,8,6,14,27,41,67,80,46,126,5,0,5,29.5,10.1,43.43,32.32,4.04,4.04,0.0,3.03,3.03
9000008669,2025-05-18 20:00,0.236111,8,0,8,48,68,116,68,71,139,0,0,0,51.0,0.0,36.36,39.39,3.03,9.09,12.12,3.03,6.06
9000008669,2025-05-19 06:00,0.263889,0,10,10,10,20,31,17,27,44,0,0,0,65.5,0.0,25.0,50.0,8.33,0.0,8.33,8.33,8.33
9000008669,2025-05-19 07:00,0.425278,2,10,12,13,42,55,135,33,168,12,3,15,27.5,9.86,28.17,52.11,5.63,1.41,1.41,0.0,4.23
9000008669,2025-05-19 08:00,0.781111,10,13,23,24,64,88,162,65,228,19,5,24,28.5,16.85,37.08,35.39,3.37,1.12,1.69,0.0,4.49
9000008669,2025-05-19 09:00,0.751389,4,3,7,40,54,94,117,37,154,15,3,17,26.0,28.45,43.97,15.52,2.59,0.86,1.72,4.31,2.59
9000008669,2025-05-19 10:00,0.765556,8,3,10,44,77,121,99,69,168,27,3,30,32.0,15.5,44.19,23.26,6.2,0.78,1.55,3.88,4.65
9000008669,2025-05-19 11:00,0.787222,10,19,29,33,51,84,77,41,118,25,33,58,29.0,10.75,48.39,27.96,4.3,2.15,1.08,3.23,2.15
9000008669,2025-05-19 12:00,0.756111,8,7,14,29,46,75,123,54,177,34,21,55,29.0,30.6,34.33,22.39,2.24,1.49,2.24,3.73,2.99
9000008669,2025-05-19 13:00,0.776111,3,3,5,35,63,98,119,110,228,41,55,97,27.0,10.17,54.8,23.16,5.08,0.56,2.26,1.69,2.26
9000008669,2025-05-19 14:00,0.785,10,3,13,42,90,132,160,124,284,42,49,91,24.5,20.63,48.88,22.42,1.79,0.9,0.45,0.9,4.04
9000008669,2025-05-19 15:00,0.775556,8,9,17,33,68,102,156,121,277,26,50,76,26.0,25.58,42.33,22.33,1.86,1.4,0.93,0.47,5.12
9000008669,2025-05-19 16:00,0.781389,19,17,36,57,69,127,159,102,261,42,26,68,28.5,15.69,41.18,30.39,3.92,1.96,0.98,0.0,5.88
9000008669,2025-05-19 17:00,0.753056,15,16,30,52,49,101,153,74,227,33,15,48,44.0,19.88,40.35,19.3,4.09,2.34,2.92,4.09,7.02
9000008669,2025-05-19 18:00,0.776111,19,12,31,45,63,108,126,75,201,27,23,51,41.5,9.62,41.03,29.49,4.49,1.92,2.56,2.56,8.33
9000008669,2025-05-19 19:00,0.786944,19,14,33,37,41,78,89,60,149,20,15,36,32.5,5.13,49.57,28.21,5.13,1.71,0.85,2.56,6.84
9000008669,2025-05-19 20:00,0.544722,21,12,33,30,31,61,64,38,103,16,13,29,50.0,7.14,46.43,25.0,3.57,3.57,3.57,1.79,10.71
9000008669,2025-05-20 05:00,0.240278,0,12,12,3,6,9,9,15,24,3,13,16,30.0,0.0,16.67,50.0,0.0,0.0,16.67,0.0,0.0
9000008669,2025-05-20 06:00,0.542778,0,6,6,6,13,20,16,11,27,10,25,34,68.5,0.0,20.0,40.0,6.67,6.67,0.0,6.67,13.33
9000008669,2025-05-20 07:00,0.798333,5,14,19,18,29,46,153,49,202,25,14,39,31.0,3.11,30.43,50.93,6.83,1.24,1.24,1.24,4.97
9000008669,2025-05-20 08:00,0.762778,4,9,13,29,56,85,170,59,228,37,25,62,30.0,9.2,25.29,51.15,7.47,0.57,1.15,1.72,3.45
9000008669,2025-05-20 09:00,0.713056,6,8,14,93,66,159,108,66,174,35,7,42,31.5,31.45,37.1,16.13,1.61,2.42,0.0,3.23,8.06
9000008669,2025-05-20 10:00,0.762222,1,1,3,26,47,73,98,77,176,34,13,47,32.5,29.1,37.31,17.16,4.48,1.49,2.24,2.99,5.22
9000008669,2025-05-20 11:00,0.788333,1,3,4,23,79,102,108,55,162,38,10,48,31.5,17.97,43.75,22.66,4.69,1.56,3.12,1.56,4.69
9000008669,2025-05-20 12:00,0.753333,3,3,5,26,58,85,93,67,161,28,33,60,28.0,20.66,43.8,23.14,1.65,1.65,1.65,1.65,5.79
9000008669,2025-05-20 13:00,0.742222,4,7,11,27,47,74,81,71,152,28,28,57,25.0,27.43,39.82,21.24,1.77,0.88,0.88,0.0,7.08
9000008669,2025-05-20 14:00,0.724722,12,12,25,54,122,176,111,61,172,23,10,33,26.0,26.61,37.1,27.42,4.03,1.61,1.61,0.81,1.61
9000008669,2025-05-20 15:00,0.738889,3,3,6,113,163,276,102,26,128,8,3,11,30.0,10.53,38.95,35.79,2.11,2.11,0.0,5.26,5.26
9000008669,2025-05-20 16:00,0.741111,8,11,19,48,88,136,166,70,236,27,16,43,28.0,14.29,46.86,28.0,5.71,1.71,1.14,1.14,1.14
9000008669,2025-05-20 17:00,0.760556,16,12,27,51,110,162,128,38,166,13,1,15,32.0,11.9,42.06,28.57,5.56,1.59,1.59,3.17,5.56
9000008669,2025-05-20 18:00,0.780556,32,26,58,55,115,170,131,58,188,8,4,12,29.5,4.08,45.58,36.05,3.4,2.04,0.68,0.0,8.16
9000008669,2025-05-20 19:00,0.790278,22,22,43,44,81,125,87,49,137,13,16,29,32.0,5.56,41.67,37.04,4.63,0.93,3.7,1.85,4.63
9000008669,2025-05-20 20:00,0.575,28,18,45,43,21,64,81,72,154,15,12,27,29.0,3.41,57.95,25.0,4.55,1.14,0.0,1.14,6.82
9000008669,2025-05-21 05:00,0.242222,0,3,3,0,3,3,0,3,3,0,8,8,9.0,100.0,0.0,0.0,0.0,0.0,0.0,0.0,0.0
9000008669,2025-05-21 06:00,0.654722,0,4,4,7,5,12,14,27,41,5,7,12,91.0,14.81,37.04,22.22,0.0,0.0,3.7,0.0,33.33
9000008669,2025-05-21 07:00,0.780556,6,20,26,9,23,32,106,42,148,31,18,49,33.0,6.96,34.78,38.26,8.7,2.61,1.74,0.0,6.96
9000008669,2025-05-21 08:00,0.750556,4,7,11,35,71,106,162,56,217,38,28,66,31.5,13.5,28.83,41.72,4.91,3.07,1.84,1.84,4.29
9000008669,2025-05-21 09:00,0.689444,0,3,3,97,61,158,127,45,173,58,10,68,26.0,30.25,39.5,18.49,2.52,1.68,1.68,0.84,5.04
9000008669,2025-05-21 10:00,0.745,3,1,4,11,49,60,90,82,172,40,18,58,26.0,39.06,33.59,16.41,2.34,0.78,3.91,1.56,2.34
9000008669,2025-05-21 11:00,0.769444,4,1,5,29,55,84,101,59,160,47,42,89,33.5,13.82,47.15,22.76,2.44,1.63,2.44,2.44,7.32
9000008669,2025-05-21 12:00,0.763333,13,13,26,25,55,80,73,114,188,37,51,88,38.0,10.49,55.24,18.88,0.7,0.7,2.8,1.4,9.79
9000008669,2025-05-21 13:00,0.741111,5,7,12,31,41,72,118,98,215,31,56,87,25.5,21.38,45.91,25.16,1.26,0.0,2.52,0.63,3.14
9000008669,2025-05-21 14:00,0.713889,3,4,7,55,52,107,87,96,183,24,15,39,24.0,23.08,49.23,21.54,2.31,0.0,0.77,0.77,2.31
9000008669,2025-05-21 15:00,0.760556,3,7,9,42,46,88,105,93,199,38,37,75,32.5,15.89,49.67,18.54,3.97,1.99,1.99,1.32,6.62
9000008669,2025-05-21 16:00,0.746389,21,9,31,47,80,127,122,26,148,53,88,141,47.5,7.27,36.36,34.55,3.64,4.55,1.82,3.64,8.18
9000008669,2025-05-21 17:00,0.786667,17,17,33,45,30,75,132,41,173,55,76,131,41.5,8.82,48.53,25.74,1.47,2.94,2.94,2.94,6.62
9000008669,2025-05-21 18:00,0.785278,20,20,41,55,47,102,90,41,131,38,43,81,49.0,3.88,38.83,36.89,3.88,1.94,2.91,3.88,7.77
9000008669,2025-05-21 19:00,0.792778,8,18,25,63,51,113,73,48,121,16,19,35,31.0,13.54,43.75,27.08,3.12,2.08,0.0,4.17,6.25
9000008669,2025-05-21 20:00,0.535833,17,6,23,72,31,103,35,43,78,19,6,25,29.5,28.57,33.33,21.43,4.76,2.38,2.38,0.0,7.14
9000008669,2025-05-22 05:00,0.298889,2,0,2,0,4,4,7,2,9,0,7,7,24.0,0.0,33.33,66.67,0.0,0.0,0.0,0.0,0.0
9000008669,2025-05-22 06:00,0.642778,3,7,10,1,17,19,24,23,47,9,12,21,39.5,0.0,36.67,46.67,3.33,0.0,0.0,0.0,13.33
9000008669,2025-05-22 07:00,0.791667,1,28,29,9,30,39,105,63,169,34,18,52,33.5,1.49,38.81,41.79,2.99,1.49,2.99,1.49,8.21
9000008669,2025-05-22 08:00,0.751389,6,12,18,23,66,89,145,51,196,25,13,38,30.0,8.84,36.05,39.46,7.48,0.68,2.04,0.0,4.76
9000008669,2025-05-22 09:00,0.683333,7,7,14,47,48,94,113,42,155,39,9,48,32.0,22.64,34.91,25.47,4.72,0.0,1.89,3.77,6.6
9000008669,2025-05-22 10:00,0.691111,0,1,1,30,39,69,72,47,118,14,33,48,28.0,29.27,36.59,19.51,4.88,2.44,0.0,2.44,3.66
9000008669,2025-05-22 11:00,0.777222,10,6,17,18,35,53,96,67,164,20,29,49,44.0,9.45,39.37,29.92,6.3,0.79,1.57,3.94,9.45
9000008669,2025-05-22 12:00,0.770278,13,6,19,29,47,75,106,72,178,27,25,52,28.0,16.79,48.18,23.36,3.65,1.46,1.46,2.19,2.92
9000008669,2025-05-22 13:00,0.748611,3,3,5,20,47,67,60,67,127,28,29,57,27.5,29.47,37.89,20.0,3.16,3.16,2.11,3.16,1.05
9000008669,2025-05-22 14:00,0.716389,13,7,20,61,97,158,106,46,152,29,15,45,30.0,16.51,44.95,23.85,6.42,0.92,1.83,1.83,3.67
9000008669,2025-05-22 15:00,0.735,12,5,18,100,96,196,115,8,123,10,1,11,33.0,26.67,42.22,15.56,3.33,5.56,1.11,1.11,5.56
9000008669,2025-05-22 16:00,0.737778,5,10,15,53,45,97,124,18,142,3,4,7,27.0,20.95,49.52,17.14,3.81,0.0,1.9,1.9,4.76
9000008669,2025-05-22 17:00,0.765,18,7,25,61,39,100,133,11,143,8,3,10,30.5,10.0,50.91,23.64,6.36,0.91,1.82,0.91,5.45
9000008669,2025-05-22 18:00,0.767222,23,13,36,60,38,98,88,13,102,4,3,6,26.5,11.54,48.72,32.05,1.28,1.28,0.0,1.28,3.85
9000008669,2025-05-22 19:00,0.786389,15,13,28,43,32,75,87,24,111,4,6,10,28.0,6.9,48.28,34.48,3.45,0.0,1.15,0.0,5.75
9000008669,2025-05-22 20:00,0.720556,12,8,20,30,56,85,67,65,132,6,4,10,42.5,11.58,48.42,20.0,4.21,3.16,5.26,2.11,7.37
9000008669,2025-05-23 05:00,0.289722,6,0,6,3,14,17,3,28,31,0,3,3,41.5,0.0,66.67,22.22,0.0,22.22,0.0,0.0,0.0
9000008669,2025-05-23 06:00,0.465278,0,8,8,1,11,12,17,12,29,9,4,13,32.0,7.14,57.14,21.43,14.29,0.0,0.0,0.0,7.14
9000008669,2025-05-23 07:00,0.713333,10,15,25,11,42,53,127,49,176,17,17,34,34.5,4.8,32.8,42.4,9.6,3.2,0.0,3.2,4.0
9000008669,2025-05-23 08:00,0.720556,5,10,15,35,31,66,115,42,157,33,21,54,29.5,19.47,24.78,43.36,6.19,0.88,0.0,3.54,2.65
9000008669,2025-05-23 09:00,0.669167,3,2,4,44,20,63,91,35,126,45,18,63,32.0,17.86,34.52,29.76,7.14,3.57,0.0,2.38,4.76
9000008669,2025-05-23 10:00,0.714444,1,3,4,8,24,32,49,25,74,15,39,54,26.5,35.85,28.3,26.42,3.77,0.0,0.0,0.0,5.66
9000008669,2025-05-23 11:00,0.715278,3,6,8,22,41,62,71,50,120,29,40,69,29.0,26.74,39.53,20.93,4.65,0.0,1.16,2.33,5.81
9000008669,2025-05-23 12:00,0.7525,5,3,8,24,57,81,92,67,159,28,28,56,42.0,30.25,31.09,19.33,3.36,4.2,2.52,0.84,8.4
9000008669,2025-05-23 13:00,0.724167,3,3,5,26,25,50,73,66,138,30,54,84,32.5,13.0,50.0,21.0,4.0,3.0,7.0,1.0,1.0
9000008669,2025-05-23 14:00,0.755278,7,3,9,63,132,195,140,37,177,24,9,33,28.5,27.07,35.34,25.56,7.52,0.0,0.75,3.01,1.5
9000008669,2025-05-23 15:00,0.722778,0,3,3,51,93,144,82,28,110,26,7,33,44.5,32.5,32.5,13.75,3.75,6.25,1.25,3.75,6.25
9000008669,2025-05-23 16:00,0.726111,10,7,17,67,99,167,93,23,117,14,10,23,38.0,17.65,29.41,34.12,4.71,4.71,4.71,2.35,2.35
9000008669,2025-05-23 17:00,0.763611,20,14,34,53,103,156,149,48,198,13,4,17,48.0,9.27,38.41,30.46,3.97,5.3,4.64,2.65,5.96
9000008669,2025-05-23 18:00,0.783056,14,13,27,57,96,153,154,33,188,10,0,10,39.5,10.2,32.65,31.29,10.88,2.04,4.76,3.4,4.76
9000008669,2025-05-23 19:00,0.786667,10,15,25,47,71,118,94,35,129,8,1,9,36.5,12.75,45.1,24.51,4.9,2.94,1.96,2.94,4.9
9000008669,2025-05-23 20:00,0.586111,24,14,37,41,31,72,89,68,157,12,12,24,43.0,6.52,50.0,23.91,3.26,2.17,2.17,4.35,7.61
9000008669,2025-05-24 05:00,0.085833,0,6,6,0,12,12,6,6,12,95,0,95,123.5,0.0,0.0,0.0,0.0,0.0,0.0,0.0,0.0
9000008669,2025-05-24 06:00,0.601667,0,2,2,0,8,8,9,12,20,4,6,10,25.0,8.33,58.33,25.0,0.0,0.0,0.0,8.33,0.0
9000008669,2025-05-24 07:00,0.800833,2,4,6,6,10,16,12,11,24,1,4,5,56.0,0.0,31.58,42.11,10.53,0.0,5.26,5.26,5.26
9000008669,2025-05-24 08:00,0.748889,9,3,12,4,16,20,26,29,55,0,4,4,57.5,4.88,41.46,26.83,2.44,2.44,9.76,2.44,9.76
9000008669,2025-05-24 09:00,0.683889,3,5,7,12,23,35,39,34,73,6,2,7,33.5,18.0,36.0,30.0,6.0,0.0,2.0,6.0,4.0
9000008669,2025-05-24 10:00,0.730556,4,11,15,32,43,75,53,33,86,16,7,23,32.5,19.05,25.4,36.51,7.94,1.59,0.0,3.17,6.35
9000008669,2025-05-24 11:00,0.718611,17,8,25,45,35,80,42,27,69,22,14,36,33.5,14.29,36.73,32.65,8.16,0.0,2.04,2.04,4.08
9000008669,2025-05-24 12:00,0.711667,13,6,18,36,39,75,46,46,92,18,10,28,29.0,33.33,40.91,12.12,6.06,1.52,4.55,0.0,1.52
9000008669,2025-05-24 13:00,0.681111,9,4,13,42,53,95,78,30,108,40,31,71,27.5,27.4,34.25,28.77,4.11,4.11,0.0,0.0,1.37
9000008669,2025-05-24 14:00,0.701111,10,7,17,82,103,184,126,57,183,18,6,24,26.5,28.91,39.06,24.22,3.91,1.56,0.78,0.78,1.56
9000008669,2025-05-24 15:00,0.715556,4,6,10,78,92,170,101,50,151,22,24,46,38.0,16.67,34.26,32.41,2.78,1.85,0.93,3.7,8.33
9000008669,2025-05-24 16:00,0.7275,15,14,29,100,109,209,158,65,223,19,15,34,36.5,23.46,41.36,17.9,4.32,3.7,3.09,0.62,5.56
9000008669,2025-05-24 17:00,0.759722,18,16,34,63,70,133,190,104,294,22,24,46,25.0,18.83,50.67,21.52,2.24,0.45,2.24,0.45,3.59
9000008669,2025-05-24 18:00,0.781944,17,18,34,52,55,107,203,79,283,27,14,41,28.5,11.31,45.7,31.22,1.36,1.36,1.81,2.26,4.98
9000008669,2025-05-24 19:00,0.776389,15,21,36,34,61,94,189,107,296,22,26,48,26.0,17.39,47.39,26.09,2.17,2.17,0.87,0.87,3.04
9000008669,2025-05-24 20:00,0.580556,11,11,22,30,65,95,109,148,257,7,16,23,26.0,18.79,44.97,22.82,2.01,2.68,0.67,2.68,6.71
9000008669,2025-05-25 05:00,0.293889,6,0,6,0,0,0,11,4,15,0,2,2,96.5,0.0,25.0,50.0,25.0,0.0,0.0,0.0,25.0
9000008669,2025-05-25 06:00,0.531111,4,1,5,0,3,3,12,14,27,3,1,4,70.0,0.0,50.0,14.29,7.14,0.0,7.14,7.14,14.29
9000008669,2025-05-25 07:00,0.794167,4,4,8,0,6,6,11,11,23,0,2,2,61.5,5.56,38.89,22.22,5.56,0.0,11.11,5.56,11.11
9000008669,2025-05-25 08:00,0.788056,5,1,6,1,9,10,13,19,32,2,5,7,56.0,20.0,32.0,24.0,4.0,4.0,4.0,4.0,8.0
9000008669,2025-05-25 09:00,0.794444,6,8,14,11,16,28,30,19,49,8,3,10,60.5,2.56,46.15,30.77,0.0,2.56,2.56,5.13,10.26
9000008669,2025-05-25 10:00,0.778333,19,14,34,12,27,39,44,41,85,5,1,6,75.5,4.55,37.88,30.3,1.52,3.03,3.03,4.55,15.15
9000008669,2025-05-25 11:00,0.7925,15,15,30,21,34,55,43,38,80,5,6,11,55.5,12.5,43.75,21.88,1.56,3.12,7.81,4.69,4.69
9000008669,2025-05-25 12:00,0.785556,19,24,43,24,72,96,61,36,97,5,5,10,34.5,2.63,42.11,36.84,6.58,1.32,3.95,0.0,6.58
9000008669,2025-05-25 13:00,0.775556,12,15,27,24,66,91,100,41,141,15,9,25,31.5,6.36,37.27,40.0,5.45,2.73,2.73,1.82,3.64
9000008669,2025-05-25 14:00,0.781667,10,19,30,32,68,100,103,74,177,7,5,12,30.5,8.7,39.13,36.96,5.07,0.72,0.72,2.17,6.52
9000008669,2025-05-25 15:00,0.774444,8,9,17,58,66,124,89,28,118,10,4,14,28.5,10.99,32.97,46.15,4.4,1.1,0.0,2.2,2.2
9000008669,2025-05-25 16:00,0.775556,18,18,36,36,69,105,109,41,150,10,3,13,29.5,4.27,38.46,43.59,5.98,0.0,2.56,2.56,2.56
9000008669,2025-05-25 17:00,0.771111,10,14,25,56,67,123,78,48,126,9,1,10,34.5,10.31,35.05,36.08,6.19,1.03,2.06,3.09,6.19
9000008669,2025-05-25 18:00,0.770833,14,10,25,53,69,122,70,43,113,3,5,8,44.5,10.34,34.48,29.89,9.2,2.3,4.6,1.15,8.05
9000008669,2025-05-25 19:00,0.663889,13,10,23,35,72,107,51,40,91,4,1,5,41.0,21.67,26.67,28.33,6.67,5.0,1.67,5.0,6.67
9000008669,2025-05-25 20:00,0.449722,13,4,18,13,53,67,67,50,117,6,2,7,25.5,5.66,54.72,28.3,1.89,0.0,1.89,0.0,7.55
9000008669,2025-05-26 05:00,0.255556,0,3,3,0,24,24,23,29,52,0,4,4,31.0,7.69,46.15,30.77,7.69,0.0,0.0,7.69,0.0
9000008669,2025-05-26 06:00,0.266944,11,0,11,4,20,24,31,17,49,6,4,10,28.0,0.0,38.46,61.54,0.0,0.0,0.0,0.0,7.69
9000008669,2025-05-26 07:00,0.775833,8,26,34,12,30,41,118,38,157,10,9,20,28.5,9.84,37.7,43.44,3.28,0.82,0.82,0.0,4.1
9000008669,2025-05-26 08:00,0.7725,17,15,32,47,55,102,153,64,218,15,5,21,30.0,8.93,36.9,39.29,5.95,0.6,2.38,1.79,4.17
9000008669,2025-05-26 09:00,0.704167,7,13,20,78,58,136,137,37,173,27,1,28,34.0,17.21,30.33,31.15,9.02,1.64,4.1,1.64,4.92
9000008669,2025-05-26 10:00,0.664444,7,3,10,33,44,76,85,38,123,12,8,20,30.0,29.27,29.27,26.83,3.66,2.44,2.44,1.22,4.88
9000008669,2025-05-26 11:00,0.6925,10,10,20,56,70,126,114,39,153,29,9,38,29.0,17.92,43.4,26.42,4.72,0.94,2.83,0.0,3.77
9000008669,2025-05-26 12:00,0.763056,22,17,39,58,70,128,93,69,162,18,14,33,51.0,14.63,42.28,21.14,3.25,4.07,4.07,4.88,6.5
9000008669,2025-05-26 13:00,0.6975,11,11,23,34,59,93,69,59,128,21,13,34,28.5,19.1,42.7,26.97,5.62,4.49,1.12,0.0,1.12
9000008669,2025-05-26 14:00,0.691111,6,6,12,91,82,173,78,49,128,15,12,26,28.0,31.82,37.5,18.18,5.68,1.14,1.14,2.27,2.27
9000008669,2025-05-26 15:00,0.740556,4,9,13,85,113,198,140,89,229,22,12,34,27.5,27.06,40.59,22.35,5.29,1.76,0.0,1.76,1.18
9000008669,2025-05-26 16:00,0.761389,16,17,33,102,111,213,138,71,209,8,7,15,34.0,18.87,39.62,23.9,4.4,1.26,2.52,1.26,8.18
9000008669,2025-05-26 17:00,0.772778,15,18,33,75,109,184,121,68,189,17,1,18,38.5,13.7,37.67,28.77,6.16,2.74,2.74,1.37,7.53
9000008669,2025-05-26 18:00,0.765278,39,13,52,62,55,117,104,53,158,6,4,10,51.5,17.36,35.54,24.79,4.13,2.48,3.31,1.65,10.74
9000008669,2025-05-26 19:00,0.783056,14,14,28,45,57,102,81,74,155,9,3,11,42.0,19.01,47.93,13.22,4.13,3.31,1.65,0.83,9.92
9000008669,2025-05-26 20:00,0.700278,16,16,32,34,48,82,88,48,136,3,3,5,51.5,8.42,45.26,22.11,4.21,4.21,8.42,3.16,6.32
9000008669,2025-05-27 05:00,0.382222,3,5,8,0,7,7,6,17,23,0,7,7,76.0,0.0,22.22,66.67,0.0,0.0,0.0,0.0,22.22
9000008669,2025-05-27 06:00,0.390833,5,10,15,3,27,30,23,16,39,6,7,12,34.5,6.67,46.67,33.33,6.67,6.67,6.67,0.0,0.0
9000008669,2025-05-27 07:00,0.710278,6,23,28,19,60,78,115,40,156,15,10,25,44.5,0.9,27.03,46.85,9.91,2.7,0.0,2.7,10.81
9000008669,2025-05-27 08:00,0.753056,8,15,23,39,73,113,164,55,220,18,5,24,33.5,9.04,34.34,39.16,6.63,1.81,4.22,1.2,4.22
9000008669,2025-05-27 09:00,0.781944,6,22,28,29,67,96,178,56,234,32,12,44,29.0,12.02,34.43,41.53,3.83,1.09,0.0,1.64,5.46
9000008669,2025-05-27 10:00,0.775,14,12,26,31,71,102,114,58,172,17,5,22,41.0,6.02,39.1,33.83,6.02,3.01,5.26,2.26,5.26
9000008669,2025-05-27 11:00,0.749444,8,12,20,53,58,112,102,65,167,19,9,28,32.5,16.0,39.2,28.0,6.4,1.6,0.0,3.2,6.4
9000008669,2025-05-27 12:00,0.701944,9,10,18,29,39,67,73,41,114,19,16,34,26.0,15.0,45.0,31.25,2.5,1.25,1.25,3.75,1.25
9000008669,2025-05-27 13:00,0.718333,7,12,19,28,46,74,66,60,125,11,11,22,32.5,28.89,33.33,21.11,4.44,4.44,1.11,2.22,4.44
9000008669,2025-05-27 14:00,0.718056,8,4,12,68,99,167,93,53,146,24,11,35,33.5,30.48,33.33,19.05,3.81,0.0,3.81,6.67,2.86
9000008669,2025-05-27 15:00,0.757778,18,11,29,73,138,211,131,85,216,16,5,21,30.0,21.34,39.02,25.0,5.49,0.61,3.05,1.22,4.27
9000008669,2025-05-27 16:00,0.742778,13,17,31,84,73,156,101,54,155,16,19,35,33.0,22.61,36.52,23.48,4.35,4.35,0.0,0.87,7.83
9000008669,2025-05-27 17:00,0.7725,14,17,31,36,93,129,103,54,158,10,3,13,34.5,22.13,32.79,26.23,4.92,0.0,3.28,1.64,9.02
9000008669,2025-05-27 18:00,0.7725,27,23,50,61,90,150,95,51,145,10,1,12,51.5,11.61,33.93,27.68,9.82,1.79,1.79,1.79,11.61
9000008669,2025-05-27 19:00,0.786944,19,20,39,37,51,87,87,74,161,10,5,15,34.0,14.96,42.52,24.41,6.3,1.57,2.36,2.36,5.51
9000008669,2025-05-27 20:00,0.334444,9,2,10,62,30,91,74,54,128,0,3,3,67.5,16.28,34.88,11.63,4.65,4.65,4.65,11.63,9.3
9000008669,2025-05-28 05:00,0.183611,6,6,13,0,0,0,0,0,0,0,10,10,,0.0,0.0,0.0,0.0,0.0,0.0,0.0,0.0
9000008669,2025-05-28 06:00,0.356667,6,13,19,7,37,44,13,18,31,8,6,14,27.5,9.09,27.27,54.55,0.0,0.0,0.0,0.0,0.0
9000008669,2025-05-28 07:00,0.646667,4,29,33,28,55,83,101,42,143,11,2,13,41.5,5.38,21.51,48.39,8.6,4.3,5.38,1.08,5.38
9000008669,2025-05-28 08:00,0.777778,11,19,31,28,41,69,109,72,181,34,28,62,34.5,17.73,36.88,27.66,4.26,2.13,1.42,1.42,8.51
9000008669,2025-05-28 09:00,0.769444,8,13,21,34,44,79,157,66,223,52,31,83,29.5,8.14,45.35,32.56,4.65,2.33,1.16,1.16,4.07
9000008669,2025-05-28 10:00,0.780556,9,15,24,26,33,59,128,63,191,65,36,101,33.5,17.45,40.27,24.83,4.7,2.01,3.36,1.34,6.04
9000008669,2025-05-28 11:00,0.716944,3,8,11,29,24,53,117,69,185,44,32,76,24.5,18.8,48.87,22.56,1.5,2.26,2.26,0.75,2.26
9000008669,2025-05-28 12:00,0.733889,8,4,12,34,41,75,82,48,130,33,28,60,34.5,30.53,29.47,22.11,5.26,1.05,4.21,2.11,5.26
9000008669,2025-05-28 13:00,0.736111,13,15,28,22,34,55,91,77,169,41,43,85,32.0,28.23,37.9,18.55,2.42,2.42,3.23,2.42,5.65
9000008669,2025-05-28 14:00,0.746389,16,7,23,39,75,114,115,111,226,32,53,86,23.5,24.85,51.48,15.98,1.78,0.0,0.0,1.78,4.14
9000008669,2025-05-28 15:00,0.669444,8,18,26,40,53,93,106,77,182,47,52,99,27.5,22.13,43.44,20.49,2.46,4.1,0.82,2.46,4.1
9000008669,2025-05-28 16:00,0.755833,24,15,38,56,98,154,126,74,200,38,32,70,31.0,15.23,46.36,23.18,1.32,3.31,3.31,2.65,4.64
9000008669,2025-05-28 17:00,0.737222,18,16,34,49,41,90,111,83,193,19,17,36,34.5,19.01,36.62,26.06,5.63,2.82,1.41,3.52,5.63
9000008669,2025-05-28 18:00,0.768333,28,27,56,52,37,89,152,103,255,19,33,52,47.0,10.2,45.92,19.39,7.14,4.08,4.08,1.02,8.16
9000008669,2025-05-28 19:00,0.779444,20,19,39,46,38,84,101,63,164,14,13,27,32.0,17.19,46.09,21.09,3.91,0.78,4.69,1.56,5.47
9000008669,2025-05-28 20:00,0.785,28,15,43,19,29,48,73,57,130,14,20,34,69.5,6.86,43.14,26.47,1.96,0.0,1.96,4.9,14.71
9000008669,2025-05-28 21:00,0.017778,56,0,56,0,0,0,56,0,56,0,0,0,109.0,0.0,0.0,0.0,0.0,0.0,0.0,0.0,100.0
9000008669,2025-05-29 05:00,0.336111,0,0,0,0,0,0,9,2,10,0,0,0,27.5,25.0,25.0,50.0,0.0,0.0,0.0,0.0,0.0
9000008669,2025-05-29 06:00,0.793333,1,5,6,3,10,13,11,8,19,0,4,4,34.0,26.67,26.67,26.67,13.33,0.0,6.67,0.0,0.0
9000008669,2025-05-29 07:00,0.578611,2,8,10,0,0,0,23,7,30,0,2,2,25.0,22.22,22.22,44.44,0.0,0.0,0.0,5.56,5.56
9000008669,2025-05-29 08:00,0.696667,3,4,7,7,13,20,22,4,26,4,3,7,67.0,16.67,33.33,33.33,0.0,0.0,0.0,5.56,11.11
9000008669,2025-05-29 09:00,0.607778,2,3,5,13,18,32,10,13,23,6,8,14,20.0,50.0,35.71,7.14,0.0,0.0,7.14,0.0,0.0
9000008669,2025-05-29 10:00,0.66,5,6,11,21,23,44,24,6,30,0,6,6,35.0,25.0,45.0,10.0,5.0,0.0,5.0,0.0,10.0
9000008669,2025-05-29 11:00,0.697222,1,6,7,23,25,47,33,41,74,10,9,19,63.5,21.15,32.69,19.23,0.0,5.77,1.92,7.69,11.54
9000008669,2025-05-29 12:00,0.726667,7,7,14,17,36,53,54,51,104,8,20,28,29.0,32.89,30.26,22.37,1.32,6.58,3.95,0.0,2.63
9000008669,2025-05-29 13:00,0.689444,1,0,1,32,42,75,38,39,77,9,10,19,28.5,32.08,37.74,18.87,3.77,1.89,1.89,0.0,3.77
9000008669,2025-05-29 14:00,0.721667,10,5,15,36,41,77,46,32,78,8,0,8,34.0,21.43,30.36,30.36,5.36,3.57,0.0,3.57,5.36
9000008669,2025-05-29 15:00,0.737778,5,7,12,26,50,76,53,26,79,8,11,19,41.5,18.97,41.38,18.97,5.17,1.72,1.72,0.0,12.07
9000008669,2025-05-29 16:00,0.759722,7,9,16,31,54,85,53,21,74,7,8,15,34.0,14.29,42.86,25.0,5.36,0.0,0.0,0.0,12.5
9000008669,2025-05-29 17:00,0.753611,18,25,44,29,65,94,77,52,129,8,7,15,29.0,13.4,41.24,32.99,5.15,2.06,1.03,1.03,3.09
9000008669,2025-05-29 18:00,0.782778,12,15,27,21,46,67,88,65,153,13,15,28,28.5,10.0,50.0,28.33,3.33,0.83,2.5,0.83,4.17
9000008669,2025-05-29 19:00,0.791389,13,11,24,37,26,63,67,51,118,8,14,22,42.5,12.9,45.16,20.43,5.38,3.23,3.23,2.15,7.53
9000008669,2025-05-29 20:00,0.593056,5,4,9,30,30,60,60,46,106,11,5,15,29.0,4.76,53.97,28.57,0.0,1.59,3.17,1.59,7.94
9000008669,2025-05-29 21:00,0.081667,0,12,12,24,24,49,61,0,61,0,0,0,21.0,0.0,80.0,20.0,0.0,0.0,0.0,0.0,0.0
9000008669,2025-05-30 05:00,0.243056,0,0,0,0,5,5,5,20,25,0,0,0,92.5,0.0,33.33,16.67,0.0,0.0,0.0,0.0,33.33
9000008669,2025-05-30 06:00,0.558056,4,1,5,2,6,8,23,5,28,7,13,20,87.0,6.25,18.75,43.75,0.0,0.0,0.0,12.5,18.75
9000008669,2025-05-30 07:00,0.725833,6,4,10,6,15,20,29,24,53,11,16,27,71.0,0.0,36.84,23.68,13.16,2.63,5.26,0.0,15.79
9000008669,2025-05-30 08:00,0.788889,6,9,15,13,20,33,57,41,98,17,13,29,42.5,7.79,38.96,31.17,6.49,2.6,0.0,2.6,10.39
9000008669,2025-05-30 09:00,0.784167,9,13,22,10,31,41,76,61,137,15,9,24,30.0,8.33,45.37,31.48,2.78,1.85,2.78,1.85,5.56
9000008669,2025-05-30 10:00,0.776667,13,9,22,28,44,72,82,52,134,23,18,41,28.0,15.38,41.35,31.73,4.81,1.92,0.96,0.96,2.88
9000008669,2025-05-30 11:00,0.733056,4,8,12,23,21,44,46,26,72,19,23,42,28.5,9.43,52.83,26.42,3.77,0.0,0.0,3.77,3.77
9000008669,2025-05-30 12:00,0.7325,4,4,8,22,25,46,52,55,107,24,27,51,26.5,21.52,49.37,20.25,1.27,1.27,1.27,1.27,3.8
9000008669,2025-05-30 13:00,0.77,3,10,13,43,38,81,115,72,187,25,27,51,28.0,29.17,32.64,26.39,4.17,1.39,1.39,1.39,3.47
9000008669,2025-05-30 14:00,0.721944,8,5,14,56,41,97,78,37,115,37,33,70,30.5,22.89,36.14,26.51,6.02,1.2,4.82,0.0,3.61
9000008669,2025-05-30 15:00,0.729444,1,3,4,51,64,115,70,49,119,22,15,37,34.5,28.74,28.74,25.29,4.6,0.0,1.15,5.75,5.75
9000008669,2025-05-30 16:00,0.736944,4,9,13,34,80,115,112,40,152,20,8,28,39.0,25.89,35.71,18.75,5.36,1.79,2.68,3.57,6.25
9000008669,2025-05-30 17:00,0.739444,14,3,16,65,92,157,112,51,164,3,12,15,30.0,28.1,40.5,16.53,5.79,2.48,0.0,2.48,4.13
9000008669,2025-05-30 18:00,0.739722,8,10,18,67,72,139,111,52,163,15,3,17,36.5,35.83,31.67,13.33,5.83,1.67,2.5,4.17,5.0
9000008669,2025-05-30 19:00,0.772778,18,8,26,40,80,121,83,48,131,16,5,21,30.0,18.81,48.51,17.82,3.96,0.99,1.98,0.99,6.93
9000008669,2025-05-30 20:00,0.726944,17,10,27,39,60,99,78,39,117,7,11,18,38.5,8.24,43.53,23.53,10.59,1.18,0.0,2.35,9.41
9000008669,2025-05-31 05:00,0.342778,2,2,4,6,5,11,14,2,16,0,8,8,39.5,0.0,33.33,33.33,16.67,0.0,16.67,0.0,0.0
9000008669,2025-05-31 06:00,0.529444,3,1,4,2,10,12,10,11,21,0,4,4,34.0,18.18,54.55,9.09,9.09,0.0,0.0,0.0,9.09
9000008669,2025-05-31 07:00,0.8125,0,1,1,4,9,12,10,10,20,5,4,9,68.0,6.25,37.5,37.5,0.0,0.0,0.0,6.25,12.5
9000008669,2025-05-31 08:00,0.766944,4,1,5,14,11,25,18,18,37,8,1,9,84.0,17.86,39.29,10.71,7.14,3.57,0.0,3.57,17.86
9000008669,2025-05-31 09:00,0.721111,8,5,14,15,43,58,45,20,65,11,6,17,48.5,12.77,38.3,21.28,12.77,2.13,6.38,6.38,2.13
9000008669,2025-05-31 10:00,0.758056,3,8,10,21,37,59,38,44,83,11,11,21,47.5,28.57,25.4,23.81,6.35,3.17,0.0,1.59,11.11
9000008669,2025-05-31 11:00,0.754722,8,3,10,9,54,64,93,36,129,23,23,45,31.0,18.37,35.71,29.59,7.14,0.0,0.0,0.0,9.18
9000008669,2025-05-31 12:00,0.743056,3,5,8,15,37,52,71,28,100,22,32,54,31.0,22.97,28.38,32.43,10.81,1.35,1.35,1.35,1.35
9000008669,2025-05-31 13:00,0.74,8,1,9,24,55,79,126,87,213,26,19,45,27.0,18.47,49.04,21.66,4.46,0.0,0.64,0.64,5.1
9000008669,2025-05-31 14:00,0.735556,3,4,7,46,54,100,88,35,124,15,12,27,34.0,26.37,38.46,17.58,6.59,1.1,5.49,2.2,2.2
9000008669,2025-05-31 15:00,0.736111,8,3,11,88,96,185,89,22,110,17,7,23,36.5,17.28,32.1,29.63,8.64,1.23,1.23,2.47,7.41
9000008669,2025-05-31 16:00,0.765833,4,7,10,75,105,180,92,29,121,7,0,7,33.5,25.81,29.03,26.88,6.45,2.15,3.23,1.08,4.3
9000008669,2025-05-31 17:00,0.777778,9,11,21,44,139,183,101,53,155,13,15,28,39.5,12.5,44.17,24.17,4.17,0.83,4.17,1.67,8.33
9000008669,2025-05-31 18:00,0.787778,13,14,26,35,65,101,117,57,174,5,8,13,39.0,1.46,41.61,36.5,5.84,2.19,2.19,1.46,8.76
9000008669,2025-05-31 19:00,0.789167,17,10,27,24,66,90,104,32,135,15,9,24,29.0,6.54,38.32,43.93,5.61,1.87,1.87,0.93,0.93
9000008669,2025-05-31 20:00,0.784722,6,16,23,33,52,85,99,65,164,5,5,10,29.5,10.08,48.84,27.91,4.65,0.78,0.0,2.33,5.43
9000008669,2025-05-31 21:00,0.079167,38,0,38,38,88,126,114,25,139,0,0,0,31.0,0.0,54.55,27.27,18.18,0.0,0.0,0.0,0.0
9000008669,2025-06-01 05:00,0.468889,0,4,4,2,0,2,8,8,15,0,2,2,20.0,0.0,85.71,14.29,0.0,0.0,0.0,0.0,0.0
9000008669,2025-06-01 06:00,0.625556,0,3,3,0,2,2,6,13,19,1,3,4,30.0,16.67,41.67,33.33,16.67,0.0,0.0,0.0,0.0
9000008669,2025-06-01 07:00,0.795556,3,1,4,3,4,6,6,15,21,3,1,4,67.0,0.0,52.94,23.53,0.0,5.88,0.0,5.88,11.76
9000008669,2025-06-01 08:00,0.798611,2,3,5,1,8,9,10,9,19,2,1,4,78.5,13.33,26.67,26.67,6.67,6.67,0.0,0.0,20.0
9000008669,2025-06-01 09:00,0.771944,4,4,8,5,23,29,32,15,47,4,1,5,62.0,2.78,33.33,36.11,8.33,5.56,0.0,5.56,11.11
9000008669,2025-06-01 10:00,0.765833,3,4,6,9,31,40,30,16,45,3,5,8,56.5,8.57,40.0,28.57,5.71,0.0,5.71,0.0,11.43
9000008669,2025-06-01 11:00,0.773056,7,9,16,15,27,43,56,22,78,3,3,5,31.0,5.0,38.33,40.0,8.33,1.67,0.0,3.33,3.33
9000008669,2025-06-01 12:00,0.773889,4,10,14,26,41,67,61,31,92,10,4,14,31.5,8.45,33.8,40.85,8.45,0.0,2.82,2.82,2.82
9000008669,2025-06-01 13:00,0.761944,5,4,9,34,65,99,127,63,189,20,17,37,26.5,18.06,35.42,38.19,2.78,1.39,0.69,0.0,2.78
9000008669,2025-06-01 14:00,0.75,5,4,9,84,56,139,216,35,251,32,3,35,28.5,7.98,34.04,46.28,7.98,1.6,0.0,0.0,2.13
9000008669,2025-06-01 15:00,0.763611,3,5,8,37,66,102,107,37,144,16,4,20,31.0,9.09,33.64,41.82,2.73,2.73,1.82,2.73,5.45
9000008669,2025-06-01 16:00,0.748889,8,9,17,28,43,71,65,48,113,8,14,22,32.5,10.59,36.47,35.29,7.06,2.35,1.18,2.35,4.71
9000008669,2025-06-01 17:00,0.790556,13,11,24,28,30,59,102,53,155,6,8,14,29.5,16.26,43.09,26.83,4.07,2.44,0.81,3.25,3.25
9000008669,2025-06-01 18:00,0.792222,10,18,28,32,21,53,91,61,152,2,4,6,29.5,7.5,40.83,37.5,3.33,1.67,2.5,1.67,5.0
9000008669,2025-06-01 19:00,0.787778,8,17,24,28,31,59,84,70,154,2,3,5,29.0,8.26,59.5,18.18,4.96,0.83,0.0,1.65,6.61
9000008669,2025-06-01 20:00,0.776389,14,9,23,23,27,50,64,63,127,3,1,4,23.5,22.22,52.53,15.15,1.01,1.01,0.0,4.04,4.04
9000008669,2025-06-01 21:00,0.165556,6,12,18,36,24,60,91,42,133,0,0,0,34.5,4.55,59.09,13.64,13.64,0.0,4.55,0.0,4.55
9000008669,2025-06-02 05:00,0.469167,3,0,3,3,4,6,7,14,20,0,2,2,25.0,0.0,70.0,30.0,0.0,0.0,0.0,0.0,0.0
9000008669,2025-06-02 06:00,0.776667,1,8,9,5,12,17,41,17,58,4,9,13,33.0,4.44,33.33,44.44,6.67,0.0,4.44,2.22,4.44
9000008669,2025-06-02 07:00,0.782222,3,17,19,14,33,47,115,58,172,23,11,34,31.0,1.48,34.07,48.15,7.41,1.48,2.22,0.0,5.19
9000008669,2025-06-02 08:00,0.786667,10,16,26,18,42,60,160,78,239,38,25,63,29.5,6.91,38.3,41.49,2.66,0.53,1.06,2.13,6.91
9000008669,2025-06-02 09:00,0.779722,13,6,19,32,32,64,186,74,260,59,18,77,29.0,12.81,40.89,33.99,3.94,0.49,1.97,0.99,4.93
9000008669,2025-06-02 10:00,0.750278,1,8,9,44,44,88,99,61,160,34,15,48,26.5,16.67,41.67,32.5,5.0,0.83,0.83,0.83,1.67
9000008669,2025-06-02 11:00,0.777222,9,4,13,27,50,77,116,81,196,37,31,68,30.0,18.95,41.18,24.84,4.58,1.31,0.65,1.31,7.19
9000008669,2025-06-02 12:00,0.770833,6,10,17,50,59,109,92,88,180,37,22,60,34.0,17.99,38.13,26.62,2.88,0.72,2.16,2.88,8.63
9000008669,2025-06-02 13:00,0.762778,12,4,16,42,62,104,73,101,174,29,27,56,24.5,27.82,46.62,17.29,2.26,1.5,0.75,2.26,1.5
9000008669,2025-06-02 14:00,0.77,3,4,6,44,56,100,150,97,247,30,37,67,27.0,20.0,41.05,28.42,2.63,0.0,0.0,2.11,6.32
9000008669,2025-06-02 15:00,0.747222,1,3,4,76,121,196,133,65,198,17,28,45,29.5,14.19,41.22,30.41,1.35,0.68,2.7,0.68,8.78
9000008669,2025-06-02 16:00,0.786944,11,6,18,63,149,212,142,43,185,24,4,28,31.5,9.59,41.1,32.88,5.48,0.68,2.74,2.74,4.79
9000008669,2025-06-02 17:00,0.762778,22,7,29,48,98,146,109,54,163,31,9,41,29.0,19.35,39.52,28.23,0.81,1.61,2.42,1.61,6.45
9000008669,2025-06-02 18:00,0.757222,17,9,26,54,46,100,116,53,169,8,7,15,29.0,14.84,42.97,28.91,3.91,1.56,1.56,1.56,4.69
9000008669,2025-06-02 19:00,0.796389,25,11,36,39,69,108,82,62,144,8,1,9,49.5,8.77,39.47,25.44,9.65,1.75,0.88,3.51,10.53
9000008669,2025-06-02 20:00,0.793611,15,10,25,19,28,47,63,19,82,5,0,5,33.5,4.62,41.54,35.38,9.23,0.0,0.0,0.0,9.23
9000008669,2025-06-02 21:00,0.128889,12,0,12,8,8,16,31,20,51,0,0,0,35.0,14.29,14.29,57.14,14.29,14.29,0.0,0.0,14.29
9000008669,2025-06-03 04:00,0.015278,0,0,0,0,0,0,0,0,0,0,0,0,,0.0,0.0,0.0,0.0,0.0,0.0,0.0,0.0
9000008669,2025-06-03 05:00,0.558611,0,8,8,4,6,10,10,8,18,2,1,4,40.0,0.0,20.0,50.0,30.0,0.0,0.0,0.0,10.0
9000008669,2025-06-03 06:00,0.718611,2,10,12,3,15,19,19,12,31,11,4,15,60.0,0.0,31.82,36.36,0.0,9.09,4.55,0.0,18.18
9000008669,2025-06-03 07:00,0.792778,4,21,25,10,39,49,92,40,132,26,15,42,61.5,12.38,21.9,42.86,5.71,1.9,0.0,3.81,11.43
9000008669,2025-06-03 08:00,0.731944,4,11,15,34,41,76,140,51,190,38,19,57,37.0,12.95,30.22,38.13,5.04,2.16,0.0,2.88,8.63
9000008669,2025-06-03 09:00,0.710556,3,6,8,86,84,170,98,45,143,56,11,68,34.5,27.45,31.37,24.51,5.88,0.98,2.94,1.96,4.9
9000008669,2025-06-03 10:00,0.750833,3,4,7,31,65,95,95,73,168,33,15,48,37.5,25.4,37.3,18.25,4.76,3.17,1.59,3.17,6.35
9000008669,2025-06-03 11:00,0.752222,3,1,4,19,46,65,132,106,238,37,40,77,29.5,11.17,58.66,15.64,2.23,1.68,3.35,2.23,5.03
9000008669,2025-06-03 12:00,0.663889,0,3,3,25,12,37,51,37,88,31,34,65,53.5,13.79,43.1,18.97,5.17,1.72,6.9,3.45,8.62
9000008669,2025-06-03 13:00,0.707222,4,3,7,25,35,61,97,107,204,26,38,64,24.0,20.14,52.08,22.92,0.69,1.39,0.0,0.69,2.78
9000008669,2025-06-03 14:00,0.718333,4,3,7,39,45,84,75,57,132,25,53,78,25.5,17.89,50.53,22.11,3.16,1.05,0.0,1.05,4.21
9000008669,2025-06-03 15:00,0.724722,6,3,8,66,103,168,79,55,134,23,34,58,31.5,17.53,42.27,24.74,4.12,2.06,4.12,3.09,3.09
9000008669,2025-06-03 16:00,0.725278,11,4,15,69,107,177,104,58,162,22,22,43,26.5,13.56,49.15,26.27,4.24,0.0,2.54,1.69,2.54
9000008669,2025-06-03 17:00,0.778889,8,5,13,63,79,142,78,38,117,30,23,53,61.0,9.89,40.66,26.37,3.3,0.0,4.4,3.3,12.09
9000008669,2025-06-03 18:00,0.787778,9,11,20,54,68,121,94,44,138,41,36,77,48.5,13.76,34.86,31.19,4.59,0.92,2.75,1.83,10.09
9000008669,2025-06-03 19:00,0.789444,11,8,19,39,52,91,80,62,142,19,32,51,53.0,4.46,49.11,26.79,2.68,0.89,2.68,2.68,10.71
9000008669,2025-06-03 20:00,0.781111,17,0,17,35,36,70,55,50,105,14,19,33,69.5,7.32,45.12,26.83,1.22,0.0,1.22,3.66,14.63
9000008669,2025-06-03 21:00,0.029444,0,0,0,68,0,68,102,68,170,0,0,0,46.0,0.0,40.0,40.0,0.0,20.0,0.0,0.0,0.0
9000008669,2025-06-04 05:00,0.326389,0,0,0,0,5,5,17,4,21,0,0,0,61.0,0.0,71.43,14.29,0.0,0.0,0.0,14.29,0.0
9000008669,2025-06-04 06:00,0.458056,2,6,8,7,7,14,24,22,47,3,5,8,79.5,4.76,19.05,38.1,0.0,9.52,0.0,4.76,23.81
9000008669,2025-06-04 07:00,0.7975,4,9,12,6,35,41,112,54,166,23,20,43,34.0,15.91,25.0,38.64,8.33,1.52,1.52,0.76,9.09
9000008669,2025-06-04 08:00,0.749444,4,7,11,34,43,77,120,57,177,31,12,43,33.5,11.28,31.58,39.1,5.26,0.75,1.5,1.5,9.02
9000008669,2025-06-04 09:00,0.711944,4,4,8,76,84,160,144,37,181,41,18,59,28.0,11.63,45.74,32.56,3.88,0.78,0.78,1.55,3.1
9000008669,2025-06-04 10:00,0.764167,4,5,9,26,32,58,98,78,177,55,34,89,29.5,20.74,45.19,20.0,2.96,0.74,0.74,3.7,5.93
9000008669,2025-06-04 11:00,0.719444,4,7,11,33,54,88,65,48,113,23,33,57,59.5,9.88,45.68,19.75,3.7,1.23,4.94,1.23,13.58
9000008669,2025-06-04 12:00,0.771389,7,9,16,26,62,88,113,102,215,29,28,57,40.5,15.06,45.18,22.89,2.41,1.81,2.41,3.61,7.23
9000008669,2025-06-04 13:00,0.775556,8,12,19,25,68,93,115,86,202,30,55,85,25.0,15.38,48.72,26.92,1.92,0.64,2.56,0.0,3.85
9000008669,2025-06-04 14:00,0.766111,5,1,7,34,38,72,106,109,215,27,53,81,28.0,30.49,30.49,27.44,2.44,1.22,3.05,0.0,4.88
9000008669,2025-06-04 15:00,0.7525,8,1,9,54,87,141,149,101,251,24,18,43,31.0,20.11,38.62,25.4,6.35,1.59,1.59,1.59,4.76
9000008669,2025-06-04 16:00,0.760556,7,7,13,38,65,103,126,80,206,35,13,48,27.0,28.66,36.31,23.57,3.18,3.82,0.0,1.27,3.18
9000008669,2025-06-04 17:00,0.763056,13,9,22,58,51,109,144,97,241,13,8,21,32.5,27.17,38.04,19.02,4.35,1.09,1.09,1.09,8.15
9000008669,2025-06-04 18:00,0.783889,12,1,13,27,28,55,162,65,226,14,17,31,30.5,13.48,34.27,37.08,4.49,2.25,0.0,1.69,6.74
9000008669,2025-06-04 19:00,0.789444,9,7,16,27,37,63,116,81,197,8,5,13,30.0,12.82,37.82,34.62,3.85,0.64,1.92,3.21,5.13
9000008669,2025-06-04 20:00,0.794444,13,10,23,45,49,94,67,68,134,3,1,4,32.5,8.41,46.73,28.04,5.61,0.93,2.8,1.87,5.61
9000008669,2025-06-04 21:00,0.059167,17,0,17,17,34,51,85,68,152,0,0,0,58.0,22.22,33.33,11.11,11.11,0.0,11.11,0.0,11.11
9000008669,2025-06-05 05:00,0.359167,0,0,0,0,4,4,11,21,32,2,7,9,36.5,0.0,50.0,33.33,25.0,0.0,0.0,0.0,0.0
9000008669,2025-06-05 06:00,0.525278,5,13,18,4,12,15,32,21,53,5,8,13,29.0,3.57,60.71,25.0,10.71,0.0,3.57,0.0,0.0
9000008669,2025-06-05 07:00,0.779722,2,17,19,17,34,51,110,46,157,14,12,26,33.5,8.2,32.79,39.34,9.02,3.28,0.0,1.64,5.74
9000008669,2025-06-05 08:00,0.761667,3,14,17,28,54,82,170,54,223,30,12,42,29.5,11.76,29.41,45.88,7.06,1.76,0.0,0.59,3.53
9000008669,2025-06-05 09:00,0.710278,0,3,3,54,57,111,137,48,185,40,8,48,29.0,15.27,26.72,47.33,3.05,0.76,0.0,3.05,4.58
9000008669,2025-06-05 10:00,0.758056,7,0,7,52,68,121,106,58,164,24,8,32,29.5,12.1,37.1,37.9,2.42,2.42,1.61,2.42,4.03
9000008669,2025-06-05 11:00,0.750556,3,3,5,35,63,97,100,65,165,25,11,36,27.5,15.32,41.13,33.87,5.65,0.0,0.81,1.61,1.61
9000008669,2025-06-05 12:00,0.755833,3,1,4,59,73,132,108,71,179,21,8,29,34.0,20.0,34.07,24.44,8.15,3.7,0.74,1.48,7.41
9000008669,2025-06-05 13:00,0.741111,3,1,4,25,84,110,130,98,228,33,19,52,25.0,26.63,42.01,26.04,1.18,0.0,0.0,1.78,2.96
9000008669,2025-06-05 14:00,0.753889,3,8,11,64,64,127,138,61,199,29,28,57,26.5,26.0,44.67,20.0,2.67,1.33,2.0,0.67,2.67
9000008669,2025-06-05 15:00,0.731667,6,3,8,55,116,171,157,78,235,34,16,51,29.0,25.58,37.79,23.26,3.49,2.91,1.74,0.58,4.65
9000008669,2025-06-05 16:00,0.765,8,5,13,66,119,185,183,35,218,40,1,42,26.0,14.37,43.11,32.93,0.0,1.8,0.6,2.4,4.79
9000008669,2025-06-05 17:00,0.756111,17,7,24,45,79,125,81,57,138,26,18,44,29.5,11.54,51.92,23.08,2.88,0.96,1.92,3.85,4.81
9000008669,2025-06-05 18:00,0.764167,8,8,16,27,61,88,135,108,243,33,33,66,28.5,6.99,54.84,24.73,3.23,0.54,0.54,2.15,6.45
9000008669,2025-06-05 19:00,0.752222,8,9,17,44,46,90,101,97,197,15,26,41,32.0,14.77,44.3,24.83,2.68,1.34,4.03,0.67,6.71
9000008669,2025-06-05 20:00,0.256111,5,0,5,18,15,33,70,65,135,13,10,23,31.5,34.29,34.29,17.14,8.57,5.71,2.86,2.86,2.86
9000008669,2025-06-06 05:00,0.281944,0,0,0,0,25,25,21,23,43,4,4,8,73.5,0.0,8.33,50.0,8.33,0.0,0.0,0.0,25.0
9000008669,2025-06-06 06:00,0.438333,4,8,12,2,23,25,33,22,55,18,4,22,43.5,8.33,41.67,20.83,8.33,8.33,0.0,4.17,4.17
9000008669,2025-06-06 07:00,0.732778,1,12,13,8,41,48,78,41,119,14,7,21,29.5,12.64,35.63,37.93,2.3,0.0,4.6,2.3,4.6
9000008669,2025-06-06 08:00,0.728611,4,11,15,23,51,74,107,55,163,33,11,44,28.5,8.4,47.06,33.61,3.36,0.84,0.0,0.84,5.88
9000008669,2025-06-06 09:00,0.719444,1,7,9,33,51,84,87,55,142,24,23,46,24.0,25.49,41.18,23.53,2.94,0.98,0.98,0.98,3.92
9000008669,2025-06-06 10:00,0.730278,0,7,7,37,50,87,90,78,168,22,22,45,25.0,29.51,41.8,18.85,3.28,3.28,0.82,1.64,1.64
9000008669,2025-06-06 11:00,0.743056,3,5,8,23,34,56,71,86,157,34,23,57,28.0,23.93,47.01,15.38,5.13,0.85,0.85,3.42,3.42
9000008669,2025-06-06 12:00,0.7425,0,11,11,45,79,124,124,70,194,33,24,57,29.0,27.08,31.94,26.39,3.47,1.39,1.39,2.08,5.56
9000008669,2025-06-06 13:00,0.737222,5,1,7,36,53,89,96,114,209,28,36,65,32.0,29.87,34.42,20.78,1.95,0.0,2.6,3.25,7.79
9000008669,2025-06-06 14:00,0.714444,0,1,1,35,74,110,78,57,135,52,22,74,23.5,39.58,39.58,12.5,1.04,2.08,2.08,0.0,4.17
9000008669,2025-06-06 15:00,0.718611,1,3,4,50,83,134,106,59,164,46,31,77,27.0,41.53,32.2,14.41,2.54,0.0,0.85,5.08,3.39
9000008669,2025-06-06 16:00,0.734167,1,3,4,120,119,240,167,74,242,26,11,37,30.0,18.08,41.81,25.42,1.69,2.26,3.95,1.69,5.08
9000008669,2025-06-06 17:00,0.776389,5,6,12,62,78,139,164,48,211,58,12,70,26.0,17.07,46.95,25.61,1.22,2.44,1.22,1.22,4.27
9000008669,2025-06-06 18:00,0.781944,4,5,9,64,69,133,165,76,241,20,22,43,28.5,10.64,43.62,32.98,3.19,1.6,1.06,1.06,5.85
9000008669,2025-06-06 19:00,0.7825,8,3,10,13,75,88,97,61,159,19,11,31,32.5,10.48,45.97,26.61,7.26,0.0,4.03,0.81,4.84
9000008669,2025-06-06 20:00,0.788056,5,1,6,34,39,74,86,65,151,2,6,9,32.5,9.24,55.46,18.49,6.72,1.68,1.68,2.52,4.2
9000008669,2025-06-06 21:00,0.159444,13,0,13,25,38,63,69,44,113,6,6,13,22.0,0.0,77.78,16.67,5.56,0.0,0.0,0.0,0.0
9000008669,2025-06-07 05:00,0.6575,1,1,3,4,8,12,8,11,19,7,3,10,45.5,0.0,69.23,23.08,0.0,7.69,7.69,0.0,0.0
9000008669,2025-06-07 06:00,0.796944,0,5,5,1,5,6,16,12,29,4,4,8,29.5,17.39,43.48,26.09,0.0,0.0,0.0,4.35,8.7
9000008669,2025-06-07 07:00,0.775,3,3,5,4,15,19,9,14,23,1,3,4,23.0,22.22,50.0,27.78,0.0,0.0,0.0,0.0,0.0
9000008669,2025-06-07 08:00,0.785556,5,9,14,4,15,19,17,22,38,6,2,9,29.5,10.0,43.33,33.33,0.0,3.33,3.33,0.0,6.67
9000008669,2025-06-07 09:00,0.712222,8,11,19,11,23,35,30,14,44,8,5,14,32.5,29.03,29.03,25.81,3.23,0.0,3.23,0.0,9.68
9000008669,2025-06-07 10:00,0.758889,7,5,12,33,22,55,38,22,60,11,5,16,28.0,21.74,34.78,32.61,2.17,0.0,2.17,2.17,4.35
9000008669,2025-06-07 11:00,0.767222,6,10,17,25,39,64,50,39,89,20,8,27,39.0,20.59,36.76,25.0,2.94,2.94,0.0,2.94,8.82
9000008669,2025-06-07 12:00,0.780556,11,10,22,31,42,73,98,63,161,19,15,34,28.0,9.6,55.2,23.2,4.8,1.6,0.8,0.8,4.8
9000008669,2025-06-07 13:00,0.7675,1,1,3,29,16,45,116,65,180,28,24,51,27.0,19.57,40.58,31.88,3.62,0.0,1.45,0.72,2.9
9000008669,2025-06-07 14:00,0.758611,9,5,15,36,45,80,119,91,210,23,18,42,27.0,16.35,54.09,19.5,4.4,2.52,0.0,0.0,3.77
9000008669,2025-06-07 15:00,0.734444,4,5,9,38,43,81,149,86,236,33,26,58,25.0,20.81,45.09,25.43,1.16,1.73,1.16,2.31,2.89
9000008669,2025-06-07 16:00,0.7575,3,5,8,57,52,109,150,42,193,41,11,51,33.5,10.27,44.52,28.77,4.11,2.05,3.42,1.37,5.48
9000008669,2025-06-07 17:00,0.786111,4,6,10,42,48,90,96,87,182,22,23,44,51.0,6.99,46.15,26.57,4.9,0.0,3.5,3.5,8.39
9000008669,2025-06-07 18:00,0.785278,9,16,25,37,31,68,149,87,236,31,19,50,28.0,11.89,44.86,30.81,0.54,0.54,1.62,1.62,8.11
9000008669,2025-06-07 19:00,0.631389,4,1,6,24,40,65,110,70,180,20,18,39,28.5,15.79,57.02,15.79,2.63,2.63,0.88,0.88,5.26
9000008669,2025-06-07 20:00,0.51,11,14,24,26,32,57,65,100,165,6,19,25,61.5,5.95,51.19,20.24,2.38,3.57,2.38,2.38,15.48
9000008669,2025-06-07 21:00,0.128056,17,0,17,35,17,52,85,90,174,12,6,18,25.0,4.55,50.0,36.36,0.0,9.09,0.0,0.0,9.09
9000008669,2025-06-08 05:00,0.578889,1,0,1,4,1,5,6,1,8,0,1,1,70.5,0.0,25.0,25.0,0.0,0.0,25.0,25.0,25.0
9000008669,2025-06-08 06:00,0.729722,1,0,1,1,1,3,5,5,10,0,4,4,64.0,14.29,14.29,0.0,14.29,14.29,14.29,14.29,14.29
9000008669,2025-06-08 07:00,0.730833,0,1,1,5,0,5,6,6,13,1,3,4,72.5,0.0,55.56,22.22,11.11,0.0,0.0,0.0,22.22
9000008669,2025-06-08 08:00,0.793889,2,0,2,1,1,3,15,9,24,3,5,8,61.0,5.26,26.32,31.58,15.79,0.0,5.26,10.53,5.26
9000008669,2025-06-08 09:00,0.7875,0,1,1,4,8,11,15,16,32,3,8,10,26.5,0.0,48.0,48.0,0.0,0.0,0.0,0.0,4.0
9000008669,2025-06-08 10:00,0.763889,1,3,4,11,19,30,26,16,42,3,3,5,31.0,21.88,40.62,21.88,6.25,6.25,0.0,0.0,3.12
9000008669,2025-06-08 11:00,0.759722,0,0,0,12,19,31,31,30,61,12,8,20,59.5,12.77,38.3,23.4,4.26,2.13,4.26,2.13,12.77
9000008669,2025-06-08 12:00,0.769722,1,1,3,20,10,30,36,31,68,16,13,29,35.5,21.15,28.85,32.69,5.77,1.92,1.92,1.92,5.77
9000008669,2025-06-08 13:00,0.746667,3,8,11,23,34,57,56,56,112,17,12,29,48.5,19.28,30.12,26.51,6.02,4.82,2.41,2.41,9.64
9000008669,2025-06-08 14:00,0.749444,1,0,1,22,26,47,49,32,81,17,4,21,29.0,16.39,45.9,26.23,1.64,1.64,1.64,3.28,3.28
9000008669,2025-06-08 15:00,0.735556,3,5,8,20,34,54,61,35,96,11,0,11,26.5,33.8,32.39,22.54,1.41,1.41,2.82,0.0,5.63
9000008669,2025-06-08 16:00,0.769722,3,1,4,35,30,65,65,44,109,7,5,12,33.5,8.33,46.43,28.57,3.57,5.95,4.76,0.0,2.38
9000008669,2025-06-08 17:00,0.759722,4,4,8,33,36,69,81,53,134,4,4,8,44.0,17.65,35.29,26.47,4.9,1.96,1.96,2.94,8.82
9000008669,2025-06-08 18:00,0.765833,3,4,7,25,12,37,83,43,126,7,9,16,60.5,14.58,36.46,26.04,6.25,2.08,1.04,5.21,10.42
9000008669,2025-06-08 19:00,0.635833,9,4,13,20,13,33,53,63,117,7,5,12,37.0,21.62,41.89,17.57,6.76,1.35,5.41,1.35,8.11
9000008669,2025-06-08 20:00,0.414722,0,6,6,16,19,35,49,43,92,3,8,11,40.5,13.16,42.11,26.32,2.63,5.26,0.0,0.0,10.53
9000008669,2025-06-08 21:00,0.047778,0,0,0,0,21,21,63,105,167,0,0,0,29.0,12.5,37.5,37.5,0.0,0.0,0.0,0.0,12.5
9000008669,2025-06-09 05:00,0.401111,0,0,0,2,0,2,23,2,25,0,2,2,82.5,10.0,30.0,30.0,0.0,0.0,10.0,0.0,20.0
9000008669,2025-06-09 06:00,0.713056,0,0,0,1,1,3,11,8,19,1,4,5,34.0,35.71,28.57,21.43,7.14,0.0,7.14,0.0,7.14
9000008669,2025-06-09 07:00,0.775833,0,3,3,1,5,7,4,9,13,3,1,4,67.5,20.0,30.0,20.0,10.0,0.0,0.0,10.0,10.0
9000008669,2025-06-09 08:00,0.775556,1,3,4,4,10,14,17,12,28,1,1,3,31.5,4.55,50.0,27.27,13.64,0.0,0.0,0.0,4.55
9000008669,2025-06-09 09:00,0.748889,3,1,4,3,20,22,12,11,23,4,3,7,32.5,0.0,35.29,47.06,5.88,0.0,0.0,0.0,11.76
9000008669,2025-06-09 10:00,0.773889,4,1,5,13,14,27,54,16,69,9,1,10,59.5,11.11,31.48,24.07,1.85,11.11,5.56,5.56,9.26
9000008669,2025-06-09 11:00,0.7825,5,4,9,23,15,39,56,44,100,11,23,34,58.0,16.67,33.33,21.79,3.85,3.85,6.41,5.13,8.97
9000008669,2025-06-09 12:00,0.754444,3,1,4,11,8,19,28,26,54,23,18,41,25.0,21.95,53.66,12.2,0.0,2.44,2.44,0.0,7.32
9000008669,2025-06-09 13:00,0.724167,0,1,1,12,22,34,42,26,68,11,29,40,33.0,24.49,36.73,22.45,4.08,0.0,2.04,4.08,6.12
9000008669,2025-06-09 14:00,0.726944,5,3,8,28,28,55,37,26,63,12,11,23,42.5,17.39,30.43,28.26,4.35,8.7,2.17,2.17,6.52
9000008669,2025-06-09 15:00,0.733611,7,4,11,22,28,50,64,38,102,10,15,25,47.5,18.67,33.33,25.33,4.0,5.33,2.67,4.0,6.67
9000008669,2025-06-09 16:00,0.758056,10,8,18,27,35,62,81,37,118,8,9,17,39.0,14.44,44.44,22.22,4.44,2.22,3.33,3.33,5.56
9000008669,2025-06-09 17:00,0.770556,8,5,13,25,34,58,91,46,137,11,11,22,33.5,12.38,38.1,31.43,5.71,1.9,1.9,2.86,5.71
9000008669,2025-06-09 18:00,0.7725,10,3,13,30,31,61,118,68,186,9,8,17,41.5,11.81,41.67,27.08,4.17,2.08,2.78,3.47,6.94
9000008669,2025-06-09 19:00,0.795833,9,4,13,19,29,48,62,60,122,15,6,21,49.0,5.15,52.58,17.53,8.25,2.06,3.09,5.15,6.19
9000008669,2025-06-09 20:00,0.784722,6,8,14,18,19,37,70,99,169,17,9,26,29.5,3.76,48.87,33.08,3.76,0.75,1.5,3.01,5.26
9000008669,2025-06-09 21:00,0.084722,0,0,0,59,24,83,59,71,130,0,12,12,26.5,0.0,72.73,18.18,0.0,0.0,0.0,0.0,9.09
9000008669,2025-06-10 05:00,0.333333,0,0,0,0,3,3,6,24,30,0,9,9,33.5,0.0,50.0,30.0,10.0,0.0,0.0,0.0,10.0
9000008669,2025-06-10 06:00,0.461944,2,4,6,8,19,26,27,23,49,2,6,8,70.5,0.0,47.83,26.09,8.7,0.0,0.0,4.35,17.39
9000008669,2025-06-10 07:00,0.7925,4,7,11,5,23,28,48,55,103,19,9,28,39.5,2.44,34.15,41.46,7.32,2.44,3.66,3.66,4.88
9000008669,2025-06-10 08:00,0.794722,4,9,13,14,24,38,105,65,170,15,15,30,30.0,6.67,37.78,41.48,2.96,0.0,2.22,0.74,8.89
9000008669,2025-06-10 09:00,0.768889,5,12,17,26,26,52,113,83,196,26,16,41,29.0,23.18,39.74,23.18,3.31,1.32,2.65,1.99,4.64
9000008669,2025-06-10 10:00,0.784444,4,5,9,20,24,45,120,71,191,21,31,52,30.5,11.33,50.67,22.67,4.0,1.33,2.0,1.33,6.67
9000008669,2025-06-10 11:00,0.774167,6,5,11,30,41,71,134,68,203,22,22,44,29.0,12.74,46.5,28.03,4.46,1.91,1.27,1.91,3.18
9000008669,2025-06-10 12:00,0.780833,9,6,15,23,74,98,166,86,252,27,31,58,29.0,14.72,41.62,30.46,3.55,1.02,2.03,1.52,5.08
9000008669,2025-06-10 13:00,0.767222,5,17,22,42,77,119,95,117,212,17,15,32,32.0,13.5,47.85,22.09,7.36,3.07,1.23,2.45,3.07
9000008669,2025-06-10 14:00,0.768056,5,3,8,48,101,150,184,113,297,38,17,55,24.5,25.44,43.42,20.61,2.19,1.75,0.88,2.19,3.51
9000008669,2025-06-10 15:00,0.759167,0,3,3,55,64,119,178,112,290,29,14,43,26.0,25.0,39.55,24.09,4.09,2.27,0.91,1.82,2.27
9000008669,2025-06-10 16:00,0.755,8,4,12,52,64,115,116,63,179,20,13,33,25.5,27.21,37.5,25.74,2.94,2.21,0.74,0.74,2.94
9000008669,2025-06-10 17:00,0.765278,5,5,10,41,47,88,76,56,132,30,21,51,30.0,17.82,41.58,25.74,2.97,1.98,0.99,2.97,5.94
9000008669,2025-06-10 18:00,0.753056,9,7,16,49,52,101,107,50,158,13,4,17,30.0,10.92,47.9,26.05,7.56,0.84,1.68,1.68,3.36
9000008669,2025-06-10 19:00,0.788056,13,3,15,56,60,116,88,51,139,1,4,5,29.5,6.42,49.54,31.19,3.67,1.83,0.0,0.92,6.42
9000008669,2025-06-10 20:00,0.685,4,9,13,36,32,67,51,28,79,1,3,4,26.5,27.78,38.89,22.22,5.56,1.85,0.0,0.0,7.41
9000008669,2025-06-10 21:00,0.207778,0,6,6,17,28,45,78,29,107,0,0,0,47.0,9.09,31.82,18.18,9.09,18.18,0.0,4.55,9.09
9000008669,2025-06-11 05:00,0.306944,0,0,0,3,9,12,9,12,21,0,3,3,25.0,0.0,66.67,33.33,0.0,0.0,0.0,0.0,16.67
9000008669,2025-06-11 06:00,0.590556,5,4,9,1,17,18,21,20,41,4,3,6,30.0,16.67,37.5,29.17,8.33,4.17,0.0,0.0,8.33
9000008669,2025-06-11 07:00,0.782222,6,12,18,5,18,23,75,36,111,22,30,51,37.0,3.45,36.78,42.53,4.6,2.3,1.15,2.3,6.9
9000008669,2025-06-11 08:00,0.780278,4,10,14,17,48,64,144,64,208,34,15,50,33.5,11.11,33.95,37.04,6.17,1.23,1.23,3.09,6.79
9000008669,2025-06-11 09:00,0.738889,4,8,12,23,45,68,105,63,169,35,12,47,26.5,16.8,44.8,27.2,4.0,0.0,1.6,1.6,4.0
9000008669,2025-06-11 10:00,0.723611,8,6,14,40,34,74,70,45,115,20,14,34,27.5,21.69,38.55,30.12,4.82,1.2,1.2,1.2,2.41
9000008669,2025-06-11 11:00,0.716944,4,1,6,28,43,71,54,35,89,20,28,47,37.5,26.56,34.38,20.31,6.25,0.0,3.12,1.56,7.81
9000008669,2025-06-11 12:00,0.738333,5,1,7,26,46,72,69,55,124,24,39,64,29.5,17.39,42.39,26.09,2.17,2.17,2.17,3.26,4.35
9000008669,2025-06-11 13:00,0.722222,10,1,11,23,53,76,57,37,94,26,21,47,30.0,26.47,36.76,22.06,5.88,0.0,1.47,1.47,5.88
9000008669,2025-06-11 14:00,0.708056,6,4,10,42,98,141,69,41,110,22,23,45,22.5,30.77,48.72,14.1,1.28,2.56,0.0,1.28,1.28
9000008669,2025-06-11 15:00,0.730556,3,3,5,60,130,190,94,44,138,11,3,14,34.5,24.75,33.66,24.75,2.97,2.97,0.0,2.97,8.91
9000008669,2025-06-11 16:00,0.748333,7,7,13,66,104,170,154,24,179,20,18,38,31.5,5.97,29.85,47.76,6.72,2.99,0.75,1.49,4.48
9000008669,2025-06-11 17:00,0.789444,18,8,25,72,112,184,141,19,160,10,5,15,33.0,6.3,40.16,35.43,6.3,1.57,0.79,2.36,7.09
9000008669,2025-06-11 18:00,0.778889,14,15,29,46,69,115,118,55,174,15,9,24,31.5,8.89,42.22,32.59,5.19,0.74,0.0,3.7,6.67
9000008669,2025-06-11 19:00,0.786389,11,10,22,37,29,66,112,67,179,10,1,11,37.5,10.64,34.04,34.75,7.8,0.71,2.84,1.42,7.8
9000008669,2025-06-11 20:00,0.786389,13,15,28,28,32,60,60,45,105,6,0,6,54.5,6.1,37.8,30.49,8.54,0.0,3.66,2.44,10.98
9000008669,2025-06-11 21:00,0.08,25,12,38,25,62,88,100,12,112,0,0,0,68.0,0.0,22.22,33.33,0.0,0.0,11.11,22.22,11.11
9000008669,2025-06-12 04:00,0.005,0,0,0,0,0,0,0,0,0,0,0,0,,0.0,0.0,0.0,0.0,0.0,0.0,0.0,0.0
9000008669,2025-06-12 05:00,0.597222,0,4,4,5,4,10,5,11,16,1,5,6,23.5,11.11,55.56,22.22,0.0,0.0,0.0,0.0,11.11
9000008669,2025-06-12 06:00,0.763889,5,3,8,3,12,15,25,23,48,10,10,20,29.5,8.11,37.84,37.84,2.7,0.0,0.0,5.41,5.41
9000008669,2025-06-12 07:00,0.760833,5,17,22,13,52,66,98,49,147,8,13,20,40.5,8.93,24.11,42.86,9.82,3.57,0.89,3.57,7.14
9000008669,2025-06-12 08:00,0.7525,5,5,11,23,72,95,170,49,219,19,4,23,32.0,8.48,24.85,49.09,7.27,2.42,1.82,1.21,4.85
9000008669,2025-06-12 09:00,0.750278,9,7,16,83,53,136,139,42,180,20,8,28,33.0,12.59,37.78,33.33,3.7,3.7,0.74,1.48,6.67
9000008669,2025-06-12 10:00,0.761944,7,3,9,34,52,86,126,58,183,21,8,29,29.0,17.14,45.71,23.57,5.0,0.71,1.43,1.43,5.0
9000008669,2025-06-12 11:00,0.781667,8,2,10,22,45,66,145,107,252,28,9,37,28.0,9.64,48.22,30.96,2.54,1.02,2.03,1.52,4.06
9000008669,2025-06-12 12:00,0.791944,10,4,14,35,72,107,114,110,224,20,27,47,39.0,13.56,42.94,25.42,3.39,0.0,3.95,3.95,6.78
9000008669,2025-06-12 13:00,0.763611,1,3,4,26,100,126,132,86,218,9,7,16,29.5,11.98,40.12,33.53,6.59,1.8,0.0,2.4,3.59
9000008669,2025-06-12 14:00,0.739444,3,3,5,58,118,176,153,93,246,11,5,16,26.5,23.63,43.41,23.08,3.3,0.55,2.2,1.65,2.2
9000008669,2025-06-12 15:00,0.765,3,7,9,153,252,405,61,14,76,3,0,3,64.0,12.07,32.76,22.41,6.9,6.9,0.0,8.62,10.34
9000008669,2025-06-12 16:00,0.777222,12,5,17,96,170,266,120,23,144,3,0,3,57.0,6.25,35.71,33.93,5.36,1.79,3.57,1.79,11.61
9000008669,2025-06-12 17:00,0.778889,9,13,22,82,121,203,137,32,169,21,1,22,30.5,7.58,37.88,39.39,3.03,2.27,1.52,0.0,8.33
9000008669,2025-06-12 18:00,0.786944,10,8,18,39,94,133,118,58,176,13,5,18,29.5,12.95,45.32,27.34,4.32,0.0,4.32,2.16,3.6
9000008669,2025-06-12 19:00,0.788056,8,8,15,45,46,91,94,65,159,4,8,11,40.5,12.8,47.2,24.0,0.8,2.4,1.6,3.2,8.0
9000008669,2025-06-12 20:00,0.7875,10,5,15,39,58,98,90,80,170,0,1,1,40.0,5.22,43.28,32.09,4.48,2.99,2.99,0.75,8.21
9000008669,2025-06-12 21:00,0.154722,8,0,8,34,71,104,52,93,146,4,0,4,42.0,4.35,60.87,13.04,4.35,21.74,0.0,0.0,4.35
9000008669,2025-06-13 05:00,0.463056,1,3,4,2,1,3,9,7,16,5,4,8,42.0,0.0,14.29,57.14,14.29,28.57,0.0,0.0,0.0
9000008669,2025-06-13 06:00,0.735278,1,2,4,2,25,28,22,19,41,4,10,14,34.0,3.33,30.0,40.0,16.67,6.67,3.33,0.0,0.0
9000008669,2025-06-13 07:00,0.6575,2,16,19,16,56,72,111,35,145,17,11,27,29.5,6.25,31.25,48.96,5.21,6.25,0.0,1.04,1.04
9000008669,2025-06-13 08:00,0.760556,3,23,26,27,76,103,129,38,167,16,8,24,31.5,6.3,25.98,49.61,13.39,3.15,1.57,0.0,0.0
9000008669,2025-06-13 09:00,0.708333,3,1,4,58,62,120,77,40,117,20,7,27,55.5,24.1,30.12,24.1,0.0,4.82,7.23,1.2,8.43
9000008669,2025-06-13 10:00,0.771944,6,3,9,32,44,76,117,74,190,18,9,27,33.5,19.05,48.98,14.97,3.4,2.04,1.36,3.4,6.8
9000008669,2025-06-13 11:00,0.781667,5,4,9,20,50,70,92,92,184,27,18,45,31.5,12.5,40.97,29.86,6.94,2.78,1.39,2.78,2.78
9000008669,2025-06-13 12:00,0.780833,1,5,6,38,51,90,131,137,268,28,12,40,30.5,12.92,46.41,25.36,4.78,1.44,1.91,3.35,3.83
9000008669,2025-06-13 13:00,0.7725,6,3,9,48,68,115,160,141,301,12,17,28,30.5,15.02,36.91,32.62,6.44,0.43,1.72,1.29,5.58
9000008669,2025-06-13 14:00,0.746389,4,1,5,68,129,197,126,125,251,7,4,11,26.0,26.2,39.57,24.6,4.28,0.0,1.07,1.07,3.21
9000008669,2025-06-13 15:00,0.773611,4,0,4,169,165,334,88,19,107,3,0,3,53.5,20.48,25.3,32.53,2.41,2.41,2.41,3.61,9.64
9000008669,2025-06-13 16:00,0.770278,9,10,19,104,172,276,95,19,114,10,0,10,35.0,5.68,37.5,34.09,9.09,1.14,2.27,1.14,9.09
9000008669,2025-06-13 17:00,0.781111,19,6,25,72,125,196,126,22,148,13,1,14,47.0,3.45,35.34,42.24,2.59,4.31,2.59,1.72,7.76
9000008669,2025-06-13 18:00,0.793333,9,5,14,39,76,115,108,53,162,15,6,21,31.0,13.28,39.06,32.03,4.69,2.34,1.56,1.56,5.47
9000008669,2025-06-13 19:00,0.799444,9,9,18,24,75,99,108,53,160,9,5,14,54.0,7.81,43.75,28.12,3.12,1.56,3.91,3.12,8.59
9000008669,2025-06-13 20:00,0.786111,10,6,17,42,43,85,69,61,130,10,3,13,33.5,13.73,47.06,23.53,3.92,1.96,0.98,0.98,7.84
9000008669,2025-06-13 21:00,0.233056,13,3,16,36,43,79,56,18,74,5,3,8,35.0,5.88,29.41,41.18,17.65,0.0,5.88,5.88,11.76
9000008669,2025-06-14 05:00,0.645556,0,4,4,2,2,4,11,8,18,2,1,3,46.5,0.0,25.0,33.33,16.67,8.33,0.0,0.0,8.33
9000008669,2025-06-14 06:00,0.738333,2,4,6,2,4,6,13,6,19,2,11,13,33.5,0.0,57.14,21.43,14.29,0.0,7.14,0.0,0.0
9000008669,2025-06-14 07:00,0.803333,4,5,9,4,10,14,6,15,21,5,4,9,77.5,0.0,47.06,29.41,0.0,0.0,0.0,5.88,17.65
9000008669,2025-06-14 08:00,0.78,3,6,9,8,31,39,41,26,67,9,6,15,56.0,5.77,26.92,32.69,13.46,1.92,5.77,3.85,9.62
9000008669,2025-06-14 09:00,0.726111,4,1,5,25,47,72,36,37,73,7,4,11,45.0,41.51,16.98,20.75,3.77,1.89,3.77,3.77,7.55
9000008669,2025-06-14 10:00,0.766667,5,3,8,31,35,67,90,84,174,7,6,13,40.0,14.18,41.04,26.87,2.99,0.75,3.73,5.97,4.48
9000008669,2025-06-14 11:00,0.780278,5,3,8,32,58,90,85,102,186,17,6,23,28.0,11.03,46.21,32.41,2.07,1.38,1.38,2.76,2.76
9000008669,2025-06-14 12:00,0.778056,9,3,12,36,59,95,141,122,263,23,15,39,32.5,7.8,39.51,35.12,6.34,0.49,1.46,1.46,7.8
9000008669,2025-06-14 13:00,0.777222,4,8,12,26,48,73,169,138,307,13,14,27,31.0,12.61,38.24,32.77,7.14,0.84,1.68,1.68,5.04
9000008669,2025-06-14 14:00,0.741111,5,8,13,44,120,164,123,148,271,1,9,11,26.0,21.89,42.29,24.38,3.48,1.0,1.49,1.49,3.48
9000008669,2025-06-14 15:00,0.786389,4,5,9,133,192,325,76,13,89,3,0,3,71.5,7.14,30.0,31.43,8.57,0.0,2.86,4.29,15.71
9000008669,2025-06-14 16:00,0.780833,11,8,19,60,159,219,95,14,109,0,0,0,38.0,4.71,30.59,37.65,12.94,1.18,1.18,2.35,9.41
9000008669,2025-06-14 17:00,0.793889,13,6,19,60,141,202,111,26,137,5,0,5,30.0,3.67,33.03,48.62,6.42,3.67,0.0,0.92,3.67
9000008669,2025-06-14 18:00,0.788333,9,13,22,51,35,86,117,108,224,17,6,23,29.0,9.04,47.46,30.51,2.82,0.56,2.26,2.26,5.08
9000008669,2025-06-14 19:00,0.789722,9,9,18,38,71,109,91,57,148,6,5,11,44.0,9.4,35.9,32.48,5.13,3.42,2.56,1.71,9.4
9000008669,2025-06-14 20:00,0.789167,8,6,14,19,57,76,103,81,184,6,5,11,28.0,6.9,42.76,39.31,5.52,0.69,0.0,2.76,2.07
9000008669,2025-06-14 21:00,0.216389,3,0,3,30,73,104,73,144,217,3,0,3,19.5,6.38,87.23,6.38,2.13,0.0,2.13,0.0,0.0
9000008669,2025-06-15 05:00,0.397778,4,0,4,0,7,7,0,5,5,4,0,4,19.0,0.0,100.0,0.0,0.0,0.0,0.0,0.0,0.0
9000008669,2025-06-15 06:00,0.796111,1,1,2,1,5,6,2,5,8,1,1,2,25.5,0.0,33.33,66.67,0.0,0.0,0.0,0.0,0.0
9000008669,2025-06-15 07:00,0.766667,3,1,4,7,9,16,5,9,14,1,1,3,36.5,9.09,36.36,27.27,18.18,9.09,0.0,0.0,0.0
9000008669,2025-06-15 08:00,0.768889,0,1,1,5,13,18,13,8,21,0,1,1,61.5,6.25,31.25,31.25,6.25,0.0,6.25,18.75,0.0
9000008669,2025-06-15 09:00,0.771111,3,5,8,12,30,42,23,8,31,1,1,3,67.0,8.33,20.83,37.5,12.5,4.17,0.0,4.17,12.5
9000008669,2025-06-15 10:00,0.775833,5,4,9,12,24,36,32,32,64,4,5,9,58.0,10.0,36.0,30.0,0.0,6.0,4.0,4.0,10.0
9000008669,2025-06-15 11:00,0.792778,5,4,9,6,19,25,53,48,101,9,9,18,30.0,7.5,43.75,33.75,3.75,1.25,1.25,0.0,8.75
9000008669,2025-06-15 12:00,0.794722,6,6,13,14,25,39,70,85,155,10,10,20,28.5,5.65,53.23,27.42,2.42,0.81,0.81,1.61,8.06
9000008669,2025-06-15 13:00,0.7775,3,5,8,18,21,39,88,75,162,10,8,18,28.5,6.35,50.79,30.95,1.59,2.38,0.79,2.38,4.76
9000008669,2025-06-15 14:00,0.768889,5,10,16,31,35,66,78,108,186,12,4,15,26.0,14.69,48.25,27.27,2.1,2.1,0.0,0.7,4.9
9000008669,2025-06-15 15:00,0.754722,4,4,8,21,70,91,70,72,142,9,11,20,27.0,14.95,46.73,26.17,0.93,1.87,1.87,0.93,6.54
9000008669,2025-06-15 16:00,0.768611,5,0,5,43,64,107,92,39,131,8,1,9,29.5,4.95,47.52,33.66,4.95,0.0,0.0,3.96,4.95
9000008669,2025-06-15 17:00,0.787222,6,5,11,22,30,51,98,92,190,9,4,13,25.0,7.33,51.33,34.67,0.67,1.33,0.0,2.0,2.67
9000008669,2025-06-15 18:00,0.778889,5,0,5,22,37,59,115,100,216,13,8,20,29.0,15.48,48.21,22.62,2.98,0.6,1.19,1.19,7.74
9000008669,2025-06-15 19:00,0.718333,7,6,13,27,29,57,143,81,224,8,15,23,25.5,11.8,51.55,24.84,2.48,0.62,1.24,1.24,6.83
9000008669,2025-06-15 20:00,0.3125,12,9,20,16,24,41,109,130,240,6,5,11,27.0,9.33,49.33,30.67,1.33,0.0,2.67,0.0,6.67
9000008669,2025-06-16 05:00,0.361667,0,0,0,3,5,8,9,12,21,0,2,2,24.5,12.5,37.5,50.0,0.0,0.0,12.5,0.0,0.0
9000008669,2025-06-16 06:00,0.526111,1,11,12,6,9,15,28,28,56,6,3,9,34.5,13.79,37.93,27.59,3.45,0.0,3.45,0.0,10.34
9000008669,2025-06-16 07:00,0.710278,1,11,12,13,43,57,99,49,148,16,12,28,34.5,6.67,27.62,45.71,6.67,0.95,0.95,0.95,10.48
9000008669,2025-06-16 08:00,0.763889,9,19,28,44,42,86,177,60,238,45,8,52,28.5,12.15,37.57,39.78,4.42,0.0,1.1,1.1,3.87
9000008669,2025-06-16 09:00,0.726111,5,9,15,60,42,103,116,63,179,41,8,49,29.5,29.23,38.46,17.69,3.85,1.54,2.31,0.0,6.92
9000008669,2025-06-16 10:00,0.778889,4,10,14,22,40,61,106,88,194,22,6,28,26.5,23.18,44.37,21.85,3.97,1.32,0.66,0.0,4.64
9000008669,2025-06-16 11:00,0.768333,3,5,8,26,34,60,103,61,165,20,22,42,29.0,20.47,41.73,23.62,3.15,2.36,3.15,0.79,3.94
9000008669,2025-06-16 12:00,0.744722,3,7,9,24,27,51,83,61,144,31,23,54,23.0,34.58,40.19,17.76,0.93,0.0,1.87,1.87,2.8
9000008669,2025-06-16 13:00,0.708056,3,3,6,20,34,54,73,69,142,27,29,56,23.5,37.0,37.0,19.0,1.0,1.0,1.0,1.0,4.0
9000008669,2025-06-16 14:00,0.715833,5,1,7,49,65,114,66,61,127,28,21,49,24.5,28.57,48.35,16.48,1.1,2.2,0.0,3.3,1.1
9000008669,2025-06-16 15:00,0.714167,6,3,8,62,88,150,87,64,151,10,22,32,29.0,29.63,34.26,22.22,2.78,0.0,1.85,2.78,6.48
9000008669,2025-06-16 16:00,0.738611,3,4,7,58,80,139,124,70,195,20,16,37,28.0,28.47,31.94,27.78,2.78,1.39,0.0,0.0,7.64
9000008669,2025-06-16 17:00,0.759722,9,8,17,45,60,105,124,67,191,14,5,20,37.0,13.1,36.55,28.97,7.59,0.69,2.07,3.45,7.59
9000008669,2025-06-16 18:00,0.751389,9,4,13,75,65,141,114,68,181,20,5,25,28.5,18.38,37.5,30.88,2.21,0.74,0.74,1.47,8.09
9000008669,2025-06-16 19:00,0.77,10,13,23,35,52,87,109,72,182,16,1,17,24.5,18.57,48.57,25.0,2.14,1.43,0.71,0.71,2.86
9000008669,2025-06-16 20:00,0.794167,8,11,19,33,40,73,82,57,138,13,6,19,38.5,9.09,42.73,30.0,3.64,2.73,1.82,3.64,6.36
9000008669,2025-06-16 21:00,0.131111,8,0,8,15,15,31,53,53,107,0,0,0,49.5,0.0,57.14,14.29,7.14,7.14,7.14,0.0,7.14
9000008669,2025-06-17 04:00,0.019444,0,0,0,0,0,0,0,0,0,0,0,0,,0.0,0.0,0.0,0.0,0.0,0.0,0.0,0.0
9000008669,2025-06-17 05:00,0.526389,0,5,5,0,4,4,10,11,20,5,1,6,101.0,18.18,27.27,27.27,0.0,0.0,0.0,0.0,36.36
9000008669,2025-06-17 06:00,0.660833,8,10,18,2,15,18,29,41,70,5,2,8,38.5,10.87,36.96,34.78,2.17,2.17,0.0,2.17,10.87
9000008669,2025-06-17 07:00,0.771667,3,13,16,27,42,68,81,35,116,22,9,31,30.0,21.11,24.44,38.89,4.44,1.11,2.22,1.11,5.56
9000008669,2025-06-17 08:00,0.713333,1,0,1,23,33,56,126,70,196,27,18,45,29.5,15.0,42.14,29.29,5.0,1.43,1.43,1.43,4.29
9000008669,2025-06-17 09:00,0.708056,0,3,3,72,57,129,121,37,158,31,9,40,24.5,18.75,42.86,30.36,2.68,0.89,0.89,0.0,2.68
9000008669,2025-06-17 10:00,0.751389,3,0,3,35,32,67,128,81,209,30,5,36,26.5,26.11,42.68,19.75,1.27,0.64,0.64,3.18,5.73
9000008669,2025-06-17 11:00,0.775278,3,0,3,15,21,36,89,119,208,32,22,54,28.5,22.36,47.83,17.39,3.73,1.24,1.24,1.86,4.35
9000008669,2025-06-17 12:00,0.7825,1,3,4,33,32,65,114,112,226,41,26,66,30.0,14.69,44.07,26.55,4.52,2.26,1.13,0.56,6.21
9000008669,2025-06-17 13:00,0.765,10,7,17,33,42,75,107,124,232,32,31,64,29.0,27.12,42.37,16.38,2.82,1.13,1.69,2.26,6.21
9000008669,2025-06-17 14:00,0.736389,9,11,20,66,69,135,118,136,254,43,20,64,25.5,29.95,44.92,16.04,1.6,0.53,1.6,1.6,3.74
9000008669,2025-06-17 15:00,0.773056,4,0,4,82,218,300,123,40,164,21,9,30,50.5,14.29,41.27,22.22,5.56,1.59,1.59,3.97,9.52
9000008669,2025-06-17 16:00,0.751389,5,7,12,62,124,187,121,38,159,22,8,30,29.5,22.5,36.67,25.83,0.83,0.83,5.0,2.5,5.0
9000008669,2025-06-17 17:00,0.778056,12,5,17,54,102,156,101,31,132,26,10,36,57.5,10.68,38.83,30.1,1.94,0.0,4.85,3.88,9.71
9000008669,2025-06-17 18:00,0.780556,23,20,44,44,71,114,128,70,198,24,9,33,30.5,4.52,43.87,36.13,6.45,0.65,0.65,1.94,5.81
9000008669,2025-06-17 19:00,0.790556,27,10,37,29,68,97,97,55,152,11,9,20,34.5,5.0,45.83,26.67,10.83,0.0,2.5,1.67,7.5
9000008669,2025-06-17 20:00,0.7925,13,16,29,40,44,84,74,47,121,16,8,24,56.0,4.17,50.0,22.92,6.25,1.04,3.12,1.04,11.46
9000008669,2025-06-17 21:00,0.31,10,9,20,14,32,46,61,43,104,14,22,36,37.0,3.12,40.62,40.62,6.25,0.0,3.12,3.12,3.12
9000008669,2025-06-18 05:00,0.312778,2,3,6,2,5,7,3,13,16,0,10,10,72.5,20.0,0.0,60.0,0.0,0.0,0.0,0.0,40.0
9000008669,2025-06-18 06:00,0.795556,4,10,14,3,11,14,26,19,45,3,10,13,58.0,13.89,19.44,30.56,11.11,2.78,8.33,0.0,13.89
9000008669,2025-06-18 07:00,0.793611,0,5,5,18,48,66,96,39,135,13,5,18,42.5,0.93,33.33,38.89,10.19,3.7,0.93,4.63,6.48
9000008669,2025-06-18 08:00,0.78,4,4,8,42,76,118,157,40,197,13,9,22,39.0,3.25,24.68,46.1,11.69,3.9,1.3,3.25,5.84
9000008669,2025-06-18 09:00,0.744444,3,5,8,40,74,114,139,45,184,13,3,16,36.0,24.09,24.09,28.47,11.68,2.19,0.73,2.19,6.57
9000008669,2025-06-18 10:00,0.765833,6,5,12,47,69,116,90,65,155,14,3,17,40.0,20.17,31.93,21.85,10.92,5.04,2.52,2.52,5.04
9000008669,2025-06-18 11:00,0.739167,14,0,14,44,48,91,99,75,175,15,15,30,33.0,18.6,40.31,24.81,3.88,3.1,3.88,1.55,4.65
9000008669,2025-06-18 12:00,0.773333,14,10,24,32,59,92,142,87,229,12,10,22,32.0,9.04,45.2,29.94,3.95,3.39,3.39,2.26,2.82
9000008669,2025-06-18 13:00,0.755556,13,13,26,43,56,99,127,109,235,11,3,13,30.0,17.42,43.26,24.72,4.49,1.12,0.0,3.37,5.62
9000008669,2025-06-18 14:00,0.711111,14,8,23,41,56,97,97,85,182,6,8,14,25.0,33.08,43.08,12.31,4.62,1.54,0.77,1.54,3.08
9000008669,2025-06-18 15:00,0.669722,2,3,5,74,98,172,100,55,155,10,0,10,24.5,24.04,46.15,22.12,1.92,1.92,1.92,0.0,1.92
9000008669,2025-06-18 16:00,0.740278,1,3,4,74,135,208,147,48,195,7,0,7,30.5,13.89,50.0,21.53,4.17,1.39,0.69,3.47,5.56
9000008669,2025-06-18 17:00,0.758056,5,1,7,85,119,204,157,37,193,4,0,4,28.0,14.29,48.3,25.85,3.4,1.36,0.0,1.36,5.44
9000008669,2025-06-18 18:00,0.784167,18,5,23,57,64,121,134,33,167,10,3,13,22.5,19.08,58.78,17.56,2.29,0.76,0.76,0.76,0.0
9000008669,2025-06-18 19:00,0.782778,18,10,28,36,43,79,83,67,149,27,36,62,31.5,17.95,41.03,25.64,2.56,0.85,0.85,2.56,8.55
9000008669,2025-06-18 20:00,0.798333,21,11,33,22,13,35,64,53,117,10,20,30,60.5,15.05,45.16,19.35,0.0,5.38,0.0,5.38,9.68
9000008669,2025-06-18 21:00,0.120556,8,17,25,41,17,58,58,41,100,17,0,17,38.0,8.33,33.33,33.33,16.67,0.0,0.0,0.0,8.33
9000008669,2025-06-19 04:00,0.033889,30,0,30,0,0,0,0,30,30,0,0,0,79.0,0.0,0.0,0.0,0.0,0.0,0.0,0.0,100.0
9000008669,2025-06-19 05:00,0.595556,1,6,7,5,7,11,10,10,20,7,3,10,39.0,8.33,50.0,25.0,8.33,8.33,0.0,0.0,8.33
9000008669,2025-06-19 06:00,0.6525,0,6,6,3,13,16,31,32,63,15,15,30,43.0,9.76,29.27,39.02,2.44,4.88,0.0,4.88,7.32
9000008669,2025-06-19 07:00,0.708611,3,6,8,15,30,45,71,37,108,26,8,34,37.0,15.79,39.47,27.63,3.95,0.0,2.63,2.63,10.53
9000008669,2025-06-19 08:00,0.75,3,13,16,35,40,75,159,74,233,22,23,45,29.0,8.57,37.71,41.71,6.29,0.0,1.14,1.71,2.86
9000008669,2025-06-19 09:00,0.669167,5,1,6,67,45,112,101,41,142,19,13,33,39.5,20.0,29.47,27.37,8.42,0.0,3.16,5.26,6.32
9000008669,2025-06-19 10:00,0.694444,4,1,6,32,29,61,90,65,155,26,17,43,22.5,32.71,46.73,12.15,1.87,0.93,0.93,1.87,2.8
9000008669,2025-06-19 11:00,0.690556,3,4,7,26,47,73,62,45,107,26,32,58,25.5,33.78,39.19,18.92,1.35,0.0,2.7,0.0,4.05
9000008669,2025-06-19 12:00,0.714167,1,1,3,13,36,49,74,67,142,20,35,55,30.0,30.69,34.65,19.8,2.97,4.95,0.99,0.99,4.95
9000008669,2025-06-19 13:00,0.714444,0,0,0,25,39,64,68,80,149,10,21,31,24.5,31.13,42.45,19.81,2.83,0.0,0.94,0.94,2.83
9000008669,2025-06-19 14:00,0.695833,0,0,0,73,91,164,57,29,86,16,6,22,24.0,36.67,31.67,21.67,3.33,1.67,0.0,3.33,1.67
9000008669,2025-06-19 15:00,0.696111,1,1,3,149,113,262,72,26,98,4,3,7,29.5,35.29,42.65,7.35,4.41,2.94,1.47,0.0,5.88
9000008669,2025-06-19 16:00,0.705278,4,6,10,104,108,212,96,62,158,8,0,8,29.5,29.46,35.71,20.54,2.68,1.79,2.68,3.57,3.57
9000008669,2025-06-19 17:00,0.770833,9,5,14,68,114,182,119,38,157,6,1,8,31.0,22.31,25.62,36.36,4.13,0.83,2.48,2.48,5.79
9000008669,2025-06-19 18:00,0.768889,4,3,7,64,94,158,100,31,131,14,0,14,30.5,4.95,44.55,34.65,5.94,0.99,0.0,0.99,7.92
9000008669,2025-06-19 19:00,0.781944,4,3,6,40,72,111,97,49,146,12,1,13,33.0,14.91,35.09,33.33,5.26,0.88,0.0,0.88,9.65
9000008669,2025-06-19 20:00,0.783889,4,2,6,42,48,90,83,54,137,5,0,5,35.0,12.15,40.19,29.91,4.67,1.87,2.8,1.87,6.54
9000008669,2025-06-19 21:00,0.268333,0,10,10,15,39,54,29,41,70,7,3,10,59.5,0.0,42.11,26.32,10.53,0.0,5.26,5.26,10.53
9000008669,2025-06-20 04:00,0.016111,0,0,0,0,0,0,0,0,0,0,0,0,,0.0,0.0,0.0,0.0,0.0,0.0,0.0,0.0
9000008669,2025-06-20 05:00,0.530278,0,0,0,0,3,3,3,8,10,1,4,6,29.5,0.0,50.0,33.33,16.67,0.0,0.0,0.0,0.0
9000008669,2025-06-20 06:00,0.6625,0,0,0,5,22,28,31,22,53,12,12,24,68.5,8.57,28.57,34.29,14.29,0.0,0.0,2.86,14.29
9000008669,2025-06-20 07:00,0.801389,1,2,4,6,50,56,105,30,135,11,7,19,37.5,15.74,20.37,44.44,6.48,3.7,2.78,1.85,4.63
9000008669,2025-06-20 08:00,0.750556,3,1,4,12,49,60,129,37,166,10,12,22,32.0,10.4,23.2,48.8,8.0,0.8,2.4,0.0,7.2
9000008669,2025-06-20 09:00,0.701944,3,1,4,36,54,90,66,31,97,16,1,17,28.5,19.12,38.24,32.35,1.47,2.94,0.0,1.47,5.88
9000008669,2025-06-20 10:00,0.702778,0,0,0,36,34,70,81,41,122,14,16,30,29.5,16.28,38.37,31.4,2.33,1.16,2.33,3.49,4.65
9000008669,2025-06-20 11:00,0.753889,1,0,1,26,48,73,109,77,185,10,9,20,30.0,20.71,33.57,30.71,2.86,2.14,4.29,2.86,2.86
9000008669,2025-06-20 12:00,0.753889,6,0,6,42,62,104,124,117,241,28,31,58,29.5,18.13,35.71,32.97,1.65,2.2,2.75,2.75,4.4
9000008669,2025-06-20 13:00,0.751944,8,3,11,56,55,111,129,112,241,15,24,39,27.0,16.02,44.75,29.83,1.66,1.1,2.76,2.21,1.66
9000008669,2025-06-20 14:00,0.729722,0,5,5,110,166,276,90,68,158,10,8,18,25.5,23.48,42.61,26.96,1.74,0.0,1.74,0.87,1.74
9000008669,2025-06-20 15:00,0.753333,3,3,5,152,202,354,61,21,83,5,0,5,63.0,12.9,35.48,24.19,4.84,4.84,1.61,4.84,11.29
9000008669,2025-06-20 16:00,0.763056,8,4,12,82,113,195,134,26,160,9,3,12,53.5,20.49,25.41,36.07,1.64,1.64,2.46,2.46,10.66
9000008669,2025-06-20 17:00,0.79,5,3,8,53,115,168,127,50,177,11,1,13,31.5,22.14,25.71,35.71,6.43,2.14,0.71,0.0,7.14
9000008669,2025-06-20 18:00,0.785833,4,3,6,45,55,100,82,28,110,3,0,3,34.0,1.16,38.37,41.86,6.98,1.16,2.33,3.49,4.65
9000008669,2025-06-20 19:00,0.79,6,3,9,49,76,125,115,55,171,8,6,14,34.0,4.44,48.89,27.41,6.67,0.74,1.48,1.48,8.89
9000008669,2025-06-20 20:00,0.786111,4,6,10,22,42,63,88,60,148,9,4,13,34.5,5.17,40.52,36.21,4.31,2.59,1.72,0.86,8.62
9000008669,2025-06-20 21:00,0.335556,0,9,9,16,28,44,57,37,95,3,0,3,28.5,9.38,46.88,34.38,6.25,0.0,0.0,3.12,3.12
9000008669,2025-06-21 04:00,0.080278,0,0,0,0,12,12,12,0,12,0,0,0,19.0,0.0,100.0,0.0,0.0,0.0,0.0,0.0,0.0
9000008669,2025-06-21 05:00,0.328889,0,0,0,0,0,0,5,7,12,0,0,0,21.5,50.0,25.0,25.0,0.0,0.0,0.0,0.0,0.0
9000008669,2025-06-21 06:00,0.599722,1,0,1,1,9,11,17,12,29,2,1,4,27.5,23.53,47.06,23.53,0.0,0.0,0.0,0.0,11.76
9000008669,2025-06-21 07:00,0.808611,1,1,3,2,13,15,14,11,25,2,5,7,87.5,5.0,45.0,15.0,10.0,0.0,0.0,5.0,20.0
9000008669,2025-06-21 08:00,0.776944,0,1,1,8,19,27,22,24,46,5,8,13,56.5,5.56,27.78,33.33,11.11,5.56,5.56,0.0,11.11
9000008669,2025-06-21 09:00,0.748056,0,0,0,20,27,47,35,19,53,1,1,3,42.5,25.0,25.0,32.5,0.0,5.0,2.5,5.0,5.0
9000008669,2025-06-21 10:00,0.779167,0,1,1,27,36,63,68,44,111,4,8,12,45.0,21.84,27.59,29.89,2.3,4.6,4.6,4.6,4.6
9000008669,2025-06-21 11:00,0.775278,4,3,6,19,35,54,76,67,143,15,30,45,67.0,27.93,27.93,16.22,2.7,4.5,2.7,4.5,13.51
9000008669,2025-06-21 12:00,0.773611,1,6,8,34,43,76,94,82,176,12,34,45,32.0,15.44,43.38,24.26,4.41,0.74,2.21,2.21,7.35
9000008669,2025-06-21 13:00,0.746111,7,7,13,45,49,94,139,103,242,21,31,52,27.0,17.22,50.56,21.11,1.11,3.33,3.33,1.11,2.78
9000008669,2025-06-21 14:00,0.734167,5,3,8,69,106,174,111,59,170,14,10,23,27.5,16.94,45.16,24.19,2.42,3.23,1.61,0.81,5.65
9000008669,2025-06-21 15:00,0.762778,1,7,8,109,165,274,84,16,100,7,5,12,29.5,10.53,40.79,34.21,1.32,2.63,3.95,1.32,5.26
9000008669,2025-06-21 16:00,0.771389,3,3,5,52,88,140,107,34,140,32,19,52,28.5,12.04,44.44,29.63,2.78,0.0,2.78,1.85,6.48
9000008669,2025-06-21 17:00,0.794167,8,4,11,38,82,120,89,56,145,18,9,27,29.5,28.7,33.04,24.35,1.74,0.87,0.87,1.74,8.7
9000008669,2025-06-21 18:00,0.789444,0,3,3,35,45,81,103,53,156,15,10,25,29.5,20.33,29.27,36.59,4.07,0.0,0.81,1.63,7.32
9000008669,2025-06-21 19:00,0.791111,3,3,5,25,56,81,110,59,169,6,10,16,35.0,15.67,38.81,22.39,9.7,1.49,2.99,3.73,5.22
9000008669,2025-06-21 20:00,0.783056,5,0,5,29,55,84,119,73,192,14,5,19,30.0,6.67,52.0,26.67,4.67,2.0,1.33,1.33,5.33
9000008669,2025-06-21 21:00,0.284444,5,0,5,11,46,57,58,84,142,8,0,8,33.5,5.0,55.0,22.5,10.0,5.0,2.5,5.0,2.5
9000008669,2025-06-22 04:00,0.075556,0,0,0,0,0,0,13,0,13,0,0,0,24.0,0.0,0.0,100.0,0.0,0.0,0.0,0.0,0.0
9000008669,2025-06-22 05:00,0.465833,0,0,0,2,6,8,12,6,17,0,0,0,66.5,0.0,12.5,50.0,25.0,0.0,0.0,25.0,0.0
9000008669,2025-06-22 06:00,0.730278,0,1,1,1,4,5,8,8,16,0,3,3,31.0,0.0,45.45,45.45,9.09,0.0,9.09,0.0,0.0
9000008669,2025-06-22 07:00,0.810833,1,0,1,4,9,12,8,7,15,1,2,4,36.0,0.0,25.0,58.33,8.33,0.0,0.0,8.33,0.0
9000008669,2025-06-22 08:00,0.796111,10,4,14,0,19,19,14,15,29,3,2,5,29.0,4.35,34.78,47.83,8.7,4.35,0.0,0.0,0.0
9000008669,2025-06-22 09:00,0.762222,4,16,20,16,33,49,25,5,30,1,0,1,38.0,13.04,17.39,43.48,13.04,0.0,4.35,0.0,8.7
9000008669,2025-06-22 10:00,0.761111,11,8,19,14,25,39,41,35,76,4,4,8,25.5,18.97,39.66,32.76,0.0,1.72,1.72,0.0,5.17
9000008669,2025-06-22 11:00,0.010278,0,0,0,0,0,0,0,0,0,0,0,0,,0.0,0.0,0.0,0.0,0.0,0.0,0.0,0.0
9000008669,2025-06-23 08:00,0.124722,0,0,0,0,0,0,0,0,0,0,0,0,,0.0,0.0,0.0,0.0,0.0,0.0,0.0,0.0
9000008669,2025-06-23 09:00,0.398611,0,0,0,0,0,0,0,0,0,0,0,0,,0.0,0.0,0.0,0.0,0.0,0.0,0.0,0.0
9000008669,2025-06-23 10:00,0.627222,5,1,6,14,25,40,64,35,99,9,3,12,50.5,29.03,29.03,24.19,3.23,1.61,3.23,3.23,9.68
9000008669,2025-06-23 11:00,0.735278,1,1,3,24,64,88,87,37,123,19,10,29,38.5,20.88,31.87,23.08,12.09,1.1,3.3,4.4,4.4
9000008669,2025-06-23 12:00,0.766667,4,4,8,44,87,131,135,38,173,16,14,30,37.0,16.54,32.33,27.07,12.03,4.51,2.26,0.75,4.51
9000008669,2025-06-23 13:00,0.709722,3,1,4,37,99,135,90,71,161,13,20,32,33.0,33.33,29.82,19.3,7.02,1.75,0.88,1.75,6.14
9000008669,2025-06-23 14:00,0.698333,6,1,7,26,64,90,42,29,70,10,9,19,48.5,30.61,30.61,18.37,4.08,2.04,2.04,2.04,10.2
9000008669,2025-06-23 15:00,0.738889,4,11,15,35,96,131,83,53,136,15,7,22,40.5,24.0,37.0,18.0,6.0,4.0,3.0,5.0,3.0
9000008669,2025-06-23 16:00,0.726389,7,4,11,42,82,124,119,35,153,11,7,18,33.5,28.83,18.92,32.43,10.81,3.6,1.8,1.8,3.6
9000008669,2025-06-23 17:00,0.7275,0,4,4,47,68,115,120,32,152,12,5,18,27.5,27.27,32.73,29.09,2.73,1.82,0.91,0.91,4.55
9000008669,2025-06-23 18:00,0.7575,8,7,14,34,87,122,96,33,129,3,3,5,30.5,23.47,27.55,33.67,5.1,1.02,3.06,2.04,4.08
9000008669,2025-06-23 19:00,0.772778,6,10,16,31,85,116,81,23,105,2,1,4,39.5,13.58,28.4,35.8,7.41,3.7,0.0,3.7,7.41
9000008669,2025-06-23 20:00,0.783889,10,3,13,28,71,99,68,15,83,1,3,4,50.5,1.54,32.31,40.0,7.69,3.08,6.15,0.0,9.23
9000008669,2025-06-23 21:00,0.25,10,2,12,2,53,55,96,20,116,0,0,0,29.0,10.34,48.28,34.48,6.9,0.0,3.45,0.0,6.9
9000008669,2025-06-24 04:00,0.034444,0,0,0,0,0,0,0,0,0,0,0,0,,0.0,0.0,0.0,0.0,0.0,0.0,0.0,0.0
9000008669,2025-06-24 05:00,0.458611,0,2,2,2,9,11,13,11,24,4,2,6,31.5,0.0,54.55,27.27,18.18,0.0,0.0,0.0,0.0
9000008669,2025-06-24 06:00,0.669722,4,7,10,5,32,37,26,14,39,4,9,13,62.0,7.69,30.77,30.77,15.38,0.0,3.85,7.69,11.54
9000008669,2025-06-24 07:00,0.781111,3,6,9,13,47,60,108,47,156,13,9,22,39.0,13.93,20.49,33.61,18.03,2.46,2.46,0.0,9.02
9000008669,2025-06-24 08:00,0.790278,1,8,9,20,45,66,149,54,204,13,22,34,34.0,13.04,29.81,34.78,14.91,2.48,0.0,0.0,4.97
9000008669,2025-06-24 09:00,0.706944,3,0,3,38,77,115,151,44,195,21,7,29,30.0,18.84,34.78,31.16,5.8,0.72,2.9,1.45,4.35
9000008669,2025-06-24 10:00,0.775,4,1,5,21,53,74,110,43,152,10,14,24,32.5,11.86,37.29,32.2,13.56,0.0,1.69,0.85,2.54
9000008669,2025-06-24 11:00,0.750833,4,3,7,23,65,88,105,32,137,17,13,31,29.0,29.13,32.04,26.21,1.94,1.94,2.91,1.94,3.88
9000008669,2025-06-24 12:00,0.740833,1,3,4,32,68,101,115,59,174,12,15,27,27.5,27.13,40.31,21.71,3.88,0.0,0.78,2.33,4.65
9000008669,2025-06-24 13:00,0.7825,4,0,4,36,117,153,150,43,193,10,6,17,31.5,11.92,36.42,35.1,8.61,0.66,0.66,1.32,5.96
9000008669,2025-06-24 14:00,0.776389,1,1,3,39,128,166,156,57,212,18,35,53,46.5,23.03,35.76,22.42,2.42,3.64,2.42,1.21,9.09
9000008669,2025-06-24 15:00,0.764167,4,4,8,47,123,170,165,88,252,20,25,44,32.5,18.13,36.79,26.94,10.88,0.52,1.04,1.55,4.15
9000008669,2025-06-24 16:00,0.751389,12,3,15,75,110,185,116,29,145,23,3,25,31.5,15.6,36.7,30.28,9.17,0.0,1.83,0.0,6.42
9000008669,2025-06-24 17:00,0.755833,5,0,5,58,77,135,154,30,184,13,1,15,31.0,25.18,35.25,24.46,7.91,1.44,0.72,1.44,4.32
9000008669,2025-06-24 18:00,0.755833,3,7,9,64,84,147,141,52,192,8,5,13,29.5,27.59,27.59,30.34,1.38,2.07,4.14,1.38,5.52
9000008669,2025-06-24 19:00,0.783056,13,17,30,51,87,138,134,53,186,4,6,10,27.5,18.49,41.78,29.45,2.05,0.68,1.37,1.37,4.79
9000008669,2025-06-24 20:00,0.721667,7,5,12,46,54,100,74,41,115,8,7,15,54.5,8.43,40.96,27.71,6.02,1.2,2.41,4.82,9.64
9000008669,2025-06-24 21:00,0.164444,0,8,8,40,17,56,33,35,68,0,4,4,32.5,18.18,36.36,36.36,18.18,9.09,0.0,0.0,0.0
9000008669,2025-06-25 05:00,0.1625,0,0,0,0,12,12,6,18,25,0,0,0,97.0,25.0,25.0,0.0,0.0,0.0,0.0,25.0,25.0
9000008669,2025-06-25 06:00,0.470278,3,0,3,0,18,18,22,9,31,0,1,1,35.5,13.33,33.33,26.67,33.33,0.0,0.0,0.0,0.0
9000008669,2025-06-25 07:00,0.643611,0,0,0,10,55,65,125,41,167,14,13,27,30.5,9.35,28.04,45.79,10.28,2.8,0.0,1.87,0.93
9000008669,2025-06-25 08:00,0.768611,1,1,3,12,77,89,161,45,207,19,3,22,44.0,5.66,19.5,47.17,10.06,3.14,1.26,3.14,10.06
9000008669,2025-06-25 09:00,0.758611,1,1,3,28,67,94,143,26,169,20,11,30,35.0,7.03,33.59,35.94,10.16,1.56,1.56,3.12,7.81
9000008669,2025-06-25 10:00,0.753889,3,0,3,18,51,68,98,31,128,13,9,23,32.5,14.43,36.08,34.02,1.03,3.09,2.06,1.03,8.25
9000008669,2025-06-25 11:00,0.739722,3,0,3,25,50,75,86,50,136,9,31,41,29.5,23.76,33.66,28.71,5.94,0.99,0.99,0.99,4.95
9000008669,2025-06-25 12:00,0.691667,1,2,3,17,56,74,69,57,126,14,35,49,32.0,42.53,17.24,21.84,9.2,2.3,1.15,0.0,5.75
9000008669,2025-06-25 13:00,0.701944,0,0,0,37,63,101,89,59,147,15,16,31,34.0,18.45,35.92,31.07,0.97,3.88,3.88,2.91,4.85
9000008669,2025-06-25 14:00,0.726389,7,0,7,46,86,132,73,36,109,8,14,22,57.0,16.46,36.71,13.92,8.86,7.59,3.8,3.8,10.13
9000008669,2025-06-25 15:00,0.733889,1,3,4,46,74,121,89,44,133,8,8,17,50.5,30.61,9.18,25.51,15.31,3.06,7.14,2.04,6.12
9000008669,2025-06-25 16:00,0.723889,6,4,10,81,95,177,102,37,139,0,3,3,39.5,19.8,34.65,25.74,4.95,3.96,2.97,0.99,6.93
9000008669,2025-06-25 17:00,0.75,13,3,16,60,98,157,99,31,130,8,0,8,32.0,19.59,34.02,28.87,7.22,2.06,1.03,2.06,5.15
9000008669,2025-06-25 18:00,0.743889,16,8,24,55,44,99,95,50,145,7,4,11,29.5,16.67,42.59,26.85,2.78,3.7,0.0,1.85,5.56
9000008669,2025-06-25 19:00,0.769444,10,5,16,36,61,97,89,49,139,10,1,12,35.0,15.89,37.38,28.04,3.74,1.87,1.87,3.74,7.48
9000008669,2025-06-25 20:00,0.789444,19,14,33,30,83,113,67,32,99,6,5,11,74.0,15.38,33.33,23.08,3.85,0.0,3.85,2.56,17.95
9000008669,2025-06-25 21:00,0.342778,28,9,37,25,54,79,58,29,87,3,3,5,33.5,6.67,36.67,36.67,6.67,3.33,3.33,3.33,3.33
9000008669,2025-06-26 04:00,0.078056,0,0,0,0,0,0,0,0,0,0,0,0,,0.0,0.0,0.0,0.0,0.0,0.0,0.0,0.0
9000008669,2025-06-26 05:00,0.590833,2,4,6,1,5,6,10,13,23,2,5,7,86.0,7.14,21.43,42.86,0.0,0.0,0.0,7.14,21.43
9000008669,2025-06-26 06:00,0.728333,4,13,16,3,18,21,30,17,47,8,7,15,56.5,0.0,26.47,17.65,35.29,2.94,5.88,2.94,8.82
9000008669,2025-06-26 07:00,0.797778,8,13,20,18,48,66,100,36,136,6,24,30,34.5,17.59,25.0,34.26,11.11,2.78,2.78,2.78,3.7
9000008669,2025-06-26 08:00,0.783889,6,13,19,37,69,106,144,32,176,15,1,17,38.0,5.07,21.74,47.83,11.59,2.17,5.07,1.45,5.07
9000008669,2025-06-26 09:00,0.701667,7,7,14,50,90,140,130,24,154,16,3,19,29.5,14.81,33.33,37.96,5.56,0.93,3.7,0.93,2.78
9000008669,2025-06-26 10:00,0.726944,8,14,22,29,87,116,93,33,126,19,4,23,50.5,17.39,31.52,17.39,16.3,2.17,4.35,2.17,8.7
9000008669,2025-06-26 11:00,0.760556,4,7,11,15,48,62,93,39,132,14,14,29,33.5,19.8,31.68,27.72,8.91,4.95,3.96,0.99,1.98
9000008669,2025-06-26 12:00,0.7575,16,12,28,37,83,120,104,61,165,21,32,53,27.0,34.4,27.2,28.8,2.4,0.8,0.8,2.4,3.2
9000008669,2025-06-26 13:00,0.727222,8,12,21,35,59,94,79,80,159,16,27,44,28.0,32.76,33.62,21.55,4.31,0.86,0.86,0.86,5.17
9000008669,2025-06-26 14:00,0.751667,9,8,17,57,93,150,139,63,202,11,15,25,31.0,20.39,30.26,33.55,6.58,1.97,0.66,1.97,4.61
9000008669,2025-06-26 15:00,0.762222,8,5,13,144,144,288,69,28,97,3,5,8,59.5,18.92,13.51,28.38,14.86,2.7,6.76,4.05,10.81
9000008669,2025-06-26 16:00,0.746389,9,11,20,56,86,142,99,44,143,5,3,8,55.0,21.5,21.5,29.91,8.41,2.8,3.74,4.67,7.48
9000008669,2025-06-26 17:00,0.749167,8,6,15,68,72,140,89,27,116,7,7,14,59.5,20.69,18.39,33.33,6.9,1.15,4.6,4.6,10.34
9000008669,2025-06-26 18:00,0.672778,10,13,23,53,95,148,97,20,117,10,1,11,54.0,15.19,29.11,36.71,2.53,0.0,1.27,7.59,7.59
9000008669,2025-06-26 19:00,0.798889,19,10,29,28,87,114,74,27,101,8,1,9,65.0,9.88,40.74,23.46,3.7,1.23,2.47,3.7,14.81
9000008669,2025-06-26 20:00,0.7875,18,18,35,14,66,80,85,15,100,1,0,1,57.0,6.33,26.58,40.51,7.59,1.27,6.33,2.53,8.86
9000008669,2025-06-26 21:00,0.200833,21,0,21,11,75,86,49,4,53,0,4,4,32.5,9.09,36.36,27.27,18.18,9.09,0.0,0.0,0.0
9000008669,2025-06-27 05:00,0.346111,0,2,2,0,11,11,11,2,13,7,0,7,20.0,20.0,80.0,20.0,0.0,0.0,0.0,0.0,0.0
9000008669,2025-06-27 06:00,0.591111,1,4,5,1,32,33,25,6,31,0,2,2,66.0,5.56,22.22,44.44,5.56,5.56,5.56,5.56,11.11
9000008669,2025-06-27 07:00,0.776389,8,10,18,17,66,82,91,22,113,5,5,10,35.0,10.23,29.55,34.09,12.5,3.41,2.27,1.14,6.82
9000008669,2025-06-27 08:00,0.762778,9,14,23,26,67,93,88,26,114,14,6,21,29.5,17.24,29.89,39.08,6.9,1.15,3.45,2.3,1.15
9000008669,2025-06-27 09:00,0.704722,6,3,8,35,72,107,74,29,102,10,4,14,32.0,18.06,41.67,23.61,5.56,4.17,2.78,1.39,2.78
9000008669,2025-06-27 10:00,0.753611,5,5,10,40,65,105,111,24,135,12,7,18,38.5,9.8,33.33,37.25,5.88,2.94,1.96,4.9,3.92
9000008669,2025-06-27 11:00,0.756111,1,7,8,25,80,105,112,23,135,25,4,29,37.0,15.69,29.41,30.39,10.78,2.94,0.98,1.96,7.84
9000008669,2025-06-27 12:00,0.778333,8,6,14,32,75,107,170,35,205,23,24,48,34.5,10.0,34.38,34.38,8.12,3.12,2.5,1.25,5.62
9000008669,2025-06-27 13:00,0.760833,7,6,13,35,112,147,172,53,224,33,30,62,32.5,16.37,28.65,38.01,7.02,2.34,1.17,2.34,4.09
9000008669,2025-06-27 14:00,0.733889,1,3,4,46,79,125,119,67,186,10,12,22,38.0,40.44,22.06,20.59,2.21,2.21,0.74,1.47,10.29
9000008669,2025-06-27 15:00,0.748333,4,3,7,41,74,114,145,59,204,20,11,31,29.0,26.8,34.64,24.84,4.58,3.27,0.0,2.61,3.27
9000008669,2025-06-27 16:00,0.758056,7,5,12,61,104,165,122,26,148,5,0,5,40.0,22.32,21.43,25.0,16.07,5.36,3.57,2.68,3.57
9000008669,2025-06-27 17:00,0.736389,9,10,19,56,86,141,95,34,129,1,1,3,38.0,17.89,32.63,29.47,6.32,3.16,1.05,4.21,5.26
9000008669,2025-06-27 18:00,0.758056,15,13,28,68,101,169,142,39,181,9,3,12,38.0,13.87,27.74,32.85,12.41,2.92,0.73,1.46,8.76
9000008669,2025-06-27 19:00,0.768889,13,8,21,57,96,154,118,40,159,4,1,5,46.0,11.48,27.05,30.33,11.48,7.38,4.92,0.82,6.56
9000008669,2025-06-27 20:00,0.453056,10,9,19,53,90,143,84,41,124,5,4,10,67.5,8.93,25.0,26.79,7.14,7.14,3.57,12.5,10.71
9000008669,2025-06-27 21:00,0.174722,0,0,0,29,29,57,57,46,103,0,40,40,46.5,5.56,27.78,38.89,11.11,5.56,5.56,0.0,5.56
9000008669,2025-06-28 04:00,0.040278,0,0,0,0,0,0,25,0,25,0,0,0,29.0,0.0,0.0,100.0,0.0,0.0,0.0,0.0,0.0
9000008669,2025-06-28 05:00,0.4025,5,0,5,5,19,24,7,3,10,5,1,7,115.0,0.0,25.0,50.0,0.0,0.0,0.0,0.0,75.0
9000008669,2025-06-28 06:00,0.741944,2,3,5,4,13,17,13,4,17,4,6,11,81.0,8.33,16.67,33.33,25.0,0.0,0.0,0.0,16.67
9000008669,2025-06-28 07:00,0.775833,3,3,5,1,11,12,13,13,26,1,4,5,30.0,15.0,50.0,20.0,5.0,5.0,0.0,5.0,0.0
9000008669,2025-06-28 08:00,0.772778,8,7,14,9,14,23,35,22,57,3,4,7,61.5,15.91,25.0,25.0,6.82,2.27,9.09,2.27,13.64
9000008669,2025-06-28 09:00,0.724722,9,3,12,18,25,43,40,25,65,7,18,25,53.5,23.4,27.66,23.4,6.38,2.13,2.13,2.13,12.77
9000008669,2025-06-28 10:00,0.731111,4,6,10,18,23,41,53,46,99,22,33,54,31.5,32.88,27.4,23.29,8.22,1.37,1.37,0.0,6.85
9000008669,2025-06-28 11:00,0.775278,9,18,27,16,24,40,73,68,141,35,33,68,29.5,21.1,41.28,23.85,1.83,0.0,1.83,3.67,7.34
9000008669,2025-06-28 12:00,0.77,14,6,21,23,44,67,117,55,171,39,44,83,45.0,22.73,37.88,20.45,1.52,5.3,0.76,1.52,9.85
9000008669,2025-06-28 13:00,0.723056,9,5,15,31,54,84,91,90,181,30,40,70,29.0,19.85,45.8,21.37,0.0,3.82,0.0,1.53,8.4
9000008669,2025-06-28 14:00,0.681389,3,9,12,66,70,136,89,61,149,19,10,29,24.0,27.45,43.14,22.55,0.98,0.0,3.92,1.96,0.98
9000008669,2025-06-28 15:00,0.708056,9,0,9,108,161,269,90,37,127,19,3,21,31.5,31.11,28.89,24.44,2.22,2.22,1.11,3.33,6.67
9000008669,2025-06-28 16:00,0.756389,5,8,13,63,88,151,123,53,175,30,11,41,28.0,7.52,55.64,24.06,1.5,0.75,1.5,2.26,6.77
9000008669,2025-06-28 17:00,0.738611,12,10,22,80,53,133,87,54,141,19,23,42,25.5,23.08,46.15,20.19,0.0,2.88,0.96,2.88,4.81
9000008669,2025-06-28 18:00,0.781389,12,13,24,84,59,143,113,72,184,20,36,56,44.5,4.86,42.36,31.94,2.08,4.86,4.86,2.78,6.25
9000008669,2025-06-28 19:00,0.786111,19,10,30,43,43,87,97,84,181,22,24,46,52.0,11.27,40.85,26.76,4.93,0.7,4.23,4.23,7.04
9000008669,2025-06-28 20:00,0.786667,10,13,23,45,37,81,106,77,184,11,16,28,50.5,14.58,50.69,13.89,3.47,2.78,2.08,4.17,9.03
9000008669,2025-06-28 21:00,0.178889,6,11,17,45,84,129,140,50,190,28,0,28,51.5,2.94,38.24,35.29,2.94,2.94,11.76,0.0,5.88
9000008669,2025-06-29 04:00,0.040278,50,25,74,0,25,25,0,25,25,0,0,0,49.0,0.0,0.0,0.0,0.0,100.0,0.0,0.0,0.0
9000008669,2025-06-29 05:00,0.402222,3,5,7,9,0,9,2,4,6,0,3,3,22.5,0.0,50.0,50.0,0.0,0.0,0.0,0.0,0.0
9000008669,2025-06-29 06:00,0.393889,3,0,3,0,6,6,4,8,11,3,0,3,88.0,0.0,0.0,40.0,0.0,0.0,0.0,0.0,80.0
9000008669,2025-06-29 07:00,0.808056,1,2,4,1,1,2,6,9,15,1,10,11,76.0,0.0,50.0,25.0,0.0,0.0,8.33,0.0,16.67
9000008669,2025-06-29 08:00,0.734444,3,1,4,4,9,13,7,12,19,3,4,7,47.0,0.0,50.0,21.43,7.14,14.29,0.0,7.14,0.0
9000008669,2025-06-29 09:00,0.679444,6,6,12,11,21,31,13,28,41,7,6,13,64.0,21.43,46.43,10.71,0.0,3.57,0.0,3.57,14.29
9000008669,2025-06-29 10:00,0.677778,6,6,12,10,19,29,18,16,34,12,6,18,26.0,34.78,30.43,30.43,0.0,0.0,0.0,0.0,4.35
9000008669,2025-06-29 11:00,0.685556,3,7,10,12,17,29,10,22,32,19,17,36,33.5,40.91,31.82,9.09,4.55,4.55,4.55,4.55,0.0
9000008669,2025-06-29 12:00,0.737778,7,4,11,24,29,53,44,35,79,16,5,22,48.0,25.86,34.48,18.97,3.45,3.45,5.17,5.17,3.45
9000008669,2025-06-29 13:00,0.705833,1,0,1,32,23,55,51,31,82,11,17,28,24.0,48.28,22.41,20.69,1.72,0.0,0.0,3.45,3.45
9000008669,2025-06-29 14:00,0.689722,6,4,10,29,32,61,62,32,94,11,20,32,31.5,29.23,26.15,29.23,1.54,0.0,4.62,1.54,7.69
9000008669,2025-06-29 15:00,0.684444,7,3,10,47,60,107,69,38,108,4,10,14,29.5,25.68,31.08,31.08,1.35,1.35,2.7,4.05,4.05
9000008669,2025-06-29 16:00,0.673333,6,4,10,41,32,74,57,29,85,12,9,21,26.0,38.6,36.84,15.79,1.75,3.51,0.0,0.0,3.51
9000008669,2025-06-29 17:00,0.722222,6,10,15,61,57,118,80,57,137,10,4,14,28.5,17.17,44.44,26.26,3.03,2.02,1.01,2.02,4.04
9000008669,2025-06-29 18:00,0.734722,7,8,15,50,46,96,73,47,120,20,12,32,25.0,21.59,44.32,21.59,5.68,0.0,1.14,1.14,5.68
9000008669,2025-06-29 19:00,0.7825,13,15,28,28,42,70,104,45,149,21,9,30,47.5,7.76,40.52,28.45,7.76,0.86,1.72,1.72,11.21
9000008669,2025-06-29 20:00,0.783056,13,8,20,29,32,61,64,72,135,10,12,22,48.0,10.38,48.11,24.53,0.94,1.89,1.89,2.83,9.43
9000008669,2025-06-29 21:00,0.209722,58,8,65,10,10,20,38,40,78,5,3,8,57.0,12.5,56.25,25.0,0.0,0.0,6.25,6.25,12.5
9000008669,2025-06-30 04:00,0.012222,0,0,0,0,0,0,0,0,0,0,0,0,,0.0,0.0,0.0,0.0,0.0,0.0,0.0,0.0
9000008669,2025-06-30 05:00,0.4225,0,7,7,0,0,0,8,9,17,3,0,3,24.0,0.0,57.14,28.57,14.29,0.0,0.0,0.0,0.0
9000008669,2025-06-30 06:00,0.406389,2,7,9,0,2,2,43,31,73,2,9,11,34.0,13.33,26.67,33.33,16.67,0.0,3.33,3.33,6.67
9000008669,2025-06-30 07:00,0.762778,1,18,19,14,28,42,87,48,134,23,15,38,32.5,4.9,29.41,49.02,5.88,1.96,0.98,0.98,7.84
9000008669,2025-06-30 08:00,0.758333,8,21,29,22,38,61,165,68,233,35,22,58,31.0,16.38,28.81,38.42,6.21,1.69,1.13,1.69,5.65
9000008669,2025-06-30 09:00,0.386944,2,4,6,19,33,53,84,16,100,27,0,27,28.0,17.95,46.15,17.95,5.13,7.69,0.0,2.56,0.0
9000008669,2025-06-30 10:00,0.401944,0,0,0,0,0,0,0,0,0,0,0,0,,0.0,0.0,0.0,0.0,0.0,0.0,0.0,0.0
9000008669,2025-06-30 18:00,0.228333,8,8,16,27,76,104,73,30,103,30,16,46,54.0,20.83,33.33,25.0,0.0,0.0,12.5,0.0,16.67
9000008669,2025-06-30 19:00,0.724167,31,17,48,44,56,100,85,49,135,18,17,35,58.0,9.28,43.3,25.77,5.15,0.0,2.06,4.12,10.31
9000008669,2025-06-30 20:00,0.5925,31,15,45,36,37,73,82,42,124,20,12,32,45.5,5.41,54.05,24.32,1.35,5.41,1.35,2.7,6.76
9000008669,2025-06-30 21:00,0.178333,17,17,34,28,51,79,45,11,56,28,6,33,32.5,0.0,30.0,50.0,10.0,0.0,0.0,10.0,0.0
9000008669,2025-07-01 04:00,0.040556,0,0,0,0,0,0,0,0,0,0,0,0,,0.0,0.0,0.0,0.0,0.0,0.0,0.0,0.0
9000008669,2025-07-01 05:00,0.445,0,3,3,5,5,11,9,6,15,6,3,9,23.5,0.0,50.0,66.67,0.0,0.0,0.0,0.0,0.0
9000008669,2025-07-01 06:00,0.542778,2,11,12,0,22,22,19,21,40,10,20,30,55.0,0.0,27.27,40.91,9.09,4.55,18.18,0.0,4.55
9000008669,2025-07-01 07:00,0.805,10,20,30,19,35,53,102,34,136,21,24,45,30.0,3.67,35.78,45.87,4.59,0.0,1.83,0.92,7.34
9000008669,2025-07-01 08:00,0.688056,10,16,26,28,51,80,159,35,194,39,26,65,29.0,6.02,38.35,44.36,3.01,1.5,0.75,0.75,6.77
9000008669,2025-07-01 09:00,0.524167,0,0,0,0,0,0,0,0,0,0,0,0,,0.0,0.0,0.0,0.0,0.0,0.0,0.0,0.0
9000008669,2025-07-01 10:00,0.283333,0,0,0,0,0,0,0,0,0,0,0,0,,0.0,0.0,0.0,0.0,0.0,0.0,0.0,0.0
9000008669,2025-07-01 19:00,0.14,7,21,29,64,57,122,93,57,150,57,43,100,59.5,4.76,42.86,23.81,9.52,0.0,4.76,0.0,14.29
9000008669,2025-07-01 20:00,0.388889,15,3,18,22,32,54,75,73,148,14,17,30,43.5,13.79,41.38,24.14,5.17,3.45,5.17,1.72,6.9
9000008669,2025-07-01 21:00,0.258889,4,4,8,11,31,42,54,58,112,4,4,8,28.5,10.34,55.17,24.14,3.45,0.0,3.45,0.0,3.45
9000008669,2025-07-02 04:00,0.029444,0,0,0,0,0,0,0,34,34,0,0,0,19.0,0.0,100.0,0.0,0.0,0.0,0.0,0.0,0.0
9000008669,2025-07-02 05:00,0.528333,0,2,2,0,1,1,1,16,17,4,3,7,25.0,0.0,66.67,22.22,0.0,0.0,0.0,0.0,22.22
9000008669,2025-07-02 06:00,0.721111,7,12,20,5,10,15,20,12,32,6,24,30,68.5,0.0,26.09,39.13,8.7,8.7,0.0,4.35,13.04
9000008669,2025-07-02 07:00,0.803889,6,22,29,13,41,54,105,46,152,16,13,29,32.5,4.1,30.33,47.54,6.56,0.82,0.82,1.64,7.38
9000008669,2025-07-02 08:00,0.252778,8,22,29,19,67,86,98,95,193,28,0,28,64.0,4.08,20.41,36.73,10.2,2.04,4.08,8.16,14.29
9000008669,2025-07-02 09:00,0.564444,0,0,0,0,0,0,0,0,0,0,0,0,,0.0,0.0,0.0,0.0,0.0,0.0,0.0,0.0
9000008669,2025-07-02 10:00,0.081111,0,0,0,0,0,0,0,0,0,0,0,0,,0.0,0.0,0.0,0.0,0.0,0.0,0.0,0.0
9000008669,2025-07-03 04:00,0.040278,0,0,0,0,0,0,0,0,0,0,0,0,,0.0,0.0,0.0,0.0,0.0,0.0,0.0,0.0
9000008669,2025-07-03 05:00,0.601667,0,7,7,0,6,6,7,7,14,3,7,11,28.5,0.0,50.0,50.0,0.0,0.0,0.0,0.0,12.5
9000008669,2025-07-03 06:00,0.725278,3,10,13,7,10,18,19,25,44,4,8,13,61.0,6.25,37.5,31.25,0.0,0.0,6.25,6.25,9.38
9000008669,2025-07-03 07:00,0.777778,8,14,22,21,45,66,108,52,159,15,14,29,42.5,16.94,25.81,34.68,6.45,1.61,0.81,4.03,8.87
9000008669,2025-07-03 08:00,0.771389,9,16,25,51,45,96,137,57,194,31,15,46,32.0,13.33,32.67,37.33,6.67,2.0,0.67,0.67,6.67
9000008669,2025-07-03 09:00,0.753333,4,11,14,43,55,98,121,49,170,55,7,62,28.5,17.19,46.09,23.44,3.91,2.34,0.78,0.78,5.47
9000008669,2025-07-03 10:00,0.771111,13,14,27,28,43,71,128,68,196,44,14,58,32.5,10.6,33.11,39.07,3.97,1.99,2.65,2.65,5.3
9000008669,2025-07-03 11:00,0.737222,11,8,19,53,56,109,112,71,183,26,16,42,28.5,28.15,33.33,26.67,4.44,1.48,2.22,0.74,3.7
9000008669,2025-07-03 12:00,0.74,7,5,12,34,43,77,98,74,172,33,26,59,31.5,29.13,36.22,19.69,3.15,0.79,1.57,2.36,7.87
9000008669,2025-07-03 13:00,0.699167,7,0,7,29,43,72,49,99,147,31,37,68,23.0,37.86,37.86,16.5,1.94,0.97,1.94,0.97,1.94
9000008669,2025-07-03 14:00,0.7175,3,1,4,46,41,87,87,64,151,46,22,69,30.0,30.28,36.7,18.35,3.67,0.92,1.83,2.75,5.5
9000008669,2025-07-03 15:00,0.693333,6,3,8,78,120,197,93,42,135,13,7,20,30.0,29.03,38.71,17.2,2.15,0.0,3.23,1.08,8.6
9000008669,2025-07-03 16:00,0.746667,5,13,18,95,149,244,144,25,169,10,5,16,28.5,14.29,44.44,26.98,3.97,0.79,0.0,4.76,4.76
9000008669,2025-07-03 17:00,0.771944,17,17,34,75,103,178,124,35,159,31,0,31,33.0,10.57,32.52,39.84,3.25,2.44,1.63,2.44,7.32
9000008669,2025-07-03 18:00,0.783611,22,22,43,42,92,134,103,51,154,27,4,31,28.0,21.49,30.58,38.02,2.48,0.83,0.83,2.48,3.31
9000008669,2025-07-03 19:00,0.788889,18,15,33,49,75,124,104,73,177,15,9,24,34.0,15.71,41.43,25.71,4.29,2.14,2.86,2.86,5.0
9000008669,2025-07-03 20:00,0.7975,18,10,28,35,28,63,69,66,136,9,1,10,45.0,20.37,36.11,24.07,1.85,4.63,3.7,3.7,5.56
9000008669,2025-07-03 21:00,0.244444,28,6,34,59,31,89,81,55,136,3,6,9,24.0,12.12,51.52,27.27,3.03,0.0,0.0,6.06,3.03
9000008669,2025-07-04 05:00,0.436111,2,2,4,2,2,4,12,17,29,4,2,6,95.5,0.0,61.54,0.0,7.69,0.0,0.0,7.69,23.08
9000008669,2025-07-04 06:00,0.533333,4,2,6,4,24,28,19,21,40,9,6,15,73.0,4.76,23.81,28.57,4.76,9.52,0.0,4.76,19.05
9000008669,2025-07-04 07:00,0.785556,6,23,29,23,24,47,93,58,152,23,9,32,45.5,1.68,31.93,44.54,5.04,2.52,4.2,2.52,7.56
9000008669,2025-07-04 08:00,0.753333,9,13,22,31,25,55,137,71,208,24,14,38,27.5,10.26,45.51,32.05,5.13,1.28,1.92,0.64,3.21
9000008669,2025-07-04 09:00,0.661667,4,6,10,31,50,80,93,58,151,36,16,52,24.5,18.0,48.0,27.0,0.0,1.0,0.0,3.0,3.0
9000008669,2025-07-04 10:00,0.591111,2,0,2,22,34,56,54,68,122,35,15,50,20.0,45.83,38.89,13.89,1.39,0.0,0.0,0.0,0.0
9000008669,2025-07-04 11:00,0.6325,8,8,15,15,39,53,84,57,141,38,28,66,29.5,17.98,38.2,28.09,3.37,3.37,1.12,2.25,4.49
9000008669,2025-07-04 12:00,0.6175,6,1,8,26,33,58,77,74,151,35,25,61,26.5,29.03,39.78,19.35,4.3,1.08,1.08,2.15,4.3
9000008669,2025-07-04 13:00,0.631389,3,6,10,35,42,77,116,139,255,22,42,65,25.5,32.92,39.13,16.77,3.11,1.86,0.62,1.86,4.35
9000008669,2025-07-04 14:00,0.580833,9,2,10,65,83,149,87,103,190,21,28,49,22.0,26.13,54.05,12.61,1.8,0.9,0.0,0.9,3.6
9000008669,2025-07-04 15:00,0.613056,7,0,7,124,146,270,72,70,142,10,5,15,41.0,29.89,35.63,16.09,2.3,8.05,3.45,1.15,3.45
9000008669,2025-07-04 16:00,0.653611,8,7,15,83,96,179,128,35,163,22,11,33,36.5,14.15,32.08,33.96,6.6,1.89,2.83,0.0,8.49
9000008669,2025-07-04 17:00,0.733611,11,3,14,53,88,142,105,54,159,26,5,31,29.5,8.55,42.74,35.04,5.13,1.71,0.0,0.85,5.98
9000008669,2025-07-04 18:00,0.7625,18,24,42,48,76,124,101,78,179,24,31,55,29.0,11.03,48.53,26.47,5.88,2.94,0.74,2.21,2.21
9000008669,2025-07-04 19:00,0.765278,20,20,39,39,51,90,91,90,181,38,34,72,30.5,12.23,44.6,28.06,2.16,0.72,2.16,1.44,8.63
9000008669,2025-07-04 20:00,0.771944,13,14,27,31,28,60,93,100,193,26,34,60,60.5,10.74,47.65,22.82,2.68,0.0,1.34,6.71,8.72
9000008669,2025-07-04 21:00,0.236111,6,13,19,22,13,35,64,102,166,19,3,22,28.5,5.13,58.97,28.21,2.56,0.0,0.0,7.69,2.56
9000008669,2025-07-05 05:00,0.241111,0,0,0,0,8,8,0,21,21,3,0,3,29.5,0.0,60.0,40.0,0.0,0.0,0.0,20.0,0.0
9000008669,2025-07-05 06:00,0.461667,3,3,5,0,10,10,8,8,17,3,4,6,61.0,12.5,50.0,12.5,0.0,0.0,0.0,25.0,0.0
9000008669,2025-07-05 07:00,0.801944,3,5,7,9,7,16,9,11,20,4,14,18,53.0,6.25,31.25,37.5,0.0,6.25,12.5,0.0,6.25
9000008669,2025-07-05 08:00,0.798889,5,4,9,10,24,34,26,33,59,10,1,11,60.0,8.51,40.43,23.4,4.26,2.13,6.38,4.26,10.64
9000008669,2025-07-05 09:00,0.682778,4,7,12,16,25,41,39,31,70,13,4,18,60.0,22.92,22.92,16.67,10.42,4.17,6.25,6.25,8.33
9000008669,2025-07-05 10:00,0.739722,11,10,21,15,35,50,60,62,122,23,16,39,34.0,23.33,41.11,17.78,3.33,1.11,2.22,3.33,7.78
9000008669,2025-07-05 11:00,0.739722,13,7,20,13,39,53,91,93,184,34,27,60,56.5,13.97,44.12,22.79,0.74,2.21,2.94,5.15,8.09
9000008669,2025-07-05 12:00,0.756111,9,9,18,19,28,46,99,79,179,26,25,52,32.0,16.3,43.7,24.44,2.96,0.74,3.7,0.74,7.41
9000008669,2025-07-05 13:00,0.728333,6,13,19,22,29,51,102,73,175,27,51,78,34.5,22.66,35.16,21.88,9.38,0.78,2.34,7.03,1.56
9000008669,2025-07-05 14:00,0.711389,8,10,18,63,36,99,117,60,177,31,47,78,47.5,19.84,42.06,15.87,4.76,4.76,1.59,3.17,8.73
9000008669,2025-07-05 15:00,0.741111,16,6,22,27,27,54,150,75,224,47,38,85,27.5,9.64,53.01,28.31,1.81,0.0,1.81,2.41,3.61
9000008669,2025-07-05 16:00,0.755,18,11,29,38,40,78,167,52,219,50,16,66,30.0,6.02,49.4,30.12,4.22,1.2,1.81,0.0,7.83
9000008669,2025-07-05 17:00,0.707778,6,4,10,59,58,118,111,61,172,20,8,28,36.5,18.85,40.98,21.31,4.92,2.46,4.92,1.64,4.92
9000008669,2025-07-05 18:00,0.735833,5,19,24,43,48,91,78,80,158,30,18,48,29.0,12.07,44.83,31.03,1.72,0.0,0.86,1.72,8.62
9000008669,2025-07-05 19:00,0.794444,12,14,26,32,31,63,73,59,132,30,20,50,25.0,15.24,44.76,28.57,2.86,1.9,0.0,0.95,5.71
9000008669,2025-07-05 20:00,0.791389,9,6,15,26,25,52,80,74,154,26,19,45,28.5,14.75,48.36,23.77,0.82,0.82,1.64,3.28,6.56
9000008669,2025-07-05 21:00,0.136111,8,4,12,27,15,42,31,58,88,8,4,12,63.0,8.33,58.33,25.0,8.33,0.0,0.0,16.67,16.67
9000008669,2025-07-06 05:00,0.546389,2,0,2,0,0,0,4,0,4,1,2,3,32.5,0.0,50.0,50.0,50.0,0.0,0.0,0.0,0.0
9000008669,2025-07-06 06:00,0.583889,0,2,2,3,10,13,11,6,17,1,3,4,111.0,10.0,40.0,30.0,0.0,0.0,0.0,0.0,30.0
9000008669,2025-07-06 07:00,0.759167,1,5,7,1,10,12,10,4,14,0,4,4,26.5,18.18,27.27,45.45,0.0,0.0,0.0,0.0,9.09
9000008669,2025-07-06 08:00,0.658056,3,4,7,4,19,23,9,8,17,0,4,4,29.0,0.0,45.45,45.45,9.09,0.0,0.0,0.0,0.0
9000008669,2025-07-06 09:00,0.754444,3,3,5,5,23,28,32,18,50,7,3,9,77.0,2.63,15.79,50.0,7.89,0.0,0.0,2.63,21.05
9000008669,2025-07-06 10:00,0.743611,11,16,27,19,30,48,38,16,54,4,4,8,39.0,20.0,37.5,27.5,2.5,2.5,2.5,0.0,10.0
9000008669,2025-07-06 11:00,0.716667,4,4,8,6,43,49,42,27,68,4,3,7,29.5,24.49,20.41,40.82,6.12,2.04,0.0,4.08,2.04
9000008669,2025-07-06 12:00,0.717778,6,8,14,18,64,82,72,18,91,5,7,12,33.5,9.23,30.77,38.46,9.23,4.62,0.0,1.54,7.69
9000008669,2025-07-06 13:00,0.695833,7,7,14,8,45,53,79,27,106,6,4,10,34.5,13.51,32.43,32.43,8.11,1.35,5.41,4.05,2.7
9000008669,2025-07-06 14:00,0.704722,9,11,20,24,48,71,66,31,97,5,12,17,32.0,11.76,27.94,42.65,7.35,1.47,4.41,1.47,2.94
9000008669,2025-07-06 15:00,0.776111,12,16,27,31,42,73,68,45,113,22,5,27,31.5,4.55,40.91,38.64,5.68,0.0,1.14,6.82,2.27
9000008669,2025-07-06 16:00,0.751111,9,9,19,36,41,77,73,49,123,13,9,22,30.5,2.17,53.26,29.35,3.26,3.26,1.09,2.17,5.43
9000008669,2025-07-06 17:00,0.770278,16,8,23,41,38,79,111,49,160,18,5,23,36.0,4.88,45.53,33.33,2.44,3.25,1.63,0.81,8.13
9000008669,2025-07-06 18:00,0.767778,22,10,33,44,64,108,111,64,175,29,7,35,39.5,14.18,38.81,26.12,5.97,0.75,2.24,2.99,8.96
9000008669,2025-07-06 19:00,0.764722,11,14,25,26,59,85,77,30,107,18,4,22,36.0,7.32,32.93,39.02,8.54,3.66,2.44,0.0,6.1
9000008669,2025-07-06 20:00,0.328611,9,19,27,19,33,53,76,48,125,7,0,7,33.5,2.44,43.9,36.59,4.88,4.88,2.44,2.44,4.88
9000008669,2025-07-07 05:00,0.256944,0,4,4,5,0,5,7,12,19,3,0,3,41.0,0.0,60.0,20.0,0.0,20.0,0.0,0.0,0.0
9000008669,2025-07-07 06:00,0.281389,9,9,18,0,25,25,7,10,17,10,5,15,83.0,0.0,40.0,20.0,0.0,0.0,0.0,0.0,40.0
9000008669,2025-07-07 07:00,0.451389,3,24,27,33,49,82,98,36,134,34,4,37,32.5,11.48,29.51,40.98,6.56,6.56,1.64,1.64,0.0
9000008669,2025-07-07 08:00,0.652222,5,19,24,21,51,71,141,66,208,30,18,48,29.5,14.07,40.74,31.85,2.96,2.22,0.0,1.48,5.93
9000008669,2025-07-07 09:00,0.771389,10,9,19,20,47,66,137,53,191,50,14,65,32.5,12.93,36.05,35.37,3.4,0.68,2.04,3.4,6.12
9000008669,2025-07-07 10:00,0.765278,3,1,4,31,63,94,99,67,166,30,30,60,25.0,18.9,44.88,25.98,3.94,1.57,0.79,1.57,2.36
9000008669,2025-07-07 11:00,0.764444,9,7,16,17,48,65,106,72,178,35,17,52,30.0,22.06,36.03,27.21,2.21,2.94,3.68,0.74,5.15
9000008669,2025-07-07 12:00,0.778611,12,5,17,23,31,54,109,62,171,30,27,57,29.0,10.53,48.12,27.07,4.51,1.5,2.26,0.75,5.26
9000008669,2025-07-07 13:00,0.769444,8,10,18,34,28,61,102,91,193,34,42,76,25.0,18.79,40.27,30.2,1.34,1.34,2.01,2.01,4.03
9000008669,2025-07-07 14:00,0.756944,3,6,9,24,46,69,83,73,156,35,46,81,61.0,20.34,37.29,22.88,3.39,0.85,0.0,2.54,12.71
9000008669,2025-07-07 15:00,0.7075,1,1,3,78,155,234,101,54,154,31,31,62,29.0,18.35,40.37,25.69,0.92,0.92,0.92,5.5,6.42
9000008669,2025-07-07 16:00,0.723333,8,7,15,100,146,245,70,55,125,23,7,30,66.0,31.11,28.89,20.0,0.0,4.44,0.0,3.33,13.33
9000008669,2025-07-07 17:00,0.624167,3,3,6,38,70,109,110,90,201,34,10,44,34.0,14.4,42.4,28.0,2.4,0.8,1.6,4.0,8.8
9000008669,2025-07-07 18:00,0.715,12,13,25,46,48,94,145,84,229,23,12,35,28.5,9.2,42.33,37.42,1.23,1.84,1.84,0.61,6.13
9000008669,2025-07-07 19:00,0.788889,18,15,33,39,34,74,97,73,171,23,1,24,38.0,5.93,46.67,28.89,4.44,4.44,0.74,2.96,5.93
9000008669,2025-07-07 20:00,0.793056,16,14,30,35,35,71,64,57,121,11,4,15,31.5,11.46,50.0,22.92,3.12,3.12,2.08,1.04,6.25
9000008669,2025-07-07 21:00,0.2,5,3,8,8,23,31,98,93,190,3,3,5,19.5,0.0,92.11,5.26,2.63,0.0,0.0,2.63,0.0
9000008669,2025-07-08 05:00,0.408056,0,3,3,3,6,9,10,12,23,7,2,9,24.0,0.0,55.56,44.44,0.0,0.0,0.0,11.11,0.0
9000008669,2025-07-08 06:00,0.791389,5,9,14,4,10,14,25,27,52,11,10,21,30.0,9.76,39.02,36.59,7.32,0.0,2.44,0.0,4.88
9000008669,2025-07-08 07:00,0.769444,7,14,21,18,35,53,111,51,161,25,17,42,31.0,11.29,36.29,36.29,5.65,0.0,2.42,0.81,7.26
9000008669,2025-07-08 08:00,0.711944,5,28,33,25,47,72,140,67,207,33,15,48,34.0,24.49,35.37,23.13,4.76,2.04,2.04,1.36,7.48
9000008669,2025-07-08 09:00,0.693056,1,9,10,37,55,92,119,55,174,55,20,75,28.0,21.67,43.33,22.5,5.83,2.5,0.0,0.83,2.5
9000008669,2025-07-08 10:00,0.689722,1,1,3,31,25,56,91,55,146,33,15,48,30.0,21.78,34.65,28.71,4.95,0.99,0.99,2.97,4.95
9000008669,2025-07-08 11:00,0.723889,4,4,8,15,37,52,68,69,137,35,19,54,25.0,31.31,46.46,9.09,1.01,2.02,0.0,3.03,7.07
9000008669,2025-07-08 12:00,0.763056,11,4,14,33,46,79,100,65,165,44,13,57,28.0,18.25,42.86,26.98,2.38,2.38,3.17,0.79,3.17
9000008669,2025-07-08 13:00,0.766667,5,5,10,16,48,64,115,112,227,39,33,71,23.5,27.59,47.13,18.39,2.3,1.15,0.0,0.0,3.45
9000008669,2025-07-08 14:00,0.746944,8,5,13,26,37,63,108,97,205,46,33,79,30.0,25.49,41.18,18.95,3.92,1.31,1.96,2.61,5.23
9000008669,2025-07-08 15:00,0.745,14,5,20,60,86,146,124,93,217,39,34,72,27.0,22.22,43.83,21.6,3.7,0.62,1.85,1.85,4.32
9000008669,2025-07-08 16:00,0.762778,16,8,23,55,85,141,153,119,272,25,22,47,25.5,25.6,43.96,18.36,1.93,1.93,2.42,1.45,4.83
9000008669,2025-07-08 17:00,0.763611,17,18,35,54,112,166,139,56,195,35,4,39,33.0,14.09,44.97,24.83,4.03,0.67,0.67,2.68,8.05
9000008669,2025-07-08 18:00,0.775,15,17,32,41,79,120,119,77,196,23,10,33,27.5,16.45,48.03,23.68,4.61,0.0,1.97,1.32,3.29
9000008669,2025-07-08 19:00,0.7775,18,13,31,54,58,112,77,70,147,27,5,32,28.5,15.79,46.49,24.56,1.75,0.0,4.39,3.51,3.51
9000008669,2025-07-08 20:00,0.783056,24,19,43,27,52,79,63,49,111,6,3,9,39.5,14.94,44.83,21.84,3.45,3.45,1.15,2.3,8.05
9000008669,2025-07-08 21:00,0.192778,29,7,35,10,54,64,23,48,71,7,0,7,29.5,7.14,71.43,14.29,0.0,0.0,7.14,7.14,7.14
9000008669,2025-07-09 05:00,0.295556,0,0,0,0,0,0,21,28,49,0,6,6,26.5,0.0,53.33,46.67,0.0,0.0,0.0,0.0,6.67
9000008669,2025-07-09 06:00,0.643056,1,4,6,7,18,25,26,16,43,6,7,13,29.0,22.22,44.44,22.22,3.7,3.7,0.0,0.0,7.41
9000008669,2025-07-09 07:00,0.716111,5,13,17,13,40,52,100,45,145,15,8,23,49.0,8.65,35.58,34.62,4.81,1.92,1.92,3.85,10.58
9000008669,2025-07-09 08:00,0.780556,9,9,18,21,64,84,146,54,200,28,10,38,35.5,6.41,37.82,38.46,5.13,0.64,2.56,1.92,7.05
9000008669,2025-07-09 09:00,0.766389,14,12,26,23,43,66,102,69,171,49,20,69,28.5,12.98,45.8,29.77,3.82,0.0,1.53,1.53,4.58
9000008669,2025-07-09 10:00,0.750278,13,9,22,18,33,51,105,93,199,33,21,54,25.5,16.78,50.34,24.83,0.67,0.67,0.0,1.34,5.37
9000008669,2025-07-09 11:00,0.731667,7,3,10,30,45,76,104,77,181,33,17,50,26.0,19.7,40.15,33.33,2.27,0.76,0.0,1.52,3.03
9000008669,2025-07-09 12:00,0.755556,11,11,21,24,60,84,103,100,203,37,28,64,34.5,12.99,49.35,20.78,4.55,1.95,1.95,1.3,7.14
9000008669,2025-07-09 13:00,0.749722,7,11,17,38,47,85,100,96,196,24,22,46,30.0,17.01,42.86,25.17,3.4,1.36,0.0,2.04,8.16
9000008669,2025-07-09 14:00,0.686389,1,3,4,38,65,103,72,89,160,26,29,55,27.0,20.91,42.73,25.45,2.73,0.91,1.82,0.91,5.45
9000008669,2025-07-09 15:00,0.694722,11,7,18,46,95,141,100,81,181,14,20,35,28.5,22.22,33.33,30.95,3.17,0.79,2.38,2.38,4.76
9000008669,2025-07-09 16:00,0.732222,30,14,44,45,95,140,135,100,235,34,21,55,28.5,13.37,41.86,31.98,2.33,0.58,2.33,2.91,4.65
9000008669,2025-07-09 17:00,0.735278,16,12,28,62,84,146,127,72,199,30,26,55,35.0,16.44,41.78,23.29,5.48,2.74,1.37,1.37,7.53
9000008669,2025-07-09 18:00,0.736667,18,7,24,68,61,129,101,99,200,15,12,27,27.5,20.41,51.7,14.97,4.08,1.36,2.04,0.68,4.76
9000008669,2025-07-09 19:00,0.739167,15,15,30,37,66,103,93,71,165,15,1,16,32.5,26.23,40.16,18.03,2.46,2.46,4.1,1.64,4.92
9000008669,2025-07-09 20:00,0.767222,26,13,39,20,39,59,74,62,136,20,5,25,56.0,10.48,48.57,17.14,0.95,4.76,3.81,4.76,8.57
9000008669,2025-07-09 21:00,0.138611,16,8,23,51,63,114,20,142,161,0,8,8,78.5,0.0,27.27,36.36,4.55,0.0,4.55,0.0,36.36
9000008669,2025-07-10 05:00,0.406389,0,3,3,0,3,3,6,21,27,3,4,7,25.0,0.0,54.55,36.36,0.0,0.0,0.0,0.0,0.0
9000008669,2025-07-10 06:00,0.636111,1,7,8,5,16,21,18,19,37,7,8,14,66.0,4.17,33.33,33.33,8.33,0.0,0.0,4.17,12.5
9000008669,2025-07-10 07:00,0.717222,5,21,27,10,44,54,82,43,126,20,15,35,32.5,1.11,40.0,43.33,2.22,2.22,0.0,6.67,5.56
9000008669,2025-07-10 08:00,0.7575,11,8,19,18,50,68,134,71,205,47,9,57,42.5,8.33,33.97,37.82,3.85,1.92,2.56,3.85,7.69
9000008669,2025-07-10 09:00,0.596944,2,3,5,36,60,96,138,52,190,40,6,46,29.5,13.16,31.58,40.35,3.51,4.39,0.88,1.75,3.51
9000008669,2025-07-10 10:00,0.685278,3,6,9,15,33,48,99,99,198,27,14,41,33.0,26.47,34.56,21.32,6.62,4.41,2.94,1.47,2.21
9000008669,2025-07-10 11:00,0.644444,3,4,7,32,40,71,46,78,124,43,12,56,24.5,27.5,48.75,13.75,2.5,0.0,0.0,2.5,5.0
9000008669,2025-07-10 12:00,0.696111,4,7,11,51,55,106,130,72,202,48,19,67,41.0,19.29,38.57,25.0,2.86,2.86,3.57,1.43,7.86
9000008669,2025-07-10 13:00,0.711389,10,6,16,33,35,67,143,146,289,34,33,68,27.0,21.36,43.2,24.76,2.91,0.49,1.94,0.97,4.37
9000008669,2025-07-10 14:00,0.750833,7,8,15,30,78,107,149,123,273,60,38,98,26.5,15.12,44.39,32.2,3.41,0.49,0.0,1.46,2.44
9000008669,2025-07-10 15:00,0.740556,8,5,13,39,60,99,129,115,244,34,62,96,33.5,20.44,49.17,13.81,3.31,3.31,2.76,1.1,5.52
9000008669,2025-07-10 16:00,0.756111,22,17,40,38,59,98,157,98,255,44,52,95,29.0,10.88,53.37,22.28,2.59,2.59,1.55,2.07,4.66
9000008669,2025-07-10 17:00,0.763889,20,10,30,45,58,102,139,115,254,32,25,57,32.0,12.37,41.24,30.41,4.12,2.06,2.06,2.06,5.67
9000008669,2025-07-10 18:00,0.757222,25,12,37,54,85,139,123,90,212,25,13,38,33.5,8.7,48.45,26.09,3.11,3.11,1.86,3.11,5.59
9000008669,2025-07-10 19:00,0.777778,19,15,35,40,62,101,82,49,131,17,12,28,30.0,9.8,46.08,29.41,4.9,0.98,2.94,0.0,5.88
9000008669,2025-07-10 20:00,0.629722,18,22,40,36,43,79,76,55,131,12,3,15,75.0,6.02,43.37,20.48,3.61,2.41,3.61,4.82,18.07
9000008669,2025-07-11 05:00,0.483333,0,0,0,0,2,2,7,22,29,3,10,13,49.5,0.0,57.14,28.57,0.0,7.14,0.0,7.14,7.14
9000008669,2025-07-11 06:00,0.721389,4,7,11,3,9,12,11,14,25,1,13,14,66.5,0.0,38.89,27.78,11.11,5.56,0.0,5.56,11.11
9000008669,2025-07-11 07:00,0.747778,11,20,31,23,27,50,86,26,112,21,12,34,32.0,15.66,21.69,44.58,8.43,0.0,3.61,2.41,3.61
9000008669,2025-07-11 08:00,0.703056,4,14,18,30,48,78,113,75,187,30,9,39,31.5,8.33,32.58,43.18,6.82,0.76,2.27,3.03,3.03
9000008669,2025-07-11 09:00,0.727778,11,14,25,13,57,69,120,55,175,26,12,39,29.5,6.3,43.31,37.8,2.36,2.36,1.57,0.0,6.3
9000008669,2025-07-11 10:00,0.732222,14,8,22,34,57,92,112,69,180,32,7,38,35.5,15.91,42.42,26.52,1.52,1.52,3.03,5.3,3.79
9000008669,2025-07-11 11:00,0.673889,1,4,6,32,45,77,64,55,119,35,17,52,34.5,28.75,28.75,22.5,8.75,2.5,5.0,2.5,2.5
9000008669,2025-07-11 12:00,0.703611,0,10,10,43,86,129,143,80,223,22,21,43,28.0,18.47,36.31,31.85,3.82,1.91,0.64,1.27,5.73
9000008669,2025-07-11 13:00,0.674167,10,3,13,37,109,146,110,74,184,27,21,48,28.5,33.87,33.87,18.55,3.23,0.81,3.23,2.42,4.03
9000008669,2025-07-11 14:00,0.704167,4,8,13,50,104,154,154,111,265,40,21,61,28.0,20.86,41.18,26.74,3.74,1.07,2.14,1.07,3.74
9000008669,2025-07-11 15:00,0.748611,13,12,25,28,94,122,145,120,266,33,23,55,29.0,16.58,46.73,23.12,2.51,0.5,1.51,3.52,5.53
9000008669,2025-07-11 16:00,0.685278,4,9,13,45,82,127,134,52,187,39,16,56,26.5,22.66,43.75,24.22,3.91,0.0,2.34,1.56,1.56
9000008669,2025-07-11 17:00,0.674444,9,4,13,31,58,89,126,73,199,26,12,38,26.0,25.37,40.3,23.88,4.48,1.49,2.24,0.0,2.24
9000008669,2025-07-11 18:00,0.725833,13,9,22,47,51,98,171,104,274,29,17,47,31.0,16.08,52.26,16.58,1.01,2.01,2.01,3.52,6.53
9000008669,2025-07-11 19:00,0.760556,5,12,17,32,40,72,99,79,178,29,18,47,29.5,22.96,45.93,16.3,2.22,0.74,1.48,0.74,9.63
9000008669,2025-07-11 20:00,0.445278,7,9,16,29,25,54,97,68,166,17,13,30,61.5,8.11,39.19,27.03,5.41,0.0,4.05,4.05,13.51
9000008669,2025-07-12 06:00,0.089167,0,0,0,22,11,34,22,0,22,0,0,0,33.5,0.0,50.0,0.0,50.0,0.0,0.0,0.0,0.0
9000008669,2025-07-12 07:00,0.269167,0,6,6,3,9,11,5,11,16,0,5,5,60.5,25.0,0.0,75.0,0.0,0.0,0.0,25.0,0.0
9000008669,2025-07-12 08:00,0.310278,2,0,2,28,16,43,25,17,42,2,0,2,77.0,7.69,0.0,69.23,7.69,0.0,0.0,0.0,23.08
9000008669,2025-07-12 09:00,0.659722,6,8,14,15,50,65,45,31,76,8,1,9,31.0,22.0,30.0,30.0,8.0,2.0,0.0,2.0,4.0
9000008669,2025-07-12 10:00,0.705556,16,14,30,36,59,95,54,32,86,10,1,12,63.0,14.75,21.31,27.87,6.56,6.56,3.28,9.84,9.84
9000008669,2025-07-12 11:00,0.774722,8,14,22,36,83,119,81,41,122,14,5,19,36.0,13.68,27.37,38.95,7.37,2.11,2.11,2.11,6.32
9000008669,2025-07-12 12:00,0.771944,13,21,34,49,89,138,97,44,142,7,4,10,44.5,15.6,36.7,24.77,6.42,1.83,4.59,2.75,7.34
9000008669,2025-07-12 13:00,0.764722,13,10,24,75,78,153,97,48,145,17,3,20,38.5,9.91,36.04,32.43,7.21,2.7,0.9,2.7,8.11
9000008669,2025-07-12 14:00,0.764722,16,16,31,29,52,81,159,87,245,43,22,65,26.5,12.23,47.87,31.38,2.66,1.06,1.6,0.53,2.66
9000008669,2025-07-12 15:00,0.767778,16,17,33,37,41,78,139,108,246,38,21,59,28.5,19.58,42.86,25.4,4.23,1.59,1.59,1.06,4.23
9000008669,2025-07-12 16:00,0.770833,13,4,17,28,44,72,150,64,214,44,31,75,29.0,18.18,46.06,21.82,4.85,1.82,0.61,2.42,3.64
9000008669,2025-07-12 17:00,0.771111,13,8,21,30,31,61,105,104,210,41,19,61,25.5,19.75,45.06,25.31,2.47,2.47,0.62,0.62,3.09
9000008669,2025-07-12 18:00,0.781389,9,14,23,27,50,77,104,84,188,50,35,85,29.0,25.85,30.61,29.93,2.04,2.04,0.68,2.04,6.8
9000008669,2025-07-12 19:00,0.774722,7,12,18,36,71,107,101,70,171,40,22,62,29.5,6.06,46.97,33.33,2.27,2.27,2.27,4.55,2.27
9000008669,2025-07-12 20:00,0.259444,10,0,10,3,51,54,79,66,145,13,5,18,28.0,10.53,34.21,44.74,7.89,0.0,0.0,0.0,2.63
9000008669,2025-07-13 05:00,0.346111,3,6,8,3,0,3,3,10,13,0,3,3,101.0,0.0,0.0,75.0,0.0,0.0,0.0,0.0,50.0
9000008669,2025-07-13 06:00,0.581389,0,0,0,7,1,8,9,10,19,1,3,5,31.5,0.0,36.36,45.45,9.09,0.0,0.0,0.0,9.09
9000008669,2025-07-13 07:00,0.392222,0,0,0,4,2,6,4,16,20,2,2,4,22.5,0.0,75.0,25.0,0.0,0.0,0.0,0.0,0.0
9000008669,2025-07-13 08:00,0.672222,4,3,6,1,6,8,9,5,14,3,11,13,29.0,0.0,30.0,60.0,0.0,0.0,0.0,10.0,0.0
9000008669,2025-07-13 09:00,0.507778,5,8,13,2,17,19,32,29,60,0,5,5,32.5,16.13,29.03,35.48,6.45,0.0,0.0,6.45,6.45
9000008669,2025-07-13 10:00,0.725833,10,14,23,12,19,32,29,19,48,1,1,3,72.0,11.43,34.29,28.57,0.0,2.86,2.86,2.86,17.14
9000008669,2025-07-13 11:00,0.729444,10,13,22,19,25,44,19,36,55,9,5,15,45.0,45.0,20.0,15.0,2.5,2.5,2.5,5.0,7.5
9000008669,2025-07-13 12:00,0.208333,0,5,5,74,8,82,16,3,19,0,5,5,25.0,25.0,50.0,50.0,0.0,0.0,0.0,0.0,0.0
9000008669,2025-07-14 10:00,0.251944,0,0,0,0,0,0,0,0,0,0,0,0,,0.0,0.0,0.0,0.0,0.0,0.0,0.0,0.0
9000008669,2025-07-14 11:00,0.460833,0,0,0,0,0,0,0,0,0,0,0,0,,0.0,0.0,0.0,0.0,0.0,0.0,0.0,0.0
9000008669,2025-07-14 12:00,0.255278,0,0,0,0,0,0,0,0,0,0,0,0,,0.0,0.0,0.0,0.0,0.0,0.0,0.0,0.0
9000008669,2025-07-14 13:00,0.240278,0,0,0,0,0,0,0,0,0,0,0,0,,0.0,0.0,0.0,0.0,0.0,0.0,0.0,0.0
9000008669,2025-07-15 13:00,0.121389,0,0,0,0,0,0,0,0,0,0,0,0,,0.0,0.0,0.0,0.0,0.0,0.0,0.0,0.0
9000008669,2025-07-15 15:00,0.040556,0,0,0,0,0,0,0,0,0,0,0,0,,0.0,0.0,0.0,0.0,0.0,0.0,0.0,0.0
9000008669,2025-07-17 09:00,0.120833,0,0,0,0,0,0,0,0,0,0,0,0,,0.0,0.0,0.0,0.0,0.0,0.0,0.0,0.0
9000008669,2025-07-19 10:00,0.2425,0,0,0,0,0,0,0,0,0,0,0,0,,0.0,0.0,0.0,0.0,0.0,0.0,0.0,0.0
9000008669,2025-07-19 11:00,0.728611,0,0,0,0,0,0,0,0,0,0,0,0,,0.0,0.0,0.0,0.0,0.0,0.0,0.0,0.0
9000008669,2025-07-19 12:00,0.522778,0,0,0,0,0,0,0,0,0,0,0,0,,0.0,0.0,0.0,0.0,0.0,0.0,0.0,0.0
9000008669,2025-07-19 13:00,0.762222,0,0,0,0,0,0,0,0,0,0,0,0,,0.0,0.0,0.0,0.0,0.0,0.0,0.0,0.0
9000008669,2025-07-19 14:00,0.403333,0,0,0,0,0,0,0,0,0,0,0,0,,0.0,0.0,0.0,0.0,0.0,0.0,0.0,0.0
9000008669,2025-07-19 15:00,0.161111,0,0,0,0,0,0,0,0,0,0,0,0,,0.0,0.0,0.0,0.0,0.0,0.0,0.0,0.0
9000008669,2025-07-20 10:00,0.408056,0,0,0,0,0,0,0,0,0,0,0,0,,0.0,0.0,0.0,0.0,0.0,0.0,0.0,0.0
9000008669,2025-07-20 11:00,0.725556,0,0,0,0,0,0,0,0,0,0,0,0,,0.0,0.0,0.0,0.0,0.0,0.0,0.0,0.0
9000008669,2025-07-20 12:00,0.590833,0,0,0,0,0,0,0,0,0,0,0,0,,0.0,0.0,0.0,0.0,0.0,0.0,0.0,0.0
9000008669,2025-07-20 13:00,0.683333,0,0,0,0,0,0,0,0,0,0,0,0,,0.0,0.0,0.0,0.0,0.0,0.0,0.0,0.0
9000008669,2025-07-20 14:00,0.242222,0,0,0,0,0,0,0,0,0,0,0,0,,0.0,0.0,0.0,0.0,0.0,0.0,0.0,0.0
9000008669,2025-07-20 15:00,0.281111,0,0,0,0,0,0,0,0,0,0,0,0,,0.0,0.0,0.0,0.0,0.0,0.0,0.0,0.0
9000008669,2025-07-22 10:00,0.333333,0,0,0,0,0,0,0,0,0,0,0,0,,0.0,0.0,0.0,0.0,0.0,0.0,0.0,0.0
9000008669,2025-07-22 11:00,0.023333,0,0,0,0,0,0,0,0,0,0,0,0,,0.0,0.0,0.0,0.0,0.0,0.0,0.0,0.0
9000008669,2025-07-24 10:00,0.162778,0,0,0,0,0,0,0,0,0,0,0,0,,0.0,0.0,0.0,0.0,0.0,0.0,0.0,0.0
9000008669,2025-07-24 11:00,0.080278,0,0,0,0,0,0,0,0,0,0,0,0,,0.0,0.0,0.0,0.0,0.0,0.0,0.0,0.0
9000008669,2025-07-24 12:00,0.040833,0,0,0,0,0,0,0,0,0,0,0,0,,0.0,0.0,0.0,0.0,0.0,0.0,0.0,0.0
9000008669,2025-07-25 10:00,0.120833,0,0,0,0,0,0,0,0,0,0,0,0,,0.0,0.0,0.0,0.0,0.0,0.0,0.0,0.0
9000008669,2025-07-25 11:00,0.2825,0,0,0,0,0,0,0,0,0,0,0,0,,0.0,0.0,0.0,0.0,0.0,0.0,0.0,0.0
9000008669,2025-07-27 08:00,0.040556,0,0,0,0,0,0,0,0,0,0,0,0,,0.0,0.0,0.0,0.0,0.0,0.0,0.0,0.0
9000008669,2025-07-27 09:00,0.201944,0,0,0,0,0,0,0,0,0,0,0,0,,0.0,0.0,0.0,0.0,0.0,0.0,0.0,0.0
9000008669,2025-07-27 10:00,0.279444,0,0,0,0,0,0,0,0,0,0,0,0,,0.0,0.0,0.0,0.0,0.0,0.0,0.0,0.0
9000008669,2025-07-27 11:00,0.427778,0,0,0,0,0,0,0,0,0,0,0,0,,0.0,0.0,0.0,0.0,0.0,0.0,0.0,0.0
9000008669,2025-07-27 12:00,0.498056,0,0,0,0,0,0,0,0,0,0,0,0,,0.0,0.0,0.0,0.0,0.0,0.0,0.0,0.0
9000008669,2025-07-27 13:00,0.241389,0,0,0,0,0,0,0,0,0,0,0,0,,0.0,0.0,0.0,0.0,0.0,0.0,0.0,0.0
9000008669,2025-07-27 14:00,0.039722,0,0,0,0,0,0,0,0,0,0,0,0,,0.0,0.0,0.0,0.0,0.0,0.0,0.0,0.0
9000008669,2025-07-27 15:00,0.040278,0,0,0,0,0,0,0,0,0,0,0,0,,0.0,0.0,0.0,0.0,0.0,0.0,0.0,0.0
9000008669,2025-07-28 09:00,0.116111,9,26,34,26,52,78,95,78,172,26,9,34,40.0,15.0,40.0,20.0,10.0,5.0,5.0,5.0,0.0
9000008669,2025-07-28 10:00,0.726944,14,10,23,36,62,98,80,43,122,21,11,32,30.0,21.35,32.58,31.46,3.37,4.49,1.12,2.25,3.37
9000008669,2025-07-28 11:00,0.719444,12,11,24,15,52,68,44,53,97,13,26,39,32.5,12.86,48.57,21.43,5.71,1.43,0.0,2.86,7.14
9000008669,2025-07-28 12:00,0.700278,9,9,17,24,39,63,70,62,132,13,22,35,29.0,23.91,38.04,23.91,3.26,2.17,1.09,2.17,5.43
9000008669,2025-07-28 13:00,0.741111,8,4,12,34,54,88,78,69,147,19,24,43,33.5,25.69,43.12,15.6,1.83,2.75,1.83,3.67,6.42
9000008669,2025-07-28 14:00,0.708056,7,7,14,34,65,100,99,49,148,25,28,53,27.5,23.81,41.9,22.86,0.0,1.9,1.9,0.0,7.62
9000008669,2025-07-28 15:00,0.756944,7,8,14,37,25,62,70,19,89,17,33,50,55.5,26.87,25.37,23.88,4.48,2.99,2.99,1.49,11.94
9000008669,2025-07-28 16:00,0.754722,1,0,1,29,22,51,15,5,21,1,3,4,83.0,6.25,6.25,6.25,12.5,6.25,0.0,25.0,37.5
9000008669,2025-07-28 17:00,0.774444,9,4,13,28,14,42,14,12,26,1,0,1,92.5,0.0,20.0,0.0,5.0,10.0,10.0,10.0,45.0
9000008669,2025-07-28 18:00,0.773333,7,3,9,26,15,41,17,4,21,0,1,1,79.0,6.25,12.5,12.5,0.0,25.0,6.25,6.25,31.25
9000008669,2025-07-28 19:00,0.775833,13,7,19,28,17,45,13,8,21,3,0,3,88.5,6.25,6.25,18.75,6.25,6.25,12.5,12.5,31.25
9000008669,2025-07-28 20:00,0.728889,6,5,11,21,5,26,6,5,11,0,0,0,92.0,0.0,0.0,12.5,0.0,25.0,12.5,25.0,25.0
9000008669,2025-07-29 05:00,0.341389,5,0,5,0,3,3,0,2,2,0,0,0,19.0,0.0,100.0,0.0,0.0,0.0,0.0,0.0,0.0
9000008669,2025-07-29 06:00,0.783056,0,0,0,5,8,13,6,10,17,1,1,3,70.0,30.77,30.77,7.69,0.0,0.0,7.69,7.69,15.38
9000008669,2025-07-29 07:00,0.730833,0,0,0,12,16,29,5,8,14,8,5,14,91.0,0.0,10.0,20.0,0.0,10.0,10.0,10.0,40.0
9000008669,2025-07-29 08:00,0.623889,5,2,6,18,18,35,46,27,73,8,16,24,30.0,31.11,20.0,35.56,6.67,6.67,0.0,0.0,2.22
9000008669,2025-07-29 09:00,0.597778,2,8,10,30,15,45,51,22,73,13,11,24,32.0,22.73,22.73,36.36,11.36,4.55,0.0,2.27,0.0
9000008669,2025-07-29 10:00,0.683611,3,6,9,27,46,72,45,36,81,12,6,17,33.0,34.55,30.91,20.0,1.82,0.0,0.0,3.64,10.91
9000008669,2025-07-29 11:00,0.721667,12,8,20,23,62,85,69,29,98,7,9,15,24.0,18.31,47.89,28.17,0.0,0.0,1.41,2.82,1.41
9000008669,2025-07-29 12:00,0.760556,6,4,10,45,104,149,58,30,89,10,12,22,42.0,26.47,35.29,17.65,2.94,2.94,1.47,2.94,8.82
9000008669,2025-07-29 13:00,0.768611,16,11,27,23,55,78,81,55,136,15,16,31,27.0,21.15,43.27,23.08,4.81,0.0,2.88,0.0,5.77
9000008669,2025-07-29 14:00,0.730833,4,8,12,28,68,97,85,57,142,9,11,20,29.0,25.0,46.15,14.42,1.92,0.0,3.85,3.85,4.81
9000008669,2025-07-29 15:00,0.749167,3,1,4,30,60,89,114,56,170,9,13,23,31.0,13.39,53.54,18.11,3.94,0.79,2.36,3.15,5.51
9000008669,2025-07-29 16:00,0.766944,12,5,17,41,84,125,94,35,129,4,4,8,27.5,19.19,39.39,31.31,1.01,2.02,0.0,1.01,6.06
9000008669,2025-07-29 17:00,0.768056,11,13,23,54,89,143,97,25,123,5,1,6,29.5,11.7,46.81,27.66,1.06,0.0,1.06,2.13,9.57
9000008669,2025-07-29 18:00,0.778889,18,6,24,33,68,102,96,35,131,6,4,10,43.0,7.84,43.14,30.39,2.94,2.94,0.98,3.92,7.84
9000008669,2025-07-29 19:00,0.7975,23,16,39,29,83,112,78,30,108,5,7,12,38.0,12.79,44.19,25.58,3.49,1.16,3.49,1.16,8.14
9000008669,2025-07-29 20:00,0.715833,20,11,31,16,63,79,69,50,118,5,1,6,62.5,9.41,36.47,24.71,3.53,5.88,3.53,4.71,14.12
9000008669,2025-07-30 05:00,0.362222,0,2,2,0,11,11,5,0,5,2,8,9,29.0,0.0,0.0,100.0,0.0,0.0,0.0,0.0,0.0
9000008669,2025-07-30 06:00,0.622778,1,1,2,9,11,20,18,9,27,2,21,23,71.5,0.0,17.65,41.18,11.76,11.76,0.0,11.76,17.65
9000008669,2025-07-30 07:00,0.691667,5,9,14,27,46,74,36,6,42,6,1,7,30.0,10.34,24.14,48.28,3.45,0.0,3.45,6.9,3.45
9000008669,2025-07-30 08:00,0.755556,3,7,9,27,70,97,53,12,65,1,3,4,58.0,4.08,18.37,53.06,6.12,2.04,2.04,2.04,12.24
9000008669,2025-07-30 09:00,0.669444,6,9,15,67,89,156,25,13,38,6,0,6,68.0,26.92,7.69,34.62,3.85,0.0,7.69,7.69,11.54
9000008669,2025-07-30 10:00,0.664444,3,4,7,46,63,110,43,16,59,4,3,7,57.5,20.51,30.77,23.08,5.13,2.56,7.69,2.56,10.26
9000008669,2025-07-30 11:00,0.696944,10,4,14,35,69,103,67,16,83,7,7,14,29.0,18.97,43.1,25.86,0.0,5.17,1.72,3.45,3.45
9000008669,2025-07-30 12:00,0.755556,8,6,14,31,73,104,104,17,121,11,3,13,51.0,2.2,34.07,36.26,5.49,7.69,6.59,2.2,7.69
9000008669,2025-07-30 13:00,0.753611,9,11,20,28,73,100,78,24,102,4,9,13,37.0,15.58,33.77,31.17,5.19,1.3,3.9,3.9,5.19
9000008669,2025-07-30 14:00,0.716389,8,9,17,36,77,113,60,44,105,6,17,23,30.5,18.67,40.0,26.67,5.33,0.0,4.0,0.0,6.67
9000008669,2025-07-30 15:00,0.733333,5,4,10,63,80,142,28,8,36,0,5,5,60.5,15.38,26.92,19.23,7.69,3.85,11.54,7.69,7.69
9000008669,2025-07-30 16:00,0.735556,1,9,11,76,57,133,20,5,26,0,0,0,80.5,0.0,21.05,15.79,0.0,10.53,10.53,21.05,21.05
9000008669,2025-07-30 17:00,0.774167,10,8,18,78,49,127,36,6,43,1,0,1,60.0,6.06,21.21,36.36,6.06,9.09,6.06,0.0,15.15
9000008669,2025-07-30 18:00,0.786944,13,15,28,103,93,196,77,13,90,1,0,1,73.0,1.41,26.76,25.35,11.27,7.04,4.23,5.63,18.31
9000008669,2025-07-30 19:00,0.796389,23,15,38,64,61,125,42,9,50,1,0,1,60.0,2.5,17.5,45.0,7.5,5.0,7.5,7.5,7.5
9000008669,2025-07-30 20:00,0.520278,19,7,26,52,40,92,45,7,52,0,0,0,64.5,3.7,22.22,37.04,11.11,7.41,0.0,7.41,11.11
9000008669,2025-07-31 05:00,0.160278,0,4,4,0,30,30,0,4,4,0,0,0,39.0,0.0,0.0,0.0,100.0,0.0,0.0,0.0,0.0
9000008669,2025-07-31 06:00,0.350833,7,3,10,9,27,36,24,2,26,2,0,2,41.5,0.0,33.33,22.22,33.33,11.11,0.0,0.0,11.11
9000008669,2025-07-31 07:00,0.678611,3,5,8,12,44,55,33,8,41,6,14,20,71.0,0.0,10.71,57.14,10.71,7.14,0.0,3.57,17.86
9000008669,2025-07-31 08:00,0.784722,10,8,18,16,22,38,82,33,115,18,39,57,39.0,4.44,31.11,44.44,5.56,2.22,3.33,4.44,4.44
9000008669,2025-07-31 09:00,0.774444,18,17,35,18,39,57,89,18,107,18,36,54,37.5,9.64,44.58,26.51,4.82,1.2,2.41,1.2,9.64
9000008669,2025-07-31 10:00,0.749444,3,1,4,25,60,85,53,16,69,4,1,5,30.5,23.08,36.54,25.0,3.85,0.0,0.0,0.0,11.54
9000008669,2025-07-31 11:00,0.775556,9,5,14,9,90,99,64,19,84,9,5,14,35.5,23.08,30.77,26.15,7.69,4.62,3.08,1.54,3.08
9000008669,2025-07-31 12:00,0.780556,13,12,24,18,66,84,97,37,134,13,33,46,34.0,12.38,35.24,33.33,5.71,2.86,0.95,1.9,7.62
9000008669,2025-07-31 13:00,0.7775,11,8,19,18,54,72,85,30,115,19,41,60,33.5,11.11,37.78,33.33,4.44,3.33,1.11,3.33,4.44
9000008669,2025-07-31 14:00,0.751389,9,8,17,33,98,131,86,23,109,15,7,22,30.0,19.51,37.8,28.05,1.22,1.22,1.22,6.1,4.88
9000008669,2025-07-31 15:00,0.748333,5,0,5,35,96,131,83,28,111,3,3,5,29.0,18.07,30.12,38.55,0.0,4.82,2.41,0.0,6.02
9000008669,2025-07-31 16:00,0.743333,1,5,7,67,91,157,46,9,55,4,0,4,59.5,21.95,17.07,24.39,7.32,7.32,7.32,4.88,9.76
9000008669,2025-07-31 17:00,0.763889,25,6,31,54,103,157,77,14,91,8,5,13,37.0,15.71,28.57,37.14,4.29,2.86,4.29,0.0,7.14
9000008669,2025-07-31 18:00,0.772778,25,13,37,35,109,144,88,18,106,6,0,6,53.0,7.32,35.37,26.83,10.98,0.0,9.76,1.22,8.54
9000008669,2025-07-31 19:00,0.785278,13,17,29,24,76,101,94,27,121,3,1,4,67.0,9.47,26.32,34.74,6.32,5.26,1.05,3.16,13.68
9000008669,2025-07-31 20:00,0.441944,28,9,37,12,61,73,45,24,70,0,3,3,57.5,9.68,35.48,19.35,6.45,9.68,9.68,3.23,6.45
9000008669,2025-08-01 05:00,0.098056,0,0,0,0,0,0,0,8,8,13,0,13,29.0,0.0,0.0,100.0,0.0,0.0,0.0,0.0,0.0
9000008669,2025-08-01 06:00,0.528056,0,3,3,4,18,22,20,13,33,6,2,8,43.5,5.88,47.06,17.65,17.65,5.88,0.0,5.88,11.76
9000008669,2025-08-01 07:00,0.803056,2,11,14,6,17,24,38,15,53,6,16,22,33.5,6.98,25.58,39.53,18.6,2.33,0.0,0.0,6.98
9000008669,2025-08-01 08:00,0.784722,4,12,15,13,59,72,65,29,94,6,8,14,37.0,10.81,29.73,41.89,4.05,1.35,1.35,2.7,8.11
9000008669,2025-08-01 09:00,0.693056,6,3,9,19,44,63,49,43,92,6,3,9,24.5,28.12,45.31,15.62,1.56,1.56,1.56,3.12,3.12
9000008669,2025-08-01 10:00,0.776389,8,9,17,14,42,57,94,50,144,6,9,15,35.5,16.07,40.18,24.11,6.25,0.89,2.68,0.89,8.93
9000008669,2025-08-01 11:00,0.778333,11,5,17,28,78,105,88,55,144,9,10,19,51.0,13.39,39.29,28.57,2.68,0.0,4.46,4.46,6.25
9000008669,2025-08-01 12:00,0.762222,6,4,10,23,61,84,89,55,144,15,17,31,29.5,37.27,35.45,12.73,2.73,1.82,2.73,1.82,5.45
9000008669,2025-08-01 13:00,0.747778,8,12,20,46,75,121,88,85,174,9,33,43,33.0,26.92,43.85,12.31,4.62,0.77,0.77,3.85,6.92
9000008669,2025-08-01 14:00,0.776944,15,9,24,32,39,71,126,126,252,28,31,59,27.5,10.2,50.0,29.59,2.04,0.51,1.02,1.02,5.61
9000008669,2025-08-01 15:00,0.7425,7,8,15,50,51,100,108,60,168,18,18,35,27.5,24.0,48.0,16.8,2.4,2.4,0.8,1.6,4.0
9000008669,2025-08-01 16:00,0.748056,9,11,20,57,63,120,102,73,175,7,3,9,34.0,12.21,38.93,30.53,4.58,2.29,4.58,0.0,6.87
9000008669,2025-08-01 17:00,0.761389,5,9,14,47,52,100,77,44,121,5,3,8,33.5,30.43,29.35,23.91,5.43,1.09,1.09,1.09,8.7
9000008669,2025-08-01 18:00,0.755833,15,17,32,44,89,132,103,41,144,3,1,4,43.5,13.76,27.52,33.94,9.17,1.83,4.59,3.67,5.5
9000008669,2025-08-01 19:00,0.777222,19,9,28,36,76,111,55,53,108,5,1,6,60.5,7.14,40.48,28.57,3.57,0.0,4.76,4.76,10.71
9000008669,2025-08-01 20:00,0.516111,14,2,15,18,30,48,66,46,111,4,0,4,44.0,6.9,41.38,29.31,6.9,1.72,1.72,6.9,6.9
9000008669,2025-08-02 05:00,0.085556,0,12,12,0,0,0,12,0,12,0,0,0,24.0,0.0,0.0,100.0,0.0,0.0,0.0,0.0,0.0
9000008669,2025-08-02 06:00,0.266944,6,3,9,12,3,15,10,6,16,0,0,0,61.0,0.0,0.0,25.0,25.0,0.0,25.0,25.0,0.0
9000008669,2025-08-02 07:00,0.523611,0,1,1,3,16,19,7,10,17,1,5,6,31.5,22.22,44.44,11.11,22.22,0.0,0.0,0.0,0.0
9000008669,2025-08-02 08:00,0.767778,3,4,6,7,9,16,21,25,45,3,6,9,49.5,14.29,34.29,22.86,5.71,8.57,5.71,2.86,5.71
9000008669,2025-08-02 09:00,0.697778,3,6,9,14,22,36,34,27,61,3,4,7,46.0,13.95,34.88,20.93,9.3,6.98,2.33,2.33,6.98
9000008669,2025-08-02 10:00,0.752222,8,8,16,21,40,61,41,36,77,9,7,16,28.5,12.07,43.1,34.48,0.0,0.0,1.72,1.72,6.9
9000008669,2025-08-02 11:00,0.721389,8,9,17,20,30,50,43,33,76,14,9,23,37.0,12.73,36.36,27.27,9.09,1.82,3.64,0.0,9.09
9000008669,2025-08-02 12:00,0.753889,12,17,29,30,35,65,82,55,137,8,16,24,27.0,22.33,46.6,20.39,5.83,0.97,2.91,0.0,0.97
9000008669,2025-08-02 13:00,0.745,8,11,19,23,23,46,71,57,128,9,11,20,29.0,31.58,28.42,27.37,1.05,2.11,1.05,2.11,7.37
9000008669,2025-08-02 14:00,0.748611,7,3,9,46,36,82,79,60,140,17,15,32,29.5,22.86,38.1,26.67,4.76,0.95,0.95,2.86,3.81
9000008669,2025-08-02 15:00,0.72,3,6,8,75,97,172,74,25,99,1,1,3,29.5,23.94,35.21,26.76,2.82,2.82,1.41,1.41,5.63
9000008669,2025-08-02 16:00,0.7575,0,0,0,69,107,176,72,16,88,5,1,7,49.5,13.43,29.85,28.36,8.96,4.48,2.99,4.48,7.46
9000008669,2025-08-02 17:00,0.774722,6,10,17,36,78,114,90,23,114,5,4,9,33.5,17.05,34.09,31.82,6.82,3.41,0.0,0.0,6.82
9000008669,2025-08-02 18:00,0.793611,23,19,42,47,101,147,88,28,116,0,1,1,56.5,9.78,29.35,35.87,5.43,2.17,5.43,1.09,10.87
9000008669,2025-08-02 19:00,0.783611,15,24,40,35,49,83,72,28,100,5,3,8,33.0,11.54,47.44,23.08,5.13,1.28,2.56,2.56,6.41
9000008669,2025-08-02 20:00,0.568333,12,8,20,15,72,87,61,41,103,2,3,5,44.0,1.72,44.83,34.48,1.72,5.17,1.72,3.45,5.17
9000008669,2025-08-03 05:00,0.163889,0,0,0,0,0,0,6,6,12,0,6,6,103.5,0.0,0.0,0.0,50.0,0.0,0.0,0.0,50.0
9000008669,2025-08-03 06:00,0.806111,0,0,0,2,1,4,10,5,15,4,1,5,76.0,0.0,25.0,33.33,0.0,0.0,16.67,8.33,16.67
9000008669,2025-08-03 07:00,0.778056,3,1,4,1,4,5,6,5,12,0,5,5,33.5,11.11,55.56,11.11,11.11,0.0,0.0,0.0,11.11
9000008669,2025-08-03 08:00,0.794444,1,0,1,5,4,9,10,6,16,1,4,5,30.0,7.69,46.15,30.77,7.69,0.0,7.69,0.0,0.0
9000008669,2025-08-03 09:00,0.7875,0,3,3,11,13,24,19,17,36,0,4,4,54.0,0.0,53.57,28.57,0.0,0.0,3.57,3.57,10.71
9000008669,2025-08-03 10:00,0.771111,3,3,5,5,18,23,25,17,42,5,12,17,41.0,15.62,46.88,12.5,9.38,6.25,0.0,0.0,9.38
9000008669,2025-08-03 11:00,0.77,4,1,5,5,16,21,37,35,73,8,5,13,43.0,28.57,30.36,21.43,3.57,1.79,1.79,1.79,10.71
9000008669,2025-08-03 12:00,0.78,8,8,16,15,18,33,33,27,60,10,23,33,50.0,21.28,34.04,25.53,2.13,2.13,0.0,6.38,8.51
9000008669,2025-08-03 13:00,0.793333,13,8,20,23,17,39,46,24,70,10,37,48,57.5,12.5,25.0,30.36,8.93,3.57,7.14,3.57,8.93
9000008669,2025-08-03 14:00,0.775278,10,5,15,21,21,42,51,22,73,10,33,44,53.0,16.07,21.43,41.07,1.79,3.57,1.79,5.36,8.93
9000008669,2025-08-03 15:00,0.775833,9,3,12,23,32,56,49,40,88,9,19,28,49.0,11.59,37.68,27.54,4.35,4.35,0.0,2.9,11.59
9000008669,2025-08-03 16:00,0.781389,9,4,13,19,24,43,82,33,115,5,8,13,41.0,14.44,37.78,28.89,3.33,2.22,4.44,0.0,8.89
9000008669,2025-08-03 17:00,0.790278,10,9,19,26,23,48,72,39,111,8,9,17,44.5,7.95,40.91,30.68,3.41,3.41,2.27,4.55,6.82
9000008669,2025-08-03 18:00,0.781389,9,9,18,28,19,47,59,41,100,4,18,22,47.0,8.97,38.46,26.92,6.41,6.41,0.0,5.13,7.69
9000008669,2025-08-03 19:00,0.797778,11,5,16,19,18,36,51,42,94,4,10,14,63.0,9.33,37.33,25.33,1.33,0.0,9.33,4.0,13.33
9000008669,2025-08-03 20:00,0.363611,0,4,4,15,10,24,55,48,103,6,12,18,46.5,10.53,52.63,10.53,10.53,5.26,10.53,2.63,2.63
9000008669,2025-08-04 06:00,0.436389,0,4,4,0,13,13,18,20,38,14,8,22,50.0,5.88,29.41,35.29,5.88,11.76,5.88,0.0,5.88
9000008669,2025-08-04 07:00,0.584722,13,9,21,4,9,13,48,37,86,15,8,23,32.5,6.0,38.0,38.0,8.0,0.0,0.0,2.0,10.0
9000008669,2025-08-04 08:00,0.791667,4,6,10,9,27,35,60,60,120,23,13,36,30.0,6.32,32.63,46.32,7.37,3.16,1.05,1.05,2.11
9000008669,2025-08-04 09:00,0.704444,3,4,7,19,30,49,47,51,99,24,12,36,42.5,10.0,38.57,31.43,5.71,1.43,0.0,1.43,12.86
9000008669,2025-08-04 10:00,0.721389,0,1,1,14,23,37,34,27,61,12,20,32,28.0,29.55,43.18,15.91,4.55,2.27,0.0,2.27,4.55
9000008669,2025-08-04 11:00,0.781667,8,3,10,36,66,102,79,42,121,11,9,20,35.0,15.79,38.95,25.26,7.37,3.16,3.16,1.05,5.26
9000008669,2025-08-04 12:00,0.7475,4,5,9,41,68,109,81,69,151,16,5,21,28.0,24.78,44.25,19.47,1.77,2.65,1.77,3.54,1.77
9000008669,2025-08-04 13:00,0.7125,0,3,3,41,59,100,65,46,112,14,14,28,52.5,30.38,25.32,21.52,3.8,3.8,3.8,2.53,10.13
9000008669,2025-08-04 14:00,0.759444,7,3,9,18,54,72,81,78,160,16,10,26,26.5,19.83,39.67,31.4,3.31,0.83,0.0,1.65,4.13
9000008669,2025-08-04 15:00,0.724444,1,1,3,58,66,125,72,37,109,19,4,23,31.0,18.99,48.1,17.72,1.27,0.0,3.8,1.27,8.86
9000008669,2025-08-04 16:00,0.7325,1,3,4,75,63,138,64,20,85,5,1,7,41.0,27.42,38.71,16.13,1.61,4.84,3.23,1.61,6.45
9000008669,2025-08-04 17:00,0.7725,10,7,17,56,75,131,86,39,125,9,4,13,30.5,13.4,40.21,30.93,4.12,0.0,3.09,1.03,7.22
9000008669,2025-08-04 18:00,0.783889,11,13,24,44,74,118,70,45,115,17,3,19,29.0,16.67,41.11,28.89,1.11,0.0,3.33,2.22,6.67
9000008669,2025-08-04 19:00,0.788611,14,13,27,34,37,71,72,32,104,10,6,16,64.5,6.1,32.93,30.49,3.66,2.44,7.32,3.66,13.41
9000008669,2025-08-04 20:00,0.540278,26,7,33,41,36,77,61,46,107,3,3,6,25.5,3.45,43.1,43.1,1.72,3.45,0.0,3.45,3.45
9000008669,2025-08-05 05:00,0.048333,0,0,0,0,0,0,0,0,0,21,0,21,,0.0,0.0,0.0,0.0,0.0,0.0,0.0,0.0
9000008669,2025-08-05 06:00,0.686111,1,1,3,4,10,14,20,13,33,9,15,24,30.0,0.0,47.83,39.13,4.35,0.0,4.35,0.0,4.35
9000008669,2025-08-05 07:00,0.785556,5,10,15,5,10,15,38,18,56,17,32,48,83.5,2.27,38.64,27.27,4.55,4.55,2.27,2.27,18.18
9000008669,2025-08-05 08:00,0.785278,6,12,18,1,18,19,41,22,63,27,41,67,72.5,2.04,32.65,28.57,6.12,6.12,0.0,6.12,18.37
9000008669,2025-08-05 09:00,0.783333,5,9,14,20,13,33,51,22,73,22,54,76,57.0,17.54,33.33,26.32,3.51,0.0,5.26,3.51,10.53
9000008669,2025-08-05 10:00,0.768056,12,15,26,21,12,33,48,19,67,21,70,91,67.0,5.77,42.31,30.77,0.0,0.0,1.92,7.69,11.54
9000008669,2025-08-05 11:00,0.778333,7,9,15,10,23,34,84,25,109,29,73,102,60.5,2.35,36.47,35.29,5.88,2.35,1.18,7.06,8.24
9000008669,2025-08-05 12:00,0.783889,12,8,19,19,17,36,80,66,147,34,40,74,36.0,13.04,40.0,29.57,5.22,2.61,0.87,2.61,6.09
9000008669,2025-08-05 13:00,0.790278,14,6,20,13,23,35,93,76,169,29,31,61,29.5,12.78,33.83,39.85,3.76,2.26,4.51,0.75,2.26
9000008669,2025-08-05 14:00,0.780278,10,10,20,31,19,50,89,76,164,20,35,55,28.0,10.94,55.47,20.31,2.34,0.78,2.34,0.78,7.03
9000008669,2025-08-05 15:00,0.788056,9,10,19,29,28,57,104,67,171,23,38,61,33.0,7.41,42.96,31.11,8.89,0.0,0.74,2.96,5.93
9000008669,2025-08-05 16:00,0.759167,7,3,9,63,50,113,78,64,142,13,21,34,32.0,20.37,42.59,20.37,4.63,3.7,1.85,4.63,1.85
9000008669,2025-08-05 17:00,0.785,14,13,27,45,41,86,77,76,153,15,30,46,31.0,10.0,50.83,23.33,6.67,0.83,0.83,0.83,6.67
9000008669,2025-08-05 18:00,0.789722,11,13,24,43,64,108,90,40,131,10,1,11,66.0,7.77,40.78,24.27,1.94,2.91,3.88,6.8,11.65
9000008669,2025-08-05 19:00,0.793611,18,17,35,37,25,62,76,52,127,14,13,26,47.0,3.96,46.53,26.73,4.95,3.96,0.99,3.96,8.91
9000008669,2025-08-05 20:00,0.575556,21,5,26,20,31,51,56,64,119,7,2,8,52.0,17.39,37.68,20.29,4.35,4.35,2.9,4.35,8.7
9000008669,2025-08-06 05:00,0.161389,0,7,7,0,0,0,4,15,18,4,0,4,56.0,33.33,0.0,66.67,33.33,0.0,33.33,0.0,0.0
9000008669,2025-08-06 06:00,0.727222,2,6,8,2,5,8,18,23,41,8,6,14,73.0,3.33,56.67,16.67,0.0,3.33,3.33,0.0,16.67
9000008669,2025-08-06 07:00,0.733333,4,9,13,6,12,18,26,35,62,9,6,16,28.5,4.44,57.78,24.44,0.0,4.44,0.0,0.0,6.67
9000008669,2025-08-06 08:00,0.750278,7,8,14,29,31,60,41,37,78,8,12,20,55.0,20.69,29.31,32.76,1.72,0.0,1.72,3.45,12.07
9000008669,2025-08-06 09:00,0.634444,5,3,8,26,23,49,19,10,28,0,21,21,26.0,38.89,27.78,16.67,0.0,0.0,0.0,0.0,11.11
9000008669,2025-08-06 10:00,0.743889,4,1,5,27,9,37,38,39,77,30,42,72,28.0,62.07,13.79,12.07,1.72,0.0,3.45,0.0,6.9
9000008669,2025-08-06 11:00,0.766111,1,1,3,14,12,26,35,22,58,33,74,106,38.5,31.82,25.0,20.45,9.09,0.0,2.27,2.27,9.09
9000008669,2025-08-06 12:00,0.7425,3,3,5,19,24,43,31,30,60,26,49,75,46.5,13.33,42.22,20.0,8.89,2.22,2.22,8.89,2.22
9000008669,2025-08-06 13:00,0.758333,1,3,4,16,20,36,56,24,80,24,54,78,54.0,21.31,21.31,34.43,3.28,3.28,1.64,3.28,11.48
9000008669,2025-08-06 14:00,0.775556,4,1,5,35,27,62,57,26,82,25,49,73,41.0,28.12,25.0,23.44,7.81,4.69,1.56,3.12,6.25
9000008669,2025-08-06 15:00,0.768333,3,4,6,43,21,64,63,20,82,29,69,98,73.5,6.35,15.87,39.68,3.17,0.0,6.35,4.76,23.81
9000008669,2025-08-06 16:00,0.7625,4,1,5,42,25,68,29,12,41,5,20,26,81.0,6.45,22.58,9.68,9.68,3.23,0.0,12.9,35.48
9000008669,2025-08-06 17:00,0.789167,10,5,15,33,30,63,15,5,20,0,0,0,69.0,0.0,12.5,18.75,12.5,18.75,12.5,12.5,12.5
9000008669,2025-08-06 18:00,0.793611,8,10,18,37,24,61,31,4,35,0,0,0,79.0,0.0,7.14,17.86,14.29,7.14,17.86,14.29,21.43
9000008669,2025-08-06 19:00,0.789167,1,8,9,33,18,51,24,11,35,0,1,1,82.0,3.57,28.57,10.71,21.43,0.0,3.57,3.57,28.57
9000008669,2025-08-06 20:00,0.480278,7,7,14,28,17,45,17,10,28,2,0,2,69.0,0.0,23.08,23.08,7.69,7.69,15.38,15.38,15.38
9000008669,2025-08-07 05:00,0.121667,0,0,0,0,0,0,8,8,16,8,8,16,23.5,50.0,0.0,50.0,0.0,0.0,0.0,0.0,0.0
9000008669,2025-08-07 06:00,0.7875,1,6,8,4,3,6,13,10,23,6,25,32,71.5,5.56,16.67,50.0,0.0,0.0,0.0,11.11,16.67
9000008669,2025-08-07 07:00,0.785556,1,4,5,5,14,19,23,6,29,10,29,40,37.5,0.0,43.48,26.09,17.39,4.35,0.0,0.0,8.7
9000008669,2025-08-07 08:00,0.786667,3,9,11,11,16,28,52,22,74,25,36,61,84.0,3.45,20.69,37.93,10.34,3.45,3.45,0.0,20.69
9000008669,2025-08-07 09:00,0.744167,4,9,13,13,27,40,38,24,62,31,27,58,50.0,6.52,41.3,23.91,8.7,4.35,4.35,2.17,8.7
9000008669,2025-08-07 10:00,0.765278,4,1,5,21,45,66,49,31,80,13,21,35,53.5,19.67,31.15,27.87,3.28,3.28,6.56,0.0,9.84
9000008669,2025-08-07 11:00,0.768333,5,1,7,30,66,96,73,29,102,13,4,17,36.5,11.54,39.74,29.49,5.13,2.56,3.85,0.0,7.69
9000008669,2025-08-07 12:00,0.762222,10,3,13,43,66,109,54,36,89,13,8,21,48.0,11.76,39.71,23.53,8.82,1.47,4.41,2.94,7.35
9000008669,2025-08-07 13:00,0.579722,5,0,5,23,15,38,37,27,64,19,13,32,62.5,18.92,37.84,18.92,2.7,2.7,2.7,8.11,10.81
9000008669,2025-08-07 14:00,0.739722,3,0,3,18,18,35,19,11,30,0,0,0,86.5,31.82,4.55,9.09,13.64,4.55,0.0,13.64,22.73
9000008669,2025-08-07 15:00,0.771944,0,1,1,14,11,25,16,10,27,0,0,0,89.5,0.0,4.76,4.76,9.52,4.76,9.52,19.05,47.62
9000008669,2025-08-07 16:00,0.789722,1,0,1,11,10,21,9,14,23,0,0,0,100.5,0.0,5.56,5.56,11.11,5.56,11.11,11.11,50.0
9000008669,2025-08-07 17:00,0.776667,8,10,18,32,47,79,74,40,114,10,23,33,54.5,11.24,40.45,28.09,0.0,2.25,6.74,4.49,6.74
9000008669,2025-08-07 18:00,0.794722,8,8,15,25,29,55,25,10,35,6,6,13,64.5,7.14,42.86,21.43,3.57,3.57,0.0,3.57,14.29
9000008669,2025-08-07 19:00,0.792778,2,2,5,25,15,40,8,6,14,0,0,0,101.5,0.0,0.0,9.09,9.09,0.0,9.09,18.18,54.55
9000008669,2025-08-07 20:00,0.461111,3,2,5,43,31,74,14,2,16,0,0,0,68.0,0.0,0.0,0.0,14.29,28.57,14.29,42.86,14.29
9000008669,2025-08-08 05:00,0.010833,0,0,0,0,92,92,0,0,0,0,0,0,,0.0,0.0,0.0,0.0,0.0,0.0,0.0,0.0
9000008669,2025-08-08 06:00,0.728056,0,0,0,3,9,12,1,4,6,0,0,0,91.5,0.0,25.0,0.0,0.0,25.0,0.0,0.0,50.0
9000008669,2025-08-08 07:00,0.793889,0,1,1,5,30,35,5,2,8,0,0,0,60.5,0.0,0.0,33.33,33.33,16.67,0.0,16.67,0.0
9000008669,2025-08-08 08:00,0.783333,1,1,3,8,20,28,4,11,15,0,0,0,101.0,0.0,0.0,8.33,8.33,8.33,8.33,0.0,66.67
9000008669,2025-08-08 09:00,0.777222,0,0,0,12,26,37,11,16,26,1,1,3,83.0,5.0,25.0,15.0,5.0,5.0,5.0,0.0,40.0
9000008669,2025-08-08 10:00,0.759444,0,0,0,17,13,30,9,8,17,8,9,17,80.5,15.38,15.38,23.08,0.0,0.0,7.69,7.69,30.77
9000008669,2025-08-08 11:00,0.788889,0,0,0,16,24,41,10,11,21,0,6,6,87.5,5.88,23.53,0.0,23.53,0.0,5.88,17.65,23.53
9000008669,2025-08-08 12:00,0.783333,4,0,4,24,31,55,13,15,28,1,0,1,89.5,0.0,9.09,4.55,0.0,22.73,4.55,22.73,36.36
9000008669,2025-08-08 13:00,0.748611,0,1,1,9,8,17,25,11,36,0,1,1,78.5,29.63,11.11,14.81,11.11,3.7,0.0,7.41,22.22
9000008669,2025-08-08 14:00,0.733056,1,4,6,16,9,26,11,4,15,0,0,0,78.0,27.27,18.18,9.09,0.0,0.0,9.09,9.09,27.27
9000008669,2025-08-08 15:00,0.753333,1,0,1,13,17,31,17,8,25,0,1,1,103.0,0.0,0.0,5.26,5.26,15.79,15.79,15.79,42.11
9000008669,2025-08-08 16:00,0.778611,0,3,3,19,19,39,12,13,24,1,0,1,88.0,0.0,0.0,0.0,15.79,5.26,15.79,10.53,52.63
9000008669,2025-08-08 17:00,0.785556,0,3,3,25,20,46,9,6,15,0,0,0,86.0,0.0,8.33,0.0,16.67,25.0,0.0,25.0,25.0
9000008669,2025-08-08 18:00,0.801111,0,1,1,20,11,31,11,15,26,0,0,0,105.0,0.0,4.76,0.0,4.76,14.29,4.76,9.52,61.9
9000008669,2025-08-08 19:00,0.794444,2,1,4,20,13,33,4,11,15,0,0,0,76.0,0.0,0.0,0.0,0.0,16.67,16.67,33.33,33.33
9000008669,2025-08-08 20:00,0.486111,5,2,7,13,34,47,2,15,17,0,0,0,87.5,0.0,0.0,0.0,0.0,12.5,12.5,12.5,87.5
9000008669,2025-08-09 05:00,0.121111,0,0,0,8,0,8,0,0,0,0,0,0,,0.0,0.0,0.0,0.0,0.0,0.0,0.0,0.0
9000008669,2025-08-09 06:00,0.804722,0,0,0,3,4,6,2,1,4,0,0,0,62.5,33.33,0.0,33.33,0.0,0.0,0.0,33.33,0.0
9000008669,2025-08-09 07:00,0.799444,0,0,0,3,1,4,0,4,4,0,0,0,47.5,0.0,66.67,0.0,0.0,33.33,0.0,0.0,0.0
9000008669,2025-08-09 08:00,0.769167,0,0,0,5,5,10,4,4,8,0,0,0,80.5,16.67,33.33,0.0,16.67,0.0,16.67,0.0,16.67
9000008669,2025-08-09 09:00,0.776389,0,0,0,8,22,30,8,13,21,0,0,0,73.0,6.25,18.75,12.5,6.25,6.25,18.75,12.5,18.75
9000008669,2025-08-09 10:00,0.786389,3,4,6,20,24,44,8,11,19,0,0,0,84.5,0.0,6.67,6.67,6.67,0.0,13.33,26.67,40.0
9000008669,2025-08-09 11:00,0.771111,0,5,5,23,25,48,8,10,18,1,0,1,70.0,14.29,7.14,21.43,0.0,0.0,21.43,21.43,14.29
9000008669,2025-08-09 12:00,0.775,3,1,4,21,18,39,10,18,28,0,0,0,92.0,4.55,22.73,9.09,9.09,13.64,4.55,4.55,31.82
9000008669,2025-08-09 13:00,0.718611,2,3,4,5,10,15,15,20,35,0,0,0,80.5,12.0,16.0,8.0,12.0,16.0,12.0,4.0,24.0
9000008669,2025-08-09 14:00,0.624444,7,0,7,11,19,31,3,6,9,0,0,0,80.5,16.67,0.0,0.0,16.67,0.0,0.0,16.67,50.0
9000008669,2025-08-09 15:00,0.735833,7,0,7,15,16,31,4,4,8,0,0,0,85.5,0.0,0.0,0.0,0.0,16.67,0.0,33.33,50.0
9000008669,2025-08-09 16:00,0.788611,3,1,4,19,10,29,6,8,14,0,0,0,87.0,9.09,0.0,9.09,18.18,27.27,9.09,0.0,27.27
9000008669,2025-08-09 17:00,0.7825,1,1,3,22,15,37,10,5,15,0,0,0,93.0,0.0,0.0,8.33,0.0,16.67,0.0,25.0,50.0
9000008669,2025-08-09 18:00,0.785278,1,3,4,23,20,43,5,6,11,0,0,0,78.5,0.0,11.11,11.11,11.11,0.0,22.22,22.22,22.22
9000008669,2025-08-09 19:00,0.782778,1,0,1,22,26,48,9,4,13,0,0,0,87.5,0.0,0.0,0.0,20.0,10.0,30.0,10.0,30.0
9000008669,2025-08-09 20:00,0.466667,2,0,2,9,23,32,9,5,15,2,0,2,88.5,0.0,0.0,28.57,0.0,14.29,14.29,14.29,42.86
9000008669,2025-08-10 05:00,0.072222,0,0,0,7,0,7,0,0,0,0,0,0,,0.0,0.0,0.0,0.0,0.0,0.0,0.0,0.0
9000008669,2025-08-10 06:00,0.785833,0,0,0,5,1,6,0,1,1,0,0,0,64.0,0.0,0.0,0.0,0.0,0.0,0.0,100.0,0.0
9000008669,2025-08-10 07:00,0.792222,0,0,0,5,4,9,1,3,4,0,0,0,68.0,0.0,33.33,33.33,0.0,0.0,0.0,33.33,0.0
9000008669,2025-08-10 08:00,0.755278,0,0,0,0,12,12,1,1,3,1,19,20,63.5,0.0,0.0,0.0,0.0,0.0,50.0,50.0,0.0
9000008669,2025-08-10 09:00,0.724167,1,1,3,3,11,14,7,4,12,6,14,20,69.0,75.0,0.0,0.0,0.0,0.0,0.0,12.5,12.5
9000008669,2025-08-10 10:00,0.783333,0,1,1,14,13,27,5,4,9,3,9,12,60.0,14.29,42.86,0.0,0.0,0.0,28.57,0.0,14.29
9000008669,2025-08-10 11:00,0.71,0,0,0,9,13,21,4,5,10,2,24,25,80.0,14.29,14.29,0.0,0.0,0.0,28.57,0.0,42.86
9000008669,2025-08-10 12:00,0.722778,0,0,0,11,8,19,7,7,14,1,26,28,22.5,70.0,10.0,10.0,0.0,10.0,0.0,0.0,0.0
9000008669,2025-08-10 13:00,0.711111,0,0,0,8,4,13,3,11,14,11,16,27,77.5,40.0,0.0,20.0,10.0,0.0,0.0,10.0,20.0
9000008669,2025-08-10 14:00,0.674167,0,1,1,8,8,15,7,3,10,1,0,1,44.5,57.14,0.0,14.29,0.0,14.29,14.29,0.0,0.0
9000008669,2025-08-10 15:00,0.724722,3,4,7,11,10,21,8,1,10,0,0,0,90.0,0.0,0.0,14.29,0.0,0.0,0.0,14.29,71.43
9000008669,2025-08-10 16:00,0.746389,1,1,3,11,18,28,3,3,5,0,0,0,92.0,25.0,0.0,0.0,0.0,25.0,0.0,0.0,50.0
9000008669,2025-08-10 17:00,0.774444,1,0,1,8,17,25,5,1,6,0,0,0,76.5,0.0,0.0,0.0,60.0,0.0,0.0,0.0,40.0
9000008669,2025-08-10 18:00,0.786944,0,0,0,21,8,29,5,8,13,0,0,0,84.0,0.0,10.0,0.0,20.0,0.0,20.0,10.0,40.0
9000008669,2025-08-10 19:00,0.79,3,3,5,19,15,34,6,6,13,0,0,0,89.0,0.0,10.0,10.0,0.0,30.0,0.0,0.0,50.0
9000008669,2025-08-11 10:00,0.578611,3,2,5,17,14,31,14,5,19,2,0,2,97.0,0.0,27.27,0.0,0.0,9.09,9.09,27.27,27.27
9000008669,2025-08-11 11:00,0.778889,3,0,3,17,19,36,5,13,18,0,9,9,95.0,14.29,21.43,14.29,0.0,0.0,7.14,14.29,28.57
9000008669,2025-08-11 12:00,0.770556,0,0,0,27,26,53,16,14,30,1,3,4,69.0,4.35,17.39,8.7,13.04,0.0,30.43,13.04,13.04
9000008669,2025-08-11 13:00,0.7,1,2,3,13,18,31,20,16,36,3,3,6,78.5,20.0,8.0,8.0,4.0,12.0,8.0,4.0,36.0
9000008669,2025-08-11 14:00,0.594444,2,3,5,10,22,32,7,2,8,0,0,0,81.0,0.0,0.0,20.0,0.0,0.0,0.0,40.0,40.0
9000008669,2025-08-11 15:00,0.704167,3,1,4,28,17,45,4,10,14,0,0,0,77.5,40.0,10.0,0.0,10.0,10.0,0.0,0.0,30.0
9000008669,2025-08-11 16:00,0.771389,3,1,4,36,9,45,4,7,10,0,0,0,109.0,0.0,37.5,12.5,12.5,0.0,0.0,0.0,37.5
9000008669,2025-08-11 17:00,0.781389,4,4,8,35,18,52,6,4,10,0,0,0,109.0,0.0,12.5,0.0,0.0,0.0,12.5,12.5,62.5
9000008669,2025-08-11 18:00,0.781389,4,0,4,33,22,55,5,9,14,0,0,0,76.0,0.0,0.0,18.18,9.09,9.09,9.09,9.09,45.45
9000008669,2025-08-11 19:00,0.786111,1,1,3,21,14,35,14,9,23,0,0,0,88.0,0.0,5.56,0.0,0.0,33.33,11.11,5.56,44.44
9000008669,2025-08-11 20:00,0.511111,2,2,3,11,31,42,7,7,14,0,0,0,84.0,0.0,14.29,14.29,0.0,14.29,42.86,0.0,28.57
9000008669,2025-08-12 05:00,0.155833,0,0,0,0,6,6,0,6,6,0,0,0,104.0,0.0,0.0,0.0,0.0,0.0,0.0,0.0,100.0
9000008669,2025-08-12 06:00,0.783889,0,0,0,3,3,5,0,9,9,0,0,0,90.0,0.0,28.57,14.29,0.0,0.0,14.29,14.29,28.57
9000008669,2025-08-12 07:00,0.790556,0,0,0,10,24,35,1,12,13,0,0,0,103.5,0.0,10.0,0.0,0.0,10.0,0.0,0.0,80.0
9000008669,2025-08-12 08:00,0.757222,0,0,0,7,14,21,8,13,21,0,0,0,88.0,6.25,18.75,6.25,18.75,6.25,0.0,18.75,25.0
9000008669,2025-08-12 09:00,0.7625,1,0,1,17,21,38,12,7,18,1,0,1,69.5,28.57,14.29,14.29,7.14,0.0,0.0,21.43,14.29
9000008669,2025-08-12 10:00,0.806667,1,0,1,19,16,35,10,5,15,0,0,0,101.0,8.33,25.0,8.33,8.33,8.33,8.33,0.0,33.33
9000008669,2025-08-12 11:00,0.803889,0,4,4,19,20,39,14,8,21,0,0,0,87.5,5.88,29.41,17.65,5.88,0.0,5.88,5.88,29.41
9000008669,2025-08-12 12:00,0.792222,5,1,6,21,16,38,28,10,38,0,0,0,87.5,6.67,20.0,10.0,10.0,3.33,16.67,3.33,30.0
9000008669,2025-08-12 13:00,0.755,5,4,9,24,12,36,25,28,53,0,0,0,92.5,12.5,10.0,10.0,7.5,12.5,5.0,7.5,35.0
9000008669,2025-08-12 14:00,0.670556,14,8,21,24,13,37,4,3,7,0,0,0,76.5,20.0,0.0,0.0,0.0,60.0,0.0,0.0,20.0
9000008669,2025-08-12 15:00,0.775,1,1,3,19,25,44,6,4,10,0,0,0,84.0,0.0,0.0,0.0,25.0,12.5,0.0,37.5,25.0
9000008669,2025-08-12 16:00,0.775,3,1,4,27,13,40,13,8,20,0,0,0,78.0,0.0,6.25,0.0,25.0,18.75,6.25,12.5,31.25
9000008669,2025-08-12 17:00,0.793333,1,1,3,26,15,42,10,11,21,0,0,0,78.5,5.88,11.76,0.0,5.88,23.53,17.65,11.76,23.53
9000008669,2025-08-12 18:00,0.796944,4,0,4,37,21,58,8,6,14,0,0,0,91.5,0.0,0.0,0.0,0.0,0.0,18.18,45.45,36.36
9000008669,2025-08-12 19:00,0.794444,3,0,3,31,16,48,17,10,27,0,0,0,94.5,0.0,0.0,4.76,0.0,14.29,19.05,14.29,47.62
9000008669,2025-08-12 20:00,0.443333,0,0,0,27,24,51,2,10,12,0,0,0,77.5,0.0,0.0,0.0,20.0,40.0,20.0,0.0,20.0
9000008669,2025-08-13 06:00,0.744444,0,0,0,5,9,14,1,7,8,0,0,0,92.5,0.0,0.0,16.67,16.67,16.67,0.0,0.0,50.0
9000008669,2025-08-13 07:00,0.795833,0,1,1,6,30,36,5,9,14,0,0,0,98.5,0.0,0.0,9.09,9.09,9.09,9.09,18.18,45.45
9000008669,2025-08-13 08:00,0.762222,0,0,0,8,24,32,4,11,15,1,0,1,62.0,9.09,9.09,9.09,0.0,9.09,45.45,9.09,9.09
9000008669,2025-08-13 09:00,0.775,0,0,0,13,17,30,18,12,30,3,5,8,82.5,4.35,8.7,17.39,8.7,4.35,13.04,13.04,30.43
9000008669,2025-08-13 10:00,0.779444,0,3,3,18,15,33,5,15,21,12,3,14,96.5,6.25,12.5,12.5,12.5,6.25,12.5,0.0,37.5
9000008669,2025-08-13 11:00,0.784444,3,1,4,13,14,27,6,12,18,9,3,11,79.5,0.0,21.43,21.43,7.14,14.29,7.14,7.14,21.43
9000008669,2025-08-13 12:00,0.75,1,3,4,8,15,22,19,9,29,7,3,10,84.5,23.81,14.29,19.05,4.76,0.0,4.76,0.0,33.33
9000008669,2025-08-13 13:00,0.758611,0,1,1,20,17,37,22,28,50,5,0,5,73.0,39.47,2.63,7.89,2.63,10.53,5.26,13.16,18.42
9000008669,2025-08-13 14:00,0.678333,3,2,5,22,15,37,20,4,24,0,0,0,81.0,0.0,25.0,0.0,25.0,12.5,18.75,0.0,25.0
9000008669,2025-08-13 15:00,0.752778,1,0,1,24,21,45,5,4,9,0,0,0,119.5,14.29,0.0,0.0,14.29,0.0,14.29,0.0,57.14
9000008669,2025-08-13 16:00,0.788056,5,4,9,29,19,48,13,13,25,0,0,0,77.5,5.0,5.0,15.0,10.0,10.0,5.0,15.0,35.0
9000008669,2025-08-13 17:00,0.798611,1,1,3,29,16,45,14,4,18,0,0,0,69.5,0.0,0.0,7.14,14.29,14.29,28.57,21.43,14.29
9000008669,2025-08-13 18:00,0.7875,1,1,3,28,18,46,8,8,15,0,0,0,91.0,0.0,8.33,0.0,8.33,8.33,0.0,16.67,58.33
9000008669,2025-08-13 19:00,0.79,0,0,0,10,18,28,5,6,11,0,0,0,84.0,0.0,0.0,11.11,0.0,0.0,0.0,33.33,55.56
9000008669,2025-08-13 20:00,0.340278,2,7,10,19,10,28,10,8,17,0,0,0,90.0,0.0,16.67,16.67,0.0,0.0,0.0,0.0,66.67
9000008669,2025-08-14 05:00,0.069167,0,0,0,0,0,0,0,0,0,0,0,0,,0.0,0.0,0.0,0.0,0.0,0.0,0.0,0.0
9000008669,2025-08-14 06:00,0.7925,0,0,0,6,11,18,3,1,4,0,0,0,102.5,0.0,0.0,0.0,0.0,0.0,33.33,33.33,33.33
9000008669,2025-08-14 07:00,0.798056,0,0,0,6,23,29,5,19,24,0,0,0,91.0,0.0,31.58,0.0,5.26,5.26,10.53,5.26,42.11
9000008669,2025-08-14 08:00,0.764722,0,0,0,13,18,31,8,10,18,0,0,0,84.5,14.29,21.43,21.43,0.0,0.0,7.14,0.0,35.71
9000008669,2025-08-14 09:00,0.785,0,0,0,13,14,27,9,14,23,0,0,0,86.0,5.56,50.0,0.0,0.0,5.56,5.56,5.56,27.78
9000008669,2025-08-14 10:00,0.798333,1,2,4,12,15,27,11,10,21,1,1,3,67.5,11.76,17.65,11.76,11.76,5.88,17.65,11.76,11.76
9000008669,2025-08-14 11:00,0.298333,0,0,0,23,13,35,10,10,21,0,0,0,67.0,0.0,0.0,33.33,16.67,0.0,33.33,33.33,0.0
9000008669,2025-08-30 06:00,0.178333,5,0,5,0,0,0,16,7,23,0,5,5,32.5,0.0,25.0,50.0,25.0,0.0,0.0,0.0,0.0
9000008669,2025-08-30 07:00,0.581944,0,0,0,0,7,7,9,9,17,3,2,5,21.5,0.0,80.0,20.0,0.0,0.0,0.0,0.0,0.0
9000008669,2025-08-30 08:00,0.605278,11,0,11,5,23,28,16,19,35,0,7,7,74.5,0.0,42.86,28.57,9.52,4.76,0.0,0.0,19.05
9000008669,2025-08-30 09:00,0.543056,3,4,7,23,45,68,38,34,72,5,0,5,55.5,20.51,35.9,15.38,0.0,12.82,2.56,0.0,12.82
9000008669,2025-08-30 10:00,0.545278,6,8,13,28,47,75,35,55,89,7,4,11,62.0,42.86,24.49,10.2,0.0,4.08,0.0,6.12,10.2
9000008669,2025-08-30 11:00,0.541111,14,6,20,18,50,67,32,32,63,7,11,18,67.5,26.47,38.24,14.71,2.94,0.0,0.0,5.88,11.76
9000008669,2025-08-30 12:00,0.530556,8,4,11,29,59,88,66,44,110,6,18,24,50.0,29.31,37.93,13.79,1.72,3.45,0.0,6.9,8.62
9000008669,2025-08-30 13:00,0.527778,0,5,5,24,59,83,89,44,133,19,15,33,40.5,41.43,32.86,10.0,0.0,1.43,5.71,1.43,7.14
9000008669,2025-08-30 14:00,0.587222,12,2,13,47,107,155,129,46,175,17,9,26,37.0,18.45,42.72,21.36,3.88,0.0,1.94,3.88,8.74
9000008669,2025-08-30 15:00,0.573056,14,5,19,41,82,123,160,71,231,24,24,48,25.0,15.91,50.0,21.97,2.27,0.0,0.76,1.52,7.58
9000008669,2025-08-30 16:00,0.595278,3,10,13,37,94,131,156,71,226,12,7,18,42.0,11.85,41.48,27.41,3.7,2.96,1.48,2.22,8.89
9000008669,2025-08-30 17:00,0.6075,6,3,10,49,118,167,100,46,146,5,10,15,47.0,6.82,46.59,25.0,2.27,5.68,0.0,2.27,11.36
9000008669,2025-08-30 18:00,0.632222,8,11,19,37,84,121,105,45,150,10,3,13,29.5,5.26,54.74,26.32,3.16,0.0,2.11,5.26,4.21
9000008669,2025-08-30 19:00,0.4275,15,10,25,37,55,92,99,40,139,11,2,13,29.5,15.25,37.29,33.9,3.39,0.0,3.39,0.0,8.47
9000008669,2025-08-31 06:00,0.415278,0,0,0,0,0,0,4,2,6,0,0,0,72.5,0.0,50.0,50.0,0.0,0.0,0.0,0.0,50.0
9000008669,2025-08-31 07:00,0.790556,0,4,4,0,6,6,6,11,18,0,6,6,39.5,7.14,50.0,21.43,7.14,0.0,7.14,0.0,7.14
9000008669,2025-08-31 08:00,0.713333,3,0,3,9,3,12,8,13,20,2,4,6,28.5,6.67,53.33,26.67,6.67,0.0,0.0,0.0,6.67
9000008669,2025-08-31 09:00,0.735556,1,3,4,4,16,20,19,29,48,1,1,3,48.5,31.43,11.43,25.71,8.57,8.57,0.0,2.86,11.43
9000008669,2025-08-31 10:00,0.770833,1,5,6,16,27,43,14,21,35,1,1,3,65.0,55.56,7.41,11.11,0.0,3.7,3.7,18.52,0.0
9000008669,2025-08-31 11:00,0.787222,6,8,14,22,38,60,39,24,64,5,11,16,31.0,12.0,46.0,26.0,6.0,2.0,2.0,2.0,4.0
9000008669,2025-08-31 12:00,0.766111,4,6,10,14,49,64,43,32,75,5,5,11,56.5,8.62,46.55,25.86,1.72,0.0,3.45,8.62,5.17
9000008669,2025-08-31 13:00,0.737778,0,1,1,27,38,65,63,34,97,5,4,9,41.0,18.06,33.33,26.39,6.94,2.78,0.0,1.39,11.11
9000008669,2025-08-31 14:00,0.6925,7,1,9,43,59,102,25,16,41,6,4,10,49.5,32.14,14.29,14.29,14.29,10.71,7.14,0.0,7.14
9000008669,2025-08-31 15:00,0.736667,3,4,7,50,52,102,30,14,43,0,3,3,33.0,15.62,40.62,25.0,6.25,0.0,0.0,9.38,3.12
9000008669,2025-08-31 16:00,0.760556,5,1,7,44,55,99,50,16,66,4,3,7,66.5,14.0,20.0,32.0,8.0,8.0,2.0,4.0,12.0
9000008669,2025-08-31 17:00,0.776667,6,6,13,26,62,87,77,32,109,3,1,4,55.5,9.41,31.76,40.0,3.53,0.0,2.35,5.88,7.06
9000008669,2025-08-31 18:00,0.783611,9,7,15,43,57,100,86,12,98,6,0,6,56.0,0.0,35.06,38.96,10.39,0.0,2.6,9.09,3.9
9000008669,2025-08-31 19:00,0.699444,8,3,10,25,57,83,67,10,77,3,0,3,45.0,1.85,25.93,46.3,7.41,1.85,3.7,1.85,7.41
9000008669,2025-09-01 06:00,0.280833,0,5,5,8,39,47,11,8,19,3,0,3,40.0,20.0,20.0,20.0,40.0,0.0,20.0,0.0,0.0
9000008669,2025-09-01 07:00,0.529444,2,2,4,13,72,85,54,22,75,8,1,10,75.5,0.0,22.5,40.0,17.5,0.0,0.0,5.0,15.0
9000008669,2025-09-01 08:00,0.705833,4,3,7,27,72,99,72,24,96,8,4,12,48.0,13.24,22.06,44.12,1.47,2.94,2.94,2.94,8.82
9000008669,2025-09-01 09:00,0.7225,1,1,3,28,49,77,78,44,123,22,3,24,56.0,14.61,31.46,28.09,7.87,2.25,4.49,3.37,7.87
9000008669,2025-09-01 10:00,0.776389,4,4,8,28,66,94,68,44,112,5,1,6,60.0,20.69,21.84,29.89,9.2,1.15,2.3,6.9,8.05
9000008669,2025-09-01 11:00,0.753889,5,5,11,33,57,90,89,36,125,25,1,26,26.5,19.15,43.62,26.6,5.32,1.06,1.06,0.0,3.19
9000008669,2025-09-01 12:00,0.744722,11,11,21,54,62,115,78,42,119,16,3,19,64.5,20.22,31.46,21.35,5.62,2.25,1.12,4.49,13.48
9000008669,2025-09-01 13:00,0.728056,8,5,14,71,51,122,78,57,135,7,11,18,30.0,21.43,32.65,31.63,3.06,4.08,2.04,3.06,3.06
9000008669,2025-09-01 14:00,0.696667,4,9,13,77,125,202,79,65,144,7,1,9,39.0,31.68,35.64,10.89,6.93,0.99,1.98,1.98,8.91
9000008669,2025-09-01 15:00,0.719444,1,3,4,86,135,221,78,35,112,0,1,1,64.5,22.22,32.1,17.28,6.17,3.7,2.47,8.64,7.41
9000008669,2025-09-01 16:00,0.768333,5,4,9,94,109,203,51,19,70,1,1,3,63.5,14.81,22.22,14.81,18.52,3.7,7.41,7.41,11.11
9000008669,2025-09-01 17:00,0.778056,12,10,22,85,84,169,89,41,130,0,1,1,55.5,6.93,37.62,25.74,10.89,3.96,0.99,2.97,10.89
9000008669,2025-09-01 18:00,0.787778,10,6,17,67,115,182,95,31,126,9,1,10,60.5,7.07,40.4,25.25,7.07,2.02,3.03,6.06,9.09
9000008669,2025-09-01 19:00,0.586389,3,14,17,50,94,144,76,38,114,7,5,12,59.5,5.97,28.36,37.31,8.96,1.49,2.99,7.46,7.46
9000008669,2025-09-02 07:00,0.476944,1,4,6,5,54,59,33,14,47,2,5,7,66.0,4.35,26.09,43.48,8.7,0.0,0.0,8.7,8.7
9000008669,2025-09-02 08:00,0.485833,7,10,17,82,82,164,64,44,108,7,0,7,64.0,15.38,13.46,40.38,7.69,5.77,0.0,1.92,13.46
9000008669,2025-09-02 09:00,0.355556,4,5,9,57,80,138,110,27,137,6,0,6,33.5,6.12,44.9,30.61,4.08,0.0,2.04,6.12,6.12
9000008669,2025-09-02 10:00,0.375556,12,4,16,55,74,129,92,4,97,5,0,5,30.0,16.67,36.11,33.33,11.11,0.0,0.0,0.0,2.78
9000008669,2025-09-02 11:00,0.578056,5,4,9,49,112,162,65,25,90,15,5,20,28.5,3.85,44.23,42.31,3.85,0.0,3.85,0.0,5.77
9000008669,2025-09-02 12:00,0.783611,6,13,19,69,133,202,76,19,96,11,0,11,64.5,8.0,40.0,22.67,4.0,2.67,5.33,4.0,13.33
9000008669,2025-09-02 13:00,0.773056,12,10,22,82,144,226,70,14,84,10,1,11,76.5,4.62,27.69,33.85,6.15,6.15,1.54,1.54,18.46
9000008669,2025-09-02 14:00,0.7375,11,5,16,99,152,251,86,27,113,5,3,8,37.0,19.28,31.33,28.92,8.43,1.2,4.82,2.41,3.61
9000008669,2025-09-02 15:00,0.744167,7,3,9,81,116,197,64,24,88,4,0,4,55.5,15.15,30.3,27.27,4.55,4.55,4.55,3.03,10.61
9000008669,2025-09-02 16:00,0.727778,8,4,12,79,88,167,41,26,67,4,3,7,64.0,14.58,20.83,25.0,6.25,4.17,14.58,4.17,12.5
9000008669,2025-09-02 17:00,0.769444,4,4,8,103,125,228,59,17,76,4,1,5,58.5,6.78,27.12,32.2,10.17,3.39,6.78,5.08,8.47
9000008669,2025-09-02 18:00,0.764167,18,5,23,85,157,242,88,25,112,1,0,1,57.5,5.81,32.56,34.88,5.81,2.33,4.65,4.65,9.3
9000008669,2025-09-02 19:00,0.321111,7,9,16,40,121,161,117,25,142,5,0,5,33.5,4.44,53.33,24.44,8.89,0.0,0.0,0.0,11.11
9000008669,2025-09-03 06:00,0.276111,3,3,5,5,17,22,59,5,64,3,0,3,41.0,0.0,55.56,16.67,11.11,11.11,5.56,5.56,0.0
9000008669,2025-09-03 07:00,0.665278,3,12,15,9,44,53,46,13,58,5,0,5,71.5,5.13,17.95,38.46,17.95,0.0,0.0,5.13,15.38
9000008669,2025-09-03 08:00,0.705,4,7,11,24,79,104,88,21,109,8,3,11,58.5,7.79,27.27,36.36,6.49,3.9,2.6,3.9,10.39
9000008669,2025-09-03 09:00,0.731389,1,1,3,36,59,95,77,37,114,8,7,15,32.5,17.86,28.57,34.52,8.33,1.19,2.38,2.38,4.76
9000008669,2025-09-03 10:00,0.7775,5,0,5,31,77,108,80,33,113,8,1,9,34.0,19.32,27.27,34.09,9.09,1.14,1.14,4.55,3.41
9000008669,2025-09-03 11:00,0.761667,11,4,14,49,75,124,77,20,97,8,1,9,30.0,25.68,35.14,24.32,4.05,1.35,2.7,1.35,5.41
9000008669,2025-09-03 12:00,0.745556,5,3,8,44,113,157,67,34,101,14,10,23,49.5,20.0,37.33,20.0,2.67,5.33,1.33,4.0,9.33
9000008669,2025-09-03 13:00,0.709167,10,1,11,56,62,117,51,27,77,19,7,26,44.0,30.91,32.73,16.36,1.82,3.64,0.0,7.27,7.27
9000008669,2025-09-03 14:00,0.661389,3,6,9,71,50,121,41,19,61,6,0,6,29.5,25.0,50.0,10.0,5.0,2.5,2.5,2.5,2.5
9000008669,2025-09-03 15:00,0.630556,3,2,5,99,90,189,28,17,45,0,2,2,48.5,27.59,27.59,10.34,17.24,3.45,0.0,0.0,13.79
9000008669,2025-09-03 16:00,0.676389,3,3,6,78,129,207,58,22,80,8,0,8,54.0,24.07,20.37,22.22,9.26,7.41,7.41,0.0,11.11
9000008669,2025-09-03 17:00,0.713056,10,13,22,57,87,145,63,36,99,4,1,6,66.5,21.13,19.72,26.76,8.45,2.82,2.82,7.04,11.27
9000008669,2025-09-03 18:00,0.722778,6,10,15,73,91,164,62,15,78,7,0,7,49.0,14.29,33.93,21.43,8.93,7.14,1.79,3.57,8.93
9000008669,2025-09-03 19:00,0.436944,9,11,21,35,91,126,89,27,116,2,0,2,75.5,1.96,33.33,33.33,5.88,0.0,0.0,7.84,17.65
9000008669,2025-09-04 06:00,0.343889,6,4,10,14,16,30,40,4,44,0,0,0,38.5,0.0,13.33,66.67,13.33,0.0,0.0,13.33,6.67
9000008669,2025-09-04 07:00,0.446667,0,3,3,7,49,57,35,22,58,7,0,7,68.0,7.69,19.23,38.46,15.38,0.0,0.0,3.85,11.54
9000008669,2025-09-04 08:00,0.634444,4,9,13,35,67,102,63,22,85,5,3,8,35.0,9.26,20.37,46.3,11.11,1.85,1.85,1.85,7.41
9000008669,2025-09-04 09:00,0.683889,3,0,3,45,69,114,113,21,133,8,0,8,38.0,12.09,27.47,39.56,8.79,1.1,2.2,2.2,7.69
9000008669,2025-09-04 10:00,0.735833,3,3,6,55,54,108,96,33,128,12,7,19,44.0,12.77,34.04,35.11,2.13,1.06,4.26,0.0,10.64
9000008669,2025-09-04 11:00,0.74,5,1,7,27,93,120,86,27,113,11,1,12,33.0,9.52,48.81,23.81,4.76,3.57,1.19,2.38,5.95
9000008669,2025-09-04 12:00,0.722222,4,4,8,54,65,119,75,27,102,11,11,22,33.5,17.57,35.14,28.38,9.46,0.0,5.41,2.7,1.35
9000008669,2025-09-04 13:00,0.714167,10,1,11,51,101,152,87,32,119,7,4,11,35.5,24.71,31.76,24.71,7.06,4.71,1.18,3.53,2.35
9000008669,2025-09-04 14:00,0.621944,3,5,8,76,77,153,61,37,98,8,0,8,55.0,24.59,31.15,19.67,1.64,4.92,3.28,1.64,13.11
9000008669,2025-09-04 15:00,0.683889,5,5,9,134,94,228,45,18,63,0,0,0,63.0,6.98,34.88,30.23,4.65,0.0,4.65,9.3,9.3
9000008669,2025-09-04 16:00,0.741389,10,0,10,86,111,198,72,35,107,4,3,7,49.5,15.19,22.78,32.91,8.86,6.33,7.59,2.53,5.06
9000008669,2025-09-04 17:00,0.770833,19,10,30,81,106,187,88,32,121,8,5,13,55.0,6.45,30.11,37.63,6.45,2.15,3.23,6.45,7.53
9000008669,2025-09-04 18:00,0.7675,6,12,18,52,72,124,95,56,151,4,4,8,62.5,7.76,30.17,30.17,7.76,3.45,3.45,6.9,10.34
9000008669,2025-09-04 19:00,0.468889,9,7,17,25,67,92,68,39,108,3,0,3,60.5,12.0,32.0,28.0,4.0,8.0,2.0,4.0,14.0
9000008669,2025-09-05 06:00,0.119444,0,0,0,0,17,17,63,21,83,0,7,7,33.5,0.0,20.0,60.0,10.0,0.0,0.0,10.0,0.0
9000008669,2025-09-05 07:00,0.654167,6,1,7,14,34,48,40,25,65,1,1,3,44.0,4.65,25.58,41.86,11.63,6.98,2.33,2.33,9.3
9000008669,2025-09-05 08:00,0.452222,4,7,11,52,65,117,53,21,74,0,2,2,34.0,8.82,32.35,26.47,17.65,0.0,2.94,0.0,8.82
9000008669,2025-09-05 09:00,0.726944,8,4,11,43,88,131,61,17,78,9,0,9,48.0,3.51,35.09,28.07,15.79,5.26,0.0,1.75,12.28
9000008669,2025-09-05 10:00,0.78,4,4,8,48,72,119,64,14,78,3,1,4,47.0,6.56,19.67,37.7,16.39,6.56,3.28,0.0,9.84
9000008669,2025-09-05 11:00,0.750278,4,7,11,27,99,126,90,16,106,7,1,8,56.0,6.33,39.24,30.38,2.53,6.33,1.27,5.06,8.86
9000008669,2025-09-05 12:00,0.761111,3,1,4,76,142,218,91,20,110,12,1,13,61.0,13.1,35.71,26.19,4.76,1.19,3.57,5.95,9.52
9000008669,2025-09-05 13:00,0.774167,3,4,6,69,137,206,77,22,99,4,0,4,42.0,19.48,23.38,33.77,7.79,1.3,0.0,2.6,11.69
9000008669,2025-09-05 14:00,0.761667,6,12,18,104,221,324,99,21,120,1,3,4,71.5,9.78,27.17,27.17,9.78,3.26,4.35,1.09,17.39
9000008669,2025-09-05 15:00,0.711944,0,3,3,94,97,191,43,15,58,5,3,8,71.0,21.95,19.51,24.39,7.32,7.32,0.0,4.88,17.07
9000008669,2025-09-05 16:00,0.754444,3,3,5,92,106,198,61,17,78,1,0,1,48.5,18.64,28.81,30.51,3.39,5.08,1.69,3.39,8.47
9000008669,2025-09-05 17:00,0.765556,1,14,16,139,110,249,93,21,114,4,1,5,62.5,11.49,35.63,25.29,4.6,4.6,2.3,3.45,12.64
9000008669,2025-09-05 18:00,0.783056,17,8,24,70,100,170,111,19,130,5,1,6,46.5,13.73,38.24,27.45,2.94,3.92,1.96,0.98,10.78
9000008669,2025-09-05 19:00,0.520833,14,18,32,89,102,192,121,10,131,2,0,2,44.0,4.41,39.71,36.76,2.94,2.94,4.41,2.94,7.35
9000008669,2025-09-06 06:00,0.1375,0,0,0,4,19,22,7,0,7,0,0,0,33.5,0.0,0.0,0.0,0.0,0.0,0.0,0.0,0.0
9000008669,2025-09-06 07:00,0.723333,1,4,6,5,17,22,9,4,13,0,0,0,67.5,0.0,22.22,11.11,44.44,0.0,11.11,11.11,11.11
9000008669,2025-09-06 08:00,0.748333,1,7,8,7,37,44,15,12,27,3,0,3,70.0,5.0,45.0,25.0,5.0,0.0,0.0,5.0,15.0
9000008669,2025-09-06 09:00,0.7275,1,7,8,28,39,66,38,25,63,3,5,8,55.5,21.74,28.26,19.57,10.87,4.35,4.35,4.35,6.52
9000008669,2025-09-06 10:00,0.758889,4,8,12,25,54,79,52,24,76,5,5,11,40.5,15.52,32.76,24.14,12.07,1.72,1.72,3.45,8.62
9000008669,2025-09-06 11:00,0.736944,7,3,9,26,71,98,54,19,73,1,8,10,34.5,12.96,44.44,25.93,1.85,1.85,0.0,0.0,12.96
9000008669,2025-09-06 12:00,0.730833,5,8,14,32,54,86,55,38,93,13,14,27,37.5,29.41,23.53,27.94,5.88,2.94,0.0,4.41,7.35
9000008669,2025-09-06 13:00,0.738611,7,12,19,57,69,125,78,28,106,8,12,20,61.5,17.72,37.97,17.72,6.33,1.27,2.53,10.13,6.33
9000008669,2025-09-06 14:00,0.687222,7,7,15,90,68,158,70,22,92,3,0,3,34.0,20.63,46.03,15.87,4.76,4.76,0.0,0.0,7.94
9000008669,2025-09-06 15:00,0.728056,4,6,10,112,89,201,50,17,66,0,1,1,53.0,20.83,27.08,20.83,10.42,2.08,8.33,0.0,10.42
9000008669,2025-09-06 16:00,0.778889,4,0,4,125,83,208,66,19,86,5,0,5,49.5,17.91,29.85,23.88,7.46,5.97,2.99,1.49,10.45
9000008669,2025-09-06 17:00,0.77,9,3,12,81,111,192,86,12,98,0,0,0,43.5,6.67,32.0,34.67,10.67,2.67,2.67,4.0,6.67
9000008669,2025-09-06 18:00,0.793056,10,9,19,87,125,212,73,19,92,5,0,5,70.0,9.59,24.66,32.88,4.11,6.85,2.74,4.11,15.07
9000008669,2025-09-06 19:00,0.419167,3,14,17,56,81,137,108,10,119,7,0,7,34.0,4.0,40.0,26.0,22.0,0.0,0.0,2.0,8.0
9000008669,2025-09-07 06:00,0.096111,0,0,0,0,0,0,21,10,31,0,0,0,108.0,0.0,0.0,33.33,0.0,0.0,33.33,0.0,33.33
9000008669,2025-09-07 07:00,0.341389,0,0,0,11,21,31,17,0,17,3,0,3,70.5,0.0,50.0,33.33,16.67,0.0,0.0,0.0,16.67
9000008669,2025-09-07 08:00,0.755278,1,1,3,3,29,32,9,10,20,0,1,1,39.0,0.0,60.0,20.0,6.67,0.0,0.0,0.0,13.33
9000008669,2025-09-07 09:00,0.727778,1,5,7,4,15,19,22,23,45,0,0,0,42.5,15.15,24.24,36.36,6.06,6.06,0.0,3.03,9.09
9000008669,2025-09-07 10:00,0.774167,5,5,10,19,35,54,28,34,62,1,1,3,59.5,14.58,37.5,16.67,10.42,0.0,6.25,8.33,6.25
9000008669,2025-09-07 11:00,0.767222,3,4,6,26,30,56,44,9,53,4,0,4,39.5,14.63,46.34,14.63,9.76,0.0,0.0,0.0,14.63
9000008669,2025-09-07 12:00,0.723333,9,5,15,22,51,73,47,20,68,6,6,11,31.0,18.37,44.9,22.45,4.08,0.0,4.08,2.04,6.12
9000008669,2025-09-07 13:00,0.716944,8,7,15,36,25,61,39,15,54,1,3,4,33.0,15.38,35.9,30.77,7.69,2.56,0.0,0.0,7.69
9000008669,2025-09-07 14:00,0.679167,10,6,16,48,28,76,24,13,37,3,1,4,51.0,32.0,32.0,4.0,8.0,8.0,8.0,4.0,4.0
9000008669,2025-09-07 15:00,0.745556,0,1,1,64,58,122,25,7,32,1,0,1,72.0,29.17,16.67,25.0,0.0,8.33,0.0,4.17,16.67
9000008669,2025-09-07 16:00,0.753889,0,4,4,81,46,127,20,9,29,0,0,0,48.5,40.91,13.64,18.18,4.55,9.09,0.0,4.55,9.09
9000008669,2025-09-07 17:00,0.776944,5,5,10,66,68,134,68,17,85,3,0,3,72.5,6.06,19.7,37.88,10.61,4.55,1.52,3.03,16.67
9000008669,2025-09-07 18:00,0.783056,12,9,21,55,87,142,87,13,100,1,1,2,46.0,8.97,20.51,46.15,7.69,2.56,0.0,3.85,10.26
9000008669,2025-09-07 19:00,0.44,5,0,5,30,97,128,86,15,101,8,0,8,40.0,2.27,40.91,34.09,4.55,6.82,2.27,4.55,4.55
9000008669,2025-09-08 06:00,0.154167,6,0,6,6,59,65,20,14,34,0,12,12,81.5,0.0,20.0,40.0,0.0,0.0,0.0,0.0,40.0
9000008669,2025-09-08 07:00,0.714167,5,11,16,22,48,69,92,24,115,7,4,11,45.0,2.44,26.83,43.9,9.76,3.66,2.44,0.0,13.41
9000008669,2025-09-08 08:00,0.744167,9,11,20,29,68,98,101,23,124,7,1,8,33.0,8.7,27.17,43.48,13.04,2.17,1.09,1.09,3.26
9000008669,2025-09-08 09:00,0.721667,9,0,9,34,69,102,156,50,206,18,6,24,28.0,18.79,39.6,30.2,4.7,2.68,0.67,0.67,2.01
9000008669,2025-09-08 10:00,0.77,1,3,4,36,75,112,57,49,107,12,4,16,33.5,19.51,36.59,28.05,2.44,2.44,4.88,0.0,6.1
9000008669,2025-09-08 11:00,0.734444,1,3,4,38,75,113,97,29,126,12,1,14,39.5,11.83,48.39,22.58,3.23,0.0,6.45,4.3,4.3
9000008669,2025-09-08 12:00,0.702222,3,1,4,44,35,79,48,20,68,14,14,29,38.0,33.33,35.42,8.33,10.42,0.0,4.17,0.0,8.33
9000008669,2025-09-08 13:00,0.748889,0,5,5,73,93,166,67,32,99,13,5,19,54.5,18.92,37.84,24.32,1.35,0.0,2.7,6.76,8.11
9000008669,2025-09-08 14:00,0.686111,4,4,9,66,99,165,65,33,99,1,0,1,28.5,26.47,44.12,16.18,4.41,0.0,2.94,0.0,5.88
9000008669,2025-09-08 15:00,0.746944,3,1,4,117,200,317,61,26,87,1,1,3,63.0,18.46,30.77,13.85,12.31,3.08,4.62,9.23,7.69
9000008669,2025-09-08 16:00,0.766667,10,1,11,87,53,140,89,33,122,44,55,100,43.5,10.75,29.03,39.78,3.23,4.3,3.23,7.53,2.15
9000008669,2025-09-08 17:00,0.792222,8,8,15,60,105,165,77,33,110,26,3,29,60.0,11.49,28.74,29.89,9.2,0.0,5.75,5.75,9.2
9000008669,2025-09-08 18:00,0.773889,9,10,19,44,111,155,120,27,147,31,4,35,55.0,7.02,39.47,25.44,7.89,1.75,5.26,2.63,10.53
9000008669,2025-09-08 19:00,0.255556,13,20,33,25,89,114,100,19,119,44,5,49,36.0,20.0,36.67,30.0,3.33,6.67,0.0,0.0,6.67
9000008669,2025-09-09 06:00,0.148611,6,0,6,8,53,61,22,17,39,28,0,28,25.0,0.0,66.67,16.67,0.0,0.0,0.0,0.0,16.67
9000008669,2025-09-09 07:00,0.459722,8,19,26,34,64,98,99,23,122,18,6,24,52.5,17.86,23.21,37.5,3.57,0.0,5.36,5.36,7.14
9000008669,2025-09-09 08:00,0.776389,3,10,13,31,75,105,80,28,108,31,9,40,75.5,20.24,19.05,38.1,3.57,0.0,1.19,1.19,16.67
9000008669,2025-09-09 09:00,0.744167,4,4,8,21,74,95,101,28,129,36,5,42,39.5,12.5,33.33,36.46,3.12,1.04,2.08,2.08,9.38
9000008669,2025-09-09 10:00,0.742778,1,1,3,30,52,82,107,58,165,28,3,31,25.0,32.79,36.07,18.85,2.46,0.82,0.0,1.64,7.38
9000008669,2025-09-09 11:00,0.719167,5,3,8,29,64,94,85,33,118,27,14,42,24.5,30.59,37.65,20.0,4.71,1.18,3.53,0.0,3.53
9000008669,2025-09-09 12:00,0.766667,8,4,12,43,124,167,80,38,118,39,18,57,32.5,17.78,48.89,16.67,4.44,2.22,2.22,0.0,7.78
9000008669,2025-09-09 13:00,0.739444,3,7,9,62,104,167,95,65,160,22,16,38,50.5,36.97,33.61,9.24,1.68,2.52,4.2,5.88,5.04
9000008669,2025-09-09 14:00,0.683611,8,6,14,66,83,149,61,71,131,25,16,41,21.0,53.33,30.0,6.67,2.22,1.11,0.0,2.22,4.44
9000008669,2025-09-09 15:00,0.724167,0,4,4,90,141,231,53,70,123,21,14,35,56.5,43.82,32.58,4.49,2.25,1.12,4.49,3.37,8.99
9000008669,2025-09-09 16:00,0.765,8,4,12,78,89,168,69,60,129,31,31,63,68.0,26.26,36.36,16.16,3.03,1.01,0.0,3.03,14.14
9000008669,2025-09-09 17:00,0.780556,14,3,17,35,36,71,90,76,166,59,26,84,53.5,10.08,41.09,27.91,4.65,0.78,2.33,4.65,8.53
9000008669,2025-09-09 18:00,0.786944,12,13,24,33,99,133,70,54,123,29,8,37,54.0,14.43,36.08,28.87,2.06,2.06,4.12,2.06,10.31
9000008669,2025-09-09 19:00,0.311944,11,8,20,55,129,183,77,26,102,38,0,38,80.0,6.25,31.25,31.25,12.5,3.12,0.0,0.0,18.75
9000008669,2025-09-10 06:00,0.150556,7,7,13,7,20,27,20,13,33,7,0,7,81.0,0.0,20.0,60.0,0.0,0.0,0.0,0.0,20.0
9000008669,2025-09-10 07:00,0.451389,3,6,8,8,127,134,46,19,65,52,4,56,29.5,6.9,24.14,58.62,0.0,0.0,0.0,0.0,13.79
9000008669,2025-09-10 08:00,0.713611,6,3,8,32,96,128,105,37,142,46,1,47,59.5,11.88,17.82,44.55,8.91,0.99,0.99,0.99,14.85
9000008669,2025-09-10 09:00,0.714167,6,4,10,20,73,93,80,24,104,60,8,68,39.5,16.22,32.43,29.73,6.76,4.05,4.05,0.0,6.76
9000008669,2025-09-10 10:00,0.720278,4,0,4,31,68,98,40,21,61,55,8,64,51.0,25.0,31.82,20.45,6.82,0.0,4.55,0.0,11.36
9000008669,2025-09-10 11:00,0.7225,4,0,4,29,41,71,39,35,73,54,18,72,33.5,24.53,37.74,18.87,7.55,3.77,1.89,1.89,3.77
9000008669,2025-09-10 12:00,0.711389,3,1,4,24,57,81,38,35,73,65,27,92,53.5,32.69,28.85,13.46,1.92,3.85,5.77,1.92,11.54
9000008669,2025-09-10 13:00,0.748056,7,3,10,37,91,129,63,37,100,57,27,83,73.0,18.67,34.67,21.33,2.67,1.33,1.33,4.0,16.0
9000008669,2025-09-10 14:00,0.742778,8,7,15,49,121,171,51,33,84,57,56,113,51.0,16.13,37.1,27.42,3.23,0.0,4.84,4.84,6.45
9000008669,2025-09-10 15:00,0.7475,19,9,28,38,143,181,89,61,150,84,25,109,74.5,23.21,26.79,20.54,1.79,1.79,0.89,4.46,20.54
9000008669,2025-09-10 16:00,0.744722,16,11,27,50,87,137,75,71,146,53,39,92,53.0,21.1,38.53,19.27,3.67,0.92,2.75,5.5,8.26
9000008669,2025-09-10 17:00,0.780278,18,19,37,40,68,108,99,47,146,61,46,107,52.5,14.91,46.49,16.67,3.51,2.63,1.75,0.0,14.04
9000008669,2025-09-10 18:00,0.784722,27,11,38,45,52,97,61,60,121,56,22,78,63.0,7.37,42.11,21.05,9.47,1.05,2.11,5.26,11.58
9000008669,2025-09-10 19:00,0.077778,0,13,13,13,39,51,51,39,90,51,39,90,30.0,14.29,42.86,28.57,0.0,0.0,14.29,0.0,0.0
9000008669,2025-09-11 06:00,0.091389,0,11,11,11,22,33,55,22,77,22,0,22,25.0,0.0,57.14,28.57,14.29,0.0,0.0,0.0,0.0
9000008669,2025-09-11 07:00,0.663611,5,9,14,16,29,45,64,25,88,44,28,72,40.0,5.08,30.51,38.98,11.86,5.08,0.0,5.08,6.78
9000008669,2025-09-11 08:00,0.743056,8,4,12,28,55,83,62,39,101,79,21,101,68.0,6.67,21.33,40.0,9.33,2.67,0.0,6.67,13.33
9000008669,2025-09-11 09:00,0.714722,7,1,8,21,56,77,87,39,125,57,8,65,31.0,13.33,31.11,40.0,3.33,1.11,4.44,2.22,4.44
9000008669,2025-09-11 10:00,0.713056,4,1,5,52,53,105,35,35,70,46,20,66,79.0,40.0,16.0,4.0,2.0,2.0,8.0,4.0,24.0
9000008669,2025-09-11 11:00,0.742222,4,0,4,19,37,56,40,44,85,69,70,139,59.0,17.46,50.79,11.11,1.59,0.0,4.76,4.76,9.52
9000008669,2025-09-11 12:00,0.697222,13,13,26,39,100,139,64,31,95,55,54,109,42.5,13.64,43.94,22.73,3.03,4.55,3.03,1.52,7.58
9000008669,2025-09-11 13:00,0.616944,1,3,4,50,48,98,62,78,140,54,37,91,27.5,45.98,25.29,16.09,2.3,0.0,2.3,4.6,2.3
9000008669,2025-09-11 14:00,0.668056,4,3,7,28,85,112,39,43,82,44,86,130,46.5,18.18,30.91,30.91,5.45,3.64,1.82,5.45,7.27
9000008669,2025-09-11 15:00,0.637778,3,5,8,58,66,124,36,47,83,42,56,99,45.0,45.28,20.75,13.21,3.77,1.89,3.77,5.66,5.66
9000008669,2025-09-11 16:00,0.688889,9,7,16,60,80,140,49,55,104,69,79,149,35.5,16.67,34.72,29.17,6.94,0.0,2.78,2.78,6.94
9000008669,2025-09-11 17:00,0.696389,10,7,18,57,80,138,57,94,150,69,140,209,41.5,21.9,38.1,21.9,2.86,1.9,2.86,1.9,8.57
9000008669,2025-09-11 18:00,0.361111,7,0,7,49,73,122,64,91,155,86,77,163,67.5,16.07,33.93,16.07,5.36,1.79,3.57,10.71,14.29
9000008669,2025-09-11 19:00,0.164444,18,0,18,6,18,24,43,97,140,91,109,201,29.0,4.35,47.83,34.78,8.7,0.0,0.0,0.0,4.35
9000008669,2025-09-12 06:00,0.199722,0,0,0,0,24,24,24,15,38,20,6,27,58.0,0.0,0.0,62.5,12.5,0.0,12.5,12.5,0.0
9000008669,2025-09-12 07:00,0.777222,7,8,14,7,38,45,53,34,86,40,37,77,38.5,1.49,32.84,35.82,16.42,1.49,0.0,4.48,7.46
9000008669,2025-09-12 08:00,0.773333,4,8,12,22,41,63,57,35,92,64,46,110,43.5,2.82,30.99,43.66,5.63,2.82,4.23,1.41,8.45
9000008669,2025-09-12 09:00,0.741389,3,8,11,23,39,62,50,37,87,53,41,94,51.0,15.38,38.46,23.08,1.54,6.15,3.08,4.62,7.69
9000008669,2025-09-12 10:00,0.705278,8,3,11,19,32,51,52,39,91,59,27,85,42.5,17.19,34.38,25.0,7.81,3.12,1.56,7.81,4.69
9000008669,2025-09-12 11:00,0.678333,3,1,4,28,46,75,46,56,102,48,41,89,29.5,21.74,33.33,30.43,1.45,1.45,1.45,4.35,5.8
9000008669,2025-09-12 12:00,0.670833,12,3,15,52,70,122,70,42,112,67,49,116,33.0,20.0,41.33,22.67,2.67,0.0,4.0,2.67,6.67
9000008669,2025-09-12 13:00,0.685278,5,4,10,26,80,106,60,58,118,75,80,155,24.5,27.16,44.44,17.28,0.0,1.23,2.47,1.23,6.17
9000008669,2025-09-12 14:00,0.55,5,4,9,89,142,232,49,67,116,40,13,53,17.5,54.69,35.94,6.25,3.12,0.0,0.0,0.0,0.0
9000008669,2025-09-12 15:00,0.648056,8,0,8,55,99,154,55,69,125,34,48,82,38.5,29.63,45.68,8.64,2.47,0.0,0.0,1.23,13.58
9000008669,2025-09-12 16:00,0.63,3,3,6,68,94,163,50,35,85,21,21,41,35.0,39.62,28.3,11.32,7.55,5.66,1.89,0.0,5.66
9000008669,2025-09-12 17:00,0.698056,9,3,11,32,47,79,47,46,93,59,66,125,46.0,18.46,40.0,18.46,6.15,3.08,1.54,1.54,10.77
9000008669,2025-09-12 18:00,0.745556,9,12,21,50,50,100,76,66,141,79,59,138,47.0,22.86,40.0,18.1,1.9,3.81,0.95,1.9,10.48
9000008669,2025-09-12 19:00,0.316667,12,15,26,55,51,107,82,76,158,63,29,92,38.5,2.0,60.0,18.0,8.0,0.0,0.0,8.0,6.0
9000008669,2025-09-13 06:00,0.080556,0,25,25,0,0,0,0,12,12,0,25,25,84.0,0.0,0.0,0.0,0.0,0.0,0.0,0.0,100.0
9000008669,2025-09-13 07:00,0.763889,1,1,3,8,7,14,13,18,31,7,8,14,58.5,8.33,41.67,25.0,0.0,0.0,12.5,0.0,12.5
9000008669,2025-09-13 08:00,0.766389,5,3,8,10,10,21,27,32,60,8,18,26,72.0,2.17,34.78,30.43,2.17,2.17,8.7,2.17,17.39
9000008669,2025-09-13 09:00,0.755556,8,5,13,21,28,49,41,27,69,23,24,46,68.5,5.77,42.31,26.92,5.77,0.0,1.92,3.85,13.46
9000008669,2025-09-13 10:00,0.765278,21,10,31,35,42,77,34,31,65,21,20,40,66.0,28.0,26.0,12.0,4.0,4.0,10.0,4.0,12.0
9000008669,2025-09-13 11:00,0.767222,10,8,18,29,53,82,50,35,85,38,30,68,82.0,32.31,20.0,18.46,1.54,0.0,6.15,4.62,16.92
9000008669,2025-09-13 12:00,0.751389,7,5,12,55,99,154,76,32,107,25,20,46,66.0,11.11,40.74,27.16,2.47,2.47,0.0,3.7,12.35
9000008669,2025-09-13 13:00,0.746667,9,11,20,59,123,182,118,42,159,28,11,39,48.0,10.92,40.34,24.37,5.88,4.2,3.36,4.2,6.72
9000008669,2025-09-13 14:00,0.762778,8,14,22,47,129,176,107,34,141,25,11,35,29.0,11.11,40.74,34.26,4.63,1.85,1.85,0.93,4.63
9000008669,2025-09-13 15:00,0.730556,4,1,5,72,55,127,79,44,123,57,27,85,34.0,22.22,32.22,27.78,3.33,4.44,0.0,1.11,8.89
9000008669,2025-09-13 16:00,0.764167,5,6,12,58,78,136,117,71,187,68,18,86,27.5,15.38,46.15,27.97,2.1,1.4,0.7,1.4,4.9
9000008669,2025-09-13 17:00,0.763611,5,13,18,57,75,132,98,105,203,29,7,35,27.0,24.52,46.45,18.06,1.29,3.87,1.29,2.58,1.94
9000008669,2025-09-13 18:00,0.789167,4,8,11,38,61,99,83,91,173,29,15,44,34.0,22.63,45.99,15.33,2.19,2.19,2.92,2.19,6.57
9000008669,2025-09-13 19:00,0.321111,8,18,26,84,91,175,114,45,159,34,9,43,32.5,13.73,45.1,23.53,3.92,3.92,3.92,1.96,5.88
9000008669,2025-09-14 07:00,0.33,0,0,0,0,10,10,4,15,19,9,6,15,29.5,0.0,50.0,33.33,16.67,0.0,0.0,0.0,0.0
9000008669,2025-09-14 08:00,0.718333,3,3,6,4,6,10,15,16,31,3,4,6,56.0,4.55,40.91,40.91,4.55,0.0,9.09,0.0,9.09
9000008669,2025-09-14 09:00,0.779722,9,4,13,10,10,21,21,24,45,4,5,9,73.5,2.86,31.43,34.29,2.86,5.71,0.0,5.71,17.14
9000008669,2025-09-14 10:00,0.775556,10,5,16,10,14,25,30,28,58,4,4,8,33.0,2.22,42.22,35.56,8.89,6.67,0.0,2.22,2.22
9000008669,2025-09-14 11:00,0.768056,17,14,31,21,18,39,35,34,69,10,8,18,65.0,3.77,43.4,24.53,7.55,1.89,1.89,5.66,11.32
9000008669,2025-09-14 12:00,0.740833,5,3,8,12,27,39,43,33,77,21,19,40,32.0,22.81,43.86,17.54,3.51,3.51,0.0,3.51,5.26
9000008669,2025-09-14 13:00,0.738889,4,3,7,42,43,86,34,44,78,14,7,21,26.5,50.0,25.86,10.34,1.72,1.72,1.72,6.9,1.72
9000008669,2025-09-14 14:00,0.719167,6,3,8,17,27,43,40,45,85,10,10,19,53.0,18.03,37.7,18.03,3.28,4.92,4.92,3.28,9.84
9000008669,2025-09-14 15:00,0.711111,1,4,6,39,45,85,32,29,62,10,6,15,42.0,47.73,22.73,13.64,0.0,2.27,2.27,4.55,6.82
9000008669,2025-09-14 16:00,0.747222,4,1,5,62,71,133,62,21,83,21,3,24,39.5,30.65,22.58,25.81,6.45,1.61,1.61,1.61,9.68
9000008669,2025-09-14 17:00,0.774722,10,11,21,27,87,114,91,35,126,27,3,30,29.0,22.68,37.11,26.8,3.09,3.09,0.0,2.06,6.19
9000008669,2025-09-14 18:00,0.786111,6,10,17,22,69,90,63,50,112,13,1,14,44.5,21.59,51.14,5.68,4.55,4.55,3.41,1.14,7.95
9000008669,2025-09-14 19:00,0.298056,7,7,15,8,74,81,76,31,107,10,3,13,26.0,3.12,53.12,31.25,9.38,3.12,0.0,0.0,0.0
9000008669,2025-09-15 07:00,0.025278,0,0,0,0,79,79,79,40,119,0,0,0,23.0,0.0,66.67,33.33,0.0,0.0,0.0,0.0,0.0
9000008669,2025-09-15 08:00,0.502222,4,7,12,86,103,189,78,43,121,67,9,76,41.0,4.92,44.26,27.87,8.2,1.64,3.28,1.64,6.56
9000008669,2025-09-15 09:00,0.713611,1,4,6,35,61,96,89,53,143,66,8,74,30.5,14.71,41.18,27.45,2.94,0.98,1.96,2.94,6.86
9000008669,2025-09-15 10:00,0.661111,0,0,0,39,39,78,70,37,106,10,4,15,42.0,22.86,42.86,12.86,5.71,1.43,4.29,2.86,7.14
9000008669,2025-09-15 11:00,0.6825,0,0,0,24,32,56,52,54,106,19,16,35,24.0,52.05,27.4,10.96,0.0,1.37,4.11,2.74,2.74
9000008669,2025-09-15 12:00,0.523056,1,0,1,40,66,105,75,70,144,19,15,34,50.0,28.95,32.89,13.16,6.58,3.95,2.63,3.95,9.21
9000008669,2025-09-15 13:00,0.750833,3,3,5,22,61,83,72,87,159,35,23,57,32.5,14.29,45.38,24.37,3.36,3.36,1.68,2.52,5.04
9000008669,2025-09-15 14:00,0.628611,0,1,1,56,103,159,63,77,140,30,19,49,28.0,28.41,42.05,17.05,3.41,2.27,3.41,1.14,2.27
9000008669,2025-09-15 15:00,0.695,4,3,7,64,90,154,57,74,132,32,19,51,44.5,45.65,20.65,15.22,3.26,3.26,3.26,1.09,8.7
9000008669,2025-09-15 16:00,0.716944,10,0,10,70,82,152,82,73,155,21,13,33,48.5,28.83,29.73,18.92,3.6,4.5,6.31,2.7,5.41
9000008669,2025-09-15 17:00,0.783333,18,8,26,38,104,142,116,61,176,45,3,47,42.0,21.01,40.58,18.84,4.35,3.62,2.9,3.62,5.8
9000008669,2025-09-15 18:00,0.775833,10,17,27,54,113,167,109,45,154,44,5,49,42.0,7.56,42.86,30.25,3.36,3.36,2.52,3.36,6.72
9000008669,2025-09-15 19:00,0.22,21,37,58,18,86,104,154,10,164,21,3,23,37.5,0.0,33.33,47.22,5.56,2.78,0.0,5.56,8.33
9000008669,2025-09-16 07:00,0.433333,4,34,38,24,73,97,91,30,120,29,10,39,39.5,3.85,28.85,48.08,7.69,1.92,0.0,3.85,9.62
9000008669,2025-09-16 08:00,0.783333,8,11,19,15,58,73,109,63,172,42,9,51,52.0,5.19,31.11,38.52,5.19,4.44,2.96,2.22,10.37
9000008669,2025-09-16 09:00,0.758333,1,4,5,33,56,89,86,53,139,29,10,40,42.0,20.0,33.33,28.57,1.9,4.76,1.9,2.86,6.67
9000008669,2025-09-16 10:00,0.745556,3,1,4,21,43,64,87,71,159,28,12,40,34.0,23.73,44.07,15.25,3.39,2.54,3.39,3.39,4.24
9000008669,2025-09-16 11:00,0.713056,4,0,4,38,53,91,54,23,77,31,7,38,57.0,38.18,29.09,14.55,0.0,0.0,3.64,5.45,7.27
9000008669,2025-09-16 12:00,0.698611,3,1,4,28,47,76,47,34,81,35,16,51,25.0,26.32,49.12,21.05,3.51,1.75,0.0,0.0,0.0
9000008669,2025-09-16 13:00,0.689444,7,0,7,54,71,125,59,46,105,25,22,46,24.5,43.06,26.39,20.83,4.17,1.39,2.78,0.0,2.78
9000008669,2025-09-16 14:00,0.764167,8,3,10,43,74,117,87,90,177,50,29,79,35.0,17.04,45.93,17.04,6.67,2.22,0.74,3.7,7.41
9000008669,2025-09-16 15:00,0.775,8,6,14,35,113,148,114,109,223,80,22,102,27.5,26.59,41.62,19.08,4.05,1.73,2.89,0.58,3.47
9000008669,2025-09-16 16:00,0.746944,7,1,8,65,106,171,90,82,172,25,13,39,39.5,21.09,44.53,14.84,4.69,2.34,3.12,3.91,5.47
9000008669,2025-09-16 17:00,0.741389,13,8,21,61,109,169,76,62,138,29,11,39,33.5,21.57,47.06,16.67,1.96,1.96,1.96,1.96,7.84
9000008669,2025-09-16 18:00,0.755,14,9,24,26,60,86,64,65,129,47,39,86,56.5,12.37,50.52,19.59,1.03,1.03,1.03,5.15,9.28
9000008669,2025-09-17 06:00,0.080556,12,12,25,0,0,0,25,25,50,0,12,12,107.0,25.0,25.0,25.0,0.0,0.0,0.0,0.0,25.0
9000008669,2025-09-17 07:00,0.395556,5,7,12,13,58,71,66,51,117,26,13,39,29.5,10.87,39.13,36.96,4.35,2.17,2.17,0.0,6.52
9000008669,2025-09-17 08:00,0.745556,5,8,13,34,50,83,96,49,145,28,23,51,31.5,15.74,37.96,29.63,5.56,0.0,2.78,0.93,7.41
9000008669,2025-09-17 09:00,0.755278,1,4,5,24,38,62,82,42,124,57,22,79,47.0,6.45,45.16,31.18,1.08,1.08,0.0,5.38,8.6
9000008669,2025-09-17 10:00,0.755278,4,4,8,19,33,52,77,51,128,24,16,40,27.5,23.71,38.14,29.9,1.03,1.03,4.12,0.0,2.06
9000008669,2025-09-17 11:00,0.764722,4,1,5,31,30,62,46,44,90,33,41,73,43.5,23.19,46.38,14.49,0.0,1.45,4.35,4.35,5.8
9000008669,2025-09-17 12:00,0.745833,5,1,7,32,27,59,71,53,124,35,41,76,30.5,22.58,46.24,16.13,4.3,2.15,1.08,0.0,7.53
9000008669,2025-09-17 13:00,0.776944,18,10,28,30,35,65,85,126,211,19,31,50,25.5,18.9,49.39,22.56,0.61,1.22,2.44,1.22,3.66
9000008669,2025-09-17 14:00,0.7825,10,10,20,25,14,39,84,61,145,29,64,93,24.5,20.18,50.0,19.3,1.75,1.75,0.88,2.63,3.51
9000008669,2025-09-17 15:00,0.773611,5,3,8,37,43,80,85,109,194,83,70,152,50.5,10.0,48.67,19.33,2.67,4.0,6.67,1.33,7.33
9000008669,2025-09-17 16:00,0.733333,4,5,10,49,72,122,68,52,120,46,38,85,43.5,37.5,26.14,19.32,1.14,2.27,3.41,1.14,9.09
9000008669,2025-09-17 17:00,0.771667,13,6,19,71,93,164,121,27,148,13,3,16,28.5,18.42,38.6,30.7,6.14,0.0,1.75,1.75,2.63
9000008669,2025-09-17 18:00,0.775833,17,18,35,61,95,156,104,55,160,19,1,21,33.5,9.68,54.84,17.74,6.45,1.61,0.81,4.84,4.03
9000008669,2025-09-17 19:00,0.1975,15,10,25,41,101,142,106,56,162,15,0,15,65.5,9.38,56.25,12.5,3.12,3.12,0.0,6.25,9.38
9000008669,2025-09-18 07:00,0.334722,0,10,10,4,29,32,103,66,169,39,25,65,29.0,3.51,47.37,35.09,5.26,1.75,0.0,5.26,0.0
9000008669,2025-09-18 08:00,0.317222,11,12,24,19,21,41,70,59,130,40,13,53,33.5,4.88,31.71,43.9,9.76,2.44,7.32,0.0,4.88
9000008669,2025-09-18 09:00,0.391944,3,6,10,20,46,66,103,54,157,62,9,72,33.5,8.2,42.62,31.15,8.2,0.0,0.0,1.64,8.2
9000008669,2025-09-18 10:00,0.715,3,1,4,27,37,64,63,86,149,32,8,40,28.0,9.35,48.6,30.84,2.8,0.93,2.8,2.8,1.87
9000008669,2025-09-18 11:00,0.770278,5,1,6,18,30,48,64,75,140,35,21,55,28.0,17.59,48.15,22.22,1.85,2.78,0.0,3.7,3.7
9000008669,2025-09-18 13:00,0.775,8,8,15,48,135,183,89,59,149,14,14,29,59.5,18.26,35.65,22.61,6.09,0.0,2.61,4.35,10.43
9000008669,2025-09-18 14:00,0.778611,9,4,13,41,140,181,122,59,181,27,8,35,28.5,14.89,44.68,27.66,5.67,0.71,1.42,1.42,3.55
9000008669,2025-09-18 15:00,0.7475,9,5,15,64,158,222,119,40,160,16,15,31,33.5,15.13,32.77,33.61,7.56,1.68,1.68,0.84,6.72
9000008669,2025-09-18 16:00,0.769722,8,5,13,68,158,226,172,73,245,29,14,43,29.5,13.3,42.02,31.38,4.26,1.06,1.6,1.06,5.32
9000008669,2025-09-18 17:00,0.769722,13,16,29,67,59,127,123,51,173,16,7,22,35.0,18.05,42.86,22.56,5.26,3.76,3.01,0.75,4.51
9000008669,2025-09-18 18:00,0.580833,21,15,36,59,58,117,74,74,147,21,10,31,45.0,17.44,37.21,24.42,3.49,5.81,2.33,4.65,4.65
9000008669,2025-09-19 07:00,0.725556,4,9,14,13,41,53,79,43,123,21,13,34,50.5,2.25,34.83,42.7,5.62,0.0,3.37,3.37,8.99
9000008669,2025-09-19 08:00,0.782778,5,13,18,24,67,91,127,70,197,18,8,26,34.5,8.44,42.86,29.22,5.84,0.65,1.95,2.6,8.44
9000008669,2025-09-19 09:00,0.783056,8,9,17,18,50,68,93,47,141,18,5,23,52.5,7.27,42.73,30.0,0.91,2.73,3.64,3.64,9.09
9000008669,2025-09-19 10:00,0.788889,9,5,14,29,55,84,73,60,133,13,8,20,31.0,10.48,45.71,27.62,2.86,0.95,2.86,1.9,6.67
9000008669,2025-09-19 11:00,0.783611,6,3,9,29,87,116,70,25,96,18,15,33,43.5,18.67,30.67,25.33,9.33,4.0,1.33,1.33,9.33
9000008669,2025-09-19 12:00,0.778333,11,0,11,39,52,90,97,67,164,31,16,46,40.0,17.32,48.03,17.32,2.36,0.79,5.51,3.15,5.51
9000008669,2025-09-19 13:00,0.710833,0,1,1,42,63,106,99,70,169,42,21,63,26.5,35.83,34.17,20.0,0.83,5.0,0.83,0.83,3.33
9000008669,2025-09-19 14:00,0.6525,0,0,0,72,89,161,69,71,139,15,15,31,18.5,68.13,18.68,4.4,1.1,1.1,0.0,2.2,4.4
9000008669,2025-09-19 15:00,0.722778,7,1,8,114,147,261,72,80,152,8,7,15,23.0,61.82,18.18,12.73,0.0,0.91,0.91,0.91,4.55
9000008669,2025-09-19 16:00,0.762222,4,0,4,75,135,210,79,48,127,16,1,17,27.5,30.93,36.08,20.62,2.06,0.0,0.0,2.06,8.25
9000008669,2025-09-19 17:00,0.789722,9,11,20,44,85,129,128,47,175,20,9,29,31.0,10.14,47.1,27.54,2.9,1.45,2.9,2.17,5.8
9000008669,2025-09-19 18:00,0.728889,12,8,20,39,77,116,111,73,184,22,8,30,32.0,8.96,51.49,23.88,3.73,1.49,0.75,2.24,8.21
9000008669,2025-09-20 06:00,0.039722,0,0,0,0,0,0,0,0,0,0,0,0,,0.0,0.0,0.0,0.0,0.0,0.0,0.0,0.0
9000008669,2025-09-20 07:00,0.485278,4,7,11,4,11,15,15,24,39,0,0,0,58.5,0.0,52.63,21.05,5.26,0.0,15.79,10.53,0.0
9000008669,2025-09-20 08:00,0.6625,1,5,6,6,20,27,20,36,55,4,4,8,67.5,2.7,40.54,32.43,2.7,2.7,0.0,8.11,16.22
9000008669,2025-09-20 09:00,0.7975,9,6,15,19,41,60,58,39,96,8,16,24,57.0,6.49,32.47,32.47,5.19,3.9,5.19,2.6,11.69
9000008669,2025-09-20 10:00,0.753333,8,7,15,24,45,69,66,64,130,11,11,21,73.0,9.18,34.69,27.55,6.12,3.06,1.02,2.04,16.33
9000008669,2025-09-20 11:00,0.756111,8,7,14,36,45,82,39,35,74,14,4,19,22.5,41.07,42.86,7.14,0.0,0.0,3.57,5.36,1.79
9000008669,2025-09-20 12:00,0.730556,6,1,7,27,70,97,101,46,147,19,7,26,22.5,22.43,58.88,13.08,0.0,0.93,0.0,2.8,3.74
9000008669,2025-09-20 13:00,0.650556,3,3,6,51,73,123,77,44,121,6,9,15,27.0,37.97,36.71,13.92,0.0,3.8,0.0,2.53,5.06
9000008669,2025-09-20 14:00,0.593889,0,0,0,73,99,171,95,58,152,7,3,10,25.5,33.33,41.11,14.44,0.0,0.0,2.22,1.11,7.78
9000008669,2025-09-20 15:00,0.734167,1,5,7,74,100,174,72,40,112,11,1,12,24.5,46.34,30.49,15.85,1.22,1.22,0.0,0.0,4.88
9000008669,2025-09-20 16:00,0.773056,4,6,10,61,98,159,88,32,120,27,0,27,35.0,13.98,39.78,27.96,5.38,1.08,1.08,1.08,9.68
9000008669,2025-09-20 17:00,0.800556,16,6,23,37,76,114,113,72,185,9,11,20,29.5,18.24,41.22,26.35,3.38,1.35,2.7,1.35,5.41
9000008669,2025-09-20 18:00,0.742778,6,4,10,32,66,98,115,49,163,20,9,30,25.5,14.05,51.24,26.45,3.31,0.83,0.0,0.83,2.48
9000008669,2025-09-21 06:00,0.04,0,0,0,0,0,0,0,0,0,0,0,0,,0.0,0.0,0.0,0.0,0.0,0.0,0.0,0.0
9000008669,2025-09-21 07:00,0.395278,0,2,2,0,2,2,5,4,9,5,5,10,43.5,0.0,0.0,50.0,0.0,50.0,0.0,0.0,0.0
9000008669,2025-09-21 08:00,0.784167,0,1,1,3,6,9,6,19,26,0,5,5,30.0,5.0,60.0,20.0,5.0,0.0,0.0,5.0,5.0
9000008669,2025-09-21 09:00,0.757222,9,4,13,7,21,28,21,24,45,5,1,7,62.0,11.76,35.29,20.59,2.94,2.94,8.82,8.82,8.82
9000008669,2025-09-21 10:00,0.739722,3,12,15,16,27,43,28,27,55,3,3,5,29.5,14.63,53.66,17.07,7.32,2.44,2.44,2.44,0.0
9000008669,2025-09-21 11:00,0.771944,6,4,10,14,32,46,31,28,60,3,1,4,30.0,28.26,36.96,19.57,0.0,0.0,2.17,4.35,8.7
9000008669,2025-09-21 12:00,0.778333,10,2,13,20,24,44,46,39,85,17,9,26,45.0,13.64,56.06,13.64,0.0,3.03,1.52,3.03,9.09
9000008669,2025-09-21 13:00,0.719444,4,4,8,37,48,85,57,29,86,16,9,25,49.0,22.58,38.71,17.74,1.61,4.84,1.61,0.0,12.9
9000008669,2025-09-21 14:00,0.740833,8,5,13,23,53,75,57,35,92,13,5,19,63.5,20.59,35.29,22.06,2.94,1.47,1.47,4.41,11.76
9000008669,2025-09-21 15:00,0.753333,3,7,9,32,38,70,83,50,133,11,13,24,32.5,19.0,48.0,18.0,4.0,2.0,3.0,3.0,4.0
9000008669,2025-09-21 16:00,0.746389,4,1,5,35,89,124,62,14,76,15,1,16,33.0,15.79,38.6,29.82,1.75,0.0,3.51,3.51,7.02
9000008669,2025-09-21 17:00,0.775278,13,4,17,41,49,91,79,57,135,17,6,23,58.5,15.24,51.43,12.38,2.86,0.95,2.86,4.76,9.52
9000008669,2025-09-21 18:00,0.519444,9,6,15,35,42,76,113,67,180,23,7,30,29.5,12.9,43.01,30.11,3.23,4.3,1.08,2.15,2.15
9000008669,2025-09-22 07:00,0.312222,7,10,17,0,62,62,119,56,175,18,10,27,31.0,7.27,43.64,32.73,5.45,3.64,0.0,3.64,5.45
9000008669,2025-09-22 08:00,0.714167,4,11,15,21,49,69,130,50,180,44,17,61,29.0,13.95,37.98,35.66,3.88,1.55,1.55,1.55,3.88
9000008669,2025-09-22 09:00,0.790833,9,6,15,22,71,93,163,46,209,34,11,45,29.5,8.48,41.21,36.36,4.24,1.21,0.61,1.82,6.06
9000008669,2025-09-22 10:00,0.7675,7,1,8,26,61,87,112,68,180,23,12,35,28.5,11.59,49.28,26.09,2.17,1.45,0.72,3.62,5.07
9000008669,2025-09-22 11:00,0.7875,6,3,9,18,51,69,89,58,147,20,14,34,42.5,12.07,47.41,19.83,4.31,3.45,0.0,4.31,8.62
9000008669,2025-09-22 12:00,0.777222,9,10,19,34,81,115,86,50,136,18,21,40,30.5,14.29,51.43,19.05,3.81,3.81,0.0,2.86,4.76
9000008669,2025-09-22 13:00,0.763889,14,12,26,30,46,76,82,114,196,18,44,62,28.5,21.33,48.67,16.67,0.67,1.33,2.0,3.33,6.0
9000008669,2025-09-22 14:00,0.777222,17,17,33,26,92,118,115,129,243,25,25,49,28.5,20.63,55.03,10.05,2.12,2.65,2.12,2.12,5.29
9000008669,2025-09-22 15:00,0.782778,10,28,38,41,93,134,130,132,262,33,50,83,32.5,22.93,45.37,15.12,4.39,1.46,1.95,1.95,6.83
9000008669,2025-09-22 16:00,0.781389,27,27,54,51,75,127,149,74,223,27,23,50,33.0,7.47,44.83,31.61,3.45,1.72,1.15,3.45,6.32
9000008669,2025-09-22 17:00,0.776389,26,26,52,34,95,129,142,59,201,14,6,20,44.5,10.9,44.87,24.36,3.21,2.56,4.49,1.28,8.33
9000008669,2025-09-22 18:00,0.587778,34,22,56,37,68,105,133,78,211,10,9,19,49.5,9.68,45.16,22.58,5.65,2.42,2.42,2.42,8.87
9000008669,2025-09-22 19:00,0.138611,22,7,29,79,123,202,108,36,144,22,0,22,65.0,10.0,40.0,20.0,5.0,5.0,0.0,10.0,10.0
9000008669,2025-09-23 07:00,0.788056,8,37,45,24,71,95,85,19,104,4,0,4,39.5,4.88,24.39,48.78,7.32,6.1,0.0,2.44,6.1
9000008669,2025-09-23 08:00,0.789722,19,23,42,28,34,62,145,82,227,31,15,47,34.5,11.17,39.11,31.28,6.7,0.56,0.56,1.68,8.94
9000008669,2025-09-23 09:00,0.788611,13,24,37,26,32,57,133,77,211,29,18,47,31.0,10.84,37.95,35.54,3.61,1.2,1.81,3.61,5.42
9000008669,2025-09-23 10:00,0.779444,5,8,13,21,27,48,123,125,248,9,11,20,29.5,10.36,53.37,21.76,3.63,1.55,1.55,3.11,4.66
9000008669,2025-09-23 11:00,0.7825,0,1,1,15,17,32,87,66,153,17,20,37,26.5,35.83,39.17,12.5,2.5,0.83,1.67,3.33,4.17
9000008669,2025-09-23 12:00,0.766111,6,10,16,31,41,72,90,96,186,27,20,47,30.5,9.79,55.94,19.58,2.8,1.4,4.2,1.4,5.59
9000008669,2025-09-23 13:00,0.729722,5,5,11,19,35,55,60,42,103,8,14,22,28.5,21.33,44.0,21.33,1.33,1.33,1.33,2.67,6.67
9000008669,2025-09-23 14:00,0.706667,7,13,20,70,136,206,76,53,129,12,5,18,28.0,30.77,37.36,19.78,3.3,2.2,1.1,1.1,6.59
9000008669,2025-09-23 15:00,0.729444,4,7,11,63,177,240,90,36,125,11,6,16,41.0,34.07,30.77,14.29,6.59,2.2,4.4,1.1,7.69
9000008669,2025-09-23 16:00,0.763889,10,10,21,59,118,177,89,69,159,20,8,28,50.0,18.18,32.23,28.1,4.96,1.65,3.31,3.31,8.26
9000008669,2025-09-23 17:00,0.782778,31,14,45,71,121,191,96,46,141,22,4,26,52.5,8.11,49.55,22.52,0.9,2.7,4.5,1.8,9.91
9000008669,2025-09-23 18:00,0.729444,21,34,55,34,84,118,151,73,224,18,3,20,28.0,11.66,55.21,20.86,3.07,0.61,1.84,1.84,4.91
9000008669,2025-09-24 07:00,0.574167,10,28,39,9,51,60,83,43,126,8,9,18,31.5,5.56,38.89,38.89,9.72,0.0,0.0,1.39,6.94
9000008669,2025-09-24 08:00,0.782778,15,38,53,13,65,78,129,51,180,22,9,31,31.0,19.86,31.21,33.33,4.96,2.13,0.71,1.42,6.38
9000008669,2025-09-24 09:00,0.784167,13,24,37,18,61,79,135,57,192,29,8,37,29.0,13.25,46.36,27.81,2.65,1.32,0.0,1.99,6.62
9000008669,2025-09-24 10:00,0.779444,9,5,14,20,43,63,78,79,158,12,13,24,28.0,14.63,48.78,24.39,2.44,2.44,0.0,0.0,7.32
9000008669,2025-09-24 11:00,0.782222,5,5,10,33,38,72,86,59,145,13,13,26,26.5,34.51,35.4,16.81,0.88,1.77,4.42,1.77,4.42
9000008669,2025-09-24 12:00,0.7675,8,6,14,34,76,110,99,95,194,24,29,52,29.5,20.13,53.69,11.41,0.67,1.34,4.7,2.68,5.37
9000008669,2025-09-24 13:00,0.706111,13,14,27,49,75,124,65,62,127,9,10,19,19.0,53.33,34.44,11.11,0.0,1.11,0.0,0.0,0.0
9000008669,2025-09-24 14:00,0.632778,8,3,11,74,160,234,55,52,107,12,3,15,23.5,55.88,25.0,11.76,0.0,2.94,0.0,1.47,2.94
9000008669,2025-09-24 15:00,0.702222,3,3,6,121,154,275,72,40,112,11,13,24,23.0,57.69,23.08,6.41,1.28,1.28,1.28,3.85,5.13
9000008669,2025-09-24 16:00,0.763611,18,1,20,63,169,232,96,51,147,25,0,25,33.0,24.11,44.64,15.18,4.46,3.57,1.79,2.68,3.57
9000008669,2025-09-24 17:00,0.781667,28,23,51,50,90,140,136,82,218,26,17,43,34.5,14.12,50.59,19.41,3.53,0.59,0.59,3.53,7.65
9000008669,2025-09-24 18:00,0.639167,17,15,32,65,87,152,135,100,235,9,9,18,48.0,12.67,43.33,22.0,4.67,5.33,6.67,2.0,5.33
9000008669,2025-09-25 07:00,0.476667,5,26,31,16,37,53,92,43,135,20,14,34,42.0,4.69,42.19,28.12,6.25,6.25,0.0,1.56,10.94
9000008669,2025-09-25 08:00,0.720556,13,27,40,15,78,93,155,62,217,14,16,31,32.5,4.49,37.18,41.67,5.13,0.64,1.28,3.85,5.77
9000008669,2025-09-25 09:00,0.773333,8,10,18,21,27,48,141,48,189,29,14,43,29.5,5.48,47.26,32.88,3.42,1.37,0.68,2.74,6.16
9000008669,2025-09-25 10:00,0.741389,5,15,20,30,45,75,124,61,185,16,13,30,29.0,8.03,42.34,36.5,2.92,4.38,1.46,1.46,2.92
9000008669,2025-09-25 11:00,0.675,7,3,10,27,36,64,65,62,128,15,13,28,24.0,37.21,41.86,11.63,3.49,0.0,3.49,2.33,1.16
9000008669,2025-09-25 12:00,0.695556,3,9,12,29,43,73,57,35,91,20,20,40,29.0,31.25,37.5,17.19,1.56,0.0,6.25,4.69,1.56
9000008669,2025-09-25 13:00,0.616944,13,9,22,41,93,134,82,80,162,8,13,21,47.0,38.0,28.0,17.0,0.0,4.0,6.0,3.0,5.0
9000008669,2025-09-25 14:00,0.715,9,21,29,40,95,135,130,99,228,24,26,50,27.5,22.09,39.88,26.99,1.84,0.0,1.23,1.84,6.13
9000008669,2025-09-25 15:00,0.7575,11,16,27,36,96,132,149,142,291,26,25,51,27.5,24.09,47.73,15.0,2.73,1.36,1.36,2.27,5.45
9000008669,2025-09-25 16:00,0.741944,11,7,18,47,102,148,132,94,226,25,28,53,43.0,20.24,40.48,19.05,4.76,1.79,3.57,2.38,7.74
9000008669,2025-09-25 17:00,0.765556,11,13,23,45,75,120,134,77,211,22,9,32,49.5,4.94,41.36,31.48,3.7,3.7,4.32,3.7,6.79
9000008669,2025-09-25 18:00,0.609167,12,8,20,21,58,79,117,76,193,7,8,14,29.5,12.71,50.0,22.03,3.39,2.54,2.54,2.54,5.93
9000008669,2025-09-26 07:00,0.414444,0,10,10,22,33,55,125,50,174,11,15,26,27.5,8.33,31.94,51.39,4.17,0.0,1.39,1.39,2.78
9000008669,2025-09-26 08:00,0.670556,13,15,28,9,44,53,118,75,193,14,15,29,30.5,22.48,42.64,19.38,5.43,2.33,1.55,2.33,3.88
9000008669,2025-09-26 09:00,0.791389,15,10,25,23,61,83,101,56,157,15,11,26,29.5,19.35,45.97,20.16,3.23,3.23,1.61,0.81,5.65
9000008669,2025-09-26 10:00,0.777222,9,6,15,21,63,84,80,54,134,24,12,36,43.5,7.69,44.23,24.04,7.69,3.85,0.96,2.88,8.65
9000008669,2025-09-26 11:00,0.789167,13,11,24,23,51,74,98,77,176,28,13,40,30.5,10.79,59.71,14.39,2.16,0.72,5.04,0.72,6.47
9000008669,2025-09-26 12:00,0.748611,12,10,21,36,59,95,109,84,193,26,31,57,40.0,20.14,40.97,21.53,2.08,4.17,4.17,1.39,5.56
9000008669,2025-09-26 13:00,0.746111,9,12,22,51,124,175,108,62,170,38,23,61,47.0,29.13,32.28,15.75,3.94,4.72,2.36,1.57,10.24
9000008669,2025-09-26 14:00,0.775556,18,6,24,35,95,130,88,136,224,24,26,50,26.5,21.84,51.72,14.37,1.15,1.15,0.57,3.45,5.75
9000008669,2025-09-26 15:00,0.752778,11,13,24,71,139,209,127,45,172,8,5,13,44.5,24.81,30.23,22.48,3.88,5.43,3.1,2.33,7.75
9000008669,2025-09-26 16:00,0.781389,21,22,43,84,170,254,120,51,171,8,1,9,57.5,14.18,26.12,27.61,8.21,3.73,6.72,2.99,10.45
9000008669,2025-09-26 17:00,0.776667,18,18,36,85,142,227,134,41,175,6,1,8,46.0,13.24,29.41,29.41,9.56,5.88,0.74,2.21,9.56
9000008669,2025-09-26 18:00,0.526111,24,15,39,39,253,292,116,34,151,1,0,1,41.0,8.86,32.91,34.18,7.59,3.8,2.53,1.27,7.59
9000008669,2025-09-27 07:00,0.391111,3,13,16,5,27,32,12,12,25,4,0,4,73.5,0.0,20.0,20.0,30.0,0.0,10.0,10.0,20.0
9000008669,2025-09-27 08:00,0.594722,5,6,11,14,54,68,19,22,41,1,0,1,57.0,4.0,24.0,28.0,8.0,8.0,16.0,4.0,4.0
9000008669,2025-09-27 09:00,0.780556,8,9,17,8,64,72,50,18,68,1,2,4,71.5,1.89,35.85,32.08,5.66,0.0,3.77,3.77,16.98
9000008669,2025-09-27 10:00,0.788333,18,23,41,27,53,80,72,36,108,9,6,15,52.0,9.41,38.82,29.41,5.88,0.0,3.53,4.71,8.24
9000008669,2025-09-27 11:00,0.778056,14,10,24,40,66,105,134,50,184,13,4,17,32.0,25.87,39.86,17.48,5.59,2.1,2.1,1.4,5.59
9000008669,2025-09-27 12:00,0.771111,21,13,33,93,124,216,226,31,257,13,3,16,27.5,4.55,55.56,30.81,2.53,1.52,0.0,1.01,4.55
9000008669,2025-09-27 13:00,0.710278,11,14,25,150,100,250,246,50,296,25,0,25,23.0,34.76,44.76,12.86,0.95,2.38,1.43,0.95,1.9
9000008669,2025-09-27 14:00,0.7025,3,4,7,212,114,326,219,40,259,21,0,21,26.5,35.71,41.21,10.99,2.2,1.65,1.1,3.3,3.85
9000008669,2025-09-27 15:00,0.738056,5,1,7,231,140,371,122,32,154,13,5,19,34.5,40.35,36.84,5.26,3.51,2.63,1.75,2.63,7.02
9000008669,2025-09-27 16:00,0.767222,12,9,21,213,166,379,133,33,166,4,0,4,35.0,19.69,43.31,20.47,3.94,3.15,2.36,0.79,6.3
9000008669,2025-09-27 17:00,0.783611,9,8,17,140,202,342,235,37,272,15,4,19,28.0,15.02,45.54,26.29,5.16,0.94,2.35,0.94,3.76
9000008669,2025-09-27 18:00,0.715833,14,14,28,163,209,372,254,23,277,10,4,13,28.5,9.09,48.48,29.8,5.05,1.01,1.01,1.01,4.55
9000008669,2025-09-28 07:00,0.393056,0,0,0,2,25,27,7,9,16,0,6,6,37.0,0.0,16.67,50.0,33.33,0.0,0.0,0.0,0.0
9000008669,2025-09-28 08:00,0.725,0,0,0,4,14,18,8,6,14,0,0,0,72.0,20.0,40.0,10.0,0.0,20.0,0.0,0.0,20.0
9000008669,2025-09-28 09:00,0.798333,15,14,29,9,33,41,18,4,21,0,0,0,67.0,0.0,17.65,52.94,11.76,0.0,0.0,5.88,11.76
9000008669,2025-09-28 10:00,0.2175,13,0,13,27,31,58,18,5,23,0,0,0,83.0,0.0,20.0,60.0,20.0,0.0,0.0,0.0,40.0
9000008669,2025-12-06 09:00,0.141111,14,7,21,43,113,156,71,14,85,0,7,7,53.0,8.33,25.0,25.0,16.67,0.0,16.67,0.0,8.33
9000008669,2025-12-06 10:00,0.636667,14,21,35,27,94,121,77,31,109,15,1,17,63.0,1.45,20.29,37.68,5.8,7.25,5.8,14.49,7.25
9000008669,2025-12-06 11:00,0.666667,19,17,36,38,97,135,93,22,115,13,9,23,66.5,1.3,35.06,32.47,6.49,3.9,1.3,5.19,14.29
9000008669,2025-12-06 12:00,0.606389,26,17,43,25,76,101,103,63,166,20,16,36,38.0,13.86,44.55,21.78,4.95,1.98,6.93,1.98,2.97
9000008669,2025-12-06 13:00,0.641111,24,14,37,38,121,159,288,51,339,37,3,40,35.0,8.26,40.83,32.57,5.96,1.38,5.05,1.83,4.13
9000008669,2025-12-06 14:00,0.643056,8,21,29,47,145,192,338,43,380,36,11,47,28.5,6.56,45.49,35.25,4.51,1.23,1.64,2.05,3.69
9000008669,2025-12-06 15:00,0.538611,14,20,34,48,128,176,372,54,425,31,7,39,28.0,11.79,44.98,32.31,2.62,0.87,3.49,1.31,4.37
9000008669,2025-12-07 08:00,0.003056,0,0,0,0,0,0,0,0,0,0,0,0,,0.0,0.0,0.0,0.0,0.0,0.0,0.0,0.0
9000008669,2025-12-07 09:00,0.320278,0,3,3,8,36,45,26,2,28,2,0,2,42.0,0.0,33.33,33.33,22.22,11.11,0.0,0.0,11.11
9000008669,2025-12-07 10:00,0.403611,15,7,22,25,51,75,25,11,37,6,0,6,68.0,6.67,13.33,53.33,0.0,6.67,0.0,20.0,13.33
9000008669,2025-12-07 11:00,0.59,10,19,29,22,65,88,36,12,48,5,0,5,64.0,7.14,25.0,35.71,10.71,3.57,0.0,3.57,14.29
9000008669,2025-12-07 12:00,0.624444,19,19,39,35,72,107,56,17,74,10,0,10,55.5,10.87,36.96,19.57,0.0,17.39,2.17,6.52,6.52
9000008669,2025-12-07 13:00,0.648056,16,8,23,39,101,140,94,17,111,9,0,9,46.5,8.33,38.89,27.78,6.94,4.17,5.56,0.0,8.33
9000008669,2025-12-07 14:00,0.634167,15,17,32,31,82,113,113,25,138,5,0,5,44.5,6.9,37.93,32.18,5.75,2.3,1.15,2.3,11.49
9000008669,2025-12-07 15:00,0.448611,14,17,31,53,124,177,79,23,102,7,0,7,58.0,26.09,21.74,23.91,4.35,2.17,10.87,8.7,2.17
9000008669,2025-12-08 08:00,0.418889,11,29,40,42,161,203,178,29,207,8,1,9,56.5,2.3,40.23,35.63,2.3,4.6,3.45,8.05,5.75
9000008669,2025-12-08 09:00,0.555,13,23,36,66,110,175,219,14,233,22,0,22,26.5,3.88,57.36,29.46,2.33,0.0,0.78,3.1,3.1
9000008669,2025-12-08 10:00,0.585278,12,24,36,45,135,179,79,23,101,13,0,13,35.0,8.47,42.37,32.2,6.78,3.39,3.39,3.39,3.39
9000008669,2025-12-08 11:00,0.645833,18,23,41,52,90,141,101,46,147,16,8,24,19.5,44.21,42.11,4.21,0.0,0.0,0.0,2.11,7.37
9000008669,2025-12-08 12:00,0.655,20,12,32,72,171,243,95,23,117,31,2,32,47.0,14.29,36.36,29.87,2.6,2.6,3.9,1.3,9.09
9000008669,2025-12-08 13:00,0.700833,26,17,43,43,117,160,148,24,173,16,4,20,32.5,10.74,48.76,23.97,4.96,1.65,3.31,0.0,6.61
9000008669,2025-12-08 14:00,0.709722,20,17,36,101,196,297,145,28,173,17,0,17,46.0,13.82,41.46,21.95,6.5,3.25,4.07,3.25,5.69
9000008669,2025-12-08 15:00,0.336667,48,6,55,35,214,248,271,16,287,8,0,8,39.5,4.12,68.04,9.28,3.09,2.06,13.4,0.0,0.0
9000008669,2025-12-09 08:00,0.115278,26,43,69,43,78,121,156,35,191,26,0,26,38.5,0.0,18.18,59.09,9.09,0.0,4.55,4.55,4.55
9000008669,2025-12-09 09:00,0.426667,11,18,29,50,108,159,115,11,126,20,4,24,25.0,9.26,46.3,38.89,1.85,0.0,1.85,0.0,3.7
9000008669,2025-12-09 10:00,0.543611,11,13,24,121,95,216,105,29,134,22,0,22,33.0,9.59,47.95,26.03,2.74,2.74,1.37,2.74,6.85
9000008669,2025-12-09 11:00,0.488056,15,15,30,43,123,166,85,30,115,39,2,40,72.5,7.14,48.21,25.0,0.0,0.0,0.0,1.79,17.86
9000008669,2025-12-09 12:00,0.279444,23,6,29,115,130,245,124,22,146,19,4,23,49.5,4.88,46.34,21.95,7.32,7.32,0.0,0.0,14.63
9000008669,2025-12-09 13:00,0.423056,17,8,25,70,148,218,104,13,117,16,0,16,29.0,10.2,42.86,36.73,2.04,4.08,4.08,2.04,0.0
9000008669,2025-12-09 14:00,0.44,34,12,46,37,176,213,96,18,113,26,7,33,28.5,10.0,50.0,28.0,0.0,2.0,2.0,4.0,4.0
9000008669,2025-12-09 15:00,0.248611,18,12,30,46,179,225,171,67,238,13,18,31,30.0,11.86,49.15,25.42,5.08,1.69,5.08,3.39,1.69
9000008669,2025-12-10 08:00,0.250556,8,17,26,81,73,154,183,12,195,26,0,26,27.0,6.12,59.18,24.49,4.08,6.12,0.0,2.04,2.04
9000008669,2025-12-10 09:00,0.414722,22,32,54,28,115,142,133,24,156,23,3,26,36.5,12.31,43.08,26.15,6.15,3.08,3.08,7.69,0.0
9000008669,2025-12-10 10:00,0.675556,15,25,40,40,100,140,152,22,174,14,3,17,41.0,5.98,47.86,27.35,3.42,1.71,3.42,3.42,6.84
9000008669,2025-12-10 11:00,0.608333,23,18,41,25,128,153,125,32,158,20,5,25,58.0,7.29,39.58,30.21,1.04,3.12,4.17,5.21,9.38
9000008669,2025-12-10 12:00,0.663889,24,6,30,30,122,151,144,35,180,33,0,33,29.5,8.4,47.06,31.09,2.52,0.84,2.52,2.52,5.04
9000008669,2025-12-10 13:00,0.670278,21,24,45,51,108,159,162,34,195,26,12,39,47.0,16.03,43.51,19.85,3.05,3.82,1.53,1.53,10.69
9000008669,2025-12-10 14:00,0.6125,20,10,29,54,163,217,150,59,208,18,5,23,33.0,10.94,46.88,25.78,3.12,2.34,3.12,1.56,6.25
9000008669,2025-12-10 15:00,0.372778,6,13,19,56,140,195,151,70,221,49,13,62,73.0,14.46,31.33,13.25,7.23,6.02,6.02,2.41,19.28
9000008669,2025-12-11 08:00,0.356111,21,34,55,16,66,82,129,63,191,16,32,48,43.5,7.35,32.35,35.29,5.88,7.35,8.82,1.47,2.94
9000008669,2025-12-11 09:00,0.452778,12,15,26,34,73,106,130,57,187,60,13,73,49.0,21.18,32.94,21.18,3.53,7.06,2.35,1.18,11.76
9000008669,2025-12-11 10:00,0.666944,11,7,18,38,45,82,89,81,170,31,11,42,43.5,22.12,40.71,19.47,0.88,5.31,3.54,5.31,2.65
9000008669,2025-12-11 11:00,0.641111,16,19,35,22,49,71,119,81,200,42,16,58,24.0,22.66,49.22,20.31,3.12,0.78,0.78,2.34,0.78
9000008669,2025-12-11 12:00,0.615833,19,15,34,33,53,87,133,105,238,34,21,55,31.5,17.81,42.47,23.97,4.11,2.05,2.05,2.05,4.79
9000008669,2025-12-11 13:00,0.670833,12,17,28,30,43,73,127,125,252,33,40,73,29.5,40.83,32.54,12.43,3.55,2.37,1.78,1.18,5.33
9000008669,2025-12-11 14:00,0.672222,18,12,29,25,57,83,147,105,252,37,34,71,34.0,25.44,46.15,12.43,2.37,2.96,1.78,1.78,7.1
9000008669,2025-12-11 15:00,0.544167,32,14,46,39,80,120,175,106,281,31,37,68,25.0,17.65,50.33,20.92,3.27,1.31,2.61,1.96,2.61
9000008669,2025-12-12 08:00,0.419444,11,20,30,11,29,40,111,23,134,20,17,37,28.5,10.71,30.36,50.0,3.57,1.79,1.79,1.79,3.57
9000008669,2025-12-12 09:00,0.600278,13,25,38,8,27,35,119,68,187,27,34,61,30.0,9.82,48.21,26.79,3.57,0.0,4.46,1.79,5.36
9000008669,2025-12-12 10:00,0.650278,14,29,43,14,12,26,76,56,132,26,46,71,55.5,15.12,34.88,26.74,2.33,0.0,10.47,4.65,4.65
9000008669,2025-12-12 11:00,0.671111,18,18,35,39,25,64,141,67,208,39,60,98,27.5,10.79,51.08,24.46,3.6,1.44,2.16,2.88,3.6
9000008669,2025-12-12 12:00,0.628333,17,14,31,20,24,44,181,49,230,70,67,137,33.5,10.34,44.14,28.97,4.83,3.45,1.38,1.38,4.83
9000008669,2025-12-12 13:00,0.655833,13,25,38,40,24,64,149,131,280,46,98,144,29.5,13.11,55.19,17.49,3.83,0.55,2.19,2.19,5.46
9000008669,2025-12-12 14:00,0.619722,18,11,29,27,29,56,208,129,337,63,106,169,27.5,11.96,58.37,15.79,2.87,1.91,1.44,2.87,4.78
9000008669,2025-12-12 15:00,0.574167,18,12,30,38,26,64,145,120,265,56,53,109,37.5,14.47,49.34,15.79,5.92,1.97,3.95,1.97,7.89
9000008669,2025-12-13 08:00,0.217222,11,10,21,14,11,25,21,39,60,11,7,17,59.0,0.0,7.69,46.15,23.08,7.69,15.38,0.0,15.38
9000008669,2025-12-13 09:00,0.6,15,18,33,17,16,33,75,43,118,12,19,30,47.5,2.82,35.21,33.8,8.45,5.63,2.82,2.82,7.04
9000008669,2025-12-13 10:00,0.668333,23,18,41,25,39,64,66,60,125,13,19,33,47.0,7.14,46.43,26.19,1.19,4.76,2.38,4.76,7.14
9000008669,2025-12-13 11:00,0.665556,21,27,48,19,30,50,102,76,179,19,24,44,38.5,9.24,42.86,26.89,7.56,3.36,2.52,1.68,5.88
9000008669,2025-12-13 12:00,0.620833,26,24,50,35,32,67,116,98,214,22,16,37,28.5,9.77,52.63,24.81,2.26,1.5,3.76,0.75,4.51
9000008669,2025-12-13 13:00,0.638611,32,13,44,35,49,84,163,69,232,35,17,51,31.5,6.08,45.95,31.76,4.05,2.7,3.38,2.03,4.05
9000008669,2025-12-13 14:00,0.605556,16,18,34,35,40,75,226,102,328,41,27,68,27.0,10.61,48.99,29.29,6.06,1.01,0.51,0.51,2.53
9000008669,2025-12-13 15:00,0.3975,4,15,19,61,29,90,271,96,367,31,23,55,25.0,7.53,54.11,30.82,0.68,2.74,0.68,0.68,4.11
9000008669,2025-12-14 09:00,0.199722,21,6,28,0,3,3,34,19,53,0,0,0,42.5,0.0,54.55,27.27,0.0,9.09,0.0,9.09,9.09
9000008669,2025-12-14 10:00,0.600278,18,15,33,11,15,27,34,36,71,5,4,9,42.0,21.43,38.1,21.43,4.76,2.38,7.14,4.76,2.38
9000008669,2025-12-14 11:00,0.675833,10,16,26,16,27,43,50,40,90,6,3,9,40.0,13.11,37.7,22.95,11.48,4.92,0.0,1.64,8.2
9000008669,2025-12-14 12:00,0.62,8,19,27,24,46,70,112,48,160,5,6,11,33.5,13.13,32.32,38.38,5.05,4.04,2.02,0.0,5.05
9000008669,2025-12-14 13:00,0.654722,17,25,42,23,40,62,72,84,156,5,8,12,46.5,9.8,40.2,30.39,3.92,1.96,2.94,0.98,9.8
9000008669,2025-12-14 14:00,0.673889,32,16,48,32,47,80,140,92,232,12,4,17,42.5,4.49,42.31,28.85,8.33,2.56,1.92,1.28,10.26
9000008669,2025-12-14 15:00,0.565,15,20,35,34,37,71,138,92,230,7,10,17,29.5,8.46,40.77,36.92,2.31,3.85,2.31,3.85,3.08
9000008669,2025-12-15 08:00,0.3575,16,29,45,38,110,148,127,33,161,22,3,26,31.0,10.53,29.82,45.61,8.77,1.75,1.75,1.75,1.75
9000008669,2025-12-15 09:00,0.573611,2,13,15,28,78,106,127,31,158,45,6,50,36.5,5.56,45.56,32.22,5.56,2.22,3.33,3.33,3.33
9000008669,2025-12-15 10:00,0.651667,11,6,17,15,26,41,106,92,198,41,23,64,24.0,25.58,45.74,19.38,3.1,0.78,0.78,0.78,3.88
9000008669,2025-12-15 11:00,0.600556,11,14,25,21,39,60,152,78,230,37,17,54,18.5,50.0,37.68,2.17,0.0,1.45,2.9,1.45,4.35
9000008669,2025-12-15 12:00,0.675556,13,16,29,67,149,216,135,65,200,68,10,79,44.0,8.15,45.19,26.67,4.44,2.22,1.48,2.22,10.37
9000008669,2025-12-15 13:00,0.655556,22,17,38,27,115,143,158,96,255,31,29,60,33.5,6.59,44.91,31.74,2.4,3.59,2.99,1.2,6.59
9000008669,2025-12-15 14:00,0.665278,15,14,29,44,89,133,120,111,231,23,39,61,24.0,26.14,49.02,15.03,3.27,0.65,0.65,1.31,3.27
9000008669,2025-12-15 15:00,0.543889,20,9,30,33,174,207,194,68,262,38,13,50,32.0,11.27,37.32,35.21,3.52,4.23,0.7,4.93,4.23
9000008669,2025-12-16 08:00,0.099444,6,14,20,16,46,62,148,18,167,25,0,25,55.0,0.0,29.41,29.41,11.76,0.0,5.88,5.88,17.65
9000008669,2025-12-16 09:00,0.514167,3,18,21,28,112,140,133,27,160,31,5,36,30.5,14.63,43.9,26.83,3.66,2.44,6.1,1.22,3.66
9000008669,2025-12-16 10:00,0.782222,9,8,17,27,92,119,115,27,142,18,9,27,31.0,18.92,48.65,17.12,3.6,0.9,3.6,2.7,4.5
9000008669,2025-12-16 11:00,0.773056,8,12,19,23,34,57,153,72,225,17,6,23,20.0,44.25,40.8,2.87,2.3,2.3,1.15,2.87,3.45
9000008669,2025-12-16 12:00,0.790278,11,17,28,42,128,170,109,22,130,17,4,20,36.0,5.83,42.72,29.13,8.74,1.94,2.91,2.91,5.83
9000008669,2025-12-16 13:00,0.783333,19,17,36,40,150,189,146,40,185,23,13,36,51.0,11.03,42.76,22.07,4.83,3.45,6.21,4.14,5.52
9000008669,2025-12-16 14:00,0.778333,24,21,45,70,158,229,170,36,206,24,5,30,45.0,14.38,43.75,20.62,3.12,3.75,4.38,3.75,6.25
9000008669,2025-12-16 15:00,0.62,13,18,31,45,178,223,228,37,265,24,6,30,36.5,7.93,45.73,23.78,11.59,5.49,1.22,3.66,2.44
9000008669,2025-12-17 08:00,0.220833,15,22,37,30,79,109,102,18,120,25,0,25,27.5,15.38,50.0,34.62,3.85,0.0,0.0,0.0,0.0
9000008669,2025-12-17 09:00,0.692222,14,15,29,17,110,128,136,19,155,29,0,29,30.5,5.61,54.21,25.23,8.41,0.0,0.93,1.87,5.61
9000008669,2025-12-17 10:00,0.783333,10,13,23,19,53,72,126,42,168,20,3,23,26.0,21.37,41.22,25.95,0.76,2.29,0.76,3.05,4.58
9000008669,2025-12-17 11:00,0.748333,7,16,23,19,13,32,76,61,138,16,9,26,27.0,67.96,16.5,0.97,0.97,0.97,5.83,0.0,6.8
9000008669,2025-12-17 12:00,0.790556,11,11,23,54,105,159,117,33,150,23,1,24,52.0,9.24,40.34,25.21,5.04,3.36,4.2,5.88,6.72
9000008669,2025-12-17 13:00,0.780833,21,5,26,28,91,120,160,30,189,15,14,29,29.0,13.51,50.68,22.3,6.08,2.03,2.03,0.68,2.7
9000008669,2025-12-17 14:00,0.771111,25,17,41,59,149,208,113,40,153,21,4,25,55.5,19.49,47.46,11.02,2.54,3.39,3.39,5.08,8.47
9000008669,2025-12-17 15:00,0.649167,9,21,30,97,167,264,137,41,177,18,6,25,53.5,27.83,36.52,12.17,3.48,2.61,9.57,1.74,8.7
9000008669,2025-12-18 08:00,0.105,0,10,10,10,48,57,229,48,276,19,10,29,38.0,3.45,27.59,48.28,6.9,0.0,3.45,3.45,6.9
9000008669,2025-12-18 09:00,0.795,11,24,36,20,76,96,130,61,191,26,4,30,55.5,13.82,39.47,24.34,4.61,1.97,2.63,3.95,9.21
9000008669,2025-12-18 10:00,0.794167,15,14,29,29,79,108,104,40,145,19,8,26,46.5,15.65,39.13,16.52,6.96,8.7,2.61,2.61,7.83
9000008669,2025-12-18 11:00,0.744722,7,12,19,27,47,74,99,56,156,19,4,23,16.5,63.79,26.72,1.72,0.86,0.86,0.0,0.86,5.17
9000008669,2025-12-18 12:00,0.783333,19,14,33,53,98,151,116,32,148,35,12,46,29.5,15.52,48.28,21.55,2.59,1.72,5.17,0.86,4.31
9000008669,2025-12-18 13:00,0.771667,30,21,50,48,163,210,153,25,177,23,4,27,31.5,11.68,46.72,25.55,5.11,0.73,1.46,4.38,4.38
9000008669,2025-12-18 14:00,0.773889,23,22,46,88,193,281,187,35,222,22,0,22,39.5,8.72,56.98,13.95,5.81,1.16,3.49,5.81,4.07
9000008669,2025-12-18 15:00,0.546111,16,10,26,98,160,258,236,26,263,14,1,15,25.0,12.5,50.0,24.31,1.39,1.39,1.39,1.39,8.33
9000008669,2025-12-19 08:00,0.387778,8,15,22,25,92,117,83,18,101,13,0,13,32.0,7.69,53.85,20.51,2.56,5.13,0.0,5.13,7.69
9000008669,2025-12-19 09:00,0.724444,12,22,33,11,82,93,129,36,166,31,4,34,31.0,6.67,49.17,29.17,2.5,5.83,2.5,3.33,1.67
9000008669,2025-12-19 10:00,0.791944,13,21,34,19,89,108,101,39,140,15,13,28,43.5,10.81,39.64,25.23,5.41,7.21,3.6,1.8,6.31
9000008669,2025-12-19 11:00,0.773056,14,23,38,30,73,103,188,71,258,39,16,54,32.5,7.0,53.0,23.0,5.5,1.0,3.0,3.0,4.5
9000008669,2025-12-19 12:00,0.772778,21,18,39,40,97,137,165,59,224,37,17,53,35.0,12.14,43.35,27.75,2.89,2.89,3.47,1.16,6.36
9000008669,2025-12-19 13:00,0.790556,10,21,32,57,177,234,224,55,279,35,9,44,29.5,12.22,42.53,31.22,3.17,0.45,2.71,3.62,4.07
9000008669,2025-12-19 14:00,0.778056,19,22,41,51,187,238,202,59,261,32,13,45,30.5,16.75,44.33,23.65,4.43,3.45,1.48,1.97,3.94
9000008669,2025-12-19 15:00,0.664167,8,24,33,49,130,178,226,59,286,32,11,42,33.5,11.58,48.95,24.21,3.16,3.68,2.11,2.63,5.26
9000008669,2025-12-20 08:00,0.151667,5,25,30,41,5,46,14,26,40,5,10,14,57.0,33.33,16.67,0.0,0.0,16.67,66.67,0.0,0.0
9000008669,2025-12-20 09:00,0.722222,11,10,21,17,51,68,28,28,56,11,8,19,52.5,15.0,40.0,15.0,7.5,5.0,5.0,5.0,7.5
9000008669,2025-12-20 10:00,0.772222,19,12,31,21,65,86,72,34,106,9,4,13,36.0,26.83,21.95,32.93,6.1,2.44,4.88,0.0,4.88
9000008669,2025-12-20 11:00,0.788333,23,27,50,24,20,45,74,71,145,18,18,36,39.5,12.28,50.0,20.18,2.63,3.51,5.26,3.51,2.63
9000008669,2025-12-20 12:00,0.795833,20,21,42,15,34,49,133,69,202,28,25,53,31.0,12.42,47.2,24.84,3.73,1.86,2.48,2.48,4.97
9000008669,2025-12-20 13:00,0.783333,18,29,47,26,35,61,174,55,229,27,27,54,31.0,6.15,50.28,27.37,6.7,2.23,2.23,1.12,3.91
9000008669,2025-12-20 14:00,0.779444,27,13,40,39,56,95,207,62,269,24,25,49,29.5,9.52,48.57,27.14,5.71,0.95,1.9,0.95,5.24
9000008669,2025-12-20 15:00,0.771944,25,23,48,51,113,163,202,63,265,26,5,31,29.0,14.63,44.88,26.83,2.93,3.41,1.46,2.93,2.93
9000008669,2025-12-21 09:00,0.637778,3,6,9,4,49,53,19,11,30,1,0,1,39.5,5.26,31.58,31.58,21.05,0.0,0.0,15.79,0.0
9000008669,2025-12-21 10:00,0.788889,14,18,32,9,42,51,22,9,30,3,0,3,44.0,4.17,20.83,41.67,8.33,12.5,8.33,4.17,0.0
9000008669,2025-12-21 11:00,0.783333,17,21,37,9,57,66,51,24,75,6,1,8,57.5,6.78,30.51,32.2,8.47,5.08,5.08,3.39,8.47
9000008669,2025-12-21 12:00,0.784444,17,13,29,21,60,80,66,33,99,3,3,5,55.5,6.41,29.49,30.77,7.69,6.41,8.97,2.56,7.69
9000008669,2025-12-21 13:00,0.720833,13,18,31,21,74,95,74,25,100,3,1,4,51.5,8.33,27.78,37.5,6.94,5.56,2.78,2.78,9.72
9000008669,2025-12-21 14:00,0.518333,25,18,43,23,67,90,83,23,106,7,1,9,52.5,3.64,50.91,16.36,1.82,7.27,9.09,3.64,7.27
9000008669,2025-12-21 15:00,0.406944,2,24,26,14,103,117,71,14,85,5,0,5,38.5,5.71,28.57,42.86,8.57,0.0,2.86,2.86,11.43
9000008669,2025-12-22 08:00,0.214167,3,42,45,5,28,33,75,13,87,42,0,42,39.0,0.0,26.32,57.89,10.53,5.26,10.53,0.0,10.53
9000008669,2025-12-22 09:00,0.575833,11,12,23,8,53,61,101,41,142,3,0,3,39.5,2.44,30.49,46.34,3.66,3.66,0.0,1.22,10.98
9000008669,2025-12-22 10:00,0.791944,16,7,24,13,25,38,124,61,185,26,13,39,36.0,8.9,37.67,32.19,8.9,2.74,2.05,0.68,6.85
9000008669,2025-12-22 11:00,0.778056,17,15,32,33,81,114,121,44,165,10,9,19,44.5,10.16,40.62,30.47,1.56,3.12,2.34,7.03,4.69
9000008669,2025-12-22 12:00,0.789167,16,19,36,13,83,95,128,56,183,23,6,29,53.5,6.9,30.34,37.24,4.83,2.76,4.83,3.45,9.66
9000008669,2025-12-22 13:00,0.653611,17,13,30,43,136,179,199,55,254,42,4,46,31.5,13.86,40.96,29.52,4.22,3.61,3.61,1.2,4.22
9000008669,2025-12-22 14:00,0.7125,14,18,31,41,62,103,252,109,361,56,16,72,26.0,13.62,46.3,29.57,3.5,0.0,1.56,0.78,5.06
9000008669,2025-12-22 15:00,0.117222,26,17,43,9,205,213,205,43,247,9,9,17,24.0,13.79,41.38,37.93,0.0,0.0,3.45,0.0,3.45
9000008669,2025-12-23 08:00,0.174167,0,17,17,23,34,57,63,17,80,6,0,6,35.0,7.14,21.43,42.86,21.43,0.0,0.0,0.0,7.14
9000008669,2025-12-23 09:00,0.7275,9,13,23,14,29,44,63,46,109,19,11,31,49.0,12.66,43.04,22.78,3.8,5.06,2.53,2.53,8.86
9000008669,2025-12-23 10:00,0.780833,26,20,46,12,18,29,73,59,132,26,19,45,34.0,7.77,52.43,23.3,6.8,2.91,1.94,0.97,3.88
9000008669,2025-12-23 11:00,0.788889,20,15,36,15,45,61,138,55,193,24,14,38,30.0,11.18,41.45,32.89,4.61,2.63,1.97,1.97,3.29
9000008669,2025-12-23 12:00,0.786667,14,24,38,20,98,118,141,65,206,24,16,41,38.5,7.41,54.94,17.9,5.56,2.47,3.7,1.85,6.17
9000008669,2025-12-23 13:00,0.780278,15,15,31,19,112,131,195,49,244,36,8,44,28.5,13.68,36.84,36.84,4.74,1.58,1.05,2.11,3.16
9000008669,2025-12-23 14:00,0.783611,16,10,27,9,97,106,147,123,270,46,27,73,31.5,21.33,42.65,20.38,3.32,2.37,1.42,2.37,6.16
9000008669,2025-12-23 15:00,0.521389,19,16,35,30,78,109,152,67,219,21,15,36,28.0,23.68,46.49,17.54,3.51,1.75,0.88,3.51,3.51
9000008669,2025-12-24 08:00,0.171667,12,6,17,6,12,17,17,35,52,0,6,6,43.0,0.0,66.67,11.11,0.0,11.11,0.0,0.0,11.11
9000008669,2025-12-24 09:00,0.646667,11,12,23,16,23,39,35,54,89,8,5,14,25.5,18.97,50.0,24.14,1.72,0.0,1.72,1.72,1.72
9000008669,2025-12-24 10:00,0.7625,13,21,34,24,35,59,71,51,122,9,0,9,45.0,24.73,43.01,12.9,3.23,1.08,5.38,0.0,9.68
9000008669,2025-12-24 11:00,0.723056,11,12,23,19,10,29,79,95,174,8,7,15,13.5,73.81,19.84,0.0,1.59,0.79,1.59,0.0,2.38
9000008669,2025-12-24 12:00,0.783056,17,8,24,33,96,130,102,27,129,23,5,28,30.0,10.89,46.53,27.72,3.96,4.95,0.99,0.0,4.95
9000008669,2025-12-24 13:00,0.784722,15,13,28,23,76,99,139,84,223,19,5,24,32.0,6.86,47.43,29.71,5.14,1.71,2.29,2.29,4.57
9000008669,2025-12-24 14:00,0.780556,14,12,26,18,152,170,110,57,167,8,6,14,51.0,16.92,40.0,24.62,1.54,1.54,4.62,4.62,6.15
9000008669,2025-12-24 15:00,0.726111,6,14,21,13,87,100,95,37,133,13,4,17,47.5,7.29,44.79,23.96,4.17,6.25,2.08,4.17,7.29
9000008669,2025-12-25 09:00,0.676667,0,3,3,3,13,15,9,8,17,0,0,0,62.5,9.09,36.36,9.09,9.09,9.09,18.18,27.27,0.0
9000008669,2025-12-25 10:00,0.797778,6,8,14,9,18,26,15,12,27,0,0,0,89.0,22.73,18.18,27.27,4.55,0.0,4.55,4.55,18.18
9000008669,2025-12-25 11:00,0.726944,3,4,7,6,14,20,17,18,35,1,3,4,31.5,60.0,20.0,4.0,4.0,0.0,4.0,0.0,8.0
9000008669,2025-12-25 12:00,0.785,5,3,8,6,20,27,33,21,54,18,15,33,52.0,4.76,57.14,14.29,2.38,4.76,7.14,4.76,4.76
9000008669,2025-12-25 13:00,0.792778,5,13,18,7,49,57,58,13,71,0,0,0,44.5,0.0,30.36,46.43,3.57,5.36,1.79,3.57,8.93
9000008669,2025-12-25 14:00,0.791111,10,13,23,10,65,75,59,8,67,2,3,5,34.0,3.77,45.28,28.3,11.32,3.77,1.89,1.89,3.77
9000008669,2025-12-25 15:00,0.785,12,14,26,18,67,84,67,27,94,0,0,0,55.5,8.11,35.14,33.78,2.7,2.7,4.05,6.76,6.76
9000008669,2025-12-25 16:00,0.04,0,0,0,0,25,25,50,0,50,0,0,0,23.5,0.0,50.0,50.0,0.0,0.0,0.0,0.0,0.0
9000008669,2025-12-26 09:00,0.4625,7,2,9,2,15,17,15,8,23,0,0,0,59.5,0.0,54.55,9.09,18.18,0.0,9.09,0.0,18.18
9000008669,2025-12-26 10:00,0.791944,14,7,21,6,30,37,30,13,43,1,0,1,56.5,5.88,41.18,20.59,2.94,8.82,11.76,5.88,2.94
9000008669,2025-12-26 11:00,0.74,4,10,14,4,20,24,24,14,38,0,0,0,47.0,53.57,21.43,7.14,0.0,7.14,0.0,7.14,3.57
9000008669,2025-12-26 12:00,0.7925,4,10,14,11,43,54,46,16,63,1,4,5,51.0,6.0,22.0,36.0,10.0,10.0,8.0,0.0,8.0
9000008669,2025-12-26 13:00,0.786944,14,17,31,20,56,76,67,23,90,5,0,5,31.5,8.45,39.44,35.21,8.45,2.82,1.41,1.41,2.82
9000008669,2025-12-26 14:00,0.784722,13,15,28,8,36,44,67,33,100,8,5,13,38.0,5.06,55.7,21.52,3.8,2.53,3.8,6.33,1.27
9000008669,2025-12-26 15:00,0.693056,12,17,29,24,53,76,73,38,111,3,0,3,44.5,5.19,45.45,27.27,5.19,6.49,3.9,3.9,3.9
9000008669,2025-12-27 08:00,0.311944,0,0,0,12,9,21,26,12,38,4,3,7,66.0,0.0,33.33,25.0,16.67,0.0,0.0,8.33,8.33
9000008669,2025-12-27 09:00,0.785,5,1,6,4,15,19,24,6,31,5,0,5,62.0,8.33,41.67,8.33,12.5,8.33,4.17,4.17,12.5
9000008669,2025-12-27 10:00,0.789722,9,13,21,13,49,62,44,19,64,4,1,5,61.5,10.0,34.0,10.0,0.0,16.0,14.0,4.0,12.0
9000008669,2025-12-27 11:00,0.786111,14,24,38,30,67,98,67,15,83,8,0,8,47.5,4.62,53.85,15.38,4.62,9.23,7.69,3.08,1.54
9000008669,2025-12-27 12:00,0.7925,10,9,19,25,75,100,84,16,100,8,0,8,47.0,11.39,34.18,24.05,8.86,8.86,5.06,2.53,5.06
9000008669,2025-12-27 13:00,0.787222,17,9,26,17,93,110,134,23,157,9,0,9,42.5,4.88,39.84,36.59,3.25,5.69,1.63,4.88,4.07
9000008669,2025-12-27 14:00,0.675556,10,17,27,26,123,149,169,18,186,19,1,21,33.0,1.59,49.21,30.95,4.76,3.17,2.38,3.17,3.97
9000008669,2025-12-27 15:00,0.293333,17,16,33,44,94,138,208,14,221,3,0,3,31.5,3.08,47.69,33.85,10.77,0.0,4.62,3.08,0.0
9000008669,2025-12-28 08:00,0.164444,6,6,12,6,6,12,18,0,18,0,0,0,58.0,0.0,0.0,33.33,33.33,0.0,33.33,0.0,0.0
9000008669,2025-12-28 09:00,0.803056,9,6,15,2,11,14,19,6,25,5,0,5,65.0,5.0,25.0,35.0,10.0,5.0,0.0,5.0,15.0
9000008669,2025-12-28 10:00,0.791667,3,5,8,13,11,24,19,11,30,6,1,8,32.0,16.67,29.17,37.5,4.17,0.0,4.17,4.17,4.17
9000008669,2025-12-28 11:00,0.706944,1,3,4,4,15,20,14,30,44,1,1,3,13.5,70.97,22.58,0.0,0.0,0.0,0.0,0.0,6.45
9000008669,2025-12-28 12:00,0.781389,5,9,14,17,20,37,35,20,55,18,13,30,66.0,20.93,32.56,16.28,0.0,9.3,4.65,4.65,11.63
9000008669,2025-12-28 13:00,0.800833,20,14,34,10,11,21,44,30,74,6,14,20,45.5,0.0,50.85,23.73,8.47,3.39,3.39,1.69,8.47
9000008669,2025-12-28 14:00,0.793056,11,13,24,11,18,29,61,52,112,13,9,21,43.5,3.37,47.19,26.97,3.37,6.74,2.25,6.74,3.37
9000008669,2025-12-28 15:00,0.715833,15,15,31,22,67,89,109,12,121,3,0,3,49.5,2.3,34.48,28.74,14.94,3.45,1.15,6.9,6.9
9000008669,2025-12-28 16:00,0.020833,48,0,48,0,0,0,96,0,96,0,0,0,63.5,0.0,0.0,50.0,0.0,0.0,0.0,50.0,0.0
9000008669,2025-12-29 08:00,0.414167,14,9,24,24,22,47,15,13,27,2,0,2,87.0,0.0,0.0,36.36,18.18,18.18,0.0,9.09,18.18
9000008669,2025-12-29 09:00,0.651389,13,9,22,26,45,71,52,9,61,3,0,3,47.0,0.0,20.0,45.0,12.5,10.0,0.0,2.5,12.5
9000008669,2025-12-29 10:00,0.784444,11,13,24,28,85,113,73,19,92,4,0,4,33.5,19.44,30.56,29.17,9.72,4.17,0.0,2.78,4.17
9000008669,2025-12-29 11:00,0.761111,23,21,43,39,105,143,116,11,126,3,0,3,41.5,9.38,27.08,41.67,6.25,5.21,3.12,4.17,3.12
9000008669,2025-12-29 12:00,0.7525,15,13,28,59,93,152,103,25,129,4,0,4,49.0,7.22,30.93,32.99,9.28,5.15,4.12,5.15,5.15
9000008669,2025-12-29 13:00,0.769167,14,13,27,77,144,221,151,21,172,9,1,10,43.0,3.79,29.55,39.39,11.36,1.52,3.79,3.79,6.82
9000008669,2025-12-29 14:00,0.776389,13,15,28,73,106,179,130,22,152,8,0,8,42.0,10.17,26.27,37.29,11.02,3.39,1.69,3.39,6.78
9000008669,2025-12-29 15:00,0.276111,11,25,36,129,148,276,83,39,122,0,0,0,44.0,14.71,23.53,26.47,17.65,8.82,8.82,0.0,5.88
9000008669,2025-12-30 08:00,0.346667,3,18,22,4,41,45,35,0,35,4,0,4,36.5,0.0,16.67,50.0,33.33,0.0,0.0,0.0,0.0
9000008669,2025-12-30 09:00,0.517222,12,20,31,19,59,78,46,11,57,8,0,8,40.0,3.33,13.33,46.67,20.0,6.67,3.33,0.0,6.67
9000008669,2025-12-30 10:00,0.753889,19,5,24,37,44,81,60,15,75,8,4,12,37.5,22.81,31.58,28.07,1.75,3.51,3.51,1.75,5.26
9000008669,2025-12-30 11:00,0.706389,17,11,29,42,38,80,90,59,150,6,1,7,23.5,60.38,21.7,4.72,1.89,1.89,1.89,2.83,4.72
9000008669,2025-12-30 12:00,0.765278,16,20,35,80,102,181,96,21,117,0,0,0,57.5,13.48,29.21,24.72,4.49,10.11,4.49,6.74,6.74
9000008669,2025-12-30 13:00,0.769722,9,14,23,92,119,212,170,46,217,17,3,19,30.5,17.37,31.14,35.93,7.19,1.8,1.2,2.99,2.4
9000008669,2025-12-30 14:00,0.777222,15,12,27,81,124,205,241,42,282,12,1,13,29.5,10.05,36.07,40.18,4.57,2.74,1.83,1.37,3.2
9000008669,2025-12-30 15:00,0.766944,13,17,30,91,86,177,227,45,271,8,3,10,30.0,13.94,43.27,27.88,6.73,3.85,1.44,1.92,0.96
9000008669,2025-12-30 16:00,0.075556,40,0,40,13,53,66,397,119,516,53,0,53,48.0,10.26,33.33,30.77,5.13,7.69,5.13,5.13,2.56
9000008669,2025-12-31 08:00,0.158333,0,13,13,6,25,32,38,13,51,0,0,0,44.0,0.0,62.5,12.5,0.0,12.5,0.0,12.5,0.0
9000008669,2025-12-31 09:00,0.784167,6,6,13,6,36,42,58,14,72,13,1,14,38.0,7.14,51.79,21.43,5.36,5.36,1.79,3.57,3.57
9000008669,2025-12-31 10:00,0.791667,10,11,21,16,82,98,53,37,90,9,0,9,58.5,2.82,28.17,26.76,11.27,9.86,8.45,7.04,5.63
9000008669,2025-12-31 11:00,0.786944,14,13,27,30,69,99,102,20,122,5,0,5,54.5,3.12,37.5,25.0,9.38,7.29,8.33,5.21,4.17
9000008669,2025-12-31 12:00,0.775833,6,16,22,28,86,115,85,28,113,5,0,5,60.5,4.55,18.18,28.41,15.91,7.95,9.09,11.36,4.55
9000008669,2025-12-31 13:00,0.785278,15,14,29,56,86,142,111,24,135,1,0,1,65.5,3.77,25.47,31.13,8.49,6.6,7.55,2.83,14.15
9000008669,2025-12-31 14:00,0.626944,9,13,22,58,125,183,115,18,133,0,0,0,58.5,6.02,9.64,44.58,8.43,9.64,7.23,4.82,9.64
9000008669,2025-12-31 15:00,0.257222,8,4,11,78,111,189,92,4,95,4,0,4,46.5,4.0,36.0,28.0,0.0,24.0,4.0,0.0,0.0
9000008669,2026-01-01 08:00,0.180833,11,0,11,0,33,33,11,22,33,0,0,0,50.5,0.0,0.0,0.0,33.33,50.0,16.67,0.0,0.0
9000008669,2026-01-01 09:00,0.5275,10,0,10,5,12,17,14,5,19,0,0,0,30.5,30.0,50.0,20.0,20.0,0.0,0.0,0.0,0.0
9000008669,2026-01-01 10:00,0.791944,8,9,16,5,18,23,9,9,18,0,0,0,49.5,7.14,21.43,21.43,14.29,21.43,7.14,0.0,7.14
9000008669,2026-01-01 11:00,0.798889,5,8,12,14,25,39,24,9,33,2,1,4,58.5,7.69,15.38,19.23,26.92,3.85,15.38,0.0,11.54
9000008669,2026-01-01 12:00,0.762222,4,7,11,7,30,37,42,15,56,0,0,0,59.5,4.65,16.28,32.56,9.3,9.3,11.63,6.98,6.98
9000008669,2026-01-01 13:00,0.626389,10,11,21,20,55,75,60,17,77,1,0,1,65.0,2.08,16.67,33.33,12.5,12.5,6.25,12.5,8.33
9000008669,2026-01-01 14:00,0.648611,7,14,21,18,35,53,62,21,82,0,1,1,56.5,13.21,24.53,26.42,11.32,3.77,9.43,5.66,9.43
9000008669,2026-01-01 15:00,0.298056,7,12,20,17,7,25,58,40,98,3,0,3,66.0,17.24,27.59,13.79,13.79,0.0,10.34,3.45,13.79
9000008669,2026-01-02 08:00,0.327778,8,0,8,3,36,38,23,16,39,4,0,4,50.5,0.0,23.08,30.77,7.69,23.08,15.38,0.0,0.0
9000008669,2026-01-02 09:00,0.793056,5,16,21,15,47,62,72,15,87,2,0,2,59.0,2.9,30.43,30.43,8.7,10.14,2.9,2.9,11.59
9000008669,2026-01-02 10:00,0.646944,17,15,33,30,62,92,58,14,72,0,0,0,55.5,8.51,21.28,31.91,10.64,10.64,4.26,4.26,8.51
9000008669,2026-01-02 11:00,0.709722,13,4,17,70,113,182,96,28,124,4,0,4,62.5,3.41,30.68,29.55,10.23,6.82,1.14,5.68,11.36
9000008669,2026-01-02 12:00,0.4425,8,21,29,97,119,217,106,30,136,8,0,8,60.0,1.67,20.0,35.0,11.67,13.33,5.0,6.67,6.67
9000008669,2026-01-02 13:00,0.335833,7,12,20,172,124,296,73,31,104,0,0,0,50.0,14.29,31.43,17.14,11.43,14.29,2.86,5.71,8.57
9000008669,2026-01-02 14:00,0.780833,15,14,29,102,111,213,104,17,121,0,0,0,61.0,0.0,32.98,34.04,3.19,8.51,5.32,9.57,6.38
9000008669,2026-01-02 15:00,0.275,20,24,44,80,90,170,109,12,122,0,0,0,50.0,0.0,18.18,39.39,12.12,12.12,6.06,0.0,3.03
9000008669,2026-01-03 09:00,0.353056,8,0,8,15,28,42,54,14,69,3,0,3,24.5,4.17,58.33,29.17,8.33,0.0,4.17,0.0,4.17
9000008669,2026-01-03 10:00,0.788889,3,3,5,8,33,40,34,34,68,3,1,4,60.0,16.67,31.48,14.81,9.26,7.41,5.56,9.26,5.56
9000008669,2026-01-03 11:00,0.784167,5,4,9,18,43,61,66,38,105,4,0,4,41.5,15.85,42.68,17.07,8.54,4.88,4.88,2.44,3.66
9000008669,2026-01-03 12:00,0.787222,4,12,15,15,37,52,106,32,138,8,0,8,60.0,10.19,36.11,15.74,7.41,10.19,5.56,6.48,8.33
9000008669,2026-01-03 13:00,0.788056,6,8,14,24,53,77,90,37,127,4,0,4,58.0,17.0,22.0,19.0,16.0,6.0,7.0,4.0,9.0
9000008669,2026-01-03 14:00,0.781389,6,11,18,31,56,87,160,38,198,4,4,8,43.5,13.55,29.68,30.32,9.03,3.87,4.52,1.29,7.74
9000008669,2026-01-03 15:00,0.636944,9,6,15,30,81,111,174,29,204,1,1,3,45.0,8.46,41.54,26.15,4.62,6.92,1.54,2.31,7.69
9000008669,2026-01-04 08:00,0.111667,0,0,0,9,9,18,0,0,0,0,0,0,,0.0,0.0,0.0,0.0,0.0,0.0,0.0,0.0
9000008669,2026-01-04 09:00,0.783611,6,8,14,3,18,20,17,6,23,3,0,3,59.0,5.56,22.22,27.78,5.56,0.0,27.78,0.0,11.11
9000008669,2026-01-04 10:00,0.776667,4,5,9,3,25,27,28,15,44,0,0,0,62.0,14.71,38.24,23.53,2.94,2.94,0.0,8.82,8.82
9000008669,2026-01-04 11:00,0.771944,11,6,18,13,29,41,44,8,52,1,0,1,55.0,7.5,40.0,22.5,7.5,5.0,2.5,2.5,12.5
9000008669,2026-01-04 12:00,0.783333,10,8,18,20,37,57,52,18,70,4,1,5,48.0,12.73,36.36,20.0,10.91,5.45,5.45,1.82,7.27
9000008669,2026-01-04 13:00,0.772778,8,9,17,18,54,72,73,24,97,0,1,1,53.5,2.67,30.67,33.33,9.33,8.0,2.67,5.33,8.0
9000008669,2026-01-04 14:00,0.7825,8,12,19,22,62,84,83,28,111,3,0,3,49.5,3.45,25.29,36.78,5.75,14.94,5.75,4.6,3.45
9000008669,2026-01-04 15:00,0.668056,11,17,27,16,61,76,86,15,101,1,0,1,56.0,1.47,23.53,47.06,7.35,2.94,8.82,4.41,8.82
9000008669,2026-01-05 08:00,0.480556,2,4,6,12,41,53,192,52,245,7,9,17,36.0,11.02,45.76,24.58,8.47,5.08,1.69,1.69,2.54
9000008669,2026-01-05 09:00,0.580278,12,7,20,30,45,76,141,22,163,12,0,12,49.0,5.26,35.79,37.89,2.11,6.32,3.16,6.32,4.21
9000008669,2026-01-05 10:00,0.772222,10,4,14,32,85,118,127,14,141,12,1,13,35.5,11.01,47.71,23.85,6.42,3.67,0.92,1.83,4.59
9000008669,2026-01-05 11:00,0.776944,8,9,17,51,55,106,98,15,113,16,0,16,39.5,14.77,30.68,28.41,11.36,4.55,4.55,0.0,5.68
9000008669,2026-01-05 12:00,0.756667,3,5,8,69,109,177,87,20,107,9,1,11,52.0,4.94,38.27,27.16,4.94,7.41,7.41,6.17,3.7
9000008669,2026-01-05 13:00,0.786667,10,4,14,39,118,158,121,36,156,11,0,11,54.5,10.57,28.46,30.08,6.5,5.69,6.5,4.07,8.13
9000008669,2026-01-05 14:00,0.786667,16,13,29,58,142,201,150,28,178,9,0,9,57.5,4.29,35.71,25.71,5.0,10.71,5.71,4.29,8.57
9000008669,2026-01-05 15:00,0.778333,6,5,12,54,175,229,135,22,157,4,0,4,52.0,6.56,36.89,25.41,8.2,6.56,4.1,4.1,8.2
9000008669,2026-01-05 16:00,0.151667,0,26,26,33,191,224,185,53,237,0,7,7,49.5,2.78,30.56,33.33,5.56,13.89,5.56,5.56,2.78
9000008669,2026-01-06 08:00,0.476111,2,8,10,23,118,142,79,35,113,5,0,5,57.5,0.0,35.19,27.78,9.26,7.41,7.41,9.26,5.56
9000008669,2026-01-06 09:00,0.785278,0,9,9,32,95,127,116,31,147,9,0,9,63.0,3.48,29.57,29.57,5.22,9.57,6.09,5.22,11.3
9000008669,2026-01-06 10:00,0.779722,0,7,7,33,90,123,118,21,138,8,0,8,49.5,3.7,30.56,37.04,7.41,6.48,7.41,3.7,3.7
9000008669,2026-01-06 11:00,0.783611,5,5,10,17,68,84,101,26,127,6,0,6,40.5,8.08,35.35,34.34,7.07,4.04,4.04,2.02,5.05
9000008669,2026-01-06 12:00,0.776389,3,4,6,31,94,125,116,15,131,4,0,4,42.5,0.98,38.24,35.29,8.82,4.9,3.92,2.94,4.9
9000008669,2026-01-06 13:00,0.777778,0,1,1,44,126,170,107,14,121,4,1,5,53.5,4.26,41.49,28.72,4.26,4.26,6.38,2.13,8.51
9000008669,2026-01-06 14:00,0.7825,7,4,10,62,148,209,131,36,167,4,1,5,54.0,6.15,42.31,20.77,4.62,7.69,9.23,4.62,4.62
9000008669,2026-01-06 15:00,0.781667,5,6,12,82,117,200,177,62,239,27,3,30,49.5,6.42,32.09,33.16,8.56,5.35,3.74,4.81,5.88
9000008669,2026-01-06 16:00,0.135,0,0,0,96,163,259,163,22,185,0,0,0,61.0,4.0,44.0,4.0,4.0,20.0,8.0,8.0,8.0
9000008669,2026-01-07 08:00,0.365833,0,11,11,15,68,83,151,50,200,10,0,10,55.5,2.74,30.14,36.99,8.22,6.85,2.74,8.22,2.74
9000008669,2026-01-07 09:00,0.783611,8,12,19,17,93,110,133,20,153,8,0,8,50.0,7.5,33.33,35.83,4.17,4.17,2.5,3.33,9.17
9000008669,2026-01-07 10:00,0.791944,4,8,12,25,91,116,116,11,127,5,0,5,37.0,2.97,36.63,39.6,6.93,1.98,6.93,0.99,3.96
9000008669,2026-01-07 11:00,0.775556,8,5,13,28,72,101,76,15,91,8,0,8,24.5,23.94,43.66,21.13,1.41,1.41,5.63,0.0,2.82
9000008669,2026-01-07 12:00,0.7825,9,9,18,50,106,156,101,23,124,1,0,1,57.0,6.19,17.53,43.3,8.25,4.12,8.25,2.06,10.31
9000008669,2026-01-07 13:00,0.783611,19,15,34,41,105,145,133,24,157,14,0,14,64.5,8.94,34.15,21.95,10.57,2.44,3.25,4.07,14.63
9000008669,2026-01-07 14:00,0.783889,4,5,9,53,167,220,112,30,143,6,0,6,43.0,11.61,40.18,23.21,7.14,6.25,2.68,4.46,4.46
9000008669,2026-01-07 15:00,0.774167,9,7,16,74,150,224,164,35,199,5,0,5,61.5,5.84,27.27,33.77,5.84,7.79,3.9,4.55,11.04
9000008669,2026-01-07 16:00,0.2275,0,0,0,49,44,94,252,83,335,3,19,22,61.5,7.89,30.26,26.32,9.21,3.95,3.95,15.79,3.95
9000008669,2026-01-08 08:00,0.531111,24,7,32,37,63,100,143,36,179,7,0,7,45.0,6.32,32.63,25.26,18.95,5.26,4.21,4.21,5.26
9000008669,2026-01-08 09:00,0.786944,1,6,8,11,67,79,112,28,140,18,0,18,63.5,3.64,20.91,33.64,10.91,7.27,4.55,10.91,8.18
9000008669,2026-01-08 10:00,0.792222,6,10,16,16,88,104,108,25,133,9,1,10,42.5,8.57,33.33,35.24,4.76,7.62,3.81,2.86,3.81
9000008669,2026-01-08 11:00,0.778056,5,5,10,26,92,118,134,16,150,9,0,9,39.5,5.98,40.17,29.06,10.26,4.27,5.13,1.71,3.42
9000008669,2026-01-08 12:00,0.768056,8,10,18,21,88,109,141,18,159,7,0,7,50.5,3.28,38.52,29.51,11.48,1.64,4.92,2.46,8.2
9000008669,2026-01-08 13:00,0.786389,14,18,32,31,119,150,141,25,167,13,0,13,53.5,5.34,33.59,38.17,5.34,1.53,6.87,3.82,5.34
9000008669,2026-01-08 14:00,0.791667,5,8,13,25,143,168,144,14,158,6,1,8,47.0,2.4,36.8,30.4,12.0,4.8,4.8,4.0,4.8
9000008669,2026-01-08 15:00,0.776111,9,10,19,54,147,201,156,27,183,10,0,10,42.0,14.79,35.21,26.76,7.75,3.52,4.93,0.7,6.34
9000008669,2026-01-08 16:00,0.221111,16,11,26,42,110,152,179,58,236,0,0,0,41.5,7.69,42.31,17.31,13.46,13.46,1.92,3.85,0.0
9000008669,2026-01-09 08:00,0.331389,2,4,6,2,27,29,45,8,53,6,0,6,60.5,5.56,27.78,33.33,5.56,0.0,5.56,5.56,11.11
9000008669,2026-01-09 09:00,0.724444,8,5,13,18,46,65,75,24,99,17,0,17,63.0,6.94,36.11,19.44,4.17,11.11,2.78,6.94,11.11
9000008669,2026-01-09 10:00,0.787222,6,9,15,28,77,105,79,16,95,6,0,6,56.0,2.67,34.67,33.33,8.0,2.67,6.67,0.0,12.0
9000008669,2026-01-09 11:00,0.780556,9,12,21,9,59,68,92,31,123,22,0,22,39.5,10.42,30.21,35.42,9.38,4.17,6.25,0.0,4.17
9000008669,2026-01-09 12:00,0.7875,13,6,19,20,75,95,121,42,163,19,0,19,49.5,10.94,28.91,28.12,13.28,3.91,6.25,1.56,7.03
9000008669,2026-01-09 13:00,0.776111,5,10,15,35,95,131,165,36,201,27,0,27,33.5,14.74,39.74,26.28,7.69,1.28,0.64,3.85,5.77
9000008669,2026-01-09 14:00,0.795556,13,8,20,33,92,125,115,30,146,18,0,18,35.5,7.76,41.38,27.59,11.21,4.31,2.59,0.0,5.17
9000008669,2026-01-09 15:00,0.778056,4,6,10,17,96,113,113,22,135,12,0,12,48.5,1.9,23.81,38.1,16.19,6.67,4.76,2.86,5.71
9000008669,2026-01-09 16:00,0.119722,0,8,8,8,58,67,58,17,75,0,0,0,64.0,22.22,33.33,0.0,11.11,0.0,0.0,33.33,0.0
9000008669,2026-01-10 08:00,0.578333,0,7,7,1,18,20,21,23,44,0,0,0,57.5,16.0,32.0,16.0,20.0,4.0,8.0,0.0,16.0
9000008669,2026-01-10 09:00,0.791389,3,1,4,5,37,42,40,38,79,2,0,2,72.0,14.52,20.97,17.74,14.52,6.45,3.23,4.84,17.74
9000008669,2026-01-10 10:00,0.7875,9,4,13,11,40,51,37,34,71,4,0,4,39.5,12.5,32.14,28.57,12.5,7.14,0.0,0.0,7.14
9000008669,2026-01-10 11:00,0.738611,7,8,15,22,38,60,56,35,91,4,0,4,29.5,38.81,32.84,13.43,2.99,4.48,0.0,4.48,2.99
9000008669,2026-01-10 12:00,0.773611,12,8,20,23,46,69,88,43,130,4,0,4,58.0,13.86,29.7,24.75,7.92,3.96,5.94,6.93,6.93
9000008669,2026-01-10 13:00,0.761667,16,10,26,41,47,88,138,63,201,9,0,9,43.0,14.38,35.29,22.88,11.11,6.54,3.92,2.61,3.92
9000008669,2026-01-10 14:00,0.773889,10,19,30,43,65,107,165,31,196,10,0,10,45.0,7.24,23.03,41.45,11.84,4.61,1.97,4.61,5.26
9000008669,2026-01-10 15:00,0.783611,9,13,22,62,99,161,166,42,208,19,0,19,48.0,7.36,26.99,31.29,13.5,6.75,1.84,2.45,9.82
9000008669,2026-01-10 16:00,0.236389,3,11,13,42,103,146,127,48,175,13,0,13,37.5,7.32,34.15,36.59,9.76,7.32,0.0,4.88,2.44
9000008669,2026-01-11 08:00,0.399722,0,2,2,0,14,14,0,8,8,0,0,0,121.5,0.0,0.0,0.0,33.33,0.0,33.33,0.0,66.67
9000008669,2026-01-11 09:00,0.722222,3,5,8,8,24,32,17,7,24,2,0,2,71.0,5.88,23.53,23.53,29.41,0.0,0.0,5.88,17.65
9000008669,2026-01-11 10:00,0.798333,5,9,14,7,44,51,16,12,29,1,0,1,79.0,4.35,34.78,8.7,4.35,8.7,4.35,8.7,26.09
9000008669,2026-01-11 11:00,0.740556,3,11,14,8,32,41,37,30,66,1,0,1,52.5,40.82,32.65,8.16,0.0,0.0,6.12,6.12,6.12
9000008669,2026-01-11 12:00,0.776944,8,12,19,29,42,71,42,14,57,0,0,0,60.5,13.64,27.27,22.73,4.55,6.82,9.09,11.36,4.55
9000008669,2026-01-11 13:00,0.788611,20,18,38,32,76,108,64,32,96,1,0,1,72.0,2.63,11.84,32.89,15.79,6.58,7.89,3.95,18.42
9000008669,2026-01-11 14:00,0.779722,13,17,30,35,75,110,88,19,108,9,0,9,68.0,1.19,15.48,39.29,9.52,9.52,5.95,5.95,13.1
9000008669,2026-01-11 15:00,0.793611,15,14,29,72,68,140,53,18,71,1,0,1,58.5,0.0,16.07,41.07,14.29,7.14,8.93,1.79,10.71
9000008669,2026-01-11 16:00,0.170556,23,12,35,35,59,94,94,41,135,6,0,6,52.5,21.74,8.7,39.13,13.04,0.0,17.39,0.0,0.0
9000008669,2026-01-12 08:00,0.335833,5,13,18,15,39,53,113,76,189,27,0,27,42.0,23.81,17.46,33.33,7.94,6.35,0.0,3.17,7.94
9000008669,2026-01-12 09:00,0.637778,14,30,44,43,82,125,130,16,146,9,0,9,38.0,2.15,34.41,36.56,13.98,2.15,5.38,2.15,5.38
9000008669,2026-01-12 10:00,0.777778,8,13,20,40,97,137,119,18,137,13,0,13,56.5,4.72,23.58,38.68,9.43,4.72,5.66,2.83,10.38
9000008669,2026-01-12 11:00,0.765278,14,11,26,22,105,127,106,21,127,8,0,8,50.5,1.03,32.99,36.08,12.37,2.06,3.09,8.25,4.12
9000008669,2026-01-12 12:00,0.779444,5,9,14,33,117,150,122,25,146,11,0,11,48.5,5.26,32.46,32.46,11.4,4.39,3.51,4.39,6.14
9000008669,2026-01-12 13:00,0.757778,11,13,24,32,84,115,125,47,172,20,0,20,52.0,8.46,31.54,32.31,6.15,5.38,4.62,3.85,7.69
9000008669,2026-01-12 14:00,0.755,17,11,28,109,109,217,95,29,124,12,0,12,51.0,14.89,27.66,22.34,11.7,7.45,7.45,4.26,4.26
9000008669,2026-01-12 15:00,0.646111,8,3,11,34,151,184,176,49,225,26,0,26,40.5,15.86,33.1,29.66,5.52,4.83,5.52,2.07,3.45
9000008669,2026-01-12 16:00,0.122778,0,8,8,33,81,114,163,41,204,8,0,8,47.0,20.0,16.0,32.0,8.0,20.0,0.0,0.0,4.0
9000008669,2026-01-13 08:00,0.350278,8,11,19,16,87,104,108,34,142,10,0,10,40.0,4.0,36.0,34.0,12.0,6.0,2.0,0.0,6.0
9000008669,2026-01-13 09:00,0.705,2,5,6,20,93,113,116,32,148,31,0,31,39.0,10.58,50.96,18.27,4.81,3.85,1.92,1.92,5.77
9000008669,2026-01-13 10:00,0.78,0,4,4,16,68,83,77,26,103,13,0,13,53.5,7.5,36.25,25.0,10.0,3.75,7.5,5.0,5.0
9000008669,2026-01-13 11:00,0.780833,1,13,14,9,90,99,100,23,123,16,0,16,44.5,7.29,29.17,36.46,6.25,9.38,4.17,4.17,3.12
9000008669,2026-01-13 12:00,0.778056,14,9,23,39,117,155,121,12,133,14,0,14,46.5,0.0,41.75,30.1,7.77,6.8,2.91,1.94,8.74
9000008669,2026-01-13 13:00,0.778333,9,15,24,47,155,202,103,22,125,10,0,10,42.5,15.31,36.73,26.53,4.08,3.06,1.02,2.04,10.2
9000008669,2026-01-13 14:00,0.770556,5,12,17,52,117,169,91,15,106,4,0,4,58.5,14.63,34.15,26.83,4.88,1.22,3.66,3.66,10.98
9000008669,2026-01-13 15:00,0.729167,10,12,22,91,142,233,129,23,152,5,0,5,56.0,4.5,29.73,33.33,6.31,7.21,6.31,7.21,6.31
9000008669,2026-01-13 16:00,0.047778,0,0,0,126,63,188,105,42,147,0,0,0,55.0,0.0,14.29,42.86,0.0,0.0,28.57,0.0,14.29
9000008669,2026-01-14 08:00,0.249167,9,12,21,58,76,134,140,24,164,9,0,9,30.0,0.0,26.83,58.54,9.76,0.0,4.88,0.0,0.0
9000008669,2026-01-14 09:00,0.370833,0,7,7,63,100,163,108,11,120,12,0,12,30.0,0.0,45.45,38.64,2.27,6.82,4.55,0.0,4.55
9000008669,2026-01-14 10:00,0.509444,4,5,9,75,75,150,88,21,110,5,0,5,57.0,1.79,33.93,26.79,10.71,7.14,7.14,7.14,3.57
9000008669,2026-01-14 11:00,0.738611,10,3,13,69,113,182,82,17,100,7,0,7,46.5,4.05,35.14,27.03,14.86,8.11,6.76,0.0,5.41
9000008669,2026-01-14 12:00,0.585278,17,12,29,72,163,235,93,27,120,4,0,4,54.0,5.71,35.71,24.29,7.14,10.0,5.71,4.29,8.57
9000008669,2026-01-14 13:00,0.723333,3,5,8,71,140,212,118,24,142,14,0,14,57.0,4.85,30.1,33.98,6.8,3.88,9.71,4.85,5.83
9000008669,2026-01-14 14:00,0.782778,0,1,1,63,138,200,100,28,128,6,0,6,49.5,18.0,43.0,14.0,7.0,4.0,6.0,3.0,6.0
9000008669,2026-01-14 15:00,0.435556,1,5,6,143,189,331,80,51,131,1,0,1,46.5,21.05,35.09,15.79,10.53,8.77,7.02,0.0,7.02
9000008669,2026-01-14 16:00,0.063889,0,0,0,87,16,103,624,24,648,0,0,0,44.5,0.0,4.88,0.0,0.0,92.68,0.0,2.44,4.88
9000008669,2026-01-15 08:00,0.228889,0,8,8,40,60,100,186,44,230,14,0,14,47.0,13.21,18.87,35.85,5.66,11.32,3.77,5.66,5.66
9000008669,2026-01-15 09:00,0.784444,5,26,31,45,102,146,140,23,163,13,0,13,43.5,4.69,30.47,42.19,4.69,7.03,2.34,3.12,5.47
9000008669,2026-01-15 10:00,0.774444,9,14,23,58,103,161,109,17,126,3,0,3,48.0,7.22,37.11,25.77,8.25,9.28,4.12,2.06,6.19
9000008669,2026-01-15 11:00,0.192222,16,0,16,47,109,156,62,5,68,0,0,0,19.0,30.77,61.54,7.69,0.0,0.0,0.0,0.0,0.0
9000008669,2026-01-26 08:00,0.089722,6,28,34,0,28,28,67,34,101,11,0,11,24.5,11.11,55.56,33.33,0.0,0.0,11.11,0.0,11.11
9000008669,2026-01-26 09:00,0.530556,23,11,33,17,75,92,120,41,161,49,0,49,25.5,16.47,51.76,21.18,3.53,0.0,2.35,4.71,1.18
9000008669,2026-01-26 10:00,0.718611,4,10,13,13,73,86,82,38,120,29,0,29,50.0,3.49,48.84,22.09,5.81,5.81,3.49,5.81,5.81
9000008669,2026-01-26 11:00,0.72,6,1,8,25,78,104,63,46,109,38,0,38,54.5,16.46,24.05,18.99,8.86,10.13,11.39,1.27,8.86
9000008669,2026-01-26 12:00,0.715,3,3,6,11,81,93,88,40,128,43,0,43,59.0,13.04,38.04,18.48,6.52,2.17,7.61,8.7,5.43
9000008669,2026-01-26 13:00,0.776667,5,4,9,13,111,124,102,40,142,38,0,38,50.5,11.71,46.85,18.02,2.7,4.5,6.31,3.6,5.41
9000008669,2026-01-26 14:00,0.786111,13,16,29,18,103,121,101,46,147,57,0,57,47.0,8.7,52.17,17.39,3.48,4.35,3.48,4.35,6.09
9000008669,2026-01-26 15:00,0.725,0,9,9,18,118,135,103,50,153,60,0,60,41.5,11.71,48.65,17.12,8.11,1.8,5.41,1.8,6.31
9000008669,2026-01-26 16:00,0.251667,24,20,44,24,143,167,91,44,135,44,0,44,58.0,23.53,38.24,5.88,2.94,5.88,11.76,2.94,8.82
9000008669,2026-01-27 08:00,0.431389,6,20,27,7,74,81,134,78,212,76,0,76,44.0,17.58,27.47,29.67,8.79,2.2,4.4,3.3,4.4
9000008669,2026-01-27 09:00,0.778889,3,1,4,21,63,84,93,46,139,58,0,58,47.0,9.26,36.11,26.85,8.33,9.26,7.41,1.85,1.85
9000008669,2026-01-27 10:00,0.786667,1,0,1,15,78,93,72,47,119,48,0,48,54.5,11.7,37.23,15.96,5.32,12.77,4.26,6.38,6.38
9000008669,2026-01-27 11:00,0.790556,4,5,9,16,92,109,103,29,132,42,0,42,43.5,12.5,34.62,27.88,6.73,10.58,2.88,1.92,2.88
9000008669,2026-01-27 12:00,0.789722,1,5,6,10,92,103,94,60,154,32,0,32,38.5,25.41,41.8,11.48,8.2,3.28,4.1,0.82,4.92
9000008669,2026-01-27 13:00,0.775278,4,1,5,16,108,124,112,37,150,36,0,36,47.5,15.52,40.52,22.41,2.59,5.17,6.03,2.59,5.17
9000008669,2026-01-27 14:00,0.781389,3,1,4,22,117,139,110,67,177,47,0,47,43.0,13.77,40.58,23.19,6.52,4.35,3.62,2.17,5.8
9000008669,2026-01-27 15:00,0.785833,3,4,6,18,126,144,83,51,133,76,0,76,60.5,24.76,25.71,17.14,11.43,0.95,4.76,4.76,10.48
9000008669,2026-01-27 16:00,0.425,10,24,34,19,129,148,131,31,162,40,0,40,38.5,8.7,39.13,28.99,11.59,7.25,2.9,0.0,1.45
9000008669,2026-01-28 08:00,0.250278,12,20,32,18,77,95,81,52,132,56,0,56,62.5,12.12,42.42,12.12,9.09,3.03,3.03,9.09,9.09
9000008669,2026-01-28 09:00,0.505,0,17,17,15,72,87,67,35,102,88,0,88,43.5,13.46,28.85,30.77,7.69,7.69,5.77,3.85,1.92
9000008669,2026-01-28 10:00,0.780833,10,19,29,13,82,95,74,24,99,70,0,70,44.5,11.69,25.97,37.66,5.19,7.79,5.19,3.9,2.6
9000008669,2026-01-28 11:00,0.776389,5,8,13,15,81,97,79,22,100,38,0,38,59.0,8.97,25.64,26.92,11.54,7.69,5.13,3.85,10.26
9000008669,2026-01-28 12:00,0.741111,8,9,17,36,124,161,70,31,101,48,0,48,41.5,18.67,45.33,16.0,5.33,4.0,2.67,2.67,6.67
9000008669,2026-01-28 13:00,0.736944,18,11,29,26,135,161,106,53,159,50,0,50,60.5,23.08,24.79,24.79,4.27,2.56,5.13,4.27,11.11
9000008669,2026-01-28 14:00,0.765833,18,16,34,24,161,184,101,34,136,65,0,65,54.5,9.62,35.58,25.0,6.73,3.85,5.77,3.85,8.65
9000008669,2026-01-28 15:00,0.753056,13,11,24,38,159,197,108,56,164,66,0,66,45.5,13.71,29.84,32.26,5.65,5.65,4.84,2.42,4.84
9000008669,2026-01-28 16:00,0.225278,11,21,32,18,119,137,103,32,135,45,0,45,55.5,6.67,46.67,23.33,3.33,3.33,13.33,3.33,6.67
9000008669,2026-01-29 08:00,0.128889,8,0,8,0,31,31,124,31,155,109,0,109,65.0,0.0,40.0,35.0,5.0,0.0,0.0,10.0,10.0
9000008669,2026-01-29 09:00,0.640278,11,25,36,14,72,86,103,36,139,78,0,78,44.0,8.99,29.21,37.08,6.74,6.74,2.25,1.12,7.87
9000008669,2026-01-29 10:00,0.772222,5,19,25,6,95,101,101,26,126,69,0,69,37.5,15.31,40.82,25.51,5.1,3.06,0.0,1.02,9.18
9000008669,2026-01-29 11:00,0.770833,6,12,18,5,88,94,84,27,112,56,0,56,43.0,12.79,36.05,27.91,6.98,3.49,4.65,1.16,6.98
9000008669,2026-01-29 12:00,0.76,12,7,19,7,85,92,98,24,122,64,0,64,65.0,12.9,36.56,23.66,4.3,0.0,5.38,7.53,9.68
9000008669,2026-01-29 13:00,0.761389,8,6,14,32,117,149,95,25,120,43,0,43,25.0,16.48,41.76,31.87,2.2,1.1,1.1,2.2,4.4
9000008669,2026-01-29 14:00,0.761111,10,5,16,42,120,162,117,49,166,89,0,89,35.5,27.78,36.51,18.25,4.76,0.79,3.97,1.59,6.35
9000008669,2026-01-29 15:00,0.756389,17,7,24,23,154,176,108,43,151,87,0,87,24.5,26.32,39.47,26.32,0.0,2.63,0.88,1.75,2.63
9000008669,2026-01-29 16:00,0.2475,20,28,48,32,162,194,144,17,161,69,0,69,30.0,7.5,40.0,37.5,2.5,5.0,2.5,0.0,5.0
9000008669,2026-01-30 08:00,0.306111,2,8,9,7,70,77,87,36,123,32,0,32,58.5,10.53,36.84,28.95,2.63,2.63,5.26,5.26,10.53
9000008669,2026-01-30 09:00,0.776389,3,3,5,3,58,60,87,42,130,93,0,93,34.0,9.9,49.5,24.75,4.95,3.96,0.0,4.95,1.98
9000008669,2026-01-30 10:00,0.76,1,0,1,13,79,92,100,47,147,58,0,58,30.5,16.96,45.54,22.32,2.68,5.36,1.79,1.79,3.57
9000008669,2026-01-30 11:00,0.770278,4,3,6,13,96,109,113,60,173,92,0,92,42.0,17.29,40.6,20.3,5.26,5.26,1.5,3.76,6.02
9000008669,2026-01-30 12:00,0.769444,7,12,19,16,74,90,193,56,249,83,0,83,40.5,16.23,34.55,30.37,4.19,3.14,3.66,3.66,4.71
9000008669,2026-01-30 13:00,0.759444,8,3,11,12,117,129,160,81,241,102,0,102,32.5,23.5,37.7,21.86,5.46,2.19,2.19,1.64,5.46
9000008669,2026-01-30 14:00,0.770833,0,1,1,10,162,173,116,66,182,71,0,71,55.0,21.43,33.57,22.14,5.71,1.43,1.43,5.0,9.29
9000008669,2026-01-30 15:00,0.757778,4,0,4,30,128,158,124,82,206,59,0,59,41.0,22.44,35.26,21.15,5.13,7.05,1.92,1.92,5.13
9000008669,2026-01-30 16:00,0.628056,1,6,7,14,82,96,114,62,176,51,0,51,53.5,17.27,32.73,13.64,11.82,3.64,8.18,3.64,8.18
9000008669,2026-01-31 08:00,0.441111,8,13,22,14,13,27,17,18,35,10,0,10,57.5,20.0,26.67,33.33,0.0,0.0,13.33,6.67,6.67
9000008669,2026-01-31 09:00,0.785,10,18,28,4,5,9,41,50,90,15,9,24,33.5,12.68,50.7,19.72,2.82,2.82,4.23,2.82,4.23
9000008669,2026-01-31 10:00,0.78,9,20,29,10,30,40,74,67,142,10,14,25,62.0,11.71,44.14,13.51,4.5,6.31,1.8,11.71,6.31
9000008669,2026-01-31 11:00,0.785556,15,15,30,10,29,39,93,75,168,24,22,46,48.0,12.12,42.42,17.42,9.09,5.3,3.79,6.06,3.79
9000008669,2026-01-31 12:00,0.774722,28,25,53,32,43,75,126,79,205,28,21,49,53.5,11.32,44.03,20.13,3.14,3.77,5.03,3.77,8.81
9000008669,2026-01-31 13:00,0.780833,21,22,42,13,55,68,152,90,242,41,23,64,35.5,7.94,56.08,19.05,4.23,4.76,3.7,1.59,2.65
9000008669,2026-01-31 14:00,0.775833,19,17,36,19,44,63,199,73,272,79,51,130,26.0,14.69,54.5,19.43,3.32,1.9,2.37,1.42,2.37
9000008669,2026-01-31 15:00,0.781667,22,14,36,26,47,73,248,74,323,49,35,83,39.0,8.33,50.0,23.02,3.97,4.76,1.98,5.16,2.78
9000008669,2026-01-31 16:00,0.650556,25,24,49,28,39,67,179,87,266,46,25,72,42.5,11.56,46.24,19.08,6.36,6.36,2.89,2.89,6.36
9000008669,2026-02-01 09:00,0.305,15,12,27,3,7,10,14,15,29,5,0,5,46.5,0.0,88.89,0.0,0.0,11.11,11.11,0.0,0.0
9000008669,2026-02-01 10:00,0.792778,11,20,32,1,2,4,27,24,51,5,11,16,45.0,7.5,52.5,22.5,0.0,5.0,10.0,0.0,2.5
9000008669,2026-02-01 11:00,0.776111,17,19,36,9,17,26,48,33,81,3,8,10,42.5,6.35,46.03,26.98,4.76,3.17,3.17,3.17,6.35
9000008669,2026-02-01 12:00,0.796944,14,16,30,6,14,20,59,33,91,9,13,21,58.5,16.44,46.58,10.96,2.74,0.0,10.96,4.11,8.22
9000008669,2026-02-01 13:00,0.778611,19,15,35,12,35,46,72,45,117,13,10,23,50.5,7.69,53.85,15.38,4.4,3.3,7.69,1.1,6.59
9000008669,2026-02-01 14:00,0.784444,13,24,37,10,26,36,89,55,144,14,10,24,26.5,4.42,59.29,23.01,1.77,3.54,3.54,1.77,2.65
9000008669,2026-02-01 15:00,0.773056,19,25,44,14,22,36,70,39,109,12,4,16,38.5,2.38,53.57,22.62,7.14,2.38,3.57,1.19,7.14
9000008669,2026-02-01 16:00,0.5225,20,19,39,14,36,50,88,47,135,16,19,35,27.5,12.68,53.52,22.54,2.82,0.0,1.41,1.41,4.23
9000008669,2026-02-02 08:00,0.501944,5,23,28,11,36,47,197,66,263,58,22,80,26.5,4.55,47.73,39.39,2.27,0.76,1.52,0.0,4.55
9000008669,2026-02-02 09:00,0.783611,6,5,11,14,52,66,200,50,250,51,6,58,29.5,18.37,36.22,32.65,2.04,1.53,2.55,2.55,4.59
9000008669,2026-02-02 10:00,0.770556,18,25,43,9,70,79,182,42,223,29,9,38,51.0,5.81,43.6,32.56,2.33,0.58,2.91,5.81,6.4
9000008669,2026-02-02 11:00,0.777222,12,12,23,10,91,101,203,27,230,35,17,52,32.5,8.38,37.99,37.43,3.91,2.79,1.12,0.56,7.82
9000008669,2026-02-02 12:00,0.786667,1,6,7,22,98,120,181,33,214,31,14,45,29.5,17.86,34.52,33.33,4.17,2.38,1.19,2.38,4.17
9000008669,2026-02-02 13:00,0.786389,1,0,1,38,130,168,191,50,240,30,20,51,34.0,14.29,39.68,27.51,4.23,1.59,2.65,3.7,6.35
9000008669,2026-02-02 14:00,0.772222,1,3,4,11,99,111,213,40,253,41,55,96,29.5,13.33,48.21,24.1,2.05,2.05,0.51,2.56,7.18
9000008669,2026-02-02 15:00,0.781944,3,4,6,13,54,67,233,56,289,62,61,123,32.0,10.18,44.25,28.76,6.64,1.33,0.44,2.21,6.19
9000008669,2026-02-02 16:00,0.518333,14,21,34,22,93,115,228,93,321,70,49,119,26.5,11.45,57.83,16.87,3.61,1.81,3.61,1.2,3.61
9000008669,2026-02-03 08:00,0.229722,16,13,29,0,37,37,142,52,194,8,16,24,24.5,8.89,42.22,40.0,2.22,0.0,0.0,2.22,4.44
9000008669,2026-02-03 09:00,0.782222,13,15,28,18,28,46,119,67,186,29,16,46,33.5,13.01,50.0,20.55,2.05,1.37,4.79,2.05,6.16
9000008669,2026-02-03 10:00,0.794444,6,3,9,5,39,44,98,47,144,35,16,52,32.0,7.83,46.09,29.57,4.35,3.48,0.87,1.74,6.09
9000008669,2026-02-03 11:00,0.79,1,3,4,6,31,37,100,52,152,28,21,49,26.0,15.0,55.0,18.33,3.33,3.33,0.0,0.83,4.17
9000008669,2026-02-03 12:00,0.789167,13,4,16,13,39,52,125,58,183,25,36,61,45.5,21.53,45.83,15.28,1.39,2.78,6.94,4.86,2.08
9000008669,2026-02-03 13:00,0.780833,13,16,28,19,46,66,109,60,169,37,31,68,35.5,20.45,46.97,17.42,2.27,4.55,2.27,2.27,3.79
9000008669,2026-02-03 14:00,0.7825,11,20,32,17,48,65,151,105,255,22,32,54,52.5,12.0,48.5,17.5,2.5,4.0,3.0,2.0,10.5
9000008669,2026-02-03 15:00,0.772778,10,13,23,30,84,114,143,62,205,36,26,62,29.0,13.29,52.53,20.25,3.16,1.9,2.53,1.27,5.06
9000008669,2026-02-03 16:00,0.755,27,21,48,23,98,121,137,43,180,27,13,41,29.0,8.82,56.62,20.59,1.47,3.68,0.74,2.21,6.62
9000008669,2026-02-04 08:00,0.133333,8,8,15,38,52,90,105,82,188,15,8,22,53.5,8.0,52.0,16.0,0.0,0.0,20.0,4.0,0.0
9000008669,2026-02-04 09:00,0.783056,1,1,3,6,32,38,91,77,167,36,28,64,48.5,15.27,41.98,19.85,4.58,3.82,6.11,5.34,3.05
9000008669,2026-02-04 10:00,0.773889,3,5,8,8,23,31,94,69,163,26,17,43,39.0,21.43,43.65,15.08,5.56,3.17,3.97,4.76,2.38
9000008669,2026-02-04 11:00,0.775833,6,4,10,9,21,30,88,70,157,31,27,58,31.0,13.93,54.92,15.57,2.46,4.92,2.46,0.82,4.92
9000008669,2026-02-04 12:00,0.781944,10,18,28,19,27,46,137,86,222,37,33,70,56.5,16.67,38.51,18.39,5.17,2.87,4.6,5.75,8.05
9000008669,2026-02-04 13:00,0.778611,6,1,8,14,42,56,141,75,216,20,32,52,49.0,10.12,49.4,17.26,2.98,5.95,4.17,5.36,4.76
9000008669,2026-02-04 14:00,0.776667,4,4,8,14,27,41,143,89,232,30,45,75,30.0,17.22,48.33,19.44,3.89,3.89,3.33,1.67,2.22
9000008669,2026-02-04 15:00,0.773611,6,4,10,8,30,37,118,98,216,36,39,75,37.5,18.56,46.71,14.97,7.19,4.19,4.19,1.2,2.99
9000008669,2026-02-04 16:00,0.782778,19,8,26,27,32,59,166,112,278,37,18,55,45.5,16.13,46.54,18.43,2.3,3.69,4.15,4.15,4.61
