segment_id,date_local,uptime,ped_lft,ped_rgt,ped_total,bike_lft,bike_rgt,bike_total,car_lft,car_rgt,car_total,heavy_lft,heavy_rgt,heavy_total,v85,car_speed0,car_speed10,car_speed20,car_speed30,car_speed40,car_speed50,car_speed60,car_speed70
9000008121,2025-02-12 10:00,0.231389,4,0,4,13,4,17,298,186,484,35,17,52,35.0,4.46,17.86,46.43,25.0,5.36,0.89,0.0,0.0
9000008121,2025-02-12 11:00,0.843333,3,2,5,4,6,10,336,209,545,32,37,69,42.5,1.96,8.28,47.06,25.05,9.59,4.79,1.74,1.96
9000008121,2025-02-12 12:00,0.999444,12,16,28,2,12,14,258,227,485,25,44,69,46.5,2.27,9.28,37.73,26.39,12.99,6.19,2.27,2.89
9000008121,2025-02-12 13:00,0.793056,26,37,63,2,11,13,534,235,769,58,28,86,51.5,2.62,10.98,34.43,25.9,9.67,9.02,3.77,3.77
9000008121,2025-02-12 14:00,1.0,21,45,66,3,22,25,657,273,930,75,36,111,47.5,3.66,16.67,36.34,19.68,10.22,6.88,3.98,2.58
9000008121,2025-02-12 15:00,0.999722,33,39,72,3,17,20,689,305,994,46,26,72,46.0,2.01,16.9,40.14,17.4,12.27,6.24,2.92,2.11
9000008121,2025-02-12 16:00,0.886944,26,34,60,5,23,27,522,291,812,17,13,30,43.5,1.94,20.53,38.7,19.28,10.68,3.88,2.5,2.64
9000008121,2025-02-12 17:00,0.485556,8,0,8,0,3,3,143,74,217,8,2,10,49.5,1.9,19.05,57.14,5.71,1.9,11.43,0.0,3.81
9000008121,2025-02-12 18:00,0.2425,0,0,0,0,2,2,7,9,16,0,0,0,63.0,0.0,0.0,25.0,0.0,0.0,0.0,0.0,0.0
9000008121,2025-02-12 19:00,0.441111,0,0,0,0,0,0,2,0,2,0,1,1,24.0,0.0,0.0,100.0,0.0,0.0,0.0,0.0,0.0
9000008121,2025-02-12 20:00,0.214167,0,0,0,0,0,0,7,8,15,0,0,0,55.0,0.0,66.67,0.0,0.0,0.0,0.0,0.0,0.0
9000008121,2025-02-12 21:00,0.441389,0,0,0,0,2,2,0,2,2,0,0,0,9.0,100.0,0.0,0.0,0.0,0.0,0.0,0.0,0.0
9000008121,2025-02-12 22:00,0.761944,0,0,0,0,0,0,18,6,24,0,3,3,47.0,0.0,11.11,38.89,27.78,22.22,5.56,0.0,0.0
9000008121,2025-02-12 23:00,0.500833,0,0,0,1,35,36,23,5,28,1,0,1,47.5,7.14,0.0,28.57,35.71,21.43,0.0,7.14,7.14
9000008121,2025-02-13 00:00,0.845556,1,0,1,1,0,1,14,12,26,2,1,3,38.5,13.64,18.18,36.36,18.18,9.09,4.55,0.0,0.0
9000008121,2025-02-13 01:00,0.647778,0,0,0,0,0,0,2,1,3,0,0,0,28.0,0.0,50.0,100.0,0.0,0.0,0.0,0.0,0.0
9000008121,2025-02-13 02:00,0.497778,0,0,0,0,0,0,3,2,5,0,3,3,28.5,0.0,0.0,50.0,0.0,0.0,0.0,0.0,0.0
9000008121,2025-02-13 03:00,0.201944,0,0,0,0,0,0,0,3,3,0,3,3,4.0,100.0,0.0,0.0,0.0,0.0,0.0,0.0,0.0
9000008121,2025-02-13 04:00,0.418056,0,0,0,0,0,0,0,0,0,0,0,0,,0.0,0.0,0.0,0.0,0.0,0.0,0.0,0.0
9000008121,2025-02-13 05:00,0.3975,0,0,0,0,0,0,0,0,0,0,0,0,,0.0,0.0,0.0,0.0,0.0,0.0,0.0,0.0
9000008121,2025-02-13 06:00,0.22,0,0,0,0,0,0,3,0,3,0,0,0,28.5,0.0,0.0,0.0,0.0,0.0,0.0,0.0,0.0
9000008121,2025-02-13 07:00,0.402778,2,0,2,0,0,0,200,249,450,37,38,76,34.5,20.44,16.57,32.04,21.55,6.08,1.66,0.0,1.66
9000008121,2025-02-13 08:00,0.863333,4,1,5,0,0,0,340,302,641,36,58,94,38.5,14.62,7.58,39.35,25.45,8.12,2.35,1.26,1.44
9000008121,2025-02-13 09:00,0.763333,1,1,2,0,0,0,229,213,441,95,75,171,44.5,14.54,5.04,27.6,29.67,13.06,6.53,1.48,2.67
9000008121,2025-02-13 10:00,0.882778,5,4,9,0,0,0,240,201,441,20,40,60,43.5,17.69,12.31,25.13,23.33,14.62,5.64,0.51,1.03
9000008121,2025-02-13 11:00,0.999444,3,5,8,0,0,0,272,240,512,26,48,74,48.0,16.8,6.05,31.84,20.31,12.7,6.25,4.49,1.56
9000008121,2025-02-13 12:00,0.846667,5,13,18,0,1,1,253,250,503,26,52,77,44.5,18.31,5.16,31.22,23.71,10.56,6.34,2.82,2.11
9000008121,2025-02-13 13:00,0.999722,9,11,20,0,0,0,306,320,626,34,48,82,44.5,25.88,6.07,25.72,21.57,9.42,6.55,3.19,1.6
9000008121,2025-02-13 14:00,0.999444,9,10,19,0,1,1,337,290,627,18,44,62,47.5,20.73,5.58,29.51,21.05,10.69,6.86,2.87,2.71
9000008121,2025-02-13 15:00,0.976389,3,20,23,0,1,1,563,426,989,40,38,77,44.5,19.05,5.9,33.85,21.12,9.73,4.87,2.48,3.21
9000008121,2025-02-13 16:00,0.859444,2,10,12,1,1,2,571,393,964,34,19,53,39.0,16.43,9.9,38.53,21.74,6.88,2.78,1.33,2.17
9000008121,2025-02-13 17:00,0.221111,0,0,0,0,0,0,137,150,287,2,0,2,35.0,53.97,3.17,22.22,6.35,0.0,14.29,0.0,0.0
9000008121,2025-02-13 18:00,0.455278,0,0,0,0,0,0,10,10,20,2,0,2,58.5,22.22,22.22,0.0,11.11,22.22,33.33,0.0,11.11
9000008121,2025-02-13 19:00,0.264167,0,0,0,0,0,0,36,0,36,4,32,36,29.0,0.0,0.0,100.0,0.0,0.0,0.0,0.0,0.0
9000008121,2025-02-13 20:00,0.785,0,0,0,1,0,1,2,12,14,0,0,0,15.0,36.36,45.45,0.0,9.09,9.09,0.0,0.0,0.0
9000008121,2025-02-13 21:00,0.425833,0,0,0,0,0,0,10,5,15,0,0,0,45.5,16.67,16.67,33.33,16.67,16.67,0.0,0.0,0.0
9000008121,2025-02-13 22:00,0.434167,0,0,0,0,0,0,1,2,3,0,2,2,33.0,0.0,0.0,100.0,0.0,0.0,0.0,0.0,0.0
9000008121,2025-02-13 23:00,0.591111,0,0,0,0,0,0,9,5,14,0,1,1,33.5,25.0,25.0,25.0,37.5,0.0,0.0,0.0,0.0
9000008121,2025-02-14 00:00,0.514722,0,0,0,0,0,0,5,5,11,0,1,1,32.0,0.0,50.0,50.0,33.33,0.0,0.0,0.0,0.0
9000008121,2025-02-14 01:00,0.571389,0,0,0,0,0,0,3,3,6,0,0,0,31.0,0.0,33.33,66.67,33.33,0.0,0.0,0.0,0.0
9000008121,2025-02-14 02:00,0.670833,0,0,0,0,0,0,0,3,3,0,1,1,19.0,0.0,100.0,0.0,0.0,0.0,0.0,0.0,0.0
9000008121,2025-02-14 03:00,0.793056,0,0,0,0,0,0,0,0,0,0,0,0,,0.0,0.0,0.0,0.0,0.0,0.0,0.0,0.0
9000008121,2025-02-14 04:00,0.545833,0,0,0,0,0,0,10,3,13,0,0,0,24.0,0.0,0.0,100.0,0.0,0.0,0.0,0.0,0.0
9000008121,2025-02-14 05:00,0.183333,0,0,0,0,0,0,4,0,4,0,0,0,14.0,0.0,100.0,0.0,0.0,0.0,0.0,0.0,0.0
9000008121,2025-02-14 06:00,0.644167,0,0,0,0,0,0,7,4,11,0,0,0,28.5,0.0,42.86,57.14,0.0,0.0,0.0,0.0,0.0
9000008121,2025-02-14 07:00,0.687222,0,0,0,1,0,1,229,294,523,46,48,93,37.0,24.79,9.75,32.59,22.56,7.52,1.39,0.56,0.84
9000008121,2025-02-14 08:00,0.999444,0,2,2,0,1,1,333,314,647,71,66,137,42.5,24.27,6.65,26.74,23.65,12.52,3.71,0.77,1.7
9000008121,2025-02-14 09:00,0.999444,3,2,5,1,2,3,318,267,585,78,75,153,44.0,24.79,5.13,21.03,27.69,13.68,3.59,2.74,1.37
9000008121,2025-02-14 10:00,0.998889,4,1,5,0,4,4,264,279,543,58,51,109,45.0,22.69,8.67,18.45,28.04,11.62,6.64,2.03,2.03
9000008121,2025-02-14 11:00,0.999444,1,2,3,3,0,3,257,339,596,36,45,81,43.5,29.87,11.58,19.8,20.3,11.07,3.52,2.52,1.34
9000008121,2025-02-14 12:00,0.999722,4,2,6,1,3,4,329,341,670,31,55,86,47.0,22.39,8.66,17.76,28.81,10.9,5.97,3.58,1.94
9000008121,2025-02-14 13:00,0.999722,0,0,0,1,2,3,319,358,677,39,44,83,47.0,23.63,8.86,20.83,22.6,12.56,6.35,2.81,2.36
9000008121,2025-02-14 14:00,0.999444,7,3,10,2,5,7,469,453,922,25,40,65,49.0,23.13,9.77,21.72,21.06,10.42,7.06,3.91,3.04
9000008121,2025-02-14 15:00,0.999722,11,18,29,0,1,1,529,324,853,27,31,58,48.5,12.9,7.85,30.13,24.74,10.79,6.92,3.28,3.4
9000008121,2025-02-14 16:00,0.999444,6,9,15,0,3,3,411,290,701,39,20,59,45.5,12.7,7.56,31.67,26.96,10.41,5.14,3.0,2.57
9000008121,2025-02-14 17:00,0.47,0,0,0,0,0,0,96,236,332,1,12,13,31.0,11.54,19.23,53.21,16.03,0.0,0.0,0.0,0.0
9000008121,2025-02-14 18:00,0.198889,0,0,0,0,0,0,12,5,17,0,0,0,29.0,0.0,33.33,66.67,0.0,0.0,0.0,0.0,0.0
9000008121,2025-02-14 19:00,0.675833,0,0,0,0,0,0,45,45,90,0,0,0,63.5,50.82,1.64,0.0,1.64,0.0,0.0,47.54,0.0
9000008121,2025-02-14 20:00,0.869722,0,0,0,0,0,0,3,1,5,0,0,0,31.5,25.0,0.0,50.0,25.0,0.0,0.0,0.0,0.0
9000008121,2025-02-14 21:00,0.362222,0,0,0,0,0,0,0,3,3,0,0,0,29.0,0.0,0.0,100.0,0.0,0.0,0.0,0.0,0.0
9000008121,2025-02-14 22:00,0.358889,0,0,0,0,0,0,0,0,0,0,0,0,,0.0,0.0,0.0,0.0,0.0,0.0,0.0,0.0
9000008121,2025-02-14 23:00,0.472778,0,0,0,0,0,0,0,10,10,0,0,0,57.0,40.0,0.0,20.0,0.0,0.0,20.0,0.0,0.0
9000008121,2025-02-15 00:00,0.258889,0,0,0,0,3,3,0,3,3,0,0,0,54.0,0.0,0.0,0.0,0.0,0.0,100.0,0.0,0.0
9000008121,2025-02-15 01:00,0.470556,0,0,0,0,0,0,0,0,0,0,0,0,,0.0,0.0,0.0,0.0,0.0,0.0,0.0,0.0
9000008121,2025-02-15 02:00,0.536389,0,0,0,0,0,0,0,0,0,0,0,0,,0.0,0.0,0.0,0.0,0.0,0.0,0.0,0.0
9000008121,2025-02-15 03:00,0.891111,0,0,0,0,0,0,0,0,0,0,0,0,,0.0,0.0,0.0,0.0,0.0,0.0,0.0,0.0
9000008121,2025-02-15 04:00,0.5525,0,0,0,0,0,0,0,0,0,0,0,0,,0.0,0.0,0.0,0.0,0.0,0.0,0.0,0.0
9000008121,2025-02-15 05:00,0.166667,0,0,0,0,0,0,0,0,0,0,0,0,,0.0,0.0,0.0,0.0,0.0,0.0,0.0,0.0
9000008121,2025-02-15 06:00,0.598889,0,0,0,0,0,0,0,0,0,0,0,0,,0.0,0.0,0.0,0.0,0.0,0.0,0.0,0.0
9000008121,2025-02-15 07:00,0.849722,0,0,0,2,0,2,40,28,68,10,3,12,42.5,15.52,6.9,29.31,31.03,12.07,1.72,1.72,1.72
9000008121,2025-02-15 08:00,0.623333,0,0,0,0,0,0,105,97,202,31,11,42,40.5,4.76,1.59,50.0,27.78,7.14,1.59,3.17,3.17
9000008121,2025-02-15 09:00,0.814167,1,4,5,2,0,2,190,153,343,15,15,30,53.0,24.37,3.58,22.22,22.22,10.04,10.39,5.38,2.51
9000008121,2025-02-15 10:00,0.963889,10,4,15,0,0,0,257,268,525,24,33,57,46.0,21.34,5.73,25.1,24.9,11.86,6.72,2.37,1.98
9000008121,2025-02-15 11:00,0.998889,7,6,13,0,1,1,281,290,571,18,44,62,48.0,18.6,9.12,26.14,22.98,10.7,6.84,3.16,2.63
9000008121,2025-02-15 12:00,1.0,6,6,12,0,1,1,232,206,438,14,29,43,46.0,16.89,11.19,25.8,21.92,12.33,5.94,4.11,1.83
9000008121,2025-02-15 13:00,0.999444,7,11,18,0,1,1,304,243,547,15,31,46,45.0,14.81,13.35,19.56,28.34,15.36,5.85,1.83,0.91
9000008121,2025-02-15 14:00,0.929167,9,9,19,1,0,1,306,296,602,19,24,43,45.0,16.99,18.6,21.29,22.18,12.34,4.65,2.33,1.61
9000008121,2025-02-15 15:00,0.999444,15,3,18,1,3,4,265,244,509,23,19,42,45.0,14.73,7.07,32.42,24.17,12.57,4.91,1.38,2.75
9000008121,2025-02-15 16:00,0.9675,10,14,25,0,2,2,228,214,442,22,12,34,42.5,15.65,15.42,31.07,21.03,8.18,3.74,3.04,1.64
9000008121,2025-02-15 17:00,0.598889,1,3,4,0,0,0,94,114,208,3,3,6,35.0,36.8,12.8,29.6,10.4,4.8,2.4,1.6,2.4
9000008121,2025-02-15 18:00,0.445278,0,0,0,0,3,3,5,8,13,0,0,0,58.0,16.67,0.0,33.33,0.0,0.0,33.33,0.0,0.0
9000008121,2025-02-15 19:00,0.215556,0,0,0,0,0,0,0,0,0,0,0,0,,0.0,0.0,0.0,0.0,0.0,0.0,0.0,0.0
9000008121,2025-02-15 20:00,0.15,0,0,0,0,0,0,0,0,0,0,0,0,,0.0,0.0,0.0,0.0,0.0,0.0,0.0,0.0
9000008121,2025-02-15 21:00,0.125833,0,0,0,0,0,0,0,0,0,0,0,0,,0.0,0.0,0.0,0.0,0.0,0.0,0.0,0.0
9000008121,2025-02-15 22:00,0.257778,0,0,0,5,0,5,13,22,35,0,0,0,60.0,0.0,11.11,44.44,0.0,11.11,11.11,11.11,0.0
9000008121,2025-02-15 23:00,0.310833,0,0,0,0,4,4,53,7,60,0,0,0,83.0,5.26,0.0,0.0,0.0,0.0,5.26,42.11,42.11
9000008121,2025-02-16 00:00,0.124722,0,0,0,0,0,0,0,64,64,0,0,0,24.0,0.0,37.5,62.5,0.0,0.0,0.0,0.0,0.0
9000008121,2025-02-16 01:00,0.194722,0,0,0,0,0,0,0,0,0,0,0,0,,0.0,0.0,0.0,0.0,0.0,0.0,0.0,0.0
9000008121,2025-02-16 02:00,0.688611,0,0,0,0,0,0,0,0,0,0,0,0,,0.0,0.0,0.0,0.0,0.0,0.0,0.0,0.0
9000008121,2025-02-16 03:00,0.159722,0,0,0,0,0,0,0,3,3,0,0,0,24.0,0.0,0.0,0.0,0.0,0.0,0.0,0.0,0.0
9000008121,2025-02-16 04:00,0.308333,0,0,0,0,0,0,0,0,0,0,0,0,,0.0,0.0,0.0,0.0,0.0,0.0,0.0,0.0
9000008121,2025-02-16 05:00,0.263611,0,0,0,0,0,0,0,0,0,0,0,0,,0.0,0.0,0.0,0.0,0.0,0.0,0.0,0.0
9000008121,2025-02-16 06:00,0.268333,0,0,0,0,0,0,2,10,12,0,0,0,44.0,0.0,0.0,0.0,0.0,100.0,0.0,0.0,0.0
9000008121,2025-02-16 07:00,0.8325,0,0,0,0,0,0,17,27,45,2,3,5,43.0,27.03,18.92,24.32,16.22,8.11,2.7,2.7,5.41
9000008121,2025-02-16 08:00,0.7925,1,1,2,1,0,1,65,39,104,2,6,8,46.5,15.85,4.88,35.37,23.17,9.76,3.66,2.44,7.32
9000008121,2025-02-16 09:00,0.999722,3,2,5,0,0,0,116,81,197,4,8,12,51.5,19.8,8.12,22.84,21.83,10.66,9.14,5.08,2.54
9000008121,2025-02-16 10:00,0.774444,1,13,14,0,0,0,130,61,191,5,6,11,57.5,6.08,9.46,22.3,20.95,20.27,8.11,10.81,2.7
9000008121,2025-02-16 11:00,0.840556,9,8,17,0,0,0,183,141,324,7,11,18,48.0,13.97,9.19,28.31,19.49,15.81,6.25,3.68,2.94
9000008121,2025-02-16 12:00,0.941111,16,11,27,0,0,0,184,137,321,2,6,8,55.0,12.25,9.6,24.83,20.86,11.92,9.27,5.63,5.3
9000008121,2025-02-16 13:00,0.58,2,17,19,0,0,0,171,145,316,4,7,11,52.0,14.75,12.57,22.4,19.13,12.57,11.48,3.28,4.37
9000008121,2025-02-16 14:00,0.774722,10,16,26,11,2,13,200,180,380,4,5,9,50.5,25.85,3.74,20.75,23.81,10.2,7.82,4.76,2.72
9000008121,2025-02-16 15:00,0.533611,9,15,24,0,0,0,202,130,333,0,7,7,56.5,11.8,15.73,32.58,15.17,5.06,8.99,6.74,3.93
9000008121,2025-02-16 16:00,0.879167,11,16,27,0,2,2,177,139,317,5,9,14,54.5,12.95,9.35,24.82,20.14,13.31,9.71,5.76,3.6
9000008121,2025-02-16 17:00,0.8275,1,1,2,0,1,1,105,116,221,5,2,7,42.5,18.03,10.93,33.33,17.49,14.21,3.83,2.19,0.0
9000008121,2025-02-16 18:00,0.800278,0,0,0,0,0,0,0,2,2,0,1,1,28.5,0.0,50.0,50.0,0.0,0.0,0.0,0.0,0.0
9000008121,2025-02-16 19:00,0.444167,0,0,0,0,0,0,24,17,41,0,0,0,98.0,0.0,38.89,0.0,0.0,0.0,0.0,16.67,38.89
9000008121,2025-02-16 20:00,0.261667,0,0,0,0,4,4,0,0,0,0,0,0,,0.0,0.0,0.0,0.0,0.0,0.0,0.0,0.0
9000008121,2025-02-16 21:00,0.218611,0,0,0,0,0,0,24,0,24,0,0,0,59.0,0.0,0.0,0.0,20.0,0.0,80.0,0.0,0.0
9000008121,2025-02-16 22:00,0.131111,0,0,0,0,0,0,0,6,6,0,0,0,24.0,0.0,0.0,100.0,0.0,0.0,0.0,0.0,0.0
9000008121,2025-02-16 23:00,0.212222,0,0,0,0,0,0,0,12,12,0,0,0,19.0,0.0,100.0,0.0,0.0,0.0,0.0,0.0,0.0
9000008121,2025-02-17 00:00,0.128333,0,0,0,0,0,0,0,0,0,0,0,0,,0.0,0.0,0.0,0.0,0.0,0.0,0.0,0.0
9000008121,2025-02-17 01:00,0.087222,0,0,0,0,0,0,0,0,0,0,0,0,,0.0,0.0,0.0,0.0,0.0,0.0,0.0,0.0
9000008121,2025-02-17 02:00,0.081667,0,0,0,0,0,0,0,0,0,0,0,0,,0.0,0.0,0.0,0.0,0.0,0.0,0.0,0.0
9000008121,2025-02-17 03:00,0.11,0,0,0,0,0,0,0,0,0,0,38,38,,0.0,0.0,0.0,0.0,0.0,0.0,0.0,0.0
9000008121,2025-02-17 04:00,0.078611,0,0,0,0,0,0,0,0,0,0,0,0,,0.0,0.0,0.0,0.0,0.0,0.0,0.0,0.0
9000008121,2025-02-17 05:00,0.027222,0,0,0,0,0,0,0,0,0,0,0,0,,0.0,0.0,0.0,0.0,0.0,0.0,0.0,0.0
9000008121,2025-02-17 06:00,0.071944,0,0,0,0,0,0,7,21,28,0,14,14,42.0,0.0,0.0,0.0,0.0,0.0,0.0,0.0,0.0
9000008121,2025-02-17 07:00,0.105556,0,4,4,0,0,0,233,185,418,21,32,53,42.5,18.18,2.27,38.64,22.73,9.09,4.55,0.0,2.27
9000008121,2025-02-17 08:00,0.1175,22,0,22,0,0,0,491,182,673,12,34,46,48.0,2.53,17.72,17.72,29.11,27.85,2.53,0.0,0.0
9000008121,2025-02-17 09:00,0.866667,23,6,29,1,1,2,211,130,341,21,30,51,45.5,7.8,8.47,33.22,27.8,11.19,6.1,2.03,3.05
9000008121,2025-02-17 10:00,0.999722,8,6,14,0,3,3,337,190,527,21,60,81,46.5,5.88,12.33,25.05,28.27,17.84,6.45,3.98,0.19
9000008121,2025-02-17 11:00,0.939722,12,11,22,0,6,6,278,208,486,18,62,80,49.0,10.07,17.29,23.19,22.54,12.69,9.41,2.84,1.75
9000008121,2025-02-17 12:00,0.999444,10,10,20,2,3,5,287,233,520,29,39,68,49.5,9.04,10.19,33.85,19.62,13.08,7.69,3.27,3.27
9000008121,2025-02-17 13:00,0.999167,9,3,12,1,2,3,304,256,560,23,24,47,52.5,8.75,7.32,33.93,18.75,13.39,10.0,3.93,3.93
9000008121,2025-02-17 14:00,0.999444,8,13,21,1,7,8,378,276,654,21,48,69,51.5,15.75,5.81,29.36,21.1,11.77,8.56,3.82,3.82
9000008121,2025-02-17 15:00,0.999167,11,18,29,4,5,9,478,341,819,51,40,91,46.0,14.18,6.48,32.89,23.59,11.61,6.72,2.44,2.2
9000008121,2025-02-17 16:00,0.999167,2,16,18,0,3,3,620,298,918,42,23,65,49.0,8.51,6.43,34.02,24.97,12.32,7.31,3.38,3.16
9000008121,2025-02-17 17:00,0.736667,2,2,4,0,1,1,169,144,313,7,10,17,42.5,11.69,8.23,37.23,25.11,9.52,3.03,2.16,3.03
9000008121,2025-02-17 18:00,0.216389,0,0,0,0,0,0,43,42,85,0,0,0,101.0,16.67,0.0,11.11,16.67,16.67,0.0,5.56,22.22
9000008121,2025-02-17 19:00,0.348611,0,0,0,0,0,0,6,1,7,0,0,0,36.0,0.0,33.33,66.67,33.33,0.0,0.0,0.0,0.0
9000008121,2025-02-17 20:00,0.078056,0,0,0,0,22,22,10,45,55,0,0,0,35.5,0.0,50.0,50.0,25.0,0.0,0.0,0.0,0.0
9000008121,2025-02-17 21:00,0.217778,0,0,0,0,0,0,0,0,0,0,0,0,,0.0,0.0,0.0,0.0,0.0,0.0,0.0,0.0
9000008121,2025-02-17 22:00,0.159167,0,0,0,0,0,0,0,0,0,0,0,0,,0.0,0.0,0.0,0.0,0.0,0.0,0.0,0.0
9000008121,2025-02-17 23:00,0.045833,0,0,0,0,0,0,0,0,0,0,0,0,,0.0,0.0,0.0,0.0,0.0,0.0,0.0,0.0
9000008121,2025-02-18 00:00,0.152222,0,0,0,0,0,0,0,0,0,0,0,0,,0.0,0.0,0.0,0.0,0.0,0.0,0.0,0.0
9000008121,2025-02-18 01:00,0.104167,0,0,0,0,0,0,0,0,0,0,0,0,,0.0,0.0,0.0,0.0,0.0,0.0,0.0,0.0
9000008121,2025-02-18 02:00,0.025556,0,0,0,0,0,0,0,0,0,0,0,0,,0.0,0.0,0.0,0.0,0.0,0.0,0.0,0.0
9000008121,2025-02-18 03:00,0.021667,0,0,0,0,0,0,0,0,0,0,0,0,,0.0,0.0,0.0,0.0,0.0,0.0,0.0,0.0
9000008121,2025-02-18 04:00,0.056944,0,0,0,0,0,0,0,0,0,0,0,0,,0.0,0.0,0.0,0.0,0.0,0.0,0.0,0.0
9000008121,2025-02-18 05:00,0.035556,0,0,0,0,0,0,0,171,171,0,0,0,23.0,33.33,33.33,33.33,0.0,0.0,0.0,0.0,0.0
9000008121,2025-02-18 06:00,0.030556,0,0,0,0,0,0,90,14,104,0,0,0,49.0,0.0,0.0,0.0,0.0,100.0,0.0,0.0,0.0
9000008121,2025-02-18 07:00,0.329444,18,10,28,0,3,3,263,306,569,26,51,77,38.5,14.44,10.16,47.59,15.51,4.81,4.28,1.6,2.67
9000008121,2025-02-18 08:00,0.151111,8,8,16,0,0,0,543,226,770,25,55,80,34.5,9.48,6.9,41.38,33.62,6.03,2.59,0.86,0.86
9000008121,2025-02-18 09:00,0.554722,2,6,8,2,0,2,191,166,357,19,57,76,46.0,9.6,5.05,33.84,28.79,11.62,7.07,0.51,3.03
9000008121,2025-02-18 10:00,0.945278,0,3,3,0,0,0,269,135,404,19,61,80,46.0,4.72,6.56,29.92,35.17,12.86,7.61,1.84,1.31
9000008121,2025-02-18 11:00,0.999722,2,4,6,0,9,9,375,204,579,30,69,99,48.0,1.21,4.49,34.54,31.95,15.54,7.77,2.59,1.9
9000008121,2025-02-18 12:00,0.999444,17,18,35,5,10,15,250,274,524,31,46,77,46.5,11.07,9.92,30.73,25.38,11.26,7.82,2.86,0.95
9000008121,2025-02-18 13:00,0.999444,22,16,38,3,8,11,305,299,604,27,41,68,47.5,20.86,9.77,27.65,16.23,12.75,8.28,1.82,2.65
9000008121,2025-02-18 14:00,0.999722,10,22,32,1,9,10,419,343,762,23,56,79,49.5,16.67,7.48,27.69,19.03,14.44,9.32,3.28,2.1
9000008121,2025-02-18 15:00,0.999444,8,13,21,2,13,15,597,327,924,40,57,97,44.5,9.75,6.5,38.79,25.89,9.86,5.53,2.93,0.87
9000008121,2025-02-18 16:00,0.999444,6,7,13,0,9,9,655,356,1011,38,33,71,47.5,14.06,7.13,35.94,20.89,9.41,5.64,4.16,2.87
9000008121,2025-02-18 17:00,0.533333,0,1,1,1,0,1,195,261,456,6,7,13,34.5,23.87,9.88,34.57,22.22,4.94,2.88,1.23,2.06
9000008121,2025-02-18 18:00,0.304722,0,0,0,0,21,21,21,69,89,0,0,0,38.5,0.0,18.52,18.52,55.56,0.0,0.0,3.7,0.0
9000008121,2025-02-18 19:00,0.235,0,0,0,0,0,0,13,14,27,0,0,0,45.5,33.33,16.67,16.67,16.67,16.67,0.0,0.0,0.0
9000008121,2025-02-18 20:00,0.059444,0,0,0,0,0,0,43,0,43,0,0,0,44.0,0.0,0.0,0.0,0.0,100.0,0.0,0.0,0.0
9000008121,2025-02-18 21:00,0.318333,0,0,0,0,0,0,15,0,15,0,0,0,84.0,0.0,0.0,0.0,0.0,0.0,0.0,0.0,100.0
9000008121,2025-02-18 22:00,0.288611,0,0,0,0,0,0,0,23,23,0,0,0,19.0,0.0,100.0,0.0,0.0,0.0,0.0,0.0,0.0
9000008121,2025-02-18 23:00,0.065278,0,0,0,0,0,0,0,8,8,0,0,0,19.0,0.0,100.0,0.0,0.0,0.0,0.0,0.0,0.0
9000008121,2025-02-19 00:00,0.048056,0,0,0,0,0,0,0,12,12,0,0,0,14.0,0.0,100.0,0.0,0.0,0.0,0.0,0.0,0.0
9000008121,2025-02-19 01:00,0.029722,0,0,0,0,0,0,0,0,0,0,0,0,,0.0,0.0,0.0,0.0,0.0,0.0,0.0,0.0
9000008121,2025-02-19 02:00,0.079167,0,0,0,0,0,0,0,0,0,0,0,0,,0.0,0.0,0.0,0.0,0.0,0.0,0.0,0.0
9000008121,2025-02-19 03:00,0.135833,0,0,0,0,0,0,4,0,4,0,0,0,9.0,100.0,0.0,0.0,0.0,0.0,0.0,0.0,0.0
9000008121,2025-02-19 04:00,0.063889,0,0,0,0,0,0,13,0,13,0,0,0,19.0,0.0,100.0,0.0,0.0,0.0,0.0,0.0,0.0
9000008121,2025-02-19 05:00,0.047222,0,0,0,0,0,0,0,0,0,0,0,0,,0.0,0.0,0.0,0.0,0.0,0.0,0.0,0.0
9000008121,2025-02-19 06:00,0.065833,0,0,0,0,0,0,7,0,7,0,0,0,59.0,0.0,0.0,0.0,0.0,0.0,0.0,0.0,0.0
9000008121,2025-02-19 07:00,0.296667,2,20,22,0,3,3,229,363,591,12,55,66,35.0,6.29,25.14,40.57,14.29,6.29,4.0,1.14,1.71
9000008121,2025-02-19 08:00,0.765278,8,9,17,0,4,4,190,169,359,23,25,47,41.5,10.58,14.96,25.91,31.39,9.49,4.01,2.55,1.46
9000008121,2025-02-19 09:00,0.755,26,22,48,0,1,1,227,219,446,30,46,76,44.5,11.61,8.04,33.04,28.27,8.93,6.85,1.79,1.79
9000008121,2025-02-19 10:00,0.999722,0,1,1,2,2,4,203,183,386,18,104,122,48.0,0.78,9.07,36.53,29.79,10.62,8.03,3.63,1.55
9000008121,2025-02-19 11:00,0.999444,3,5,8,0,3,3,266,211,477,17,86,103,48.0,3.98,6.08,36.69,29.77,10.48,6.92,3.77,2.31
9000008121,2025-02-19 12:00,0.999444,5,10,15,2,6,8,292,255,547,20,79,99,46.5,7.31,6.22,34.0,29.43,11.7,6.58,2.74,2.01
9000008121,2025-02-19 13:00,0.999722,11,17,28,3,10,13,340,230,570,28,56,84,48.0,7.37,8.25,34.21,24.56,13.16,7.54,3.86,1.05
9000008121,2025-02-19 14:00,0.999722,4,15,19,2,6,8,379,288,667,34,38,72,49.5,12.89,9.9,24.59,22.64,15.44,9.75,3.15,1.65
9000008121,2025-02-19 15:00,0.999167,7,22,29,1,11,12,693,302,995,50,57,107,50.0,5.33,8.25,33.0,24.85,13.78,9.26,3.42,2.21
9000008121,2025-02-19 16:00,0.999444,2,13,15,4,4,8,615,302,917,44,26,70,49.5,6.22,7.75,37.45,22.49,11.9,6.99,3.38,3.93
9000008121,2025-02-19 17:00,0.765,7,5,12,2,3,5,252,178,430,11,13,24,37.5,4.86,14.59,41.03,30.09,5.78,2.43,1.22,0.61
9000008121,2025-02-19 18:00,0.545,0,0,0,1,4,5,18,12,29,0,1,1,47.5,6.25,31.25,12.5,18.75,25.0,12.5,0.0,0.0
9000008121,2025-02-19 19:00,0.507778,0,0,0,0,1,1,19,7,25,0,9,9,37.0,7.69,7.69,38.46,38.46,0.0,0.0,15.38,0.0
9000008121,2025-02-19 20:00,0.161667,0,0,0,0,0,0,73,51,124,0,0,0,52.5,5.0,0.0,40.0,40.0,0.0,10.0,5.0,5.0
9000008121,2025-02-19 21:00,0.255278,0,0,0,0,0,0,0,4,4,0,0,0,14.0,0.0,100.0,0.0,0.0,0.0,0.0,0.0,0.0
9000008121,2025-02-19 22:00,0.260556,0,0,0,0,0,0,0,0,0,0,0,0,,0.0,0.0,0.0,0.0,0.0,0.0,0.0,0.0
9000008121,2025-02-19 23:00,0.199167,0,0,0,0,0,0,0,2,2,0,0,0,19.0,0.0,0.0,0.0,0.0,0.0,0.0,0.0,0.0
9000008121,2025-02-20 00:00,0.306111,0,0,0,0,0,0,0,0,0,0,0,0,,0.0,0.0,0.0,0.0,0.0,0.0,0.0,0.0
9000008121,2025-02-20 01:00,0.321111,0,0,0,0,0,0,0,0,0,0,0,0,,0.0,0.0,0.0,0.0,0.0,0.0,0.0,0.0
9000008121,2025-02-20 02:00,0.218056,0,0,0,0,0,0,0,0,0,0,0,0,,0.0,0.0,0.0,0.0,0.0,0.0,0.0,0.0
9000008121,2025-02-20 03:00,0.115833,0,0,0,0,0,0,0,0,0,0,0,0,,0.0,0.0,0.0,0.0,0.0,0.0,0.0,0.0
9000008121,2025-02-20 04:00,0.176944,0,0,0,0,0,0,0,0,0,0,0,0,,0.0,0.0,0.0,0.0,0.0,0.0,0.0,0.0
9000008121,2025-02-20 05:00,0.175,0,0,0,0,0,0,69,0,69,0,0,0,59.0,0.0,0.0,0.0,0.0,0.0,100.0,0.0,0.0
9000008121,2025-02-20 06:00,0.075556,0,0,0,22,0,22,40,71,112,0,0,0,31.0,0.0,50.0,37.5,25.0,0.0,0.0,0.0,0.0
9000008121,2025-02-20 07:00,0.148889,9,9,17,0,0,0,237,370,607,48,50,98,34.5,10.0,20.0,43.33,14.44,7.78,0.0,2.22,0.0
9000008121,2025-02-20 08:00,0.818889,6,12,18,2,5,7,322,258,580,13,38,51,44.5,9.26,12.42,30.32,27.37,10.95,4.21,2.53,2.53
9000008121,2025-02-20 09:00,0.540556,17,10,27,0,3,3,332,223,555,10,55,65,47.0,2.33,10.67,31.33,28.67,15.33,5.67,3.0,4.33
9000008121,2025-02-20 10:00,0.796944,4,1,5,1,0,1,249,226,475,14,69,84,44.5,1.06,3.44,42.33,30.69,12.17,6.88,1.85,1.85
9000008121,2025-02-20 11:00,0.999444,1,5,6,0,5,5,273,261,534,17,88,105,48.0,5.06,8.05,36.33,26.03,11.61,7.12,3.37,2.43
9000008121,2025-02-20 12:00,0.999167,3,5,8,3,11,14,338,251,589,26,40,66,45.0,9.51,12.9,29.2,26.32,13.07,6.45,1.02,1.53
9000008121,2025-02-20 13:00,0.999722,7,16,23,3,17,20,392,311,703,15,57,72,46.5,9.67,12.66,29.87,25.6,11.38,7.68,1.99,1.14
9000008121,2025-02-20 14:00,0.999722,8,23,31,1,13,14,525,313,838,34,55,89,52.5,11.69,3.94,27.8,24.11,14.08,11.1,5.13,2.15
9000008121,2025-02-20 15:00,0.999444,10,16,26,4,14,18,701,386,1087,30,44,74,51.5,12.71,4.88,31.22,22.38,12.25,9.58,4.14,2.95
9000008121,2025-02-20 16:00,0.999444,6,8,14,4,10,14,790,349,1139,55,30,85,46.0,11.16,5.8,36.64,24.43,11.95,6.24,1.76,2.11
9000008121,2025-02-20 17:00,0.982222,0,0,0,2,2,4,391,208,599,10,10,20,45.5,14.77,6.28,39.56,18.0,10.7,5.77,2.72,2.55
9000008121,2025-02-20 18:00,0.715,0,0,0,0,0,0,21,1,22,0,0,0,38.5,0.0,6.25,43.75,50.0,0.0,0.0,0.0,0.0
9000008121,2025-02-20 19:00,0.809722,0,0,0,0,0,0,0,0,0,0,0,0,,0.0,0.0,0.0,0.0,0.0,0.0,0.0,0.0
9000008121,2025-02-20 20:00,0.445556,0,0,0,0,0,0,31,62,93,0,0,0,12.5,65.85,34.15,0.0,0.0,0.0,0.0,0.0,0.0
9000008121,2025-02-20 21:00,0.533889,0,0,0,0,0,0,0,0,0,0,0,0,,0.0,0.0,0.0,0.0,0.0,0.0,0.0,0.0
9000008121,2025-02-20 22:00,0.591667,0,0,0,0,0,0,0,4,4,0,0,0,78.5,0.0,50.0,0.0,0.0,0.0,0.0,0.0,50.0
9000008121,2025-02-20 23:00,0.786111,0,0,0,0,0,0,0,0,0,0,0,0,,0.0,0.0,0.0,0.0,0.0,0.0,0.0,0.0
9000008121,2025-02-21 00:00,0.549444,0,0,0,0,0,0,0,27,27,0,0,0,19.0,0.0,100.0,0.0,0.0,0.0,0.0,0.0,0.0
9000008121,2025-02-21 01:00,0.416111,0,0,0,0,0,0,0,0,0,0,0,0,,0.0,0.0,0.0,0.0,0.0,0.0,0.0,0.0
9000008121,2025-02-21 02:00,0.463333,0,0,0,0,0,0,0,0,0,0,0,0,,0.0,0.0,0.0,0.0,0.0,0.0,0.0,0.0
9000008121,2025-02-21 03:00,0.475833,0,0,0,0,0,0,0,0,0,0,0,0,,0.0,0.0,0.0,0.0,0.0,0.0,0.0,0.0
9000008121,2025-02-21 04:00,0.402778,0,0,0,0,0,0,0,0,0,0,0,0,,0.0,0.0,0.0,0.0,0.0,0.0,0.0,0.0
9000008121,2025-02-21 05:00,0.522222,0,0,0,0,33,33,0,67,67,0,0,0,4.0,100.0,0.0,0.0,0.0,0.0,0.0,0.0,0.0
9000008121,2025-02-21 06:00,0.467222,0,0,0,1,0,1,1,3,5,0,0,0,62.5,50.0,0.0,50.0,0.0,0.0,0.0,50.0,0.0
9000008121,2025-02-21 07:00,0.881389,13,24,37,4,14,18,362,287,650,14,29,43,39.5,9.42,9.25,43.98,23.21,4.71,5.06,2.62,2.09
9000008121,2025-02-21 08:00,0.999444,15,7,22,0,4,4,409,319,728,26,38,64,48.0,8.79,11.26,39.84,17.31,9.34,6.18,3.16,4.12
9000008121,2025-02-21 09:00,0.999444,6,10,16,2,3,5,300,263,563,26,50,76,46.5,3.91,8.35,41.39,22.56,11.9,4.97,4.44,2.49
9000008121,2025-02-21 10:00,0.999444,15,15,30,4,11,15,302,219,521,22,41,63,53.0,7.68,7.68,33.78,20.73,11.71,10.17,5.57,2.69
9000008121,2025-02-21 11:00,0.999444,6,5,11,1,6,7,344,269,613,18,51,69,50.0,15.66,7.83,28.55,19.9,13.21,7.5,4.73,2.61
9000008121,2025-02-21 12:00,0.999444,3,19,22,2,17,19,338,274,612,29,35,64,48.5,14.87,5.56,30.07,25.0,11.11,6.54,3.76,3.1
9000008121,2025-02-21 13:00,0.999444,15,20,35,4,21,25,580,337,917,38,35,73,49.5,11.57,6.88,28.82,23.58,14.63,7.64,4.26,2.73
9000008121,2025-02-21 14:00,1.0,17,9,26,7,9,16,696,353,1049,36,39,75,50.5,11.06,8.2,28.41,21.54,15.35,8.67,3.91,2.86
9000008121,2025-02-21 15:00,0.999444,14,27,41,4,11,15,640,377,1017,37,40,77,47.5,6.5,4.04,35.73,26.77,15.16,6.69,3.25,1.97
9000008121,2025-02-21 16:00,0.999444,16,19,35,7,7,14,423,289,712,21,20,41,44.0,16.15,5.06,32.87,25.7,11.52,4.78,2.39,1.54
9000008121,2025-02-21 17:00,0.7525,1,5,6,0,3,3,193,453,646,10,8,18,35.5,25.1,31.48,21.6,10.29,6.58,2.88,1.23,1.65
9000008121,2025-02-21 18:00,0.561111,0,0,0,0,0,0,1,24,25,0,0,0,77.5,0.0,64.29,7.14,0.0,7.14,0.0,0.0,28.57
9000008121,2025-02-21 19:00,0.525833,0,0,0,0,0,0,46,0,46,0,0,0,48.5,0.0,0.0,0.0,0.0,100.0,0.0,0.0,0.0
9000008121,2025-02-21 20:00,0.806111,0,0,0,0,0,0,0,9,9,0,0,0,13.5,57.14,57.14,0.0,0.0,0.0,0.0,0.0,0.0
9000008121,2025-02-21 21:00,0.708333,0,0,0,0,0,0,2,0,2,0,0,0,69.0,0.0,0.0,0.0,0.0,0.0,0.0,100.0,0.0
9000008121,2025-02-21 22:00,0.484722,0,0,0,0,0,0,0,0,0,0,0,0,,0.0,0.0,0.0,0.0,0.0,0.0,0.0,0.0
9000008121,2025-02-21 23:00,0.498611,0,0,0,0,0,0,0,0,0,0,0,0,,0.0,0.0,0.0,0.0,0.0,0.0,0.0,0.0
9000008121,2025-02-22 00:00,0.901944,0,0,0,0,0,0,0,0,0,0,0,0,,0.0,0.0,0.0,0.0,0.0,0.0,0.0,0.0
9000008121,2025-02-22 01:00,0.946667,0,0,0,0,0,0,1,1,3,0,0,0,53.5,50.0,0.0,0.0,0.0,0.0,50.0,0.0,0.0
9000008121,2025-02-22 02:00,0.690833,0,0,0,0,0,0,0,0,0,0,0,0,,0.0,0.0,0.0,0.0,0.0,0.0,0.0,0.0
9000008121,2025-02-22 03:00,0.710278,0,0,0,0,0,0,2,6,8,0,0,0,28.5,0.0,40.0,60.0,0.0,0.0,0.0,0.0,0.0
9000008121,2025-02-22 04:00,0.367778,0,0,0,0,0,0,0,0,0,0,0,0,,0.0,0.0,0.0,0.0,0.0,0.0,0.0,0.0
9000008121,2025-02-22 05:00,0.975278,0,0,0,0,0,0,1,0,1,0,0,0,24.0,0.0,0.0,100.0,0.0,0.0,0.0,0.0,0.0
9000008121,2025-02-22 06:00,0.565556,0,0,0,0,0,0,8,3,11,0,0,0,40.0,50.0,0.0,33.33,16.67,0.0,0.0,0.0,16.67
9000008121,2025-02-22 07:00,0.910278,0,0,0,0,4,4,38,39,77,5,8,13,47.0,20.0,15.71,15.71,27.14,8.57,10.0,1.43,1.43
9000008121,2025-02-22 08:00,0.761944,4,0,4,0,1,1,102,51,153,7,8,15,42.0,12.82,5.98,43.59,20.51,11.97,3.42,0.85,3.42
9000008121,2025-02-22 09:00,0.999722,10,3,13,4,6,10,192,161,353,10,30,40,46.0,22.1,6.23,25.78,23.23,14.16,4.82,1.98,1.7
9000008121,2025-02-22 10:00,0.999444,0,0,0,2,0,2,231,144,375,10,29,39,49.0,8.27,6.67,31.47,25.6,14.67,8.27,2.67,2.4
9000008121,2025-02-22 11:00,0.999722,17,19,36,2,16,18,287,177,464,12,26,38,46.0,6.68,7.54,29.96,33.62,12.07,4.74,3.45,1.94
9000008121,2025-02-22 12:00,0.999722,9,11,20,5,11,16,323,248,571,19,19,38,48.0,5.78,7.18,31.17,27.32,15.94,7.01,3.33,2.28
9000008121,2025-02-22 13:00,0.999444,13,27,40,4,16,20,273,242,515,21,24,45,49.5,5.24,15.34,30.29,18.64,16.5,9.32,2.91,1.75
9000008121,2025-02-22 14:00,0.999722,19,23,42,1,28,29,344,230,574,16,18,34,49.5,7.14,9.23,28.92,23.69,16.55,8.36,4.18,1.92
9000008121,2025-02-22 15:00,0.999167,6,11,17,3,11,14,277,272,549,12,29,41,51.0,6.74,4.74,34.61,26.96,10.75,8.56,3.64,4.01
9000008121,2025-02-22 16:00,0.999444,2,6,8,5,11,16,274,225,499,15,22,37,52.5,6.01,6.01,29.46,30.26,10.82,9.82,3.61,4.01
9000008121,2025-02-22 17:00,0.999444,2,4,6,2,5,7,162,140,302,8,10,18,48.0,8.94,6.62,37.42,22.19,11.92,7.62,2.65,2.65
9000008121,2025-02-22 18:00,0.999444,0,0,0,0,1,1,2,1,3,0,0,0,43.0,0.0,33.33,33.33,0.0,33.33,0.0,0.0,0.0
9000008121,2025-02-22 19:00,0.791389,0,0,0,0,0,0,7,6,13,6,0,6,78.5,50.0,10.0,0.0,0.0,0.0,0.0,0.0,50.0
9000008121,2025-02-22 20:00,0.601111,0,0,0,0,12,12,0,8,8,0,0,0,20.5,0.0,80.0,20.0,0.0,0.0,0.0,0.0,0.0
9000008121,2025-02-22 21:00,0.999444,0,0,0,0,0,0,1,0,1,0,0,0,9.0,100.0,0.0,0.0,0.0,0.0,0.0,0.0,0.0
9000008121,2025-02-22 22:00,0.999444,0,0,0,0,1,1,2,0,2,0,0,0,13.5,50.0,50.0,0.0,0.0,0.0,0.0,0.0,0.0
9000008121,2025-02-22 23:00,0.983056,0,0,0,0,1,1,0,0,0,0,0,0,,0.0,0.0,0.0,0.0,0.0,0.0,0.0,0.0
9000008121,2025-02-23 00:00,0.327778,0,0,0,0,0,0,0,0,0,0,0,0,,0.0,0.0,0.0,0.0,0.0,0.0,0.0,0.0
9000008121,2025-02-23 01:00,0.943056,0,0,0,0,0,0,0,0,0,0,0,0,,0.0,0.0,0.0,0.0,0.0,0.0,0.0,0.0
9000008121,2025-02-23 02:00,0.694722,0,0,0,0,0,0,0,0,0,0,0,0,,0.0,0.0,0.0,0.0,0.0,0.0,0.0,0.0
9000008121,2025-02-23 03:00,0.895556,0,0,0,0,0,0,0,0,0,0,0,0,,0.0,0.0,0.0,0.0,0.0,0.0,0.0,0.0
9000008121,2025-02-23 04:00,0.7825,0,0,0,0,0,0,0,0,0,0,0,0,,0.0,0.0,0.0,0.0,0.0,0.0,0.0,0.0
9000008121,2025-02-23 05:00,0.815278,0,0,0,0,0,0,0,0,0,0,0,0,,0.0,0.0,0.0,0.0,0.0,0.0,0.0,0.0
9000008121,2025-02-23 06:00,0.899167,0,0,0,0,0,0,2,0,2,0,0,0,39.0,0.0,0.0,0.0,100.0,0.0,0.0,0.0,0.0
9000008121,2025-02-23 07:00,0.999167,0,0,0,0,5,5,30,32,62,3,2,5,48.5,25.81,6.45,20.97,24.19,8.06,6.45,3.23,4.84
9000008121,2025-02-23 08:00,0.999444,3,2,5,1,3,4,63,51,114,3,5,8,58.5,31.58,1.75,19.3,13.16,11.4,9.65,9.65,3.51
9000008121,2025-02-23 09:00,0.999722,1,0,1,3,5,8,124,115,239,5,7,12,49.5,13.81,13.39,26.36,18.83,12.97,5.44,3.77,5.44
9000008121,2025-02-23 10:00,0.999444,1,4,5,0,3,3,139,110,249,8,6,14,58.5,17.67,8.43,18.88,21.29,8.03,13.25,3.61,8.84
9000008121,2025-02-23 11:00,0.999444,6,4,10,3,15,18,195,159,354,6,10,16,49.0,18.08,7.91,20.62,22.6,17.8,6.21,3.67,3.11
9000008121,2025-02-23 12:00,0.999444,3,5,8,0,8,8,194,205,399,3,16,19,53.5,8.52,14.54,28.82,19.8,11.28,7.77,4.51,4.76
9000008121,2025-02-23 13:00,0.999722,2,11,13,4,11,15,206,196,402,8,9,17,53.0,10.95,18.91,24.88,16.67,11.19,7.46,4.98,4.98
9000008121,2025-02-23 14:00,0.999722,2,8,10,2,13,15,223,241,464,6,9,15,52.0,18.97,15.09,22.2,16.81,10.13,7.54,4.53,4.74
9000008121,2025-02-23 15:00,0.999167,1,6,7,3,7,10,240,247,487,7,13,20,47.5,14.99,14.58,24.64,21.77,11.91,5.13,4.52,2.46
9000008121,2025-02-23 16:00,0.999444,6,9,15,3,10,13,203,206,409,8,11,19,51.5,16.87,10.27,23.72,20.29,12.22,9.29,4.16,3.18
9000008121,2025-02-23 17:00,0.999722,4,11,15,0,0,0,141,169,310,5,9,14,40.0,26.45,8.06,33.87,16.77,8.39,2.9,0.65,2.9
9000008121,2025-02-23 18:00,0.999444,0,0,0,0,1,1,2,1,3,0,0,0,43.0,0.0,33.33,33.33,0.0,33.33,0.0,0.0,0.0
9000008121,2025-02-23 19:00,0.999444,0,0,0,0,1,1,0,1,1,0,0,0,34.0,0.0,0.0,0.0,100.0,0.0,0.0,0.0,0.0
9000008121,2025-02-23 20:00,0.666111,0,0,0,0,0,0,1,0,1,0,0,0,49.0,0.0,0.0,0.0,0.0,100.0,0.0,0.0,0.0
9000008121,2025-02-23 21:00,0.900278,0,0,0,0,2,2,1,0,1,0,0,0,9.0,100.0,0.0,0.0,0.0,0.0,0.0,0.0,0.0
9000008121,2025-02-23 22:00,0.724444,0,0,0,0,1,1,1,0,1,0,0,0,14.0,0.0,100.0,0.0,0.0,0.0,0.0,0.0,0.0
9000008121,2025-02-23 23:00,0.894444,0,0,0,0,0,0,0,0,0,0,0,0,,0.0,0.0,0.0,0.0,0.0,0.0,0.0,0.0
9000008121,2025-02-24 00:00,0.962222,0,0,0,0,0,0,1,1,2,0,0,0,28.5,50.0,0.0,50.0,0.0,0.0,0.0,0.0,0.0
9000008121,2025-02-24 01:00,0.827222,0,0,0,0,0,0,0,3,3,0,0,0,19.0,0.0,100.0,0.0,0.0,0.0,0.0,0.0,0.0
9000008121,2025-02-24 02:00,0.849167,0,0,0,0,0,0,0,0,0,0,0,0,,0.0,0.0,0.0,0.0,0.0,0.0,0.0,0.0
9000008121,2025-02-24 03:00,0.280278,0,0,0,0,0,0,0,0,0,0,0,0,,0.0,0.0,0.0,0.0,0.0,0.0,0.0,0.0
9000008121,2025-02-24 04:00,0.809167,0,0,0,0,0,0,0,0,0,0,0,0,,0.0,0.0,0.0,0.0,0.0,0.0,0.0,0.0
9000008121,2025-02-24 05:00,0.887778,0,0,0,0,0,0,0,0,0,0,0,0,,0.0,0.0,0.0,0.0,0.0,0.0,0.0,0.0
9000008121,2025-02-24 06:00,0.724167,0,0,0,0,0,0,24,19,43,4,5,9,50.5,22.58,3.23,35.48,22.58,6.45,12.9,0.0,3.23
9000008121,2025-02-24 07:00,0.999167,1,0,1,1,1,2,241,331,572,19,52,71,36.5,24.83,8.22,37.59,18.01,5.42,2.1,1.4,2.45
9000008121,2025-02-24 08:00,0.999167,14,6,20,4,16,20,305,283,588,31,46,77,45.0,14.46,4.93,36.05,22.28,11.73,5.95,2.21,2.38
9000008121,2025-02-24 09:00,0.999722,6,4,10,3,3,6,251,218,469,28,42,70,47.0,16.63,4.69,27.72,26.65,11.94,5.33,2.99,4.05
9000008121,2025-02-24 10:00,0.999722,2,4,6,2,5,7,291,175,466,25,43,68,48.5,12.02,4.29,27.47,25.97,17.38,6.65,3.0,3.22
9000008121,2025-02-24 11:00,0.999722,1,3,4,1,5,6,235,217,452,27,67,94,44.5,4.2,9.07,34.73,29.87,11.95,6.86,1.99,1.33
9000008121,2025-02-24 12:00,0.999722,3,4,7,2,13,15,262,245,507,34,52,86,48.5,7.89,8.88,27.81,26.04,16.77,8.48,2.96,1.18
9000008121,2025-02-24 13:00,0.999167,6,15,21,3,12,15,290,257,547,23,52,75,48.0,6.76,12.25,29.98,23.4,15.72,8.59,2.74,0.55
9000008121,2025-02-24 14:00,0.999722,4,16,20,5,24,29,306,278,584,34,54,88,48.0,7.19,9.76,29.79,27.57,12.67,8.05,2.74,2.23
9000008121,2025-02-24 15:00,0.999722,7,14,21,9,18,27,578,301,879,44,44,88,48.5,7.28,8.53,32.65,22.53,15.7,8.3,2.73,2.28
9000008121,2025-02-24 16:00,0.999167,2,4,6,3,13,16,713,293,1006,36,37,73,46.5,8.96,9.15,35.92,21.89,13.83,6.87,1.79,1.69
9000008121,2025-02-24 17:00,0.999722,0,2,2,6,11,17,351,209,560,16,21,37,42.0,12.86,6.79,40.18,22.86,10.0,4.82,1.43,1.07
9000008121,2025-02-24 18:00,0.999444,0,0,0,0,0,0,3,2,5,0,1,1,71.0,0.0,40.0,20.0,20.0,0.0,0.0,0.0,20.0
9000008121,2025-02-24 19:00,0.999722,0,0,0,0,2,2,4,5,9,0,0,0,28.0,33.33,44.44,11.11,11.11,0.0,0.0,0.0,0.0
9000008121,2025-02-24 20:00,0.925,0,0,0,0,0,0,4,1,5,0,0,0,76.0,0.0,20.0,20.0,40.0,0.0,0.0,0.0,20.0
9000008121,2025-02-24 21:00,0.999722,0,0,0,0,0,0,2,1,3,0,0,0,58.0,0.0,33.33,33.33,0.0,0.0,33.33,0.0,0.0
9000008121,2025-02-24 22:00,0.846944,0,0,0,0,0,0,0,1,1,0,0,0,24.0,0.0,0.0,100.0,0.0,0.0,0.0,0.0,0.0
9000008121,2025-02-24 23:00,0.999444,0,0,0,0,0,0,2,0,2,0,0,0,28.5,50.0,0.0,50.0,0.0,0.0,0.0,0.0,0.0
9000008121,2025-02-25 00:00,0.903611,0,0,0,0,2,2,0,0,0,0,0,0,,0.0,0.0,0.0,0.0,0.0,0.0,0.0,0.0
9000008121,2025-02-25 01:00,0.999444,0,0,0,0,0,0,0,0,0,0,0,0,,0.0,0.0,0.0,0.0,0.0,0.0,0.0,0.0
9000008121,2025-02-25 02:00,0.771944,0,0,0,0,0,0,0,0,0,0,0,0,,0.0,0.0,0.0,0.0,0.0,0.0,0.0,0.0
9000008121,2025-02-25 03:00,0.906111,0,0,0,0,0,0,0,0,0,0,0,0,,0.0,0.0,0.0,0.0,0.0,0.0,0.0,0.0
9000008121,2025-02-25 04:00,0.981389,0,0,0,0,0,0,0,0,0,0,0,0,,0.0,0.0,0.0,0.0,0.0,0.0,0.0,0.0
9000008121,2025-02-25 05:00,0.999444,0,0,0,0,0,0,0,1,1,0,0,0,14.0,0.0,100.0,0.0,0.0,0.0,0.0,0.0,0.0
9000008121,2025-02-25 06:00,0.8675,0,0,0,0,0,0,2,2,4,0,0,0,32.0,33.33,0.0,66.67,33.33,0.0,0.0,0.0,0.0
9000008121,2025-02-25 07:00,1.0,0,0,0,3,2,5,266,311,577,16,39,55,42.0,21.66,8.32,33.28,20.28,7.8,5.55,2.25,0.87
9000008121,2025-02-25 08:00,0.999444,15,8,23,2,5,7,358,256,614,21,49,70,43.0,7.49,12.7,37.79,23.94,8.79,4.56,2.28,2.44
9000008121,2025-02-25 09:00,0.999167,7,5,12,2,4,6,305,204,509,30,54,84,43.5,8.25,9.63,33.79,29.86,8.06,6.29,1.96,2.16
9000008121,2025-02-25 10:00,0.999722,0,0,0,7,4,11,290,244,534,28,60,88,39.5,11.99,9.36,39.7,24.72,9.36,3.37,0.94,0.56
9000008121,2025-02-25 11:00,0.999444,2,4,6,0,13,13,250,211,461,24,52,76,47.5,9.98,13.23,27.55,25.38,11.5,6.51,2.6,3.25
9000008121,2025-02-25 12:00,0.999167,3,3,6,5,11,16,293,266,559,35,47,82,46.5,6.26,11.81,30.59,27.73,12.34,7.87,1.43,1.97
9000008121,2025-02-25 13:00,0.999167,2,6,8,7,13,20,289,252,541,35,48,83,43.0,9.24,12.38,32.53,26.06,11.83,5.91,1.48,0.55
9000008121,2025-02-25 14:00,0.999444,1,5,6,0,4,4,347,257,604,37,52,89,46.5,6.62,13.41,30.46,23.18,17.38,6.13,1.82,0.99
9000008121,2025-02-25 15:00,0.999444,2,6,8,2,11,13,632,307,939,60,37,97,46.5,5.33,10.45,34.22,24.95,13.75,6.18,3.2,2.03
9000008121,2025-02-25 16:00,1.0,1,9,10,3,17,20,564,322,886,29,39,68,48.0,4.85,5.53,41.87,21.11,14.11,8.24,2.26,2.03
9000008121,2025-02-25 17:00,0.999167,2,0,2,7,14,21,377,207,584,16,14,30,38.5,6.51,5.99,47.6,27.23,7.36,2.74,1.2,1.37
9000008121,2025-02-25 18:00,0.931667,0,0,0,0,0,0,3,2,6,0,0,0,90.5,0.0,40.0,0.0,0.0,20.0,20.0,0.0,20.0
9000008121,2025-02-25 19:00,0.898333,0,0,0,0,1,1,5,11,16,0,1,1,61.0,7.14,50.0,14.29,7.14,7.14,0.0,7.14,7.14
9000008121,2025-02-25 20:00,0.795556,0,0,0,0,1,1,1,3,4,0,0,0,42.0,0.0,33.33,66.67,0.0,33.33,0.0,0.0,0.0
9000008121,2025-02-25 21:00,0.999444,0,0,0,0,0,0,1,0,1,0,0,0,19.0,0.0,100.0,0.0,0.0,0.0,0.0,0.0,0.0
9000008121,2025-02-25 22:00,0.789722,0,0,0,0,0,0,1,0,1,0,0,0,19.0,0.0,100.0,0.0,0.0,0.0,0.0,0.0,0.0
9000008121,2025-02-25 23:00,0.821944,0,0,0,0,0,0,0,0,0,0,0,0,,0.0,0.0,0.0,0.0,0.0,0.0,0.0,0.0
9000008121,2025-02-26 00:00,0.847778,0,0,0,0,0,0,1,0,1,0,0,0,9.0,100.0,0.0,0.0,0.0,0.0,0.0,0.0,0.0
9000008121,2025-02-26 01:00,0.940833,0,0,0,0,0,0,0,0,0,0,0,0,,0.0,0.0,0.0,0.0,0.0,0.0,0.0,0.0
9000008121,2025-02-26 02:00,0.965278,0,0,0,0,0,0,0,0,0,0,0,0,,0.0,0.0,0.0,0.0,0.0,0.0,0.0,0.0
9000008121,2025-02-26 03:00,0.761667,0,0,0,0,0,0,0,20,20,0,0,0,19.0,0.0,100.0,0.0,0.0,0.0,0.0,0.0,0.0
9000008121,2025-02-26 04:00,0.597222,0,0,0,0,0,0,0,0,0,0,0,0,,0.0,0.0,0.0,0.0,0.0,0.0,0.0,0.0
9000008121,2025-02-26 05:00,0.979444,0,0,0,0,0,0,1,2,3,0,1,1,23.0,0.0,66.67,33.33,0.0,0.0,0.0,0.0,0.0
9000008121,2025-02-26 06:00,1.0,0,0,0,0,0,0,2,2,4,0,0,0,32.0,0.0,50.0,25.0,25.0,0.0,0.0,0.0,0.0
9000008121,2025-02-26 07:00,0.893333,0,1,1,0,5,5,274,321,596,19,42,61,39.5,14.85,9.4,40.79,20.49,6.95,3.2,2.63,1.5
9000008121,2025-02-26 08:00,0.999722,0,2,2,0,7,7,336,311,647,27,54,81,43.0,7.57,6.34,40.19,26.89,10.82,5.87,1.08,1.24
9000008121,2025-02-26 09:00,0.999167,2,0,2,2,2,4,315,202,517,28,53,81,47.0,10.64,5.8,30.37,25.34,16.05,6.77,3.09,1.93
9000008121,2025-02-26 10:00,0.999444,1,0,1,0,1,1,262,202,464,18,49,67,47.5,12.5,5.6,32.11,23.49,15.09,6.47,2.37,2.37
9000008121,2025-02-26 11:00,0.999722,0,2,2,2,4,6,272,318,590,27,62,89,47.0,22.2,10.51,24.75,21.53,8.98,6.44,3.39,2.2
9000008121,2025-02-26 12:00,0.999444,16,5,21,3,13,16,273,328,601,32,33,65,44.5,23.13,11.65,27.45,16.14,11.48,5.82,2.16,2.16
9000008121,2025-02-26 13:00,0.999167,5,7,12,10,10,20,319,229,548,30,37,67,40.5,8.94,6.02,45.99,23.54,8.58,4.74,1.46,0.73
9000008121,2025-02-26 14:00,0.999444,1,5,6,0,8,8,369,283,652,27,44,71,47.5,9.36,4.91,37.88,23.77,12.27,5.98,2.15,3.68
9000008121,2025-02-26 15:00,0.999444,1,1,2,1,1,2,554,450,1004,27,30,57,40.0,22.13,8.97,37.69,16.25,7.68,3.19,1.89,2.29
9000008121,2025-02-26 16:00,0.999167,0,3,3,3,4,7,654,321,975,31,27,58,41.0,9.86,9.14,45.48,19.92,6.78,4.93,1.64,2.36
9000008121,2025-02-26 17:00,0.999444,0,1,1,1,6,7,299,175,474,12,12,24,44.0,7.38,8.65,41.56,23.84,8.86,4.64,2.53,2.53
9000008121,2025-02-26 18:00,0.784444,0,0,0,0,0,0,1,7,8,0,0,0,25.0,0.0,0.0,83.33,16.67,0.0,0.0,0.0,0.0
9000008121,2025-02-26 19:00,0.999167,0,0,0,0,0,0,0,0,0,0,0,0,,0.0,0.0,0.0,0.0,0.0,0.0,0.0,0.0
9000008121,2025-02-26 20:00,0.751389,0,0,0,0,0,0,0,1,1,0,0,0,9.0,100.0,0.0,0.0,0.0,0.0,0.0,0.0,0.0
9000008121,2025-02-26 21:00,0.825556,0,0,0,0,2,2,2,1,3,0,0,0,63.0,0.0,0.0,50.0,50.0,0.0,0.0,50.0,0.0
9000008121,2025-02-26 22:00,0.746389,0,0,0,0,0,0,0,0,0,0,1,1,,0.0,0.0,0.0,0.0,0.0,0.0,0.0,0.0
9000008121,2025-02-26 23:00,0.666389,0,0,0,0,0,0,0,0,0,0,0,0,,0.0,0.0,0.0,0.0,0.0,0.0,0.0,0.0
9000008121,2025-02-27 00:00,0.981667,0,0,0,0,0,0,0,0,0,0,0,0,,0.0,0.0,0.0,0.0,0.0,0.0,0.0,0.0
9000008121,2025-02-27 01:00,0.999444,0,0,0,0,0,0,0,0,0,0,0,0,,0.0,0.0,0.0,0.0,0.0,0.0,0.0,0.0
9000008121,2025-02-27 02:00,0.926667,0,0,0,0,0,0,0,0,0,0,0,0,,0.0,0.0,0.0,0.0,0.0,0.0,0.0,0.0
9000008121,2025-02-27 03:00,0.765,0,0,0,0,0,0,0,0,0,0,0,0,,0.0,0.0,0.0,0.0,0.0,0.0,0.0,0.0
9000008121,2025-02-27 04:00,0.596667,0,0,0,0,0,0,0,0,0,0,0,0,,0.0,0.0,0.0,0.0,0.0,0.0,0.0,0.0
9000008121,2025-02-27 05:00,0.753889,0,0,0,0,0,0,45,0,45,0,0,0,29.0,0.0,0.0,100.0,0.0,0.0,0.0,0.0,0.0
9000008121,2025-02-27 06:00,0.999722,0,0,0,2,0,2,30,24,54,2,5,7,41.5,25.93,11.11,27.78,18.52,9.26,5.56,0.0,1.85
9000008121,2025-02-27 07:00,0.999444,2,7,9,2,5,7,255,269,524,19,51,70,42.5,15.84,11.83,34.73,19.27,10.11,3.82,2.29,2.1
9000008121,2025-02-27 08:00,0.999444,1,2,3,1,0,1,366,240,606,51,46,97,47.0,7.92,9.74,35.15,22.28,13.04,6.27,2.64,2.97
9000008121,2025-02-27 09:00,0.999444,8,2,10,4,3,7,278,222,500,28,64,92,44.0,11.8,6.6,35.6,26.6,9.4,6.2,2.0,1.8
9000008121,2025-02-27 10:00,0.999722,1,0,1,0,2,2,289,183,472,17,43,60,49.0,12.92,6.78,25.64,24.79,16.74,9.75,1.27,2.12
9000008121,2025-02-27 11:00,0.999444,0,2,2,4,9,13,289,235,524,18,70,88,48.0,17.18,5.73,26.53,25.19,12.98,8.21,2.29,1.91
9000008121,2025-02-27 12:00,0.999444,4,8,12,2,11,13,312,239,551,31,56,87,49.0,11.43,11.62,24.68,23.77,14.7,9.62,2.9,1.27
9000008121,2025-02-27 13:00,0.999444,7,16,23,7,14,21,324,264,588,27,47,74,47.0,12.07,13.78,30.95,19.22,11.39,7.99,2.21,2.38
9000008121,2025-02-27 14:00,0.999444,0,7,7,5,17,22,425,296,721,34,50,84,50.5,12.62,8.74,31.48,18.72,12.62,9.15,3.74,2.91
9000008121,2025-02-27 15:00,0.999444,3,9,12,7,23,30,640,316,956,44,45,89,50.5,2.51,7.23,39.16,21.68,14.14,7.75,4.19,3.46
9000008121,2025-02-27 16:00,0.999444,6,7,13,5,21,26,670,300,970,31,24,55,49.5,2.48,7.33,43.55,20.33,11.87,7.33,3.82,3.41
9000008121,2025-02-27 17:00,0.761944,0,2,2,2,15,17,413,276,689,15,34,49,43.5,2.29,9.14,45.52,24.76,8.76,4.76,2.86,2.29
9000008121,2025-02-27 18:00,0.993333,0,0,0,0,0,0,1,0,1,0,0,0,24.0,0.0,0.0,100.0,0.0,0.0,0.0,0.0,0.0
9000008121,2025-02-27 19:00,0.966111,0,0,0,0,1,1,3,7,10,0,0,0,42.5,30.0,0.0,10.0,40.0,10.0,0.0,0.0,10.0
9000008121,2025-02-27 20:00,0.999444,0,0,0,0,0,0,0,0,0,0,0,0,,0.0,0.0,0.0,0.0,0.0,0.0,0.0,0.0
9000008121,2025-02-27 21:00,0.999167,0,0,0,0,0,0,1,0,1,0,0,0,74.0,0.0,0.0,0.0,0.0,0.0,0.0,0.0,100.0
9000008121,2025-02-27 22:00,0.953611,0,0,0,0,0,0,0,0,0,0,0,0,,0.0,0.0,0.0,0.0,0.0,0.0,0.0,0.0
9000008121,2025-02-27 23:00,0.972222,0,0,0,0,0,0,2,1,3,0,0,0,23.0,66.67,0.0,33.33,0.0,0.0,0.0,0.0,0.0
9000008121,2025-02-28 00:00,0.999167,0,0,0,0,0,0,0,0,0,0,0,0,,0.0,0.0,0.0,0.0,0.0,0.0,0.0,0.0
9000008121,2025-02-28 01:00,0.981667,0,0,0,0,0,0,0,0,0,0,0,0,,0.0,0.0,0.0,0.0,0.0,0.0,0.0,0.0
9000008121,2025-02-28 02:00,0.975,0,0,0,0,0,0,0,0,0,0,0,0,,0.0,0.0,0.0,0.0,0.0,0.0,0.0,0.0
9000008121,2025-02-28 03:00,0.973889,0,0,0,0,0,0,0,0,0,0,0,0,,0.0,0.0,0.0,0.0,0.0,0.0,0.0,0.0
9000008121,2025-02-28 04:00,0.972222,0,0,0,0,0,0,1,0,1,0,0,0,9.0,100.0,0.0,0.0,0.0,0.0,0.0,0.0,0.0
9000008121,2025-02-28 05:00,0.976944,0,0,0,0,0,0,0,1,1,0,0,0,24.0,0.0,0.0,100.0,0.0,0.0,0.0,0.0,0.0
9000008121,2025-02-28 06:00,0.960278,0,0,0,0,0,0,33,28,62,4,8,12,44.5,15.25,13.56,27.12,28.81,5.08,10.17,1.69,1.69
9000008121,2025-02-28 07:00,0.999444,0,1,1,1,4,5,231,285,516,24,53,77,42.0,13.18,7.17,44.57,17.64,9.3,3.68,2.13,2.33
9000008121,2025-02-28 08:00,0.999722,6,1,7,3,1,4,331,279,610,27,62,89,44.0,15.25,6.23,34.1,24.75,10.16,5.41,1.97,2.13
9000008121,2025-02-28 09:00,0.999444,2,3,5,4,1,5,350,207,557,39,42,81,45.0,8.98,10.05,36.09,22.26,13.29,5.21,2.33,1.8
9000008121,2025-02-28 10:00,0.999444,0,4,4,7,2,9,328,210,538,37,47,84,48.0,7.06,10.22,28.81,22.86,19.33,6.88,2.42,2.42
9000008121,2025-02-28 11:00,0.999444,1,2,3,2,5,7,291,226,517,25,38,63,48.0,10.25,12.57,32.69,16.44,15.47,7.16,3.29,2.13
9000008121,2025-02-28 12:00,0.999722,13,13,26,5,15,20,350,266,616,20,49,69,45.0,6.49,13.96,36.36,20.94,11.53,6.01,2.76,1.95
9000008121,2025-02-28 13:00,0.999444,1,8,9,2,10,12,391,283,674,20,37,57,49.5,3.71,12.76,35.46,20.18,13.35,9.94,2.97,1.63
9000008121,2025-02-28 14:00,0.999722,0,7,7,5,14,19,487,298,785,27,35,62,49.5,1.27,11.97,40.64,20.13,11.85,8.41,3.69,2.04
9000008121,2025-02-28 15:00,0.999444,0,2,2,0,19,19,663,331,994,32,41,73,48.0,1.91,5.34,42.3,24.37,13.29,6.95,2.72,3.22
9000008121,2025-02-28 16:00,0.999444,0,2,2,0,0,0,661,285,946,34,42,76,46.0,6.56,8.47,37.88,22.86,14.92,5.5,1.8,2.12
9000008121,2025-02-28 17:00,0.983333,0,0,0,2,1,3,280,179,459,15,10,26,41.5,16.63,11.31,32.82,21.95,9.09,4.88,1.77,1.33
9000008121,2025-02-28 18:00,0.956944,0,0,0,1,0,1,5,10,15,0,0,0,39.5,28.57,21.43,21.43,14.29,7.14,0.0,7.14,0.0
9000008121,2025-02-28 19:00,0.970556,0,0,0,0,2,2,2,2,5,0,0,0,52.0,0.0,0.0,25.0,25.0,25.0,25.0,0.0,0.0
9000008121,2025-02-28 20:00,0.987222,0,0,0,0,0,0,2,0,2,0,0,0,43.5,0.0,50.0,0.0,0.0,50.0,0.0,0.0,0.0
9000008121,2025-02-28 21:00,0.990278,0,0,0,0,0,0,1,0,1,0,0,0,9.0,100.0,0.0,0.0,0.0,0.0,0.0,0.0,0.0
9000008121,2025-02-28 22:00,0.965278,0,0,0,0,0,0,3,1,4,0,0,0,12.0,75.0,25.0,0.0,0.0,0.0,0.0,0.0,0.0
9000008121,2025-02-28 23:00,0.97,0,0,0,0,0,0,2,2,4,0,0,0,42.0,25.0,25.0,25.0,0.0,25.0,0.0,0.0,0.0
9000008121,2025-03-01 00:00,0.9675,0,0,0,0,0,0,0,2,2,0,0,0,13.5,50.0,50.0,0.0,0.0,0.0,0.0,0.0,0.0
9000008121,2025-03-01 01:00,0.995833,0,0,0,0,0,0,0,0,0,0,0,0,,0.0,0.0,0.0,0.0,0.0,0.0,0.0,0.0
9000008121,2025-03-01 02:00,0.977222,0,0,0,0,0,0,0,1,1,0,0,0,24.0,0.0,0.0,100.0,0.0,0.0,0.0,0.0,0.0
9000008121,2025-03-01 03:00,0.983611,0,0,0,0,0,0,0,1,1,0,0,0,19.0,0.0,100.0,0.0,0.0,0.0,0.0,0.0,0.0
9000008121,2025-03-01 04:00,0.993889,0,0,0,0,0,0,1,0,1,0,0,0,99.0,0.0,0.0,0.0,0.0,0.0,0.0,0.0,100.0
9000008121,2025-03-01 05:00,0.978611,0,0,0,0,2,2,0,0,0,0,0,0,,0.0,0.0,0.0,0.0,0.0,0.0,0.0,0.0
9000008121,2025-03-01 06:00,0.971111,0,0,0,0,0,0,10,9,19,3,1,4,39.0,16.67,5.56,33.33,38.89,11.11,0.0,0.0,0.0
9000008121,2025-03-01 07:00,0.999444,0,0,0,1,0,1,52,28,80,6,10,16,49.0,8.75,3.75,37.5,17.5,20.0,8.75,1.25,2.5
9000008121,2025-03-01 08:00,0.986389,0,0,0,1,1,2,108,65,173,12,8,20,48.0,9.41,7.65,34.12,25.29,10.59,8.24,2.94,2.35
9000008121,2025-03-01 09:00,0.999444,1,0,1,4,0,4,214,97,311,15,13,28,53.0,10.61,5.14,29.9,20.26,15.43,10.93,5.47,2.25
9000008121,2025-03-01 10:00,0.999444,3,3,6,2,3,5,267,175,442,13,21,34,48.5,12.22,9.73,28.73,22.17,13.8,9.05,2.49,1.81
9000008121,2025-03-01 11:00,0.999444,1,0,1,1,5,6,275,224,499,11,20,31,49.5,8.62,15.23,27.05,19.24,15.63,7.82,4.41,2.0
9000008121,2025-03-01 12:00,0.999444,0,2,2,4,5,9,324,261,585,16,27,43,49.5,14.19,10.09,28.38,20.0,12.82,9.74,2.74,2.05
9000008121,2025-03-01 13:00,0.999167,2,4,6,1,1,2,311,261,572,19,37,56,50.0,19.76,8.39,24.3,19.23,13.29,8.57,4.55,1.92
9000008121,2025-03-01 14:00,0.999444,11,17,28,2,11,13,309,265,574,14,22,36,49.0,15.33,11.67,27.18,19.16,12.72,6.79,4.01,3.14
9000008121,2025-03-01 15:00,0.999444,10,13,23,1,16,17,284,247,531,12,33,45,48.0,7.34,15.82,29.94,21.47,12.99,7.91,2.26,2.26
9000008121,2025-03-01 16:00,0.999444,7,22,29,5,11,16,249,219,468,21,22,43,44.5,13.68,10.47,32.05,21.58,13.25,4.91,2.78,1.28
9000008121,2025-03-01 17:00,0.999444,4,7,11,0,8,8,271,266,537,18,20,38,43.5,19.93,8.19,36.5,16.95,8.57,5.96,1.12,2.79
9000008121,2025-03-01 18:00,0.981667,0,0,0,1,1,2,4,8,12,0,0,0,41.0,25.0,16.67,33.33,8.33,16.67,0.0,0.0,0.0
9000008121,2025-03-01 19:00,0.946667,0,0,0,0,0,0,3,2,5,0,0,0,56.5,20.0,0.0,20.0,20.0,20.0,20.0,0.0,0.0
9000008121,2025-03-01 20:00,0.970833,0,0,0,0,0,0,1,1,2,0,0,0,43.5,0.0,50.0,0.0,0.0,50.0,0.0,0.0,0.0
9000008121,2025-03-01 21:00,0.976111,0,0,0,0,0,0,2,0,2,0,0,0,93.5,0.0,0.0,0.0,50.0,0.0,0.0,0.0,50.0
9000008121,2025-03-01 22:00,0.976944,0,0,0,0,1,1,0,2,2,0,0,0,38.5,0.0,50.0,0.0,50.0,0.0,0.0,0.0,0.0
9000008121,2025-03-01 23:00,0.977222,0,0,0,0,0,0,1,3,4,0,0,0,52.0,75.0,0.0,0.0,0.0,0.0,25.0,0.0,0.0
9000008121,2025-03-02 00:00,0.928333,0,0,0,0,0,0,0,3,3,0,0,0,42.5,33.33,33.33,0.0,0.0,33.33,0.0,0.0,0.0
9000008121,2025-03-02 01:00,0.975,0,0,0,0,0,0,0,0,0,0,0,0,,0.0,0.0,0.0,0.0,0.0,0.0,0.0,0.0
9000008121,2025-03-02 02:00,0.933889,0,0,0,0,0,0,0,1,1,0,0,0,19.0,0.0,100.0,0.0,0.0,0.0,0.0,0.0,0.0
9000008121,2025-03-02 03:00,0.958333,0,0,0,0,0,0,1,1,2,0,0,0,18.5,50.0,50.0,0.0,0.0,0.0,0.0,0.0,0.0
9000008121,2025-03-02 04:00,0.968056,0,0,0,0,0,0,0,0,0,0,0,0,,0.0,0.0,0.0,0.0,0.0,0.0,0.0,0.0
9000008121,2025-03-02 05:00,0.962778,0,0,0,0,0,0,0,0,0,0,0,0,,0.0,0.0,0.0,0.0,0.0,0.0,0.0,0.0
9000008121,2025-03-02 06:00,0.9525,0,0,0,0,0,0,5,5,10,1,0,1,57.5,0.0,10.0,30.0,40.0,0.0,10.0,0.0,10.0
9000008121,2025-03-02 07:00,0.999167,0,0,0,0,0,0,35,43,78,5,3,8,49.5,15.38,15.38,28.21,15.38,11.54,6.41,5.13,2.56
9000008121,2025-03-02 08:00,0.999444,1,0,1,1,2,3,79,51,130,4,5,9,57.0,12.31,9.23,26.92,18.46,9.23,10.77,8.46,4.62
9000008121,2025-03-02 09:00,0.999444,1,1,2,1,5,6,154,101,255,6,8,14,56.5,12.16,8.63,25.88,19.22,13.33,7.45,8.24,5.1
9000008121,2025-03-02 10:00,0.988333,1,4,5,1,5,6,168,121,289,6,9,15,54.5,19.58,5.59,20.98,16.78,15.03,12.59,6.29,2.8
9000008121,2025-03-02 11:00,0.999167,1,2,3,1,5,6,196,144,340,5,14,19,54.0,11.76,12.35,21.47,21.47,13.24,8.82,6.18,4.71
9000008121,2025-03-02 12:00,0.999444,0,0,0,1,5,6,202,152,354,9,36,45,49.5,11.3,10.17,27.4,20.06,16.95,9.04,4.24,0.85
9000008121,2025-03-02 13:00,0.999722,10,13,23,6,9,15,257,194,451,7,18,25,52.0,4.66,12.2,25.94,24.39,15.74,9.98,4.66,2.44
9000008121,2025-03-02 14:00,0.999167,5,9,14,3,11,14,245,234,479,10,18,28,51.0,7.72,15.03,30.48,18.58,12.11,9.81,3.34,2.92
9000008121,2025-03-02 15:00,0.999167,7,5,12,2,9,11,238,199,437,6,17,23,52.5,10.76,14.87,30.21,19.45,7.78,6.41,5.03,5.49
9000008121,2025-03-02 16:00,0.999444,3,4,7,2,7,9,206,158,364,7,6,13,55.0,10.16,15.11,24.73,18.96,12.64,7.14,6.32,4.95
9000008121,2025-03-02 17:00,0.999444,4,3,7,2,4,6,185,151,336,4,4,8,47.0,9.23,11.31,36.61,19.64,10.71,4.76,3.57,4.17
9000008121,2025-03-02 18:00,0.999167,0,0,0,0,1,1,3,2,5,0,0,0,41.0,0.0,20.0,20.0,40.0,20.0,0.0,0.0,0.0
9000008121,2025-03-02 19:00,0.997222,0,0,0,0,0,0,2,3,5,0,0,0,36.0,40.0,0.0,20.0,40.0,0.0,0.0,0.0,0.0
9000008121,2025-03-02 20:00,0.990556,0,0,0,0,0,0,0,0,0,0,0,0,,0.0,0.0,0.0,0.0,0.0,0.0,0.0,0.0
9000008121,2025-03-02 21:00,0.999444,0,0,0,0,0,0,0,0,0,0,0,0,,0.0,0.0,0.0,0.0,0.0,0.0,0.0,0.0
9000008121,2025-03-02 22:00,0.969167,0,0,0,0,1,1,0,2,2,0,0,0,13.5,50.0,50.0,0.0,0.0,0.0,0.0,0.0,0.0
9000008121,2025-03-02 23:00,0.992222,0,0,0,0,0,0,1,0,1,0,0,0,44.0,0.0,0.0,0.0,0.0,100.0,0.0,0.0,0.0
9000008121,2025-03-03 00:00,0.983889,0,0,0,0,0,0,0,0,0,0,0,0,,0.0,0.0,0.0,0.0,0.0,0.0,0.0,0.0
9000008121,2025-03-03 01:00,0.978611,0,0,0,0,0,0,0,0,0,0,0,0,,0.0,0.0,0.0,0.0,0.0,0.0,0.0,0.0
9000008121,2025-03-03 02:00,0.964167,0,0,0,0,0,0,0,0,0,0,0,0,,0.0,0.0,0.0,0.0,0.0,0.0,0.0,0.0
9000008121,2025-03-03 03:00,0.985,0,0,0,0,0,0,1,0,1,0,0,0,119.0,0.0,0.0,0.0,0.0,0.0,0.0,0.0,100.0
9000008121,2025-03-03 04:00,0.961944,0,0,0,0,0,0,2,1,3,0,0,0,38.0,0.0,66.67,0.0,33.33,0.0,0.0,0.0,0.0
9000008121,2025-03-03 05:00,0.980833,0,0,0,0,0,0,0,0,0,0,0,0,,0.0,0.0,0.0,0.0,0.0,0.0,0.0,0.0
9000008121,2025-03-03 06:00,0.989722,0,1,1,1,1,2,46,54,100,5,7,12,39.0,8.08,9.09,51.52,18.18,6.06,2.02,3.03,3.03
9000008121,2025-03-03 07:00,0.999167,10,33,43,4,5,9,283,321,604,34,64,98,39.5,13.43,10.61,37.98,23.71,8.13,4.15,0.5,1.66
9000008121,2025-03-03 08:00,0.999444,12,21,33,5,8,13,382,282,664,33,53,86,46.5,12.35,4.67,34.94,24.85,12.2,6.17,2.56,2.26
9000008121,2025-03-03 09:00,0.999722,13,11,24,3,7,10,316,236,552,41,57,98,45.5,15.22,10.14,31.7,19.93,14.49,4.71,1.81,1.99
9000008121,2025-03-03 10:00,0.999444,6,2,8,5,4,9,294,203,497,13,69,82,48.5,17.1,7.65,22.13,25.55,14.08,8.05,3.22,2.21
9000008121,2025-03-03 11:00,0.999167,1,0,1,0,7,7,256,201,457,19,53,72,49.0,3.06,11.16,33.26,24.73,14.0,7.66,3.06,3.06
9000008121,2025-03-03 12:00,0.999444,0,4,4,5,10,15,292,219,511,24,54,78,47.0,8.41,8.22,30.53,27.4,13.5,8.61,1.57,1.76
9000008121,2025-03-03 13:00,0.999722,4,8,12,2,8,10,296,221,517,22,50,72,49.0,9.28,11.03,31.33,17.79,16.83,9.48,2.32,1.93
9000008121,2025-03-03 14:00,0.999722,13,24,37,4,27,31,361,199,560,29,46,75,50.5,7.14,10.89,27.5,23.04,16.07,9.82,3.39,2.14
9000008121,2025-03-03 15:00,0.999444,10,18,28,11,15,26,593,355,948,55,51,106,43.0,7.81,11.93,40.44,20.59,10.67,4.33,2.32,2.01
9000008121,2025-03-03 16:00,0.999444,5,10,15,10,23,33,631,318,949,35,46,81,48.5,10.44,10.97,32.17,20.99,12.13,6.54,4.64,2.22
9000008121,2025-03-03 17:00,0.999444,4,4,8,1,15,16,482,317,799,29,30,59,44.5,9.64,13.89,35.92,20.53,10.51,5.01,1.63,2.88
9000008121,2025-03-03 18:00,0.988611,0,0,0,0,0,0,14,11,25,0,1,1,41.0,4.0,28.0,32.0,20.0,12.0,4.0,0.0,0.0
9000008121,2025-03-03 19:00,0.951111,0,0,0,0,1,1,4,0,4,0,1,1,47.0,50.0,0.0,0.0,25.0,25.0,0.0,0.0,0.0
9000008121,2025-03-03 20:00,0.9625,0,0,0,0,2,2,1,2,3,0,0,0,72.5,0.0,0.0,0.0,0.0,33.33,33.33,0.0,33.33
9000008121,2025-03-03 21:00,0.999167,0,0,0,0,0,0,2,1,3,0,0,0,18.0,33.33,66.67,0.0,0.0,0.0,0.0,0.0,0.0
9000008121,2025-03-03 22:00,0.956389,0,0,0,0,0,0,1,1,2,0,0,0,13.5,50.0,50.0,0.0,0.0,0.0,0.0,0.0,0.0
9000008121,2025-03-03 23:00,0.939444,0,0,0,0,2,2,1,3,4,0,0,0,47.0,50.0,25.0,0.0,0.0,25.0,0.0,0.0,0.0
9000008121,2025-03-04 00:00,0.968056,0,0,0,0,0,0,0,2,2,0,0,0,8.5,100.0,0.0,0.0,0.0,0.0,0.0,0.0,0.0
9000008121,2025-03-04 01:00,0.961111,0,0,0,0,0,0,0,0,0,0,0,0,,0.0,0.0,0.0,0.0,0.0,0.0,0.0,0.0
9000008121,2025-03-04 02:00,0.999167,0,0,0,0,0,0,0,0,0,0,0,0,,0.0,0.0,0.0,0.0,0.0,0.0,0.0,0.0
9000008121,2025-03-04 03:00,0.9575,0,0,0,0,0,0,1,1,2,0,0,0,18.5,0.0,100.0,0.0,0.0,0.0,0.0,0.0,0.0
9000008121,2025-03-04 04:00,0.965556,0,0,0,0,0,0,0,0,0,0,0,0,,0.0,0.0,0.0,0.0,0.0,0.0,0.0,0.0
9000008121,2025-03-04 05:00,0.887778,0,0,0,0,1,1,1,2,3,0,0,0,38.0,0.0,33.33,33.33,33.33,0.0,0.0,0.0,0.0
9000008121,2025-03-04 06:00,0.990278,0,0,0,0,0,0,50,56,106,1,16,17,36.5,13.33,11.43,46.67,17.14,9.52,0.95,0.95,0.95
9000008121,2025-03-04 07:00,0.983056,1,3,4,3,7,10,228,268,497,17,56,73,43.0,19.67,11.89,31.15,19.06,8.2,4.51,3.48,2.25
9000008121,2025-03-04 08:00,0.999444,6,18,24,4,4,8,366,301,667,35,71,106,47.0,14.69,10.49,30.13,18.59,13.64,7.65,2.7,2.1
9000008121,2025-03-04 09:00,0.999444,18,18,36,5,15,20,274,302,576,30,66,96,43.5,21.53,12.85,25.17,21.18,10.76,4.86,3.3,0.35
9000008121,2025-03-04 10:00,0.999444,15,10,25,3,7,10,247,277,524,23,84,107,42.0,14.89,7.44,30.92,29.39,10.5,4.39,1.53,0.95
9000008121,2025-03-04 11:00,0.999444,2,3,5,1,10,11,258,208,466,21,41,62,50.0,15.67,9.01,20.17,24.89,15.24,10.52,2.79,1.72
9000008121,2025-03-04 12:00,0.999167,6,5,11,3,8,11,260,241,501,22,53,75,46.0,12.57,9.58,25.95,26.35,14.77,7.19,1.8,1.8
9000008121,2025-03-04 13:00,0.999722,6,5,11,5,14,19,311,213,524,31,63,94,49.5,11.26,10.31,23.85,23.85,16.41,8.97,3.63,1.72
9000008121,2025-03-04 14:00,0.999167,18,36,54,5,20,25,374,298,672,43,45,88,49.0,19.52,9.24,23.99,21.01,12.52,7.75,4.62,1.49
9000008121,2025-03-04 15:00,0.999722,27,30,57,9,22,31,619,389,1008,46,50,96,45.5,15.87,9.33,30.06,23.91,10.02,6.25,2.88,1.69
9000008121,2025-03-04 16:00,0.999444,5,24,29,14,17,31,712,405,1117,47,50,97,47.0,20.7,5.73,25.9,23.66,12.19,7.17,3.05,1.7
9000008121,2025-03-04 17:00,0.999444,12,31,43,3,12,15,396,328,724,19,32,51,43.5,20.44,11.19,29.83,19.75,9.81,3.73,2.62,2.62
9000008121,2025-03-04 18:00,0.999444,0,4,4,0,0,0,21,16,37,4,1,5,33.5,5.41,18.92,48.65,18.92,5.41,2.7,0.0,0.0
9000008121,2025-03-04 19:00,0.999722,0,0,0,0,0,0,1,0,1,0,1,1,44.0,0.0,0.0,0.0,0.0,100.0,0.0,0.0,0.0
9000008121,2025-03-04 20:00,0.990278,0,0,0,0,1,1,2,0,2,0,0,0,58.5,50.0,0.0,0.0,0.0,0.0,50.0,0.0,0.0
9000008121,2025-03-04 21:00,0.948333,0,0,0,0,0,0,2,3,5,0,0,0,43.0,20.0,0.0,40.0,0.0,40.0,0.0,0.0,0.0
9000008121,2025-03-04 22:00,0.949167,0,0,0,0,0,0,0,1,1,0,0,0,29.0,0.0,0.0,100.0,0.0,0.0,0.0,0.0,0.0
9000008121,2025-03-04 23:00,0.9775,0,0,0,1,0,1,0,0,0,0,0,0,,0.0,0.0,0.0,0.0,0.0,0.0,0.0,0.0
9000008121,2025-03-05 00:00,0.991667,0,0,0,0,0,0,0,0,0,0,0,0,,0.0,0.0,0.0,0.0,0.0,0.0,0.0,0.0
9000008121,2025-03-05 01:00,0.956111,0,0,0,0,0,0,1,0,1,0,0,0,39.0,0.0,0.0,0.0,100.0,0.0,0.0,0.0,0.0
9000008121,2025-03-05 02:00,0.953889,0,0,0,0,0,0,0,0,0,1,0,1,,0.0,0.0,0.0,0.0,0.0,0.0,0.0,0.0
9000008121,2025-03-05 03:00,0.918889,0,0,0,0,0,0,1,0,1,0,0,0,89.0,0.0,0.0,0.0,0.0,0.0,0.0,0.0,100.0
9000008121,2025-03-05 04:00,0.957222,0,0,0,0,0,0,1,0,1,0,0,0,49.0,0.0,0.0,0.0,0.0,100.0,0.0,0.0,0.0
9000008121,2025-03-05 05:00,0.969167,0,0,0,0,0,0,1,0,1,0,0,0,9.0,100.0,0.0,0.0,0.0,0.0,0.0,0.0,0.0
9000008121,2025-03-05 06:00,0.976389,0,2,2,0,0,0,74,59,133,8,15,24,46.0,20.77,7.69,32.31,16.15,10.77,7.69,2.31,2.31
9000008121,2025-03-05 07:00,0.986944,7,19,26,5,10,15,254,382,636,23,55,78,39.5,29.46,11.78,25.64,19.43,8.76,3.18,1.59,0.64
9000008121,2025-03-05 08:00,0.999722,6,5,11,3,7,10,346,319,665,33,62,95,42.0,18.8,6.92,32.93,23.76,10.08,5.56,1.35,0.6
9000008121,2025-03-05 09:00,0.999444,12,9,21,2,9,11,294,322,616,33,72,105,40.0,24.35,14.29,25.0,21.1,10.39,2.92,1.14,0.81
9000008121,2025-03-05 10:00,0.999167,8,6,14,1,8,9,230,200,430,22,44,66,48.0,17.21,6.28,30.23,20.47,13.26,7.44,3.26,1.86
9000008121,2025-03-05 11:00,0.999444,1,1,2,2,7,9,257,216,473,16,80,96,48.0,9.73,10.15,27.48,23.47,17.12,8.25,2.75,1.06
9000008121,2025-03-05 12:00,0.999444,1,1,2,6,16,22,238,229,467,28,66,94,46.0,6.64,10.71,28.91,29.76,14.13,5.57,2.14,2.14
9000008121,2025-03-05 13:00,0.999444,6,1,7,6,14,20,330,297,627,29,58,87,45.5,17.7,14.83,23.76,21.53,11.64,6.38,2.87,1.28
9000008121,2025-03-05 14:00,0.999722,0,4,4,7,25,32,409,395,804,35,61,96,46.5,22.76,11.94,21.77,22.14,9.7,5.47,3.86,2.36
9000008121,2025-03-05 15:00,0.999167,0,3,3,7,26,33,640,423,1063,57,56,113,46.5,13.75,11.77,29.57,22.6,11.21,7.34,1.98,1.88
9000008121,2025-03-05 16:00,0.999444,4,14,18,12,27,39,769,325,1094,57,32,89,47.5,5.95,15.46,36.05,18.76,11.25,6.77,3.11,2.74
9000008121,2025-03-05 17:00,0.999722,6,17,23,23,22,45,633,294,927,30,30,60,39.5,9.17,12.84,40.13,23.95,8.41,2.91,1.29,1.29
9000008121,2025-03-05 18:00,0.994444,0,2,2,0,5,5,71,52,123,1,1,2,38.0,10.66,13.11,46.72,17.21,4.92,4.1,2.46,1.64
9000008121,2025-03-05 19:00,0.999444,0,0,0,1,0,1,3,3,6,0,0,0,55.5,16.67,50.0,16.67,0.0,0.0,16.67,0.0,0.0
9000008121,2025-03-05 20:00,0.999167,0,0,0,0,0,0,0,0,0,0,0,0,,0.0,0.0,0.0,0.0,0.0,0.0,0.0,0.0
9000008121,2025-03-05 21:00,0.982778,0,0,0,0,0,0,1,0,1,0,0,0,39.0,0.0,0.0,0.0,100.0,0.0,0.0,0.0,0.0
9000008121,2025-03-05 22:00,0.982222,0,0,0,0,0,0,1,0,1,0,0,0,39.0,0.0,0.0,0.0,100.0,0.0,0.0,0.0,0.0
9000008121,2025-03-05 23:00,0.9725,0,0,0,0,0,0,0,1,1,0,0,0,29.0,0.0,0.0,100.0,0.0,0.0,0.0,0.0,0.0
9000008121,2025-03-06 00:00,0.974722,0,0,0,0,0,0,1,0,1,0,0,0,14.0,0.0,100.0,0.0,0.0,0.0,0.0,0.0,0.0
9000008121,2025-03-06 01:00,0.995,0,0,0,0,0,0,0,0,0,0,0,0,,0.0,0.0,0.0,0.0,0.0,0.0,0.0,0.0
9000008121,2025-03-06 02:00,0.983889,0,0,0,0,0,0,0,0,0,0,0,0,,0.0,0.0,0.0,0.0,0.0,0.0,0.0,0.0
9000008121,2025-03-06 03:00,0.951667,0,0,0,0,0,0,1,1,2,0,0,0,18.5,50.0,50.0,0.0,0.0,0.0,0.0,0.0,0.0
9000008121,2025-03-06 04:00,0.999167,0,0,0,0,0,0,0,0,0,0,0,0,,0.0,0.0,0.0,0.0,0.0,0.0,0.0,0.0
9000008121,2025-03-06 05:00,0.976944,0,0,0,1,0,1,2,2,4,0,0,0,42.0,50.0,25.0,0.0,0.0,25.0,0.0,0.0,0.0
9000008121,2025-03-06 06:00,0.980833,0,2,2,0,1,1,77,59,136,7,14,21,43.5,18.66,8.21,38.06,14.93,12.69,4.48,1.49,2.99
9000008121,2025-03-06 07:00,0.999444,9,20,29,5,9,14,273,342,615,29,51,80,39.0,29.59,7.64,27.64,21.63,6.67,3.58,1.95,1.3
9000008121,2025-03-06 08:00,0.999444,10,8,18,4,9,13,344,313,657,32,51,83,44.0,19.03,8.68,31.2,20.24,12.79,4.41,1.98,1.67
9000008121,2025-03-06 09:00,0.999444,23,16,39,3,3,6,302,331,633,36,70,106,39.5,26.7,15.01,25.12,19.27,10.43,2.21,0.47,0.79
9000008121,2025-03-06 10:00,0.999167,14,14,28,3,8,11,251,262,513,27,80,107,45.0,29.43,6.82,17.93,21.83,13.65,6.82,2.34,1.17
9000008121,2025-03-06 11:00,0.999444,1,2,3,1,10,11,217,201,418,24,89,113,48.0,7.89,10.53,28.71,27.75,12.44,6.22,4.78,1.67
9000008121,2025-03-06 12:00,0.999444,4,8,12,4,17,21,229,233,462,28,53,81,47.5,16.02,7.79,24.89,24.46,16.23,7.36,2.16,1.08
9000008121,2025-03-06 13:00,0.999722,4,6,10,4,18,22,301,315,616,29,60,89,46.5,20.45,12.18,25.65,18.34,12.01,6.17,2.92,2.27
9000008121,2025-03-06 14:00,0.999167,5,14,19,13,25,38,486,401,887,45,64,109,47.0,16.7,11.06,25.85,22.23,13.43,6.09,2.14,2.6
9000008121,2025-03-06 15:00,0.999444,6,16,22,19,31,50,680,621,1301,61,94,155,46.5,13.15,16.92,27.15,19.54,12.08,6.31,2.69,2.23
9000008121,2025-03-06 16:00,0.999444,10,18,28,12,27,39,768,677,1445,60,80,140,43.0,22.44,12.05,27.63,19.6,9.49,4.64,2.22,2.01
9000008121,2025-03-06 17:00,0.999444,2,11,13,9,13,22,530,589,1119,22,51,73,41.5,26.3,8.86,30.23,18.25,9.12,4.29,0.89,2.15
9000008121,2025-03-06 18:00,0.999722,0,1,1,2,3,5,73,58,131,4,4,8,43.0,16.03,8.4,29.01,24.43,16.79,1.53,1.53,2.29
9000008121,2025-03-06 19:00,0.999167,0,0,0,1,0,1,3,4,7,0,0,0,35.0,14.29,57.14,0.0,28.57,0.0,0.0,0.0,0.0
9000008121,2025-03-06 20:00,0.987778,0,0,0,0,0,0,2,5,7,0,1,1,34.5,28.57,14.29,28.57,14.29,0.0,14.29,0.0,0.0
9000008121,2025-03-06 21:00,0.988056,0,0,0,0,1,1,2,1,3,0,0,0,39.0,0.0,33.33,0.0,66.67,0.0,0.0,0.0,0.0
9000008121,2025-03-06 22:00,0.999167,0,0,0,0,0,0,1,0,1,0,0,0,24.0,0.0,0.0,100.0,0.0,0.0,0.0,0.0,0.0
9000008121,2025-03-06 23:00,0.980556,0,0,0,0,0,0,1,1,2,0,0,0,38.5,0.0,50.0,0.0,50.0,0.0,0.0,0.0,0.0
9000008121,2025-03-07 00:00,0.986667,0,0,0,1,0,1,2,1,3,0,0,0,17.5,66.67,33.33,0.0,0.0,0.0,0.0,0.0,0.0
9000008121,2025-03-07 01:00,0.983611,0,0,0,0,0,0,0,0,0,0,0,0,,0.0,0.0,0.0,0.0,0.0,0.0,0.0,0.0
9000008121,2025-03-07 02:00,0.965833,0,0,0,0,0,0,1,0,1,0,0,0,34.0,0.0,0.0,0.0,100.0,0.0,0.0,0.0,0.0
9000008121,2025-03-07 03:00,0.975,0,0,0,0,0,0,1,1,2,0,0,0,23.5,50.0,0.0,50.0,0.0,0.0,0.0,0.0,0.0
9000008121,2025-03-07 04:00,0.996667,0,0,0,0,0,0,0,0,0,0,0,0,,0.0,0.0,0.0,0.0,0.0,0.0,0.0,0.0
9000008121,2025-03-07 05:00,0.999722,0,0,0,0,0,0,1,0,1,0,0,0,19.0,0.0,100.0,0.0,0.0,0.0,0.0,0.0,0.0
9000008121,2025-03-07 06:00,0.998889,0,1,1,0,0,0,53,87,140,7,13,20,40.0,23.57,10.71,30.0,20.71,5.0,5.71,2.86,1.43
9000008121,2025-03-07 07:00,0.999444,6,17,23,8,1,9,241,432,673,29,47,76,41.5,31.65,12.93,21.55,17.53,8.77,5.05,0.74,1.78
9000008121,2025-03-07 08:00,0.999444,10,12,22,1,2,3,333,387,720,33,57,90,46.0,26.67,11.67,23.06,16.94,10.83,6.39,3.06,1.39
9000008121,2025-03-07 09:00,0.999444,9,24,33,6,3,9,330,359,689,30,55,85,43.0,24.53,13.64,18.58,23.66,11.9,4.21,2.18,1.31
9000008121,2025-03-07 10:00,0.999444,16,9,25,5,5,10,274,323,597,22,91,113,45.0,33.84,7.71,16.92,19.26,11.73,6.37,3.35,0.84
9000008121,2025-03-07 11:00,0.999444,0,0,0,2,6,8,240,230,470,26,118,144,46.5,15.96,11.06,25.53,23.62,13.62,5.96,1.91,2.34
9000008121,2025-03-07 12:00,0.999444,0,4,4,1,7,8,251,205,456,24,67,91,49.0,17.54,8.55,25.44,23.25,11.18,8.99,2.85,2.19
9000008121,2025-03-07 13:00,0.999444,9,7,16,5,31,36,410,368,778,26,72,98,48.5,16.32,12.21,24.42,22.75,10.93,7.84,3.73,1.8
9000008121,2025-03-07 14:00,0.999722,5,14,19,13,21,34,545,428,973,35,60,95,49.5,12.74,8.84,29.7,22.4,11.82,7.3,4.62,2.57
9000008121,2025-03-07 15:00,0.999167,12,20,32,18,26,44,754,434,1188,64,52,116,43.5,11.04,12.64,33.11,23.5,11.2,5.56,1.43,1.6
9000008121,2025-03-07 16:00,0.999444,4,11,15,14,23,37,622,408,1030,37,43,80,48.5,16.03,12.54,27.79,19.44,10.5,7.48,3.79,2.53
9000008121,2025-03-07 17:00,0.999444,6,10,16,10,21,31,337,325,662,11,18,29,44.0,20.39,10.88,30.51,18.88,9.37,3.93,2.42,3.63
9000008121,2025-03-07 18:00,0.999722,0,1,1,0,2,2,52,32,84,2,2,4,43.5,11.9,4.76,30.95,33.33,10.71,4.76,1.19,2.38
9000008121,2025-03-07 19:00,0.999722,0,0,0,0,0,0,0,0,0,0,0,0,,0.0,0.0,0.0,0.0,0.0,0.0,0.0,0.0
9000008121,2025-03-07 20:00,0.993333,0,0,0,0,0,0,3,0,3,0,0,0,108.0,33.33,33.33,0.0,0.0,0.0,0.0,0.0,33.33
9000008121,2025-03-07 21:00,0.999722,0,0,0,0,0,0,0,0,0,0,0,0,,0.0,0.0,0.0,0.0,0.0,0.0,0.0,0.0
9000008121,2025-03-07 22:00,0.975833,0,0,0,0,0,0,0,1,1,0,0,0,19.0,0.0,100.0,0.0,0.0,0.0,0.0,0.0,0.0
9000008121,2025-03-07 23:00,0.971944,0,0,0,0,0,0,0,0,0,0,0,0,,0.0,0.0,0.0,0.0,0.0,0.0,0.0,0.0
9000008121,2025-03-08 00:00,0.975278,0,0,0,0,0,0,0,0,0,0,0,0,,0.0,0.0,0.0,0.0,0.0,0.0,0.0,0.0
9000008121,2025-03-08 01:00,0.999444,0,0,0,0,0,0,0,0,0,0,0,0,,0.0,0.0,0.0,0.0,0.0,0.0,0.0,0.0
9000008121,2025-03-08 02:00,0.993056,0,0,0,0,0,0,1,0,1,0,0,0,54.0,0.0,0.0,0.0,0.0,0.0,100.0,0.0,0.0
9000008121,2025-03-08 03:00,0.97,0,0,0,0,0,0,0,0,0,0,0,0,,0.0,0.0,0.0,0.0,0.0,0.0,0.0,0.0
9000008121,2025-03-08 04:00,0.988889,0,0,0,0,0,0,0,0,0,0,0,0,,0.0,0.0,0.0,0.0,0.0,0.0,0.0,0.0
9000008121,2025-03-08 05:00,0.986389,0,0,0,0,0,0,0,0,0,0,0,0,,0.0,0.0,0.0,0.0,0.0,0.0,0.0,0.0
9000008121,2025-03-08 06:00,0.999167,0,0,0,0,1,1,13,9,22,1,0,1,49.0,9.09,9.09,31.82,27.27,9.09,13.64,0.0,0.0
9000008121,2025-03-08 07:00,0.999444,1,2,3,0,1,1,21,43,64,3,7,10,38.0,42.19,6.25,23.44,15.62,7.81,1.56,1.56,1.56
9000008121,2025-03-08 08:00,0.999444,5,1,6,2,0,2,72,57,129,7,5,12,52.5,24.03,8.53,23.26,18.6,7.75,9.3,6.2,2.33
9000008121,2025-03-08 09:00,0.999444,7,7,14,0,1,1,153,142,295,5,11,16,45.5,21.02,10.51,23.73,20.68,12.2,8.47,2.71,0.68
9000008121,2025-03-08 10:00,0.999444,9,14,23,5,12,17,175,193,368,8,36,44,44.5,26.09,9.51,20.92,22.55,10.87,5.43,2.72,1.9
9000008121,2025-03-08 11:00,0.999444,3,5,8,4,25,29,187,191,378,9,39,48,48.5,22.22,10.32,16.14,23.28,15.08,6.35,3.7,2.91
9000008121,2025-03-08 12:00,0.999167,1,9,10,1,14,15,218,222,440,4,32,36,48.0,21.36,11.36,21.59,17.27,16.82,7.05,3.41,1.14
9000008121,2025-03-08 13:00,0.999444,1,6,7,3,15,18,204,243,447,8,46,54,49.0,24.38,9.62,19.24,19.24,14.09,9.17,3.13,1.12
9000008121,2025-03-08 14:00,0.999444,13,21,34,1,27,28,195,200,395,11,18,29,48.5,25.57,6.58,20.76,21.27,12.15,8.86,3.29,1.52
9000008121,2025-03-08 15:00,0.999444,3,10,13,4,16,20,209,187,396,10,17,27,52.5,17.68,11.62,20.96,19.44,11.62,10.86,4.04,3.79
9000008121,2025-03-08 16:00,0.999444,8,12,20,4,13,17,226,192,418,8,9,17,56.0,19.14,5.74,23.44,22.25,10.53,8.61,5.02,5.26
9000008121,2025-03-08 17:00,0.999444,3,11,14,1,12,13,219,214,433,6,8,14,47.5,27.25,4.39,26.33,19.86,9.7,3.93,5.54,3.0
9000008121,2025-03-08 18:00,0.999722,0,0,0,0,3,3,40,40,80,0,1,1,43.5,21.25,7.5,26.25,25.0,11.25,6.25,0.0,2.5
9000008121,2025-03-08 19:00,0.999444,0,0,0,0,0,0,3,0,3,0,0,0,23.0,0.0,66.67,33.33,0.0,0.0,0.0,0.0,0.0
9000008121,2025-03-08 20:00,0.999444,0,0,0,0,0,0,0,0,0,0,0,0,,0.0,0.0,0.0,0.0,0.0,0.0,0.0,0.0
9000008121,2025-03-08 21:00,0.986389,0,0,0,0,0,0,0,1,1,0,0,0,24.0,0.0,0.0,100.0,0.0,0.0,0.0,0.0,0.0
9000008121,2025-03-08 22:00,0.995,0,0,0,0,0,0,0,1,1,0,0,0,29.0,0.0,0.0,100.0,0.0,0.0,0.0,0.0,0.0
9000008121,2025-03-08 23:00,0.999722,0,0,0,0,0,0,0,0,0,0,0,0,,0.0,0.0,0.0,0.0,0.0,0.0,0.0,0.0
9000008121,2025-03-09 00:00,0.982778,0,0,0,0,0,0,0,0,0,0,0,0,,0.0,0.0,0.0,0.0,0.0,0.0,0.0,0.0
9000008121,2025-03-09 01:00,0.999167,0,0,0,0,0,0,0,0,0,0,0,0,,0.0,0.0,0.0,0.0,0.0,0.0,0.0,0.0
9000008121,2025-03-09 02:00,0.999444,0,0,0,0,0,0,0,0,0,0,0,0,,0.0,0.0,0.0,0.0,0.0,0.0,0.0,0.0
9000008121,2025-03-09 03:00,0.988056,0,0,0,0,0,0,0,0,0,0,0,0,,0.0,0.0,0.0,0.0,0.0,0.0,0.0,0.0
9000008121,2025-03-09 04:00,0.999444,0,0,0,0,0,0,0,0,0,0,0,0,,0.0,0.0,0.0,0.0,0.0,0.0,0.0,0.0
9000008121,2025-03-09 05:00,0.999167,0,0,0,0,0,0,0,0,0,0,0,0,,0.0,0.0,0.0,0.0,0.0,0.0,0.0,0.0
9000008121,2025-03-09 06:00,0.985833,0,0,0,0,0,0,15,13,28,2,0,2,47.0,17.86,21.43,17.86,10.71,25.0,0.0,7.14,0.0
9000008121,2025-03-09 07:00,0.999444,3,0,3,0,0,0,35,40,75,6,3,9,44.5,26.67,4.0,25.33,24.0,12.0,2.67,5.33,0.0
9000008121,2025-03-09 08:00,0.999444,4,4,8,4,2,6,85,64,149,5,3,8,49.5,24.16,7.38,16.11,24.83,13.42,12.08,1.34,0.67
9000008121,2025-03-09 09:00,0.999722,6,10,16,1,13,14,145,170,315,4,16,20,43.5,25.4,16.51,17.46,21.59,10.79,4.76,2.54,0.95
9000008121,2025-03-09 10:00,0.999444,7,4,11,0,15,15,175,142,317,8,16,24,49.5,22.08,5.99,20.19,24.61,12.62,8.2,3.15,3.15
9000008121,2025-03-09 11:00,0.999444,0,3,3,0,16,16,184,166,350,4,19,23,50.0,11.43,8.86,28.0,23.71,13.14,7.71,4.29,2.86
9000008121,2025-03-09 12:00,0.999167,0,1,1,1,12,13,204,185,389,10,13,23,48.5,12.08,14.14,26.99,20.82,13.37,8.23,2.83,1.54
9000008121,2025-03-09 13:00,0.999444,15,19,34,9,23,32,205,175,380,9,16,25,52.5,10.53,19.21,16.84,21.84,13.95,10.26,4.74,2.63
9000008121,2025-03-09 14:00,0.999444,7,7,14,8,15,23,224,177,401,9,18,27,52.0,5.49,15.96,28.93,20.7,11.72,12.47,2.49,2.24
9000008121,2025-03-09 15:00,0.999444,0,10,10,2,23,25,194,162,356,10,8,18,52.0,3.09,16.85,29.78,20.51,12.36,7.87,4.49,5.06
9000008121,2025-03-09 16:00,0.999444,0,3,3,4,8,12,210,183,393,7,12,19,51.0,2.54,19.34,32.32,14.76,15.01,8.4,4.07,3.56
9000008121,2025-03-09 17:00,0.999444,2,7,9,1,10,11,215,199,414,8,12,20,44.5,11.35,16.91,34.06,18.6,8.7,5.56,2.9,1.93
9000008121,2025-03-09 18:00,1.0,0,0,0,1,2,3,38,29,67,0,4,4,53.5,14.93,7.46,32.84,14.93,10.45,8.96,1.49,8.96
9000008121,2025-03-09 19:00,0.999444,0,0,0,0,0,0,3,2,5,0,0,0,71.0,0.0,80.0,0.0,0.0,0.0,0.0,0.0,20.0
9000008121,2025-03-09 20:00,0.982778,0,0,0,0,0,0,0,0,0,0,0,0,,0.0,0.0,0.0,0.0,0.0,0.0,0.0,0.0
9000008121,2025-03-09 21:00,0.987778,0,0,0,0,0,0,0,0,0,0,0,0,,0.0,0.0,0.0,0.0,0.0,0.0,0.0,0.0
9000008121,2025-03-09 22:00,0.999722,0,0,0,0,0,0,0,0,0,0,0,0,,0.0,0.0,0.0,0.0,0.0,0.0,0.0,0.0
9000008121,2025-03-09 23:00,0.978889,0,0,0,0,0,0,2,1,3,0,1,1,27.5,0.0,66.67,33.33,0.0,0.0,0.0,0.0,0.0
9000008121,2025-03-10 00:00,0.999444,0,0,0,0,0,0,0,0,0,0,0,0,,0.0,0.0,0.0,0.0,0.0,0.0,0.0,0.0
9000008121,2025-03-10 01:00,0.999167,0,0,0,0,0,0,0,0,0,0,0,0,,0.0,0.0,0.0,0.0,0.0,0.0,0.0,0.0
9000008121,2025-03-10 02:00,0.959722,0,0,0,0,0,0,0,0,0,0,0,0,,0.0,0.0,0.0,0.0,0.0,0.0,0.0,0.0
9000008121,2025-03-10 03:00,0.976389,0,0,0,0,0,0,0,0,0,0,0,0,,0.0,0.0,0.0,0.0,0.0,0.0,0.0,0.0
9000008121,2025-03-10 04:00,0.988889,0,0,0,0,0,0,1,1,2,0,0,0,18.5,50.0,50.0,0.0,0.0,0.0,0.0,0.0,0.0
9000008121,2025-03-10 05:00,0.974167,0,0,0,0,0,0,2,0,2,0,0,0,13.5,50.0,50.0,0.0,0.0,0.0,0.0,0.0,0.0
9000008121,2025-03-10 06:00,0.998889,0,1,1,2,3,5,84,90,174,7,19,26,35.0,20.11,10.34,44.83,14.94,6.32,1.72,1.15,0.57
9000008121,2025-03-10 07:00,0.999444,3,7,10,3,6,9,260,341,601,24,59,83,42.0,24.46,9.48,29.28,19.97,8.82,3.66,2.33,2.0
9000008121,2025-03-10 08:00,0.999722,16,16,32,2,12,14,341,350,691,32,56,88,43.0,14.62,15.48,32.27,19.54,10.85,4.34,2.17,0.72
9000008121,2025-03-10 09:00,0.999167,7,15,22,4,13,17,331,286,617,35,64,99,42.0,12.99,14.12,33.93,21.75,10.23,4.22,1.95,0.97
9000008121,2025-03-10 10:00,0.999444,7,11,18,3,13,16,297,253,550,26,52,78,47.0,22.0,7.82,23.82,21.64,13.09,6.55,2.18,2.91
9000008121,2025-03-10 11:00,0.999444,5,7,12,6,17,23,292,276,568,27,63,90,44.5,16.02,10.74,26.41,25.88,10.92,6.34,1.94,1.76
9000008121,2025-03-10 12:00,0.999444,4,3,7,5,20,25,264,250,514,28,82,110,48.0,2.33,13.62,30.93,27.43,13.04,6.81,4.67,1.17
9000008121,2025-03-10 13:00,0.999444,1,2,3,12,17,29,282,212,494,24,51,75,46.5,9.31,11.34,30.77,24.7,13.36,6.88,2.43,1.21
9000008121,2025-03-10 14:00,0.999167,1,12,13,8,36,44,320,267,587,37,49,86,46.0,7.67,18.91,29.47,21.12,11.58,6.47,2.39,2.39
9000008121,2025-03-10 15:00,0.999444,0,13,13,4,22,26,424,345,769,37,58,95,47.0,9.49,16.38,25.75,25.1,11.7,7.02,3.12,1.43
9000008121,2025-03-10 16:00,0.999444,3,6,9,6,18,24,396,417,813,25,38,63,49.0,17.47,15.62,25.22,19.43,8.12,8.0,3.69,2.46
9000008121,2025-03-10 17:00,0.999167,17,8,25,8,21,29,342,302,644,16,26,42,44.0,7.78,19.13,35.3,18.35,9.18,6.07,2.18,2.18
9000008121,2025-03-10 18:00,0.999444,1,2,3,1,6,7,71,87,158,6,6,12,43.5,9.49,8.86,44.3,17.72,10.76,5.06,2.53,1.27
9000008121,2025-03-10 19:00,0.999444,0,0,0,0,0,0,3,0,3,0,1,1,48.0,33.33,33.33,0.0,0.0,33.33,0.0,0.0,0.0
9000008121,2025-03-10 20:00,0.958333,0,0,0,0,1,1,1,1,2,0,0,0,43.5,0.0,50.0,0.0,0.0,50.0,0.0,0.0,0.0
9000008121,2025-03-10 21:00,0.999722,0,0,0,0,0,0,2,0,2,0,0,0,43.5,0.0,0.0,50.0,0.0,50.0,0.0,0.0,0.0
9000008121,2025-03-10 22:00,0.997778,0,0,0,0,1,1,3,4,7,0,0,0,20.0,28.57,57.14,14.29,0.0,0.0,0.0,0.0,0.0
9000008121,2025-03-10 23:00,0.999167,0,0,0,0,0,0,0,0,0,0,0,0,,0.0,0.0,0.0,0.0,0.0,0.0,0.0,0.0
9000008121,2025-03-11 00:00,0.983056,0,0,0,0,0,0,0,0,0,0,0,0,,0.0,0.0,0.0,0.0,0.0,0.0,0.0,0.0
9000008121,2025-03-11 01:00,0.994167,0,0,0,0,0,0,0,0,0,0,0,0,,0.0,0.0,0.0,0.0,0.0,0.0,0.0,0.0
9000008121,2025-03-11 02:00,0.966389,0,0,0,0,0,0,0,0,0,0,0,0,,0.0,0.0,0.0,0.0,0.0,0.0,0.0,0.0
9000008121,2025-03-11 03:00,0.965,0,0,0,0,0,0,0,1,1,0,0,0,34.0,0.0,0.0,0.0,100.0,0.0,0.0,0.0,0.0
9000008121,2025-03-11 04:00,0.990278,0,0,0,0,0,0,0,2,2,0,0,0,13.5,50.0,50.0,0.0,0.0,0.0,0.0,0.0,0.0
9000008121,2025-03-11 05:00,0.995556,0,0,0,0,0,0,1,1,2,0,0,0,13.5,50.0,50.0,0.0,0.0,0.0,0.0,0.0,0.0
9000008121,2025-03-11 06:00,0.996944,1,0,1,3,0,3,64,70,135,6,9,15,41.0,10.45,10.45,45.52,17.91,8.21,4.48,2.24,0.75
9000008121,2025-03-11 07:00,0.981944,2,0,2,2,5,7,285,396,681,22,58,81,40.0,17.19,19.28,31.39,16.89,6.28,3.29,2.54,2.99
9000008121,2025-03-11 08:00,0.999444,2,3,5,3,7,10,328,364,692,27,60,87,44.0,14.88,17.63,33.38,15.9,8.24,5.35,3.18,1.45
9000008121,2025-03-11 09:00,0.999444,8,4,12,3,7,10,320,278,598,33,57,90,46.0,7.86,19.9,33.78,18.56,8.36,6.19,3.34,2.01
9000008121,2025-03-11 10:00,0.999444,0,3,3,2,12,14,281,300,581,32,53,85,48.0,11.36,22.38,28.57,13.43,10.67,7.75,2.24,3.61
9000008121,2025-03-11 11:00,0.999444,6,9,15,1,11,12,293,274,567,32,55,87,51.0,10.05,17.46,30.51,16.4,9.7,7.76,4.94,3.17
9000008121,2025-03-11 12:00,0.990556,2,1,3,3,14,17,291,225,516,31,43,75,50.0,8.02,10.37,35.03,20.16,11.15,8.61,4.11,2.54
9000008121,2025-03-11 13:00,0.999444,0,3,3,7,13,20,276,297,573,33,41,74,40.0,8.55,22.34,34.73,19.37,8.55,3.66,1.4,1.4
9000008121,2025-03-11 14:00,0.999722,0,4,4,4,8,12,290,247,537,41,43,84,48.5,5.96,16.01,33.89,20.67,9.5,8.38,2.98,2.61
9000008121,2025-03-11 15:00,0.999167,5,3,8,6,17,23,623,372,995,40,54,94,48.5,11.37,14.99,26.26,21.83,11.97,7.04,4.93,1.71
9000008121,2025-03-11 16:00,0.999167,5,9,14,3,15,18,574,433,1007,30,57,87,48.0,15.21,14.41,28.83,17.1,11.33,7.26,3.78,2.19
9000008121,2025-03-11 17:00,0.999722,4,11,15,3,17,20,378,310,688,7,47,54,47.0,6.98,12.79,35.47,19.33,13.81,5.38,2.76,3.49
9000008121,2025-03-11 18:00,0.999444,0,0,0,3,1,4,79,80,159,5,4,9,44.0,4.4,8.81,39.62,25.79,12.58,3.77,2.52,2.52
9000008121,2025-03-11 19:00,0.9825,0,0,0,1,0,1,6,3,9,0,0,0,63.0,0.0,33.33,0.0,0.0,11.11,33.33,11.11,11.11
9000008121,2025-03-11 20:00,0.969167,0,0,0,0,0,0,0,0,0,0,0,0,,0.0,0.0,0.0,0.0,0.0,0.0,0.0,0.0
9000008121,2025-03-11 21:00,0.990556,0,0,0,1,0,1,0,0,0,0,0,0,,0.0,0.0,0.0,0.0,0.0,0.0,0.0,0.0
9000008121,2025-03-11 22:00,0.950833,0,0,0,0,0,0,4,1,5,0,0,0,61.0,20.0,20.0,40.0,0.0,0.0,0.0,20.0,0.0
9000008121,2025-03-11 23:00,0.964444,0,0,0,0,0,0,1,0,1,0,0,0,14.0,0.0,100.0,0.0,0.0,0.0,0.0,0.0,0.0
9000008121,2025-03-12 00:00,0.957222,0,0,0,0,0,0,0,1,1,0,0,0,24.0,0.0,0.0,100.0,0.0,0.0,0.0,0.0,0.0
9000008121,2025-03-12 01:00,0.954722,0,0,0,0,0,0,0,0,0,0,0,0,,0.0,0.0,0.0,0.0,0.0,0.0,0.0,0.0
9000008121,2025-03-12 02:00,0.974444,0,0,0,0,0,0,0,0,0,0,0,0,,0.0,0.0,0.0,0.0,0.0,0.0,0.0,0.0
9000008121,2025-03-12 03:00,0.967778,0,0,0,0,0,0,1,0,1,0,0,0,24.0,0.0,0.0,100.0,0.0,0.0,0.0,0.0,0.0
9000008121,2025-03-12 04:00,0.961944,0,0,0,0,0,0,0,0,0,0,0,0,,0.0,0.0,0.0,0.0,0.0,0.0,0.0,0.0
9000008121,2025-03-12 05:00,0.999167,0,0,0,0,0,0,0,0,0,0,0,0,,0.0,0.0,0.0,0.0,0.0,0.0,0.0,0.0
9000008121,2025-03-12 06:00,0.997222,0,1,1,1,0,1,72,80,152,6,13,19,37.0,26.97,7.24,32.89,20.39,7.89,2.63,1.32,0.66
9000008121,2025-03-12 07:00,0.999444,1,5,6,4,7,11,269,321,590,27,33,60,40.5,22.37,10.68,33.22,18.14,8.31,4.92,1.19,1.19
9000008121,2025-03-12 08:00,0.999444,0,1,1,0,14,14,341,296,637,42,61,103,45.0,13.34,10.83,33.12,22.61,8.32,7.06,2.83,1.88
9000008121,2025-03-12 09:00,0.999444,2,4,6,7,6,13,256,156,412,23,32,55,47.5,12.38,7.52,27.91,26.94,12.62,7.52,2.67,2.43
9000008121,2025-03-12 10:00,0.999444,0,2,2,3,3,6,275,188,463,31,33,64,53.5,11.23,9.5,30.24,17.93,11.88,10.8,5.4,3.02
9000008121,2025-03-12 11:00,0.999444,4,8,12,5,11,16,294,206,500,27,52,79,41.5,8.6,16.0,33.4,24.8,10.8,4.6,1.4,0.4
9000008121,2025-03-12 12:00,0.999167,2,4,6,12,13,25,261,226,487,33,54,87,41.0,5.75,16.02,42.09,20.12,9.65,4.11,1.44,0.82
9000008121,2025-03-12 13:00,0.999722,1,8,9,8,20,28,339,272,611,32,51,83,51.0,6.38,15.71,33.39,17.84,10.8,8.51,4.09,3.27
9000008121,2025-03-12 14:00,0.999722,3,13,16,2,19,21,382,278,660,30,46,76,51.0,6.82,15.0,28.79,20.45,13.18,7.73,5.0,3.03
9000008121,2025-03-12 15:00,0.999167,5,13,18,5,14,19,629,373,1002,42,50,92,49.0,5.0,16.98,30.77,20.58,13.19,8.19,2.6,2.8
9000008121,2025-03-12 16:00,0.999444,11,29,40,7,22,29,447,345,792,20,26,46,45.5,10.1,17.93,32.45,18.56,9.09,5.93,3.54,2.4
9000008121,2025-03-12 17:00,0.999444,7,3,10,2,10,12,374,289,663,13,18,31,42.5,8.3,13.73,37.86,21.57,10.26,5.13,1.81,1.36
9000008121,2025-03-12 18:00,0.999722,0,0,0,1,1,2,44,48,92,1,3,4,41.5,10.87,11.96,38.04,21.74,10.87,4.35,2.17,0.0
9000008121,2025-03-12 19:00,0.982778,0,0,0,0,0,0,0,1,1,0,0,0,19.0,0.0,100.0,0.0,0.0,0.0,0.0,0.0,0.0
9000008121,2025-03-12 20:00,0.992778,0,0,0,0,0,0,3,0,3,0,0,0,38.0,0.0,33.33,33.33,33.33,0.0,0.0,0.0,0.0
9000008121,2025-03-12 21:00,0.984444,0,0,0,0,0,0,1,0,1,0,0,0,9.0,100.0,0.0,0.0,0.0,0.0,0.0,0.0,0.0
9000008121,2025-03-12 22:00,0.963056,0,0,0,0,0,0,0,0,0,0,0,0,,0.0,0.0,0.0,0.0,0.0,0.0,0.0,0.0
9000008121,2025-03-12 23:00,0.937222,0,0,0,0,0,0,0,0,0,0,0,0,,0.0,0.0,0.0,0.0,0.0,0.0,0.0,0.0
9000008121,2025-03-13 00:00,0.927222,0,0,0,1,0,1,1,1,2,0,0,0,43.5,0.0,50.0,0.0,0.0,50.0,0.0,0.0,0.0
9000008121,2025-03-13 01:00,0.997778,0,0,0,0,0,0,0,0,0,0,0,0,,0.0,0.0,0.0,0.0,0.0,0.0,0.0,0.0
9000008121,2025-03-13 02:00,0.733889,0,0,0,0,0,0,0,0,0,0,0,0,,0.0,0.0,0.0,0.0,0.0,0.0,0.0,0.0
9000008121,2025-03-13 03:00,0.936667,0,0,0,0,0,0,0,1,1,0,0,0,34.0,0.0,0.0,0.0,100.0,0.0,0.0,0.0,0.0
9000008121,2025-03-13 04:00,0.995,0,0,0,0,0,0,1,0,1,0,0,0,49.0,0.0,0.0,0.0,0.0,100.0,0.0,0.0,0.0
9000008121,2025-03-13 05:00,0.987222,0,0,0,0,0,0,0,0,0,0,0,0,,0.0,0.0,0.0,0.0,0.0,0.0,0.0,0.0
9000008121,2025-03-13 06:00,0.993889,2,1,3,1,2,3,91,92,183,6,22,28,45.5,21.98,12.64,29.12,18.13,7.69,4.95,1.65,4.4
9000008121,2025-03-13 07:00,0.999444,1,11,12,1,2,3,266,379,645,24,50,74,43.0,24.34,11.78,29.46,17.36,6.36,6.67,2.02,2.02
9000008121,2025-03-13 08:00,0.999444,2,9,11,4,13,17,408,343,751,34,57,91,44.0,16.64,9.99,30.23,23.04,11.98,5.33,1.73,1.07
9000008121,2025-03-13 09:00,0.999444,10,13,23,3,10,13,306,252,558,25,53,78,45.5,14.16,10.75,32.08,17.92,14.87,6.27,2.33,1.61
9000008121,2025-03-13 10:00,0.999167,18,17,35,3,6,9,306,260,566,27,59,86,46.5,13.78,13.07,31.98,19.26,10.78,5.65,2.65,2.83
9000008121,2025-03-13 11:00,0.999444,8,11,19,6,17,23,289,223,512,25,48,73,43.5,9.38,19.92,32.81,20.12,8.98,4.88,2.15,1.76
9000008121,2025-03-13 12:00,0.999444,2,7,9,8,21,29,273,259,532,29,55,84,49.0,12.41,12.78,27.26,22.37,11.28,7.14,4.51,2.26
9000008121,2025-03-13 13:00,0.999722,2,9,11,8,15,23,357,272,629,28,41,69,46.5,10.02,14.31,29.89,22.73,11.92,6.84,2.38,1.91
9000008121,2025-03-13 14:00,0.999167,6,16,22,4,17,21,399,285,684,29,45,74,51.5,6.88,15.37,28.26,19.33,13.76,8.2,4.54,3.81
9000008121,2025-03-13 15:00,1.0,6,10,16,8,24,32,596,353,949,32,51,83,47.5,7.59,11.7,32.56,21.81,14.01,6.53,3.58,2.21
9000008121,2025-03-13 16:00,0.999722,9,10,19,6,17,23,499,314,813,19,39,58,45.5,6.03,14.64,37.76,21.16,10.58,4.18,2.46,3.2
9000008121,2025-03-13 17:00,0.999167,5,8,13,12,17,29,430,336,766,11,34,45,44.5,5.23,16.21,40.13,18.95,10.46,4.18,1.96,3.01
9000008121,2025-03-13 18:00,0.986944,0,1,1,2,2,4,130,107,237,4,5,9,39.5,14.96,14.96,35.47,20.94,9.83,1.71,1.71,1.28
9000008121,2025-03-13 19:00,0.979167,0,0,0,0,2,2,6,3,9,0,0,0,63.0,11.11,11.11,22.22,11.11,11.11,11.11,11.11,11.11
9000008121,2025-03-13 20:00,0.991667,0,0,0,0,0,0,2,1,3,0,0,0,33.0,33.33,33.33,0.0,33.33,0.0,0.0,0.0,0.0
9000008121,2025-03-13 21:00,0.975,0,0,0,0,0,0,3,0,3,0,0,0,53.0,0.0,33.33,0.0,33.33,0.0,33.33,0.0,0.0
9000008121,2025-03-13 22:00,0.944167,0,0,0,0,0,0,1,4,6,0,0,0,61.5,40.0,20.0,20.0,0.0,0.0,0.0,20.0,0.0
9000008121,2025-03-13 23:00,0.978889,0,0,0,0,0,0,0,0,0,0,0,0,,0.0,0.0,0.0,0.0,0.0,0.0,0.0,0.0
9000008121,2025-03-14 00:00,0.979722,0,0,0,0,0,0,0,1,1,0,0,0,34.0,0.0,0.0,0.0,100.0,0.0,0.0,0.0,0.0
9000008121,2025-03-14 01:00,0.981667,0,0,0,0,0,0,0,0,0,0,0,0,,0.0,0.0,0.0,0.0,0.0,0.0,0.0,0.0
9000008121,2025-03-14 02:00,0.949722,0,0,0,0,0,0,0,0,0,0,0,0,,0.0,0.0,0.0,0.0,0.0,0.0,0.0,0.0
9000008121,2025-03-14 03:00,0.965,0,0,0,0,0,0,0,0,0,0,0,0,,0.0,0.0,0.0,0.0,0.0,0.0,0.0,0.0
9000008121,2025-03-14 04:00,0.9475,0,0,0,0,0,0,0,0,0,0,0,0,,0.0,0.0,0.0,0.0,0.0,0.0,0.0,0.0
9000008121,2025-03-14 05:00,0.976944,0,0,0,0,0,0,3,1,4,0,0,0,42.0,50.0,0.0,0.0,25.0,25.0,0.0,0.0,0.0
9000008121,2025-03-14 06:00,0.984444,1,6,7,1,5,6,73,103,176,7,16,23,38.0,17.34,15.61,35.84,19.08,6.94,4.62,1.73,0.0
9000008121,2025-03-14 07:00,0.999167,4,12,16,3,6,9,274,360,634,24,46,70,41.5,27.8,15.64,25.12,15.17,7.11,3.95,3.0,2.37
9000008121,2025-03-14 08:00,0.999167,10,5,15,9,11,20,315,342,657,35,57,92,46.5,17.84,14.79,30.95,14.33,10.98,6.1,3.2,1.98
9000008121,2025-03-14 09:00,0.999444,2,8,10,5,11,16,302,295,597,29,45,74,45.0,20.6,9.38,30.49,17.42,11.89,7.04,1.84,1.34
9000008121,2025-03-14 10:00,0.999444,0,2,2,3,12,15,322,333,655,29,51,80,47.5,19.54,9.77,29.92,17.1,11.45,6.72,3.66,1.83
9000008121,2025-03-14 11:00,0.999444,7,3,10,0,9,9,286,299,585,27,98,125,47.5,24.96,11.11,22.56,18.63,10.43,7.52,2.22,2.56
9000008121,2025-03-14 12:00,0.999444,6,5,11,5,17,22,309,260,569,23,70,93,49.5,11.6,6.15,31.11,26.01,10.72,8.44,3.16,2.81
9000008121,2025-03-14 13:00,0.999444,7,9,16,8,13,21,464,306,770,50,78,128,49.0,12.47,7.4,25.45,27.92,12.6,7.27,3.51,3.38
9000008121,2025-03-14 14:00,0.999444,8,7,15,7,15,22,450,330,780,41,56,97,46.5,7.95,12.31,33.21,23.72,10.77,7.31,3.21,1.54
9000008121,2025-03-14 15:00,0.999167,4,11,15,6,19,25,452,375,827,38,52,90,48.0,5.93,15.86,34.26,20.1,10.53,6.17,3.03,4.24
9000008121,2025-03-14 16:00,0.999167,0,3,3,3,15,18,409,308,717,18,33,51,48.5,9.36,14.11,31.84,20.53,10.47,7.68,3.91,2.23
9000008121,2025-03-14 17:00,0.999444,4,10,14,1,4,5,329,309,638,14,31,45,47.5,12.38,14.42,32.76,17.4,10.34,6.43,3.29,2.98
9000008121,2025-03-14 18:00,0.999167,0,0,0,0,2,2,95,96,191,5,4,9,39.0,12.57,12.04,45.55,15.71,8.38,1.57,2.09,2.09
9000008121,2025-03-14 19:00,0.976389,0,0,0,0,0,0,6,4,10,0,0,0,53.0,30.0,20.0,10.0,10.0,10.0,10.0,0.0,10.0
9000008121,2025-03-14 20:00,0.999722,0,0,0,0,0,0,3,0,3,0,0,0,63.0,0.0,33.33,33.33,0.0,0.0,0.0,33.33,0.0
9000008121,2025-03-14 21:00,0.964722,0,0,0,0,0,0,1,1,2,0,0,0,23.5,0.0,50.0,50.0,0.0,0.0,0.0,0.0,0.0
9000008121,2025-03-14 22:00,0.999444,0,0,0,0,0,0,2,0,2,0,0,0,13.5,50.0,50.0,0.0,0.0,0.0,0.0,0.0,0.0
9000008121,2025-03-14 23:00,0.971111,0,0,0,0,1,1,2,0,2,0,1,1,14.0,0.0,100.0,0.0,0.0,0.0,0.0,0.0,0.0
9000008121,2025-03-15 00:00,0.970556,0,0,0,0,0,0,0,0,0,0,0,0,,0.0,0.0,0.0,0.0,0.0,0.0,0.0,0.0
9000008121,2025-03-15 01:00,0.987778,0,0,0,0,0,0,0,0,0,0,0,0,,0.0,0.0,0.0,0.0,0.0,0.0,0.0,0.0
9000008121,2025-03-15 02:00,0.982778,0,0,0,0,0,0,0,0,0,0,0,0,,0.0,0.0,0.0,0.0,0.0,0.0,0.0,0.0
9000008121,2025-03-15 03:00,0.966389,0,0,0,0,0,0,1,4,5,0,0,0,16.0,20.0,80.0,0.0,0.0,0.0,0.0,0.0,0.0
9000008121,2025-03-15 04:00,0.984722,0,0,0,0,0,0,0,0,0,0,0,0,,0.0,0.0,0.0,0.0,0.0,0.0,0.0,0.0
9000008121,2025-03-15 05:00,0.977778,0,0,0,0,0,0,0,0,0,0,0,0,,0.0,0.0,0.0,0.0,0.0,0.0,0.0,0.0
9000008121,2025-03-15 06:00,0.975,0,0,0,0,0,0,21,15,36,4,4,8,48.5,14.29,14.29,22.86,25.71,8.57,8.57,0.0,5.71
9000008121,2025-03-15 07:00,0.999444,0,0,0,2,1,3,62,42,104,2,8,10,55.5,24.04,4.81,25.96,11.54,16.35,7.69,3.85,5.77
9000008121,2025-03-15 08:00,0.999167,0,0,0,3,1,4,128,81,209,11,10,21,56.5,24.88,4.78,19.14,19.14,12.44,8.13,4.78,6.7
9000008121,2025-03-15 09:00,0.999444,1,1,2,3,2,5,216,125,341,11,21,32,50.0,17.6,6.16,25.22,17.6,18.48,8.21,3.52,3.23
9000008121,2025-03-15 10:00,0.999444,0,0,0,5,7,12,271,191,462,23,21,44,48.0,20.78,7.79,21.86,21.0,15.8,7.79,2.38,2.6
9000008121,2025-03-15 11:00,0.999444,6,4,10,5,11,16,300,232,532,9,26,35,46.0,17.48,13.16,26.69,20.11,12.78,6.58,1.5,1.69
9000008121,2025-03-15 12:00,0.999167,1,2,3,0,15,15,321,223,544,16,28,44,51.5,18.75,4.6,30.7,18.38,11.4,8.46,5.15,2.57
9000008121,2025-03-15 13:00,0.999444,0,5,5,3,19,22,276,254,530,20,44,64,49.0,18.11,8.87,26.79,21.32,10.57,8.68,2.83,2.83
9000008121,2025-03-15 14:00,0.999167,5,7,12,4,16,20,292,268,560,14,43,57,47.0,10.89,10.71,33.21,20.89,12.14,7.86,3.04,1.25
9000008121,2025-03-15 15:00,0.999722,0,4,4,4,19,23,290,266,556,17,23,40,50.5,13.31,12.23,32.01,16.37,10.43,9.53,4.32,1.8
9000008121,2025-03-15 16:00,0.998889,5,8,13,3,9,12,273,242,515,14,33,47,47.5,10.89,12.65,32.1,19.65,12.45,6.61,4.28,1.56
9000008121,2025-03-15 17:00,0.999444,7,12,19,2,7,9,233,228,461,9,19,28,48.0,18.22,6.51,28.42,21.26,13.45,6.07,3.04,3.04
9000008121,2025-03-15 18:00,0.989722,0,0,0,0,2,2,83,93,176,6,3,9,43.0,26.44,4.02,31.03,18.39,13.22,4.6,0.57,1.72
9000008121,2025-03-15 19:00,0.999167,0,0,0,0,0,0,1,1,2,0,0,0,63.5,50.0,0.0,0.0,0.0,0.0,0.0,50.0,0.0
9000008121,2025-03-15 20:00,0.995833,0,0,0,0,0,0,1,2,3,0,0,0,62.5,0.0,33.33,0.0,0.0,33.33,0.0,33.33,0.0
9000008121,2025-03-15 21:00,0.999167,0,0,0,0,0,0,1,0,1,0,0,0,19.0,0.0,100.0,0.0,0.0,0.0,0.0,0.0,0.0
9000008121,2025-03-15 22:00,0.947222,0,0,0,1,0,1,1,4,5,0,0,0,31.5,0.0,20.0,60.0,20.0,0.0,0.0,0.0,0.0
9000008121,2025-03-15 23:00,0.953889,0,0,0,0,0,0,1,3,4,0,0,0,27.0,25.0,25.0,50.0,0.0,0.0,0.0,0.0,0.0
9000008121,2025-03-16 00:00,0.985556,0,0,0,0,0,0,2,1,3,0,0,0,98.0,33.33,33.33,0.0,0.0,0.0,0.0,0.0,33.33
9000008121,2025-03-16 01:00,0.968056,0,0,0,0,0,0,0,0,0,0,0,0,,0.0,0.0,0.0,0.0,0.0,0.0,0.0,0.0
9000008121,2025-03-16 02:00,0.954722,0,0,0,0,0,0,5,0,5,0,0,0,32.0,75.0,0.0,0.0,25.0,0.0,0.0,0.0,0.0
9000008121,2025-03-16 03:00,0.981111,0,0,0,0,0,0,0,0,0,0,0,0,,0.0,0.0,0.0,0.0,0.0,0.0,0.0,0.0
9000008121,2025-03-16 04:00,0.958333,0,0,0,0,0,0,0,0,0,0,0,0,,0.0,0.0,0.0,0.0,0.0,0.0,0.0,0.0
9000008121,2025-03-16 05:00,0.981389,0,0,0,0,0,0,0,1,1,0,0,0,39.0,0.0,0.0,0.0,100.0,0.0,0.0,0.0,0.0
9000008121,2025-03-16 06:00,0.993333,0,0,0,0,0,0,18,26,44,2,3,5,42.5,29.55,18.18,20.45,13.64,6.82,6.82,4.55,0.0
9000008121,2025-03-16 07:00,0.999167,0,0,0,0,1,1,32,25,57,4,6,10,60.5,12.28,5.26,33.33,12.28,10.53,10.53,10.53,5.26
9000008121,2025-03-16 08:00,0.999722,3,1,4,0,3,3,78,38,116,5,6,11,53.5,6.9,2.59,31.9,18.97,18.97,12.93,5.17,2.59
9000008121,2025-03-16 09:00,0.999444,2,3,5,1,5,6,154,155,309,5,13,18,43.0,22.98,11.0,27.51,18.12,13.27,5.18,1.29,0.65
9000008121,2025-03-16 10:00,0.999444,9,10,19,3,5,8,163,163,326,7,17,24,46.0,26.69,5.83,24.54,19.94,11.04,8.28,2.15,1.53
9000008121,2025-03-16 11:00,0.999444,3,3,6,0,7,7,190,178,368,7,22,29,48.5,22.28,6.79,21.74,22.55,13.86,10.05,1.09,1.63
9000008121,2025-03-16 12:00,0.999444,1,1,2,2,6,8,214,181,395,8,25,33,51.5,15.44,8.1,25.82,20.76,13.42,9.87,3.54,3.04
9000008121,2025-03-16 13:00,0.999444,0,2,2,1,11,12,234,184,418,5,22,27,47.5,10.53,11.48,27.99,23.44,15.07,5.74,3.83,1.91
9000008121,2025-03-16 14:00,0.999167,1,3,4,12,13,25,230,213,443,8,30,38,43.0,4.29,21.9,30.25,23.48,12.19,4.97,2.26,0.68
9000008121,2025-03-16 15:00,0.999444,2,5,7,2,7,9,214,147,361,7,24,31,48.5,7.76,14.68,26.32,25.76,12.47,9.14,2.22,1.66
9000008121,2025-03-16 16:00,0.999444,5,9,14,1,9,10,242,183,425,6,47,53,48.0,12.71,12.71,26.59,22.59,12.94,7.76,3.06,1.65
9000008121,2025-03-16 17:00,0.999444,5,8,13,5,9,14,202,211,413,6,15,21,50.0,12.11,19.13,26.63,17.68,9.44,7.75,3.63,3.63
9000008121,2025-03-16 18:00,0.999722,0,0,0,0,1,1,62,68,130,2,2,4,46.5,16.92,12.31,29.23,21.54,10.0,7.69,2.31,0.0
9000008121,2025-03-16 19:00,0.994444,0,0,0,0,0,0,1,2,3,0,0,0,23.0,66.67,0.0,33.33,0.0,0.0,0.0,0.0,0.0
9000008121,2025-03-16 20:00,0.999444,0,0,0,0,0,0,1,1,2,0,0,0,9.0,100.0,0.0,0.0,0.0,0.0,0.0,0.0,0.0
9000008121,2025-03-16 21:00,0.976944,0,0,0,0,0,0,2,1,3,0,1,1,62.5,33.33,0.0,0.0,0.0,33.33,0.0,33.33,0.0
9000008121,2025-03-16 22:00,0.968611,0,0,0,0,0,0,1,1,2,0,0,0,14.0,0.0,100.0,0.0,0.0,0.0,0.0,0.0,0.0
9000008121,2025-03-16 23:00,0.999167,0,0,0,0,0,0,1,0,1,0,0,0,34.0,0.0,0.0,0.0,100.0,0.0,0.0,0.0,0.0
9000008121,2025-03-17 00:00,0.999167,0,0,0,0,0,0,1,0,1,0,0,0,14.0,0.0,100.0,0.0,0.0,0.0,0.0,0.0,0.0
9000008121,2025-03-17 01:00,0.971667,0,0,0,0,0,0,0,0,0,0,0,0,,0.0,0.0,0.0,0.0,0.0,0.0,0.0,0.0
9000008121,2025-03-17 02:00,0.964444,0,0,0,0,0,0,0,0,0,0,0,0,,0.0,0.0,0.0,0.0,0.0,0.0,0.0,0.0
9000008121,2025-03-17 03:00,0.944444,0,0,0,0,1,1,0,1,1,0,0,0,14.0,0.0,100.0,0.0,0.0,0.0,0.0,0.0,0.0
9000008121,2025-03-17 04:00,0.962222,0,0,0,0,1,1,0,0,0,0,0,0,,0.0,0.0,0.0,0.0,0.0,0.0,0.0,0.0
9000008121,2025-03-17 05:00,0.963889,0,0,0,0,0,0,3,0,3,0,0,0,43.0,0.0,66.67,0.0,0.0,33.33,0.0,0.0,0.0
9000008121,2025-03-17 06:00,0.968333,0,1,1,1,3,4,103,119,222,11,23,34,38.0,33.02,3.26,26.51,25.12,8.37,2.79,0.47,0.47
9000008121,2025-03-17 07:00,0.999167,3,11,14,5,3,8,266,326,592,29,92,121,41.0,20.61,11.99,32.77,18.58,8.95,4.22,0.84,2.03
9000008121,2025-03-17 08:00,0.984722,2,6,8,1,3,4,366,294,660,38,94,133,45.0,17.38,6.92,32.0,23.08,11.38,6.92,1.38,1.08
9000008121,2025-03-17 09:00,0.999444,3,7,10,2,3,5,289,267,556,45,119,164,38.0,21.04,12.41,31.65,23.02,7.73,2.88,0.72,0.54
9000008121,2025-03-17 10:00,0.999444,0,3,3,0,4,4,275,274,549,31,118,149,41.5,19.85,7.1,29.87,26.23,8.2,5.46,2.19,1.09
9000008121,2025-03-17 11:00,0.999722,0,0,0,0,6,6,236,187,423,28,153,181,42.5,16.31,1.65,30.5,33.81,8.98,4.73,2.36,1.65
9000008121,2025-03-17 12:00,0.999444,0,2,2,4,3,7,288,200,488,31,77,108,48.5,5.33,11.07,28.48,26.84,15.78,7.79,3.28,1.43
9000008121,2025-03-17 13:00,0.999444,0,0,0,4,5,9,287,235,522,33,70,103,47.0,16.67,7.66,28.54,21.84,13.22,8.24,2.68,1.15
9000008121,2025-03-17 14:00,0.999722,4,5,9,4,31,35,405,263,668,40,71,111,48.0,9.58,9.28,30.84,25.9,11.68,7.19,3.29,2.25
9000008121,2025-03-17 15:00,0.999167,0,7,7,6,16,22,589,384,973,39,82,121,46.0,7.2,14.2,30.14,24.18,13.17,6.38,2.98,1.85
9000008121,2025-03-17 16:00,0.999444,11,19,30,2,20,22,486,355,841,29,72,101,47.0,12.84,12.13,33.65,18.79,11.41,7.13,2.5,1.55
9000008121,2025-03-17 17:00,0.999444,2,13,15,9,15,24,366,324,690,17,30,47,44.5,11.59,10.43,39.71,17.39,10.87,6.81,1.88,1.3
9000008121,2025-03-17 18:00,0.991111,0,1,1,2,4,6,129,171,300,4,6,10,39.0,16.11,12.75,39.26,18.46,8.05,4.03,1.01,1.01
9000008121,2025-03-17 19:00,0.975833,0,0,0,0,0,0,3,2,5,0,0,0,21.0,20.0,60.0,20.0,0.0,0.0,0.0,0.0,0.0
9000008121,2025-03-17 20:00,0.957778,0,0,0,0,0,0,0,6,6,0,1,1,71.0,0.0,33.33,33.33,0.0,0.0,0.0,0.0,16.67
9000008121,2025-03-17 21:00,0.96,0,0,0,0,0,0,1,2,3,0,0,0,82.5,66.67,0.0,0.0,0.0,0.0,0.0,0.0,33.33
9000008121,2025-03-17 22:00,0.941389,0,0,0,0,0,0,2,3,5,0,0,0,38.0,20.0,40.0,0.0,40.0,0.0,0.0,0.0,0.0
9000008121,2025-03-17 23:00,0.930556,0,0,0,0,0,0,0,1,1,0,0,0,19.0,0.0,100.0,0.0,0.0,0.0,0.0,0.0,0.0
9000008121,2025-03-18 00:00,0.971111,0,0,0,0,0,0,0,0,0,0,1,1,,0.0,0.0,0.0,0.0,0.0,0.0,0.0,0.0
9000008121,2025-03-18 01:00,0.938889,0,0,0,0,0,0,0,0,0,0,0,0,,0.0,0.0,0.0,0.0,0.0,0.0,0.0,0.0
9000008121,2025-03-18 02:00,0.936944,0,0,0,0,0,0,0,0,0,0,0,0,,0.0,0.0,0.0,0.0,0.0,0.0,0.0,0.0
9000008121,2025-03-18 03:00,0.906944,0,0,0,0,1,1,0,0,0,0,0,0,,0.0,0.0,0.0,0.0,0.0,0.0,0.0,0.0
9000008121,2025-03-18 04:00,0.864722,0,0,0,0,0,0,3,0,3,0,0,0,38.0,33.33,0.0,0.0,66.67,0.0,0.0,0.0,0.0
9000008121,2025-03-18 05:00,0.929722,0,0,0,0,0,0,2,0,2,0,0,0,68.5,0.0,0.0,50.0,0.0,0.0,0.0,50.0,0.0
9000008121,2025-03-18 06:00,0.968611,0,4,4,1,0,1,126,95,221,9,19,28,44.0,9.81,14.49,30.37,25.23,10.28,7.01,0.93,2.34
9000008121,2025-03-18 07:00,0.999444,8,18,26,4,6,10,282,356,638,28,89,117,39.5,13.64,15.83,35.42,21.16,7.37,3.29,1.57,1.72
9000008121,2025-03-18 08:00,0.996389,1,4,5,4,2,6,395,366,761,48,76,124,40.5,16.34,10.67,37.55,19.76,10.8,3.29,0.92,0.66
9000008121,2025-03-18 09:00,0.999722,5,13,18,1,3,4,303,301,604,31,57,88,37.5,14.57,22.85,30.63,21.36,6.13,2.65,0.99,0.83
9000008121,2025-03-18 10:00,0.999444,9,7,16,1,7,8,300,254,554,24,80,104,43.0,17.51,9.21,28.52,24.73,14.08,4.33,0.9,0.72
9000008121,2025-03-18 11:00,0.999444,2,13,15,0,5,5,243,178,421,18,106,124,46.5,13.54,3.09,30.64,29.45,12.11,6.41,1.9,2.85
9000008121,2025-03-18 12:00,0.999444,1,2,3,3,9,12,257,175,432,10,95,105,43.0,0.69,9.49,38.19,29.86,15.51,3.7,1.85,0.69
9000008121,2025-03-18 13:00,0.999722,2,2,4,3,5,8,316,261,577,34,72,106,45.0,5.55,16.29,33.8,22.7,12.13,6.76,1.91,0.87
9000008121,2025-03-18 14:00,0.999444,0,0,0,9,16,25,419,299,718,38,68,106,42.0,5.43,10.17,41.09,25.49,10.86,4.46,1.39,1.11
9000008121,2025-03-18 15:00,0.999444,3,17,20,4,20,24,640,373,1013,46,54,100,45.5,4.25,12.15,39.72,22.53,12.35,5.34,2.17,1.58
9000008121,2025-03-18 16:00,0.999444,1,15,16,3,33,36,602,349,951,40,68,108,46.0,9.05,8.0,36.95,23.47,12.32,6.42,2.11,1.79
9000008121,2025-03-18 17:00,0.999167,3,20,23,10,16,26,443,348,791,26,69,95,44.5,12.53,10.38,34.3,20.38,14.18,5.44,1.14,1.77
9000008121,2025-03-18 18:00,0.999722,0,2,2,4,5,9,181,177,358,6,15,21,38.5,25.42,8.66,33.8,19.27,5.59,3.91,1.68,1.68
9000008121,2025-03-18 19:00,0.9825,0,0,0,0,0,0,2,1,3,0,0,0,58.0,33.33,33.33,0.0,0.0,0.0,33.33,0.0,0.0
9000008121,2025-03-18 20:00,0.988056,0,0,0,0,0,0,0,1,1,0,0,0,24.0,0.0,0.0,100.0,0.0,0.0,0.0,0.0,0.0
9000008121,2025-03-18 21:00,0.989167,0,0,0,0,0,0,1,1,2,0,0,0,33.5,50.0,0.0,0.0,50.0,0.0,0.0,0.0,0.0
9000008121,2025-03-18 22:00,0.963056,0,0,0,0,0,0,0,0,0,0,0,0,,0.0,0.0,0.0,0.0,0.0,0.0,0.0,0.0
9000008121,2025-03-18 23:00,0.961389,0,0,0,0,0,0,3,1,4,0,0,0,47.0,25.0,25.0,0.0,0.0,50.0,0.0,0.0,0.0
9000008121,2025-03-19 00:00,0.974444,0,0,0,0,0,0,0,1,1,0,0,0,4.0,100.0,0.0,0.0,0.0,0.0,0.0,0.0,0.0
9000008121,2025-03-19 01:00,0.945,0,0,0,0,0,0,0,0,0,0,0,0,,0.0,0.0,0.0,0.0,0.0,0.0,0.0,0.0
9000008121,2025-03-19 02:00,0.947222,0,0,0,0,0,0,1,1,2,0,0,0,24.0,0.0,0.0,100.0,0.0,0.0,0.0,0.0,0.0
9000008121,2025-03-19 03:00,0.936944,0,0,0,0,0,0,2,3,5,0,0,0,11.0,80.0,20.0,0.0,0.0,0.0,0.0,0.0,0.0
9000008121,2025-03-19 04:00,0.934722,0,0,0,1,0,1,1,1,2,0,0,0,38.5,0.0,0.0,50.0,50.0,0.0,0.0,0.0,0.0
9000008121,2025-03-19 05:00,0.954722,0,0,0,0,0,0,3,4,8,0,2,2,40.0,28.57,28.57,14.29,14.29,0.0,14.29,0.0,0.0
9000008121,2025-03-19 06:00,0.981667,7,7,14,1,6,7,135,126,260,13,22,35,47.0,14.51,10.59,34.12,19.22,9.8,7.45,1.18,3.92
9000008121,2025-03-19 07:00,0.995278,3,9,12,4,6,10,346,350,697,36,109,146,44.5,9.67,9.52,36.51,25.25,9.96,5.19,2.89,1.15
9000008121,2025-03-19 08:00,0.999444,1,5,6,3,10,13,476,422,898,24,70,94,42.5,12.25,9.35,33.18,26.61,11.8,4.9,1.34,0.56
9000008121,2025-03-19 09:00,0.999722,9,7,16,0,8,8,314,472,786,21,79,100,37.0,23.66,12.34,35.5,18.45,6.11,2.04,1.02,0.89
9000008121,2025-03-19 10:00,0.999444,5,8,13,1,8,9,277,300,577,14,84,98,41.5,16.64,6.07,33.1,27.38,11.09,3.12,1.04,1.56
9000008121,2025-03-19 11:00,0.999444,3,2,5,3,8,11,277,244,521,10,156,166,46.0,14.59,2.5,29.37,29.17,14.78,5.18,1.73,2.69
9000008121,2025-03-19 12:00,0.999167,0,0,0,6,1,7,282,215,497,36,93,129,46.5,5.43,8.65,30.78,29.98,15.69,5.03,1.81,2.62
9000008121,2025-03-19 13:00,0.999167,1,2,3,3,11,14,319,272,591,16,53,69,47.5,4.06,11.17,35.7,25.04,12.52,7.28,2.54,1.69
9000008121,2025-03-19 14:00,0.999444,7,11,18,11,25,36,436,357,793,24,65,89,45.0,5.42,14.63,33.29,24.21,13.24,5.42,2.77,1.01
9000008121,2025-03-19 15:00,0.999722,11,15,26,7,25,32,727,382,1109,51,56,107,45.0,3.25,13.98,33.0,26.51,14.07,6.67,1.89,0.63
9000008121,2025-03-19 16:00,0.999444,9,31,40,20,40,60,876,427,1303,49,82,131,44.5,4.76,14.98,38.17,21.58,11.37,6.45,1.38,1.38
9000008121,2025-03-19 17:00,0.999444,5,25,30,14,29,43,575,442,1017,24,53,77,44.0,12.8,11.81,35.53,20.47,10.83,4.72,2.26,1.67
9000008121,2025-03-19 18:00,0.999444,0,2,2,2,5,7,220,221,441,2,8,10,42.0,16.55,12.02,34.92,19.5,9.07,3.17,2.04,2.72
9000008121,2025-03-19 19:00,0.886944,0,0,0,0,0,0,3,0,3,0,0,0,79.0,0.0,0.0,0.0,0.0,0.0,0.0,50.0,50.0
9000008121,2025-03-19 20:00,0.999167,0,0,0,0,0,0,0,0,0,0,0,0,,0.0,0.0,0.0,0.0,0.0,0.0,0.0,0.0
9000008121,2025-03-19 21:00,0.965278,0,0,0,0,1,1,0,2,2,0,0,0,43.5,0.0,0.0,50.0,0.0,50.0,0.0,0.0,0.0
9000008121,2025-03-19 22:00,0.994722,0,0,0,0,0,0,0,0,0,0,0,0,,0.0,0.0,0.0,0.0,0.0,0.0,0.0,0.0
9000008121,2025-03-19 23:00,0.999167,0,0,0,0,0,0,0,0,0,0,0,0,,0.0,0.0,0.0,0.0,0.0,0.0,0.0,0.0
9000008121,2025-03-20 00:00,0.964722,0,0,0,0,0,0,0,1,1,0,0,0,49.0,0.0,0.0,0.0,0.0,100.0,0.0,0.0,0.0
9000008121,2025-03-20 01:00,0.965278,0,0,0,0,0,0,0,0,0,0,0,0,,0.0,0.0,0.0,0.0,0.0,0.0,0.0,0.0
9000008121,2025-03-20 02:00,0.963611,0,0,0,0,0,0,1,0,1,0,0,0,44.0,0.0,0.0,0.0,0.0,100.0,0.0,0.0,0.0
9000008121,2025-03-20 03:00,0.983889,0,0,0,0,0,0,0,0,0,0,0,0,,0.0,0.0,0.0,0.0,0.0,0.0,0.0,0.0
9000008121,2025-03-20 04:00,0.953333,0,0,0,0,0,0,0,0,0,0,0,0,,0.0,0.0,0.0,0.0,0.0,0.0,0.0,0.0
9000008121,2025-03-20 05:00,0.943333,0,0,0,0,0,0,3,3,7,0,0,0,38.5,16.67,0.0,33.33,50.0,0.0,0.0,0.0,0.0
9000008121,2025-03-20 06:00,0.670833,0,0,0,2,1,3,150,127,278,10,26,36,45.0,18.28,8.06,25.81,26.34,11.29,7.53,2.15,0.54
9000008121,2025-03-20 07:00,0.999167,4,6,10,6,9,15,348,394,742,29,98,127,42.5,12.01,16.87,35.63,17.81,11.07,4.32,1.35,1.08
9000008121,2025-03-20 08:00,0.999722,7,8,15,3,2,5,500,344,844,39,63,102,42.5,10.66,10.66,35.31,24.64,12.91,3.55,1.07,1.18
9000008121,2025-03-20 09:00,0.999444,6,9,15,3,5,8,337,371,708,29,90,119,36.5,21.33,18.79,31.92,17.51,7.06,2.4,0.71,0.28
9000008121,2025-03-20 10:00,0.999722,7,6,13,0,10,10,256,230,486,19,86,105,38.5,14.61,9.47,39.3,24.07,7.2,3.29,0.41,1.65
9000008121,2025-03-20 11:00,0.999167,12,6,18,3,6,9,258,177,435,31,143,174,47.5,17.01,4.83,26.44,28.51,11.26,7.13,2.07,2.76
9000008121,2025-03-20 12:00,0.999444,0,0,0,3,14,17,266,206,472,22,86,108,44.0,3.39,11.86,34.75,28.39,13.98,3.6,2.12,1.91
9000008121,2025-03-20 13:00,0.999444,9,9,18,9,21,30,332,279,611,16,45,61,46.5,5.73,9.98,35.84,25.2,11.78,8.02,1.8,1.64
9000008121,2025-03-20 14:00,0.999167,4,3,7,12,14,26,420,332,752,21,73,94,43.5,7.32,11.19,30.23,29.69,15.18,5.33,0.67,0.53
9000008121,2025-03-20 15:00,0.999722,0,8,8,23,29,52,658,414,1072,35,72,107,43.5,6.44,12.22,37.5,23.41,12.78,4.57,1.77,1.31
9000008121,2025-03-20 16:00,0.999444,6,22,28,13,36,49,608,406,1014,46,48,94,42.5,8.49,13.92,40.38,19.45,9.87,4.84,1.97,1.18
9000008121,2025-03-20 17:00,0.999444,6,18,24,6,27,33,432,413,845,20,20,40,44.5,15.62,14.08,33.96,16.8,9.94,4.73,2.13,2.72
9000008121,2025-03-20 18:00,0.999167,3,5,8,5,9,14,218,207,425,1,11,12,44.0,12.24,10.82,41.65,16.0,9.65,5.41,2.59,1.65
9000008121,2025-03-20 19:00,1.0,0,0,0,0,0,0,0,0,0,0,0,0,,0.0,0.0,0.0,0.0,0.0,0.0,0.0,0.0
9000008121,2025-03-20 20:00,0.999167,0,0,0,0,0,0,0,0,0,0,0,0,,0.0,0.0,0.0,0.0,0.0,0.0,0.0,0.0
9000008121,2025-03-20 21:00,0.998056,0,0,0,0,0,0,0,0,0,0,0,0,,0.0,0.0,0.0,0.0,0.0,0.0,0.0,0.0
9000008121,2025-03-20 22:00,0.986389,0,0,0,0,0,0,0,0,0,0,0,0,,0.0,0.0,0.0,0.0,0.0,0.0,0.0,0.0
9000008121,2025-03-20 23:00,0.996944,0,0,0,0,0,0,0,0,0,0,0,0,,0.0,0.0,0.0,0.0,0.0,0.0,0.0,0.0
9000008121,2025-03-21 00:00,0.990556,0,0,0,0,0,0,1,0,1,0,0,0,84.0,0.0,0.0,0.0,0.0,0.0,0.0,0.0,100.0
9000008121,2025-03-21 01:00,0.984167,0,0,0,0,0,0,0,0,0,0,0,0,,0.0,0.0,0.0,0.0,0.0,0.0,0.0,0.0
9000008121,2025-03-21 02:00,0.909722,0,0,0,0,0,0,0,1,1,0,0,0,9.0,100.0,0.0,0.0,0.0,0.0,0.0,0.0,0.0
9000008121,2025-03-21 03:00,0.98,0,0,0,0,0,0,0,0,0,0,0,0,,0.0,0.0,0.0,0.0,0.0,0.0,0.0,0.0
9000008121,2025-03-21 04:00,0.999444,0,0,0,0,0,0,0,0,0,0,0,0,,0.0,0.0,0.0,0.0,0.0,0.0,0.0,0.0
9000008121,2025-03-21 05:00,0.923889,0,0,0,0,0,0,7,11,18,0,0,0,37.0,5.88,23.53,35.29,23.53,5.88,5.88,0.0,0.0
9000008121,2025-03-21 06:00,0.988333,2,4,6,2,4,6,105,120,225,8,22,30,44.5,25.68,8.56,27.48,18.92,10.81,3.15,1.8,4.05
9000008121,2025-03-21 07:00,0.999444,0,10,10,9,9,18,286,350,636,35,46,81,43.0,19.18,18.24,28.62,15.25,10.06,5.03,1.73,1.89
9000008121,2025-03-21 08:00,0.999444,3,9,12,2,9,11,385,321,706,39,74,113,46.0,16.86,12.32,27.62,20.68,12.32,6.09,2.69,1.42
9000008121,2025-03-21 09:00,0.999444,21,7,28,9,10,19,287,252,539,33,51,84,40.0,18.92,10.95,33.77,21.15,11.13,3.15,0.56,0.37
9000008121,2025-03-21 10:00,0.999167,6,15,21,7,11,18,316,329,645,38,90,128,39.0,27.17,15.22,20.81,23.6,9.32,2.64,0.47,0.93
9000008121,2025-03-21 11:00,0.999444,6,4,10,1,12,13,305,266,571,39,125,164,44.5,31.7,8.06,18.21,22.42,9.28,7.18,2.1,1.05
9000008121,2025-03-21 12:00,0.999444,0,1,1,4,15,19,288,299,587,30,96,126,45.5,17.21,13.46,26.41,19.93,13.12,7.5,1.87,0.51
9000008121,2025-03-21 13:00,0.999167,0,0,0,9,20,29,446,299,745,27,83,110,47.0,3.76,10.35,33.33,28.09,13.04,6.45,3.23,1.88
9000008121,2025-03-21 14:00,1.0,0,2,2,7,18,25,410,285,695,31,61,92,46.5,4.17,12.09,32.23,25.9,14.53,7.19,2.73,1.15
9000008121,2025-03-21 15:00,0.999444,3,8,11,12,23,35,404,355,759,27,72,99,44.5,6.85,11.2,38.21,23.19,10.54,6.32,2.37,1.32
9000008121,2025-03-21 16:00,0.999444,1,12,13,9,23,32,361,317,678,31,51,82,47.0,8.26,12.39,36.14,20.5,11.5,6.78,1.77,2.65
9000008121,2025-03-21 17:00,0.999444,11,16,27,12,27,39,303,426,729,20,34,54,39.5,24.55,13.72,28.81,18.93,7.0,4.39,1.37,1.23
9000008121,2025-03-21 18:00,0.999444,2,0,2,5,3,8,176,130,306,9,9,18,48.0,16.01,8.17,33.33,21.24,8.17,4.9,3.92,4.25
9000008121,2025-03-21 19:00,0.999722,0,0,0,0,0,0,2,1,3,0,0,0,68.0,0.0,0.0,0.0,33.33,0.0,33.33,33.33,0.0
9000008121,2025-03-21 20:00,0.999722,0,0,0,0,0,0,1,0,1,0,0,0,14.0,0.0,100.0,0.0,0.0,0.0,0.0,0.0,0.0
9000008121,2025-03-21 21:00,0.999722,0,0,0,0,0,0,0,2,2,0,0,0,28.5,0.0,50.0,50.0,0.0,0.0,0.0,0.0,0.0
9000008121,2025-03-21 22:00,0.999167,0,0,0,0,0,0,0,0,0,0,0,0,,0.0,0.0,0.0,0.0,0.0,0.0,0.0,0.0
9000008121,2025-03-21 23:00,0.999444,0,0,0,0,0,0,0,3,3,0,0,0,68.0,33.33,33.33,0.0,0.0,0.0,0.0,33.33,0.0
9000008121,2025-03-22 00:00,0.970833,0,0,0,0,0,0,0,0,0,0,0,0,,0.0,0.0,0.0,0.0,0.0,0.0,0.0,0.0
9000008121,2025-03-22 01:00,0.978611,0,0,0,0,0,0,0,0,0,0,0,0,,0.0,0.0,0.0,0.0,0.0,0.0,0.0,0.0
9000008121,2025-03-22 02:00,0.999444,0,0,0,0,0,0,0,0,0,0,0,0,,0.0,0.0,0.0,0.0,0.0,0.0,0.0,0.0
9000008121,2025-03-22 03:00,0.999444,0,0,0,0,0,0,0,0,0,0,0,0,,0.0,0.0,0.0,0.0,0.0,0.0,0.0,0.0
9000008121,2025-03-22 04:00,0.983611,0,0,0,0,0,0,0,0,0,0,0,0,,0.0,0.0,0.0,0.0,0.0,0.0,0.0,0.0
9000008121,2025-03-22 05:00,0.965278,0,0,0,0,0,0,2,6,8,0,0,0,24.5,12.5,37.5,37.5,12.5,0.0,0.0,0.0,0.0
9000008121,2025-03-22 06:00,0.999444,0,0,0,0,2,2,40,37,77,5,5,10,51.0,27.27,9.09,12.99,22.08,11.69,10.39,5.19,1.3
9000008121,2025-03-22 07:00,0.999444,3,1,4,0,2,2,62,73,135,6,16,22,46.5,33.33,4.44,20.0,19.26,13.33,6.67,2.96,0.0
9000008121,2025-03-22 08:00,0.999444,4,11,15,1,1,2,123,119,242,13,17,30,46.0,21.9,11.98,17.77,25.62,13.22,6.61,2.07,0.83
9000008121,2025-03-22 09:00,0.999444,7,12,19,0,4,4,228,244,472,13,23,36,40.5,20.55,9.75,32.42,21.4,10.59,3.39,0.64,1.27
9000008121,2025-03-22 10:00,0.999167,7,5,12,3,12,15,249,296,545,19,46,65,41.0,23.3,15.78,26.79,17.98,9.72,3.12,2.02,1.28
9000008121,2025-03-22 11:00,0.999722,3,3,6,5,10,15,252,228,480,14,90,104,45.0,18.12,3.33,26.25,28.12,14.17,5.21,3.12,1.67
9000008121,2025-03-22 12:00,0.999167,0,2,2,6,16,22,281,180,461,20,84,104,45.5,15.84,6.29,24.95,28.2,14.75,7.16,1.74,1.08
9000008121,2025-03-22 13:00,0.999444,1,4,5,3,16,19,279,188,467,17,37,54,49.5,14.35,5.78,19.49,29.98,16.27,9.21,3.85,1.07
9000008121,2025-03-22 14:00,0.999444,4,1,5,3,25,28,291,270,561,11,44,55,49.0,8.56,6.77,31.91,25.67,13.55,8.73,2.67,2.14
9000008121,2025-03-22 15:00,0.999444,4,4,8,10,29,39,281,259,540,15,30,45,47.0,7.78,6.85,31.11,29.07,13.52,6.67,2.78,2.22
9000008121,2025-03-22 16:00,0.999444,8,3,11,6,11,17,280,240,520,15,26,41,48.0,9.42,6.92,30.77,24.23,17.31,5.96,3.27,2.12
9000008121,2025-03-22 17:00,0.999167,2,19,21,4,13,17,255,244,499,12,17,29,46.5,15.83,15.03,27.25,18.04,12.02,5.01,3.61,3.21
9000008121,2025-03-22 18:00,0.999722,0,4,4,2,2,4,138,158,296,6,7,13,38.5,24.66,12.5,34.12,15.2,5.41,3.72,2.03,2.36
9000008121,2025-03-22 19:00,0.978056,0,0,0,0,0,0,0,2,2,0,0,0,28.5,50.0,0.0,50.0,0.0,0.0,0.0,0.0,0.0
9000008121,2025-03-22 20:00,0.999167,0,0,0,0,0,0,3,1,4,1,0,1,18.5,25.0,75.0,0.0,0.0,0.0,0.0,0.0,0.0
9000008121,2025-03-22 21:00,0.999167,0,0,0,0,0,0,4,0,4,0,0,0,72.0,25.0,25.0,0.0,0.0,0.0,25.0,0.0,25.0
9000008121,2025-03-22 22:00,0.981944,0,0,0,0,0,0,1,0,1,0,0,0,39.0,0.0,0.0,0.0,100.0,0.0,0.0,0.0,0.0
9000008121,2025-03-22 23:00,0.999167,0,0,0,0,0,0,0,0,0,0,0,0,,0.0,0.0,0.0,0.0,0.0,0.0,0.0,0.0
9000008121,2025-03-23 00:00,0.991667,0,0,0,0,0,0,0,0,0,0,0,0,,0.0,0.0,0.0,0.0,0.0,0.0,0.0,0.0
9000008121,2025-03-23 01:00,0.999444,0,0,0,0,0,0,0,0,0,0,0,0,,0.0,0.0,0.0,0.0,0.0,0.0,0.0,0.0
9000008121,2025-03-23 02:00,0.976389,0,0,0,0,0,0,0,0,0,0,0,0,,0.0,0.0,0.0,0.0,0.0,0.0,0.0,0.0
9000008121,2025-03-23 03:00,0.999444,0,0,0,0,0,0,0,0,0,0,0,0,,0.0,0.0,0.0,0.0,0.0,0.0,0.0,0.0
9000008121,2025-03-23 04:00,0.986111,0,0,0,0,0,0,0,0,0,0,0,0,,0.0,0.0,0.0,0.0,0.0,0.0,0.0,0.0
9000008121,2025-03-23 05:00,0.984722,0,0,0,0,0,0,1,2,3,0,0,0,28.0,33.33,0.0,66.67,0.0,0.0,0.0,0.0,0.0
9000008121,2025-03-23 06:00,0.999444,0,0,0,0,0,0,21,24,45,2,0,2,53.0,24.44,11.11,24.44,15.56,4.44,13.33,2.22,4.44
9000008121,2025-03-23 07:00,0.999444,1,2,3,0,0,0,31,33,64,6,8,14,48.0,34.38,0.0,20.31,20.31,12.5,9.38,3.12,0.0
9000008121,2025-03-23 08:00,0.999444,4,2,6,2,0,2,83,52,135,6,8,14,49.0,20.0,3.7,25.19,17.78,20.74,6.67,3.7,2.22
9000008121,2025-03-23 09:00,0.999444,6,2,8,2,3,5,129,101,230,4,12,16,44.0,16.96,6.52,39.13,18.26,10.87,5.22,1.3,1.74
9000008121,2025-03-23 10:00,0.998889,3,9,12,2,8,10,177,114,291,6,8,14,48.5,11.68,3.78,32.99,25.09,13.06,7.22,4.12,2.06
9000008121,2025-03-23 11:00,0.999722,3,1,4,4,13,17,204,156,360,10,16,26,44.5,20.28,5.28,29.44,23.33,13.33,4.72,1.67,1.94
9000008121,2025-03-23 12:00,0.999444,5,6,11,5,15,20,199,135,334,5,10,15,48.0,24.55,4.49,24.85,19.16,14.67,7.49,2.1,2.69
9000008121,2025-03-23 13:00,0.999722,0,0,0,6,11,17,211,158,369,8,15,23,51.5,21.41,5.96,24.66,15.99,15.72,10.3,2.44,3.52
9000008121,2025-03-23 14:00,0.999444,1,3,4,4,15,19,213,175,388,10,10,20,50.5,13.14,10.31,25.52,20.88,14.69,7.99,3.61,3.87
9000008121,2025-03-23 15:00,0.999722,5,3,8,9,16,25,201,172,373,4,7,11,51.5,24.66,5.09,23.86,16.09,13.4,8.04,5.09,3.75
9000008121,2025-03-23 16:00,0.999722,3,5,8,4,10,14,224,166,390,7,12,19,48.5,20.26,5.13,31.79,19.23,9.74,8.72,2.05,3.08
9000008121,2025-03-23 17:00,0.999722,4,8,12,4,15,19,207,175,382,7,10,17,48.0,10.99,10.73,31.68,20.68,13.09,6.28,3.4,3.14
9000008121,2025-03-23 18:00,0.999167,6,0,6,1,0,1,100,75,175,2,2,4,44.5,20.57,4.57,30.86,22.29,12.57,5.14,1.71,2.29
9000008121,2025-03-23 19:00,0.999722,0,0,0,0,0,0,1,0,1,0,0,0,14.0,0.0,100.0,0.0,0.0,0.0,0.0,0.0,0.0
9000008121,2025-03-23 20:00,0.999444,0,0,0,0,0,0,2,0,2,0,0,0,54.0,0.0,0.0,0.0,0.0,0.0,100.0,0.0,0.0
9000008121,2025-03-23 21:00,0.999444,0,0,0,0,0,0,1,2,3,0,0,0,58.0,66.67,0.0,0.0,0.0,0.0,33.33,0.0,0.0
9000008121,2025-03-23 22:00,0.999167,0,0,0,0,0,0,1,0,1,0,0,0,9.0,100.0,0.0,0.0,0.0,0.0,0.0,0.0,0.0
9000008121,2025-03-23 23:00,0.999167,0,0,0,0,0,0,1,0,1,0,0,0,14.0,0.0,100.0,0.0,0.0,0.0,0.0,0.0,0.0
9000008121,2025-03-24 00:00,0.999444,0,0,0,0,0,0,0,0,0,0,0,0,,0.0,0.0,0.0,0.0,0.0,0.0,0.0,0.0
9000008121,2025-03-24 01:00,0.999167,0,0,0,0,0,0,0,0,0,0,0,0,,0.0,0.0,0.0,0.0,0.0,0.0,0.0,0.0
9000008121,2025-03-24 02:00,0.999444,0,0,0,0,0,0,0,0,0,0,0,0,,0.0,0.0,0.0,0.0,0.0,0.0,0.0,0.0
9000008121,2025-03-24 03:00,0.988056,0,0,0,0,0,0,0,0,0,0,0,0,,0.0,0.0,0.0,0.0,0.0,0.0,0.0,0.0
9000008121,2025-03-24 04:00,0.999167,0,0,0,0,0,0,0,0,0,0,0,0,,0.0,0.0,0.0,0.0,0.0,0.0,0.0,0.0
9000008121,2025-03-24 05:00,0.991944,0,0,0,0,0,0,5,5,10,0,1,1,31.0,20.0,30.0,30.0,20.0,0.0,0.0,0.0,0.0
9000008121,2025-03-24 06:00,0.999444,0,1,1,2,4,6,116,122,238,17,22,39,46.5,28.57,3.78,27.31,18.07,10.92,3.78,1.68,5.88
9000008121,2025-03-24 07:00,0.999444,1,3,4,4,5,9,210,229,439,18,51,69,43.5,23.01,8.66,28.7,20.73,8.66,4.78,2.05,3.42
9000008121,2025-03-24 08:00,0.999444,0,1,1,3,11,14,375,287,662,35,55,90,47.0,22.36,4.98,29.76,18.88,12.08,6.19,3.32,2.42
9000008121,2025-03-24 09:00,0.999722,0,1,1,6,7,13,323,222,545,39,37,76,51.0,12.84,5.32,33.21,17.61,14.86,9.36,4.22,2.57
9000008121,2025-03-24 10:00,0.999444,1,3,4,5,15,20,289,217,506,24,56,80,50.5,12.06,4.74,32.02,21.54,14.23,9.09,2.57,3.75
9000008121,2025-03-24 12:00,0.076944,0,0,0,0,0,0,260,143,403,52,39,91,51.5,9.68,16.13,12.9,32.26,9.68,12.9,6.45,0.0
9000008121,2025-03-24 13:00,0.999444,1,4,5,7,12,19,268,219,487,29,53,82,49.0,15.2,9.65,26.9,21.77,13.14,6.78,3.29,3.29
9000008121,2025-03-24 14:00,0.999444,0,8,8,4,27,31,343,245,588,36,35,71,50.5,15.99,5.27,28.06,20.58,14.63,6.97,4.76,3.74
9000008121,2025-03-24 15:00,0.999444,3,5,8,13,23,36,439,348,787,33,48,81,46.5,21.09,5.46,29.86,20.71,11.44,5.59,3.56,2.29
9000008121,2025-03-24 16:00,0.999444,1,7,8,10,18,28,475,287,762,27,35,62,48.5,14.17,4.86,32.41,21.0,14.3,6.69,3.54,3.02
9000008121,2025-03-24 17:00,0.999444,6,6,12,12,20,32,355,267,622,23,20,43,42.5,22.67,5.95,33.12,20.26,10.29,5.47,1.13,1.13
9000008121,2025-03-24 18:00,0.999722,0,0,0,4,8,12,128,133,261,5,6,11,43.0,26.05,8.05,30.27,17.24,9.96,5.36,1.53,1.53
9000008121,2025-03-24 19:00,0.999444,0,0,0,0,0,0,1,0,1,0,0,0,24.0,0.0,0.0,100.0,0.0,0.0,0.0,0.0,0.0
9000008121,2025-03-24 20:00,0.999444,0,0,0,0,0,0,1,0,1,0,0,0,14.0,0.0,100.0,0.0,0.0,0.0,0.0,0.0,0.0
9000008121,2025-03-24 21:00,0.986111,0,0,0,0,0,0,0,0,0,0,0,0,,0.0,0.0,0.0,0.0,0.0,0.0,0.0,0.0
9000008121,2025-03-24 22:00,0.999722,0,0,0,0,0,0,0,0,0,0,0,0,,0.0,0.0,0.0,0.0,0.0,0.0,0.0,0.0
9000008121,2025-03-24 23:00,0.999722,0,0,0,0,0,0,0,0,0,0,0,0,,0.0,0.0,0.0,0.0,0.0,0.0,0.0,0.0
9000008121,2025-03-25 00:00,0.999722,0,0,0,0,0,0,0,0,0,0,0,0,,0.0,0.0,0.0,0.0,0.0,0.0,0.0,0.0
9000008121,2025-03-25 01:00,0.995833,0,0,0,0,0,0,0,0,0,0,0,0,,0.0,0.0,0.0,0.0,0.0,0.0,0.0,0.0
9000008121,2025-03-25 02:00,0.999167,0,0,0,0,0,0,0,0,0,0,0,0,,0.0,0.0,0.0,0.0,0.0,0.0,0.0,0.0
9000008121,2025-03-25 03:00,0.999444,0,0,0,0,0,0,0,0,0,0,0,0,,0.0,0.0,0.0,0.0,0.0,0.0,0.0,0.0
9000008121,2025-03-25 04:00,0.99,0,0,0,0,0,0,0,0,0,0,0,0,,0.0,0.0,0.0,0.0,0.0,0.0,0.0,0.0
9000008121,2025-03-25 05:00,0.999167,0,0,0,0,1,1,20,11,31,3,1,4,57.0,16.13,3.23,25.81,22.58,16.13,3.23,6.45,6.45
9000008121,2025-03-25 06:00,0.999167,0,3,3,0,3,3,109,103,212,4,32,36,43.5,27.83,5.66,24.06,22.64,10.85,3.3,2.36,3.3
9000008121,2025-03-25 07:00,0.999444,4,19,23,7,6,13,298,353,651,19,86,105,44.0,26.88,7.53,29.34,16.44,9.52,6.3,1.84,2.15
9000008121,2025-03-25 08:00,0.999444,9,8,17,2,4,6,356,302,658,34,54,88,46.5,21.73,5.02,30.24,19.45,12.16,7.9,2.43,1.06
9000008121,2025-03-25 09:00,0.999444,8,9,17,8,8,16,324,244,568,31,67,98,43.0,15.32,8.27,35.92,22.18,9.33,5.63,2.11,1.23
9000008121,2025-03-25 10:00,0.999444,6,8,14,10,13,23,255,223,478,31,62,93,44.0,12.55,8.79,32.64,25.31,12.13,5.23,2.09,1.26
9000008121,2025-03-25 11:00,0.999444,12,16,28,12,19,31,254,222,476,34,80,114,44.0,11.34,8.61,27.31,31.93,13.03,5.46,1.26,1.05
9000008121,2025-03-25 12:00,0.999444,4,11,15,4,25,29,261,227,488,27,46,73,45.0,17.83,6.35,26.23,26.23,13.52,5.94,2.05,1.84
9000008121,2025-03-25 13:00,0.999167,1,10,11,10,12,22,296,243,539,28,44,72,47.0,18.18,13.54,24.3,21.15,11.13,7.79,2.6,1.3
9000008121,2025-03-25 14:00,0.999167,0,9,9,7,19,26,353,278,631,27,39,66,50.0,14.44,14.13,26.35,17.3,12.86,9.21,3.49,2.38
9000008121,2025-03-25 15:00,0.999444,4,18,22,12,25,37,444,332,776,49,47,96,46.5,13.27,14.43,27.71,19.72,14.69,4.38,2.84,2.96
9000008121,2025-03-25 16:00,0.999167,3,9,12,16,22,38,438,328,766,23,49,72,45.5,10.85,12.29,32.42,21.31,12.29,6.14,3.53,1.31
9000008121,2025-03-25 17:00,0.999722,0,7,7,9,17,26,374,293,667,14,29,43,47.5,15.89,14.24,26.09,19.49,12.29,6.45,2.7,2.85
9000008121,2025-03-25 18:00,0.999444,0,1,1,4,1,5,205,189,394,7,14,21,41.0,19.8,13.45,32.99,18.02,8.38,3.81,1.27,2.28
9000008121,2025-03-25 19:00,0.999444,0,0,0,0,0,0,2,1,3,0,0,0,34.0,33.33,0.0,0.0,66.67,0.0,0.0,0.0,0.0
9000008121,2025-03-25 20:00,0.982778,0,0,0,0,0,0,0,0,0,0,0,0,,0.0,0.0,0.0,0.0,0.0,0.0,0.0,0.0
9000008121,2025-03-25 21:00,0.986111,0,0,0,0,0,0,0,1,1,0,0,0,24.0,0.0,0.0,100.0,0.0,0.0,0.0,0.0,0.0
9000008121,2025-03-25 22:00,0.985556,0,0,0,0,0,0,0,0,0,0,0,0,,0.0,0.0,0.0,0.0,0.0,0.0,0.0,0.0
9000008121,2025-03-25 23:00,0.953889,0,0,0,0,0,0,0,0,0,0,0,0,,0.0,0.0,0.0,0.0,0.0,0.0,0.0,0.0
9000008121,2025-03-26 00:00,0.995833,0,0,0,0,0,0,0,1,1,0,0,0,14.0,0.0,100.0,0.0,0.0,0.0,0.0,0.0,0.0
9000008121,2025-03-26 01:00,0.989722,0,0,0,0,0,0,0,0,0,0,0,0,,0.0,0.0,0.0,0.0,0.0,0.0,0.0,0.0
9000008121,2025-03-26 02:00,0.989722,0,0,0,0,0,0,0,0,0,0,0,0,,0.0,0.0,0.0,0.0,0.0,0.0,0.0,0.0
9000008121,2025-03-26 03:00,0.995833,0,0,0,0,0,0,0,0,0,0,0,0,,0.0,0.0,0.0,0.0,0.0,0.0,0.0,0.0
9000008121,2025-03-26 04:00,0.9875,0,0,0,0,0,0,0,0,0,0,0,0,,0.0,0.0,0.0,0.0,0.0,0.0,0.0,0.0
9000008121,2025-03-26 05:00,0.976389,0,0,0,0,0,0,3,4,7,0,1,1,30.0,14.29,42.86,28.57,14.29,0.0,0.0,0.0,0.0
9000008121,2025-03-26 06:00,0.999444,0,0,0,0,4,4,126,125,251,7,22,29,43.5,11.16,7.97,41.04,21.91,9.16,4.78,3.19,0.8
9000008121,2025-03-26 07:00,0.999444,2,2,4,3,8,11,390,420,810,19,56,75,41.5,14.94,20.86,32.1,15.68,10.12,2.72,1.73,1.85
9000008121,2025-03-26 08:00,0.999444,0,0,0,3,4,7,448,370,818,17,57,74,43.5,8.31,21.76,29.71,20.78,11.61,4.89,1.47,1.47
9000008121,2025-03-26 09:00,0.999167,2,0,2,8,10,18,378,313,691,22,70,92,45.0,8.12,13.19,33.62,21.74,13.62,6.38,1.74,1.74
9000008121,2025-03-26 10:00,0.999444,0,1,1,1,10,11,338,260,598,22,47,69,45.5,9.36,16.39,31.27,20.57,12.71,6.19,1.67,1.84
9000008121,2025-03-26 11:00,0.999444,0,0,0,3,3,6,351,258,609,32,52,84,45.5,13.3,17.08,20.85,25.29,14.61,4.93,2.79,1.15
9000008121,2025-03-26 12:00,0.999722,2,5,7,6,11,17,352,296,648,32,48,80,45.5,10.34,14.66,32.87,20.99,10.8,7.41,1.54,1.39
9000008121,2025-03-26 13:00,0.999167,0,5,5,5,1,6,374,288,662,24,37,61,46.0,11.04,19.82,24.36,22.24,12.71,6.35,2.57,1.06
9000008121,2025-03-26 14:00,0.999444,1,8,9,10,10,20,454,355,809,33,36,69,47.0,14.34,15.95,26.82,18.91,12.61,6.43,2.6,2.35
9000008121,2025-03-26 15:00,0.999444,0,11,11,8,9,17,676,413,1089,45,45,90,49.0,13.05,14.89,26.93,19.85,11.49,7.08,4.14,2.67
9000008121,2025-03-26 16:00,0.999444,7,29,36,15,23,38,617,360,977,20,32,52,48.5,15.37,8.81,30.02,18.75,14.04,5.64,4.1,3.38
9000008121,2025-03-26 17:00,0.999444,6,25,31,4,11,15,433,290,723,16,40,56,47.5,17.43,8.71,27.52,21.02,12.86,6.64,2.63,3.18
9000008121,2025-03-26 18:00,0.999722,1,7,8,6,2,8,230,209,439,3,7,10,41.0,19.36,13.9,35.08,15.72,8.43,3.87,1.82,1.82
9000008121,2025-03-26 19:00,0.985278,0,0,0,0,0,0,0,1,1,0,0,0,19.0,0.0,100.0,0.0,0.0,0.0,0.0,0.0,0.0
9000008121,2025-03-26 20:00,0.968056,0,0,0,0,1,1,2,0,2,0,0,0,63.5,0.0,0.0,0.0,0.0,0.0,50.0,50.0,0.0
9000008121,2025-03-26 21:00,0.999722,0,0,0,0,0,0,0,0,0,0,0,0,,0.0,0.0,0.0,0.0,0.0,0.0,0.0,0.0
9000008121,2025-03-26 22:00,0.986944,0,0,0,0,0,0,0,0,0,0,0,0,,0.0,0.0,0.0,0.0,0.0,0.0,0.0,0.0
9000008121,2025-03-26 23:00,0.991389,0,0,0,0,0,0,0,1,1,0,0,0,14.0,0.0,100.0,0.0,0.0,0.0,0.0,0.0,0.0
9000008121,2025-03-27 00:00,0.989722,0,0,0,0,0,0,1,1,2,0,0,0,38.5,50.0,0.0,0.0,50.0,0.0,0.0,0.0,0.0
9000008121,2025-03-27 01:00,0.983611,0,0,0,0,0,0,0,0,0,0,0,0,,0.0,0.0,0.0,0.0,0.0,0.0,0.0,0.0
9000008121,2025-03-27 02:00,0.973889,0,0,0,0,0,0,0,0,0,0,0,0,,0.0,0.0,0.0,0.0,0.0,0.0,0.0,0.0
9000008121,2025-03-27 03:00,0.999444,0,0,0,0,0,0,0,0,0,0,0,0,,0.0,0.0,0.0,0.0,0.0,0.0,0.0,0.0
9000008121,2025-03-27 04:00,0.941111,0,0,0,0,0,0,0,0,0,0,0,0,,0.0,0.0,0.0,0.0,0.0,0.0,0.0,0.0
9000008121,2025-03-27 05:00,0.9975,0,0,0,1,0,1,18,25,43,2,2,4,44.0,11.63,20.93,34.88,13.95,13.95,2.33,0.0,2.33
9000008121,2025-03-27 06:00,0.999722,0,1,1,3,7,10,139,127,266,15,28,43,43.5,19.17,13.16,29.7,18.8,9.77,3.38,2.63,3.38
9000008121,2025-03-27 07:00,0.999167,10,29,39,8,15,23,353,344,697,20,53,73,46.0,16.52,14.37,31.18,16.38,10.34,5.46,2.73,3.16
9000008121,2025-03-27 08:00,0.999444,8,3,11,6,15,21,425,334,759,33,56,89,48.0,10.67,9.62,37.55,18.97,10.54,6.85,4.35,1.45
9000008121,2025-03-27 09:00,0.999444,2,4,6,6,15,21,371,247,618,26,52,78,51.5,12.3,6.63,32.85,20.39,11.49,8.25,5.02,3.07
9000008121,2025-03-27 10:00,0.999167,2,4,6,5,23,28,328,192,520,21,36,57,49.5,17.31,5.0,28.46,20.58,14.42,7.69,3.65,2.88
9000008121,2025-03-27 11:00,0.999722,6,2,8,4,16,20,340,230,570,20,50,70,47.5,13.16,12.11,30.53,18.25,14.21,7.19,3.33,1.23
9000008121,2025-03-27 12:00,0.999167,4,15,19,17,24,41,332,280,612,28,31,59,43.0,11.62,11.46,35.19,23.08,10.31,4.75,2.29,1.47
9000008121,2025-03-27 13:00,0.999444,7,7,14,7,17,24,367,280,647,23,41,64,49.5,14.53,11.75,27.51,19.32,12.67,9.27,2.32,2.63
9000008121,2025-03-27 14:00,0.999444,5,11,16,4,29,33,413,363,776,29,39,68,48.5,15.98,10.82,29.77,15.98,14.82,6.7,3.09,2.84
9000008121,2025-03-27 15:00,0.999167,11,25,36,12,34,46,594,335,929,29,47,76,48.5,10.99,10.02,29.42,22.84,13.79,7.97,3.23,1.83
9000008121,2025-03-27 16:00,0.999444,10,25,35,13,42,55,642,345,987,43,29,72,45.5,10.55,10.55,32.45,21.81,14.4,5.38,2.64,2.33
9000008121,2025-03-27 17:00,0.999444,0,3,3,8,20,28,506,293,799,15,20,35,49.0,9.39,12.27,30.41,21.15,12.77,6.63,4.38,3.0
9000008121,2025-03-27 18:00,0.999444,2,9,11,3,8,11,251,213,464,5,5,10,45.0,14.22,11.42,38.36,15.52,9.91,6.03,1.94,2.59
9000008121,2025-03-27 19:00,0.994444,0,0,0,0,0,0,0,0,0,0,0,0,,0.0,0.0,0.0,0.0,0.0,0.0,0.0,0.0
9000008121,2025-03-27 20:00,0.960556,0,0,0,0,0,0,0,0,0,0,0,0,,0.0,0.0,0.0,0.0,0.0,0.0,0.0,0.0
9000008121,2025-03-27 21:00,0.979722,0,0,0,0,0,0,0,0,0,0,0,0,,0.0,0.0,0.0,0.0,0.0,0.0,0.0,0.0
9000008121,2025-03-27 22:00,0.987222,0,0,0,0,0,0,0,0,0,0,0,0,,0.0,0.0,0.0,0.0,0.0,0.0,0.0,0.0
9000008121,2025-03-27 23:00,0.989167,0,0,0,0,0,0,0,0,0,0,0,0,,0.0,0.0,0.0,0.0,0.0,0.0,0.0,0.0
9000008121,2025-03-28 00:00,0.986667,0,0,0,0,0,0,0,0,0,0,0,0,,0.0,0.0,0.0,0.0,0.0,0.0,0.0,0.0
9000008121,2025-03-28 01:00,0.923889,0,0,0,0,0,0,0,1,1,0,0,0,24.0,0.0,0.0,100.0,0.0,0.0,0.0,0.0,0.0
9000008121,2025-03-28 02:00,0.948611,0,0,0,0,0,0,1,0,1,0,0,0,29.0,0.0,0.0,100.0,0.0,0.0,0.0,0.0,0.0
9000008121,2025-03-28 03:00,0.895556,0,0,0,0,0,0,0,1,1,0,0,0,4.0,100.0,0.0,0.0,0.0,0.0,0.0,0.0,0.0
9000008121,2025-03-28 04:00,0.975278,0,0,0,0,0,0,1,0,1,0,0,0,14.0,0.0,100.0,0.0,0.0,0.0,0.0,0.0,0.0
9000008121,2025-03-28 05:00,0.966667,0,0,0,0,0,0,29,15,44,4,3,7,52.0,11.63,11.63,25.58,25.58,11.63,4.65,2.33,9.3
9000008121,2025-03-28 06:00,0.970833,0,0,0,1,4,5,93,93,186,12,24,36,45.5,16.67,11.67,28.89,20.0,10.56,5.56,2.22,4.44
9000008121,2025-03-28 07:00,0.999444,1,2,3,5,13,18,289,297,586,26,52,78,45.0,11.09,15.7,35.49,17.24,8.19,4.95,4.1,3.24
9000008121,2025-03-28 08:00,0.999444,2,2,4,4,13,17,322,263,585,27,54,81,44.0,10.77,13.33,37.09,18.12,11.45,4.96,1.71,2.56
9000008121,2025-03-28 09:00,0.999444,2,4,6,2,12,14,303,189,492,37,41,78,50.0,8.94,9.76,31.71,21.54,13.01,8.33,2.85,3.86
9000008121,2025-03-28 10:00,0.999444,1,3,4,4,8,12,265,199,464,20,76,96,44.5,14.66,10.34,30.39,22.2,12.93,5.17,1.94,2.37
9000008121,2025-03-28 11:00,0.999722,0,0,0,0,6,6,255,177,432,23,96,119,45.0,7.87,4.86,32.41,33.33,12.27,6.71,1.62,0.93
9000008121,2025-03-28 12:00,0.999444,0,2,2,7,17,24,309,182,491,39,147,186,44.5,6.11,3.87,33.4,34.01,13.65,5.09,2.85,1.02
9000008121,2025-03-28 13:00,0.999444,0,1,1,3,23,26,328,285,613,21,37,58,44.0,1.14,5.06,33.93,38.99,13.87,4.4,1.63,0.98
9000008121,2025-03-28 14:00,0.999444,1,0,1,4,18,22,433,302,735,35,58,93,43.5,2.72,11.97,34.69,31.16,10.07,6.39,1.09,1.9
9000008121,2025-03-28 15:00,0.999444,0,4,4,9,39,48,467,305,772,26,63,89,45.0,2.72,9.07,40.16,26.81,10.23,6.09,2.59,2.33
9000008121,2025-03-28 16:00,0.999444,0,3,3,13,25,38,383,267,650,32,55,87,47.0,4.92,14.77,34.62,21.38,13.38,7.23,2.62,1.08
9000008121,2025-03-28 17:00,0.999444,9,16,25,5,34,39,343,262,605,24,28,52,48.0,11.74,12.73,32.4,18.35,12.4,8.26,1.82,2.31
9000008121,2025-03-28 18:00,0.999444,7,13,20,1,4,5,215,191,406,12,11,23,45.0,22.66,9.85,31.53,16.26,9.36,4.43,2.46,3.45
9000008121,2025-03-28 19:00,0.982778,0,0,0,0,1,1,3,3,6,0,0,0,30.5,0.0,50.0,33.33,16.67,0.0,0.0,0.0,0.0
9000008121,2025-03-28 20:00,0.999167,0,0,0,0,0,0,0,0,0,0,0,0,,0.0,0.0,0.0,0.0,0.0,0.0,0.0,0.0
9000008121,2025-03-28 21:00,0.992222,0,0,0,0,0,0,2,1,3,0,0,0,43.0,33.33,0.0,33.33,0.0,33.33,0.0,0.0,0.0
9000008121,2025-03-28 22:00,0.999722,0,0,0,0,1,1,1,0,1,0,0,0,39.0,0.0,0.0,0.0,100.0,0.0,0.0,0.0,0.0
9000008121,2025-03-28 23:00,0.996111,0,0,0,0,0,0,2,1,3,0,0,0,43.0,0.0,33.33,0.0,33.33,33.33,0.0,0.0,0.0
9000008121,2025-03-29 00:00,0.996667,0,0,0,0,0,0,0,0,0,0,0,0,,0.0,0.0,0.0,0.0,0.0,0.0,0.0,0.0
9000008121,2025-03-29 01:00,0.981667,0,0,0,0,0,0,0,0,0,0,0,0,,0.0,0.0,0.0,0.0,0.0,0.0,0.0,0.0
9000008121,2025-03-29 02:00,1.0,0,0,0,0,0,0,0,0,0,0,0,0,,0.0,0.0,0.0,0.0,0.0,0.0,0.0,0.0
9000008121,2025-03-29 03:00,0.999722,0,0,0,0,0,0,0,0,0,0,0,0,,0.0,0.0,0.0,0.0,0.0,0.0,0.0,0.0
9000008121,2025-03-29 04:00,0.937778,0,0,0,0,0,0,0,0,0,0,0,0,,0.0,0.0,0.0,0.0,0.0,0.0,0.0,0.0
9000008121,2025-03-29 05:00,0.996389,1,0,1,0,0,0,8,12,20,1,2,3,33.5,30.0,15.0,30.0,15.0,10.0,0.0,0.0,0.0
9000008121,2025-03-29 06:00,0.999167,0,1,1,0,1,1,36,22,58,6,6,12,56.0,12.07,6.9,27.59,22.41,8.62,10.34,6.9,5.17
9000008121,2025-03-29 07:00,0.999444,1,0,1,0,1,1,71,54,125,10,17,27,45.5,20.0,10.4,24.0,21.6,11.2,8.8,1.6,2.4
9000008121,2025-03-29 08:00,0.999167,2,2,4,2,4,6,125,82,207,9,19,28,54.5,13.53,10.63,28.02,18.36,8.7,13.04,4.35,3.38
9000008121,2025-03-29 09:00,0.999444,4,9,13,6,8,14,243,155,398,9,25,34,50.0,16.08,6.53,27.89,19.85,14.82,9.55,3.77,1.51
9000008121,2025-03-29 10:00,0.999722,12,9,21,3,19,22,269,195,464,11,31,42,45.5,10.78,11.21,34.48,20.47,11.85,4.53,4.31,2.37
9000008121,2025-03-29 11:00,0.999722,3,5,8,12,16,28,270,237,507,14,26,40,43.5,21.89,8.48,28.99,20.91,11.24,4.54,2.56,1.38
9000008121,2025-03-29 12:00,0.999444,4,8,12,8,26,34,295,188,483,13,20,33,49.0,16.77,9.32,24.64,20.08,15.53,9.32,2.69,1.66
9000008121,2025-03-29 13:00,0.999444,4,7,11,1,13,14,274,208,482,14,29,43,48.5,18.05,7.68,26.56,22.2,12.45,7.47,3.73,1.87
9000008121,2025-03-29 14:00,0.999444,6,18,24,7,8,15,257,225,482,19,26,45,43.5,9.75,11.41,34.65,25.52,11.2,5.19,1.24,1.04
9000008121,2025-03-29 15:00,0.999444,6,17,23,4,28,32,278,189,467,11,25,36,51.5,8.57,6.85,33.19,22.06,12.42,8.99,4.07,3.85
9000008121,2025-03-29 16:00,0.999444,7,17,24,7,26,33,288,206,494,11,16,27,52.5,9.72,13.77,25.91,18.62,13.77,10.93,4.45,2.83
9000008121,2025-03-29 17:00,0.999444,9,7,16,9,14,23,244,247,491,12,14,26,46.5,17.52,15.68,27.7,16.7,9.98,5.91,3.67,2.85
9000008121,2025-03-29 18:00,0.999722,6,5,11,4,2,6,176,198,374,8,12,20,41.5,18.98,14.17,36.1,14.17,7.75,3.74,2.41,2.67
9000008121,2025-03-29 19:00,0.994444,0,0,0,0,0,0,0,0,0,0,0,0,,0.0,0.0,0.0,0.0,0.0,0.0,0.0,0.0
9000008121,2025-03-29 20:00,0.999167,0,0,0,0,0,0,0,0,0,0,0,0,,0.0,0.0,0.0,0.0,0.0,0.0,0.0,0.0
9000008121,2025-03-29 21:00,0.985833,0,0,0,0,0,0,0,0,0,0,0,0,,0.0,0.0,0.0,0.0,0.0,0.0,0.0,0.0
9000008121,2025-03-29 22:00,0.988889,0,0,0,0,0,0,0,0,0,0,0,0,,0.0,0.0,0.0,0.0,0.0,0.0,0.0,0.0
9000008121,2025-03-29 23:00,0.999167,0,0,0,0,0,0,0,0,0,0,0,0,,0.0,0.0,0.0,0.0,0.0,0.0,0.0,0.0
9000008121,2025-03-30 00:00,0.999722,0,0,0,0,0,0,0,0,0,0,0,0,,0.0,0.0,0.0,0.0,0.0,0.0,0.0,0.0
9000008121,2025-03-30 01:00,0.9675,0,0,0,0,0,0,0,0,0,0,0,0,,0.0,0.0,0.0,0.0,0.0,0.0,0.0,0.0
9000008121,2025-03-30 03:00,0.993889,0,0,0,0,0,0,0,0,0,0,0,0,,0.0,0.0,0.0,0.0,0.0,0.0,0.0,0.0
9000008121,2025-03-30 04:00,0.992222,0,0,0,0,0,0,0,0,0,0,0,0,,0.0,0.0,0.0,0.0,0.0,0.0,0.0,0.0
9000008121,2025-03-30 05:00,0.936389,0,0,0,0,1,1,0,0,0,0,0,0,,0.0,0.0,0.0,0.0,0.0,0.0,0.0,0.0
9000008121,2025-03-30 06:00,0.969722,0,0,0,0,0,0,12,9,21,1,1,2,49.5,15.0,5.0,30.0,25.0,15.0,5.0,5.0,5.0
9000008121,2025-03-30 07:00,0.999167,0,0,0,0,0,0,35,37,72,4,5,9,40.5,9.72,19.44,33.33,22.22,5.56,9.72,0.0,0.0
9000008121,2025-03-30 08:00,0.999444,0,1,1,2,1,3,77,52,129,3,8,11,56.0,6.2,15.5,20.93,23.26,13.95,11.63,5.43,3.1
9000008121,2025-03-30 09:00,0.999722,1,1,2,0,1,1,143,97,240,4,6,10,51.0,13.33,8.75,24.17,19.58,18.33,9.58,3.75,2.5
9000008121,2025-03-30 10:00,0.999444,2,3,5,2,1,3,178,138,316,9,12,21,50.0,9.18,12.97,31.65,20.57,10.44,8.86,4.43,1.9
9000008121,2025-03-30 11:00,0.999444,0,2,2,1,4,5,198,178,376,9,24,33,45.5,7.18,11.44,32.98,25.8,12.77,5.59,2.39,1.86
9000008121,2025-03-30 12:00,0.999444,0,3,3,0,2,2,217,162,379,6,31,37,44.5,6.6,12.4,28.23,27.7,16.36,4.75,3.43,0.53
9000008121,2025-03-30 13:00,0.999444,0,1,1,1,0,1,232,167,399,7,17,24,49.0,9.52,10.03,30.83,21.3,14.79,6.27,5.26,2.01
9000008121,2025-03-30 14:00,0.999444,0,0,0,0,4,4,220,191,411,10,14,24,48.5,9.73,11.19,30.17,23.11,12.17,6.81,4.62,2.19
9000008121,2025-03-30 15:00,0.999444,3,6,9,3,8,11,236,196,432,7,10,17,48.5,12.73,11.81,26.16,22.69,12.96,7.18,4.4,2.08
9000008121,2025-03-30 16:00,0.999444,0,1,1,0,5,5,151,175,326,9,18,27,46.0,12.88,8.28,33.13,21.78,13.5,6.75,2.15,1.53
9000008121,2025-03-30 17:00,0.999167,0,1,1,1,6,7,194,173,367,5,18,23,44.0,8.45,9.26,37.06,25.89,9.26,6.27,2.45,1.36
9000008121,2025-03-30 18:00,0.999444,0,0,0,2,6,8,172,193,365,5,20,25,44.5,16.44,15.07,27.4,20.27,13.15,4.38,2.47,0.82
9000008121,2025-03-30 19:00,0.999722,0,0,0,1,4,5,87,82,169,4,7,11,40.0,7.69,11.24,38.46,27.81,10.65,2.96,0.0,1.18
9000008121,2025-03-30 20:00,0.981667,0,0,0,1,0,1,0,1,1,0,0,0,9.0,100.0,0.0,0.0,0.0,0.0,0.0,0.0,0.0
9000008121,2025-03-30 21:00,0.978889,0,0,0,0,0,0,0,0,0,0,0,0,,0.0,0.0,0.0,0.0,0.0,0.0,0.0,0.0
9000008121,2025-03-30 22:00,0.965556,0,0,0,0,0,0,0,0,0,0,0,0,,0.0,0.0,0.0,0.0,0.0,0.0,0.0,0.0
9000008121,2025-03-30 23:00,0.987222,0,0,0,1,0,1,1,0,1,0,0,0,4.0,100.0,0.0,0.0,0.0,0.0,0.0,0.0,0.0
9000008121,2025-03-31 00:00,0.9975,0,0,0,0,0,0,0,0,0,0,0,0,,0.0,0.0,0.0,0.0,0.0,0.0,0.0,0.0
9000008121,2025-03-31 01:00,0.968611,0,0,0,0,0,0,0,0,0,0,0,0,,0.0,0.0,0.0,0.0,0.0,0.0,0.0,0.0
9000008121,2025-03-31 02:00,0.999444,0,0,0,0,0,0,0,0,0,0,0,0,,0.0,0.0,0.0,0.0,0.0,0.0,0.0,0.0
9000008121,2025-03-31 03:00,0.983056,0,0,0,0,0,0,0,0,0,0,0,0,,0.0,0.0,0.0,0.0,0.0,0.0,0.0,0.0
9000008121,2025-03-31 04:00,0.989444,0,0,0,0,0,0,0,0,0,0,0,0,,0.0,0.0,0.0,0.0,0.0,0.0,0.0,0.0
9000008121,2025-03-31 05:00,0.985278,0,0,0,0,0,0,2,1,3,0,0,0,43.0,0.0,66.67,0.0,0.0,33.33,0.0,0.0,0.0
9000008121,2025-03-31 06:00,0.993333,0,0,0,0,1,1,47,45,92,5,10,15,39.5,5.49,17.58,37.36,26.37,9.89,2.2,0.0,2.2
9000008121,2025-03-31 07:00,0.999167,2,5,7,2,4,6,285,363,648,18,70,88,39.5,12.06,14.37,39.41,19.78,6.65,3.86,2.32,1.7
9000008121,2025-03-31 08:00,0.999444,2,4,6,7,11,18,364,327,691,21,55,76,42.0,14.47,13.89,35.46,18.52,9.12,3.91,2.17,2.46
9000008121,2025-03-31 09:00,0.999444,4,6,10,6,3,9,300,201,501,25,51,76,46.5,9.78,10.78,33.13,23.35,12.57,6.39,2.59,1.4
9000008121,2025-03-31 10:00,0.999444,0,0,0,3,3,6,300,209,509,35,55,90,49.0,6.48,15.91,30.06,19.84,13.95,8.84,3.34,1.57
9000008121,2025-03-31 11:00,0.999167,4,2,6,3,6,9,268,209,477,39,58,97,44.5,6.5,16.35,36.9,19.29,12.58,5.24,2.1,1.05
9000008121,2025-03-31 12:00,0.999444,2,8,10,2,10,12,307,242,549,33,55,88,51.0,17.12,9.11,24.95,18.4,14.21,10.02,2.91,3.28
9000008121,2025-03-31 13:00,0.999167,3,5,8,7,18,25,363,261,624,29,40,69,45.0,7.22,11.72,37.72,21.03,11.72,7.54,2.25,0.96
9000008121,2025-03-31 14:00,0.999444,1,1,2,2,21,23,396,340,736,26,44,70,47.0,17.26,11.14,23.37,20.11,16.71,6.79,2.72,1.9
9000008121,2025-03-31 15:00,0.999167,1,2,3,7,10,17,587,433,1020,37,61,98,44.5,20.61,10.11,29.05,20.8,10.01,6.28,2.06,1.18
9000008121,2025-03-31 16:00,0.999722,0,1,1,6,11,17,506,421,927,22,30,52,41.5,15.75,12.41,34.84,19.96,10.9,4.1,1.08,0.97
9000008121,2025-03-31 17:00,0.999444,6,4,10,9,18,27,407,290,697,19,32,51,46.5,15.21,11.76,27.12,21.38,13.49,6.31,2.58,2.15
9000008121,2025-03-31 18:00,0.999444,2,4,6,0,9,9,308,272,580,13,26,39,39.0,14.83,16.38,33.45,22.24,7.07,3.45,0.86,1.72
9000008121,2025-03-31 19:00,0.986111,0,1,1,2,3,5,104,108,212,7,5,12,43.0,10.53,15.31,34.45,19.62,11.96,3.35,1.91,3.35
9000008121,2025-03-31 20:00,0.993889,0,0,0,0,0,0,0,0,0,0,0,0,,0.0,0.0,0.0,0.0,0.0,0.0,0.0,0.0
9000008121,2025-03-31 21:00,0.978333,0,0,0,0,2,2,1,3,4,0,0,0,67.0,0.0,50.0,25.0,0.0,0.0,0.0,25.0,0.0
9000008121,2025-03-31 22:00,0.999444,0,0,0,0,0,0,1,0,1,0,0,0,4.0,100.0,0.0,0.0,0.0,0.0,0.0,0.0,0.0
9000008121,2025-03-31 23:00,0.984167,0,0,0,0,0,0,1,0,1,0,0,0,29.0,0.0,0.0,100.0,0.0,0.0,0.0,0.0,0.0
9000008121,2025-04-01 00:00,0.999167,0,0,0,0,0,0,0,0,0,0,0,0,,0.0,0.0,0.0,0.0,0.0,0.0,0.0,0.0
9000008121,2025-04-01 01:00,0.999167,0,0,0,0,0,0,0,0,0,0,0,0,,0.0,0.0,0.0,0.0,0.0,0.0,0.0,0.0
9000008121,2025-04-01 02:00,0.9575,0,0,0,0,0,0,0,0,0,0,0,0,,0.0,0.0,0.0,0.0,0.0,0.0,0.0,0.0
9000008121,2025-04-01 03:00,0.974444,0,0,0,0,0,0,0,0,0,0,0,0,,0.0,0.0,0.0,0.0,0.0,0.0,0.0,0.0
9000008121,2025-04-01 04:00,0.999722,0,0,0,0,0,0,0,0,0,0,0,0,,0.0,0.0,0.0,0.0,0.0,0.0,0.0,0.0
9000008121,2025-04-01 05:00,0.983333,0,0,0,0,0,0,1,1,2,0,0,0,33.5,0.0,0.0,50.0,50.0,0.0,0.0,0.0,0.0
9000008121,2025-04-01 06:00,0.980556,0,0,0,0,1,1,54,60,114,1,15,16,46.5,17.86,3.57,38.39,21.43,9.82,5.36,2.68,2.68
9000008121,2025-04-01 07:00,0.999722,3,8,11,3,9,12,316,344,660,17,63,80,44.0,13.64,16.36,30.91,19.7,9.24,5.45,2.27,2.42
9000008121,2025-04-01 08:00,0.999167,9,9,18,5,4,9,348,327,675,34,94,128,44.5,23.89,8.75,27.6,20.33,9.94,5.64,2.97,1.04
9000008121,2025-04-01 09:00,0.999167,1,4,5,11,6,17,329,243,572,43,66,109,45.5,21.68,5.24,24.48,24.83,15.38,5.77,1.92,0.7
9000008121,2025-04-01 10:00,0.999444,12,13,25,2,7,9,286,265,551,28,52,80,41.0,13.43,8.89,35.93,25.59,10.34,3.45,0.91,1.45
9000008121,2025-04-01 11:00,0.999444,8,8,16,5,14,19,311,288,599,33,61,94,43.0,21.54,9.52,24.04,25.21,12.52,4.67,1.84,0.67
9000008121,2025-04-01 12:00,0.999444,5,7,12,12,25,37,287,239,526,49,64,113,45.0,16.73,10.46,26.24,24.33,12.74,6.46,1.9,1.14
9000008121,2025-04-01 13:00,0.999444,4,9,13,3,21,24,263,213,476,29,95,124,46.5,18.7,12.39,23.11,20.59,14.08,5.04,3.36,2.73
9000008121,2025-04-01 14:00,0.999444,6,7,13,7,20,27,356,260,616,29,77,106,47.5,19.64,6.33,25.49,20.62,16.4,6.82,2.92,1.79
9000008121,2025-04-01 15:00,0.999167,6,9,15,11,23,34,466,378,844,38,67,105,46.5,16.37,12.22,26.45,20.52,13.17,7.24,2.02,2.14
9000008121,2025-04-01 16:00,0.999167,1,11,12,3,33,36,466,389,855,36,54,90,47.0,14.75,12.76,26.35,22.48,11.94,7.49,1.87,2.46
9000008121,2025-04-01 17:00,0.999444,6,21,27,7,25,32,376,293,669,28,31,59,50.0,16.59,12.71,24.07,19.13,12.71,7.47,3.89,3.44
9000008121,2025-04-01 18:00,0.999444,1,17,18,7,21,28,282,308,590,14,27,41,49.0,21.19,13.9,21.19,19.15,10.34,8.14,2.88,3.22
9000008121,2025-04-01 19:00,0.999444,5,11,16,6,11,17,181,183,364,11,7,18,45.0,26.65,9.34,28.57,15.66,9.62,3.3,2.75,4.12
9000008121,2025-04-01 20:00,0.986944,0,0,0,0,0,0,1,0,1,0,0,0,54.0,0.0,0.0,0.0,0.0,0.0,100.0,0.0,0.0
9000008121,2025-04-01 21:00,0.968611,0,0,0,0,0,0,2,1,3,0,0,0,22.5,33.33,33.33,33.33,0.0,0.0,0.0,0.0,0.0
9000008121,2025-04-01 22:00,0.744167,0,0,0,0,0,0,1,0,1,0,0,0,49.0,0.0,0.0,0.0,0.0,100.0,0.0,0.0,0.0
9000008121,2025-04-01 23:00,0.982222,0,0,0,0,0,0,0,0,0,0,0,0,,0.0,0.0,0.0,0.0,0.0,0.0,0.0,0.0
9000008121,2025-04-02 00:00,0.972222,0,0,0,0,0,0,1,2,3,0,0,0,57.5,33.33,33.33,0.0,0.0,0.0,33.33,0.0,0.0
9000008121,2025-04-02 01:00,0.987778,0,0,0,0,0,0,0,0,0,0,0,0,,0.0,0.0,0.0,0.0,0.0,0.0,0.0,0.0
9000008121,2025-04-02 02:00,0.978333,0,0,0,0,0,0,0,0,0,0,0,0,,0.0,0.0,0.0,0.0,0.0,0.0,0.0,0.0
9000008121,2025-04-02 03:00,0.987222,0,0,0,0,0,0,0,0,0,0,0,0,,0.0,0.0,0.0,0.0,0.0,0.0,0.0,0.0
9000008121,2025-04-02 04:00,0.978611,0,0,0,0,0,0,0,2,2,0,0,0,23.5,50.0,0.0,50.0,0.0,0.0,0.0,0.0,0.0
9000008121,2025-04-02 05:00,0.955278,0,0,0,0,0,0,4,1,5,0,0,0,56.5,0.0,40.0,0.0,0.0,20.0,40.0,0.0,0.0
9000008121,2025-04-02 06:00,0.976944,0,1,1,0,0,0,66,102,168,6,14,20,42.0,42.68,4.88,21.34,13.41,12.2,4.27,0.0,2.44
9000008121,2025-04-02 07:00,0.999722,1,13,14,5,5,10,304,402,706,27,59,86,40.5,33.0,11.05,22.1,18.13,8.36,4.67,1.42,1.27
9000008121,2025-04-02 08:00,0.999722,6,3,9,3,11,14,359,376,735,39,62,101,44.0,27.48,11.43,23.4,17.96,12.65,4.35,2.04,0.68
9000008121,2025-04-02 09:00,0.999167,12,19,31,11,9,20,343,224,567,37,50,87,45.0,14.81,14.99,25.04,22.05,14.29,4.94,1.76,2.12
9000008121,2025-04-02 10:00,0.999444,1,4,5,4,6,10,259,252,511,30,38,68,44.5,26.61,8.41,25.64,17.42,13.89,4.89,1.96,1.17
9000008121,2025-04-02 11:00,0.999444,2,5,7,0,17,17,300,336,636,34,52,86,43.0,30.5,8.02,22.8,20.28,11.16,4.25,1.73,1.26
9000008121,2025-04-02 12:00,0.999444,4,3,7,5,25,30,290,260,550,23,68,91,46.0,21.82,6.18,23.64,26.0,11.64,6.0,2.0,2.73
9000008121,2025-04-02 13:00,0.999444,5,7,12,17,23,40,297,251,548,28,120,148,43.0,27.19,5.47,21.53,25.73,13.32,3.65,1.82,1.28
9000008121,2025-04-02 14:00,0.999444,3,7,10,9,29,38,360,252,612,32,80,112,45.5,9.31,2.78,30.23,32.19,15.03,5.88,2.78,1.8
9000008121,2025-04-02 15:00,0.999444,1,2,3,3,19,22,477,293,770,29,75,104,44.5,15.45,4.29,27.66,30.52,13.77,4.42,2.08,1.82
9000008121,2025-04-02 16:00,0.999444,8,15,23,12,25,37,475,288,763,31,38,69,47.0,14.94,6.82,26.74,25.95,13.24,7.21,2.88,2.23
9000008121,2025-04-02 17:00,0.999444,9,17,26,3,46,49,338,301,639,23,35,58,43.5,18.78,6.26,27.07,27.07,11.27,5.48,1.88,2.19
9000008121,2025-04-02 18:00,0.999167,4,10,14,9,42,51,299,274,573,16,28,44,45.0,17.1,12.22,26.53,21.47,11.87,6.11,2.79,1.92
9000008121,2025-04-02 19:00,0.999722,5,4,9,4,10,14,166,184,350,9,15,24,46.0,27.14,10.57,26.29,13.71,10.0,5.43,2.86,4.0
9000008121,2025-04-02 20:00,0.999444,0,0,0,0,0,0,3,2,5,0,0,0,46.0,20.0,40.0,20.0,0.0,20.0,0.0,0.0,0.0
9000008121,2025-04-02 21:00,0.981944,0,0,0,0,0,0,0,0,0,0,0,0,,0.0,0.0,0.0,0.0,0.0,0.0,0.0,0.0
9000008121,2025-04-02 22:00,0.993889,0,0,0,0,0,0,0,0,0,0,0,0,,0.0,0.0,0.0,0.0,0.0,0.0,0.0,0.0
9000008121,2025-04-02 23:00,0.989722,0,0,0,0,0,0,3,0,3,0,0,0,57.5,0.0,66.67,0.0,0.0,0.0,33.33,0.0,0.0
9000008121,2025-04-03 00:00,0.999167,0,0,0,0,0,0,0,0,0,0,0,0,,0.0,0.0,0.0,0.0,0.0,0.0,0.0,0.0
9000008121,2025-04-03 01:00,0.984444,0,0,0,0,0,0,0,0,0,0,0,0,,0.0,0.0,0.0,0.0,0.0,0.0,0.0,0.0
9000008121,2025-04-03 02:00,0.964722,0,0,0,0,0,0,1,0,1,0,0,0,39.0,0.0,0.0,0.0,100.0,0.0,0.0,0.0,0.0
9000008121,2025-04-03 03:00,0.993056,0,0,0,0,0,0,0,0,0,0,0,0,,0.0,0.0,0.0,0.0,0.0,0.0,0.0,0.0
9000008121,2025-04-03 04:00,0.9825,0,0,0,0,0,0,2,0,2,0,0,0,43.5,0.0,50.0,0.0,0.0,50.0,0.0,0.0,0.0
9000008121,2025-04-03 05:00,0.953611,0,0,0,0,0,0,2,0,2,0,0,0,53.5,50.0,0.0,0.0,0.0,0.0,50.0,0.0,0.0
9000008121,2025-04-03 06:00,0.999167,1,0,1,0,2,2,73,101,174,7,26,33,36.0,27.01,8.62,36.21,18.97,4.02,3.45,0.57,1.15
9000008121,2025-04-03 07:00,0.999444,7,5,12,5,5,10,290,341,631,23,50,73,40.0,23.77,15.06,29.0,17.12,6.81,4.44,1.43,2.38
9000008121,2025-04-03 08:00,0.999444,5,0,5,7,12,19,369,367,736,30,97,127,41.5,24.59,8.83,28.4,21.2,10.6,3.67,1.09,1.63
9000008121,2025-04-03 09:00,0.999444,0,2,2,6,5,11,315,219,534,32,50,82,46.0,16.29,5.81,31.09,20.6,16.85,6.55,1.69,1.12
9000008121,2025-04-03 10:00,0.999444,1,5,6,4,7,11,264,227,491,24,44,68,40.5,22.81,11.41,32.38,18.13,8.76,3.05,1.22,2.24
9000008121,2025-04-03 11:00,0.999444,1,1,2,9,21,30,267,258,525,32,81,113,41.5,13.14,11.81,38.67,19.05,10.48,2.48,2.48,1.9
9000008121,2025-04-03 12:00,0.999444,0,1,1,5,16,21,223,224,447,21,83,104,42.5,13.2,2.91,32.89,32.66,11.63,4.03,1.57,1.12
9000008121,2025-04-03 13:00,0.999444,1,0,1,7,5,12,297,225,522,31,146,177,45.5,14.37,3.83,32.95,26.82,11.49,6.51,2.49,1.53
9000008121,2025-04-03 14:00,0.999444,0,2,2,11,16,27,771,244,1015,66,51,117,45.5,3.94,4.93,39.05,28.21,15.29,5.62,1.58,1.48
9000008121,2025-04-03 15:00,0.999444,1,2,3,11,17,28,743,290,1033,50,61,111,40.5,14.34,7.07,40.99,22.0,9.4,3.78,1.16,1.36
9000008121,2025-04-03 16:00,0.999722,0,2,2,7,43,50,656,330,986,46,44,90,46.0,12.58,7.61,33.87,24.34,11.46,6.39,2.64,1.12
9000008121,2025-04-03 17:00,0.999444,2,11,13,18,35,53,377,302,679,19,32,51,45.5,16.35,5.3,29.31,26.51,13.11,5.01,2.8,1.62
9000008121,2025-04-03 18:00,0.999722,5,4,9,7,23,30,311,305,616,17,40,57,44.0,21.92,11.36,26.14,20.45,11.53,5.19,1.46,1.95
9000008121,2025-04-03 19:00,0.999444,4,14,18,3,12,15,173,224,397,9,15,24,39.5,24.69,10.58,32.75,18.14,8.06,2.52,2.27,1.01
9000008121,2025-04-03 20:00,0.999444,0,0,0,0,0,0,4,6,10,0,0,0,22.5,60.0,20.0,10.0,0.0,10.0,0.0,0.0,0.0
9000008121,2025-04-03 21:00,0.999722,0,0,0,0,0,0,1,1,2,0,0,0,43.5,50.0,0.0,0.0,0.0,50.0,0.0,0.0,0.0
9000008121,2025-04-03 22:00,0.999167,0,0,0,0,0,0,0,0,0,0,0,0,,0.0,0.0,0.0,0.0,0.0,0.0,0.0,0.0
9000008121,2025-04-03 23:00,0.999444,0,0,0,0,0,0,3,0,3,0,0,0,28.0,0.0,66.67,33.33,0.0,0.0,0.0,0.0,0.0
9000008121,2025-04-04 00:00,0.999722,0,0,0,0,0,0,0,0,0,0,0,0,,0.0,0.0,0.0,0.0,0.0,0.0,0.0,0.0
9000008121,2025-04-04 01:00,0.999167,0,0,0,0,0,0,0,0,0,0,0,0,,0.0,0.0,0.0,0.0,0.0,0.0,0.0,0.0
9000008121,2025-04-04 02:00,0.999167,0,0,0,0,0,0,0,0,0,0,0,0,,0.0,0.0,0.0,0.0,0.0,0.0,0.0,0.0
9000008121,2025-04-04 03:00,0.976111,0,0,0,0,0,0,0,0,0,0,0,0,,0.0,0.0,0.0,0.0,0.0,0.0,0.0,0.0
9000008121,2025-04-04 04:00,0.989722,0,0,0,0,0,0,0,0,0,0,0,0,,0.0,0.0,0.0,0.0,0.0,0.0,0.0,0.0
9000008121,2025-04-04 05:00,0.999444,0,0,0,0,0,0,0,0,0,0,0,0,,0.0,0.0,0.0,0.0,0.0,0.0,0.0,0.0
9000008121,2025-04-04 06:00,0.984444,2,2,4,0,2,2,67,76,143,7,13,20,41.5,24.82,3.55,39.01,17.02,5.67,5.67,3.55,1.42
9000008121,2025-04-04 07:00,0.999167,11,10,21,7,6,13,257,314,571,28,58,86,39.0,22.94,11.56,31.87,19.96,6.65,3.5,2.45,1.05
9000008121,2025-04-04 08:00,0.999167,2,2,4,4,7,11,341,292,633,40,64,104,43.0,23.89,6.65,29.91,21.36,9.81,6.17,1.42,0.95
9000008121,2025-04-04 09:00,0.999722,1,3,4,5,1,6,270,206,476,42,47,89,43.5,19.54,4.62,32.14,22.06,14.08,5.25,1.47,0.84
9000008121,2025-04-04 10:00,0.999444,8,10,18,9,13,22,281,248,529,28,45,73,41.0,26.65,9.07,29.49,18.71,10.96,3.4,1.32,0.38
9000008121,2025-04-04 11:00,0.999444,9,9,18,2,18,20,291,286,577,25,75,100,40.0,21.84,13.69,27.73,21.84,9.88,3.47,0.69,0.87
9000008121,2025-04-04 12:00,0.999444,4,5,9,2,22,24,269,322,591,27,115,142,40.0,26.23,6.43,29.61,23.01,8.63,3.89,1.02,1.18
9000008121,2025-04-04 13:00,0.999722,0,4,4,3,19,22,304,253,557,29,165,194,45.5,27.65,4.49,19.93,23.34,15.62,4.67,2.51,1.8
9000008121,2025-04-04 14:00,0.999444,3,1,4,4,28,32,346,238,584,21,81,102,46.0,12.67,4.11,32.71,23.63,17.64,5.65,2.57,1.03
9000008121,2025-04-04 15:00,0.999167,4,1,5,24,20,44,446,323,769,44,65,109,39.5,11.46,5.47,40.62,28.65,8.59,3.39,0.78,1.17
9000008121,2025-04-04 16:00,0.999444,0,10,10,7,34,41,341,272,613,19,34,53,45.5,11.09,9.14,29.53,26.92,13.54,6.04,2.28,1.47
9000008121,2025-04-04 17:00,0.882778,3,8,11,10,31,41,235,199,434,12,20,31,44.5,15.4,7.05,29.24,24.02,14.62,6.27,1.31,1.83
9000008121,2025-04-04 18:00,0.999167,8,16,24,12,22,34,277,225,502,19,47,66,45.5,17.93,7.17,29.88,22.91,12.15,5.38,3.19,1.39
9000008121,2025-04-04 19:00,0.999444,3,7,10,9,16,25,176,162,338,13,13,26,40.5,28.99,5.03,33.43,16.86,7.99,3.25,2.37,2.07
9000008121,2025-04-04 20:00,0.999167,0,0,0,0,0,0,1,3,4,0,1,1,22.0,25.0,50.0,25.0,0.0,0.0,0.0,0.0,0.0
9000008121,2025-04-04 21:00,0.999444,0,0,0,0,0,0,0,0,0,0,0,0,,0.0,0.0,0.0,0.0,0.0,0.0,0.0,0.0
9000008121,2025-04-04 22:00,0.999444,0,0,0,0,0,0,1,0,1,0,0,0,9.0,100.0,0.0,0.0,0.0,0.0,0.0,0.0,0.0
9000008121,2025-04-04 23:00,0.999722,0,0,0,0,0,0,0,2,2,0,0,0,14.0,0.0,100.0,0.0,0.0,0.0,0.0,0.0,0.0
9000008121,2025-04-05 00:00,0.999444,0,0,0,0,0,0,1,0,1,0,0,0,14.0,0.0,100.0,0.0,0.0,0.0,0.0,0.0,0.0
9000008121,2025-04-05 01:00,1.0,0,0,0,0,0,0,0,0,0,0,0,0,,0.0,0.0,0.0,0.0,0.0,0.0,0.0,0.0
9000008121,2025-04-05 02:00,0.999722,0,0,0,0,0,0,0,0,0,0,0,0,,0.0,0.0,0.0,0.0,0.0,0.0,0.0,0.0
9000008121,2025-04-05 03:00,1.0,0,0,0,0,0,0,0,0,0,0,0,0,,0.0,0.0,0.0,0.0,0.0,0.0,0.0,0.0
9000008121,2025-04-05 04:00,0.953611,0,0,0,0,0,0,0,0,0,0,0,0,,0.0,0.0,0.0,0.0,0.0,0.0,0.0,0.0
9000008121,2025-04-05 05:00,0.984722,0,0,0,0,0,0,0,0,0,0,0,0,,0.0,0.0,0.0,0.0,0.0,0.0,0.0,0.0
9000008121,2025-04-05 06:00,0.993611,0,0,0,0,0,0,26,16,42,3,4,7,44.5,35.71,2.38,28.57,14.29,9.52,4.76,2.38,2.38
9000008121,2025-04-05 07:00,0.999444,1,0,1,1,4,5,61,61,122,5,16,21,45.5,28.69,6.56,25.41,17.21,13.11,6.56,0.82,1.64
9000008121,2025-04-05 08:00,0.999444,0,1,1,3,4,7,110,89,199,7,12,19,50.0,16.58,11.06,21.61,23.12,12.56,8.54,3.02,3.52
9000008121,2025-04-05 09:00,0.999444,1,4,5,6,10,16,249,123,372,17,15,32,51.0,12.37,6.45,27.69,23.39,13.71,11.56,3.23,1.61
9000008121,2025-04-05 10:00,0.999722,4,4,8,5,9,14,255,207,462,14,15,29,45.0,16.67,12.77,29.0,19.05,11.47,6.28,3.25,1.52
9000008121,2025-04-05 11:00,0.999167,8,15,23,3,17,20,288,259,547,23,43,66,43.5,11.7,19.01,31.44,18.1,11.88,5.67,1.65,0.55
9000008121,2025-04-05 12:00,0.999444,3,10,13,9,28,37,291,286,577,11,70,81,44.5,12.65,8.15,33.97,23.57,12.82,5.37,1.21,2.25
9000008121,2025-04-05 13:00,0.999444,0,14,14,2,34,36,296,297,593,22,47,69,47.5,15.68,9.95,30.19,20.57,10.29,8.26,2.7,2.36
9000008121,2025-04-05 14:00,0.999444,1,5,6,7,27,34,314,260,574,12,57,69,49.0,10.1,10.8,28.4,22.3,14.98,6.79,3.83,2.79
9000008121,2025-04-05 15:00,0.999444,0,1,1,0,12,12,270,254,524,14,27,41,44.0,2.48,9.73,38.17,29.01,11.26,6.11,2.48,0.76
9000008121,2025-04-05 16:00,0.999444,0,0,0,3,15,18,272,242,514,14,53,67,43.5,1.75,10.89,39.3,27.82,12.45,4.47,2.14,1.17
9000008121,2025-04-05 17:00,0.999722,3,4,7,4,16,20,241,246,487,10,48,58,41.5,4.11,15.81,40.25,23.2,9.86,3.7,1.64,1.44
9000008121,2025-04-05 18:00,0.999167,0,8,8,6,12,18,204,200,404,15,22,37,47.0,19.55,10.89,26.98,16.58,14.6,5.94,2.72,2.72
9000008121,2025-04-05 19:00,0.999444,1,2,3,2,5,7,181,240,421,13,12,25,39.0,27.08,11.88,32.78,14.25,7.13,2.61,0.95,3.33
9000008121,2025-04-05 20:00,0.992222,0,0,0,0,0,0,4,3,7,0,0,0,34.5,42.86,14.29,14.29,14.29,0.0,14.29,0.0,0.0
9000008121,2025-04-05 21:00,0.958056,0,0,0,1,0,1,4,3,7,0,0,0,65.5,0.0,14.29,28.57,0.0,28.57,0.0,14.29,0.0
9000008121,2025-04-05 22:00,0.971944,0,0,0,0,0,0,1,0,1,0,0,0,34.0,0.0,0.0,0.0,100.0,0.0,0.0,0.0,0.0
9000008121,2025-04-05 23:00,0.99,0,0,0,0,0,0,0,0,0,0,0,0,,0.0,0.0,0.0,0.0,0.0,0.0,0.0,0.0
9000008121,2025-04-06 00:00,0.970278,0,0,0,0,0,0,0,0,0,0,0,0,,0.0,0.0,0.0,0.0,0.0,0.0,0.0,0.0
9000008121,2025-04-06 01:00,0.978889,0,0,0,0,0,0,0,0,0,0,0,0,,0.0,0.0,0.0,0.0,0.0,0.0,0.0,0.0
9000008121,2025-04-06 02:00,0.927778,0,0,0,0,0,0,0,0,0,0,0,0,,0.0,0.0,0.0,0.0,0.0,0.0,0.0,0.0
9000008121,2025-04-06 03:00,0.986389,0,0,0,0,1,1,0,0,0,0,0,0,,0.0,0.0,0.0,0.0,0.0,0.0,0.0,0.0
9000008121,2025-04-06 04:00,0.944167,0,0,0,0,0,0,0,0,0,0,0,0,,0.0,0.0,0.0,0.0,0.0,0.0,0.0,0.0
9000008121,2025-04-06 05:00,0.95,0,0,0,0,1,1,0,0,0,0,0,0,,0.0,0.0,0.0,0.0,0.0,0.0,0.0,0.0
9000008121,2025-04-06 06:00,0.996667,0,1,1,0,0,0,18,18,36,1,4,5,41.0,25.0,11.11,25.0,22.22,8.33,5.56,0.0,2.78
9000008121,2025-04-06 07:00,0.999444,0,0,0,0,1,1,29,28,57,4,4,8,48.5,21.05,5.26,33.33,19.3,7.02,7.02,3.51,3.51
9000008121,2025-04-06 08:00,0.999444,1,2,3,1,4,5,73,63,136,7,12,19,47.5,13.97,6.62,30.15,22.06,16.91,7.35,2.21,0.74
9000008121,2025-04-06 09:00,0.999444,0,5,5,1,3,4,152,158,310,8,14,22,45.5,13.87,11.29,30.32,19.03,14.84,6.45,2.9,1.29
9000008121,2025-04-06 10:00,0.999444,2,6,8,2,7,9,205,170,375,7,20,27,45.5,26.4,8.0,23.47,20.53,10.67,6.93,2.93,1.07
9000008121,2025-04-06 11:00,0.999444,10,17,27,1,12,13,272,182,454,8,30,38,46.0,11.23,14.54,29.52,22.47,12.11,6.39,1.76,1.98
9000008121,2025-04-06 12:00,0.999167,1,5,6,2,12,14,245,178,423,8,32,40,48.5,8.51,14.89,24.82,24.11,14.42,9.22,2.36,1.65
9000008121,2025-04-06 13:00,0.999444,0,2,2,0,4,4,213,228,441,11,74,85,46.5,14.74,13.83,24.26,22.68,13.83,6.35,2.49,1.81
9000008121,2025-04-06 14:00,0.999722,0,0,0,1,5,6,228,213,441,6,75,81,45.5,6.58,9.98,32.88,27.21,12.93,5.67,2.27,2.49
9000008121,2025-04-06 15:00,0.999444,0,0,0,5,5,10,228,209,437,10,25,35,40.5,0.46,11.9,42.79,29.06,11.9,2.75,0.46,0.69
9000008121,2025-04-06 16:00,0.999167,0,1,1,2,11,13,231,207,438,8,31,39,43.0,1.14,11.19,35.39,33.11,11.19,4.79,2.74,0.46
9000008121,2025-04-06 17:00,0.999167,1,1,2,2,13,15,186,241,427,10,25,35,42.5,3.75,12.41,36.53,27.63,12.18,4.22,2.58,0.7
9000008121,2025-04-06 18:00,0.999167,2,6,8,2,11,13,201,179,380,9,19,28,46.5,20.0,4.47,30.53,22.63,11.32,6.58,2.89,1.58
9000008121,2025-04-06 19:00,0.999444,1,4,5,0,6,6,128,137,265,6,12,18,48.0,15.09,10.57,35.09,17.36,9.06,4.91,4.53,3.4
9000008121,2025-04-06 20:00,0.972222,0,0,0,0,0,0,8,3,11,0,2,2,36.0,9.09,9.09,36.36,45.45,0.0,0.0,0.0,0.0
9000008121,2025-04-06 21:00,0.976389,0,0,0,0,0,0,0,0,0,0,0,0,,0.0,0.0,0.0,0.0,0.0,0.0,0.0,0.0
9000008121,2025-04-06 22:00,0.999167,0,0,0,0,0,0,0,0,0,0,0,0,,0.0,0.0,0.0,0.0,0.0,0.0,0.0,0.0
9000008121,2025-04-06 23:00,0.964444,0,0,0,0,0,0,0,0,0,0,0,0,,0.0,0.0,0.0,0.0,0.0,0.0,0.0,0.0
9000008121,2025-04-07 00:00,0.991111,0,0,0,0,0,0,0,0,0,0,0,0,,0.0,0.0,0.0,0.0,0.0,0.0,0.0,0.0
9000008121,2025-04-07 01:00,0.950278,0,0,0,0,0,0,0,0,0,0,0,0,,0.0,0.0,0.0,0.0,0.0,0.0,0.0,0.0
9000008121,2025-04-07 02:00,0.970278,0,0,0,0,0,0,0,0,0,0,0,0,,0.0,0.0,0.0,0.0,0.0,0.0,0.0,0.0
9000008121,2025-04-07 03:00,0.973333,0,0,0,0,0,0,0,0,0,0,0,0,,0.0,0.0,0.0,0.0,0.0,0.0,0.0,0.0
9000008121,2025-04-07 04:00,0.988056,0,0,0,0,0,0,1,0,1,0,0,0,74.0,0.0,0.0,0.0,0.0,0.0,0.0,0.0,100.0
9000008121,2025-04-07 05:00,0.942222,0,0,0,0,0,0,1,0,1,1,0,1,14.0,0.0,100.0,0.0,0.0,0.0,0.0,0.0,0.0
9000008121,2025-04-07 06:00,0.98,1,1,2,5,1,6,93,77,171,12,18,30,39.0,16.17,8.38,37.13,26.35,5.39,3.59,2.4,1.2
9000008121,2025-04-07 07:00,0.999444,5,5,10,3,7,10,277,332,609,23,60,83,43.5,23.65,13.3,28.9,15.44,9.52,5.09,1.81,2.3
9000008121,2025-04-07 08:00,0.999444,1,4,5,3,9,12,348,313,661,35,78,113,45.0,17.25,9.68,30.71,21.03,10.44,6.81,2.12,1.97
9000008121,2025-04-07 09:00,0.999444,2,7,9,4,3,7,294,190,484,40,59,99,44.5,13.22,7.02,34.09,23.97,13.43,4.34,1.65,2.27
9000008121,2025-04-07 10:00,0.999444,4,6,10,0,7,7,271,217,488,21,33,54,43.5,16.6,13.93,29.71,19.47,13.32,4.71,1.43,0.82
9000008121,2025-04-07 11:00,0.999167,10,16,26,4,7,11,282,244,526,43,53,96,42.5,13.88,21.67,25.29,20.72,9.89,4.56,2.28,1.71
9000008121,2025-04-07 12:00,0.999444,8,9,17,12,22,34,271,212,483,38,52,90,49.5,12.22,15.73,25.88,20.08,11.59,8.9,3.11,2.48
9000008121,2025-04-07 13:00,0.999444,3,6,9,4,20,24,260,234,494,28,47,75,49.5,22.87,7.89,23.48,20.04,11.13,7.29,4.66,2.63
9000008121,2025-04-07 14:00,0.999722,4,8,12,17,23,40,397,298,695,42,58,100,44.0,23.17,8.49,26.47,21.44,10.07,5.61,2.59,2.16
9000008121,2025-04-07 15:00,0.999722,8,9,17,9,25,34,478,372,850,39,75,114,46.0,12.47,9.76,33.76,22.59,11.06,6.71,2.35,1.29
9000008121,2025-04-07 16:00,0.999444,3,5,8,7,19,26,494,311,805,34,44,78,49.0,12.55,9.81,29.69,20.0,14.04,5.96,4.72,3.23
9000008121,2025-04-07 17:00,0.999444,1,7,8,8,29,37,361,313,674,26,35,61,46.0,14.09,15.88,28.34,18.99,10.24,6.38,3.12,2.97
9000008121,2025-04-07 18:00,0.999167,1,17,18,6,28,34,332,256,588,22,32,54,47.0,17.86,9.35,30.61,19.56,10.88,5.95,3.4,2.38
9000008121,2025-04-07 19:00,0.999444,1,4,5,3,16,19,179,187,366,10,29,39,49.0,11.2,6.83,36.34,20.49,11.2,7.1,3.28,3.55
9000008121,2025-04-07 20:00,0.991944,0,0,0,0,0,0,5,1,6,0,0,0,75.5,16.67,33.33,16.67,0.0,16.67,0.0,0.0,16.67
9000008121,2025-04-07 21:00,0.974444,0,0,0,0,0,0,1,0,1,0,0,0,74.0,0.0,0.0,0.0,0.0,0.0,0.0,0.0,100.0
9000008121,2025-04-07 22:00,0.999167,0,0,0,0,0,0,0,0,0,0,0,0,,0.0,0.0,0.0,0.0,0.0,0.0,0.0,0.0
9000008121,2025-04-07 23:00,0.985556,0,0,0,0,0,0,1,0,1,0,0,0,4.0,100.0,0.0,0.0,0.0,0.0,0.0,0.0,0.0
9000008121,2025-04-08 00:00,0.951944,0,0,0,0,0,0,0,0,0,0,0,0,,0.0,0.0,0.0,0.0,0.0,0.0,0.0,0.0
9000008121,2025-04-08 01:00,0.999167,0,0,0,0,0,0,0,0,0,0,0,0,,0.0,0.0,0.0,0.0,0.0,0.0,0.0,0.0
9000008121,2025-04-08 02:00,0.999444,0,0,0,0,0,0,0,0,0,0,0,0,,0.0,0.0,0.0,0.0,0.0,0.0,0.0,0.0
9000008121,2025-04-08 03:00,0.986111,0,0,0,0,0,0,0,0,0,0,0,0,,0.0,0.0,0.0,0.0,0.0,0.0,0.0,0.0
9000008121,2025-04-08 04:00,0.984167,0,0,0,0,0,0,1,0,1,0,0,0,24.0,0.0,0.0,100.0,0.0,0.0,0.0,0.0,0.0
9000008121,2025-04-08 05:00,0.999444,0,0,0,0,0,0,1,0,1,0,0,0,14.0,0.0,100.0,0.0,0.0,0.0,0.0,0.0,0.0
9000008121,2025-04-08 06:00,0.9975,0,0,0,0,3,3,95,77,172,3,15,18,44.5,20.93,9.88,33.72,17.44,6.4,6.98,2.33,2.33
9000008121,2025-04-08 07:00,0.999444,0,2,2,3,6,9,255,322,577,22,62,84,43.5,23.05,7.8,31.89,19.24,8.67,4.51,2.25,2.6
9000008121,2025-04-08 08:00,0.999444,3,7,10,3,13,16,365,293,658,26,63,89,46.0,16.87,9.27,32.22,20.21,8.97,4.86,4.1,3.5
9000008121,2025-04-08 09:00,0.999444,4,2,6,9,15,24,295,225,520,42,61,103,45.0,16.15,8.27,31.92,22.31,10.77,5.0,2.88,2.69
9000008121,2025-04-08 10:00,0.999444,1,5,6,4,4,8,264,223,487,41,49,90,43.0,25.46,5.54,29.16,20.53,11.09,3.7,2.67,1.85
9000008121,2025-04-08 11:00,0.999722,0,3,3,2,13,15,257,245,502,34,66,100,39.0,14.74,14.74,36.06,20.72,7.77,3.98,0.8,1.2
9000008121,2025-04-08 12:00,0.999167,9,11,20,2,26,28,268,220,488,43,73,116,45.5,13.93,5.53,27.05,31.97,12.5,6.35,1.23,1.43
9000008121,2025-04-08 13:00,0.999444,11,13,24,5,14,19,254,268,522,43,66,109,46.0,21.07,14.75,22.22,21.07,9.58,5.56,3.83,1.92
9000008121,2025-04-08 14:00,0.999167,3,13,16,6,22,28,336,309,645,26,79,105,46.0,16.15,11.02,28.26,21.27,11.8,6.37,3.26,2.02
9000008121,2025-04-08 15:00,1.0,0,0,0,9,26,35,466,317,783,44,90,134,44.0,3.7,13.41,35.38,26.95,10.22,5.49,2.04,2.81
9000008121,2025-04-08 16:00,0.999167,1,2,3,13,20,33,459,300,759,29,82,111,46.0,4.49,11.74,34.96,24.27,14.91,6.6,2.51,0.66
9000008121,2025-04-08 17:00,0.999444,0,7,7,7,28,35,341,259,600,17,56,73,48.0,9.67,8.33,35.33,21.5,12.33,7.0,2.33,3.5
9000008121,2025-04-08 18:00,0.999722,0,2,2,9,32,41,297,238,535,21,32,53,49.5,7.29,4.3,36.07,25.61,12.34,7.85,2.43,4.11
9000008121,2025-04-08 19:00,0.999444,0,8,8,7,9,16,186,212,398,17,19,36,42.5,21.36,12.06,31.41,17.59,8.54,3.02,2.76,3.27
9000008121,2025-04-08 20:00,0.999444,1,0,1,0,0,0,24,25,49,2,3,5,32.0,38.78,14.29,26.53,14.29,6.12,0.0,0.0,0.0
9000008121,2025-04-08 21:00,0.999444,0,0,0,0,0,0,2,0,2,0,0,0,13.5,50.0,50.0,0.0,0.0,0.0,0.0,0.0,0.0
9000008121,2025-04-08 22:00,0.999444,0,0,0,0,0,0,1,0,1,0,0,0,34.0,0.0,0.0,0.0,100.0,0.0,0.0,0.0,0.0
9000008121,2025-04-08 23:00,0.999722,0,0,0,0,0,0,0,0,0,0,0,0,,0.0,0.0,0.0,0.0,0.0,0.0,0.0,0.0
9000008121,2025-04-09 00:00,0.999444,0,0,0,0,0,0,1,0,1,0,0,0,14.0,0.0,100.0,0.0,0.0,0.0,0.0,0.0,0.0
9000008121,2025-04-09 01:00,0.988889,0,0,0,0,0,0,0,0,0,0,0,0,,0.0,0.0,0.0,0.0,0.0,0.0,0.0,0.0
9000008121,2025-04-09 02:00,0.999167,0,0,0,0,0,0,0,0,0,0,0,0,,0.0,0.0,0.0,0.0,0.0,0.0,0.0,0.0
9000008121,2025-04-09 03:00,0.982778,0,0,0,0,0,0,0,0,0,0,0,0,,0.0,0.0,0.0,0.0,0.0,0.0,0.0,0.0
9000008121,2025-04-09 04:00,0.969722,0,0,0,0,0,0,0,0,0,0,0,0,,0.0,0.0,0.0,0.0,0.0,0.0,0.0,0.0
9000008121,2025-04-09 05:00,0.974167,0,0,0,0,1,1,1,2,3,1,0,1,47.5,33.33,0.0,33.33,0.0,33.33,0.0,0.0,0.0
9000008121,2025-04-09 06:00,0.997222,0,0,0,2,7,9,93,110,203,13,15,28,36.0,27.09,8.87,36.95,18.23,6.4,0.99,0.49,0.99
9000008121,2025-04-09 07:00,0.999167,2,3,5,1,6,7,259,305,564,18,53,71,43.5,26.77,8.16,28.72,17.38,9.93,5.14,1.95,1.95
9000008121,2025-04-09 08:00,0.998889,13,12,25,4,14,18,350,280,630,26,59,85,46.0,25.12,5.88,28.93,17.97,10.81,6.2,3.5,1.75
9000008121,2025-04-09 09:00,0.999444,8,10,18,5,16,21,282,231,513,32,41,73,46.5,26.32,5.26,27.29,18.52,11.11,5.85,3.7,1.95
9000008121,2025-04-09 10:00,0.999167,11,8,19,7,13,20,276,221,497,24,49,73,46.0,16.1,9.86,28.17,22.94,13.08,5.43,2.41,2.01
9000008121,2025-04-09 11:00,0.999444,3,9,12,7,15,22,235,367,602,22,43,65,38.5,30.07,17.44,24.25,15.61,8.47,3.16,1.0,0.0
9000008121,2025-04-09 12:00,0.999444,12,9,21,12,29,41,287,269,556,40,56,96,44.0,19.96,7.19,26.62,23.38,12.95,6.47,2.52,0.9
9000008121,2025-04-09 13:00,0.999444,10,14,24,4,23,27,242,228,470,39,128,167,45.5,7.45,15.32,29.15,24.89,13.19,4.68,3.4,1.91
9000008121,2025-04-09 14:00,0.999444,0,5,5,10,30,40,329,271,600,46,65,111,40.5,19.33,10.67,29.17,25.0,9.0,4.83,1.0,1.0
9000008121,2025-04-09 15:00,0.999167,1,8,9,5,23,28,437,327,764,38,52,90,47.0,18.35,12.06,27.39,19.53,10.75,5.64,3.41,3.01
9000008121,2025-04-09 16:00,0.999722,3,7,10,18,34,52,659,344,1003,64,54,118,44.5,12.96,12.76,30.81,23.23,10.27,5.58,3.29,1.1
9000008121,2025-04-09 17:00,0.999444,0,15,15,15,25,40,434,288,722,23,33,56,44.0,14.4,10.8,36.15,18.14,12.33,4.85,2.35,0.97
9000008121,2025-04-09 18:00,0.999444,0,10,10,4,29,33,315,252,567,16,25,41,48.5,18.17,11.46,26.28,17.28,14.11,6.0,4.23,2.47
9000008121,2025-04-09 19:00,0.999167,4,8,12,1,18,19,191,181,372,9,17,26,41.5,22.85,13.71,33.06,13.98,7.53,3.76,2.69,2.42
9000008121,2025-04-09 20:00,0.984722,0,0,0,0,0,0,19,18,37,1,3,4,43.5,16.67,5.56,52.78,8.33,11.11,0.0,2.78,5.56
9000008121,2025-04-09 21:00,0.999444,0,0,0,0,0,0,1,0,1,0,0,0,19.0,0.0,100.0,0.0,0.0,0.0,0.0,0.0,0.0
9000008121,2025-04-09 22:00,0.999167,0,0,0,0,0,0,1,1,2,0,0,0,33.5,0.0,50.0,0.0,50.0,0.0,0.0,0.0,0.0
9000008121,2025-04-09 23:00,0.985,0,0,0,0,0,0,0,0,0,0,0,0,,0.0,0.0,0.0,0.0,0.0,0.0,0.0,0.0
9000008121,2025-04-10 00:00,0.99,0,0,0,0,0,0,0,0,0,0,0,0,,0.0,0.0,0.0,0.0,0.0,0.0,0.0,0.0
9000008121,2025-04-10 01:00,0.985278,0,0,0,0,0,0,1,0,1,0,0,0,9.0,100.0,0.0,0.0,0.0,0.0,0.0,0.0,0.0
9000008121,2025-04-10 02:00,0.976111,0,0,0,0,0,0,0,0,0,0,0,0,,0.0,0.0,0.0,0.0,0.0,0.0,0.0,0.0
9000008121,2025-04-10 03:00,0.980556,0,0,0,0,0,0,0,0,0,0,0,0,,0.0,0.0,0.0,0.0,0.0,0.0,0.0,0.0
9000008121,2025-04-10 04:00,0.981111,0,0,0,0,0,0,0,0,0,0,0,0,,0.0,0.0,0.0,0.0,0.0,0.0,0.0,0.0
9000008121,2025-04-10 05:00,0.999167,0,0,0,0,0,0,1,0,1,0,0,0,9.0,100.0,0.0,0.0,0.0,0.0,0.0,0.0,0.0
9000008121,2025-04-10 06:00,0.999167,0,0,0,1,4,5,92,108,200,13,19,32,38.0,28.5,10.0,32.0,16.5,3.0,3.5,4.5,2.0
9000008121,2025-04-10 07:00,0.999444,3,4,7,7,6,13,259,311,570,25,54,79,42.0,14.74,25.26,26.32,16.14,8.42,3.86,2.98,2.28
9000008121,2025-04-10 08:00,0.999444,12,26,38,5,25,30,328,297,625,23,54,77,44.0,12.16,22.56,29.28,15.68,11.04,6.72,1.28,1.28
9000008121,2025-04-10 09:00,0.999444,3,8,11,3,14,17,307,276,583,36,53,89,45.0,15.09,17.84,26.76,19.73,10.63,6.17,1.72,2.06
9000008121,2025-04-10 10:00,0.999444,4,9,13,4,7,11,256,221,477,27,35,62,44.5,10.48,23.27,22.64,22.85,13.0,4.82,1.47,1.47
9000008121,2025-04-10 11:00,0.999444,9,16,25,6,15,21,270,260,530,28,61,89,41.0,8.68,24.91,31.32,19.25,8.11,4.91,1.51,1.32
9000008121,2025-04-10 12:00,0.999444,3,3,6,8,23,31,275,224,499,39,60,99,42.5,11.62,17.64,27.25,24.25,12.83,3.21,2.2,1.0
9000008121,2025-04-10 13:00,0.999444,8,11,19,3,9,12,248,217,465,41,99,140,46.5,18.28,10.11,20.43,26.24,14.41,6.88,1.72,1.94
9000008121,2025-04-10 14:00,0.999167,1,2,3,3,15,18,301,260,561,29,118,147,45.0,9.45,7.66,29.77,30.84,11.76,5.17,2.5,2.85
9000008121,2025-04-10 15:00,0.999444,3,10,13,9,30,39,523,314,837,36,59,95,44.0,5.5,10.27,37.99,26.05,11.35,5.14,1.79,1.91
9000008121,2025-04-10 16:00,0.999444,2,17,19,15,28,43,539,360,899,44,53,97,46.5,11.01,15.02,28.59,21.36,13.79,6.45,2.22,1.56
9000008121,2025-04-10 17:00,0.999444,2,14,16,20,28,48,424,274,698,31,36,67,44.5,9.17,14.33,31.38,24.36,10.74,5.59,2.87,1.58
9000008121,2025-04-10 18:00,0.999444,5,26,31,4,37,41,307,250,557,12,30,42,51.0,14.36,11.85,26.57,18.85,12.39,9.34,3.59,3.05
9000008121,2025-04-10 19:00,0.999444,4,10,14,2,8,10,187,197,384,9,21,30,45.0,17.45,15.89,32.55,15.89,7.55,4.95,2.6,3.12
9000008121,2025-04-10 20:00,0.999444,0,0,0,1,0,1,30,26,56,2,1,3,36.5,14.29,8.93,44.64,19.64,5.36,7.14,0.0,0.0
9000008121,2025-04-10 21:00,0.981667,0,0,0,0,0,0,0,1,1,0,0,0,39.0,0.0,0.0,0.0,100.0,0.0,0.0,0.0,0.0
9000008121,2025-04-10 22:00,0.999444,0,0,0,0,0,0,0,0,0,0,0,0,,0.0,0.0,0.0,0.0,0.0,0.0,0.0,0.0
9000008121,2025-04-10 23:00,0.951944,0,0,0,0,0,0,0,0,0,0,0,0,,0.0,0.0,0.0,0.0,0.0,0.0,0.0,0.0
9000008121,2025-04-11 00:00,0.987778,0,0,0,0,0,0,0,0,0,0,0,0,,0.0,0.0,0.0,0.0,0.0,0.0,0.0,0.0
9000008121,2025-04-11 01:00,0.985,0,0,0,0,0,0,0,0,0,0,0,0,,0.0,0.0,0.0,0.0,0.0,0.0,0.0,0.0
9000008121,2025-04-11 02:00,0.989722,0,0,0,0,0,0,0,0,0,0,0,0,,0.0,0.0,0.0,0.0,0.0,0.0,0.0,0.0
9000008121,2025-04-11 03:00,0.994444,0,0,0,0,0,0,0,0,0,0,0,0,,0.0,0.0,0.0,0.0,0.0,0.0,0.0,0.0
9000008121,2025-04-11 04:00,0.958333,0,0,0,0,0,0,1,0,1,0,0,0,34.0,0.0,0.0,0.0,100.0,0.0,0.0,0.0,0.0
9000008121,2025-04-11 05:00,0.978611,0,0,0,0,0,0,3,0,3,0,0,0,52.5,33.33,33.33,0.0,0.0,0.0,33.33,0.0,0.0
9000008121,2025-04-11 06:00,0.990556,1,3,4,1,2,3,84,89,173,7,12,19,43.0,18.02,16.28,29.65,18.6,6.98,3.49,4.07,2.91
9000008121,2025-04-11 07:00,0.999167,1,3,4,1,6,7,268,361,629,25,65,90,43.0,21.5,20.38,26.59,14.01,9.55,2.71,2.71,2.71
9000008121,2025-04-11 08:00,0.999444,1,5,6,2,4,6,350,376,726,26,66,92,46.0,21.63,14.19,28.93,14.19,9.92,4.41,3.31,3.44
9000008121,2025-04-11 09:00,0.999444,0,1,1,4,13,17,304,280,584,35,68,103,46.5,17.64,6.85,33.05,19.52,12.16,5.82,3.6,1.37
9000008121,2025-04-11 10:00,0.999444,0,6,6,4,15,19,256,228,484,32,62,94,44.5,4.75,9.5,38.43,23.97,13.64,5.37,2.07,2.27
9000008121,2025-04-11 11:00,0.999167,0,3,3,6,23,29,322,348,670,38,75,113,47.5,23.47,15.25,20.33,16.74,12.26,8.07,2.39,1.64
9000008121,2025-04-11 12:00,0.999444,0,6,6,3,29,32,319,408,727,38,77,115,43.5,21.18,15.41,27.92,16.78,8.53,4.81,3.44,1.93
9000008121,2025-04-11 13:00,0.999722,1,9,10,5,19,24,350,438,788,32,70,102,44.5,24.87,16.62,20.18,18.15,9.39,6.73,2.16,1.9
9000008121,2025-04-11 14:00,0.999444,2,10,12,6,19,25,373,446,819,25,61,86,41.5,19.9,15.26,30.65,18.19,7.45,5.01,1.1,2.44
9000008121,2025-04-11 15:00,0.999167,4,18,22,7,22,29,424,374,798,31,58,89,48.5,14.68,18.19,26.1,15.93,11.79,7.4,3.64,2.38
9000008121,2025-04-11 16:00,0.999722,1,9,10,13,19,32,353,273,626,18,46,64,45.5,19.01,10.06,27.48,22.68,11.18,4.79,2.24,2.56
9000008121,2025-04-11 17:00,0.999444,4,19,23,5,28,33,335,244,579,23,24,47,48.0,16.06,10.71,27.12,20.73,12.26,7.25,2.42,3.45
9000008121,2025-04-11 18:00,0.998889,4,24,28,5,25,30,263,213,476,15,25,40,47.5,22.53,8.42,25.68,20.42,10.74,6.53,3.37,2.53
9000008121,2025-04-11 19:00,0.999444,1,6,7,2,7,9,198,198,396,13,18,31,45.0,19.95,10.61,30.05,17.17,10.35,4.55,3.03,4.29
9000008121,2025-04-11 20:00,0.999167,0,0,0,0,0,0,16,28,44,1,2,3,43.5,18.18,11.36,43.18,9.09,11.36,2.27,2.27,2.27
9000008121,2025-04-11 21:00,0.999444,0,0,0,0,0,0,1,1,2,0,0,0,28.5,0.0,50.0,50.0,0.0,0.0,0.0,0.0,0.0
9000008121,2025-04-11 22:00,0.989444,0,0,0,0,0,0,0,2,2,0,0,0,43.5,50.0,0.0,0.0,0.0,50.0,0.0,0.0,0.0
9000008121,2025-04-11 23:00,0.995,0,0,0,0,0,0,1,1,2,0,0,0,28.5,0.0,50.0,50.0,0.0,0.0,0.0,0.0,0.0
9000008121,2025-04-12 00:00,0.999444,0,0,0,0,0,0,0,0,0,0,0,0,,0.0,0.0,0.0,0.0,0.0,0.0,0.0,0.0
9000008121,2025-04-12 01:00,0.990833,0,0,0,0,0,0,1,0,1,0,0,0,49.0,0.0,0.0,0.0,0.0,100.0,0.0,0.0,0.0
9000008121,2025-04-12 02:00,0.994167,0,0,0,0,0,0,0,0,0,0,0,0,,0.0,0.0,0.0,0.0,0.0,0.0,0.0,0.0
9000008121,2025-04-12 03:00,0.994444,0,0,0,0,0,0,0,0,0,0,0,0,,0.0,0.0,0.0,0.0,0.0,0.0,0.0,0.0
9000008121,2025-04-12 04:00,0.993889,0,0,0,0,0,0,0,2,2,0,0,0,38.5,50.0,0.0,0.0,50.0,0.0,0.0,0.0,0.0
9000008121,2025-04-12 05:00,0.999722,0,0,0,0,0,0,0,0,0,0,0,0,,0.0,0.0,0.0,0.0,0.0,0.0,0.0,0.0
9000008121,2025-04-12 06:00,0.999444,0,1,1,0,0,0,38,32,70,7,9,16,44.0,25.71,11.43,21.43,22.86,8.57,5.71,2.86,1.43
9000008121,2025-04-12 07:00,0.999167,0,0,0,1,2,3,69,54,123,7,13,20,53.0,16.26,5.69,26.02,23.58,9.76,10.57,3.25,4.88
9000008121,2025-04-12 08:00,0.999444,1,3,4,4,6,10,105,62,167,9,14,23,52.0,17.37,9.58,18.56,21.56,15.57,7.19,4.79,5.39
9000008121,2025-04-12 09:00,0.999444,0,1,1,4,11,15,198,139,337,11,19,30,50.0,24.33,5.34,24.04,15.13,16.02,7.42,5.04,2.67
9000008121,2025-04-12 10:00,0.999167,0,2,2,10,17,27,234,193,427,18,32,50,49.0,14.99,11.24,28.34,17.1,14.52,8.43,3.75,1.64
9000008121,2025-04-12 11:00,0.999444,2,7,9,2,16,18,278,196,474,16,27,43,49.5,14.14,13.92,23.63,18.35,15.82,7.59,4.64,1.9
9000008121,2025-04-12 12:00,0.999444,1,3,4,5,21,26,247,200,447,23,25,48,49.5,16.11,10.74,25.95,20.36,12.3,8.72,3.36,2.46
9000008121,2025-04-12 13:00,0.999444,1,3,4,7,21,28,210,229,439,22,90,112,45.0,22.78,5.47,19.13,28.47,13.67,6.38,2.73,1.37
9000008121,2025-04-12 14:00,0.999444,1,1,2,4,13,17,251,201,452,18,105,123,46.5,15.49,6.64,27.88,25.0,13.72,6.19,3.1,1.99
9000008121,2025-04-12 15:00,0.999444,0,1,1,3,10,13,227,204,431,21,30,51,42.0,3.71,10.44,38.98,29.23,9.74,4.41,2.32,1.16
9000008121,2025-04-12 16:00,0.999444,9,13,22,11,28,39,230,243,473,18,46,64,41.0,17.12,9.09,33.4,24.52,10.99,3.59,0.42,0.85
9000008121,2025-04-12 17:00,0.999444,1,2,3,8,12,20,181,203,384,16,24,40,44.5,12.24,9.64,39.06,19.53,10.68,5.21,1.56,2.08
9000008121,2025-04-12 18:00,0.999167,9,15,24,10,30,40,240,215,455,17,25,42,41.5,12.31,7.25,36.92,26.59,9.89,4.62,1.98,0.44
9000008121,2025-04-12 19:00,0.999444,6,14,20,8,14,22,153,215,368,12,21,33,43.0,25.54,7.34,33.15,14.67,10.6,3.8,2.72,2.17
9000008121,2025-04-12 20:00,0.999722,0,0,0,0,2,2,38,35,73,1,1,2,41.5,19.18,9.59,41.1,12.33,10.96,2.74,2.74,1.37
9000008121,2025-04-12 21:00,0.999444,0,0,0,0,0,0,0,0,0,0,0,0,,0.0,0.0,0.0,0.0,0.0,0.0,0.0,0.0
9000008121,2025-04-12 22:00,0.999167,0,0,0,0,0,0,0,0,0,0,0,0,,0.0,0.0,0.0,0.0,0.0,0.0,0.0,0.0
9000008121,2025-04-12 23:00,0.999444,0,0,0,0,0,0,2,0,2,0,0,0,43.5,0.0,0.0,50.0,0.0,50.0,0.0,0.0,0.0
9000008121,2025-04-13 00:00,0.9875,0,0,0,0,0,0,0,0,0,0,0,0,,0.0,0.0,0.0,0.0,0.0,0.0,0.0,0.0
9000008121,2025-04-13 01:00,0.999444,0,0,0,0,0,0,0,0,0,0,0,0,,0.0,0.0,0.0,0.0,0.0,0.0,0.0,0.0
9000008121,2025-04-13 02:00,0.9825,0,0,0,0,0,0,0,0,0,0,0,0,,0.0,0.0,0.0,0.0,0.0,0.0,0.0,0.0
9000008121,2025-04-13 03:00,0.999167,0,0,0,0,0,0,0,0,0,0,0,0,,0.0,0.0,0.0,0.0,0.0,0.0,0.0,0.0
9000008121,2025-04-13 04:00,0.999167,0,0,0,0,0,0,0,0,0,0,0,0,,0.0,0.0,0.0,0.0,0.0,0.0,0.0,0.0
9000008121,2025-04-13 05:00,0.993889,0,0,0,0,0,0,0,1,1,0,0,0,34.0,0.0,0.0,0.0,100.0,0.0,0.0,0.0,0.0
9000008121,2025-04-13 06:00,0.999444,1,0,1,0,0,0,20,29,49,2,0,2,56.0,26.53,4.08,28.57,16.33,6.12,8.16,4.08,6.12
9000008121,2025-04-13 07:00,0.999167,0,1,1,1,1,2,36,22,58,4,5,9,56.5,17.24,1.72,18.97,15.52,25.86,10.34,5.17,5.17
9000008121,2025-04-13 08:00,0.999444,3,1,4,0,2,2,63,70,133,5,15,20,53.0,29.32,3.01,24.06,14.29,10.53,14.29,4.51,0.0
9000008121,2025-04-13 09:00,0.999444,0,3,3,6,2,8,152,119,271,6,18,24,47.5,14.02,7.01,28.78,23.25,14.39,9.23,2.58,0.74
9000008121,2025-04-13 10:00,0.999167,7,5,12,8,15,23,183,137,320,15,18,33,46.0,22.81,7.81,23.12,23.44,14.38,5.62,0.94,1.88
9000008121,2025-04-13 11:00,0.999444,8,8,16,4,12,16,216,170,386,9,35,44,44.5,22.54,7.51,28.5,20.47,12.18,5.96,1.81,1.04
9000008121,2025-04-13 12:00,0.999167,12,15,27,10,13,23,221,179,400,8,17,25,48.0,9.5,21.75,24.0,19.0,13.75,5.0,4.25,2.75
9000008121,2025-04-13 13:00,0.999722,12,30,42,9,26,35,239,138,377,9,14,23,47.5,6.37,23.87,21.22,23.34,13.79,7.16,2.92,1.33
9000008121,2025-04-13 14:00,0.999444,3,4,7,2,24,26,235,148,383,9,33,42,51.5,7.31,10.97,23.24,24.54,17.75,8.62,4.96,2.61
9000008121,2025-04-13 15:00,0.999444,1,1,2,3,17,20,192,147,339,6,20,26,53.5,7.37,14.75,24.78,22.42,12.68,7.37,5.9,4.72
9000008121,2025-04-13 16:00,0.999722,0,1,1,13,15,28,177,160,337,6,13,19,48.5,10.09,13.06,32.64,17.8,12.76,7.42,2.67,3.56
9000008121,2025-04-13 17:00,0.999444,3,4,7,3,14,17,200,157,357,7,12,19,46.5,9.8,18.49,26.05,25.21,9.24,5.6,1.68,3.92
9000008121,2025-04-13 18:00,0.999167,5,16,21,3,22,25,151,143,294,9,14,23,51.5,14.63,20.07,20.75,15.65,12.59,7.82,6.12,2.38
9000008121,2025-04-13 19:00,0.999444,0,4,4,0,8,8,136,143,279,4,14,18,51.0,17.92,10.75,29.75,15.41,10.04,7.17,4.66,4.3
9000008121,2025-04-13 20:00,0.999444,1,0,1,0,1,1,27,21,48,0,0,0,44.5,10.42,2.08,47.92,20.83,8.33,2.08,4.17,4.17
9000008121,2025-04-13 21:00,0.999167,0,0,0,0,0,0,1,0,1,0,0,0,9.0,100.0,0.0,0.0,0.0,0.0,0.0,0.0,0.0
9000008121,2025-04-13 22:00,0.999167,0,0,0,0,0,0,3,0,3,0,0,0,58.0,0.0,66.67,0.0,0.0,0.0,33.33,0.0,0.0
9000008121,2025-04-13 23:00,0.999444,0,0,0,0,0,0,2,0,2,0,0,0,18.5,0.0,100.0,0.0,0.0,0.0,0.0,0.0,0.0
9000008121,2025-04-14 00:00,0.999444,0,0,0,0,0,0,0,0,0,0,0,0,,0.0,0.0,0.0,0.0,0.0,0.0,0.0,0.0
9000008121,2025-04-14 01:00,0.999444,0,0,0,0,0,0,0,0,0,0,0,0,,0.0,0.0,0.0,0.0,0.0,0.0,0.0,0.0
9000008121,2025-04-14 02:00,0.999167,0,0,0,0,0,0,0,0,0,0,0,0,,0.0,0.0,0.0,0.0,0.0,0.0,0.0,0.0
9000008121,2025-04-14 03:00,0.996389,0,0,0,0,0,0,0,0,0,0,0,0,,0.0,0.0,0.0,0.0,0.0,0.0,0.0,0.0
9000008121,2025-04-14 04:00,0.990278,0,0,0,0,0,0,0,2,2,0,0,0,33.5,50.0,0.0,0.0,50.0,0.0,0.0,0.0,0.0
9000008121,2025-04-14 05:00,0.999167,0,0,0,0,0,0,1,0,1,0,0,0,14.0,0.0,100.0,0.0,0.0,0.0,0.0,0.0,0.0
9000008121,2025-04-14 06:00,0.999167,1,1,2,1,5,6,81,82,163,14,31,45,46.0,12.27,15.95,28.22,19.63,14.11,6.75,1.23,1.84
9000008121,2025-04-14 07:00,0.999167,5,6,11,5,11,16,174,172,346,27,57,84,47.5,16.18,13.29,30.06,16.47,12.14,6.65,2.89,2.31
9000008121,2025-04-14 08:00,0.999722,9,21,30,3,9,12,294,205,499,32,84,116,45.5,16.03,10.62,27.25,21.84,13.23,6.01,3.21,1.8
9000008121,2025-04-14 09:00,0.999444,2,12,14,3,8,11,271,249,520,45,77,122,46.5,21.35,9.42,25.0,21.54,12.12,7.31,2.69,0.58
9000008121,2025-04-14 10:00,0.999444,6,9,15,4,7,11,320,276,596,35,53,88,42.5,17.62,13.42,25.67,23.83,13.76,3.02,0.84,1.85
9000008121,2025-04-14 11:00,0.999444,6,13,19,7,29,36,270,217,487,31,57,88,46.0,8.21,14.99,34.09,18.69,14.37,5.95,2.67,1.03
9000008121,2025-04-14 12:00,0.999167,6,5,11,5,21,26,288,243,531,36,57,93,46.0,8.85,15.25,30.51,24.29,10.92,7.16,2.45,0.56
9000008121,2025-04-14 13:00,0.999167,5,20,25,10,17,27,288,227,515,44,69,113,46.0,10.68,12.04,29.13,24.27,12.62,6.21,3.69,1.36
9000008121,2025-04-14 14:00,0.999444,6,10,16,5,24,29,322,247,569,30,49,79,49.5,11.95,14.24,26.36,19.33,13.53,7.73,4.39,2.46
9000008121,2025-04-14 15:00,0.999444,9,17,26,15,47,62,312,239,551,35,62,97,46.0,7.99,13.43,27.77,26.32,14.16,5.44,2.72,2.18
9000008121,2025-04-14 16:00,0.999444,13,21,34,10,42,52,321,274,595,24,39,63,44.5,10.25,15.8,27.39,25.21,11.76,3.7,2.86,3.03
9000008121,2025-04-14 17:00,0.999444,12,23,35,10,42,52,343,268,611,21,27,48,47.5,10.97,12.93,27.33,23.24,13.91,6.38,2.78,2.45
9000008121,2025-04-14 18:00,0.999444,8,35,43,13,35,48,257,230,487,20,29,49,46.5,11.29,9.45,31.01,23.82,13.14,6.16,2.87,2.26
9000008121,2025-04-14 19:00,0.999444,4,21,25,9,14,23,160,198,358,12,15,27,45.5,17.88,13.69,30.45,17.32,9.5,5.03,2.79,3.35
9000008121,2025-04-14 20:00,0.999722,0,1,1,0,2,2,21,30,51,4,3,7,38.5,13.73,17.65,41.18,13.73,3.92,5.88,0.0,3.92
9000008121,2025-04-14 21:00,0.999722,0,0,0,0,0,0,0,0,0,0,0,0,,0.0,0.0,0.0,0.0,0.0,0.0,0.0,0.0
9000008121,2025-04-14 22:00,0.999167,0,0,0,0,0,0,0,0,0,0,0,0,,0.0,0.0,0.0,0.0,0.0,0.0,0.0,0.0
9000008121,2025-04-14 23:00,0.999444,0,0,0,0,2,2,1,0,1,0,0,0,44.0,0.0,0.0,0.0,0.0,100.0,0.0,0.0,0.0
9000008121,2025-04-15 00:00,0.999167,0,0,0,0,0,0,0,0,0,0,0,0,,0.0,0.0,0.0,0.0,0.0,0.0,0.0,0.0
9000008121,2025-04-15 01:00,0.999444,0,0,0,0,0,0,0,0,0,0,0,0,,0.0,0.0,0.0,0.0,0.0,0.0,0.0,0.0
9000008121,2025-04-15 02:00,0.999167,0,0,0,0,0,0,0,0,0,0,0,0,,0.0,0.0,0.0,0.0,0.0,0.0,0.0,0.0
9000008121,2025-04-15 03:00,0.999167,0,0,0,0,0,0,0,0,0,0,0,0,,0.0,0.0,0.0,0.0,0.0,0.0,0.0,0.0
9000008121,2025-04-15 04:00,0.999167,0,0,0,0,0,0,0,0,0,0,0,0,,0.0,0.0,0.0,0.0,0.0,0.0,0.0,0.0
9000008121,2025-04-15 05:00,0.999722,0,0,0,0,0,0,5,2,7,0,0,0,45.0,0.0,28.57,28.57,0.0,28.57,14.29,0.0,0.0
9000008121,2025-04-15 06:00,0.998889,0,0,0,1,2,3,99,116,215,10,32,42,39.0,18.6,11.63,35.35,20.93,8.37,2.79,0.0,2.33
9000008121,2025-04-15 07:00,0.999722,5,4,9,8,4,12,192,231,423,24,58,82,42.5,13.95,21.04,27.66,18.91,10.64,4.73,1.89,1.18
9000008121,2025-04-15 08:00,0.999167,10,16,26,6,14,20,262,272,534,30,63,93,41.5,11.61,24.34,27.15,19.66,10.3,4.12,1.5,1.31
9000008121,2025-04-15 09:00,0.999444,4,9,13,7,8,15,271,197,468,61,50,111,46.0,17.95,14.1,22.01,22.01,13.68,6.84,1.71,1.71
9000008121,2025-04-15 10:00,0.999444,4,10,14,11,10,21,260,252,512,49,52,101,41.0,9.57,21.88,26.56,25.59,10.74,4.1,0.39,1.17
9000008121,2025-04-15 11:00,0.999722,22,12,34,7,25,32,284,222,506,32,45,77,42.5,3.95,24.9,28.85,23.12,12.45,3.36,1.98,1.38
9000008121,2025-04-15 12:00,0.999444,3,2,5,4,19,23,277,222,499,35,48,83,48.5,1.8,14.63,36.27,20.24,13.83,8.22,2.81,2.2
9000008121,2025-04-15 13:00,0.999167,12,11,23,7,27,34,299,241,540,43,44,87,47.0,2.41,11.67,37.04,23.33,13.33,7.22,2.96,2.04
9000008121,2025-04-15 14:00,0.999722,7,22,29,6,32,38,338,273,611,40,50,90,46.0,11.13,19.97,23.57,22.26,13.26,6.38,2.45,0.98
9000008121,2025-04-15 15:00,0.999444,7,21,28,10,36,46,416,323,739,36,68,104,49.0,10.42,15.43,25.98,19.08,15.29,7.98,3.79,2.03
9000008121,2025-04-15 16:00,0.999444,13,24,37,19,55,74,505,311,816,27,41,68,49.0,11.64,16.3,26.47,17.4,14.34,7.48,4.41,1.96
9000008121,2025-04-15 17:00,0.999722,13,42,55,12,32,44,339,256,595,18,23,41,49.0,16.3,10.42,31.26,16.47,11.76,7.06,3.36,3.36
9000008121,2025-04-15 18:00,0.998889,5,16,21,15,17,32,283,238,521,17,26,43,47.0,11.54,15.19,30.77,20.38,10.38,6.73,1.73,3.46
9000008121,2025-04-15 19:00,0.999444,4,5,9,5,13,18,144,174,318,9,12,21,46.0,15.41,13.52,30.82,18.55,11.64,5.66,2.2,2.2
9000008121,2025-04-15 20:00,0.999722,0,0,0,0,0,0,6,1,7,2,0,2,60.0,14.29,42.86,14.29,0.0,0.0,14.29,0.0,14.29
9000008121,2025-04-15 21:00,0.999722,0,0,0,0,0,0,0,0,0,0,0,0,,0.0,0.0,0.0,0.0,0.0,0.0,0.0,0.0
9000008121,2025-04-15 22:00,0.999722,0,0,0,0,0,0,0,0,0,0,0,0,,0.0,0.0,0.0,0.0,0.0,0.0,0.0,0.0
9000008121,2025-04-15 23:00,0.999444,0,0,0,0,0,0,0,0,0,0,0,0,,0.0,0.0,0.0,0.0,0.0,0.0,0.0,0.0
9000008121,2025-04-16 00:00,0.999444,0,0,0,0,0,0,0,0,0,0,0,0,,0.0,0.0,0.0,0.0,0.0,0.0,0.0,0.0
9000008121,2025-04-16 01:00,0.999722,0,0,0,0,0,0,0,0,0,0,0,0,,0.0,0.0,0.0,0.0,0.0,0.0,0.0,0.0
9000008121,2025-04-16 02:00,0.993056,0,0,0,0,0,0,0,0,0,0,0,0,,0.0,0.0,0.0,0.0,0.0,0.0,0.0,0.0
9000008121,2025-04-16 03:00,0.999167,0,0,0,0,0,0,0,0,0,0,0,0,,0.0,0.0,0.0,0.0,0.0,0.0,0.0,0.0
9000008121,2025-04-16 04:00,0.999444,0,0,0,0,0,0,1,0,1,0,0,0,34.0,0.0,0.0,0.0,100.0,0.0,0.0,0.0,0.0
9000008121,2025-04-16 05:00,0.999444,0,0,0,0,0,0,2,3,5,0,1,1,31.0,40.0,40.0,0.0,20.0,0.0,0.0,0.0,0.0
9000008121,2025-04-16 06:00,0.999722,1,3,4,1,1,2,110,113,223,14,25,39,43.5,27.35,3.59,25.56,23.77,14.35,2.69,1.35,1.35
9000008121,2025-04-16 07:00,0.999444,11,9,20,7,8,15,200,166,366,22,41,63,44.0,27.32,7.38,24.04,20.22,12.57,4.64,1.64,2.19
9000008121,2025-04-16 08:00,0.999444,19,9,28,1,24,25,247,200,447,28,45,73,43.5,20.58,7.16,30.2,22.15,11.19,4.7,2.91,1.12
9000008121,2025-04-16 09:00,0.999444,2,1,3,9,7,16,274,228,502,64,41,105,44.5,25.3,9.16,24.9,18.92,13.94,4.98,1.0,1.79
9000008121,2025-04-16 10:00,0.999444,5,3,8,3,5,8,258,226,484,36,59,95,43.5,17.77,10.54,26.45,24.59,13.84,5.37,0.62,0.83
9000008121,2025-04-16 11:00,0.999444,14,9,23,10,15,25,288,281,569,29,64,93,40.5,15.29,16.17,32.51,20.21,9.14,3.87,1.58,1.23
9000008121,2025-04-16 12:00,0.999444,5,6,11,7,45,52,261,204,465,27,82,109,42.5,10.32,12.69,29.89,27.1,14.19,3.87,1.08,0.86
9000008121,2025-04-16 13:00,0.999444,4,8,12,10,13,23,289,171,460,65,169,234,44.5,7.39,6.52,34.78,28.91,14.35,5.22,2.61,0.22
9000008121,2025-04-16 14:00,0.999444,11,9,20,13,16,29,315,196,511,25,116,141,45.0,12.72,6.26,31.51,27.4,13.7,6.46,1.37,0.59
9000008121,2025-04-16 15:00,0.999444,2,0,2,12,21,33,382,255,637,34,50,84,45.0,5.97,11.62,32.34,27.94,13.03,6.75,1.41,0.94
9000008121,2025-04-16 16:00,0.999722,6,12,18,12,35,47,524,282,806,49,46,95,40.0,5.83,10.05,40.2,29.03,8.68,3.85,1.24,1.12
9000008121,2025-04-16 17:00,0.999722,7,14,21,14,25,39,327,225,552,13,27,40,43.5,10.14,8.15,35.33,26.45,12.68,3.99,2.72,0.54
9000008121,2025-04-16 18:00,0.999167,20,26,46,24,47,71,299,249,548,19,19,38,43.5,18.8,8.76,29.56,23.18,12.04,5.47,1.64,0.55
9000008121,2025-04-16 19:00,0.999167,15,22,37,6,28,34,199,205,404,12,10,22,44.5,12.13,24.01,27.48,15.35,10.15,6.93,1.98,1.98
9000008121,2025-04-16 20:00,0.999722,4,3,7,1,2,3,43,54,97,3,2,5,38.0,18.56,21.65,34.02,12.37,11.34,1.03,1.03,0.0
9000008121,2025-04-16 21:00,0.999167,0,0,0,0,0,0,1,3,4,0,0,0,17.0,25.0,75.0,0.0,0.0,0.0,0.0,0.0,0.0
9000008121,2025-04-16 22:00,0.999444,0,0,0,0,0,0,0,3,3,0,0,0,24.0,0.0,33.33,66.67,0.0,0.0,0.0,0.0,0.0
9000008121,2025-04-16 23:00,0.999444,0,0,0,0,0,0,4,1,5,0,0,0,56.0,0.0,40.0,0.0,0.0,40.0,20.0,0.0,0.0
9000008121,2025-04-17 00:00,0.999167,0,0,0,0,0,0,0,0,0,0,0,0,,0.0,0.0,0.0,0.0,0.0,0.0,0.0,0.0
9000008121,2025-04-17 01:00,0.999167,0,0,0,0,0,0,0,0,0,0,0,0,,0.0,0.0,0.0,0.0,0.0,0.0,0.0,0.0
9000008121,2025-04-17 02:00,0.999444,0,0,0,0,0,0,0,0,0,0,0,0,,0.0,0.0,0.0,0.0,0.0,0.0,0.0,0.0
9000008121,2025-04-17 03:00,0.999167,0,0,0,0,0,0,0,0,0,0,0,0,,0.0,0.0,0.0,0.0,0.0,0.0,0.0,0.0
9000008121,2025-04-17 04:00,0.999444,0,0,0,0,0,0,2,0,2,0,0,0,33.5,0.0,50.0,0.0,50.0,0.0,0.0,0.0,0.0
9000008121,2025-04-17 05:00,0.999167,0,0,0,0,0,0,9,5,14,0,0,0,35.0,7.14,0.0,64.29,14.29,14.29,0.0,0.0,0.0
9000008121,2025-04-17 06:00,0.999444,0,0,0,2,1,3,90,77,167,12,21,33,42.5,11.98,13.17,31.74,26.35,8.38,4.19,2.4,1.8
9000008121,2025-04-17 07:00,0.999444,4,8,12,10,2,12,188,168,356,19,45,64,44.0,12.64,14.33,32.02,20.51,12.36,2.25,3.65,2.25
9000008121,2025-04-17 08:00,0.999167,6,17,23,7,6,13,254,191,445,23,68,91,45.0,13.48,14.16,26.97,23.15,13.48,4.49,2.92,1.35
9000008121,2025-04-17 09:00,0.999722,7,11,18,7,12,19,309,214,523,36,39,75,44.5,18.55,8.6,27.53,22.75,13.19,5.54,2.68,1.15
9000008121,2025-04-17 10:00,0.999167,6,15,21,13,3,16,286,298,584,29,41,70,40.0,22.95,14.55,27.23,20.72,10.27,3.08,0.68,0.51
9000008121,2025-04-17 11:00,0.999444,13,16,29,7,17,24,243,295,538,29,61,90,38.0,22.68,20.63,26.02,19.52,7.62,2.79,0.37,0.37
9000008121,2025-04-17 12:00,0.999444,10,13,23,3,27,30,266,297,563,35,71,106,43.0,18.83,15.63,24.33,21.31,13.68,4.09,1.24,0.89
9000008121,2025-04-17 13:00,0.999444,7,7,14,4,36,40,271,307,578,65,92,157,43.5,21.97,12.8,24.57,20.76,12.63,4.67,1.73,0.87
9000008121,2025-04-17 14:00,0.999444,10,7,17,5,23,28,326,279,605,36,49,85,48.0,16.86,7.27,26.78,21.16,15.37,7.11,2.98,2.48
9000008121,2025-04-17 15:00,0.999167,10,14,24,8,26,34,369,278,647,33,47,80,48.0,12.85,10.06,29.72,21.36,13.47,7.89,3.1,1.7
9000008121,2025-04-17 16:00,0.999444,5,29,34,11,28,39,342,236,578,15,29,44,47.0,8.82,7.44,33.74,24.91,13.15,7.79,2.08,2.08
9000008121,2025-04-17 17:00,0.999444,25,27,52,8,52,60,333,230,563,20,27,47,50.0,13.68,8.53,26.11,24.33,12.43,8.53,4.09,2.31
9000008121,2025-04-17 18:00,0.999722,17,21,38,15,33,48,273,209,482,19,18,37,47.5,16.8,10.58,25.1,22.41,13.49,5.39,3.53,2.7
9000008121,2025-04-17 19:00,0.999444,8,26,34,10,22,32,173,198,371,16,14,30,44.0,19.95,14.29,30.46,15.36,11.32,4.58,2.16,1.89
9000008121,2025-04-17 20:00,0.999444,0,0,0,1,4,5,39,37,76,4,3,7,42.0,15.79,14.47,36.84,15.79,9.21,3.95,3.95,0.0
9000008121,2025-04-17 21:00,0.999444,0,0,0,0,0,0,1,0,1,0,0,0,44.0,0.0,0.0,0.0,0.0,100.0,0.0,0.0,0.0
9000008121,2025-04-17 22:00,0.999444,0,0,0,0,0,0,2,1,3,0,0,0,33.0,33.33,33.33,0.0,33.33,0.0,0.0,0.0,0.0
9000008121,2025-04-17 23:00,0.999167,0,0,0,0,0,0,1,1,2,0,0,0,33.5,50.0,0.0,0.0,50.0,0.0,0.0,0.0,0.0
9000008121,2025-04-18 00:00,0.999722,0,0,0,0,0,0,1,0,1,0,0,0,19.0,0.0,100.0,0.0,0.0,0.0,0.0,0.0,0.0
9000008121,2025-04-18 01:00,0.999444,0,0,0,0,0,0,0,0,0,0,0,0,,0.0,0.0,0.0,0.0,0.0,0.0,0.0,0.0
9000008121,2025-04-18 02:00,1.0,0,0,0,0,0,0,0,0,0,0,0,0,,0.0,0.0,0.0,0.0,0.0,0.0,0.0,0.0
9000008121,2025-04-18 03:00,0.999722,0,0,0,0,0,0,0,0,0,0,0,0,,0.0,0.0,0.0,0.0,0.0,0.0,0.0,0.0
9000008121,2025-04-18 04:00,0.999722,0,0,0,0,0,0,0,0,0,0,0,0,,0.0,0.0,0.0,0.0,0.0,0.0,0.0,0.0
9000008121,2025-04-18 05:00,0.991111,0,0,0,0,0,0,0,0,0,0,0,0,,0.0,0.0,0.0,0.0,0.0,0.0,0.0,0.0
9000008121,2025-04-18 06:00,0.999444,0,0,0,0,1,1,13,18,31,1,1,2,47.5,9.68,6.45,35.48,25.81,12.9,3.23,0.0,6.45
9000008121,2025-04-18 07:00,0.999167,0,0,0,0,0,0,34,32,66,3,6,9,38.5,18.18,6.06,42.42,19.7,3.03,1.52,3.03,6.06
9000008121,2025-04-18 08:00,0.999167,0,0,0,2,1,3,56,35,91,6,3,9,52.0,8.79,24.18,18.68,20.88,9.89,12.09,1.1,4.4
9000008121,2025-04-18 09:00,0.999722,3,6,9,1,6,7,98,70,168,9,5,14,50.0,4.17,21.43,25.0,23.21,11.31,9.52,4.17,1.19
9000008121,2025-04-18 10:00,0.999722,2,3,5,0,11,11,146,99,245,8,13,21,48.5,6.94,17.96,26.94,20.82,13.88,8.16,3.67,1.63
9000008121,2025-04-18 11:00,0.999444,0,3,3,2,9,11,124,152,276,3,10,13,44.5,9.78,17.75,29.71,21.38,11.59,5.07,2.54,2.17
9000008121,2025-04-18 12:00,0.999167,0,6,6,2,13,15,161,121,282,5,16,21,47.0,4.96,19.86,25.18,26.95,10.64,7.45,2.13,2.84
9000008121,2025-04-18 13:00,0.999444,0,3,3,4,12,16,232,152,384,5,13,18,45.0,6.25,18.23,29.69,23.18,11.72,7.29,1.56,2.08
9000008121,2025-04-18 14:00,0.999444,1,10,11,5,14,19,184,158,342,3,9,12,50.0,6.73,17.84,30.41,17.54,12.57,9.94,2.34,2.63
9000008121,2025-04-18 15:00,0.999167,2,3,5,1,6,7,163,161,324,5,9,14,47.5,7.1,19.44,29.32,21.6,9.57,9.26,2.16,1.54
9000008121,2025-04-18 16:00,0.999167,4,10,14,3,8,11,190,161,351,3,7,10,46.0,13.11,11.4,30.2,20.8,13.96,4.27,2.28,3.99
9000008121,2025-04-18 17:00,1.0,4,7,11,3,11,14,169,113,282,6,6,12,46.5,17.73,10.28,26.95,23.05,10.64,8.16,1.06,2.13
9000008121,2025-04-18 18:00,0.999167,0,3,3,6,14,20,117,101,218,3,3,6,44.5,18.35,12.84,31.19,17.43,11.01,5.96,1.83,1.38
9000008121,2025-04-18 19:00,0.999444,0,3,3,1,13,14,126,108,234,4,5,9,46.5,2.56,6.84,46.58,20.94,12.82,5.56,1.71,2.99
9000008121,2025-04-18 20:00,0.988889,0,0,0,0,1,1,12,7,19,0,1,1,44.0,0.0,0.0,31.58,36.84,26.32,0.0,5.26,0.0
9000008121,2025-04-18 21:00,0.999444,0,0,0,0,0,0,0,0,0,0,0,0,,0.0,0.0,0.0,0.0,0.0,0.0,0.0,0.0
9000008121,2025-04-18 22:00,0.999722,0,0,0,0,0,0,0,1,1,0,0,0,4.0,100.0,0.0,0.0,0.0,0.0,0.0,0.0,0.0
9000008121,2025-04-18 23:00,0.984722,0,0,0,0,0,0,0,0,0,0,0,0,,0.0,0.0,0.0,0.0,0.0,0.0,0.0,0.0
9000008121,2025-04-19 00:00,0.999722,0,0,0,0,0,0,0,0,0,0,0,0,,0.0,0.0,0.0,0.0,0.0,0.0,0.0,0.0
9000008121,2025-04-19 01:00,0.988056,0,0,0,0,0,0,0,0,0,0,0,0,,0.0,0.0,0.0,0.0,0.0,0.0,0.0,0.0
9000008121,2025-04-19 02:00,0.9725,0,0,0,0,0,0,0,0,0,0,0,0,,0.0,0.0,0.0,0.0,0.0,0.0,0.0,0.0
9000008121,2025-04-19 03:00,0.999444,0,0,0,0,0,0,0,0,0,0,0,0,,0.0,0.0,0.0,0.0,0.0,0.0,0.0,0.0
9000008121,2025-04-19 04:00,0.993611,0,0,0,0,0,0,0,0,0,0,0,0,,0.0,0.0,0.0,0.0,0.0,0.0,0.0,0.0
9000008121,2025-04-19 05:00,0.996389,0,0,0,0,0,0,0,0,0,0,0,0,,0.0,0.0,0.0,0.0,0.0,0.0,0.0,0.0
9000008121,2025-04-19 06:00,0.999167,0,0,0,0,2,2,20,13,33,3,3,6,34.5,3.03,15.15,42.42,27.27,3.03,3.03,3.03,3.03
9000008121,2025-04-19 07:00,0.999722,0,0,0,0,1,1,33,30,63,8,11,19,41.5,4.76,11.11,38.1,28.57,11.11,0.0,4.76,1.59
9000008121,2025-04-19 08:00,0.999444,0,0,0,1,1,2,102,95,197,9,19,28,45.5,11.68,13.2,28.93,22.34,14.21,5.08,2.54,2.03
9000008121,2025-04-19 09:00,0.999444,5,3,8,0,2,2,191,148,339,10,17,27,46.5,9.73,15.34,27.14,21.83,14.16,6.19,3.83,1.77
9000008121,2025-04-19 10:00,0.999444,7,2,9,5,4,9,239,172,411,12,20,32,43.5,8.76,14.11,29.93,26.28,13.38,4.62,0.73,2.19
9000008121,2025-04-19 11:00,0.999167,5,6,11,5,8,13,285,242,527,14,31,45,43.0,8.92,17.84,30.17,23.53,13.28,4.36,1.14,0.76
9000008121,2025-04-19 12:00,0.999722,1,5,6,3,13,16,271,262,533,19,13,32,44.5,11.63,19.51,28.71,19.14,10.88,6.94,1.5,1.69
9000008121,2025-04-19 13:00,0.999444,1,4,5,6,5,11,250,273,523,12,12,24,42.5,15.3,16.83,29.83,19.89,10.71,6.12,0.76,0.57
9000008121,2025-04-19 14:00,0.999167,0,5,5,2,12,14,236,266,502,7,16,23,44.0,13.35,16.93,26.69,22.51,12.75,5.38,1.2,1.2
9000008121,2025-04-19 15:00,0.999444,1,2,3,1,6,7,254,257,511,10,29,39,44.0,11.94,19.37,27.98,18.79,14.48,5.68,0.98,0.78
9000008121,2025-04-19 16:00,0.999722,3,8,11,3,10,13,207,243,450,8,14,22,43.5,11.56,16.89,29.33,19.11,15.11,4.44,2.22,1.33
9000008121,2025-04-19 17:00,0.999722,2,4,6,8,6,14,195,214,409,11,19,30,41.5,8.56,18.83,32.76,22.98,9.29,3.67,2.2,1.71
9000008121,2025-04-19 18:00,0.999167,0,2,2,0,2,2,187,218,405,8,13,21,45.0,5.93,25.43,27.9,19.26,11.36,6.17,2.47,1.48
9000008121,2025-04-19 19:00,0.999444,0,1,1,3,2,5,142,197,339,8,8,16,43.0,7.08,25.07,28.32,20.35,12.39,3.24,2.06,1.47
9000008121,2025-04-19 20:00,0.999722,0,0,0,0,3,3,19,38,57,0,0,0,34.5,8.77,17.54,43.86,22.81,5.26,0.0,1.75,0.0
9000008121,2025-04-19 21:00,0.987778,0,0,0,0,0,0,1,0,1,0,0,0,29.0,0.0,0.0,100.0,0.0,0.0,0.0,0.0,0.0
9000008121,2025-04-19 22:00,0.999444,0,0,0,0,0,0,0,0,0,0,0,0,,0.0,0.0,0.0,0.0,0.0,0.0,0.0,0.0
9000008121,2025-04-19 23:00,0.990278,0,0,0,0,0,0,0,0,0,0,0,0,,0.0,0.0,0.0,0.0,0.0,0.0,0.0,0.0
9000008121,2025-04-20 00:00,0.9975,0,0,0,0,0,0,0,0,0,0,0,0,,0.0,0.0,0.0,0.0,0.0,0.0,0.0,0.0
9000008121,2025-04-20 01:00,0.995833,0,0,0,0,0,0,0,0,0,0,0,0,,0.0,0.0,0.0,0.0,0.0,0.0,0.0,0.0
9000008121,2025-04-20 02:00,0.988056,0,0,0,0,0,0,0,0,0,0,0,0,,0.0,0.0,0.0,0.0,0.0,0.0,0.0,0.0
9000008121,2025-04-20 03:00,0.954722,0,0,0,0,0,0,0,0,0,0,0,0,,0.0,0.0,0.0,0.0,0.0,0.0,0.0,0.0
9000008121,2025-04-20 04:00,0.971944,0,0,0,0,0,0,0,0,0,0,0,0,,0.0,0.0,0.0,0.0,0.0,0.0,0.0,0.0
9000008121,2025-04-20 05:00,0.985,0,0,0,1,0,1,4,2,6,0,0,0,75.5,0.0,0.0,33.33,33.33,16.67,0.0,0.0,16.67
9000008121,2025-04-20 06:00,0.999722,0,0,0,0,1,1,33,42,75,3,2,5,46.5,22.67,10.67,22.67,22.67,12.0,2.67,5.33,1.33
9000008121,2025-04-20 07:00,0.999167,1,2,3,0,1,1,34,50,84,4,4,8,40.5,19.05,20.24,26.19,19.05,5.95,3.57,4.76,1.19
9000008121,2025-04-20 08:00,0.999444,0,4,4,1,1,2,65,59,124,6,4,10,47.5,5.65,17.74,26.61,25.81,10.48,7.26,4.03,2.42
9000008121,2025-04-20 09:00,0.999167,0,6,6,7,5,12,146,126,272,13,11,24,43.0,12.13,18.01,25.74,26.1,11.4,4.78,1.84,0.0
9000008121,2025-04-20 10:00,0.999444,9,8,17,3,13,16,170,116,286,6,9,15,43.0,17.48,10.49,24.83,27.62,11.89,6.29,0.7,0.7
9000008121,2025-04-20 11:00,0.999722,1,2,3,1,5,6,165,140,305,4,16,20,42.0,13.11,18.69,25.9,25.25,10.49,4.59,0.66,1.31
9000008121,2025-04-20 12:00,0.999444,0,0,0,0,11,11,190,163,353,9,37,46,46.0,8.78,25.21,22.95,17.0,15.58,6.23,2.83,1.42
9000008121,2025-04-20 13:00,0.999722,1,2,3,0,8,8,179,157,336,32,55,87,46.0,19.05,11.01,26.49,20.83,13.39,6.85,1.19,1.19
9000008121,2025-04-20 14:00,0.999167,1,0,1,1,5,6,186,127,313,9,46,55,49.0,15.65,5.75,23.0,26.2,15.34,7.67,3.51,2.88
9000008121,2025-04-20 15:00,0.999722,0,0,0,2,4,6,141,126,267,4,23,27,43.5,7.12,9.74,37.08,25.84,12.73,4.12,2.62,0.75
9000008121,2025-04-20 16:00,0.999167,2,5,7,2,8,10,111,148,259,3,11,14,38.5,12.74,15.83,36.29,23.94,6.56,1.93,1.54,1.16
9000008121,2025-04-20 17:00,0.999167,5,9,14,1,19,20,157,156,313,12,30,42,44.5,10.54,15.02,37.38,16.29,11.18,4.47,3.19,1.92
9000008121,2025-04-20 18:00,0.999444,5,14,19,5,11,16,167,143,310,4,9,13,46.0,14.84,15.16,25.48,23.55,10.0,7.74,1.61,1.61
9000008121,2025-04-20 19:00,0.999167,1,4,5,1,5,6,138,146,284,4,8,12,48.5,19.01,11.97,28.17,13.73,14.08,8.1,2.46,2.46
9000008121,2025-04-20 20:00,0.999444,0,0,0,1,1,2,44,53,97,1,1,2,45.5,21.65,13.4,36.08,10.31,6.19,6.19,4.12,2.06
9000008121,2025-04-20 21:00,0.999444,0,0,0,0,0,0,1,0,1,0,0,0,9.0,100.0,0.0,0.0,0.0,0.0,0.0,0.0,0.0
9000008121,2025-04-20 22:00,0.981944,0,0,0,0,0,0,1,0,1,0,0,0,74.0,0.0,0.0,0.0,0.0,0.0,0.0,0.0,100.0
9000008121,2025-04-20 23:00,0.982778,0,0,0,0,0,0,1,1,2,0,0,0,18.5,0.0,100.0,0.0,0.0,0.0,0.0,0.0,0.0
9000008121,2025-04-21 00:00,0.999167,0,0,0,0,0,0,0,0,0,0,0,0,,0.0,0.0,0.0,0.0,0.0,0.0,0.0,0.0
9000008121,2025-04-21 01:00,0.999444,0,0,0,0,0,0,0,0,0,0,0,0,,0.0,0.0,0.0,0.0,0.0,0.0,0.0,0.0
9000008121,2025-04-21 02:00,0.973333,0,0,0,0,0,0,0,0,0,0,0,0,,0.0,0.0,0.0,0.0,0.0,0.0,0.0,0.0
9000008121,2025-04-21 03:00,0.983333,0,0,0,0,0,0,0,0,0,0,0,0,,0.0,0.0,0.0,0.0,0.0,0.0,0.0,0.0
9000008121,2025-04-21 04:00,0.9925,0,0,0,0,0,0,0,0,0,0,0,0,,0.0,0.0,0.0,0.0,0.0,0.0,0.0,0.0
9000008121,2025-04-21 05:00,0.999167,0,0,0,0,0,0,1,0,1,0,0,0,39.0,0.0,0.0,0.0,100.0,0.0,0.0,0.0,0.0
9000008121,2025-04-21 06:00,0.999167,0,0,0,0,0,0,21,15,36,1,1,2,46.0,8.33,2.78,47.22,16.67,16.67,5.56,2.78,0.0
9000008121,2025-04-21 07:00,0.999444,0,0,0,1,1,2,34,25,59,6,4,10,44.5,6.78,20.34,25.42,23.73,15.25,6.78,0.0,1.69
9000008121,2025-04-21 08:00,0.999167,0,0,0,1,3,4,30,27,57,2,8,10,49.0,12.28,21.05,19.3,24.56,8.77,8.77,1.75,3.51
9000008121,2025-04-21 09:00,0.999167,1,2,3,3,1,4,120,55,175,4,10,14,50.0,6.86,10.29,24.0,29.14,14.86,6.86,5.14,2.86
9000008121,2025-04-21 10:00,0.999722,3,1,4,1,3,4,144,98,242,8,8,16,42.5,6.2,18.6,29.75,26.86,13.22,3.72,1.65,0.0
9000008121,2025-04-21 11:00,0.999167,6,9,15,2,9,11,144,99,243,6,7,13,50.5,9.47,19.75,25.51,20.58,9.47,8.23,4.12,2.88
9000008121,2025-04-21 12:00,0.999444,0,10,10,7,5,12,160,141,301,9,16,25,45.0,13.29,14.95,30.23,17.94,13.95,4.65,2.33,2.66
9000008121,2025-04-21 13:00,0.999444,1,9,10,4,10,14,163,147,310,5,5,10,52.5,15.81,17.42,18.06,19.03,12.58,8.39,4.52,4.19
9000008121,2025-04-21 14:00,0.999167,0,10,10,2,15,17,180,153,333,10,13,23,50.5,12.01,20.12,21.32,19.52,11.71,6.91,3.9,4.5
9000008121,2025-04-21 15:00,0.999444,1,11,12,4,11,15,169,157,326,8,12,20,49.0,11.96,16.87,23.31,20.25,13.8,6.44,3.68,3.68
9000008121,2025-04-21 16:00,0.999167,3,10,13,4,12,16,157,168,325,3,10,13,48.5,13.85,18.46,25.54,17.23,12.31,7.08,1.85,3.69
9000008121,2025-04-21 17:00,0.999167,2,9,11,3,9,12,198,144,342,6,6,12,51.0,11.11,14.04,23.98,20.76,14.33,7.89,4.68,3.22
9000008121,2025-04-21 18:00,0.999444,2,15,17,4,14,18,155,130,285,10,7,17,47.5,15.09,13.33,23.51,21.4,15.79,4.56,3.51,2.81
9000008121,2025-04-21 19:00,0.999444,0,6,6,3,5,8,153,153,306,5,11,16,49.5,22.22,9.15,26.14,14.71,13.07,7.84,4.25,2.61
9000008121,2025-04-21 20:00,0.999444,0,3,3,0,1,1,64,66,130,2,3,5,45.5,16.15,17.69,24.62,20.77,9.23,3.08,3.85,4.62
9000008121,2025-04-21 21:00,0.999444,0,0,0,0,0,0,1,1,2,0,0,0,14.0,0.0,100.0,0.0,0.0,0.0,0.0,0.0,0.0
9000008121,2025-04-21 22:00,0.999167,0,0,0,0,0,0,0,0,0,0,0,0,,0.0,0.0,0.0,0.0,0.0,0.0,0.0,0.0
9000008121,2025-04-21 23:00,0.999722,0,0,0,0,0,0,0,0,0,0,0,0,,0.0,0.0,0.0,0.0,0.0,0.0,0.0,0.0
9000008121,2025-04-22 00:00,0.999722,0,0,0,0,0,0,0,0,0,0,0,0,,0.0,0.0,0.0,0.0,0.0,0.0,0.0,0.0
9000008121,2025-04-22 01:00,1.0,0,0,0,0,0,0,0,0,0,0,0,0,,0.0,0.0,0.0,0.0,0.0,0.0,0.0,0.0
9000008121,2025-04-22 02:00,0.999722,0,0,0,0,0,0,0,0,0,0,0,0,,0.0,0.0,0.0,0.0,0.0,0.0,0.0,0.0
9000008121,2025-04-22 03:00,0.999722,0,0,0,0,0,0,0,0,0,0,0,0,,0.0,0.0,0.0,0.0,0.0,0.0,0.0,0.0
9000008121,2025-04-22 04:00,0.981389,0,0,0,0,0,0,1,0,1,0,0,0,9.0,100.0,0.0,0.0,0.0,0.0,0.0,0.0,0.0
9000008121,2025-04-22 05:00,0.999722,0,0,0,0,2,2,25,17,42,2,3,5,44.5,19.05,14.29,35.71,7.14,9.52,9.52,0.0,4.76
9000008121,2025-04-22 06:00,0.999444,1,2,3,2,5,7,94,120,214,10,23,33,42.5,20.56,14.02,28.5,18.69,11.21,4.21,1.4,1.4
9000008121,2025-04-22 07:00,0.999444,7,6,13,4,10,14,158,185,343,17,52,69,46.5,21.28,11.66,29.15,15.16,10.2,6.12,4.37,2.04
9000008121,2025-04-22 08:00,0.999722,1,11,12,7,7,14,236,198,434,23,51,74,47.0,18.89,14.29,26.5,18.43,9.91,7.37,2.76,1.84
9000008121,2025-04-22 09:00,0.999722,0,7,7,7,14,21,278,187,465,43,45,88,45.0,12.04,12.26,30.54,23.23,12.04,6.24,1.72,1.94
9000008121,2025-04-22 10:00,0.999167,2,15,17,7,15,22,249,207,456,32,53,85,43.0,14.91,13.82,28.29,23.03,12.5,4.82,1.32,1.32
9000008121,2025-04-22 11:00,0.999444,3,6,9,3,9,12,219,233,452,20,88,108,40.0,11.73,26.55,23.67,23.45,10.62,2.21,0.88,0.88
9000008121,2025-04-22 12:00,0.999444,0,5,5,4,12,16,278,246,524,23,97,120,44.5,9.73,20.04,27.67,20.8,12.21,6.87,1.72,0.95
9000008121,2025-04-22 13:00,0.999444,2,8,10,6,25,31,299,197,496,26,43,69,47.5,10.89,15.12,27.82,20.77,13.71,6.45,3.23,2.02
9000008121,2025-04-22 14:00,0.999167,3,13,16,7,25,32,298,262,560,26,42,68,47.0,9.29,19.82,29.29,17.86,11.61,6.25,3.04,2.86
9000008121,2025-04-22 15:00,0.999444,2,4,6,6,8,14,439,283,722,28,35,63,47.0,15.37,11.77,27.42,20.5,13.57,6.51,2.63,2.22
9000008121,2025-04-22 16:00,0.999444,7,18,25,16,16,32,337,254,591,30,39,69,48.0,17.77,12.52,28.09,18.1,10.49,8.12,2.71,2.2
9000008121,2025-04-22 17:00,0.999167,8,36,44,7,30,37,307,220,527,18,23,41,45.5,11.2,18.79,29.03,17.08,14.23,5.12,2.66,1.9
9000008121,2025-04-22 18:00,0.999722,15,15,30,12,21,33,244,209,453,24,19,43,43.5,1.99,16.78,44.15,17.44,10.15,4.86,2.65,1.99
9000008121,2025-04-22 19:00,0.999722,1,19,20,8,36,44,189,175,364,8,10,18,47.5,6.59,21.98,33.24,17.58,7.69,6.32,3.85,2.75
9000008121,2025-04-22 20:00,0.999722,2,1,3,0,2,2,63,59,122,5,4,9,36.5,21.31,11.48,36.07,18.85,5.74,4.1,1.64,0.82
9000008121,2025-04-22 21:00,0.999167,0,0,0,0,0,0,0,0,0,0,0,0,,0.0,0.0,0.0,0.0,0.0,0.0,0.0,0.0
9000008121,2025-04-22 22:00,0.999444,0,0,0,0,0,0,0,0,0,0,0,0,,0.0,0.0,0.0,0.0,0.0,0.0,0.0,0.0
9000008121,2025-04-22 23:00,0.999167,0,0,0,0,0,0,0,0,0,0,0,0,,0.0,0.0,0.0,0.0,0.0,0.0,0.0,0.0
9000008121,2025-04-23 00:00,0.999444,0,0,0,0,0,0,0,0,0,0,0,0,,0.0,0.0,0.0,0.0,0.0,0.0,0.0,0.0
9000008121,2025-04-23 01:00,0.999167,0,0,0,0,0,0,0,0,0,0,0,0,,0.0,0.0,0.0,0.0,0.0,0.0,0.0,0.0
9000008121,2025-04-23 02:00,0.999167,0,0,0,0,0,0,0,0,0,0,0,0,,0.0,0.0,0.0,0.0,0.0,0.0,0.0,0.0
9000008121,2025-04-23 03:00,0.985,0,0,0,0,0,0,0,0,0,0,0,0,,0.0,0.0,0.0,0.0,0.0,0.0,0.0,0.0
9000008121,2025-04-23 04:00,0.987778,0,0,0,0,0,0,0,0,0,0,0,0,,0.0,0.0,0.0,0.0,0.0,0.0,0.0,0.0
9000008121,2025-04-23 05:00,0.999444,1,1,2,0,3,3,22,25,47,2,6,8,50.0,19.15,4.26,34.04,14.89,12.77,4.26,2.13,8.51
9000008121,2025-04-23 06:00,0.999444,8,11,19,0,13,13,83,90,173,10,16,26,43.5,17.34,9.83,33.53,16.18,14.45,3.47,2.89,2.31
9000008121,2025-04-23 07:00,0.999167,18,15,33,8,10,18,187,178,365,24,51,75,45.5,18.36,15.34,25.75,20.55,7.95,6.58,2.19,3.29
9000008121,2025-04-23 08:00,0.999444,15,18,33,2,23,25,245,192,437,42,39,81,42.5,11.44,20.14,30.66,18.76,11.67,5.26,0.92,1.14
9000008121,2025-04-23 09:00,0.999444,15,13,28,4,14,18,252,183,435,35,40,75,46.0,12.87,14.48,27.13,22.99,11.95,6.44,2.3,1.84
9000008121,2025-04-23 10:00,0.999722,1,5,6,11,23,34,271,203,474,28,43,71,44.5,11.18,13.71,28.48,22.57,16.24,5.49,1.69,0.63
9000008121,2025-04-23 11:00,0.999722,4,0,4,4,11,15,243,168,411,29,36,65,47.0,5.84,18.0,27.74,24.57,12.65,6.81,2.68,1.7
9000008121,2025-04-23 12:00,0.999444,6,8,14,8,31,39,234,215,449,31,45,76,45.5,7.8,16.04,37.19,18.49,9.13,4.9,3.56,2.9
9000008121,2025-04-23 13:00,0.999722,6,8,14,7,31,38,274,213,487,35,45,80,42.5,9.45,15.2,33.26,23.41,11.7,3.29,2.67,1.03
9000008121,2025-04-23 14:00,0.999722,7,11,18,7,23,30,276,245,521,37,39,76,45.5,12.48,15.16,31.48,18.43,11.71,5.95,2.5,2.3
9000008121,2025-04-23 15:00,0.999444,10,8,18,20,15,35,402,297,699,41,30,71,39.0,14.74,16.74,32.33,23.75,6.87,2.29,2.29,1.0
9000008121,2025-04-23 16:00,0.999444,8,5,13,25,16,41,401,262,663,25,28,53,41.0,14.48,17.19,29.71,22.47,9.65,2.87,1.81,1.81
9000008121,2025-04-23 17:00,0.999444,4,2,6,7,24,31,307,234,541,15,26,41,48.0,11.09,19.04,24.95,20.33,11.65,7.76,2.22,2.96
9000008121,2025-04-23 18:00,0.999167,2,6,8,5,29,34,270,238,508,19,18,37,48.5,8.66,16.73,32.28,17.72,11.02,6.5,4.13,2.95
9000008121,2025-04-23 19:00,0.999722,9,8,17,6,34,40,181,165,346,21,14,35,44.0,4.91,15.9,37.86,20.23,11.56,4.62,1.73,3.18
9000008121,2025-04-23 20:00,1.0,1,0,1,2,15,17,71,70,141,5,4,9,42.0,3.55,12.77,46.1,21.28,7.09,3.55,2.13,3.55
9000008121,2025-04-23 21:00,0.999722,0,0,0,0,0,0,2,1,3,0,0,0,38.0,0.0,33.33,0.0,66.67,0.0,0.0,0.0,0.0
9000008121,2025-04-23 22:00,0.999722,0,0,0,0,0,0,0,0,0,0,0,0,,0.0,0.0,0.0,0.0,0.0,0.0,0.0,0.0
9000008121,2025-04-23 23:00,0.999167,0,0,0,0,0,0,0,0,0,0,0,0,,0.0,0.0,0.0,0.0,0.0,0.0,0.0,0.0
9000008121,2025-04-24 00:00,0.999167,0,0,0,0,0,0,0,0,0,0,0,0,,0.0,0.0,0.0,0.0,0.0,0.0,0.0,0.0
9000008121,2025-04-24 01:00,0.999444,0,0,0,0,0,0,0,0,0,0,0,0,,0.0,0.0,0.0,0.0,0.0,0.0,0.0,0.0
9000008121,2025-04-24 02:00,0.999167,0,0,0,0,0,0,0,0,0,0,0,0,,0.0,0.0,0.0,0.0,0.0,0.0,0.0,0.0
9000008121,2025-04-24 03:00,0.999167,0,0,0,0,0,0,0,0,0,0,0,0,,0.0,0.0,0.0,0.0,0.0,0.0,0.0,0.0
9000008121,2025-04-24 04:00,0.999444,0,0,0,0,0,0,0,0,0,0,0,0,,0.0,0.0,0.0,0.0,0.0,0.0,0.0,0.0
9000008121,2025-04-24 05:00,0.999444,0,0,0,0,3,3,22,14,36,1,4,5,47.5,8.33,13.89,30.56,22.22,16.67,8.33,0.0,0.0
9000008121,2025-04-24 06:00,0.999444,2,2,4,0,3,3,84,82,166,12,22,34,46.5,20.48,18.07,23.49,17.47,9.04,6.02,1.2,4.22
9000008121,2025-04-24 07:00,0.999444,6,2,8,4,12,16,174,173,347,18,37,55,43.0,22.77,14.7,23.05,21.04,9.51,4.61,2.88,1.44
9000008121,2025-04-24 08:00,0.999444,4,8,12,6,12,18,221,196,417,35,52,87,47.5,17.27,15.11,26.62,17.51,11.03,6.24,3.36,2.88
9000008121,2025-04-24 09:00,0.999167,5,3,8,5,4,9,281,193,474,30,39,69,45.5,11.81,11.6,27.64,25.11,14.56,6.12,1.48,1.69
9000008121,2025-04-24 10:00,0.999444,3,12,15,2,15,17,292,225,517,38,51,89,42.5,11.61,14.12,30.56,25.15,11.22,5.8,0.58,0.97
9000008121,2025-04-24 11:00,0.999444,8,13,21,8,13,21,246,207,453,19,48,67,43.5,11.7,15.45,28.04,23.84,14.79,3.75,1.32,1.1
9000008121,2025-04-24 12:00,0.999167,11,7,18,9,20,29,271,243,514,41,64,105,43.5,10.31,18.29,29.57,22.96,11.87,3.31,2.14,1.56
9000008121,2025-04-24 13:00,0.999444,11,15,26,4,26,30,260,217,477,68,71,139,44.0,14.88,16.77,23.06,22.22,14.47,5.87,1.26,1.47
9000008121,2025-04-24 14:00,0.999722,8,15,23,5,39,44,296,226,522,35,39,74,46.0,11.3,15.9,29.69,22.41,11.3,6.32,1.53,1.53
9000008121,2025-04-24 15:00,0.999444,1,10,11,16,23,39,360,263,623,54,56,110,44.5,8.67,9.95,31.62,27.61,13.96,4.33,1.93,1.93
9000008121,2025-04-24 16:00,0.999167,13,14,27,21,30,51,335,249,584,25,43,68,44.5,7.02,13.87,30.99,26.2,12.5,5.99,2.57,0.86
9000008121,2025-04-24 17:00,0.999444,2,18,20,16,37,53,320,247,567,28,28,56,39.5,2.65,15.7,42.68,25.22,8.11,1.94,1.59,2.12
9000008121,2025-04-24 18:00,0.999167,3,9,12,7,28,35,276,239,515,16,24,40,44.0,5.83,18.45,34.56,20.0,11.46,4.66,2.33,2.72
9000008121,2025-04-24 19:00,0.999722,4,13,17,2,20,22,176,211,387,8,12,20,45.0,13.95,19.9,28.68,15.76,11.89,3.88,3.1,2.84
9000008121,2025-04-24 20:00,0.999722,0,0,0,5,9,14,63,73,136,3,6,9,42.0,11.03,16.18,38.24,15.44,11.76,2.94,1.47,2.94
9000008121,2025-04-24 21:00,0.999444,0,0,0,0,0,0,1,5,6,0,0,0,55.5,0.0,50.0,33.33,0.0,0.0,16.67,0.0,0.0
9000008121,2025-04-24 22:00,0.9725,0,0,0,0,0,0,2,0,2,1,0,1,38.5,0.0,0.0,50.0,50.0,0.0,0.0,0.0,0.0
9000008121,2025-04-24 23:00,0.9875,0,0,0,0,0,0,3,1,4,0,0,0,42.0,50.0,25.0,0.0,0.0,25.0,0.0,0.0,0.0
9000008121,2025-04-25 00:00,0.999722,0,0,0,0,0,0,0,0,0,0,0,0,,0.0,0.0,0.0,0.0,0.0,0.0,0.0,0.0
9000008121,2025-04-25 01:00,0.988889,0,0,0,0,0,0,0,0,0,0,0,0,,0.0,0.0,0.0,0.0,0.0,0.0,0.0,0.0
9000008121,2025-04-25 02:00,0.979444,0,0,0,0,0,0,0,0,0,0,0,0,,0.0,0.0,0.0,0.0,0.0,0.0,0.0,0.0
9000008121,2025-04-25 03:00,0.999444,0,0,0,0,0,0,0,0,0,0,0,0,,0.0,0.0,0.0,0.0,0.0,0.0,0.0,0.0
9000008121,2025-04-25 04:00,0.999444,0,0,0,0,0,0,0,0,0,0,0,0,,0.0,0.0,0.0,0.0,0.0,0.0,0.0,0.0
9000008121,2025-04-25 05:00,0.982778,0,0,0,0,0,0,13,15,28,2,1,3,37.0,14.29,14.29,32.14,32.14,0.0,0.0,7.14,0.0
9000008121,2025-04-25 06:00,0.999444,2,2,4,0,3,3,87,86,173,5,25,30,41.0,17.34,21.39,28.32,16.76,9.25,4.62,1.16,1.16
9000008121,2025-04-25 07:00,0.999444,1,1,2,4,5,9,150,183,333,20,50,70,42.5,4.5,22.22,33.93,21.02,10.51,3.0,2.7,2.1
9000008121,2025-04-25 08:00,0.999167,0,1,1,5,9,14,241,211,452,21,67,88,44.5,3.1,23.67,33.85,19.25,9.51,4.65,2.65,3.32
9000008121,2025-04-25 09:00,0.999444,0,5,5,3,12,15,275,201,476,25,59,84,46.5,3.57,20.59,32.56,20.38,10.92,6.93,3.36,1.68
9000008121,2025-04-25 10:00,0.999444,0,1,1,6,14,20,254,197,451,34,45,79,42.0,5.99,18.63,32.82,25.28,9.98,4.88,0.89,1.55
9000008121,2025-04-25 11:00,0.999444,2,0,2,6,11,17,297,226,523,35,46,81,43.0,4.59,13.38,38.24,24.28,13.0,3.25,2.29,0.96
9000008121,2025-04-25 12:00,0.999167,2,2,4,14,17,31,312,227,539,53,57,110,43.5,2.6,14.1,38.03,25.05,12.8,3.9,2.6,0.93
9000008121,2025-04-25 13:00,0.999722,4,16,20,3,28,31,279,304,583,74,100,174,44.5,16.98,17.67,25.9,17.15,14.41,3.77,2.92,1.2
9000008121,2025-04-25 14:00,0.999444,0,1,1,3,4,7,266,154,420,29,50,79,45.5,11.19,8.33,27.38,28.1,15.48,5.24,2.38,1.9
9000008121,2025-04-25 15:00,0.999722,0,0,0,10,14,24,303,196,499,18,53,71,40.0,10.02,9.02,41.48,24.85,9.02,3.21,1.2,1.2
9000008121,2025-04-25 16:00,0.999167,3,2,5,21,14,35,272,250,522,23,87,110,36.5,9.96,17.62,41.95,19.54,6.7,2.3,0.77,1.15
9000008121,2025-04-25 17:00,0.999722,0,7,7,10,18,28,248,244,492,30,77,107,41.5,15.45,7.52,34.55,25.61,10.77,3.05,0.81,2.24
9000008121,2025-04-25 18:00,0.999167,0,6,6,9,23,32,213,203,416,11,36,47,45.5,6.97,17.31,34.62,20.67,10.82,5.53,1.68,2.4
9000008121,2025-04-25 19:00,0.999444,2,5,7,11,18,29,148,177,325,13,16,29,41.0,10.15,24.0,32.92,16.92,8.31,4.0,0.62,3.08
9000008121,2025-04-25 20:00,0.999722,1,3,4,3,5,8,92,87,179,4,8,12,39.0,13.97,17.32,34.08,21.23,7.26,3.35,1.12,1.68
9000008121,2025-04-25 21:00,0.999722,0,0,0,0,0,0,0,0,0,0,0,0,,0.0,0.0,0.0,0.0,0.0,0.0,0.0,0.0
9000008121,2025-04-25 22:00,0.999444,0,0,0,0,0,0,0,0,0,0,0,0,,0.0,0.0,0.0,0.0,0.0,0.0,0.0,0.0
9000008121,2025-04-25 23:00,0.999167,0,0,0,0,0,0,1,0,1,0,0,0,9.0,100.0,0.0,0.0,0.0,0.0,0.0,0.0,0.0
9000008121,2025-04-26 00:00,0.989167,0,0,0,0,1,1,0,1,1,0,0,0,4.0,100.0,0.0,0.0,0.0,0.0,0.0,0.0,0.0
9000008121,2025-04-26 01:00,0.999167,0,0,0,0,0,0,0,0,0,0,0,0,,0.0,0.0,0.0,0.0,0.0,0.0,0.0,0.0
9000008121,2025-04-26 02:00,0.96,0,0,0,0,0,0,4,1,5,0,0,0,31.0,60.0,20.0,0.0,20.0,0.0,0.0,0.0,0.0
9000008121,2025-04-26 03:00,0.991667,0,0,0,0,0,0,1,1,2,0,0,0,73.5,0.0,50.0,0.0,0.0,0.0,0.0,0.0,50.0
9000008121,2025-04-26 04:00,0.983333,0,0,0,0,0,0,0,0,0,0,0,0,,0.0,0.0,0.0,0.0,0.0,0.0,0.0,0.0
9000008121,2025-04-26 05:00,0.990833,0,0,0,1,1,2,5,10,15,1,1,2,33.5,13.33,20.0,26.67,33.33,6.67,0.0,0.0,0.0
9000008121,2025-04-26 06:00,0.999167,0,0,0,0,0,0,34,32,66,5,8,13,42.5,4.55,13.64,48.48,15.15,9.09,3.03,1.52,4.55
9000008121,2025-04-26 07:00,0.999444,1,1,2,0,2,2,80,51,131,5,17,22,46.5,11.45,9.16,35.11,19.08,12.98,7.63,3.05,1.53
9000008121,2025-04-26 08:00,0.999722,2,2,4,4,1,5,107,96,203,10,10,20,40.0,9.36,19.21,34.98,21.18,11.33,2.96,0.49,0.49
9000008121,2025-04-26 09:00,0.999444,3,2,5,5,7,12,184,115,299,40,20,60,43.0,12.71,15.05,28.09,24.08,13.04,4.01,2.34,0.67
9000008121,2025-04-26 10:00,0.999444,12,18,30,2,7,9,192,166,358,31,44,75,42.0,13.13,20.67,21.79,25.98,13.41,3.63,1.12,0.28
9000008121,2025-04-26 11:00,0.999444,13,8,21,4,23,27,224,217,441,18,39,57,44.0,9.98,19.5,32.65,17.23,12.93,4.08,2.49,1.13
9000008121,2025-04-26 12:00,0.999444,0,5,5,4,9,13,234,278,512,23,81,104,45.5,14.26,16.02,27.93,19.73,11.13,6.45,2.34,2.15
9000008121,2025-04-26 13:00,0.999444,1,8,9,0,10,10,211,244,455,45,43,88,44.0,12.53,16.04,27.91,22.2,13.41,5.27,1.32,1.32
9000008121,2025-04-26 14:00,0.999444,1,3,4,2,4,6,232,191,423,18,40,58,45.5,5.2,15.84,28.37,26.48,14.42,5.44,1.89,2.36
9000008121,2025-04-26 15:00,0.999444,0,1,1,14,5,19,191,189,380,9,25,34,40.0,9.47,13.95,36.32,25.53,8.95,3.95,1.05,0.79
9000008121,2025-04-26 16:00,0.999444,0,1,1,4,16,20,203,189,392,13,35,48,43.0,0.26,11.99,37.76,29.85,12.76,4.85,1.28,1.28
9000008121,2025-04-26 17:00,0.999444,0,2,2,3,7,10,181,186,367,15,43,58,44.5,0.54,2.45,40.33,34.88,12.26,5.18,3.0,1.36
9000008121,2025-04-26 18:00,0.999444,0,11,11,9,13,22,203,176,379,14,40,54,44.5,3.43,16.89,36.41,23.22,8.71,6.07,3.96,1.32
9000008121,2025-04-26 19:00,0.999167,0,2,2,6,22,28,149,177,326,9,17,26,43.5,2.15,19.33,40.8,19.02,9.82,5.21,1.84,1.84
9000008121,2025-04-26 20:00,0.999722,3,1,4,1,8,9,84,84,168,3,5,8,44.0,5.95,12.5,47.62,14.29,10.12,2.38,2.38,4.76
9000008121,2025-04-26 21:00,0.999722,0,0,0,0,0,0,1,1,2,0,0,0,9.0,100.0,0.0,0.0,0.0,0.0,0.0,0.0,0.0
9000008121,2025-04-26 22:00,0.999444,0,0,0,0,0,0,1,0,1,0,0,0,4.0,100.0,0.0,0.0,0.0,0.0,0.0,0.0,0.0
9000008121,2025-04-26 23:00,0.999444,0,0,0,0,1,1,1,2,3,0,0,0,18.0,66.67,33.33,0.0,0.0,0.0,0.0,0.0,0.0
9000008121,2025-04-27 00:00,0.999167,0,0,0,0,0,0,0,0,0,0,0,0,,0.0,0.0,0.0,0.0,0.0,0.0,0.0,0.0
9000008121,2025-04-27 01:00,0.999167,0,0,0,0,0,0,0,0,0,0,0,0,,0.0,0.0,0.0,0.0,0.0,0.0,0.0,0.0
9000008121,2025-04-27 02:00,0.995556,0,0,0,0,0,0,0,0,0,0,0,0,,0.0,0.0,0.0,0.0,0.0,0.0,0.0,0.0
9000008121,2025-04-27 03:00,0.9825,0,0,0,0,0,0,0,0,0,0,0,0,,0.0,0.0,0.0,0.0,0.0,0.0,0.0,0.0
9000008121,2025-04-27 04:00,0.984167,0,0,0,0,0,0,0,0,0,0,0,0,,0.0,0.0,0.0,0.0,0.0,0.0,0.0,0.0
9000008121,2025-04-27 05:00,0.990556,0,0,0,0,0,0,9,13,22,7,0,7,46.0,13.64,27.27,31.82,9.09,13.64,0.0,0.0,4.55
9000008121,2025-04-27 06:00,0.999444,0,0,0,1,2,3,17,20,37,2,5,7,41.0,16.22,18.92,37.84,10.81,5.41,2.7,5.41,2.7
9000008121,2025-04-27 07:00,0.999722,0,0,0,0,0,0,29,48,77,6,4,10,37.5,22.08,25.97,23.38,19.48,2.6,5.19,1.3,0.0
9000008121,2025-04-27 08:00,0.999444,0,1,1,2,1,3,78,49,127,4,10,14,45.0,3.15,16.54,28.35,26.77,17.32,3.15,3.94,0.79
9000008121,2025-04-27 09:00,0.999167,0,1,1,1,3,4,152,86,238,26,8,34,47.5,16.39,15.13,24.37,18.49,14.29,7.98,1.26,2.1
9000008121,2025-04-27 10:00,0.999444,3,11,14,4,2,6,147,148,295,13,38,51,42.5,9.83,25.08,21.69,23.39,13.22,5.08,1.02,0.68
9000008121,2025-04-27 11:00,0.999722,3,8,11,2,10,12,157,182,339,6,22,28,42.0,11.8,19.76,33.04,17.99,11.8,4.13,0.88,0.59
9000008121,2025-04-27 12:00,0.999444,0,8,8,1,19,20,175,155,330,16,34,50,47.0,5.76,15.76,34.55,22.42,10.61,4.55,3.03,3.33
9000008121,2025-04-27 13:00,0.999444,2,9,11,0,6,6,156,173,329,28,33,61,45.0,16.41,16.41,24.62,19.15,13.68,6.08,2.43,1.22
9000008121,2025-04-27 14:00,0.999444,0,2,2,0,5,5,165,144,309,7,36,43,44.5,4.85,12.62,30.1,30.74,11.97,7.77,1.29,0.65
9000008121,2025-04-27 15:00,0.999444,2,4,6,2,7,9,130,131,261,4,22,26,42.5,5.75,9.58,37.55,28.74,12.26,4.21,0.77,1.15
9000008121,2025-04-27 16:00,0.999444,0,5,5,2,11,13,175,125,300,3,35,38,47.0,2.33,9.33,38.0,25.0,13.67,8.0,1.67,2.0
9000008121,2025-04-27 17:00,0.999444,0,13,13,0,10,10,143,136,279,11,62,73,44.0,9.32,11.11,31.9,26.16,13.62,3.23,3.23,1.43
9000008121,2025-04-27 18:00,0.999444,2,9,11,10,13,23,172,165,337,7,39,46,46.5,15.43,8.31,30.27,24.04,8.9,8.61,2.67,1.78
9000008121,2025-04-27 19:00,0.999722,2,6,8,4,9,13,160,149,309,7,12,19,46.0,17.8,11.65,32.36,15.86,11.97,3.24,2.91,4.21
9000008121,2025-04-27 20:00,0.999444,3,5,8,4,10,14,78,81,159,3,2,5,43.0,23.9,8.18,33.33,16.35,7.55,3.77,3.14,3.77
9000008121,2025-04-27 21:00,0.999444,0,0,0,0,0,0,1,1,2,0,0,0,58.5,0.0,0.0,0.0,0.0,50.0,50.0,0.0,0.0
9000008121,2025-04-27 22:00,0.999167,0,0,0,0,0,0,3,0,3,0,0,0,38.0,0.0,33.33,33.33,33.33,0.0,0.0,0.0,0.0
9000008121,2025-04-27 23:00,0.999444,0,0,0,0,0,0,1,0,1,0,0,0,14.0,0.0,100.0,0.0,0.0,0.0,0.0,0.0,0.0
9000008121,2025-04-28 00:00,0.999444,0,0,0,0,0,0,0,1,1,0,0,0,39.0,0.0,0.0,0.0,100.0,0.0,0.0,0.0,0.0
9000008121,2025-04-28 01:00,0.999167,0,0,0,0,0,0,0,0,0,0,0,0,,0.0,0.0,0.0,0.0,0.0,0.0,0.0,0.0
9000008121,2025-04-28 02:00,0.994167,0,0,0,0,0,0,0,1,1,0,0,0,19.0,0.0,100.0,0.0,0.0,0.0,0.0,0.0,0.0
9000008121,2025-04-28 03:00,0.965278,0,0,0,0,0,0,0,0,0,0,0,0,,0.0,0.0,0.0,0.0,0.0,0.0,0.0,0.0
9000008121,2025-04-28 04:00,0.99,0,0,0,0,0,0,0,0,0,0,0,0,,0.0,0.0,0.0,0.0,0.0,0.0,0.0,0.0
9000008121,2025-04-28 05:00,0.999444,0,0,0,0,1,1,30,20,50,3,4,7,51.0,14.0,4.0,40.0,20.0,6.0,8.0,2.0,6.0
9000008121,2025-04-28 06:00,0.999722,4,3,7,0,6,6,110,100,210,17,24,41,40.5,16.19,9.05,35.71,23.33,9.52,2.86,0.48,2.86
9000008121,2025-04-28 07:00,0.999722,0,6,6,3,4,7,234,303,537,30,73,103,40.5,23.09,13.22,32.59,15.46,10.24,3.54,0.93,0.93
9000008121,2025-04-28 08:00,0.999722,17,16,33,8,15,23,304,280,584,40,95,135,39.5,8.56,21.06,33.73,22.43,9.25,3.25,0.51,1.2
9000008121,2025-04-28 09:00,0.999444,4,7,11,6,15,21,275,207,482,73,110,183,45.0,4.15,21.16,28.42,21.37,15.15,6.64,2.28,0.83
9000008121,2025-04-28 10:00,0.999444,12,12,24,9,10,19,284,207,491,68,156,224,41.5,7.33,20.57,28.31,27.09,12.02,3.26,0.81,0.61
9000008121,2025-04-28 11:00,0.999722,8,13,21,8,23,31,214,197,411,34,150,184,42.0,3.65,12.9,37.71,28.22,11.92,4.14,0.97,0.49
9000008121,2025-04-28 12:00,0.999444,20,32,52,17,35,52,255,205,460,61,118,179,47.0,3.04,10.22,41.96,17.83,16.3,5.0,2.39,3.26
9000008121,2025-04-28 13:00,0.999167,25,31,56,4,19,23,183,156,339,52,148,200,45.5,6.49,16.22,26.25,24.48,15.63,6.19,3.24,1.47
9000008121,2025-04-28 14:00,1.0,21,28,49,5,25,30,291,200,491,32,196,228,43.0,1.63,9.78,34.62,33.81,13.65,3.87,1.83,0.81
9000008121,2025-04-28 15:00,0.999444,3,7,10,9,13,22,540,174,714,52,118,170,43.5,1.26,5.88,34.31,38.38,12.46,4.9,2.1,0.7
9000008121,2025-04-28 16:00,0.999167,3,14,17,3,25,28,536,231,767,30,116,146,43.0,1.17,11.23,39.82,28.98,10.84,4.7,1.96,1.44
9000008121,2025-04-28 17:00,0.999722,5,31,36,10,28,38,342,236,578,19,167,186,42.5,2.94,15.05,34.6,28.72,11.76,3.46,1.73,1.73
9000008121,2025-04-28 18:00,0.999444,15,23,38,10,37,47,275,236,511,13,110,123,45.5,2.15,12.33,37.57,22.5,15.66,6.65,2.35,0.78
9000008121,2025-04-28 19:00,0.999167,12,16,28,13,39,52,172,173,345,17,33,50,44.0,3.77,22.32,34.49,19.42,10.14,6.38,1.16,2.32
9000008121,2025-04-28 20:00,0.999722,0,10,10,2,6,8,85,86,171,6,11,17,41.0,1.17,26.32,36.84,19.3,9.94,2.34,1.75,2.34
9000008121,2025-04-28 21:00,0.999722,0,0,0,0,0,0,1,1,2,0,0,0,38.5,0.0,0.0,50.0,50.0,0.0,0.0,0.0,0.0
9000008121,2025-04-28 22:00,0.999444,0,0,0,0,0,0,0,0,0,0,0,0,,0.0,0.0,0.0,0.0,0.0,0.0,0.0,0.0
9000008121,2025-04-28 23:00,0.999167,0,0,0,0,0,0,1,0,1,0,0,0,24.0,0.0,0.0,100.0,0.0,0.0,0.0,0.0,0.0
9000008121,2025-04-29 00:00,0.991389,0,0,0,0,0,0,0,0,0,0,0,0,,0.0,0.0,0.0,0.0,0.0,0.0,0.0,0.0
9000008121,2025-04-29 01:00,0.999444,0,0,0,0,0,0,0,0,0,0,0,0,,0.0,0.0,0.0,0.0,0.0,0.0,0.0,0.0
9000008121,2025-04-29 02:00,0.9825,0,0,0,0,0,0,0,0,0,0,0,0,,0.0,0.0,0.0,0.0,0.0,0.0,0.0,0.0
9000008121,2025-04-29 03:00,0.990556,0,0,0,0,0,0,0,0,0,0,0,0,,0.0,0.0,0.0,0.0,0.0,0.0,0.0,0.0
9000008121,2025-04-29 04:00,0.988333,0,0,0,0,0,0,1,0,1,0,0,0,9.0,100.0,0.0,0.0,0.0,0.0,0.0,0.0,0.0
9000008121,2025-04-29 05:00,0.993611,0,0,0,2,4,6,26,22,48,1,8,9,49.5,2.08,20.83,31.25,20.83,10.42,6.25,4.17,4.17
9000008121,2025-04-29 06:00,0.999444,5,5,10,1,7,8,106,99,205,8,32,40,42.0,7.8,29.76,26.34,18.54,8.29,3.41,1.95,3.9
9000008121,2025-04-29 07:00,0.999444,19,51,70,2,21,23,271,292,563,17,94,111,42.5,3.73,29.31,31.44,18.12,9.59,4.44,1.78,1.6
9000008121,2025-04-29 08:00,0.999444,23,20,43,5,25,30,299,260,559,19,80,99,40.0,3.94,26.48,34.53,19.86,8.94,3.76,1.61,0.89
9000008121,2025-04-29 09:00,0.999444,10,14,24,4,22,26,320,230,550,36,50,86,40.5,3.64,20.36,40.0,20.0,10.73,3.09,2.18,0.0
9000008121,2025-04-29 10:00,0.999444,17,15,32,3,18,21,296,221,517,28,52,80,43.5,0.58,22.24,33.85,22.82,13.54,4.45,1.74,0.77
9000008121,2025-04-29 11:00,0.999722,12,22,34,7,29,36,255,235,490,53,123,176,44.0,2.04,15.92,35.71,24.69,13.27,4.49,2.45,1.43
9000008121,2025-04-29 12:00,0.999444,9,25,34,2,33,35,236,199,435,59,142,201,42.5,2.07,19.54,34.25,25.06,11.95,4.83,1.38,0.92
9000008121,2025-04-29 13:00,0.999167,20,24,44,5,26,31,295,246,541,73,136,209,41.5,1.66,24.03,31.05,25.88,10.54,4.44,1.11,1.29
9000008121,2025-04-29 14:00,0.999444,25,28,53,8,16,24,284,203,487,57,187,244,42.0,3.08,12.53,32.03,34.29,12.53,3.08,1.23,1.23
9000008121,2025-04-29 15:00,0.999167,10,27,37,4,11,15,372,230,602,40,195,235,41.0,1.33,10.15,39.1,33.11,9.32,3.83,2.16,1.16
9000008121,2025-04-29 16:00,0.999444,36,30,66,18,28,46,483,291,774,39,203,242,43.5,1.29,15.25,35.79,26.87,12.66,4.39,2.33,1.42
9000008121,2025-04-29 17:00,0.999722,13,34,47,15,28,43,360,271,631,17,169,186,42.0,1.74,15.21,36.13,28.84,11.41,3.96,1.27,1.43
9000008121,2025-04-29 18:00,0.999167,18,53,71,10,51,61,285,266,551,20,57,77,47.0,1.45,18.51,34.48,23.96,9.26,7.8,2.18,2.36
9000008121,2025-04-29 19:00,0.999444,17,29,46,7,30,37,203,200,403,8,24,32,40.5,8.19,19.11,37.22,19.6,9.93,3.47,0.99,1.49
9000008121,2025-04-29 20:00,0.999722,5,13,18,14,13,27,123,98,221,6,7,13,37.5,2.71,23.08,45.7,15.84,4.98,2.26,1.81,3.62
9000008121,2025-04-29 21:00,0.999444,0,0,0,0,0,0,1,1,2,0,0,0,33.5,0.0,50.0,0.0,50.0,0.0,0.0,0.0,0.0
9000008121,2025-04-29 22:00,0.999722,0,0,0,0,0,0,1,0,1,0,0,0,24.0,0.0,0.0,100.0,0.0,0.0,0.0,0.0,0.0
9000008121,2025-04-29 23:00,0.999167,0,0,0,0,0,0,1,1,2,0,0,0,48.5,0.0,50.0,0.0,0.0,50.0,0.0,0.0,0.0
9000008121,2025-04-30 00:00,0.999167,0,0,0,0,0,0,0,0,0,0,0,0,,0.0,0.0,0.0,0.0,0.0,0.0,0.0,0.0
9000008121,2025-04-30 01:00,0.999444,0,0,0,0,0,0,0,0,0,0,0,0,,0.0,0.0,0.0,0.0,0.0,0.0,0.0,0.0
9000008121,2025-04-30 02:00,0.999722,0,0,0,0,0,0,0,0,0,0,0,0,,0.0,0.0,0.0,0.0,0.0,0.0,0.0,0.0
9000008121,2025-04-30 03:00,0.999444,0,0,0,0,0,0,0,0,0,0,0,0,,0.0,0.0,0.0,0.0,0.0,0.0,0.0,0.0
9000008121,2025-04-30 04:00,0.9925,0,0,0,0,0,0,0,0,0,0,0,0,,0.0,0.0,0.0,0.0,0.0,0.0,0.0,0.0
9000008121,2025-04-30 05:00,0.999167,0,0,0,1,6,7,26,24,50,4,5,9,44.5,2.0,34.0,26.0,16.0,10.0,4.0,2.0,6.0
9000008121,2025-04-30 06:00,0.999444,5,12,17,4,12,16,108,101,209,12,27,39,41.5,3.35,33.97,25.84,20.57,5.74,4.78,1.91,3.83
9000008121,2025-04-30 07:00,0.999444,23,52,75,5,22,27,259,301,560,22,56,78,40.0,5.89,34.82,30.54,13.75,7.68,4.11,2.32,0.89
9000008121,2025-04-30 08:00,0.999444,15,16,31,9,21,30,354,253,607,34,90,124,42.0,5.44,22.24,35.42,19.11,11.37,4.45,1.15,0.82
9000008121,2025-04-30 09:00,0.999722,8,4,12,7,15,22,313,195,508,46,94,140,43.5,5.51,18.31,31.3,23.62,13.78,4.53,1.97,0.98
9000008121,2025-04-30 10:00,0.999444,6,6,12,9,15,24,290,199,489,56,98,154,40.0,5.11,20.25,30.06,29.45,9.0,4.29,1.43,0.41
9000008121,2025-04-30 11:00,0.999444,6,8,14,9,18,27,279,217,496,28,112,140,44.5,2.82,20.77,32.86,19.96,14.92,6.25,1.41,1.01
9000008121,2025-04-30 12:00,0.999722,19,23,42,17,35,52,285,252,537,45,130,175,43.5,2.05,22.35,34.82,21.04,10.8,4.1,2.79,2.05
9000008121,2025-04-30 13:00,0.999444,23,35,58,6,20,26,311,261,572,92,177,269,47.5,2.45,18.01,30.77,23.08,13.29,6.82,3.15,2.45
9000008121,2025-04-30 14:00,0.999444,17,16,33,8,34,42,381,253,634,55,123,178,43.5,2.52,10.88,35.65,29.5,13.88,4.26,1.58,1.74
9000008121,2025-04-30 15:00,0.999444,16,14,30,15,42,57,637,273,910,73,155,228,42.5,1.76,7.15,39.6,32.78,13.53,3.96,0.66,0.66
9000008121,2025-04-30 16:00,0.999444,2,9,11,21,21,42,640,271,911,39,162,201,42.0,1.98,9.34,42.42,28.79,10.66,4.4,1.65,0.88
9000008121,2025-04-30 17:00,0.999444,2,13,15,7,23,30,415,283,698,25,153,178,42.5,4.01,15.9,34.53,26.5,12.03,4.58,1.58,0.86
9000008121,2025-04-30 18:00,0.999167,2,19,21,9,44,53,339,270,609,17,143,160,42.0,1.64,16.61,40.3,24.01,10.53,3.62,2.47,0.99
9000008121,2025-04-30 19:00,0.999167,7,23,30,14,34,48,249,182,431,13,29,42,44.0,0.7,11.14,41.53,24.36,14.62,4.87,0.93,1.86
9000008121,2025-04-30 20:00,1.0,12,16,28,4,20,24,115,115,230,9,11,20,38.5,4.78,27.39,34.78,20.43,7.39,3.04,1.74,0.43
9000008121,2025-04-30 21:00,0.999444,0,0,0,0,0,0,1,1,2,0,0,0,68.5,50.0,0.0,0.0,0.0,0.0,0.0,50.0,0.0
9000008121,2025-04-30 22:00,0.999722,0,0,0,0,0,0,0,1,1,0,0,0,29.0,0.0,0.0,100.0,0.0,0.0,0.0,0.0,0.0
9000008121,2025-04-30 23:00,0.999167,0,0,0,0,0,0,0,0,0,0,0,0,,0.0,0.0,0.0,0.0,0.0,0.0,0.0,0.0
9000008121,2025-05-01 00:00,0.999444,0,0,0,0,0,0,1,2,3,0,0,0,58.0,0.0,66.67,0.0,0.0,0.0,33.33,0.0,0.0
9000008121,2025-05-01 01:00,0.999167,0,0,0,0,0,0,0,0,0,0,0,0,,0.0,0.0,0.0,0.0,0.0,0.0,0.0,0.0
9000008121,2025-05-01 02:00,0.999444,0,0,0,0,0,0,0,0,0,0,0,0,,0.0,0.0,0.0,0.0,0.0,0.0,0.0,0.0
9000008121,2025-05-01 03:00,1.0,0,0,0,0,0,0,0,0,0,0,0,0,,0.0,0.0,0.0,0.0,0.0,0.0,0.0,0.0
9000008121,2025-05-01 04:00,0.989444,0,0,0,0,0,0,0,0,0,0,0,0,,0.0,0.0,0.0,0.0,0.0,0.0,0.0,0.0
9000008121,2025-05-01 05:00,0.999167,1,0,1,0,1,1,11,10,21,0,0,0,44.5,4.76,9.52,52.38,14.29,4.76,4.76,4.76,4.76
9000008121,2025-05-01 06:00,0.999167,1,1,2,0,0,0,32,20,52,1,1,2,56.5,11.54,15.38,25.0,17.31,5.77,15.38,3.85,5.77
9000008121,2025-05-01 07:00,0.999444,1,3,4,0,0,0,28,32,60,3,9,12,47.5,13.33,25.0,26.67,11.67,11.67,3.33,6.67,1.67
9000008121,2025-05-01 08:00,0.999444,3,4,7,8,3,11,86,57,143,8,21,29,40.5,9.79,18.88,32.87,23.08,8.39,3.5,2.8,0.7
9000008121,2025-05-01 09:00,0.999444,3,2,5,2,4,6,131,87,218,11,34,45,46.0,10.55,16.51,27.52,21.1,16.51,5.5,0.92,1.38
9000008121,2025-05-01 10:00,0.999444,5,1,6,0,0,0,168,98,266,23,25,48,45.5,8.65,19.17,22.56,22.18,19.55,6.02,1.13,0.75
9000008121,2025-05-01 11:00,0.999444,4,6,10,7,9,16,152,159,311,10,30,40,41.0,15.11,12.54,33.44,22.83,9.65,4.5,0.96,0.96
9000008121,2025-05-01 12:00,0.999444,10,5,15,4,20,24,152,110,262,25,49,74,45.5,3.05,7.63,39.69,25.57,13.74,6.49,0.76,3.05
9000008121,2025-05-01 13:00,0.999722,8,20,28,5,14,19,145,114,259,18,53,71,46.5,3.09,16.6,29.34,27.03,14.29,5.02,3.47,1.16
9000008121,2025-05-01 14:00,0.999444,14,21,35,3,30,33,153,110,263,10,30,40,45.0,0.38,12.93,30.42,31.94,15.59,3.8,1.52,3.42
9000008121,2025-05-01 15:00,0.999722,2,10,12,8,21,29,142,109,251,8,30,38,45.0,1.2,5.58,35.86,32.27,18.73,4.38,1.2,0.8
9000008121,2025-05-01 16:00,0.999444,0,3,3,5,3,8,237,89,326,7,65,72,48.0,3.37,7.36,32.52,30.06,13.8,7.36,3.37,2.15
9000008121,2025-05-01 17:00,0.999722,8,14,22,5,20,25,371,195,566,26,81,107,45.0,4.95,12.19,30.57,27.39,14.84,6.36,2.3,1.41
9000008121,2025-05-01 18:00,0.999444,6,9,15,9,16,25,255,184,439,10,75,85,47.5,2.96,13.67,34.4,22.55,14.81,7.06,3.64,0.91
9000008121,2025-05-01 19:00,0.999444,1,2,3,4,6,10,135,147,282,4,15,19,43.0,6.03,24.11,36.17,15.96,9.57,3.9,1.42,2.84
9000008121,2025-05-01 20:00,0.999722,4,3,7,4,5,9,68,72,140,6,4,10,45.5,2.14,20.71,37.86,19.29,10.71,5.0,2.14,2.14
9000008121,2025-05-01 21:00,0.999167,0,0,0,0,0,0,0,0,0,0,0,0,,0.0,0.0,0.0,0.0,0.0,0.0,0.0,0.0
9000008121,2025-05-01 22:00,0.999167,0,0,0,0,0,0,0,0,0,0,0,0,,0.0,0.0,0.0,0.0,0.0,0.0,0.0,0.0
9000008121,2025-05-01 23:00,0.999444,0,0,0,0,0,0,0,0,0,0,0,0,,0.0,0.0,0.0,0.0,0.0,0.0,0.0,0.0
9000008121,2025-05-02 00:00,0.999167,0,0,0,0,0,0,0,0,0,0,0,0,,0.0,0.0,0.0,0.0,0.0,0.0,0.0,0.0
9000008121,2025-05-02 01:00,0.999444,0,0,0,0,0,0,0,0,0,0,0,0,,0.0,0.0,0.0,0.0,0.0,0.0,0.0,0.0
9000008121,2025-05-02 02:00,0.999167,0,0,0,0,0,0,0,0,0,0,0,0,,0.0,0.0,0.0,0.0,0.0,0.0,0.0,0.0
9000008121,2025-05-02 03:00,0.999167,0,0,0,0,0,0,0,0,0,0,0,0,,0.0,0.0,0.0,0.0,0.0,0.0,0.0,0.0
9000008121,2025-05-02 04:00,0.999167,0,0,0,0,0,0,0,0,0,0,0,0,,0.0,0.0,0.0,0.0,0.0,0.0,0.0,0.0
9000008121,2025-05-02 05:00,0.999167,0,0,0,0,1,1,14,7,21,2,8,10,44.5,0.0,19.05,38.1,19.05,9.52,4.76,4.76,4.76
9000008121,2025-05-02 06:00,0.999444,0,0,0,2,1,3,60,60,120,13,23,36,47.0,11.67,13.33,40.83,12.5,10.83,6.67,1.67,2.5
9000008121,2025-05-02 07:00,0.999444,4,6,10,0,4,4,141,123,264,19,49,68,47.0,6.44,15.15,32.58,23.11,11.36,6.44,3.03,1.89
9000008121,2025-05-02 08:00,0.999444,10,11,21,4,12,16,177,142,319,17,40,57,40.5,8.15,19.44,36.68,20.06,10.97,3.45,0.0,1.25
9000008121,2025-05-02 09:00,0.999444,17,17,34,10,21,31,277,157,434,30,38,68,40.5,3.0,19.82,35.02,26.27,10.14,3.92,0.92,0.92
9000008121,2025-05-02 10:00,0.999722,16,14,30,12,24,36,268,203,471,25,48,73,40.5,4.03,24.42,30.36,25.27,11.25,3.4,0.64,0.64
9000008121,2025-05-02 11:00,0.999444,3,9,12,15,29,44,263,215,478,18,67,85,42.5,5.02,22.59,31.8,22.59,10.46,4.81,2.3,0.42
9000008121,2025-05-02 12:00,0.999167,1,3,4,4,11,15,216,220,436,45,138,183,42.5,2.52,17.66,34.86,25.92,11.24,4.82,1.83,1.15
9000008121,2025-05-02 13:00,0.999444,5,13,18,4,30,34,280,231,511,61,83,144,47.5,2.54,20.74,27.79,22.7,14.29,7.05,2.94,1.96
9000008121,2025-05-02 14:00,0.999444,4,10,14,13,26,39,324,248,572,24,54,78,43.5,3.15,20.63,32.87,23.43,12.24,4.55,2.1,1.05
9000008121,2025-05-02 15:00,0.999444,2,11,13,11,17,28,316,242,558,24,72,96,42.5,4.12,13.98,33.87,28.85,12.37,4.48,1.25,1.08
9000008121,2025-05-02 16:00,0.999444,4,5,9,11,27,38,255,216,471,42,56,98,44.0,4.67,7.64,32.27,32.48,14.65,5.1,1.06,2.12
9000008121,2025-05-02 17:00,0.999444,4,27,31,6,19,25,268,257,525,16,33,49,44.5,9.71,23.24,26.67,19.81,11.24,5.71,2.1,1.52
9000008121,2025-05-02 18:00,0.999722,3,15,18,10,13,23,286,255,541,23,31,54,40.0,12.75,22.74,32.9,16.64,9.06,3.51,0.74,1.66
9000008121,2025-05-02 19:00,0.999444,0,2,2,3,4,7,163,161,324,7,23,30,42.0,8.95,14.81,37.96,19.75,12.35,3.7,0.93,1.54
9000008121,2025-05-02 20:00,0.999444,0,0,0,4,1,5,80,70,150,8,7,15,37.5,3.33,17.33,44.0,25.33,4.67,4.67,0.0,0.67
9000008121,2025-05-02 21:00,0.999444,0,0,0,0,0,0,1,0,1,0,0,0,44.0,0.0,0.0,0.0,0.0,100.0,0.0,0.0,0.0
9000008121,2025-05-02 22:00,0.999722,0,0,0,0,0,0,0,0,0,0,0,0,,0.0,0.0,0.0,0.0,0.0,0.0,0.0,0.0
9000008121,2025-05-02 23:00,0.999722,0,0,0,0,0,0,0,0,0,0,0,0,,0.0,0.0,0.0,0.0,0.0,0.0,0.0,0.0
9000008121,2025-05-03 00:00,0.987778,0,0,0,0,0,0,0,0,0,0,0,0,,0.0,0.0,0.0,0.0,0.0,0.0,0.0,0.0
9000008121,2025-05-03 01:00,0.999167,0,0,0,0,0,0,0,0,0,0,0,0,,0.0,0.0,0.0,0.0,0.0,0.0,0.0,0.0
9000008121,2025-05-03 02:00,0.999167,0,0,0,0,0,0,0,0,0,0,0,0,,0.0,0.0,0.0,0.0,0.0,0.0,0.0,0.0
9000008121,2025-05-03 03:00,0.999444,0,0,0,0,0,0,0,0,0,0,0,0,,0.0,0.0,0.0,0.0,0.0,0.0,0.0,0.0
9000008121,2025-05-03 04:00,0.999167,0,0,0,0,0,0,0,0,0,0,0,0,,0.0,0.0,0.0,0.0,0.0,0.0,0.0,0.0
9000008121,2025-05-03 05:00,0.999167,1,0,1,0,1,1,14,8,22,2,3,5,51.5,0.0,22.73,22.73,18.18,18.18,18.18,0.0,0.0
9000008121,2025-05-03 06:00,0.999167,1,0,1,1,0,1,25,20,45,6,10,16,47.0,13.33,24.44,20.0,20.0,13.33,4.44,2.22,2.22
9000008121,2025-05-03 07:00,0.999444,2,0,2,2,0,2,50,43,93,7,17,24,42.0,15.05,18.28,31.18,17.2,10.75,6.45,0.0,1.08
9000008121,2025-05-03 08:00,0.999444,5,5,10,4,1,5,119,79,198,9,19,28,45.0,10.61,17.68,24.75,23.74,13.64,6.57,2.53,0.51
9000008121,2025-05-03 09:00,0.999444,3,1,4,3,5,8,211,117,328,13,30,43,43.0,10.06,17.07,28.66,23.78,13.72,3.66,2.13,0.91
9000008121,2025-05-03 10:00,0.999444,3,1,4,3,11,14,254,157,411,23,26,49,42.0,10.71,20.19,26.28,24.33,13.63,3.89,0.49,0.49
9000008121,2025-05-03 11:00,0.999444,1,3,4,7,7,14,243,180,423,18,49,67,42.5,6.38,17.49,32.39,25.06,12.06,4.49,1.18,0.95
9000008121,2025-05-03 12:00,0.999444,11,6,17,12,24,36,278,230,508,19,31,50,45.0,7.68,17.13,34.65,18.31,10.83,6.5,3.35,1.57
9000008121,2025-05-03 13:00,0.999444,4,3,7,9,24,33,277,258,535,13,26,39,47.0,11.03,21.68,28.79,14.58,12.52,6.36,3.36,1.68
9000008121,2025-05-03 14:00,0.999444,2,19,21,2,17,19,251,246,497,11,21,32,43.5,6.64,21.13,31.59,19.72,12.27,5.23,2.01,1.41
9000008121,2025-05-03 15:00,0.999167,3,14,17,4,11,15,242,258,500,17,16,33,44.5,6.0,21.2,35.8,16.0,12.8,5.8,1.2,1.2
9000008121,2025-05-03 16:00,0.999444,6,5,11,5,7,12,205,246,451,10,23,33,40.5,2.66,14.86,47.23,19.51,7.54,4.66,2.66,0.89
9000008121,2025-05-03 17:00,0.999444,1,7,8,1,4,5,178,226,404,6,34,40,45.0,5.45,24.01,29.21,20.05,10.89,6.68,1.49,2.23
9000008121,2025-05-03 18:00,0.999722,2,4,6,0,2,2,209,236,445,10,22,32,43.0,4.72,23.15,33.26,19.1,13.26,3.6,1.8,1.12
9000008121,2025-05-03 19:00,0.999722,2,8,10,2,2,4,159,179,338,9,34,43,40.0,4.14,25.74,33.14,21.89,7.99,4.44,1.18,1.48
9000008121,2025-05-03 20:00,0.999167,0,3,3,2,2,4,49,70,119,1,5,6,36.5,11.76,16.81,45.38,15.97,5.88,0.84,2.52,0.84
9000008121,2025-05-03 21:00,0.999444,0,0,0,0,0,0,0,0,0,0,0,0,,0.0,0.0,0.0,0.0,0.0,0.0,0.0,0.0
9000008121,2025-05-03 22:00,0.982222,0,0,0,0,0,0,0,0,0,0,0,0,,0.0,0.0,0.0,0.0,0.0,0.0,0.0,0.0
9000008121,2025-05-03 23:00,0.999167,0,0,0,0,0,0,0,0,0,0,0,0,,0.0,0.0,0.0,0.0,0.0,0.0,0.0,0.0
9000008121,2025-05-04 00:00,0.993889,0,0,0,0,0,0,0,0,0,0,0,0,,0.0,0.0,0.0,0.0,0.0,0.0,0.0,0.0
9000008121,2025-05-04 01:00,0.999167,0,0,0,0,0,0,0,0,0,0,0,0,,0.0,0.0,0.0,0.0,0.0,0.0,0.0,0.0
9000008121,2025-05-04 02:00,0.999167,0,0,0,0,0,0,0,0,0,0,0,0,,0.0,0.0,0.0,0.0,0.0,0.0,0.0,0.0
9000008121,2025-05-04 03:00,0.999444,0,0,0,0,0,0,0,0,0,0,0,0,,0.0,0.0,0.0,0.0,0.0,0.0,0.0,0.0
9000008121,2025-05-04 04:00,0.999722,0,0,0,0,0,0,0,0,0,0,0,0,,0.0,0.0,0.0,0.0,0.0,0.0,0.0,0.0
9000008121,2025-05-04 05:00,0.999722,0,0,0,1,0,1,9,5,14,0,0,0,59.5,0.0,14.29,14.29,35.71,7.14,14.29,7.14,7.14
9000008121,2025-05-04 06:00,0.999722,0,0,0,0,0,0,17,30,47,1,1,2,42.5,2.13,23.4,38.3,19.15,6.38,6.38,4.26,0.0
9000008121,2025-05-04 07:00,0.999722,0,1,1,0,1,1,49,51,100,6,5,11,46.5,11.0,25.0,24.0,18.0,11.0,5.0,3.0,3.0
9000008121,2025-05-04 08:00,0.999444,0,0,0,1,1,2,75,56,131,2,9,11,45.5,5.34,16.79,26.72,27.48,12.98,6.87,2.29,1.53
9000008121,2025-05-04 09:00,0.999167,0,0,0,2,3,5,138,97,235,6,15,21,48.0,3.4,22.13,24.68,25.96,11.06,5.53,4.68,2.55
9000008121,2025-05-04 10:00,0.999444,0,1,1,0,6,6,172,124,296,9,5,14,47.5,3.04,21.28,28.38,22.3,14.19,6.76,2.36,1.69
9000008121,2025-05-04 11:00,0.999444,1,2,3,1,3,4,184,167,351,6,16,22,46.0,5.98,18.23,29.91,20.23,15.38,5.41,2.85,1.99
9000008121,2025-05-04 12:00,0.999167,0,5,5,5,10,15,212,202,414,13,15,28,45.0,8.7,21.26,28.99,18.36,12.32,6.04,1.93,2.42
9000008121,2025-05-04 13:00,0.999444,2,15,17,3,8,11,237,174,411,7,11,18,46.0,6.57,25.06,27.74,19.22,10.71,6.57,2.19,1.95
9000008121,2025-05-04 14:00,0.999722,0,11,11,2,17,19,204,171,375,10,9,19,45.5,7.47,22.13,29.33,19.47,10.93,6.67,2.93,1.07
9000008121,2025-05-04 15:00,0.999444,0,4,4,7,10,17,167,181,348,6,10,16,46.0,8.62,22.7,29.31,18.1,10.63,6.9,1.72,2.01
9000008121,2025-05-04 16:00,0.999167,0,13,13,7,4,11,187,159,346,10,36,46,41.0,8.09,15.32,33.82,26.3,10.98,2.89,1.16,1.45
9000008121,2025-05-04 17:00,0.999444,0,11,11,3,11,14,177,160,337,8,17,25,49.5,9.5,16.62,27.0,21.36,10.98,6.23,5.04,3.26
9000008121,2025-05-04 18:00,0.999722,2,6,8,16,2,18,192,175,367,10,11,21,41.0,7.9,22.34,37.6,16.08,8.99,3.27,1.91,1.91
9000008121,2025-05-04 19:00,0.999167,0,1,1,3,0,3,138,144,282,4,14,18,44.0,4.96,23.76,31.91,19.5,10.64,5.67,1.77,1.77
9000008121,2025-05-04 20:00,0.999722,0,1,1,0,0,0,61,71,132,3,5,8,43.0,0.0,21.97,37.88,21.97,10.61,3.79,1.52,2.27
9000008121,2025-05-04 21:00,0.983333,0,0,0,0,0,0,0,0,0,0,0,0,,0.0,0.0,0.0,0.0,0.0,0.0,0.0,0.0
9000008121,2025-05-04 22:00,0.995278,0,0,0,0,0,0,0,0,0,0,0,0,,0.0,0.0,0.0,0.0,0.0,0.0,0.0,0.0
9000008121,2025-05-04 23:00,0.999444,0,0,0,0,0,0,1,0,1,0,0,0,9.0,100.0,0.0,0.0,0.0,0.0,0.0,0.0,0.0
9000008121,2025-05-05 00:00,0.979167,0,0,0,0,0,0,0,0,0,0,0,0,,0.0,0.0,0.0,0.0,0.0,0.0,0.0,0.0
9000008121,2025-05-05 01:00,0.966667,0,0,0,0,0,0,0,0,0,0,0,0,,0.0,0.0,0.0,0.0,0.0,0.0,0.0,0.0
9000008121,2025-05-05 02:00,0.975556,0,0,0,0,0,0,0,0,0,0,0,0,,0.0,0.0,0.0,0.0,0.0,0.0,0.0,0.0
9000008121,2025-05-05 03:00,0.976389,0,0,0,0,0,0,0,0,0,0,0,0,,0.0,0.0,0.0,0.0,0.0,0.0,0.0,0.0
9000008121,2025-05-05 04:00,0.997222,0,0,0,0,0,0,1,0,1,0,0,0,9.0,100.0,0.0,0.0,0.0,0.0,0.0,0.0,0.0
9000008121,2025-05-05 05:00,0.999167,0,0,0,1,0,1,41,32,73,7,5,12,46.5,1.37,19.18,35.62,19.18,16.44,4.11,1.37,2.74
9000008121,2025-05-05 06:00,0.75,0,0,0,0,1,1,105,140,245,13,17,31,41.5,7.61,25.0,35.33,15.22,11.41,3.8,1.63,0.0
9000008121,2025-05-05 07:00,0.999444,6,18,24,0,5,5,279,407,686,21,49,70,38.5,12.97,26.53,32.65,14.43,7.43,3.21,2.19,0.58
9000008121,2025-05-05 08:00,0.999722,1,6,7,8,8,16,354,347,701,24,55,79,41.0,8.99,19.97,38.37,16.26,9.84,3.42,2.0,1.14
9000008121,2025-05-05 09:00,0.999444,9,8,17,11,17,28,313,239,552,39,48,87,42.5,7.43,21.92,35.33,17.21,11.05,3.62,1.81,1.63
9000008121,2025-05-05 10:00,0.999444,4,5,9,4,1,5,299,215,514,34,48,82,42.0,14.01,18.48,27.43,21.6,12.65,4.09,1.17,0.58
9000008121,2025-05-05 11:00,0.999444,4,9,13,2,8,10,263,263,526,57,93,150,41.0,7.41,19.58,36.31,20.53,9.51,3.99,1.71,0.95
9000008121,2025-05-05 12:00,0.999167,9,8,17,1,19,20,149,214,363,48,103,151,39.0,10.47,12.4,40.5,23.69,8.54,3.03,0.83,0.55
9000008121,2025-05-05 13:00,0.999444,3,21,24,4,3,7,244,248,492,71,124,195,42.5,17.07,15.04,25.2,23.78,11.79,3.66,1.83,1.63
9000008121,2025-05-05 14:00,0.999722,5,12,17,9,24,33,354,290,644,44,82,126,45.0,17.7,10.4,28.42,21.12,13.51,4.97,2.02,1.86
9000008121,2025-05-05 15:00,0.999444,5,12,17,11,38,49,598,394,992,55,59,114,45.5,15.64,12.21,28.46,22.4,11.4,5.25,2.42,2.32
9000008121,2025-05-05 16:00,0.999444,3,11,14,10,24,34,669,346,1015,53,43,96,44.5,10.85,8.68,34.71,23.77,14.0,3.85,2.86,1.38
9000008121,2025-05-05 17:00,0.999444,3,21,24,6,27,33,440,332,772,23,86,109,45.5,13.34,11.4,30.05,22.15,12.44,5.31,3.24,2.07
9000008121,2025-05-05 18:00,0.999444,1,10,11,5,22,27,328,296,624,11,55,66,41.5,13.14,16.35,32.37,20.83,10.26,4.01,2.08,0.96
9000008121,2025-05-05 19:00,0.999167,0,8,8,1,23,24,197,168,365,9,27,36,44.5,9.59,9.59,36.99,25.48,8.49,3.29,3.29,3.29
9000008121,2025-05-05 20:00,0.999722,2,0,2,5,12,17,106,122,228,7,13,20,44.0,10.09,10.53,38.16,20.61,11.84,2.63,1.75,4.39
9000008121,2025-05-05 21:00,0.993889,0,0,0,0,0,0,0,1,1,0,0,0,24.0,0.0,0.0,100.0,0.0,0.0,0.0,0.0,0.0
9000008121,2025-05-05 22:00,0.999444,0,0,0,0,0,0,0,0,0,0,0,0,,0.0,0.0,0.0,0.0,0.0,0.0,0.0,0.0
9000008121,2025-05-05 23:00,0.994722,0,0,0,0,0,0,0,0,0,0,0,0,,0.0,0.0,0.0,0.0,0.0,0.0,0.0,0.0
9000008121,2025-05-06 00:00,0.968889,0,0,0,0,0,0,0,0,0,0,0,0,,0.0,0.0,0.0,0.0,0.0,0.0,0.0,0.0
9000008121,2025-05-06 01:00,0.744167,0,0,0,0,0,0,0,0,0,0,0,0,,0.0,0.0,0.0,0.0,0.0,0.0,0.0,0.0
9000008121,2025-05-06 02:00,0.723056,0,0,0,0,0,0,0,0,0,0,0,0,,0.0,0.0,0.0,0.0,0.0,0.0,0.0,0.0
9000008121,2025-05-06 04:00,0.999722,0,0,0,0,0,0,0,0,0,0,0,0,,0.0,0.0,0.0,0.0,0.0,0.0,0.0,0.0
9000008121,2025-05-06 05:00,0.746389,0,0,0,0,0,0,33,23,56,5,9,15,47.0,19.05,7.14,28.57,21.43,11.9,11.9,0.0,0.0
9000008121,2025-05-06 06:00,0.999444,0,0,0,2,3,5,116,141,257,5,29,34,42.0,23.35,8.56,30.35,20.62,8.56,5.06,2.33,1.17
9000008121,2025-05-06 07:00,0.999167,16,35,51,5,8,13,293,358,651,36,52,88,36.5,18.62,14.62,36.77,18.46,5.85,2.77,1.69,1.38
9000008121,2025-05-06 08:00,0.999444,2,2,4,5,14,19,343,314,657,36,57,93,37.5,22.98,11.26,33.03,21.77,7.0,2.44,0.91,0.61
9000008121,2025-05-06 09:00,0.999444,4,2,6,3,3,6,298,230,528,38,48,86,40.5,16.1,12.88,35.04,20.27,11.55,3.03,0.76,0.38
9000008121,2025-05-06 10:00,0.999167,3,3,6,2,3,5,286,228,514,40,53,93,39.5,17.51,15.37,28.99,24.71,8.37,2.53,0.97,1.56
9000008121,2025-05-06 11:00,0.999444,9,10,19,3,3,6,230,239,469,55,83,138,38.5,6.82,15.57,41.79,23.45,8.32,2.13,0.85,1.07
9000008121,2025-05-06 12:00,0.999167,3,2,5,1,4,5,223,232,455,49,88,137,39.5,10.99,11.65,40.0,23.08,9.01,3.52,0.88,0.88
9000008121,2025-05-06 13:00,0.999444,6,12,18,3,6,9,249,221,470,85,114,199,45.5,20.0,12.34,23.4,20.85,14.04,6.17,1.91,1.28
9000008121,2025-05-06 14:00,0.999444,2,4,6,0,3,3,360,253,613,59,126,185,44.0,19.41,4.73,23.49,29.53,15.5,3.92,1.63,1.79
9000008121,2025-05-06 15:00,0.999444,0,1,1,6,7,13,463,350,813,40,100,140,43.0,11.19,7.26,32.47,29.4,14.15,3.69,1.11,0.74
9000008121,2025-05-06 16:00,0.999722,13,34,47,11,35,46,691,398,1089,46,69,115,42.5,17.72,9.46,33.33,21.21,10.65,4.13,1.56,1.93
9000008121,2025-05-06 17:00,0.999444,10,43,53,8,22,30,386,337,723,36,75,111,41.5,20.19,11.48,30.43,20.89,9.96,3.87,1.8,1.38
9000008121,2025-05-06 18:00,0.999444,14,21,35,5,24,29,288,294,582,22,57,79,45.0,14.26,13.57,34.36,17.87,10.48,4.98,2.75,1.72
9000008121,2025-05-06 19:00,0.999167,8,20,28,7,20,27,220,226,446,11,19,30,43.0,21.97,14.8,28.48,17.49,8.52,3.81,2.47,2.47
9000008121,2025-05-06 20:00,0.999722,3,8,11,5,10,15,109,118,227,8,5,13,43.0,15.86,15.42,30.84,18.06,11.89,3.96,2.64,1.32
9000008121,2025-05-06 21:00,0.999167,0,0,0,0,0,0,0,0,0,0,0,0,,0.0,0.0,0.0,0.0,0.0,0.0,0.0,0.0
9000008121,2025-05-06 22:00,0.999167,0,0,0,0,0,0,1,0,1,0,0,0,9.0,100.0,0.0,0.0,0.0,0.0,0.0,0.0,0.0
9000008121,2025-05-06 23:00,0.984444,0,0,0,0,0,0,2,0,2,0,0,0,18.5,50.0,50.0,0.0,0.0,0.0,0.0,0.0,0.0
9000008121,2025-05-07 00:00,0.999167,0,0,0,0,0,0,0,0,0,0,0,0,,0.0,0.0,0.0,0.0,0.0,0.0,0.0,0.0
9000008121,2025-05-07 01:00,0.999444,0,0,0,0,0,0,0,0,0,0,0,0,,0.0,0.0,0.0,0.0,0.0,0.0,0.0,0.0
9000008121,2025-05-07 02:00,0.981389,0,0,0,0,0,0,0,0,0,0,0,0,,0.0,0.0,0.0,0.0,0.0,0.0,0.0,0.0
9000008121,2025-05-07 03:00,0.75,0,0,0,0,0,0,0,0,0,0,0,0,,0.0,0.0,0.0,0.0,0.0,0.0,0.0,0.0
9000008121,2025-05-07 04:00,0.499722,0,0,0,0,0,0,0,0,0,0,0,0,,0.0,0.0,0.0,0.0,0.0,0.0,0.0,0.0
9000008121,2025-05-07 06:00,0.999167,3,4,7,0,5,5,111,112,223,20,49,69,42.5,30.49,8.07,25.11,17.49,9.87,2.69,1.79,4.48
9000008121,2025-05-07 07:00,0.999444,3,14,17,5,11,16,260,327,587,35,102,137,41.5,19.25,9.88,39.18,14.99,8.52,3.24,2.39,2.56
9000008121,2025-05-07 08:00,0.999444,8,8,16,7,23,30,373,352,725,45,78,123,40.0,26.48,12.69,30.07,15.86,8.55,3.72,1.52,1.1
9000008121,2025-05-07 09:00,0.999444,7,5,12,12,16,28,328,278,606,26,38,64,39.5,20.3,13.53,30.36,21.95,9.08,2.64,0.83,1.32
9000008121,2025-05-07 10:00,0.999444,6,7,13,3,13,16,292,273,565,35,62,97,38.0,11.86,18.58,35.22,22.48,7.96,2.65,0.71,0.53
9000008121,2025-05-07 11:00,0.999444,2,2,4,0,8,8,251,317,568,58,103,161,39.5,19.72,14.08,31.34,20.6,7.39,3.87,1.41,1.58
9000008121,2025-05-07 12:00,0.999722,1,1,2,2,17,19,240,310,550,46,120,166,38.0,19.82,11.09,35.09,21.45,7.27,2.91,1.09,1.27
9000008121,2025-05-07 13:00,0.999722,5,14,19,5,20,25,295,268,563,72,88,160,40.5,12.97,14.03,36.06,21.49,8.35,4.8,1.42,0.89
9000008121,2025-05-07 14:00,0.999444,11,20,31,14,13,27,354,291,645,63,119,182,39.5,16.28,8.37,29.15,31.94,10.39,2.48,0.78,0.62
9000008121,2025-05-07 15:00,0.999444,3,10,13,7,23,30,468,314,782,42,92,134,42.5,12.92,8.31,33.38,26.6,12.66,3.84,1.15,1.15
9000008121,2025-05-07 16:00,0.999444,3,23,26,33,32,65,514,400,914,42,206,248,38.5,15.01,11.28,36.14,25.19,8.11,2.74,1.1,0.55
9000008121,2025-05-07 17:00,0.999444,7,29,36,11,31,42,410,321,731,30,54,84,44.0,17.1,11.22,28.86,20.52,14.36,4.65,2.19,1.09
9000008121,2025-05-07 18:00,0.999167,12,21,33,9,38,47,310,269,579,23,34,57,45.0,3.45,12.44,40.24,23.49,10.54,5.35,2.42,2.07
9000008121,2025-05-07 19:00,0.999444,6,17,23,6,27,33,224,200,424,11,19,30,46.0,8.02,20.75,33.25,16.04,11.56,6.13,2.36,1.89
9000008121,2025-05-07 20:00,0.999444,1,2,3,2,10,12,124,139,263,7,9,16,42.0,15.97,15.21,33.84,18.25,7.22,3.8,2.28,3.42
9000008121,2025-05-07 21:00,0.995,0,0,0,0,0,0,3,3,6,0,0,0,30.5,0.0,16.67,66.67,16.67,0.0,0.0,0.0,0.0
9000008121,2025-05-07 22:00,0.999722,0,0,0,0,0,0,0,0,0,0,0,0,,0.0,0.0,0.0,0.0,0.0,0.0,0.0,0.0
9000008121,2025-05-07 23:00,0.999444,0,0,0,0,0,0,1,1,2,0,0,0,23.5,0.0,50.0,50.0,0.0,0.0,0.0,0.0,0.0
9000008121,2025-05-08 00:00,0.992222,0,0,0,0,0,0,1,0,1,0,0,0,39.0,0.0,0.0,0.0,100.0,0.0,0.0,0.0,0.0
9000008121,2025-05-08 01:00,0.740556,0,0,0,0,0,0,0,0,0,0,0,0,,0.0,0.0,0.0,0.0,0.0,0.0,0.0,0.0
9000008121,2025-05-08 03:00,0.738611,0,0,0,0,0,0,0,0,0,0,0,0,,0.0,0.0,0.0,0.0,0.0,0.0,0.0,0.0
9000008121,2025-05-08 04:00,1.0,0,0,0,0,0,0,0,0,0,0,0,0,,0.0,0.0,0.0,0.0,0.0,0.0,0.0,0.0
9000008121,2025-05-08 05:00,0.499722,0,2,2,2,0,2,26,16,42,4,4,8,43.0,14.29,9.52,38.1,14.29,19.05,4.76,0.0,0.0
9000008121,2025-05-08 06:00,0.999167,3,3,6,0,2,2,35,24,59,2,4,6,45.0,18.64,8.47,35.59,18.64,10.17,5.08,1.69,1.69
9000008121,2025-05-08 07:00,0.999444,2,2,4,0,0,0,50,37,87,4,6,10,41.0,17.24,6.9,31.03,28.74,10.34,1.15,3.45,1.15
9000008121,2025-05-08 08:00,0.999444,5,5,10,1,4,5,56,45,101,2,10,12,48.0,21.78,9.9,22.77,18.81,14.85,7.92,2.97,0.99
9000008121,2025-05-08 09:00,0.999444,5,1,6,2,1,3,143,106,249,8,20,28,47.0,22.09,10.84,25.7,18.47,10.04,8.43,2.41,2.01
9000008121,2025-05-08 10:00,0.999722,0,6,6,1,6,7,157,104,261,16,23,39,44.5,14.94,10.73,26.82,27.2,13.03,4.21,1.53,1.53
9000008121,2025-05-08 11:00,0.999444,1,10,11,7,8,15,132,123,255,7,18,25,44.0,12.16,18.04,35.69,14.9,11.37,4.71,0.78,2.35
9000008121,2025-05-08 12:00,0.999167,5,6,11,2,20,22,189,138,327,15,47,62,43.0,6.73,14.98,38.53,20.49,13.76,3.36,0.61,1.53
9000008121,2025-05-08 13:00,0.999444,1,3,4,1,16,17,184,133,317,10,34,44,48.0,20.5,10.41,21.45,22.08,12.62,6.94,2.21,3.79
9000008121,2025-05-08 14:00,0.999167,0,4,4,9,22,31,174,149,323,10,19,29,46.5,17.03,14.24,26.01,19.81,11.15,6.5,1.86,3.41
9000008121,2025-05-08 15:00,0.999444,11,10,21,6,12,18,181,151,332,6,7,13,45.0,12.95,18.37,24.7,21.39,10.24,7.23,2.41,2.71
9000008121,2025-05-08 16:00,0.999444,15,37,52,3,21,24,183,157,340,5,19,24,49.5,9.71,20.29,25.88,16.47,13.24,6.76,5.0,2.65
9000008121,2025-05-08 17:00,0.999444,6,26,32,2,20,22,172,138,310,8,7,15,48.5,9.68,17.1,32.58,15.81,11.94,8.39,2.58,1.94
9000008121,2025-05-08 18:00,0.999167,7,16,23,4,12,16,168,165,333,8,14,22,48.5,9.31,21.32,29.43,15.92,10.21,8.71,3.0,2.1
9000008121,2025-05-08 19:00,0.999444,6,13,19,3,10,13,132,123,255,8,12,20,46.0,12.55,21.18,23.92,18.04,14.9,5.49,1.18,2.75
9000008121,2025-05-08 20:00,0.999722,0,1,1,1,4,5,100,107,207,2,6,8,39.5,14.01,19.32,37.2,15.46,8.21,2.42,1.93,1.45
9000008121,2025-05-08 21:00,0.999167,0,0,0,0,0,0,0,0,0,0,0,0,,0.0,0.0,0.0,0.0,0.0,0.0,0.0,0.0
9000008121,2025-05-08 22:00,0.999444,0,0,0,0,0,0,0,0,0,0,0,0,,0.0,0.0,0.0,0.0,0.0,0.0,0.0,0.0
9000008121,2025-05-08 23:00,0.972778,0,0,0,0,0,0,1,0,1,0,0,0,4.0,100.0,0.0,0.0,0.0,0.0,0.0,0.0,0.0
9000008121,2025-05-09 00:00,0.999722,0,0,0,0,0,0,0,0,0,0,0,0,,0.0,0.0,0.0,0.0,0.0,0.0,0.0,0.0
9000008121,2025-05-09 02:00,0.749444,0,0,0,0,0,0,0,0,0,0,0,0,,0.0,0.0,0.0,0.0,0.0,0.0,0.0,0.0
9000008121,2025-05-09 03:00,0.496944,0,0,0,0,0,0,0,0,0,0,0,0,,0.0,0.0,0.0,0.0,0.0,0.0,0.0,0.0
9000008121,2025-05-09 04:00,0.741389,0,0,0,0,0,0,3,0,3,0,0,0,28.5,50.0,0.0,50.0,0.0,0.0,0.0,0.0,0.0
9000008121,2025-05-09 05:00,0.999167,0,0,0,0,0,0,25,23,48,9,14,23,49.5,22.92,12.5,22.92,14.58,12.5,8.33,4.17,2.08
9000008121,2025-05-09 06:00,0.999444,1,1,2,1,3,4,80,66,146,14,21,35,44.5,15.75,18.49,29.45,17.12,8.9,4.11,2.05,4.11
9000008121,2025-05-09 07:00,0.999167,5,17,22,0,11,11,191,255,446,25,40,65,37.5,23.54,17.49,29.37,17.26,6.5,2.91,1.57,1.35
9000008121,2025-05-09 08:00,0.999444,8,10,18,6,9,15,273,209,482,19,55,74,41.0,14.52,16.39,34.02,18.67,10.17,3.53,1.24,1.45
9000008121,2025-05-09 09:00,0.999444,2,6,8,8,10,18,270,196,466,36,53,89,42.0,21.89,11.59,32.62,15.67,12.45,4.94,0.43,0.43
9000008121,2025-05-09 10:00,0.999444,1,5,6,10,8,18,277,245,522,48,49,97,37.5,20.69,17.05,27.2,25.1,7.66,1.53,0.19,0.57
9000008121,2025-05-09 11:00,0.999444,0,4,4,1,4,5,270,297,567,49,95,144,40.0,10.41,12.87,37.74,24.16,9.35,2.65,1.23,1.59
9000008121,2025-05-09 12:00,0.999722,2,2,4,12,20,32,278,257,535,56,100,156,38.5,9.91,17.94,38.88,20.56,8.79,2.99,0.37,0.56
9000008121,2025-05-09 13:00,0.999444,4,6,10,8,27,35,294,267,561,54,93,147,42.5,19.79,18.18,24.96,19.25,9.45,4.81,1.6,1.96
9000008121,2025-05-09 14:00,0.999167,12,20,32,5,41,46,328,287,615,42,52,94,44.0,16.12,12.05,27.85,22.15,12.05,6.19,1.95,1.79
9000008121,2025-05-09 15:00,0.999722,11,19,30,17,31,48,363,285,648,34,60,94,42.5,16.05,10.19,30.09,23.15,14.2,4.32,1.39,0.62
9000008121,2025-05-09 16:00,0.999444,6,22,28,15,33,48,376,272,648,19,39,58,44.0,9.1,15.28,32.41,22.22,12.04,4.63,2.47,1.85
9000008121,2025-05-09 17:00,0.999444,7,18,25,8,28,36,295,240,535,17,39,56,41.0,8.41,17.01,33.08,25.61,8.04,4.86,1.87,1.12
9000008121,2025-05-09 18:00,0.999444,9,25,34,5,24,29,259,233,492,16,45,61,44.0,10.77,11.99,36.38,21.34,10.37,5.28,2.03,1.83
9000008121,2025-05-09 19:00,0.999444,1,9,10,5,20,25,183,208,391,14,20,34,43.0,14.58,20.97,28.64,17.65,9.72,4.6,3.07,0.77
9000008121,2025-05-09 20:00,0.999722,0,8,8,2,7,9,121,114,235,11,6,17,42.0,11.49,18.3,31.91,20.85,11.06,2.13,2.13,2.13
9000008121,2025-05-09 21:00,0.999444,0,0,0,0,0,0,0,0,0,0,0,0,,0.0,0.0,0.0,0.0,0.0,0.0,0.0,0.0
9000008121,2025-05-09 22:00,0.999167,0,0,0,0,0,0,0,0,0,0,0,0,,0.0,0.0,0.0,0.0,0.0,0.0,0.0,0.0
9000008121,2025-05-09 23:00,1.0,0,0,0,0,1,1,1,1,2,0,0,0,33.5,0.0,50.0,0.0,50.0,0.0,0.0,0.0,0.0
9000008121,2025-05-10 00:00,0.999722,0,0,0,0,0,0,0,0,0,0,0,0,,0.0,0.0,0.0,0.0,0.0,0.0,0.0,0.0
9000008121,2025-05-10 01:00,0.991389,0,0,0,0,0,0,0,0,0,0,0,0,,0.0,0.0,0.0,0.0,0.0,0.0,0.0,0.0
9000008121,2025-05-10 02:00,0.987778,0,0,0,0,0,0,0,0,0,0,0,0,,0.0,0.0,0.0,0.0,0.0,0.0,0.0,0.0
9000008121,2025-05-10 03:00,0.999722,0,0,0,0,0,0,0,0,0,0,0,0,,0.0,0.0,0.0,0.0,0.0,0.0,0.0,0.0
9000008121,2025-05-10 04:00,0.75,0,0,0,0,0,0,0,0,0,0,0,0,,0.0,0.0,0.0,0.0,0.0,0.0,0.0,0.0
9000008121,2025-05-10 06:00,0.999444,0,0,0,0,1,1,22,35,57,4,5,9,41.0,22.81,21.05,28.07,12.28,8.77,3.51,1.75,1.75
9000008121,2025-05-10 07:00,0.999167,0,1,1,2,2,4,63,39,102,5,19,24,50.0,13.73,13.73,21.57,23.53,12.75,9.8,4.9,0.0
9000008121,2025-05-10 08:00,0.999444,1,6,7,5,5,10,112,82,194,15,16,31,42.5,14.43,12.89,30.41,23.2,12.89,3.61,2.06,0.52
9000008121,2025-05-10 09:00,0.999444,1,5,6,4,9,13,213,115,328,14,11,25,46.0,12.5,13.41,27.13,20.12,14.94,7.01,3.05,1.83
9000008121,2025-05-10 10:00,0.999444,12,13,25,9,21,30,218,186,404,17,12,29,45.0,19.31,11.63,33.66,17.08,8.42,5.45,2.72,1.73
9000008121,2025-05-10 11:00,0.999167,5,12,17,9,33,42,263,215,478,17,25,42,42.0,6.28,15.48,41.21,19.04,11.92,3.56,1.46,1.05
9000008121,2025-05-10 12:00,0.999444,8,27,35,9,41,50,242,248,490,16,20,36,43.5,7.96,22.45,31.43,18.78,9.8,5.51,2.45,1.63
9000008121,2025-05-10 13:00,0.999444,5,27,32,9,36,45,283,248,531,15,23,38,43.0,11.3,19.4,31.83,18.83,11.49,4.14,2.07,0.94
9000008121,2025-05-10 14:00,0.999167,0,14,14,3,17,20,194,172,366,14,14,28,45.5,6.83,23.5,27.32,20.22,11.75,4.92,2.73,2.73
9000008121,2025-05-10 15:00,0.999722,3,8,11,7,22,29,207,192,399,14,34,48,45.5,13.03,11.78,30.33,23.06,12.03,5.26,2.01,2.51
9000008121,2025-05-10 16:00,0.999444,5,19,24,8,20,28,226,224,450,20,37,57,43.5,12.22,16.67,30.67,21.11,10.44,4.22,2.0,2.67
9000008121,2025-05-10 17:00,0.999722,5,32,37,6,27,33,200,193,393,16,16,32,43.5,17.05,16.79,23.41,21.63,11.45,4.58,3.05,2.04
9000008121,2025-05-10 18:00,0.999167,3,26,29,8,27,35,203,190,393,9,5,14,44.5,15.52,22.14,24.68,18.07,10.43,5.85,2.04,1.27
9000008121,2025-05-10 19:00,0.999444,3,15,18,4,23,27,151,166,317,8,11,19,46.0,14.51,21.77,28.71,11.67,11.36,4.73,4.1,3.15
9000008121,2025-05-10 20:00,0.999167,0,7,7,2,8,10,109,141,250,10,8,18,41.0,14.8,21.2,29.6,18.4,8.0,4.0,1.2,2.8
9000008121,2025-05-10 21:00,0.999167,0,0,0,0,0,0,1,1,2,0,0,0,13.5,50.0,50.0,0.0,0.0,0.0,0.0,0.0,0.0
9000008121,2025-05-10 22:00,0.9825,0,0,0,0,0,0,0,0,0,0,0,0,,0.0,0.0,0.0,0.0,0.0,0.0,0.0,0.0
9000008121,2025-05-10 23:00,0.999167,0,0,0,0,0,0,0,0,0,0,0,0,,0.0,0.0,0.0,0.0,0.0,0.0,0.0,0.0
9000008121,2025-05-11 00:00,0.999722,0,0,0,0,0,0,0,0,0,0,0,0,,0.0,0.0,0.0,0.0,0.0,0.0,0.0,0.0
9000008121,2025-05-11 01:00,0.25,0,0,0,0,0,0,0,0,0,0,0,0,,0.0,0.0,0.0,0.0,0.0,0.0,0.0,0.0
9000008121,2025-05-11 02:00,0.75,0,0,0,0,0,0,0,0,0,0,0,0,,0.0,0.0,0.0,0.0,0.0,0.0,0.0,0.0
9000008121,2025-05-11 03:00,0.5,0,0,0,0,0,0,0,0,0,0,0,0,,0.0,0.0,0.0,0.0,0.0,0.0,0.0,0.0
9000008121,2025-05-11 04:00,0.749722,0,0,0,0,0,0,0,0,0,0,0,0,,0.0,0.0,0.0,0.0,0.0,0.0,0.0,0.0
9000008121,2025-05-11 07:00,0.999444,2,1,3,0,3,3,39,33,72,4,4,8,47.0,13.89,18.06,30.56,13.89,12.5,9.72,0.0,1.39
9000008121,2025-05-11 08:00,0.999722,1,4,5,1,4,5,81,77,158,10,9,19,49.0,11.39,17.09,25.95,20.25,12.03,8.86,1.9,2.53
9000008121,2025-05-11 09:00,0.999444,1,7,8,5,11,16,171,139,310,5,22,27,41.5,16.77,17.74,24.19,24.19,8.39,7.42,0.65,0.65
9000008121,2025-05-11 10:00,0.999444,2,11,13,4,15,19,210,174,384,7,19,26,40.0,15.62,19.79,28.39,21.35,8.59,2.86,2.08,1.3
9000008121,2025-05-11 11:00,0.999444,3,8,11,8,18,26,195,182,377,6,24,30,41.0,11.41,19.1,29.44,23.87,10.61,3.18,1.59,0.8
9000008121,2025-05-11 12:00,0.999444,2,5,7,1,19,20,186,178,364,7,95,102,43.0,6.87,14.56,36.26,24.45,11.54,4.12,0.27,1.92
9000008121,2025-05-11 13:00,0.999722,4,4,8,1,4,5,199,138,337,24,141,165,50.5,19.29,13.65,17.51,21.36,12.46,9.2,3.56,2.97
9000008121,2025-05-11 14:00,0.999444,2,7,9,1,1,2,250,196,446,25,78,103,48.5,21.08,7.4,19.06,26.01,13.68,8.3,3.14,1.35
9000008121,2025-05-11 15:00,0.999444,0,9,9,0,7,7,168,159,327,11,61,72,46.5,24.77,8.56,20.18,20.49,16.21,6.12,1.53,2.14
9000008121,2025-05-11 16:00,0.999444,1,2,3,1,10,11,177,169,346,8,86,94,42.0,19.94,11.85,27.17,23.7,10.12,5.49,0.58,1.16
9000008121,2025-05-11 17:00,0.999722,6,11,17,4,6,10,197,234,431,8,63,71,41.5,20.65,12.99,27.38,22.27,11.14,2.55,2.09,0.93
9000008121,2025-05-11 18:00,0.999722,10,10,20,3,19,22,231,190,421,11,48,59,42.0,11.64,14.25,34.68,22.33,9.26,4.75,1.19,1.9
9000008121,2025-05-11 19:00,0.999444,2,5,7,6,13,19,155,158,313,8,20,28,43.0,18.21,18.85,27.16,18.53,6.39,7.03,1.28,2.56
9000008121,2025-05-11 20:00,0.999722,8,2,10,3,7,10,113,112,225,6,6,12,45.5,20.89,17.78,24.44,13.33,12.0,5.78,3.11,2.67
9000008121,2025-05-11 21:00,0.999722,0,0,0,0,0,0,2,2,4,0,1,1,42.0,25.0,0.0,50.0,0.0,25.0,0.0,0.0,0.0
9000008121,2025-05-11 22:00,0.999167,0,0,0,0,0,0,0,0,0,0,0,0,,0.0,0.0,0.0,0.0,0.0,0.0,0.0,0.0
9000008121,2025-05-11 23:00,0.999444,0,0,0,0,0,0,1,0,1,0,0,0,9.0,100.0,0.0,0.0,0.0,0.0,0.0,0.0,0.0
9000008121,2025-05-12 00:00,0.999167,0,0,0,0,0,0,0,0,0,0,0,0,,0.0,0.0,0.0,0.0,0.0,0.0,0.0,0.0
9000008121,2025-05-12 01:00,0.999167,0,0,0,0,0,0,0,0,0,0,0,0,,0.0,0.0,0.0,0.0,0.0,0.0,0.0,0.0
9000008121,2025-05-12 02:00,0.999167,0,0,0,0,0,0,0,0,0,0,0,0,,0.0,0.0,0.0,0.0,0.0,0.0,0.0,0.0
9000008121,2025-05-12 06:00,0.749444,1,3,4,0,5,5,107,101,208,12,33,45,39.0,16.67,18.59,30.77,21.15,3.85,5.13,2.56,1.28
9000008121,2025-05-12 07:00,0.999444,7,14,21,4,9,13,234,321,555,12,70,82,38.5,17.12,15.32,40.0,13.87,6.85,4.32,1.8,0.72
9000008121,2025-05-12 08:00,0.999167,3,5,8,6,12,18,372,313,685,34,143,177,36.5,19.01,15.5,35.67,20.18,5.7,2.05,0.88,1.17
9000008121,2025-05-12 09:00,0.999722,1,4,5,10,10,20,304,210,514,34,106,140,41.5,15.76,12.26,35.02,19.65,12.06,3.5,0.97,0.78
9000008121,2025-05-12 10:00,0.999444,0,0,0,6,2,8,286,188,474,46,69,115,40.0,10.76,13.71,32.49,28.27,9.7,3.38,1.48,0.21
9000008121,2025-05-12 11:00,0.999722,0,0,0,3,3,6,243,257,500,60,121,181,39.5,10.8,15.2,35.4,24.6,8.8,2.4,1.2,1.6
9000008121,2025-05-12 12:00,0.999167,2,2,4,6,18,24,229,265,494,34,105,139,40.0,6.28,15.99,39.68,23.48,8.1,3.64,2.02,0.81
9000008121,2025-05-12 13:00,0.999444,3,1,4,0,11,11,255,218,473,58,157,215,47.0,20.51,11.42,23.89,19.03,14.38,6.77,1.69,2.33
9000008121,2025-05-12 14:00,0.999444,6,9,15,7,30,37,355,259,614,46,102,148,46.0,18.08,9.28,25.73,22.15,15.96,5.05,3.26,0.49
9000008121,2025-05-12 15:00,0.999167,1,3,4,10,24,34,419,297,716,49,133,182,44.5,17.2,9.23,22.8,27.83,14.13,5.45,1.96,1.54
9000008121,2025-05-12 16:00,0.999444,11,17,28,14,37,51,439,317,756,30,129,159,43.0,10.85,9.79,34.66,26.46,9.39,5.56,1.46,1.85
9000008121,2025-05-12 17:00,0.999722,1,35,36,7,32,39,369,311,680,23,82,105,42.5,10.44,13.38,32.65,23.53,13.97,4.12,1.32,0.59
9000008121,2025-05-12 18:00,0.999167,3,12,15,7,28,35,316,224,540,19,18,37,46.0,5.56,13.7,30.74,27.41,12.59,7.41,1.3,1.3
9000008121,2025-05-12 19:00,0.999444,2,8,10,6,23,29,192,182,374,16,21,37,42.0,15.24,14.44,35.56,17.11,8.82,4.28,1.87,2.67
9000008121,2025-05-12 20:00,0.999444,2,3,5,10,3,13,114,125,239,6,8,14,39.5,16.32,14.64,33.05,22.18,7.11,3.77,1.26,1.67
9000008121,2025-05-12 21:00,0.999444,0,0,0,0,0,0,0,1,1,0,0,0,24.0,0.0,0.0,100.0,0.0,0.0,0.0,0.0,0.0
9000008121,2025-05-12 22:00,0.999444,0,0,0,0,0,0,0,2,2,0,0,0,23.5,50.0,0.0,50.0,0.0,0.0,0.0,0.0,0.0
9000008121,2025-05-12 23:00,0.999722,0,0,0,0,0,0,2,0,2,0,0,0,8.5,100.0,0.0,0.0,0.0,0.0,0.0,0.0,0.0
9000008121,2025-05-13 00:00,0.999722,0,0,0,0,0,0,0,0,0,0,0,0,,0.0,0.0,0.0,0.0,0.0,0.0,0.0,0.0
9000008121,2025-05-13 01:00,0.999722,0,0,0,0,0,0,0,0,0,0,0,0,,0.0,0.0,0.0,0.0,0.0,0.0,0.0,0.0
9000008121,2025-05-13 02:00,0.993056,0,0,0,0,0,0,0,0,0,0,0,0,,0.0,0.0,0.0,0.0,0.0,0.0,0.0,0.0
9000008121,2025-05-13 03:00,0.993611,0,0,0,0,0,0,0,0,0,0,0,0,,0.0,0.0,0.0,0.0,0.0,0.0,0.0,0.0
9000008121,2025-05-13 04:00,0.999722,0,0,0,0,0,0,0,0,0,0,0,0,,0.0,0.0,0.0,0.0,0.0,0.0,0.0,0.0
9000008121,2025-05-13 05:00,0.996111,0,0,0,1,4,5,47,29,76,4,9,13,54.5,18.42,5.26,27.63,13.16,14.47,10.53,6.58,3.95
9000008121,2025-05-13 06:00,0.999722,0,0,0,1,5,6,131,92,223,21,28,49,43.5,16.59,7.17,31.84,23.77,10.31,4.93,2.24,3.14
9000008121,2025-05-13 07:00,0.999444,12,31,43,8,10,18,275,295,570,22,64,86,40.0,15.44,14.91,37.89,16.67,7.72,4.21,1.75,1.4
9000008121,2025-05-13 08:00,0.999167,20,10,30,6,22,28,318,276,594,31,39,70,38.5,7.41,16.84,39.39,23.91,8.08,2.02,1.52,0.84
9000008121,2025-05-13 09:00,0.999444,9,14,23,6,10,16,311,218,529,28,60,88,42.0,16.26,11.91,32.51,22.12,8.13,5.48,2.46,1.13
9000008121,2025-05-13 10:00,0.999167,1,2,3,4,4,8,301,203,504,38,49,87,41.0,13.49,21.23,26.59,22.42,11.51,1.98,1.79,0.99
9000008121,2025-05-13 11:00,0.999444,2,5,7,2,1,3,215,233,448,56,69,125,40.5,4.69,21.65,37.95,20.09,8.93,4.02,1.12,1.56
9000008121,2025-05-13 12:00,0.999444,7,10,17,0,9,9,209,218,427,39,124,163,42.0,10.77,12.41,39.58,20.37,8.43,6.09,1.17,1.17
9000008121,2025-05-13 13:00,0.999722,1,2,3,7,3,10,281,198,479,79,87,166,42.0,12.32,19.21,27.97,22.55,12.32,4.59,0.84,0.21
9000008121,2025-05-13 14:00,0.999167,0,3,3,2,6,8,337,230,567,49,69,118,46.0,9.17,10.93,31.04,24.34,14.29,6.7,2.65,0.88
9000008121,2025-05-13 15:00,0.999444,1,3,4,14,3,17,431,238,669,30,68,98,44.0,20.63,4.63,22.12,32.14,13.15,3.74,2.09,1.49
9000008121,2025-05-13 16:00,0.999444,0,3,3,8,5,13,365,315,680,32,51,83,39.5,13.09,15.44,35.29,21.76,8.09,3.82,1.18,1.32
9000008121,2025-05-13 17:00,0.999444,3,28,31,16,29,45,339,256,595,29,61,90,43.0,12.94,11.6,28.4,26.05,14.62,3.87,1.51,1.01
9000008121,2025-05-13 18:00,0.999167,11,28,39,53,62,115,297,281,578,27,58,85,44.0,11.07,14.19,32.87,22.84,10.03,4.84,2.42,1.73
9000008121,2025-05-13 19:00,0.999167,3,19,22,2,28,30,204,192,396,14,20,34,45.5,16.16,17.93,27.78,17.93,10.1,6.57,2.27,1.26
9000008121,2025-05-13 20:00,1.0,2,6,8,11,7,18,144,129,273,7,7,14,42.5,8.42,15.38,39.93,18.68,10.26,4.03,2.2,1.1
9000008121,2025-05-13 21:00,0.999722,0,0,0,0,0,0,3,1,4,0,1,1,24.0,25.0,0.0,75.0,0.0,0.0,0.0,0.0,0.0
9000008121,2025-05-13 22:00,0.999444,0,0,0,0,0,0,1,0,1,0,0,0,19.0,0.0,100.0,0.0,0.0,0.0,0.0,0.0,0.0
9000008121,2025-05-13 23:00,0.999444,0,0,0,0,0,0,1,0,1,0,0,0,19.0,0.0,100.0,0.0,0.0,0.0,0.0,0.0,0.0
9000008121,2025-05-14 03:00,0.749444,0,0,0,0,0,0,0,0,0,0,0,0,,0.0,0.0,0.0,0.0,0.0,0.0,0.0,0.0
9000008121,2025-05-14 05:00,0.749444,0,0,0,3,15,17,37,37,75,5,12,17,47.0,8.93,16.07,33.93,14.29,16.07,7.14,1.79,1.79
9000008121,2025-05-14 06:00,0.999722,0,1,1,1,6,7,123,107,230,15,26,41,43.0,13.91,9.57,36.09,22.17,9.57,3.48,3.04,2.17
9000008121,2025-05-14 07:00,0.999444,1,3,4,3,4,7,135,200,335,23,43,66,41.5,23.28,17.31,26.87,15.82,9.85,3.28,2.39,1.19
9000008121,2025-05-14 08:00,0.999444,12,15,27,11,15,26,367,313,680,28,57,85,41.5,26.47,7.94,30.15,18.38,10.44,3.24,1.91,1.47
9000008121,2025-05-14 09:00,0.999167,0,3,3,2,17,19,302,258,560,27,61,88,41.5,21.79,11.96,28.21,20.71,11.96,3.21,1.61,0.54
9000008121,2025-05-14 10:00,0.999444,1,0,1,7,7,14,297,244,541,36,41,77,40.0,16.27,14.23,29.94,24.95,9.8,2.59,1.11,1.11
9000008121,2025-05-14 11:00,0.999722,3,7,10,3,17,20,240,256,496,46,61,107,41.5,10.08,16.94,34.07,21.77,12.1,3.02,1.21,0.81
9000008121,2025-05-14 12:00,0.999444,6,4,10,2,21,23,205,230,435,49,116,165,43.5,13.79,9.66,34.71,23.45,10.11,4.83,1.15,2.3
9000008121,2025-05-14 13:00,0.999444,2,7,9,7,22,29,265,204,469,60,96,156,45.0,9.17,14.29,32.41,21.96,13.86,4.9,2.13,1.28
9000008121,2025-05-14 14:00,0.999167,2,11,13,0,28,28,330,240,570,59,99,158,45.5,7.37,5.26,31.58,30.88,16.32,6.14,1.58,0.88
9000008121,2025-05-14 15:00,0.999444,8,10,18,9,32,41,394,295,689,75,95,170,44.5,4.5,6.1,36.14,31.79,12.77,4.64,2.76,1.31
9000008121,2025-05-14 16:00,0.999444,2,17,19,16,21,37,392,304,696,39,101,140,42.0,6.47,14.37,35.06,26.29,10.92,4.74,1.15,1.01
9000008121,2025-05-14 17:00,0.999722,2,28,30,12,32,44,370,292,662,27,59,86,44.5,9.37,19.79,26.44,22.21,13.9,4.98,1.66,1.66
9000008121,2025-05-14 18:00,0.999444,5,20,25,16,30,46,320,252,572,22,32,54,43.0,7.69,13.81,38.81,20.8,11.19,4.02,1.92,1.75
9000008121,2025-05-14 19:00,0.999444,5,22,27,6,35,41,211,166,377,13,19,32,49.0,10.61,20.69,25.73,18.83,10.34,7.43,1.86,4.51
9000008121,2025-05-14 20:00,0.999722,3,5,8,4,9,13,127,146,273,8,12,20,43.0,14.29,19.05,32.97,15.38,12.09,3.66,0.37,2.2
9000008121,2025-05-14 21:00,1.0,0,0,0,0,0,0,0,0,0,0,0,0,,0.0,0.0,0.0,0.0,0.0,0.0,0.0,0.0
9000008121,2025-05-14 22:00,0.999444,0,0,0,0,0,0,0,0,0,0,0,0,,0.0,0.0,0.0,0.0,0.0,0.0,0.0,0.0
9000008121,2025-05-14 23:00,0.981944,0,0,0,0,0,0,0,0,0,0,0,0,,0.0,0.0,0.0,0.0,0.0,0.0,0.0,0.0
9000008121,2025-05-15 00:00,0.999722,0,0,0,0,0,0,0,0,0,0,0,0,,0.0,0.0,0.0,0.0,0.0,0.0,0.0,0.0
9000008121,2025-05-15 01:00,0.988333,0,0,0,0,0,0,0,0,0,0,0,0,,0.0,0.0,0.0,0.0,0.0,0.0,0.0,0.0
9000008121,2025-05-15 02:00,0.999722,0,0,0,0,0,0,0,0,0,0,0,0,,0.0,0.0,0.0,0.0,0.0,0.0,0.0,0.0
9000008121,2025-05-15 03:00,0.991944,0,0,0,0,0,0,0,0,0,0,0,0,,0.0,0.0,0.0,0.0,0.0,0.0,0.0,0.0
9000008121,2025-05-15 04:00,0.999444,0,0,0,0,0,0,2,0,2,0,0,0,33.5,0.0,50.0,0.0,50.0,0.0,0.0,0.0,0.0
9000008121,2025-05-15 07:00,0.999444,5,13,18,7,5,12,258,309,567,27,70,97,40.0,16.23,22.57,31.04,14.99,9.17,3.35,2.12,0.53
9000008121,2025-05-15 08:00,0.999167,0,11,11,6,9,15,349,280,629,41,79,120,41.0,13.22,16.4,35.03,19.27,10.03,4.78,1.11,0.32
9000008121,2025-05-15 09:00,0.999444,0,3,3,8,7,15,322,252,574,30,61,91,42.5,9.06,17.77,32.23,22.47,11.67,4.7,1.39,0.7
9000008121,2025-05-15 10:00,0.999444,7,8,15,10,15,25,270,213,483,30,57,87,43.5,10.35,19.25,28.16,22.15,10.97,5.18,2.48,1.45
9000008121,2025-05-15 11:00,0.999444,9,13,22,4,9,13,240,243,483,34,55,89,42.5,7.04,19.46,33.75,21.12,10.35,4.76,1.24,2.28
9000008121,2025-05-15 12:00,0.999444,1,11,12,4,18,22,276,238,514,31,58,89,43.5,8.37,17.32,33.27,22.18,10.89,4.86,1.56,1.56
9000008121,2025-05-15 13:00,0.999167,17,30,47,7,20,27,293,252,545,36,45,81,42.5,11.38,18.9,32.29,19.45,9.17,4.4,2.39,2.02
9000008121,2025-05-15 14:00,0.999444,17,30,47,4,26,30,383,291,674,35,50,85,44.5,9.05,20.33,29.08,21.81,9.94,5.64,2.23,1.93
9000008121,2025-05-15 15:00,0.999444,6,19,25,12,28,40,552,325,877,61,77,138,45.5,5.47,17.9,31.36,22.23,12.09,6.16,1.94,2.85
9000008121,2025-05-15 16:00,0.999167,17,26,43,13,22,35,426,311,737,37,34,71,43.0,13.99,18.48,26.77,22.01,10.46,4.62,1.77,2.04
9000008121,2025-05-15 17:00,0.999722,13,28,41,8,23,31,370,270,640,23,34,57,44.0,5.0,20.31,32.97,19.84,13.44,5.31,1.41,1.72
9000008121,2025-05-15 18:00,0.999444,11,34,45,6,22,28,320,259,579,22,26,48,44.0,8.12,21.07,26.94,21.76,12.95,5.7,1.55,1.9
9000008121,2025-05-15 19:00,0.999167,15,29,44,5,25,30,211,203,414,9,13,22,44.5,9.42,24.64,29.71,16.43,9.42,6.28,2.17,1.93
9000008121,2025-05-15 20:00,0.999722,4,8,12,5,8,13,121,112,233,12,14,26,40.0,7.73,16.74,37.34,23.61,6.01,5.15,1.29,2.15
9000008121,2025-05-15 21:00,0.999722,0,0,0,0,1,1,3,0,3,0,0,0,23.0,0.0,66.67,33.33,0.0,0.0,0.0,0.0,0.0
9000008121,2025-05-15 22:00,1.0,0,0,0,0,0,0,0,1,1,0,0,0,4.0,100.0,0.0,0.0,0.0,0.0,0.0,0.0,0.0
9000008121,2025-05-15 23:00,0.999444,0,0,0,0,0,0,0,0,0,0,0,0,,0.0,0.0,0.0,0.0,0.0,0.0,0.0,0.0
9000008121,2025-05-16 00:00,0.998056,0,0,0,0,0,0,1,0,1,0,0,0,24.0,0.0,0.0,100.0,0.0,0.0,0.0,0.0,0.0
9000008121,2025-05-16 02:00,0.496944,0,0,0,0,0,0,0,0,0,0,0,0,,0.0,0.0,0.0,0.0,0.0,0.0,0.0,0.0
9000008121,2025-05-16 03:00,0.715556,0,0,0,0,0,0,1,0,1,0,0,0,19.0,0.0,100.0,0.0,0.0,0.0,0.0,0.0,0.0
9000008121,2025-05-16 04:00,0.749722,0,0,0,0,0,0,0,0,0,0,0,0,,0.0,0.0,0.0,0.0,0.0,0.0,0.0,0.0
9000008121,2025-05-16 05:00,0.499722,0,0,0,0,2,2,44,40,84,10,20,30,39.5,19.05,21.43,26.19,19.05,9.52,0.0,2.38,2.38
9000008121,2025-05-16 07:00,0.999444,8,22,30,7,7,14,253,290,543,29,37,66,41.0,13.08,20.63,32.41,17.5,10.5,3.68,0.92,1.29
9000008121,2025-05-16 08:00,0.999722,13,7,20,6,5,11,308,267,575,26,54,80,40.5,10.96,17.39,33.22,22.96,9.39,3.83,0.87,1.39
9000008121,2025-05-16 09:00,0.999167,3,6,9,4,12,16,297,223,520,28,45,73,47.0,7.88,17.88,29.04,22.69,9.81,6.73,2.88,3.08
9000008121,2025-05-16 10:00,0.999444,10,2,12,2,7,9,192,175,367,20,35,55,44.0,11.72,17.44,30.25,18.53,12.53,7.36,1.36,0.82
9000008121,2025-05-16 11:00,0.999444,2,5,7,4,9,13,306,244,550,37,38,75,44.0,12.36,19.82,27.45,21.09,11.64,4.73,1.82,1.09
9000008121,2025-05-16 12:00,0.999444,1,9,10,6,30,36,332,246,578,21,49,70,44.5,5.54,20.07,28.55,22.84,14.01,6.57,1.04,1.38
9000008121,2025-05-16 13:00,0.999167,2,1,3,12,22,34,308,278,586,47,69,116,43.0,11.77,15.02,32.42,20.14,14.51,4.95,1.02,0.17
9000008121,2025-05-16 14:00,0.999722,0,9,9,5,17,22,360,286,646,39,36,75,45.5,14.4,14.09,23.07,23.99,13.93,7.28,1.7,1.55
9000008121,2025-05-16 15:00,0.999444,4,7,11,11,15,26,523,342,865,36,44,80,42.5,7.86,15.72,32.72,25.2,10.64,4.86,1.73,1.27
9000008121,2025-05-16 16:00,0.999444,0,10,10,3,12,15,349,292,641,26,39,65,43.5,7.64,14.51,32.29,26.52,10.92,4.52,1.4,2.18
9000008121,2025-05-16 17:00,0.999444,4,27,31,5,7,12,329,234,563,19,32,51,44.5,14.56,10.83,24.87,27.0,14.74,4.8,1.42,1.78
9000008121,2025-05-16 18:00,0.999167,4,21,25,2,12,14,244,247,491,15,27,42,44.0,5.3,18.74,32.99,21.59,12.83,4.68,2.24,1.63
9000008121,2025-05-16 19:00,0.999444,2,6,8,2,13,15,201,198,399,12,16,28,44.0,9.52,16.54,33.83,20.8,9.02,5.26,2.76,2.26
9000008121,2025-05-16 20:00,0.999722,0,1,1,12,5,17,138,114,252,13,5,18,36.0,8.73,16.67,47.22,18.65,5.16,1.19,0.79,1.59
9000008121,2025-05-16 21:00,0.999444,0,0,0,0,0,0,0,0,0,0,0,0,,0.0,0.0,0.0,0.0,0.0,0.0,0.0,0.0
9000008121,2025-05-16 22:00,0.999722,0,0,0,0,0,0,0,0,0,0,0,0,,0.0,0.0,0.0,0.0,0.0,0.0,0.0,0.0
9000008121,2025-05-16 23:00,0.999167,0,0,0,0,0,0,0,0,0,0,0,0,,0.0,0.0,0.0,0.0,0.0,0.0,0.0,0.0
9000008121,2025-05-17 00:00,0.978333,0,0,0,0,0,0,0,0,0,0,0,0,,0.0,0.0,0.0,0.0,0.0,0.0,0.0,0.0
9000008121,2025-05-17 01:00,0.5,0,0,0,0,0,0,0,0,0,0,0,0,,0.0,0.0,0.0,0.0,0.0,0.0,0.0,0.0
9000008121,2025-05-17 03:00,0.749722,0,0,0,0,0,0,0,0,0,0,0,0,,0.0,0.0,0.0,0.0,0.0,0.0,0.0,0.0
9000008121,2025-05-17 06:00,0.999444,0,0,0,0,1,1,35,37,72,5,9,14,51.0,15.28,27.78,23.61,12.5,5.56,5.56,5.56,4.17
9000008121,2025-05-17 07:00,0.999167,2,0,2,4,2,6,58,49,107,7,9,16,47.0,10.28,20.56,27.1,20.56,9.35,3.74,2.8,5.61
9000008121,2025-05-17 08:00,0.999444,1,3,4,7,8,15,121,84,205,9,10,19,44.5,11.71,19.02,26.34,23.41,12.68,3.9,1.95,0.98
9000008121,2025-05-17 09:00,0.999444,5,5,10,6,8,14,227,125,352,9,14,23,43.5,12.78,12.5,29.55,24.15,14.49,4.83,1.14,0.57
9000008121,2025-05-17 10:00,0.999167,2,5,7,6,10,16,264,164,428,16,17,33,46.0,14.25,12.85,25.7,22.66,14.02,5.84,3.04,1.64
9000008121,2025-05-17 11:00,0.999444,5,6,11,6,14,20,290,204,494,9,22,31,46.0,13.97,13.36,29.35,19.64,12.96,6.48,3.04,1.21
9000008121,2025-05-17 12:00,0.999444,2,6,8,9,16,25,231,228,459,19,33,52,44.5,16.12,14.6,27.89,20.26,12.85,6.1,1.09,1.09
9000008121,2025-05-17 13:00,0.999444,2,7,9,4,15,19,279,239,518,13,23,36,43.0,18.15,12.93,27.99,22.59,10.23,5.21,0.97,1.93
9000008121,2025-05-17 14:00,0.999444,0,2,2,8,15,23,293,234,527,20,21,41,43.0,6.45,12.9,31.69,28.27,15.37,2.47,1.71,1.14
9000008121,2025-05-17 15:00,0.999167,0,4,4,4,7,11,288,224,512,9,38,47,43.5,9.96,12.7,33.98,22.85,11.33,7.03,0.98,1.17
9000008121,2025-05-17 16:00,0.999444,1,2,3,2,13,15,224,194,418,11,14,25,45.0,5.02,15.55,34.93,23.68,10.77,5.02,2.63,2.39
9000008121,2025-05-17 17:00,0.999444,1,4,5,7,7,14,202,177,379,9,15,24,45.0,11.35,19.0,24.01,23.22,12.4,7.65,1.06,1.32
9000008121,2025-05-17 18:00,0.999444,1,6,7,3,3,6,222,200,422,13,9,22,46.5,15.17,14.93,24.64,20.85,13.98,5.92,2.37,2.13
9000008121,2025-05-17 19:00,0.999167,0,6,6,1,12,13,155,148,303,8,17,25,46.0,16.5,15.84,25.41,18.48,13.2,8.25,1.98,0.33
9000008121,2025-05-17 20:00,1.0,0,2,2,0,13,13,123,115,238,5,13,18,46.0,2.1,8.4,41.18,25.21,13.87,4.2,2.52,2.52
9000008121,2025-05-17 21:00,0.999444,0,0,0,0,0,0,1,0,1,0,0,0,34.0,0.0,0.0,0.0,100.0,0.0,0.0,0.0,0.0
9000008121,2025-05-17 22:00,0.999444,0,0,0,0,0,0,0,0,0,0,0,0,,0.0,0.0,0.0,0.0,0.0,0.0,0.0,0.0
9000008121,2025-05-17 23:00,0.999722,0,0,0,0,0,0,0,0,0,0,0,0,,0.0,0.0,0.0,0.0,0.0,0.0,0.0,0.0
9000008121,2025-05-18 00:00,0.960278,0,0,0,0,0,0,1,0,1,0,0,0,109.0,0.0,0.0,0.0,0.0,0.0,0.0,0.0,100.0
9000008121,2025-05-18 01:00,0.25,0,0,0,0,0,0,0,0,0,0,0,0,,0.0,0.0,0.0,0.0,0.0,0.0,0.0,0.0
9000008121,2025-05-18 02:00,0.738056,0,0,0,0,0,0,0,0,0,0,0,0,,0.0,0.0,0.0,0.0,0.0,0.0,0.0,0.0
9000008121,2025-05-18 03:00,0.999444,0,0,0,0,0,0,0,0,0,0,0,0,,0.0,0.0,0.0,0.0,0.0,0.0,0.0,0.0
9000008121,2025-05-18 05:00,0.749444,0,0,0,0,0,0,12,8,20,0,0,0,48.5,6.67,33.33,6.67,13.33,26.67,6.67,0.0,6.67
9000008121,2025-05-18 06:00,0.25,0,0,0,0,4,4,8,32,40,8,4,12,27.5,50.0,20.0,20.0,0.0,0.0,10.0,0.0,0.0
9000008121,2025-05-18 07:00,0.999722,1,1,2,1,2,3,35,45,80,3,4,7,44.5,26.25,18.75,17.5,15.0,16.25,3.75,1.25,1.25
9000008121,2025-05-18 08:00,0.999167,3,0,3,1,2,3,87,104,191,6,9,15,49.5,27.75,14.14,17.8,16.23,9.42,7.33,4.19,3.14
9000008121,2025-05-18 09:00,0.999444,1,5,6,2,6,8,153,136,289,5,9,14,45.0,16.96,13.15,25.95,22.15,12.46,6.92,0.69,1.73
9000008121,2025-05-18 10:00,0.999444,0,1,1,0,6,6,223,142,365,8,16,24,42.5,14.52,12.33,28.49,25.21,12.88,6.03,0.27,0.27
9000008121,2025-05-18 11:00,0.999444,3,6,9,5,9,14,190,141,331,5,17,22,42.5,11.18,19.03,25.68,25.68,8.76,6.65,1.51,1.51
9000008121,2025-05-18 12:00,1.0,3,11,14,3,15,18,194,180,374,6,24,30,46.0,11.23,16.58,29.41,19.79,12.57,7.22,1.6,1.6
9000008121,2025-05-18 13:00,0.999167,8,16,24,5,16,21,219,190,409,8,11,19,47.0,14.43,15.16,22.49,22.49,14.18,7.33,1.47,2.44
9000008121,2025-05-18 14:00,0.999167,2,15,17,3,18,21,246,213,459,9,19,28,47.0,4.79,22.0,26.8,20.26,16.12,6.54,0.87,2.61
9000008121,2025-05-18 15:00,0.999722,4,9,13,1,14,15,175,170,345,7,17,24,48.0,4.64,18.55,32.75,17.68,13.33,6.96,3.77,2.32
9000008121,2025-05-18 16:00,0.999444,0,1,1,3,7,10,180,163,343,7,13,20,48.5,7.29,17.49,30.32,19.24,11.95,7.29,4.08,2.33
9000008121,2025-05-18 17:00,0.999444,4,3,7,0,10,10,212,153,365,7,6,13,48.0,8.49,13.15,27.12,22.19,16.16,7.4,3.01,2.47
9000008121,2025-05-18 18:00,0.999444,2,3,5,5,5,10,200,139,339,7,9,16,52.0,11.5,12.39,27.14,17.7,14.16,9.44,5.01,2.65
9000008121,2025-05-18 19:00,0.999444,0,3,3,4,4,8,142,110,252,4,6,10,55.0,12.3,13.89,26.19,19.05,9.52,9.13,4.76,5.16
9000008121,2025-05-18 20:00,0.999722,0,0,0,0,4,4,90,103,193,3,4,7,45.5,13.47,12.95,34.2,17.1,10.88,8.29,1.55,1.55
9000008121,2025-05-18 21:00,1.0,0,0,0,0,0,0,5,0,5,0,0,0,48.0,0.0,0.0,0.0,20.0,80.0,0.0,0.0,0.0
9000008121,2025-05-18 22:00,0.999444,0,0,0,0,0,0,0,0,0,0,0,0,,0.0,0.0,0.0,0.0,0.0,0.0,0.0,0.0
9000008121,2025-05-18 23:00,0.991667,0,0,0,0,0,0,0,0,0,0,0,0,,0.0,0.0,0.0,0.0,0.0,0.0,0.0,0.0
9000008121,2025-05-19 00:00,0.999444,0,0,0,0,0,0,0,0,0,0,0,0,,0.0,0.0,0.0,0.0,0.0,0.0,0.0,0.0
9000008121,2025-05-19 02:00,0.984444,0,0,0,0,0,0,0,0,0,0,0,0,,0.0,0.0,0.0,0.0,0.0,0.0,0.0,0.0
9000008121,2025-05-19 03:00,0.749444,0,0,0,0,0,0,0,0,0,0,0,0,,0.0,0.0,0.0,0.0,0.0,0.0,0.0,0.0
9000008121,2025-05-19 04:00,0.999444,0,0,0,0,0,0,0,0,0,0,0,0,,0.0,0.0,0.0,0.0,0.0,0.0,0.0,0.0
9000008121,2025-05-19 05:00,0.999167,0,0,0,1,2,3,25,24,49,3,5,8,39.5,24.49,16.33,22.45,22.45,8.16,2.04,2.04,2.04
9000008121,2025-05-19 06:00,0.999167,0,1,1,1,1,2,119,119,238,15,19,34,40.0,16.81,11.34,37.82,19.33,10.08,2.52,1.26,0.84
9000008121,2025-05-19 07:00,0.999444,1,3,4,4,7,11,302,325,627,14,49,63,42.5,10.85,17.38,34.45,19.14,10.05,5.26,1.59,1.28
9000008121,2025-05-19 08:00,0.999167,1,1,2,5,8,13,364,308,672,40,50,90,42.0,8.94,15.65,34.13,24.14,11.03,5.37,0.75,0.15
9000008121,2025-05-19 09:00,0.999444,1,1,2,4,8,12,305,252,557,23,39,62,42.0,10.59,17.06,34.29,20.29,10.23,5.21,1.8,0.54
9000008121,2025-05-19 10:00,0.999444,2,1,3,1,3,4,269,191,460,25,35,60,44.0,14.57,14.78,28.04,21.74,13.48,4.78,1.3,1.3
9000008121,2025-05-19 11:00,0.999722,3,8,11,4,8,12,286,236,522,27,50,77,43.5,16.48,13.41,29.31,21.46,12.64,4.02,1.53,1.15
9000008121,2025-05-19 12:00,0.999444,1,5,6,3,7,10,292,229,521,19,47,66,43.5,12.86,17.08,29.17,21.5,9.98,5.57,1.92,1.92
9000008121,2025-05-19 13:00,0.999444,1,2,3,1,7,8,312,252,564,22,37,59,45.0,12.06,15.07,30.85,20.57,11.7,4.43,3.01,2.3
9000008121,2025-05-19 14:00,0.999722,5,18,23,7,17,24,373,261,634,30,31,61,47.0,9.46,12.93,33.44,20.82,12.15,7.57,2.21,1.42
9000008121,2025-05-19 15:00,0.999167,9,10,19,6,15,21,480,339,819,28,47,75,44.0,9.17,16.75,29.83,23.47,11.37,4.77,2.57,2.2
9000008121,2025-05-19 16:00,0.999167,0,5,5,5,12,17,445,316,761,35,57,92,44.5,9.08,18.42,29.47,20.92,11.45,6.45,2.37,1.97
9000008121,2025-05-19 17:00,0.999444,1,8,9,9,14,23,365,259,624,22,25,47,44.5,9.94,18.43,30.29,19.71,11.22,6.57,2.4,1.44
9000008121,2025-05-19 18:00,0.999444,1,5,6,2,20,22,300,280,580,12,28,40,45.0,12.07,19.66,25.34,22.24,9.14,6.9,1.9,2.76
9000008121,2025-05-19 19:00,0.999722,4,12,16,3,5,8,162,189,351,10,16,26,43.0,16.81,19.09,26.21,19.09,9.4,3.7,3.13,2.56
9000008121,2025-05-19 20:00,0.999444,1,2,3,6,3,9,139,146,285,6,11,17,43.0,24.91,12.98,27.37,16.84,8.77,5.96,1.75,1.4
9000008121,2025-05-19 21:00,0.999722,0,0,0,0,0,0,11,4,15,0,0,0,35.0,13.33,6.67,33.33,33.33,13.33,0.0,0.0,0.0
9000008121,2025-05-19 22:00,0.999167,0,0,0,0,0,0,0,0,0,0,0,0,,0.0,0.0,0.0,0.0,0.0,0.0,0.0,0.0
9000008121,2025-05-19 23:00,0.995,0,0,0,0,0,0,0,0,0,0,0,0,,0.0,0.0,0.0,0.0,0.0,0.0,0.0,0.0
9000008121,2025-05-20 00:00,0.9875,0,0,0,0,0,0,0,0,0,0,0,0,,0.0,0.0,0.0,0.0,0.0,0.0,0.0,0.0
9000008121,2025-05-20 01:00,0.986944,0,0,0,0,0,0,0,0,0,0,0,0,,0.0,0.0,0.0,0.0,0.0,0.0,0.0,0.0
9000008121,2025-05-20 02:00,0.999444,0,0,0,0,0,0,0,0,0,0,0,0,,0.0,0.0,0.0,0.0,0.0,0.0,0.0,0.0
9000008121,2025-05-20 04:00,0.5,0,0,0,0,0,0,4,2,6,0,0,0,43.0,0.0,33.33,33.33,0.0,33.33,0.0,0.0,0.0
9000008121,2025-05-20 05:00,0.749444,0,0,0,1,0,1,53,51,104,9,11,20,47.0,24.36,12.82,21.79,16.67,11.54,3.85,2.56,6.41
9000008121,2025-05-20 06:00,0.749722,0,3,3,3,4,7,132,99,231,25,25,51,46.0,18.5,8.67,27.17,21.97,14.45,3.47,4.62,1.16
9000008121,2025-05-20 07:00,0.999167,6,20,26,4,25,29,273,333,606,31,62,93,40.0,15.21,17.69,35.04,17.02,8.76,3.14,1.65,1.65
9000008121,2025-05-20 08:00,0.999444,12,11,23,9,22,31,314,262,576,30,69,99,42.0,21.01,12.15,29.86,19.62,9.38,3.12,2.43,2.43
9000008121,2025-05-20 09:00,0.999444,6,11,17,5,8,13,288,215,503,31,66,97,42.5,13.52,11.73,33.4,22.27,12.33,2.98,2.19,1.59
9000008121,2025-05-20 10:00,0.999722,0,1,1,4,2,6,304,237,541,43,47,90,37.5,23.66,17.56,26.8,21.26,7.39,1.66,0.37,1.29
9000008121,2025-05-20 11:00,0.999167,11,3,14,3,5,8,232,230,462,63,98,161,39.0,14.07,17.97,32.68,21.86,9.09,2.6,0.87,0.87
9000008121,2025-05-20 12:00,0.999444,3,6,9,3,19,22,245,230,475,50,99,149,42.0,11.37,17.05,33.05,21.47,9.05,3.79,2.95,1.26
9000008121,2025-05-20 13:00,0.999444,2,10,12,2,22,24,275,201,476,49,80,129,44.0,12.39,15.76,33.61,17.86,12.61,3.99,1.68,2.1
9000008121,2025-05-20 14:00,0.999444,0,2,2,6,3,9,338,227,565,58,66,124,43.0,10.09,11.33,30.27,28.5,12.57,4.78,1.59,0.88
9000008121,2025-05-20 15:00,0.999167,6,6,12,9,5,14,453,264,717,54,75,129,43.5,11.59,7.4,29.19,31.15,11.87,4.89,2.37,1.68
9000008121,2025-05-20 16:00,0.999444,3,7,10,8,18,26,423,308,731,27,57,84,43.0,13.95,7.11,33.11,26.27,11.35,5.06,1.23,1.92
9000008121,2025-05-20 17:00,0.999444,11,20,31,11,28,39,361,282,643,29,62,91,43.5,16.49,12.29,28.3,24.26,11.51,4.98,0.93,1.24
9000008121,2025-05-20 18:00,0.999167,6,21,27,13,45,58,312,243,555,29,46,75,43.0,8.65,15.86,32.97,22.7,13.33,4.5,1.08,0.9
9000008121,2025-05-20 19:00,0.999167,6,6,12,14,22,36,221,211,432,11,18,29,37.0,8.56,18.29,43.29,21.3,6.71,0.93,0.69,0.23
9000008121,2025-05-20 20:00,0.999444,1,2,3,4,18,22,138,136,274,7,13,20,44.5,8.76,11.68,37.23,22.26,10.22,5.84,2.19,1.82
9000008121,2025-05-20 21:00,0.999444,0,0,0,0,2,2,17,15,32,1,2,3,46.0,0.0,12.5,46.88,21.88,6.25,6.25,0.0,6.25
9000008121,2025-05-20 22:00,0.999444,0,0,0,0,0,0,0,0,0,0,0,0,,0.0,0.0,0.0,0.0,0.0,0.0,0.0,0.0
9000008121,2025-05-20 23:00,0.999722,0,0,0,0,0,0,0,0,0,0,0,0,,0.0,0.0,0.0,0.0,0.0,0.0,0.0,0.0
9000008121,2025-05-21 00:00,0.749722,0,0,0,0,0,0,0,0,0,0,0,0,,0.0,0.0,0.0,0.0,0.0,0.0,0.0,0.0
9000008121,2025-05-21 01:00,0.25,0,0,0,0,0,0,0,0,0,0,0,0,,0.0,0.0,0.0,0.0,0.0,0.0,0.0,0.0
9000008121,2025-05-21 02:00,0.999722,0,0,0,0,0,0,0,0,0,0,0,0,,0.0,0.0,0.0,0.0,0.0,0.0,0.0,0.0
9000008121,2025-05-21 03:00,0.75,0,0,0,0,0,0,0,0,0,0,0,0,,0.0,0.0,0.0,0.0,0.0,0.0,0.0,0.0
9000008121,2025-05-21 05:00,0.749444,0,0,0,4,5,9,55,40,95,4,11,15,48.5,29.58,8.45,21.13,18.31,9.86,8.45,2.82,1.41
9000008121,2025-05-21 06:00,0.999444,0,1,1,1,5,6,114,112,226,17,34,51,43.0,24.78,8.41,30.97,16.81,9.73,3.98,3.1,2.21
9000008121,2025-05-21 07:00,0.999444,5,18,23,8,8,16,271,291,562,33,52,85,38.5,22.6,13.52,31.32,19.93,7.83,3.2,0.89,0.71
9000008121,2025-05-21 08:00,0.999444,4,11,15,10,18,28,307,221,528,42,55,97,41.0,24.05,9.28,28.6,21.97,11.55,2.84,0.57,1.14
9000008121,2025-05-21 09:00,0.999444,1,2,3,2,10,12,305,251,556,41,73,114,42.5,21.76,8.99,28.06,21.94,12.59,3.6,1.8,1.26
9000008121,2025-05-21 10:00,0.999444,1,1,2,3,1,4,319,222,541,47,37,84,39.0,26.8,13.31,28.1,19.04,8.69,2.96,0.55,0.55
9000008121,2025-05-21 11:00,0.999167,4,4,8,3,3,6,254,215,469,59,66,125,39.0,11.09,16.63,32.62,26.65,8.32,2.99,1.07,0.64
9000008121,2025-05-21 12:00,0.999444,1,1,2,1,9,10,195,215,410,23,78,101,42.5,10.24,11.95,38.54,20.49,10.98,4.39,1.46,1.95
9000008121,2025-05-21 13:00,0.999444,5,4,9,7,7,14,230,229,459,96,134,230,39.0,23.09,17.43,26.58,19.83,10.02,2.18,0.87,0.0
9000008121,2025-05-21 14:00,0.999444,5,16,21,4,25,29,379,262,641,81,125,206,46.5,10.45,13.26,23.87,26.05,16.22,5.77,2.65,1.72
9000008121,2025-05-21 15:00,0.999444,8,10,18,20,25,45,649,355,1004,69,100,169,46.0,8.08,17.65,26.02,25.02,13.36,6.18,2.39,1.4
9000008121,2025-05-21 16:00,0.999167,1,7,8,6,4,10,369,315,684,24,61,85,40.5,10.54,10.4,36.02,27.38,9.52,3.22,1.76,1.32
9000008121,2025-05-21 17:00,0.999444,5,26,31,8,36,44,347,280,627,34,62,96,41.5,5.74,15.63,35.09,26.95,10.85,3.35,1.59,0.8
9000008121,2025-05-21 18:00,0.999444,7,31,38,16,50,66,326,274,600,22,36,58,43.0,1.5,19.17,34.67,24.33,12.5,6.0,1.17,0.67
9000008121,2025-05-21 19:00,0.999722,9,37,46,12,41,53,210,195,405,11,18,29,42.5,3.7,23.7,33.09,21.48,9.88,4.44,2.22,1.48
9000008121,2025-05-21 20:00,0.999444,8,8,16,1,22,23,161,140,301,8,6,14,46.5,11.3,20.6,28.57,17.61,9.97,6.64,2.33,2.99
9000008121,2025-05-21 21:00,0.999722,0,3,3,0,4,4,21,27,48,1,1,2,35.5,14.58,4.17,52.08,25.0,2.08,2.08,0.0,0.0
9000008121,2025-05-21 22:00,0.999167,0,0,0,0,0,0,0,0,0,0,0,0,,0.0,0.0,0.0,0.0,0.0,0.0,0.0,0.0
9000008121,2025-05-21 23:00,0.999444,0,0,0,0,0,0,1,0,1,0,0,0,24.0,0.0,0.0,100.0,0.0,0.0,0.0,0.0,0.0
9000008121,2025-05-22 00:00,1.0,0,0,0,0,0,0,0,0,0,0,0,0,,0.0,0.0,0.0,0.0,0.0,0.0,0.0,0.0
9000008121,2025-05-22 01:00,0.989444,0,0,0,0,0,0,0,0,0,0,0,0,,0.0,0.0,0.0,0.0,0.0,0.0,0.0,0.0
9000008121,2025-05-22 02:00,0.999167,0,0,0,0,0,0,0,0,0,0,0,0,,0.0,0.0,0.0,0.0,0.0,0.0,0.0,0.0
9000008121,2025-05-22 03:00,0.977222,0,0,0,0,0,0,0,0,0,0,0,0,,0.0,0.0,0.0,0.0,0.0,0.0,0.0,0.0
9000008121,2025-05-22 04:00,0.992778,0,0,0,0,0,0,1,0,1,0,0,0,14.0,0.0,100.0,0.0,0.0,0.0,0.0,0.0,0.0
9000008121,2025-05-22 05:00,0.999444,0,1,1,2,7,9,49,43,92,6,11,17,46.5,7.61,17.39,31.52,21.74,9.78,6.52,3.26,2.17
9000008121,2025-05-22 06:00,0.999444,5,4,9,1,7,8,120,105,225,16,39,55,51.0,7.11,25.33,27.56,15.56,8.0,9.33,5.78,1.33
9000008121,2025-05-22 07:00,0.999167,23,47,70,7,13,20,259,293,552,30,52,82,40.0,14.31,27.9,27.9,15.04,7.61,2.9,2.17,2.17
9000008121,2025-05-22 08:00,0.999444,25,29,54,7,18,25,363,316,679,34,71,105,42.0,9.28,22.53,34.32,16.79,9.43,3.24,2.06,2.36
9000008121,2025-05-22 09:00,0.999444,2,5,7,2,21,23,258,274,532,31,93,124,41.5,15.23,22.93,26.69,18.05,11.84,3.57,0.94,0.75
9000008121,2025-05-22 10:00,0.999444,4,11,15,3,12,15,294,215,509,47,53,100,43.5,8.64,23.18,26.92,21.02,11.0,4.72,3.14,1.38
9000008121,2025-05-22 11:00,0.999444,9,8,17,3,9,12,249,218,467,29,68,97,42.5,12.85,17.77,30.41,21.2,8.99,4.07,2.57,2.14
9000008121,2025-05-22 12:00,0.999444,3,4,7,9,17,26,294,219,513,48,55,103,45.0,5.46,12.28,42.69,20.27,10.33,4.48,2.92,1.56
9000008121,2025-05-22 13:00,0.999444,16,17,33,4,15,19,302,274,576,38,64,102,44.5,9.2,20.66,31.42,18.23,10.42,6.25,2.08,1.74
9000008121,2025-05-22 14:00,0.999444,2,16,18,8,21,29,343,272,615,67,85,152,46.0,10.24,14.96,26.99,24.23,13.66,6.34,1.79,1.79
9000008121,2025-05-22 15:00,0.999167,4,10,14,8,24,32,437,306,743,61,95,156,46.0,15.77,11.05,26.55,22.78,13.61,4.85,2.43,3.1
9000008121,2025-05-22 16:00,0.999444,8,15,23,9,28,37,405,324,729,40,105,145,44.0,13.03,16.19,30.59,20.3,10.43,5.08,2.47,1.92
9000008121,2025-05-22 17:00,0.999444,14,33,47,11,30,41,362,285,647,31,53,84,45.0,11.28,16.23,31.84,17.62,14.84,4.95,1.85,1.39
9000008121,2025-05-22 18:00,0.999444,12,43,55,7,43,50,303,296,599,30,48,78,41.5,8.01,22.7,33.06,19.37,9.68,4.17,1.67,1.34
9000008121,2025-05-22 19:00,0.999167,11,49,60,5,35,40,199,198,397,13,21,34,45.0,14.36,20.4,28.72,15.87,12.09,6.3,1.51,0.76
9000008121,2025-05-22 20:00,0.999444,0,12,12,2,8,10,128,146,274,14,9,23,45.0,16.79,18.61,31.39,13.14,12.04,5.47,0.73,1.82
9000008121,2025-05-22 21:00,0.993889,0,0,0,0,3,3,25,28,53,1,1,2,45.0,11.32,13.21,39.62,11.32,18.87,5.66,0.0,0.0
9000008121,2025-05-22 22:00,0.999167,0,0,0,0,0,0,0,0,0,0,0,0,,0.0,0.0,0.0,0.0,0.0,0.0,0.0,0.0
9000008121,2025-05-22 23:00,0.999167,0,0,0,0,0,0,0,0,0,0,0,0,,0.0,0.0,0.0,0.0,0.0,0.0,0.0,0.0
9000008121,2025-05-23 00:00,0.988056,0,0,0,0,0,0,0,0,0,0,0,0,,0.0,0.0,0.0,0.0,0.0,0.0,0.0,0.0
9000008121,2025-05-23 01:00,0.999167,0,0,0,0,0,0,0,0,0,0,0,0,,0.0,0.0,0.0,0.0,0.0,0.0,0.0,0.0
9000008121,2025-05-23 02:00,0.9825,0,0,0,0,0,0,0,0,0,0,0,0,,0.0,0.0,0.0,0.0,0.0,0.0,0.0,0.0
9000008121,2025-05-23 03:00,0.970833,0,0,0,0,0,0,0,0,0,0,0,0,,0.0,0.0,0.0,0.0,0.0,0.0,0.0,0.0
9000008121,2025-05-23 04:00,0.995833,0,0,0,0,0,0,4,0,4,0,0,0,42.0,0.0,0.0,25.0,50.0,25.0,0.0,0.0,0.0
9000008121,2025-05-23 05:00,0.999444,1,2,3,4,5,9,38,54,92,9,11,20,45.0,32.61,16.3,22.83,11.96,5.43,5.43,4.35,1.09
9000008121,2025-05-23 06:00,0.999167,0,6,6,0,2,2,108,103,211,12,31,43,48.0,28.44,10.9,22.27,14.69,10.9,6.16,5.69,0.95
9000008121,2025-05-23 07:00,0.999444,12,37,49,3,11,14,236,299,535,31,72,103,38.5,18.88,18.32,33.46,16.07,7.29,3.74,1.68,0.56
9000008121,2025-05-23 08:00,0.999444,13,16,29,5,13,18,283,281,564,25,43,68,39.5,9.22,21.28,39.01,15.78,7.62,3.19,1.95,1.95
9000008121,2025-05-23 09:00,0.999167,4,5,9,6,13,19,266,226,492,39,51,90,43.0,15.65,17.28,30.69,16.67,11.18,5.89,1.42,1.22
9000008121,2025-05-23 10:00,0.999444,1,7,8,11,16,27,285,263,548,34,48,82,40.0,12.04,14.78,35.58,22.63,7.85,4.38,1.64,1.09
9000008121,2025-05-23 11:00,0.749722,1,9,11,3,11,13,283,239,521,35,45,80,39.5,15.6,15.86,32.74,21.99,9.21,4.09,0.51,0.0
9000008121,2025-05-23 12:00,0.749444,7,9,16,4,7,11,252,205,457,31,55,85,42.5,12.83,14.87,33.53,20.12,9.91,5.25,2.62,0.87
9000008121,2025-05-23 13:00,0.999444,13,26,39,3,17,20,341,246,587,35,68,103,44.0,10.73,16.52,30.66,21.12,12.1,4.94,2.21,1.7
9000008121,2025-05-23 14:00,0.999722,8,10,18,6,11,17,401,260,661,36,84,120,44.0,7.11,12.56,33.43,25.57,12.71,5.14,2.42,1.06
9000008121,2025-05-23 15:00,0.999444,4,13,17,7,18,25,395,301,696,44,46,90,42.5,12.07,18.1,35.63,16.67,10.63,3.02,2.59,1.29
9000008121,2025-05-23 16:00,0.999167,8,19,27,10,19,29,319,308,627,22,41,63,44.5,16.93,16.29,25.08,21.25,9.27,6.71,3.19,1.44
9000008121,2025-05-23 17:00,0.999444,5,11,16,1,17,18,320,273,593,14,24,38,44.5,13.83,19.06,26.48,20.91,10.29,3.37,4.05,2.02
9000008121,2025-05-23 18:00,0.999444,8,8,16,1,14,15,257,235,492,22,28,50,43.5,3.66,16.67,34.55,26.42,9.55,5.69,2.24,1.22
9000008121,2025-05-23 19:00,0.999444,6,8,14,8,25,33,205,182,387,11,14,25,41.5,8.27,11.11,41.6,21.96,10.08,4.13,1.29,1.55
9000008121,2025-05-23 20:00,0.999167,4,10,14,3,6,9,131,133,264,15,9,24,43.5,21.59,12.5,28.79,17.8,9.09,4.17,2.27,3.79
9000008121,2025-05-23 21:00,0.999444,0,0,0,1,1,2,25,19,44,0,2,2,50.5,11.36,6.82,38.64,22.73,4.55,6.82,2.27,6.82
9000008121,2025-05-23 22:00,0.999444,0,0,0,0,0,0,0,0,0,0,0,0,,0.0,0.0,0.0,0.0,0.0,0.0,0.0,0.0
9000008121,2025-05-23 23:00,0.999167,0,0,0,0,0,0,0,0,0,0,0,0,,0.0,0.0,0.0,0.0,0.0,0.0,0.0,0.0
9000008121,2025-05-24 00:00,0.999444,0,0,0,0,0,0,0,0,0,0,0,0,,0.0,0.0,0.0,0.0,0.0,0.0,0.0,0.0
9000008121,2025-05-24 01:00,1.0,0,0,0,0,0,0,0,0,0,0,0,0,,0.0,0.0,0.0,0.0,0.0,0.0,0.0,0.0
9000008121,2025-05-24 02:00,0.962778,0,0,0,0,0,0,0,0,0,0,0,0,,0.0,0.0,0.0,0.0,0.0,0.0,0.0,0.0
9000008121,2025-05-24 03:00,0.979444,0,0,0,0,0,0,0,0,0,0,0,0,,0.0,0.0,0.0,0.0,0.0,0.0,0.0,0.0
9000008121,2025-05-24 04:00,0.9875,0,0,0,0,0,0,0,1,1,0,0,0,34.0,0.0,0.0,0.0,100.0,0.0,0.0,0.0,0.0
9000008121,2025-05-24 05:00,0.999722,1,0,1,0,0,0,16,17,33,2,3,5,45.0,30.3,9.09,18.18,21.21,12.12,6.06,3.03,0.0
9000008121,2025-05-24 06:00,0.999444,2,1,3,0,0,0,27,37,64,6,11,17,46.5,28.12,17.19,17.19,15.62,10.94,1.56,3.12,6.25
9000008121,2025-05-24 07:00,0.999722,3,0,3,0,1,1,53,47,100,9,16,25,49.0,18.0,18.0,18.0,14.0,19.0,6.0,2.0,5.0
9000008121,2025-05-24 08:00,0.999444,4,9,13,3,3,6,111,86,197,8,14,22,42.0,24.87,9.14,27.41,21.32,8.12,3.55,3.55,2.03
9000008121,2025-05-24 09:00,0.999444,5,11,16,9,7,16,213,130,343,9,20,29,39.0,15.16,11.08,37.61,23.32,8.45,3.21,0.87,0.29
9000008121,2025-05-24 10:00,0.999722,7,5,12,26,8,34,235,175,410,18,31,49,37.0,16.34,16.1,35.12,21.95,8.54,1.46,0.24,0.24
9000008121,2025-05-24 11:00,0.999444,6,13,19,15,16,31,268,195,463,27,23,50,36.5,11.66,16.2,39.74,24.19,6.7,1.3,0.22,0.0
9000008121,2025-05-24 12:00,0.999444,14,19,33,12,18,30,257,251,508,21,29,50,35.0,14.96,16.93,37.8,22.83,5.71,1.38,0.2,0.2
9000008121,2025-05-24 13:00,0.999444,6,13,19,4,7,11,248,254,502,43,99,142,39.0,16.33,15.34,33.86,21.12,8.37,3.39,1.0,0.6
9000008121,2025-05-24 14:00,0.999167,5,8,13,3,16,19,270,204,474,35,68,103,44.5,13.92,10.13,27.22,26.37,14.35,5.06,1.9,1.05
9000008121,2025-05-24 15:00,0.999444,4,9,13,7,19,26,217,231,448,18,39,57,43.0,18.08,10.94,28.12,24.33,10.27,6.7,0.67,0.89
9000008121,2025-05-24 16:00,0.999444,2,11,13,4,13,17,261,243,504,12,69,81,44.5,27.38,10.52,22.22,19.84,9.52,4.76,2.78,2.98
9000008121,2025-05-24 17:00,0.999444,1,24,25,2,11,13,224,201,425,19,75,94,44.5,10.82,18.35,27.06,22.35,12.0,7.76,0.94,0.71
9000008121,2025-05-24 18:00,0.999444,1,19,20,3,23,26,214,196,410,16,47,63,47.5,4.39,21.46,24.88,23.66,14.15,6.83,3.41,1.22
9000008121,2025-05-24 19:00,0.999444,3,12,15,3,11,14,151,177,328,12,28,40,43.5,10.67,20.43,30.18,17.68,11.89,3.96,3.35,1.83
9000008121,2025-05-24 20:00,0.999444,1,6,7,2,9,11,127,122,249,3,7,10,43.5,9.24,21.29,31.33,18.07,12.85,4.02,2.01,1.2
9000008121,2025-05-24 21:00,0.999722,0,0,0,1,1,2,16,16,32,2,1,3,40.5,15.62,12.5,31.25,25.0,6.25,0.0,6.25,3.12
9000008121,2025-05-24 22:00,0.999167,0,0,0,0,0,0,0,0,0,0,0,0,,0.0,0.0,0.0,0.0,0.0,0.0,0.0,0.0
9000008121,2025-05-24 23:00,0.999167,0,0,0,0,0,0,0,0,0,0,0,0,,0.0,0.0,0.0,0.0,0.0,0.0,0.0,0.0
9000008121,2025-05-25 00:00,0.999444,0,0,0,0,0,0,0,0,0,0,0,0,,0.0,0.0,0.0,0.0,0.0,0.0,0.0,0.0
9000008121,2025-05-25 01:00,0.999167,0,0,0,0,0,0,0,0,0,0,0,0,,0.0,0.0,0.0,0.0,0.0,0.0,0.0,0.0
9000008121,2025-05-25 02:00,0.999167,0,0,0,0,0,0,0,0,0,0,0,0,,0.0,0.0,0.0,0.0,0.0,0.0,0.0,0.0
9000008121,2025-05-25 03:00,0.999444,0,0,0,0,0,0,0,0,0,0,0,0,,0.0,0.0,0.0,0.0,0.0,0.0,0.0,0.0
9000008121,2025-05-25 04:00,0.999167,0,0,0,0,0,0,1,0,1,0,0,0,29.0,0.0,0.0,100.0,0.0,0.0,0.0,0.0,0.0
9000008121,2025-05-25 05:00,0.999444,1,0,1,0,1,1,15,18,33,0,1,1,37.5,21.21,6.06,48.48,12.12,6.06,3.03,3.03,0.0
9000008121,2025-05-25 06:00,0.999167,0,0,0,1,1,2,31,26,57,1,1,2,53.5,7.02,17.54,22.81,22.81,7.02,12.28,8.77,1.75
9000008121,2025-05-25 07:00,0.999444,1,1,2,0,1,1,39,51,90,6,4,10,44.0,12.22,22.22,28.89,18.89,7.78,5.56,3.33,1.11
9000008121,2025-05-25 08:00,0.999722,1,4,5,0,1,1,74,61,135,7,7,14,49.0,5.19,22.96,23.7,25.93,8.15,8.15,4.44,1.48
9000008121,2025-05-25 09:00,0.999167,4,3,7,2,6,8,134,95,229,4,8,12,48.0,6.55,23.14,20.52,22.71,14.85,6.99,2.62,2.62
9000008121,2025-05-25 10:00,0.999444,2,3,5,3,12,15,152,105,257,6,10,16,48.0,11.28,16.73,25.29,20.62,13.23,6.23,3.5,3.11
9000008121,2025-05-25 11:00,0.999444,6,4,10,1,12,13,212,150,362,10,14,24,48.0,7.73,19.34,25.97,21.27,12.71,6.08,4.42,2.49
9000008121,2025-05-25 12:00,0.999444,4,7,11,0,9,9,202,155,357,9,10,19,49.0,7.28,22.69,26.05,17.93,12.04,6.16,5.32,2.52
9000008121,2025-05-25 13:00,0.999444,3,7,10,2,8,10,204,198,402,6,21,27,45.0,8.21,18.41,31.59,19.4,12.94,5.72,1.74,1.99
9000008121,2025-05-25 14:00,0.999167,2,8,10,6,13,19,232,169,401,6,20,26,43.0,6.48,13.47,31.67,28.18,14.96,3.24,1.5,0.5
9000008121,2025-05-25 15:00,0.999444,11,9,20,2,4,6,217,196,413,6,20,26,43.5,3.63,16.46,37.29,22.52,14.29,4.12,0.48,1.21
9000008121,2025-05-25 16:00,0.999444,3,2,5,2,13,15,218,174,392,4,17,21,44.5,2.55,16.33,30.1,26.02,16.07,5.36,2.04,1.53
9000008121,2025-05-25 17:00,0.999444,2,2,4,6,6,12,204,189,393,5,21,26,45.0,2.8,17.56,32.57,22.14,15.78,5.85,2.29,1.02
9000008121,2025-05-25 18:00,0.999444,0,0,0,4,7,11,179,137,316,10,11,21,42.5,3.8,15.19,32.91,27.85,15.19,3.16,1.58,0.32
9000008121,2025-05-25 19:00,0.999167,2,4,6,2,4,6,138,109,247,3,9,12,44.0,3.64,15.79,31.17,27.94,12.15,6.48,0.81,2.02
9000008121,2025-05-25 20:00,0.999722,1,0,1,1,7,8,86,105,191,8,6,14,42.5,3.14,19.9,31.41,26.7,13.09,3.14,1.57,1.05
9000008121,2025-05-25 21:00,0.999722,0,0,0,0,1,1,19,11,30,0,0,0,41.5,3.33,16.67,36.67,26.67,6.67,6.67,3.33,0.0
9000008121,2025-05-25 22:00,0.999722,0,0,0,0,0,0,0,0,0,0,0,0,,0.0,0.0,0.0,0.0,0.0,0.0,0.0,0.0
9000008121,2025-05-25 23:00,0.999167,0,0,0,0,0,0,0,0,0,0,0,0,,0.0,0.0,0.0,0.0,0.0,0.0,0.0,0.0
9000008121,2025-05-26 00:00,0.999444,0,0,0,0,0,0,0,0,0,0,0,0,,0.0,0.0,0.0,0.0,0.0,0.0,0.0,0.0
9000008121,2025-05-26 01:00,0.999444,0,0,0,0,0,0,0,0,0,0,0,0,,0.0,0.0,0.0,0.0,0.0,0.0,0.0,0.0
9000008121,2025-05-26 02:00,1.0,0,0,0,0,0,0,0,0,0,0,0,0,,0.0,0.0,0.0,0.0,0.0,0.0,0.0,0.0
9000008121,2025-05-26 03:00,0.999444,0,0,0,0,0,0,0,0,0,0,0,0,,0.0,0.0,0.0,0.0,0.0,0.0,0.0,0.0
9000008121,2025-05-26 04:00,0.999444,0,0,0,0,0,0,3,2,5,0,1,1,36.0,0.0,20.0,60.0,20.0,0.0,0.0,0.0,0.0
9000008121,2025-05-26 05:00,0.999167,0,0,0,4,3,7,61,36,97,7,7,14,47.5,7.22,21.65,28.87,17.53,13.4,4.12,4.12,3.09
9000008121,2025-05-26 06:00,0.999444,1,1,2,1,3,4,124,102,226,17,26,43,43.5,5.75,12.83,35.4,26.55,10.18,5.75,2.21,1.33
9000008121,2025-05-26 07:00,0.999167,1,5,6,2,4,6,277,307,584,26,57,83,41.5,5.65,20.38,36.64,20.55,9.42,4.62,1.37,1.37
9000008121,2025-05-26 08:00,0.999444,1,3,4,9,8,17,309,298,607,35,70,105,43.0,7.25,19.28,33.11,21.58,10.38,4.94,2.97,0.49
9000008121,2025-05-26 09:00,0.999444,6,9,15,2,6,8,273,228,501,28,50,78,42.5,3.99,15.97,35.13,26.35,12.77,3.99,1.2,0.6
9000008121,2025-05-26 10:00,0.999444,1,2,3,4,8,12,337,258,595,33,43,76,41.5,12.61,17.31,30.92,22.35,10.76,3.87,0.34,1.85
9000008121,2025-05-26 11:00,0.999167,6,6,12,5,8,13,283,255,538,49,55,104,39.5,8.92,20.26,33.27,23.23,9.67,3.35,0.93,0.37
9000008121,2025-05-26 12:00,0.999722,7,7,14,10,13,23,273,278,551,26,119,145,41.5,20.87,15.97,28.13,18.51,8.71,5.26,1.09,1.45
9000008121,2025-05-26 13:00,0.999444,7,9,16,1,8,9,263,285,548,85,133,218,40.0,20.07,18.8,27.01,19.53,9.12,3.47,1.28,0.73
9000008121,2025-05-26 14:00,0.999167,4,6,10,6,12,18,357,264,621,39,47,86,46.0,16.77,12.42,22.74,23.71,14.19,5.97,2.9,1.45
9000008121,2025-05-26 15:00,0.999444,2,21,23,10,26,36,456,323,779,52,52,104,45.5,10.01,16.43,29.14,21.82,12.32,6.42,2.18,1.67
9000008121,2025-05-26 16:00,0.999444,1,11,12,3,5,8,345,272,617,31,87,118,45.5,11.18,11.51,30.63,24.96,10.37,7.46,2.27,1.62
9000008121,2025-05-26 17:00,0.999444,2,13,15,12,26,38,361,215,576,15,34,49,47.0,9.72,15.62,24.31,21.53,18.06,5.38,4.17,1.22
9000008121,2025-05-26 18:00,1.0,6,6,12,3,20,23,336,257,593,14,20,34,44.0,13.15,21.59,24.28,20.4,12.65,4.89,1.69,1.35
9000008121,2025-05-26 19:00,0.999722,5,10,15,2,26,28,205,173,378,8,18,26,47.5,13.76,20.9,24.6,17.2,11.64,5.56,3.7,2.65
9000008121,2025-05-26 20:00,0.999167,1,6,7,3,8,11,121,125,246,6,8,14,44.0,12.2,21.95,23.98,21.54,11.38,5.28,2.44,1.22
9000008121,2025-05-26 21:00,0.999444,0,0,0,1,2,3,20,25,45,3,1,4,33.5,17.78,17.78,37.78,22.22,4.44,0.0,0.0,0.0
9000008121,2025-05-26 22:00,0.999722,0,0,0,0,0,0,0,1,1,0,0,0,79.0,0.0,0.0,0.0,0.0,0.0,0.0,0.0,100.0
9000008121,2025-05-26 23:00,0.999722,0,0,0,0,0,0,0,0,0,0,0,0,,0.0,0.0,0.0,0.0,0.0,0.0,0.0,0.0
9000008121,2025-05-27 00:00,0.999167,0,0,0,0,0,0,0,0,0,0,0,0,,0.0,0.0,0.0,0.0,0.0,0.0,0.0,0.0
9000008121,2025-05-27 01:00,0.999444,0,0,0,0,0,0,0,0,0,0,0,0,,0.0,0.0,0.0,0.0,0.0,0.0,0.0,0.0
9000008121,2025-05-27 02:00,0.983611,0,0,0,0,0,0,0,0,0,0,0,0,,0.0,0.0,0.0,0.0,0.0,0.0,0.0,0.0
9000008121,2025-05-27 03:00,0.999167,0,0,0,0,0,0,0,0,0,0,0,0,,0.0,0.0,0.0,0.0,0.0,0.0,0.0,0.0
9000008121,2025-05-27 04:00,0.999167,0,0,0,0,0,0,2,2,4,1,0,1,57.0,25.0,0.0,0.0,50.0,0.0,25.0,0.0,0.0
9000008121,2025-05-27 05:00,0.999167,0,0,0,2,2,4,54,39,93,10,9,19,50.0,16.13,18.28,20.43,17.2,12.9,7.53,3.23,4.3
9000008121,2025-05-27 06:00,0.999444,1,2,3,3,2,5,121,110,231,13,28,41,46.0,22.94,15.15,25.11,16.88,9.52,4.76,1.73,3.9
9000008121,2025-05-27 07:00,0.999722,8,21,29,8,21,29,290,328,618,30,50,80,40.0,16.83,23.62,26.21,18.61,8.25,3.4,0.97,2.1
9000008121,2025-05-27 08:00,0.999444,4,8,12,8,21,29,307,300,607,25,61,86,45.0,16.64,20.1,26.52,15.82,10.87,5.6,2.14,2.31
9000008121,2025-05-27 09:00,0.999444,6,8,14,3,19,22,272,234,506,31,63,94,43.0,12.45,22.92,25.69,19.96,9.49,4.55,2.96,1.98
9000008121,2025-05-27 10:00,0.999167,2,10,12,6,12,18,310,186,496,32,40,72,45.0,9.68,16.13,27.82,24.19,13.71,5.65,2.22,0.6
9000008121,2025-05-27 11:00,0.999444,9,15,24,4,18,22,289,227,516,33,53,86,40.0,9.69,18.41,32.36,24.61,11.24,1.36,1.36,0.97
9000008121,2025-05-27 12:00,0.999444,3,13,16,11,24,35,245,217,462,32,54,86,43.5,9.52,17.53,36.36,18.18,8.87,5.63,2.16,1.73
9000008121,2025-05-27 13:00,0.999444,7,9,16,9,18,27,289,230,519,27,60,87,45.0,11.18,17.73,29.09,19.08,15.03,5.01,2.12,0.77
9000008121,2025-05-27 14:00,0.999444,12,14,26,7,19,26,366,220,586,40,43,83,47.0,8.87,14.85,28.84,22.35,14.16,7.17,2.05,1.71
9000008121,2025-05-27 15:00,0.999167,13,21,34,6,47,53,457,321,778,37,38,75,44.5,4.25,18.02,36.16,21.49,10.94,6.31,1.8,1.16
9000008121,2025-05-27 16:00,0.999444,24,31,55,14,42,56,445,350,795,33,49,82,45.0,11.07,19.75,27.55,20.75,10.31,6.79,2.64,1.13
9000008121,2025-05-27 17:00,0.999444,9,30,39,11,25,36,361,297,658,18,33,51,44.0,15.05,16.87,27.81,18.69,11.55,5.17,2.43,2.43
9000008121,2025-05-27 18:00,0.999167,11,17,28,9,29,38,287,220,507,14,25,39,45.0,11.83,18.15,28.4,19.72,12.43,5.33,2.17,1.97
9000008121,2025-05-27 19:00,0.999444,5,7,12,5,15,20,208,211,419,9,16,25,43.0,19.33,18.14,26.97,15.99,10.98,3.82,3.1,1.67
9000008121,2025-05-27 20:00,0.999444,4,8,12,4,1,5,130,114,244,6,7,13,44.5,20.9,14.34,28.28,13.52,12.7,5.33,2.87,2.05
9000008121,2025-05-27 21:00,0.999444,0,0,0,0,1,1,5,10,15,0,0,0,38.5,33.33,0.0,40.0,13.33,6.67,0.0,0.0,6.67
9000008121,2025-05-27 22:00,0.999167,0,0,0,0,0,0,0,0,0,0,0,0,,0.0,0.0,0.0,0.0,0.0,0.0,0.0,0.0
9000008121,2025-05-27 23:00,0.999722,0,0,0,0,0,0,0,0,0,0,0,0,,0.0,0.0,0.0,0.0,0.0,0.0,0.0,0.0
9000008121,2025-05-28 00:00,1.0,0,0,0,0,0,0,0,0,0,0,0,0,,0.0,0.0,0.0,0.0,0.0,0.0,0.0,0.0
9000008121,2025-05-28 01:00,0.999722,0,0,0,0,0,0,0,0,0,0,0,0,,0.0,0.0,0.0,0.0,0.0,0.0,0.0,0.0
9000008121,2025-05-28 02:00,0.999722,0,0,0,0,0,0,0,0,0,0,0,0,,0.0,0.0,0.0,0.0,0.0,0.0,0.0,0.0
9000008121,2025-05-28 03:00,0.999444,0,0,0,0,0,0,0,0,0,0,0,0,,0.0,0.0,0.0,0.0,0.0,0.0,0.0,0.0
9000008121,2025-05-28 04:00,0.999722,0,0,0,0,0,0,0,0,0,0,0,0,,0.0,0.0,0.0,0.0,0.0,0.0,0.0,0.0
9000008121,2025-05-28 05:00,0.999444,0,0,0,2,1,3,43,36,79,5,10,15,46.0,16.46,17.72,26.58,16.46,13.92,2.53,6.33,0.0
9000008121,2025-05-28 06:00,0.999722,3,2,5,0,0,0,126,89,215,12,20,32,46.0,20.47,13.49,17.67,25.12,12.09,6.51,3.26,1.4
9000008121,2025-05-28 07:00,0.999444,2,6,8,2,16,18,301,290,591,24,67,91,39.5,16.07,19.97,28.43,20.98,8.8,2.88,1.02,1.86
9000008121,2025-05-28 08:00,0.999722,1,5,6,12,11,23,350,271,621,20,57,77,41.0,16.1,18.04,27.05,22.22,10.31,4.19,1.45,0.64
9000008121,2025-05-28 09:00,0.999167,2,0,2,1,6,7,261,219,480,21,53,74,41.0,17.08,12.08,29.79,24.38,11.04,2.92,1.25,1.46
9000008121,2025-05-28 10:00,0.999444,0,1,1,0,6,6,295,232,527,26,48,74,44.0,8.92,10.44,34.91,22.96,15.56,3.8,2.85,0.57
9000008121,2025-05-28 11:00,0.999722,1,2,3,3,5,8,297,255,552,25,55,80,42.0,9.78,13.95,35.33,23.37,9.6,4.53,2.17,1.27
9000008121,2025-05-28 12:00,0.999722,4,3,7,0,13,13,286,269,555,29,77,106,41.5,9.19,18.02,34.23,21.62,10.63,4.32,1.62,0.36
9000008121,2025-05-28 13:00,0.999167,8,7,15,5,10,15,325,263,588,29,63,92,42.0,10.88,14.97,32.31,23.98,11.56,4.42,1.36,0.51
9000008121,2025-05-28 14:00,0.999722,1,2,3,4,11,15,431,295,726,45,34,79,41.5,14.88,11.29,29.89,25.9,13.36,3.31,0.96,0.41
9000008121,2025-05-28 15:00,0.999444,15,15,30,4,19,23,664,340,1004,47,48,95,44.5,7.18,14.56,29.01,25.32,15.85,4.99,1.4,1.79
9000008121,2025-05-28 16:00,0.999722,4,8,12,4,12,16,451,337,788,34,60,94,46.0,5.46,10.53,36.8,23.22,13.83,6.47,2.16,1.52
9000008121,2025-05-28 17:00,0.999444,6,31,37,10,35,45,517,333,850,34,54,88,43.5,5.41,17.88,31.29,24.0,14.82,4.47,1.06,1.06
9000008121,2025-05-28 18:00,0.999167,5,21,26,11,22,33,347,283,630,12,24,36,42.5,7.15,24.32,28.78,21.14,10.97,4.93,2.54,0.32
9000008121,2025-05-28 19:00,0.999444,11,16,27,5,19,24,248,198,446,15,14,29,44.5,7.4,10.76,38.79,21.75,12.11,6.05,2.02,1.12
9000008121,2025-05-28 20:00,0.999722,4,22,26,3,5,8,177,152,329,7,7,14,42.5,13.07,16.11,30.09,21.88,10.64,5.17,1.22,1.82
9000008121,2025-05-28 21:00,0.999722,2,0,2,0,3,3,50,42,92,1,1,2,41.0,11.96,6.52,42.39,22.83,8.7,2.17,3.26,2.17
9000008121,2025-05-28 22:00,0.999722,0,0,0,0,0,0,0,0,0,0,0,0,,0.0,0.0,0.0,0.0,0.0,0.0,0.0,0.0
9000008121,2025-05-28 23:00,0.999722,0,0,0,0,0,0,0,0,0,0,0,0,,0.0,0.0,0.0,0.0,0.0,0.0,0.0,0.0
9000008121,2025-05-29 00:00,0.999444,0,0,0,0,0,0,0,0,0,0,0,0,,0.0,0.0,0.0,0.0,0.0,0.0,0.0,0.0
9000008121,2025-05-29 01:00,0.999167,0,0,0,0,0,0,0,0,0,0,0,0,,0.0,0.0,0.0,0.0,0.0,0.0,0.0,0.0
9000008121,2025-05-29 02:00,0.981667,0,0,0,0,0,0,0,0,0,0,0,0,,0.0,0.0,0.0,0.0,0.0,0.0,0.0,0.0
9000008121,2025-05-29 03:00,0.999167,0,0,0,0,0,0,0,0,0,0,0,0,,0.0,0.0,0.0,0.0,0.0,0.0,0.0,0.0
9000008121,2025-05-29 04:00,0.999167,0,0,0,0,0,0,4,0,4,1,0,1,62.0,0.0,25.0,0.0,25.0,25.0,0.0,25.0,0.0
9000008121,2025-05-29 05:00,0.999167,1,0,1,2,1,3,22,9,31,2,3,5,44.0,16.13,12.9,12.9,32.26,22.58,0.0,3.23,0.0
9000008121,2025-05-29 06:00,0.999444,1,1,2,0,1,1,24,20,44,1,2,3,44.5,22.73,20.45,11.36,20.45,13.64,4.55,4.55,2.27
9000008121,2025-05-29 07:00,0.999444,4,2,6,0,2,2,56,44,100,4,5,9,41.0,23.0,19.0,17.0,25.0,11.0,4.0,0.0,1.0
9000008121,2025-05-29 08:00,0.999167,6,1,7,1,3,4,64,60,124,4,5,9,46.0,25.0,15.32,15.32,20.97,14.52,5.65,2.42,0.81
9000008121,2025-05-29 09:00,0.999444,4,4,8,2,5,7,146,100,246,6,12,18,43.0,15.04,15.04,22.76,26.42,15.45,3.66,0.81,0.81
9000008121,2025-05-29 10:00,0.999444,1,8,9,2,8,10,176,117,293,10,12,22,43.0,20.48,16.04,21.5,22.87,13.65,3.75,0.68,1.02
9000008121,2025-05-29 11:00,0.999444,10,14,24,4,8,12,178,127,305,8,10,18,41.5,9.18,21.97,27.21,24.92,11.48,2.3,2.3,0.66
9000008121,2025-05-29 12:00,0.999722,2,11,13,2,13,15,194,127,321,8,15,23,45.0,20.56,17.76,19.94,20.56,10.9,6.85,3.12,0.31
9000008121,2025-05-29 13:00,0.999167,9,3,12,5,10,15,176,170,346,9,47,56,44.5,15.9,17.63,22.54,22.54,12.43,5.49,1.73,1.73
9000008121,2025-05-29 14:00,0.999444,10,16,26,9,16,25,193,167,360,20,18,38,46.0,10.83,16.67,30.0,20.0,13.33,6.67,1.94,0.56
9000008121,2025-05-29 15:00,0.999167,7,15,22,5,20,25,186,136,322,7,12,19,48.0,12.11,14.91,22.98,21.12,18.01,6.21,2.48,2.17
9000008121,2025-05-29 16:00,0.999444,8,18,26,2,27,29,153,140,293,7,28,35,44.5,11.26,16.72,24.91,22.87,16.72,4.1,1.71,1.71
9000008121,2025-05-29 17:00,0.999722,7,14,21,0,15,15,180,137,317,12,19,31,44.5,6.94,14.2,30.91,25.87,13.56,5.99,1.26,1.26
9000008121,2025-05-29 18:00,0.999444,4,29,33,3,22,25,176,152,328,6,9,15,49.0,2.74,25.0,27.44,19.51,11.28,7.62,3.05,3.35
9000008121,2025-05-29 19:00,0.999444,12,12,24,1,6,7,149,147,296,7,11,18,46.0,13.85,22.64,24.32,16.89,11.49,5.74,2.7,2.36
9000008121,2025-05-29 20:00,0.999444,3,5,8,1,17,18,102,106,208,3,5,8,46.0,7.69,20.19,26.92,22.12,12.98,5.77,1.92,2.4
9000008121,2025-05-29 21:00,0.999444,0,0,0,0,0,0,21,24,45,1,2,3,35.5,13.33,8.89,46.67,24.44,6.67,0.0,0.0,0.0
9000008121,2025-05-29 22:00,0.999167,0,0,0,0,0,0,0,0,0,0,0,0,,0.0,0.0,0.0,0.0,0.0,0.0,0.0,0.0
9000008121,2025-05-29 23:00,1.0,0,0,0,0,0,0,0,0,0,0,0,0,,0.0,0.0,0.0,0.0,0.0,0.0,0.0,0.0
9000008121,2025-05-30 00:00,0.999722,0,0,0,0,0,0,0,0,0,0,0,0,,0.0,0.0,0.0,0.0,0.0,0.0,0.0,0.0
9000008121,2025-05-30 01:00,0.999444,0,0,0,0,0,0,0,0,0,0,0,0,,0.0,0.0,0.0,0.0,0.0,0.0,0.0,0.0
9000008121,2025-05-30 02:00,0.986111,0,0,0,0,0,0,0,0,0,0,0,0,,0.0,0.0,0.0,0.0,0.0,0.0,0.0,0.0
9000008121,2025-05-30 03:00,0.999722,0,0,0,0,0,0,0,0,0,0,0,0,,0.0,0.0,0.0,0.0,0.0,0.0,0.0,0.0
9000008121,2025-05-30 04:00,0.995833,0,0,0,0,0,0,0,0,0,0,0,0,,0.0,0.0,0.0,0.0,0.0,0.0,0.0,0.0
9000008121,2025-05-30 05:00,0.999722,0,0,0,0,2,2,30,22,52,6,6,12,43.0,15.38,13.46,28.85,21.15,13.46,3.85,1.92,1.92
9000008121,2025-05-30 06:00,0.999444,0,0,0,1,1,2,73,54,127,12,28,40,47.0,13.39,18.9,24.41,18.11,14.17,6.3,2.36,2.36
9000008121,2025-05-30 07:00,0.999722,1,3,4,0,4,4,114,106,220,20,22,42,43.5,8.18,22.27,29.55,21.36,10.0,5.91,0.0,2.73
9000008121,2025-05-30 08:00,0.999444,4,9,13,6,6,12,187,132,319,22,40,62,45.0,6.9,16.61,33.86,20.69,12.85,5.96,1.57,1.57
9000008121,2025-05-30 09:00,0.999444,3,3,6,6,6,12,229,180,409,16,41,57,44.0,11.25,19.32,22.49,23.96,14.91,4.65,2.44,0.98
9000008121,2025-05-30 10:00,0.999444,11,8,19,7,10,17,272,183,455,16,40,56,45.0,11.87,19.56,20.66,22.64,18.46,5.27,0.22,1.32
9000008121,2025-05-30 11:00,0.999167,11,17,28,5,6,11,295,226,521,21,27,48,44.5,14.78,17.66,24.95,21.5,13.44,5.57,1.34,0.77
9000008121,2025-05-30 12:00,0.999167,12,17,29,3,15,18,304,259,563,25,55,80,42.0,5.68,19.01,35.7,22.56,7.82,4.62,3.02,1.6
9000008121,2025-05-30 13:00,0.999444,7,11,18,5,21,26,380,244,624,35,38,73,45.0,0.96,19.23,35.9,20.67,12.82,6.89,1.92,1.6
9000008121,2025-05-30 14:00,0.999444,10,12,22,5,28,33,313,257,570,40,51,91,47.0,5.61,10.53,35.09,21.58,16.67,5.61,3.16,1.75
9000008121,2025-05-30 15:00,0.999444,9,11,20,5,15,20,415,221,636,36,64,100,49.0,9.43,11.01,26.89,23.9,15.09,8.02,4.25,1.42
9000008121,2025-05-30 16:00,0.999444,6,29,35,6,22,28,300,241,541,36,41,77,45.5,14.79,12.01,27.73,20.89,15.9,6.1,1.29,1.29
9000008121,2025-05-30 17:00,0.999444,5,8,13,15,16,31,276,203,479,23,31,54,41.0,11.9,17.75,31.52,22.55,11.27,2.92,1.04,1.04
9000008121,2025-05-30 18:00,0.999444,14,25,39,4,28,32,239,203,442,15,23,38,45.5,6.11,14.71,35.07,21.72,11.31,7.01,2.49,1.58
9000008121,2025-05-30 19:00,0.999444,5,26,31,8,24,32,184,162,346,12,11,23,44.0,8.67,16.76,32.66,21.39,12.72,4.34,2.6,0.87
9000008121,2025-05-30 20:00,0.999167,2,11,13,1,9,10,133,126,259,9,6,15,44.5,16.6,19.31,25.87,20.08,8.49,4.63,2.7,2.32
9000008121,2025-05-30 21:00,0.999722,0,0,0,0,5,5,43,26,69,4,4,8,44.0,8.7,11.59,33.33,24.64,11.59,4.35,2.9,2.9
9000008121,2025-05-30 22:00,0.982222,0,0,0,0,0,0,0,1,1,0,0,0,24.0,0.0,0.0,100.0,0.0,0.0,0.0,0.0,0.0
9000008121,2025-05-30 23:00,0.999167,0,0,0,0,0,0,0,1,1,0,0,0,9.0,100.0,0.0,0.0,0.0,0.0,0.0,0.0,0.0
9000008121,2025-05-31 00:00,0.999444,0,0,0,0,0,0,0,1,1,0,0,0,19.0,0.0,100.0,0.0,0.0,0.0,0.0,0.0,0.0
9000008121,2025-05-31 01:00,0.999722,0,0,0,0,0,0,0,0,0,0,0,0,,0.0,0.0,0.0,0.0,0.0,0.0,0.0,0.0
9000008121,2025-05-31 02:00,1.0,0,0,0,0,0,0,0,0,0,0,0,0,,0.0,0.0,0.0,0.0,0.0,0.0,0.0,0.0
9000008121,2025-05-31 03:00,0.999722,0,0,0,0,0,0,0,0,0,0,0,0,,0.0,0.0,0.0,0.0,0.0,0.0,0.0,0.0
9000008121,2025-05-31 04:00,0.999722,0,0,0,0,0,0,5,3,8,0,0,0,34.5,12.5,37.5,12.5,37.5,0.0,0.0,0.0,0.0
9000008121,2025-05-31 05:00,0.999444,0,0,0,1,1,2,16,13,29,3,4,7,44.5,24.14,10.34,20.69,20.69,17.24,6.9,0.0,0.0
9000008121,2025-05-31 06:00,0.999444,0,0,0,0,0,0,20,33,53,11,6,17,43.5,28.3,18.87,20.75,13.21,7.55,5.66,1.89,3.77
9000008121,2025-05-31 07:00,0.999444,0,0,0,5,4,9,63,26,89,11,14,25,47.0,13.48,15.73,14.61,25.84,17.98,7.87,2.25,2.25
9000008121,2025-05-31 08:00,0.999444,2,4,6,3,5,8,112,74,186,9,12,21,49.0,21.51,10.22,17.74,19.35,17.74,6.99,4.84,1.61
9000008121,2025-05-31 09:00,0.999722,5,7,12,6,14,20,186,118,304,9,16,25,46.5,20.72,10.86,20.39,25.66,14.47,5.59,0.66,1.64
9000008121,2025-05-31 10:00,0.999167,8,10,18,11,18,29,216,165,381,15,15,30,44.5,18.64,14.44,24.67,18.9,15.49,5.25,1.57,1.05
9000008121,2025-05-31 11:00,0.999444,13,18,31,13,29,42,272,196,468,12,18,30,41.5,10.68,16.24,31.41,24.36,10.68,4.06,1.07,1.5
9000008121,2025-05-31 12:00,0.999167,9,11,20,6,30,36,244,193,437,15,28,43,43.0,10.3,16.7,32.72,21.97,10.07,6.41,1.6,0.23
9000008121,2025-05-31 13:00,0.999444,6,14,20,10,29,39,242,235,477,21,29,50,43.5,14.88,13.84,31.66,20.13,11.11,4.82,2.52,1.05
9000008121,2025-05-31 14:00,0.999444,7,7,14,6,20,26,232,195,427,39,45,84,44.5,9.13,4.45,34.89,27.4,15.93,4.45,2.81,0.94
9000008121,2025-05-31 15:00,0.999722,4,6,10,5,22,27,228,164,392,23,37,60,44.5,17.35,9.69,22.96,25.77,13.27,6.63,3.32,1.02
9000008121,2025-05-31 16:00,0.999167,0,9,9,9,12,21,196,198,394,18,36,54,43.0,22.59,13.96,19.29,24.11,13.2,5.33,1.02,0.51
9000008121,2025-05-31 17:00,0.999167,7,23,30,7,36,43,195,190,385,15,22,37,40.5,12.21,20.78,29.35,21.82,9.61,4.42,0.78,1.04
9000008121,2025-05-31 18:00,0.999722,9,8,17,12,19,31,173,188,361,17,19,36,45.5,8.31,26.32,25.48,18.56,9.97,7.48,1.94,1.94
9000008121,2025-05-31 19:00,0.999167,17,23,40,6,17,23,165,154,319,11,14,25,47.5,9.4,22.88,24.14,18.5,14.11,8.15,1.88,0.94
9000008121,2025-05-31 20:00,0.999722,4,22,26,1,12,13,141,140,281,5,14,19,47.5,12.81,24.2,21.71,16.73,12.46,7.47,2.85,1.78
9000008121,2025-05-31 21:00,0.999722,0,0,0,1,3,4,35,31,66,1,2,3,41.5,16.67,16.67,31.82,18.18,12.12,3.03,1.52,0.0
9000008121,2025-05-31 22:00,0.999167,0,0,0,0,0,0,0,0,0,0,0,0,,0.0,0.0,0.0,0.0,0.0,0.0,0.0,0.0
9000008121,2025-05-31 23:00,0.999167,0,0,0,0,0,0,1,0,1,0,0,0,9.0,100.0,0.0,0.0,0.0,0.0,0.0,0.0,0.0
9000008121,2025-06-01 00:00,0.999167,0,0,0,0,0,0,0,0,0,0,0,0,,0.0,0.0,0.0,0.0,0.0,0.0,0.0,0.0
9000008121,2025-06-01 01:00,0.999722,0,0,0,0,0,0,0,0,0,0,0,0,,0.0,0.0,0.0,0.0,0.0,0.0,0.0,0.0
9000008121,2025-06-01 02:00,0.999722,0,0,0,0,0,0,0,0,0,0,0,0,,0.0,0.0,0.0,0.0,0.0,0.0,0.0,0.0
9000008121,2025-06-01 03:00,1.0,0,0,0,0,0,0,0,0,0,0,0,0,,0.0,0.0,0.0,0.0,0.0,0.0,0.0,0.0
9000008121,2025-06-01 04:00,0.999444,0,0,0,0,0,0,3,4,7,0,0,0,33.0,28.57,14.29,14.29,42.86,0.0,0.0,0.0,0.0
9000008121,2025-06-01 05:00,0.999444,3,0,3,0,3,3,20,14,34,4,0,4,43.0,5.88,20.59,26.47,26.47,11.76,5.88,0.0,2.94
9000008121,2025-06-01 06:00,0.999444,0,1,1,1,2,3,29,25,54,2,1,3,44.0,14.81,20.37,25.93,12.96,14.81,3.7,7.41,0.0
9000008121,2025-06-01 07:00,0.999444,5,2,7,1,1,2,47,34,81,5,2,7,46.5,17.28,19.75,12.35,22.22,16.05,3.7,6.17,2.47
9000008121,2025-06-01 08:00,0.999167,9,6,15,4,10,14,74,73,147,7,4,11,45.5,12.93,20.41,25.17,17.69,13.61,4.08,4.08,2.04
9000008121,2025-06-01 09:00,0.999722,5,12,17,3,16,19,145,128,273,6,8,14,50.0,17.58,19.41,18.32,20.88,8.79,8.79,3.3,2.93
9000008121,2025-06-01 10:00,0.999444,5,12,17,8,14,22,182,147,329,8,9,17,43.5,18.24,15.81,23.4,21.88,13.07,4.56,1.52,1.52
9000008121,2025-06-01 11:00,0.999444,4,11,15,2,13,15,206,128,334,9,9,18,48.0,11.38,18.56,24.25,18.86,15.27,5.99,3.59,2.1
9000008121,2025-06-01 12:00,0.999167,6,18,24,2,24,26,260,172,432,7,10,17,50.5,9.03,19.21,22.45,18.98,14.58,9.03,4.4,2.31
9000008121,2025-06-01 13:00,0.999444,2,6,8,4,7,11,317,202,519,65,50,115,45.5,14.45,12.91,29.48,20.81,12.33,5.78,2.89,1.35
9000008121,2025-06-01 14:00,0.999722,13,21,34,9,29,38,293,277,570,48,37,85,46.0,10.0,13.86,26.14,23.68,15.26,7.54,1.93,1.58
9000008121,2025-06-01 15:00,0.999444,10,10,20,4,18,22,317,172,489,19,15,34,48.0,8.18,11.45,27.4,24.13,16.56,7.98,3.27,1.02
9000008121,2025-06-01 16:00,0.999444,9,24,33,4,25,29,193,159,352,7,10,17,46.0,15.91,15.34,23.3,21.59,13.64,4.26,3.41,2.56
9000008121,2025-06-01 17:00,0.999444,18,14,32,6,6,12,197,174,371,4,9,13,46.0,17.52,19.41,21.56,16.98,14.56,7.01,1.62,1.35
9000008121,2025-06-01 18:00,0.999722,11,16,27,1,17,18,195,156,351,6,14,20,45.5,16.24,13.96,25.07,23.93,10.83,5.41,2.85,1.71
9000008121,2025-06-01 19:00,0.999167,12,15,27,1,7,8,140,135,275,4,7,11,46.5,14.18,20.73,22.18,18.91,13.45,4.36,3.27,2.91
9000008121,2025-06-01 20:00,0.999444,5,7,12,2,3,5,116,99,215,6,6,12,49.5,14.88,20.47,20.47,13.49,16.28,11.16,2.79,0.47
9000008121,2025-06-01 21:00,0.999722,0,1,1,1,2,3,20,24,44,1,2,3,39.5,18.18,18.18,27.27,22.73,11.36,2.27,0.0,0.0
9000008121,2025-06-01 22:00,0.999444,0,0,0,0,0,0,1,0,1,0,0,0,4.0,100.0,0.0,0.0,0.0,0.0,0.0,0.0,0.0
9000008121,2025-06-01 23:00,0.999444,0,0,0,0,0,0,1,0,1,0,0,0,9.0,100.0,0.0,0.0,0.0,0.0,0.0,0.0,0.0
9000008121,2025-06-02 00:00,1.0,0,0,0,0,0,0,0,0,0,0,0,0,,0.0,0.0,0.0,0.0,0.0,0.0,0.0,0.0
9000008121,2025-06-02 01:00,0.999167,0,0,0,0,0,0,0,0,0,0,0,0,,0.0,0.0,0.0,0.0,0.0,0.0,0.0,0.0
9000008121,2025-06-02 02:00,0.999167,0,0,0,0,0,0,0,0,0,0,0,0,,0.0,0.0,0.0,0.0,0.0,0.0,0.0,0.0
9000008121,2025-06-02 03:00,0.999444,0,0,0,0,0,0,0,0,0,0,0,0,,0.0,0.0,0.0,0.0,0.0,0.0,0.0,0.0
9000008121,2025-06-02 04:00,0.999167,0,0,0,0,0,0,6,5,11,1,2,3,36.0,9.09,18.18,36.36,36.36,0.0,0.0,0.0,0.0
9000008121,2025-06-02 05:00,0.999444,1,2,3,1,2,3,52,43,95,5,9,14,46.5,21.05,14.74,27.37,14.74,9.47,8.42,3.16,1.05
9000008121,2025-06-02 06:00,0.999444,4,9,13,2,4,6,104,115,219,18,31,49,43.5,27.85,13.7,22.83,15.07,13.24,4.57,0.91,1.83
9000008121,2025-06-02 07:00,0.999722,15,33,48,6,19,25,259,313,572,27,64,91,40.5,25.17,17.48,27.1,14.51,8.74,2.8,3.5,0.7
9000008121,2025-06-02 08:00,0.999444,14,21,35,5,12,17,349,255,604,32,50,82,45.5,19.54,15.07,20.36,21.52,13.91,5.96,2.65,0.99
9000008121,2025-06-02 09:00,0.999444,6,15,21,3,21,24,283,234,517,36,52,88,43.5,7.74,20.5,31.72,20.5,9.86,5.22,2.13,2.32
9000008121,2025-06-02 10:00,0.999444,10,16,26,4,28,32,284,198,482,26,47,73,45.0,2.28,16.39,34.02,21.99,16.6,4.77,0.83,3.11
9000008121,2025-06-02 11:00,0.999444,12,9,21,5,26,31,278,205,483,31,48,79,46.0,3.93,19.25,31.88,21.33,12.84,7.45,1.24,2.07
9000008121,2025-06-02 12:00,0.999722,9,5,14,9,18,27,297,272,569,26,41,67,45.0,2.28,19.16,38.84,19.68,9.49,6.33,2.64,1.58
9000008121,2025-06-02 13:00,0.999444,8,16,24,20,33,53,339,267,606,32,51,83,44.0,2.64,19.64,36.8,20.13,11.55,3.96,2.97,2.31
9000008121,2025-06-02 14:00,0.999444,23,18,41,7,28,35,356,243,599,33,50,83,46.0,2.17,19.7,34.72,18.86,13.36,7.18,2.0,2.0
9000008121,2025-06-02 15:00,0.999167,10,17,27,20,23,43,517,337,854,57,48,105,44.5,7.03,15.59,28.72,25.79,13.72,5.39,2.34,1.52
9000008121,2025-06-02 16:00,0.999722,3,21,24,19,42,61,635,275,910,74,72,146,45.0,7.47,11.21,28.13,28.46,15.93,6.37,1.76,0.66
9000008121,2025-06-02 17:00,0.999167,5,26,31,8,30,38,375,275,650,28,38,66,43.5,10.32,19.88,26.04,24.04,12.33,4.31,1.54,1.69
9000008121,2025-06-02 18:00,0.999167,4,11,15,14,38,52,315,258,573,26,30,56,40.5,5.06,16.93,39.09,23.56,10.65,2.79,1.75,0.17
9000008121,2025-06-02 19:00,0.999722,5,21,26,9,17,26,196,160,356,10,17,27,44.0,5.62,21.07,32.02,19.66,11.8,6.46,2.25,1.12
9000008121,2025-06-02 20:00,0.999722,3,13,16,3,11,14,121,126,247,9,10,19,42.5,16.19,21.46,25.91,18.62,8.91,4.45,1.62,2.83
9000008121,2025-06-02 21:00,0.999444,0,0,0,1,2,3,38,53,91,1,2,3,39.0,14.29,14.29,41.76,16.48,4.4,6.59,0.0,2.2
9000008121,2025-06-02 22:00,0.999722,0,0,0,0,0,0,0,0,0,0,0,0,,0.0,0.0,0.0,0.0,0.0,0.0,0.0,0.0
9000008121,2025-06-02 23:00,0.999722,0,0,0,0,0,0,1,0,1,0,0,0,4.0,100.0,0.0,0.0,0.0,0.0,0.0,0.0,0.0
9000008121,2025-06-03 00:00,0.999167,0,0,0,0,0,0,0,0,0,0,0,0,,0.0,0.0,0.0,0.0,0.0,0.0,0.0,0.0
9000008121,2025-06-03 01:00,0.999167,0,0,0,0,0,0,0,0,0,0,0,0,,0.0,0.0,0.0,0.0,0.0,0.0,0.0,0.0
9000008121,2025-06-03 02:00,0.999444,0,0,0,0,0,0,0,0,0,0,0,0,,0.0,0.0,0.0,0.0,0.0,0.0,0.0,0.0
9000008121,2025-06-03 03:00,0.991389,0,0,0,0,0,0,0,0,0,0,0,0,,0.0,0.0,0.0,0.0,0.0,0.0,0.0,0.0
9000008121,2025-06-03 04:00,0.999167,0,0,0,0,0,0,14,6,20,1,1,2,40.0,10.0,10.0,35.0,30.0,10.0,0.0,0.0,5.0
9000008121,2025-06-03 05:00,0.999444,0,0,0,1,4,5,56,34,90,10,9,19,49.0,23.33,10.0,15.56,26.67,10.0,10.0,0.0,4.44
9000008121,2025-06-03 06:00,0.999722,3,2,5,4,2,6,109,103,212,12,26,38,44.5,25.47,14.15,21.23,16.51,10.38,6.13,1.42,4.72
9000008121,2025-06-03 07:00,0.999167,24,46,70,3,17,20,268,308,576,30,50,80,42.0,22.22,20.83,25.0,15.62,7.47,6.08,1.56,1.22
9000008121,2025-06-03 08:00,0.885,16,12,28,14,24,38,258,229,487,32,45,76,35.5,16.94,19.95,37.12,16.24,5.57,3.02,0.7,0.7
9000008121,2025-06-03 09:00,0.999444,1,1,2,17,8,25,282,206,488,33,30,63,29.0,26.64,27.46,33.81,10.25,1.43,0.41,0.0,0.0
9000008121,2025-06-03 10:00,0.999444,0,0,0,8,2,10,277,182,459,19,12,31,29.0,32.24,28.32,26.36,10.46,1.74,0.65,0.22,0.0
9000008121,2025-06-03 11:00,0.999444,6,16,22,7,8,15,274,194,468,37,32,69,28.5,27.14,35.68,26.07,9.4,1.28,0.21,0.21,0.0
9000008121,2025-06-03 12:00,0.999722,1,17,18,7,7,14,304,196,500,34,46,80,30.0,31.4,18.8,35.6,11.2,3.0,0.0,0.0,0.0
9000008121,2025-06-03 13:00,0.999167,0,7,7,8,6,14,265,187,452,48,33,81,31.0,30.53,19.47,33.41,13.94,1.77,0.66,0.22,0.0
9000008121,2025-06-03 14:00,0.999444,0,9,9,13,14,27,356,259,615,60,34,94,33.0,10.57,30.73,37.24,15.61,4.72,0.98,0.16,0.0
9000008121,2025-06-03 15:00,0.999444,4,24,28,13,22,35,433,336,769,49,32,81,31.0,21.72,23.15,38.36,13.39,2.21,0.65,0.26,0.26
9000008121,2025-06-03 16:00,0.999722,0,29,29,17,6,23,406,345,751,33,24,57,30.5,19.71,27.56,36.62,13.18,2.13,0.53,0.13,0.13
9000008121,2025-06-03 17:00,0.999444,3,29,32,21,6,27,344,267,611,21,27,48,32.0,13.09,28.64,39.28,15.71,2.13,0.98,0.16,0.0
9000008121,2025-06-03 18:00,0.999722,3,36,39,24,30,54,264,245,509,15,29,44,32.5,15.52,32.02,31.83,16.31,3.93,0.2,0.2,0.0
9000008121,2025-06-03 19:00,0.999444,2,29,31,20,15,35,185,197,382,10,17,27,32.0,17.02,31.15,31.94,17.28,1.83,0.52,0.26,0.0
9000008121,2025-06-03 20:00,0.999444,1,11,12,14,8,22,156,137,293,8,7,15,33.0,12.63,34.47,31.06,17.06,3.75,0.34,0.0,0.68
9000008121,2025-06-03 21:00,0.999444,0,0,0,5,2,7,42,50,92,1,3,4,29.5,18.48,28.26,39.13,11.96,2.17,0.0,0.0,0.0
9000008121,2025-06-03 22:00,0.999444,0,0,0,0,0,0,0,1,1,0,0,0,9.0,100.0,0.0,0.0,0.0,0.0,0.0,0.0,0.0
9000008121,2025-06-03 23:00,0.995833,0,0,0,0,0,0,0,0,0,0,0,0,,0.0,0.0,0.0,0.0,0.0,0.0,0.0,0.0
9000008121,2025-06-04 00:00,0.994722,0,0,0,0,0,0,0,0,0,0,0,0,,0.0,0.0,0.0,0.0,0.0,0.0,0.0,0.0
9000008121,2025-06-04 01:00,0.989167,0,0,0,0,0,0,0,0,0,0,0,0,,0.0,0.0,0.0,0.0,0.0,0.0,0.0,0.0
9000008121,2025-06-04 02:00,0.981111,0,0,0,0,0,0,1,0,1,0,0,0,24.0,0.0,0.0,100.0,0.0,0.0,0.0,0.0,0.0
9000008121,2025-06-04 03:00,0.999167,0,0,0,0,0,0,0,0,0,0,0,0,,0.0,0.0,0.0,0.0,0.0,0.0,0.0,0.0
9000008121,2025-06-04 04:00,0.999444,0,0,0,1,0,1,6,2,8,0,2,2,27.0,12.5,12.5,75.0,0.0,0.0,0.0,0.0,0.0
9000008121,2025-06-04 05:00,0.992222,0,2,2,2,2,4,57,43,100,10,13,23,32.5,7.0,34.0,38.0,16.0,4.0,1.0,0.0,0.0
9000008121,2025-06-04 06:00,0.999444,0,0,0,3,4,7,120,110,230,18,16,34,34.0,10.87,34.35,30.0,19.13,3.91,1.74,0.0,0.0
9000008121,2025-06-04 07:00,0.999167,1,7,8,15,9,24,272,295,567,25,38,63,29.5,14.11,33.33,40.56,8.82,2.65,0.35,0.18,0.0
9000008121,2025-06-04 08:00,0.999722,1,6,7,19,5,24,411,274,685,38,36,74,32.0,8.18,30.66,41.46,17.37,1.75,0.29,0.29,0.0
9000008121,2025-06-04 09:00,0.999444,1,1,2,15,8,23,274,214,488,27,37,64,31.5,7.99,32.58,42.01,13.11,3.28,0.82,0.0,0.2
9000008121,2025-06-04 10:00,0.999444,1,2,3,21,12,33,287,202,489,19,14,33,29.0,16.97,31.9,39.67,10.43,0.82,0.0,0.2,0.0
9000008121,2025-06-04 11:00,0.999444,2,12,14,10,16,26,268,215,483,25,32,57,31.5,7.45,33.33,39.34,18.22,1.45,0.21,0.0,0.0
9000008121,2025-06-04 12:00,0.999444,5,17,22,13,12,25,303,210,513,31,48,79,31.5,16.76,24.76,39.77,16.37,1.56,0.19,0.19,0.39
9000008121,2025-06-04 13:00,0.999444,0,20,20,23,10,33,275,213,488,27,24,51,30.0,21.93,23.16,39.55,11.89,2.66,0.41,0.2,0.2
9000008121,2025-06-04 14:00,0.999722,2,24,26,33,24,57,333,248,581,41,34,75,31.5,21.51,22.89,37.01,15.32,1.89,0.86,0.17,0.34
9000008121,2025-06-04 15:00,0.999167,8,25,33,31,19,50,422,280,702,46,34,80,32.5,10.98,30.67,37.66,17.97,2.28,0.29,0.0,0.29
9000008121,2025-06-04 16:00,0.999444,9,19,28,23,8,31,411,301,712,29,33,62,32.0,10.67,33.15,35.81,18.26,1.69,0.42,0.0,0.0
9000008121,2025-06-04 17:00,0.999444,1,26,27,19,9,28,357,265,622,17,23,40,31.0,22.19,24.44,36.17,14.15,1.77,0.48,0.16,0.64
9000008121,2025-06-04 18:00,0.999444,2,15,17,20,10,30,324,240,564,14,21,35,30.0,27.13,17.73,40.96,12.59,1.42,0.18,0.0,0.0
9000008121,2025-06-04 19:00,0.999444,5,11,16,15,5,20,189,179,368,11,11,22,30.5,35.87,16.85,31.25,11.96,2.99,0.82,0.27,0.0
9000008121,2025-06-04 20:00,0.999444,3,5,8,17,2,19,159,139,298,7,12,19,29.5,34.23,16.78,36.91,9.4,1.68,1.01,0.0,0.0
9000008121,2025-06-04 21:00,0.999444,1,0,1,5,0,5,38,40,78,1,3,4,32.5,38.46,19.23,24.36,14.1,3.85,0.0,0.0,0.0
9000008121,2025-06-04 22:00,0.999444,0,0,0,0,0,0,2,0,2,0,0,0,8.5,100.0,0.0,0.0,0.0,0.0,0.0,0.0,0.0
9000008121,2025-06-04 23:00,0.999444,0,0,0,0,0,0,0,0,0,0,0,0,,0.0,0.0,0.0,0.0,0.0,0.0,0.0,0.0
9000008121,2025-06-05 00:00,0.999444,0,0,0,0,0,0,1,0,1,0,0,0,29.0,0.0,0.0,100.0,0.0,0.0,0.0,0.0,0.0
9000008121,2025-06-05 01:00,0.999167,0,0,0,0,0,0,0,0,0,0,0,0,,0.0,0.0,0.0,0.0,0.0,0.0,0.0,0.0
9000008121,2025-06-05 02:00,0.994444,0,0,0,0,0,0,0,0,0,0,0,0,,0.0,0.0,0.0,0.0,0.0,0.0,0.0,0.0
9000008121,2025-06-05 03:00,0.999167,0,0,0,0,0,0,0,0,0,0,0,0,,0.0,0.0,0.0,0.0,0.0,0.0,0.0,0.0
9000008121,2025-06-05 04:00,0.986111,0,0,0,1,0,1,4,1,5,0,1,1,23.5,20.0,20.0,60.0,0.0,0.0,0.0,0.0,0.0
9000008121,2025-06-05 05:00,0.999167,0,0,0,5,3,8,66,48,114,7,10,17,33.5,28.07,20.18,25.44,21.93,2.63,0.88,0.0,0.88
9000008121,2025-06-05 06:00,0.999444,0,1,1,4,4,8,119,82,201,24,25,49,32.0,29.85,13.43,36.82,15.92,2.99,1.0,0.0,0.0
9000008121,2025-06-05 07:00,0.999444,2,5,7,10,9,19,277,286,563,32,49,81,29.5,31.79,17.94,37.48,9.95,2.31,0.36,0.0,0.18
9000008121,2025-06-05 08:00,0.999167,2,12,14,20,7,27,338,245,583,44,39,83,31.0,24.87,19.55,38.42,14.75,2.06,0.17,0.17,0.0
9000008121,2025-06-05 09:00,0.999722,0,9,9,15,5,20,290,199,489,37,42,79,31.0,26.18,17.38,39.26,13.91,1.84,1.02,0.2,0.2
9000008121,2025-06-05 10:00,0.999167,0,6,6,9,11,20,292,185,477,25,23,48,30.0,26.42,16.56,41.72,12.58,2.1,0.42,0.0,0.21
9000008121,2025-06-05 11:00,0.999444,1,14,15,21,5,26,315,164,479,22,31,53,31.0,24.43,13.57,44.26,14.41,2.92,0.21,0.0,0.21
9000008121,2025-06-05 12:00,0.999722,0,9,9,27,10,37,376,184,560,45,37,82,31.5,16.96,19.11,45.0,15.71,2.86,0.18,0.0,0.18
9000008121,2025-06-05 13:00,0.999167,2,6,8,36,7,43,387,229,616,58,59,117,32.0,23.09,16.1,40.65,18.54,1.3,0.33,0.16,0.0
9000008121,2025-06-05 14:00,0.999444,0,13,13,19,16,35,437,282,719,42,43,85,31.0,24.34,17.11,40.89,14.74,2.09,0.56,0.0,0.28
9000008121,2025-06-05 15:00,0.999444,5,24,29,35,13,48,552,331,883,29,33,62,30.5,25.14,17.89,40.43,14.38,1.7,0.34,0.11,0.0
9000008121,2025-06-05 16:00,0.999167,4,72,76,26,16,42,474,310,784,43,35,78,31.5,19.54,20.69,41.89,14.43,2.81,0.38,0.13,0.26
9000008121,2025-06-05 17:00,0.999444,1,32,33,25,16,41,381,281,662,18,32,50,32.5,20.09,22.66,36.1,17.67,2.72,0.3,0.3,0.15
9000008121,2025-06-05 18:00,0.999444,6,23,29,33,10,43,310,281,591,19,20,39,30.5,17.94,31.81,34.52,14.04,1.35,0.17,0.17,0.0
9000008121,2025-06-05 19:00,0.999444,1,19,20,34,3,37,213,219,432,15,10,25,29.5,19.21,35.42,31.25,11.81,1.85,0.46,0.0,0.0
9000008121,2025-06-05 20:00,0.999444,0,1,1,13,9,22,156,139,295,7,5,12,29.5,14.92,42.03,28.81,11.86,1.69,0.34,0.34,0.0
9000008121,2025-06-05 21:00,0.992222,0,1,1,2,0,2,17,20,37,1,1,2,27.0,13.51,35.14,48.65,2.7,0.0,0.0,0.0,0.0
9000008121,2025-06-05 22:00,0.996667,0,0,0,0,0,0,0,0,0,0,0,0,,0.0,0.0,0.0,0.0,0.0,0.0,0.0,0.0
9000008121,2025-06-05 23:00,0.976389,0,0,0,0,0,0,0,0,0,0,0,0,,0.0,0.0,0.0,0.0,0.0,0.0,0.0,0.0
9000008121,2025-06-06 00:00,0.986944,0,0,0,0,0,0,0,1,1,0,0,0,9.0,100.0,0.0,0.0,0.0,0.0,0.0,0.0,0.0
9000008121,2025-06-06 01:00,0.970556,0,0,0,0,0,0,0,0,0,0,0,0,,0.0,0.0,0.0,0.0,0.0,0.0,0.0,0.0
9000008121,2025-06-06 02:00,0.962778,0,0,0,0,0,0,0,0,0,0,0,0,,0.0,0.0,0.0,0.0,0.0,0.0,0.0,0.0
9000008121,2025-06-06 03:00,0.995278,0,0,0,0,0,0,0,0,0,0,0,0,,0.0,0.0,0.0,0.0,0.0,0.0,0.0,0.0
9000008121,2025-06-06 04:00,0.991667,0,0,0,1,0,1,3,0,3,0,0,0,28.0,0.0,0.0,100.0,0.0,0.0,0.0,0.0,0.0
9000008121,2025-06-06 05:00,0.999444,0,1,1,3,1,4,51,38,89,9,9,18,32.0,16.85,28.09,35.96,12.36,2.25,4.49,0.0,0.0
9000008121,2025-06-06 06:00,0.999167,2,6,8,6,3,9,112,89,201,15,16,31,33.0,21.39,22.89,32.34,20.9,2.49,0.0,0.0,0.0
9000008121,2025-06-06 07:00,0.999167,4,1,5,13,4,17,276,266,542,39,36,75,30.0,27.68,24.17,33.95,12.36,1.66,0.18,0.0,0.0
9000008121,2025-06-06 08:00,0.999444,1,9,10,15,10,25,347,241,588,33,38,71,31.0,19.05,23.81,40.14,14.8,1.7,0.51,0.0,0.0
9000008121,2025-06-06 09:00,0.999444,2,2,4,16,2,18,281,181,462,21,36,57,32.0,24.68,16.02,38.96,17.53,2.6,0.0,0.0,0.22
9000008121,2025-06-06 10:00,0.999167,0,11,11,6,4,10,258,151,409,28,33,61,32.5,23.47,18.09,37.9,18.58,1.47,0.49,0.0,0.0
9000008121,2025-06-06 11:00,0.999444,0,12,12,13,13,26,297,216,513,29,39,68,32.0,22.22,17.35,40.55,17.15,1.75,0.39,0.39,0.19
9000008121,2025-06-06 12:00,0.999167,0,23,23,16,13,29,357,240,597,35,33,68,32.0,22.61,18.76,37.52,18.43,2.35,0.17,0.17,0.0
9000008121,2025-06-06 13:00,0.999444,6,16,22,12,11,23,368,236,604,38,30,68,32.0,26.49,16.06,37.58,17.05,1.82,0.99,0.0,0.0
9000008121,2025-06-06 14:00,0.999444,0,17,17,31,11,42,448,298,746,26,33,59,32.0,26.81,17.83,35.12,17.29,2.28,0.4,0.27,0.0
9000008121,2025-06-06 15:00,0.999444,0,49,49,15,11,26,397,288,685,35,37,72,32.5,31.09,12.99,35.47,15.91,3.36,1.17,0.0,0.0
9000008121,2025-06-06 16:00,0.999444,3,59,62,19,10,29,314,275,589,23,19,42,30.0,29.37,19.52,35.82,12.22,2.55,0.51,0.0,0.0
9000008121,2025-06-06 17:00,0.999722,6,48,54,14,18,32,312,234,546,22,27,49,32.0,19.78,24.18,36.63,14.65,3.85,0.92,0.0,0.0
9000008121,2025-06-06 18:00,0.999444,11,35,46,19,36,55,250,200,450,15,25,40,33.5,11.78,29.78,30.89,22.67,3.11,1.56,0.0,0.22
9000008121,2025-06-06 19:00,0.999444,3,13,16,11,8,19,166,183,349,16,16,32,32.5,27.51,25.79,27.22,16.33,2.01,1.15,0.0,0.0
9000008121,2025-06-06 20:00,0.999444,2,4,6,15,6,21,129,111,240,7,10,17,31.5,32.5,15.42,34.17,15.0,2.08,0.83,0.0,0.0
9000008121,2025-06-06 21:00,0.999722,1,0,1,5,5,10,54,48,102,4,3,7,31.5,30.39,17.65,33.33,14.71,2.94,0.98,0.0,0.0
9000008121,2025-06-06 22:00,0.999444,0,0,0,0,0,0,2,1,3,0,0,0,18.0,66.67,33.33,0.0,0.0,0.0,0.0,0.0,0.0
9000008121,2025-06-06 23:00,0.999444,0,0,0,0,2,2,0,2,2,0,0,0,9.0,100.0,0.0,0.0,0.0,0.0,0.0,0.0,0.0
9000008121,2025-06-07 00:00,0.999167,0,0,0,0,0,0,0,0,0,0,0,0,,0.0,0.0,0.0,0.0,0.0,0.0,0.0,0.0
9000008121,2025-06-07 01:00,0.976111,0,0,0,0,0,0,0,0,0,0,0,0,,0.0,0.0,0.0,0.0,0.0,0.0,0.0,0.0
9000008121,2025-06-07 02:00,0.996389,0,0,0,0,0,0,0,0,0,0,0,0,,0.0,0.0,0.0,0.0,0.0,0.0,0.0,0.0
9000008121,2025-06-07 03:00,0.964444,0,0,0,0,0,0,0,1,1,0,0,0,14.0,0.0,100.0,0.0,0.0,0.0,0.0,0.0,0.0
9000008121,2025-06-07 04:00,0.999444,0,0,0,1,0,1,6,4,10,1,0,1,29.0,30.0,10.0,50.0,0.0,0.0,0.0,0.0,10.0
9000008121,2025-06-07 05:00,0.999444,0,1,1,2,1,3,27,20,47,2,4,6,36.0,27.66,19.15,29.79,17.02,6.38,0.0,0.0,0.0
9000008121,2025-06-07 06:00,0.999167,0,0,0,1,0,1,29,20,49,3,6,9,36.0,28.57,18.37,26.53,16.33,6.12,4.08,0.0,0.0
9000008121,2025-06-07 07:00,0.999444,1,1,2,2,0,2,73,42,115,8,10,18,32.0,28.7,9.57,40.87,19.13,1.74,0.0,0.0,0.0
9000008121,2025-06-07 08:00,0.999444,3,0,3,12,2,14,109,86,195,12,17,29,33.5,23.59,17.95,34.36,18.97,3.08,2.05,0.0,0.0
9000008121,2025-06-07 09:00,0.999444,0,7,7,16,5,21,216,103,319,12,16,28,32.5,12.23,21.94,44.2,18.81,1.88,0.63,0.0,0.31
9000008121,2025-06-07 10:00,0.999444,2,6,8,16,14,30,213,139,352,13,17,30,32.0,16.76,22.44,42.05,16.19,1.99,0.57,0.0,0.0
9000008121,2025-06-07 11:00,0.999722,2,20,22,16,19,35,251,189,440,13,14,27,29.5,17.05,32.05,37.5,10.68,2.5,0.23,0.0,0.0
9000008121,2025-06-07 12:00,0.999722,1,21,22,10,10,20,300,211,511,13,16,29,30.0,9.39,35.23,40.12,13.31,1.37,0.39,0.2,0.0
9000008121,2025-06-07 13:00,0.999444,0,10,10,5,9,14,213,256,469,24,27,51,32.0,20.04,31.56,29.42,14.29,3.62,0.64,0.21,0.21
9000008121,2025-06-07 14:00,0.999444,2,21,23,23,19,42,286,234,520,17,15,32,31.5,9.42,35.77,36.54,16.15,1.35,0.38,0.19,0.19
9000008121,2025-06-07 15:00,0.999444,6,8,14,17,15,32,296,199,495,20,16,36,34.0,12.93,19.6,43.64,18.99,4.44,0.2,0.2,0.0
9000008121,2025-06-07 16:00,0.999722,3,10,13,10,7,17,242,201,443,19,20,39,34.0,16.93,26.41,30.02,21.67,4.06,0.9,0.0,0.0
9000008121,2025-06-07 17:00,0.999444,6,30,36,9,14,23,220,158,378,19,19,38,31.5,18.78,23.54,39.15,15.08,2.65,0.53,0.0,0.26
9000008121,2025-06-07 18:00,0.999167,2,13,15,13,6,19,194,181,375,13,10,23,30.0,30.13,21.33,33.87,11.47,3.2,0.0,0.0,0.0
9000008121,2025-06-07 19:00,0.999167,0,1,1,5,4,9,148,112,260,11,9,20,30.0,28.85,16.54,40.0,11.92,2.31,0.0,0.38,0.0
9000008121,2025-06-07 20:00,0.999444,1,0,1,7,3,10,120,101,221,4,4,8,31.5,31.22,14.93,33.94,18.1,1.36,0.0,0.45,0.0
9000008121,2025-06-07 21:00,0.999722,0,1,1,7,0,7,42,35,77,2,2,4,28.5,31.17,18.18,40.26,10.39,0.0,0.0,0.0,0.0
9000008121,2025-06-07 22:00,0.999444,0,0,0,0,0,0,1,0,1,0,0,0,9.0,100.0,0.0,0.0,0.0,0.0,0.0,0.0,0.0
9000008121,2025-06-07 23:00,0.976111,0,0,0,1,0,1,1,1,2,0,0,0,38.5,50.0,0.0,0.0,50.0,0.0,0.0,0.0,0.0
9000008121,2025-06-08 00:00,0.984444,0,0,0,0,1,1,0,0,0,0,0,0,,0.0,0.0,0.0,0.0,0.0,0.0,0.0,0.0
9000008121,2025-06-08 01:00,0.978333,0,0,0,0,4,4,0,0,0,0,0,0,,0.0,0.0,0.0,0.0,0.0,0.0,0.0,0.0
9000008121,2025-06-08 02:00,0.999722,0,0,0,0,0,0,0,0,0,0,0,0,,0.0,0.0,0.0,0.0,0.0,0.0,0.0,0.0
9000008121,2025-06-08 03:00,0.990278,0,0,0,0,0,0,0,0,0,0,0,0,,0.0,0.0,0.0,0.0,0.0,0.0,0.0,0.0
9000008121,2025-06-08 04:00,0.977778,0,0,0,0,0,0,6,1,7,0,0,0,30.0,0.0,28.57,57.14,0.0,14.29,0.0,0.0,0.0
9000008121,2025-06-08 05:00,0.999444,0,0,0,1,0,1,16,12,28,0,0,0,34.5,3.57,32.14,39.29,14.29,10.71,0.0,0.0,0.0
9000008121,2025-06-08 06:00,0.999444,0,0,0,0,1,1,26,22,48,2,0,2,35.0,4.17,37.5,33.33,22.92,0.0,2.08,0.0,0.0
9000008121,2025-06-08 07:00,0.999444,0,1,1,0,0,0,42,34,76,3,3,6,33.0,5.26,27.63,43.42,19.74,3.95,0.0,0.0,0.0
9000008121,2025-06-08 08:00,0.999444,0,2,2,6,1,7,66,52,118,5,4,9,34.5,5.08,33.05,32.2,23.73,5.08,0.85,0.0,0.0
9000008121,2025-06-08 09:00,0.999444,1,7,8,11,1,12,126,125,251,8,6,14,32.0,5.98,38.65,35.06,17.53,2.39,0.0,0.0,0.4
9000008121,2025-06-08 10:00,0.999167,0,2,2,7,7,14,155,116,271,4,8,12,31.5,8.86,28.41,44.65,14.76,3.32,0.0,0.0,0.0
9000008121,2025-06-08 11:00,0.976389,2,0,2,11,4,15,144,109,253,4,10,14,30.5,21.05,26.32,37.25,14.17,0.81,0.0,0.4,0.4
9000008121,2025-06-08 12:00,0.987222,0,11,11,8,8,16,204,151,355,7,13,20,31.5,11.14,30.0,39.43,15.14,3.43,0.29,0.0,0.29
9000008121,2025-06-08 13:00,0.999444,0,12,12,5,4,9,187,154,341,8,5,13,32.0,10.85,28.15,41.94,15.84,2.93,0.29,0.0,0.0
9000008121,2025-06-08 14:00,0.999444,2,7,9,15,2,17,214,133,347,7,10,17,31.5,13.26,24.21,44.09,15.56,2.59,0.29,0.0,0.0
9000008121,2025-06-08 15:00,0.999444,4,11,15,9,3,12,159,113,272,4,11,15,32.5,9.56,25.0,44.49,18.38,2.21,0.37,0.0,0.0
9000008121,2025-06-08 16:00,0.999444,2,34,36,5,2,7,145,156,301,5,6,11,31.0,18.6,29.9,33.89,14.62,2.33,0.66,0.0,0.0
9000008121,2025-06-08 17:00,0.999167,1,24,25,12,1,13,177,132,309,6,10,16,32.5,11.65,30.74,36.57,18.45,1.94,0.65,0.0,0.0
9000008121,2025-06-08 18:00,0.996389,0,5,5,15,1,16,171,153,324,4,14,18,32.5,14.86,32.82,32.51,14.55,4.33,0.93,0.0,0.0
9000008121,2025-06-08 19:00,0.999444,1,5,6,5,1,6,142,141,283,3,5,8,31.0,12.01,37.1,33.57,13.78,2.83,0.35,0.35,0.0
9000008121,2025-06-08 20:00,0.999167,1,5,6,4,3,7,107,97,204,4,4,8,30.5,16.18,22.06,45.59,13.73,2.45,0.0,0.0,0.0
9000008121,2025-06-08 21:00,0.9775,0,0,0,2,2,4,43,39,82,1,1,2,28.0,20.0,26.25,43.75,6.25,3.75,0.0,0.0,0.0
9000008121,2025-06-08 22:00,0.997778,0,0,0,0,0,0,0,0,0,0,0,0,,0.0,0.0,0.0,0.0,0.0,0.0,0.0,0.0
9000008121,2025-06-08 23:00,0.999167,0,0,0,0,0,0,0,0,0,0,0,0,,0.0,0.0,0.0,0.0,0.0,0.0,0.0,0.0
9000008121,2025-06-09 00:00,0.985278,0,0,0,0,0,0,1,0,1,0,0,0,39.0,0.0,0.0,0.0,100.0,0.0,0.0,0.0,0.0
9000008121,2025-06-09 01:00,0.976944,0,0,0,0,0,0,0,0,0,0,0,0,,0.0,0.0,0.0,0.0,0.0,0.0,0.0,0.0
9000008121,2025-06-09 02:00,0.981667,0,0,0,0,0,0,0,0,0,0,0,0,,0.0,0.0,0.0,0.0,0.0,0.0,0.0,0.0
9000008121,2025-06-09 03:00,0.991667,0,0,0,0,0,0,0,0,0,0,0,0,,0.0,0.0,0.0,0.0,0.0,0.0,0.0,0.0
9000008121,2025-06-09 04:00,0.95,0,0,0,0,0,0,4,0,4,0,0,0,52.0,0.0,25.0,50.0,0.0,0.0,25.0,0.0,0.0
9000008121,2025-06-09 05:00,0.999444,0,0,0,1,1,2,15,12,27,0,1,1,30.0,37.04,22.22,25.93,11.11,0.0,0.0,3.7,0.0
9000008121,2025-06-09 06:00,0.988056,0,0,0,2,1,3,19,18,37,1,3,4,34.5,29.73,13.51,27.03,24.32,5.41,0.0,0.0,0.0
9000008121,2025-06-09 07:00,0.999444,0,0,0,2,0,2,35,17,52,4,5,9,33.5,21.15,11.54,44.23,21.15,1.92,0.0,0.0,0.0
9000008121,2025-06-09 08:00,0.999167,2,3,5,6,1,7,58,28,86,5,6,11,33.5,24.42,9.3,38.37,26.74,1.16,0.0,0.0,0.0
9000008121,2025-06-09 09:00,0.990278,0,2,2,4,2,6,75,58,133,4,3,7,31.0,31.06,14.39,37.12,14.39,3.03,0.0,0.0,0.0
9000008121,2025-06-09 10:00,0.999444,1,1,2,9,1,10,135,85,220,6,7,13,30.0,26.36,10.45,47.73,12.73,2.27,0.45,0.0,0.0
9000008121,2025-06-09 11:00,0.999167,0,4,4,3,2,5,172,110,282,6,7,13,32.0,21.63,17.02,41.13,17.02,1.77,1.42,0.0,0.0
9000008121,2025-06-09 12:00,0.999444,1,17,18,9,4,13,178,116,294,7,12,19,31.5,27.21,13.27,39.8,18.37,0.68,0.68,0.0,0.0
9000008121,2025-06-09 13:00,0.983889,2,13,15,10,6,16,172,126,298,3,5,8,32.5,28.33,15.02,34.81,20.48,1.02,0.34,0.0,0.0
9000008121,2025-06-09 14:00,0.999444,2,10,12,11,1,12,180,156,336,4,9,13,31.5,30.06,16.96,33.93,16.96,2.08,0.0,0.0,0.0
9000008121,2025-06-09 15:00,0.999444,1,28,29,14,4,18,173,155,328,8,5,13,32.5,36.28,13.41,28.66,17.68,3.35,0.61,0.0,0.0
9000008121,2025-06-09 16:00,0.999444,3,73,76,19,4,23,181,170,351,6,11,17,33.0,29.91,18.8,29.63,17.38,3.7,0.0,0.57,0.0
9000008121,2025-06-09 17:00,0.999444,1,40,41,23,13,36,203,144,347,8,9,17,33.0,23.92,18.16,36.6,16.14,4.32,0.86,0.0,0.0
9000008121,2025-06-09 18:00,0.999444,1,13,14,11,6,17,165,174,339,5,18,23,31.0,29.5,23.3,30.38,13.57,2.36,0.59,0.0,0.29
9000008121,2025-06-09 19:00,0.999444,0,13,13,16,9,25,149,158,307,4,7,11,30.0,31.27,20.52,33.22,12.05,2.61,0.0,0.33,0.0
9000008121,2025-06-09 20:00,0.999444,2,11,13,9,4,13,115,124,239,6,4,10,29.0,37.24,22.59,28.45,9.62,1.67,0.42,0.0,0.0
9000008121,2025-06-09 21:00,0.991944,0,0,0,13,4,17,62,41,103,1,2,3,29.5,25.49,16.67,43.14,11.76,1.96,0.0,0.0,0.0
9000008121,2025-06-09 22:00,0.983889,0,0,0,0,0,0,1,1,2,0,0,0,23.5,50.0,0.0,50.0,0.0,0.0,0.0,0.0,0.0
9000008121,2025-06-09 23:00,0.999722,0,0,0,0,0,0,0,1,1,0,0,0,9.0,100.0,0.0,0.0,0.0,0.0,0.0,0.0,0.0
9000008121,2025-06-10 00:00,0.946944,0,0,0,0,0,0,0,0,0,0,0,0,,0.0,0.0,0.0,0.0,0.0,0.0,0.0,0.0
9000008121,2025-06-10 01:00,0.971389,0,0,0,0,0,0,1,0,1,0,0,0,59.0,0.0,0.0,0.0,0.0,0.0,100.0,0.0,0.0
9000008121,2025-06-10 02:00,0.941111,0,0,0,0,0,0,1,2,3,0,0,0,13.0,66.67,33.33,0.0,0.0,0.0,0.0,0.0,0.0
9000008121,2025-06-10 03:00,0.974722,0,0,0,0,0,0,0,0,0,0,0,0,,0.0,0.0,0.0,0.0,0.0,0.0,0.0,0.0
9000008121,2025-06-10 04:00,0.9825,0,0,0,0,0,0,5,3,8,2,2,4,34.5,25.0,12.5,12.5,50.0,0.0,0.0,0.0,0.0
9000008121,2025-06-10 05:00,0.972778,0,1,1,2,0,2,58,26,83,9,11,20,34.5,22.22,11.11,32.1,29.63,3.7,0.0,0.0,1.23
9000008121,2025-06-10 06:00,0.999167,1,4,5,8,2,10,123,81,204,24,18,42,32.5,24.51,18.63,33.82,20.1,2.45,0.49,0.0,0.0
9000008121,2025-06-10 07:00,0.999444,1,2,3,11,2,13,195,176,371,24,26,50,31.5,31.0,17.25,33.42,15.63,1.35,1.08,0.0,0.27
9000008121,2025-06-10 08:00,0.9825,0,5,5,18,3,21,289,179,468,31,37,67,33.0,23.48,16.96,37.61,17.83,3.04,0.22,0.43,0.43
9000008121,2025-06-10 09:00,0.990278,1,8,9,22,4,26,302,201,503,24,39,64,31.5,23.9,16.47,40.56,16.47,2.21,0.6,0.0,0.0
9000008121,2025-06-10 10:00,0.999444,10,11,21,22,11,33,300,194,494,21,35,56,30.5,26.11,13.56,43.72,15.38,1.01,0.0,0.0,0.2
9000008121,2025-06-10 11:00,0.999444,12,35,47,20,22,42,304,206,510,42,32,74,31.5,27.84,15.29,38.43,16.08,2.35,0.0,0.0,0.0
9000008121,2025-06-10 12:00,0.999167,0,6,6,23,7,30,321,197,518,17,38,55,30.5,20.85,17.76,44.98,14.29,1.93,0.19,0.0,0.0
9000008121,2025-06-10 13:00,0.999722,4,9,13,15,16,31,347,223,570,17,34,51,31.5,20.7,20.35,40.88,15.61,2.11,0.35,0.0,0.0
9000008121,2025-06-10 14:00,0.999444,1,18,19,19,9,28,401,232,633,29,34,63,32.5,17.85,19.12,41.55,18.33,2.53,0.47,0.16,0.0
9000008121,2025-06-10 15:00,0.999167,4,12,16,28,11,39,463,230,693,24,48,72,32.0,10.98,24.13,45.23,17.49,2.17,0.14,0.0,0.0
9000008121,2025-06-10 16:00,0.999722,2,0,2,29,7,36,517,297,814,21,55,76,30.5,14.0,24.32,46.07,13.76,1.6,0.0,0.12,0.12
9000008121,2025-06-10 17:00,0.999444,4,2,6,30,9,39,402,243,645,22,22,44,30.5,21.71,18.91,43.72,12.87,2.48,0.31,0.0,0.0
9000008121,2025-06-10 18:00,0.993333,0,0,0,15,8,23,360,233,593,18,18,36,30.5,19.52,22.07,42.28,14.77,1.19,0.0,0.17,0.0
9000008121,2025-06-10 19:00,0.995833,0,0,0,8,3,11,199,186,385,15,11,26,31.0,25.07,22.72,35.51,15.14,1.57,0.26,0.0,0.0
9000008121,2025-06-10 20:00,0.986389,1,0,1,10,1,11,141,117,258,10,8,18,32.0,20.0,20.0,41.18,14.9,3.92,0.0,0.0,0.39
9000008121,2025-06-10 21:00,0.9525,0,0,0,3,0,3,32,30,63,1,1,2,31.0,15.0,25.0,43.33,10.0,3.33,3.33,0.0,0.0
9000008121,2025-06-10 22:00,0.978333,0,0,0,0,0,0,0,2,2,0,0,0,33.5,0.0,50.0,0.0,50.0,0.0,0.0,0.0,0.0
9000008121,2025-06-10 23:00,0.990278,0,0,0,0,0,0,1,0,1,0,0,0,9.0,100.0,0.0,0.0,0.0,0.0,0.0,0.0,0.0
9000008121,2025-06-11 00:00,0.999444,0,0,0,0,0,0,0,0,0,0,0,0,,0.0,0.0,0.0,0.0,0.0,0.0,0.0,0.0
9000008121,2025-06-11 01:00,0.966944,0,0,0,0,0,0,0,0,0,0,0,0,,0.0,0.0,0.0,0.0,0.0,0.0,0.0,0.0
9000008121,2025-06-11 02:00,0.949444,0,0,0,0,0,0,0,0,0,0,0,0,,0.0,0.0,0.0,0.0,0.0,0.0,0.0,0.0
9000008121,2025-06-11 03:00,0.978611,0,0,0,0,0,0,0,1,1,0,0,0,9.0,100.0,0.0,0.0,0.0,0.0,0.0,0.0,0.0
9000008121,2025-06-11 04:00,0.995556,0,0,0,1,0,1,6,6,12,1,1,2,33.0,25.0,25.0,25.0,16.67,0.0,8.33,0.0,0.0
9000008121,2025-06-11 05:00,0.956389,0,0,0,4,1,5,47,27,74,6,8,15,31.5,21.13,16.9,43.66,14.08,4.23,0.0,0.0,0.0
9000008121,2025-06-11 06:00,0.999444,0,3,3,6,4,10,113,105,218,11,15,26,33.0,23.85,26.61,26.61,18.35,3.21,1.38,0.0,0.0
9000008121,2025-06-11 07:00,0.999722,0,8,8,9,6,15,278,322,600,23,53,76,29.5,28.33,24.83,33.33,10.83,2.17,0.33,0.17,0.0
9000008121,2025-06-11 08:00,0.999444,4,8,12,17,3,20,351,267,618,31,49,80,30.0,22.33,22.17,41.1,12.14,1.78,0.0,0.49,0.0
9000008121,2025-06-11 09:00,0.999444,6,12,18,17,7,24,266,243,509,34,38,72,31.0,23.38,23.58,34.97,16.7,1.18,0.2,0.0,0.0
9000008121,2025-06-11 10:00,0.999722,0,6,6,19,7,26,296,191,487,28,30,58,30.0,15.81,21.15,48.05,13.55,1.03,0.21,0.0,0.21
9000008121,2025-06-11 11:00,0.983611,2,16,18,15,5,20,278,183,462,19,41,61,30.0,21.59,23.35,40.97,12.11,2.2,0.0,0.0,0.0
9000008121,2025-06-11 12:00,0.999444,7,18,25,10,13,23,284,226,510,24,43,67,30.0,17.06,28.63,39.8,12.35,1.96,0.0,0.2,0.0
9000008121,2025-06-11 13:00,0.991111,1,16,17,11,2,13,302,220,522,37,31,69,32.0,26.45,18.92,35.33,15.64,2.51,0.58,0.19,0.39
9000008121,2025-06-11 14:00,1.0,5,11,16,6,2,8,373,245,618,33,12,45,32.0,22.65,19.74,38.19,15.37,3.72,0.16,0.16,0.0
9000008121,2025-06-11 15:00,0.999444,3,39,42,12,16,28,407,309,716,18,19,37,30.0,11.31,33.1,41.34,10.61,2.51,0.98,0.14,0.0
9000008121,2025-06-11 16:00,0.999722,0,75,75,12,5,17,338,333,671,14,18,32,28.5,12.07,42.32,34.13,9.84,1.19,0.45,0.0,0.0
9000008121,2025-06-11 17:00,0.999444,2,57,59,22,19,41,347,306,653,19,31,50,29.5,27.87,19.91,39.2,11.18,0.92,0.92,0.0,0.0
9000008121,2025-06-11 18:00,0.999444,2,28,30,21,45,66,263,239,502,15,48,63,31.5,22.71,24.3,33.86,16.53,1.99,0.4,0.2,0.0
9000008121,2025-06-11 19:00,0.999444,6,21,27,12,4,16,215,191,406,9,20,29,31.0,14.53,34.24,34.48,15.02,1.48,0.25,0.0,0.0
9000008121,2025-06-11 20:00,0.999444,1,19,20,10,7,17,117,121,238,8,10,18,30.5,7.56,36.55,40.34,11.34,2.94,1.26,0.0,0.0
9000008121,2025-06-11 21:00,0.999722,3,2,5,10,2,12,84,64,148,6,4,10,31.0,12.84,34.46,35.81,14.19,2.03,0.68,0.0,0.0
9000008121,2025-06-11 22:00,0.999167,0,0,0,0,0,0,0,0,0,0,0,0,,0.0,0.0,0.0,0.0,0.0,0.0,0.0,0.0
9000008121,2025-06-11 23:00,0.944722,0,0,0,0,0,0,0,1,1,0,0,0,9.0,100.0,0.0,0.0,0.0,0.0,0.0,0.0,0.0
9000008121,2025-06-12 00:00,0.992222,0,0,0,0,0,0,1,0,1,0,0,0,9.0,100.0,0.0,0.0,0.0,0.0,0.0,0.0,0.0
9000008121,2025-06-12 01:00,1.0,0,0,0,0,0,0,0,0,0,0,0,0,,0.0,0.0,0.0,0.0,0.0,0.0,0.0,0.0
9000008121,2025-06-12 02:00,0.991111,0,0,0,0,0,0,1,0,1,0,0,0,4.0,100.0,0.0,0.0,0.0,0.0,0.0,0.0,0.0
9000008121,2025-06-12 03:00,0.976944,0,0,0,0,0,0,0,0,0,0,0,0,,0.0,0.0,0.0,0.0,0.0,0.0,0.0,0.0
9000008121,2025-06-12 04:00,0.956667,0,0,0,1,0,1,9,4,13,1,1,2,35.5,23.08,15.38,30.77,23.08,0.0,7.69,0.0,0.0
9000008121,2025-06-12 05:00,0.965278,1,0,1,2,1,3,49,39,88,4,8,12,34.5,28.24,20.0,25.88,21.18,4.71,0.0,0.0,0.0
9000008121,2025-06-12 06:00,0.999444,1,5,6,5,2,7,123,110,233,15,18,33,33.5,19.74,24.03,33.05,17.17,4.72,0.86,0.0,0.43
9000008121,2025-06-12 07:00,0.989444,9,10,19,11,9,20,271,294,565,28,39,68,29.0,16.46,30.77,40.97,10.38,0.89,0.0,0.0,0.36
9000008121,2025-06-12 08:00,0.999167,1,7,8,19,2,21,370,232,602,38,22,60,32.0,5.99,29.62,45.09,16.97,1.83,0.33,0.0,0.33
9000008121,2025-06-12 09:00,0.999722,2,7,9,8,8,16,341,173,514,23,15,38,29.0,19.65,31.91,35.99,10.89,0.78,0.58,0.19,0.0
9000008121,2025-06-12 10:00,0.999444,1,3,4,6,3,9,321,142,463,18,10,28,28.0,18.36,39.09,32.83,7.13,2.16,0.0,0.43,0.0
9000008121,2025-06-12 11:00,0.999167,5,13,18,1,8,9,190,153,343,17,20,37,26.0,43.73,27.7,22.16,4.66,0.87,0.29,0.29,0.29
9000008121,2025-06-12 12:00,0.999444,0,4,4,0,0,0,244,175,419,31,36,67,32.5,23.15,28.16,28.4,15.04,3.34,1.43,0.24,0.24
9000008121,2025-06-12 13:00,0.999444,0,1,1,0,1,1,227,130,357,46,42,88,33.5,4.2,29.41,43.98,15.41,4.76,1.4,0.84,0.0
9000008121,2025-06-12 14:00,0.999444,0,0,0,2,1,3,355,159,514,63,11,74,34.5,3.7,19.46,45.91,25.49,4.67,0.58,0.19,0.0
9000008121,2025-06-12 15:00,0.999444,1,5,6,12,1,13,458,127,585,38,7,45,33.0,3.59,21.03,51.79,20.17,2.74,0.34,0.0,0.34
9000008121,2025-06-12 16:00,0.999444,0,11,11,9,2,11,344,295,639,23,12,35,32.0,15.34,27.39,38.18,15.81,2.82,0.47,0.0,0.0
9000008121,2025-06-12 17:00,0.999722,9,37,46,12,17,29,488,243,731,27,24,51,32.0,12.04,22.44,45.96,17.37,1.92,0.27,0.0,0.0
9000008121,2025-06-12 18:00,0.999167,3,26,29,12,31,43,298,245,543,19,49,68,33.5,3.87,26.15,44.94,21.36,3.13,0.37,0.0,0.18
9000008121,2025-06-12 19:00,0.999722,2,26,28,14,8,22,208,172,380,14,28,42,31.0,4.21,30.79,47.63,15.26,1.84,0.0,0.26,0.0
9000008121,2025-06-12 20:00,0.999444,2,10,12,15,3,18,160,115,275,9,18,27,31.0,6.18,29.82,46.18,15.27,1.45,0.73,0.36,0.0
9000008121,2025-06-12 21:00,0.999167,1,2,3,11,8,19,85,64,149,3,5,8,30.0,10.07,33.56,42.28,8.05,4.03,1.34,0.67,0.0
9000008121,2025-06-12 22:00,0.9775,0,0,0,5,0,5,3,0,3,1,0,1,23.0,33.33,33.33,33.33,0.0,0.0,0.0,0.0,0.0
9000008121,2025-06-12 23:00,0.972778,0,0,0,0,0,0,0,1,1,0,0,0,4.0,100.0,0.0,0.0,0.0,0.0,0.0,0.0,0.0
9000008121,2025-06-13 00:00,0.986389,0,0,0,0,0,0,3,0,3,0,0,0,38.0,0.0,66.67,0.0,33.33,0.0,0.0,0.0,0.0
9000008121,2025-06-13 01:00,0.966667,0,0,0,0,0,0,0,0,0,0,0,0,,0.0,0.0,0.0,0.0,0.0,0.0,0.0,0.0
9000008121,2025-06-13 02:00,0.999167,0,0,0,0,0,0,0,0,0,0,0,0,,0.0,0.0,0.0,0.0,0.0,0.0,0.0,0.0
9000008121,2025-06-13 03:00,0.9875,0,0,0,0,0,0,0,0,0,0,0,0,,0.0,0.0,0.0,0.0,0.0,0.0,0.0,0.0
9000008121,2025-06-13 04:00,0.974722,0,0,0,0,0,0,9,4,13,2,1,3,35.0,23.08,15.38,30.77,15.38,7.69,7.69,0.0,0.0
9000008121,2025-06-13 05:00,0.983056,0,0,0,4,2,6,55,27,82,5,10,15,35.0,4.94,27.16,40.74,23.46,3.7,0.0,0.0,0.0
9000008121,2025-06-13 06:00,0.999444,1,3,4,8,3,11,99,61,160,12,16,28,33.5,3.12,24.38,46.25,24.38,0.62,0.62,0.62,0.0
9000008121,2025-06-13 07:00,0.999167,2,8,10,18,2,20,244,243,487,18,32,50,32.5,9.65,29.36,40.86,16.22,3.49,0.21,0.0,0.21
9000008121,2025-06-13 08:00,0.999444,0,6,6,12,5,17,328,228,556,30,24,54,31.5,10.97,33.81,36.33,16.55,2.16,0.18,0.0,0.0
9000008121,2025-06-13 09:00,0.999722,1,3,4,11,8,19,323,161,484,30,16,46,29.0,26.65,30.79,29.34,11.78,0.62,0.62,0.0,0.21
9000008121,2025-06-13 10:00,0.999167,0,0,0,3,0,3,71,47,118,7,5,12,26.5,40.68,30.51,17.8,7.63,3.39,0.0,0.0,0.0
9000008121,2025-06-13 11:00,0.999722,2,5,7,0,8,8,172,106,278,19,18,37,26.5,39.57,28.42,25.18,5.4,1.08,0.0,0.0,0.36
9000008121,2025-06-13 12:00,0.999444,0,9,9,0,4,4,227,148,375,34,18,52,31.0,32.27,22.93,28.27,12.8,3.2,0.27,0.27,0.0
9000008121,2025-06-13 13:00,0.999444,0,5,5,6,1,7,280,172,452,45,46,91,31.5,11.95,27.65,41.81,14.6,3.32,0.44,0.22,0.0
9000008121,2025-06-13 14:00,0.999444,0,1,1,14,6,20,408,231,639,50,11,61,33.0,12.52,25.67,40.85,15.18,3.91,1.41,0.31,0.16
9000008121,2025-06-13 15:00,0.999444,0,4,4,12,6,18,386,207,593,47,7,54,33.0,7.76,27.99,42.83,17.2,3.04,1.01,0.0,0.17
9000008121,2025-06-13 16:00,0.999444,2,28,30,13,9,22,282,251,533,18,13,31,31.0,17.45,25.52,40.34,14.45,1.69,0.19,0.19,0.19
9000008121,2025-06-13 17:00,0.999444,6,56,62,15,22,37,260,198,458,10,17,27,32.0,20.09,26.86,33.84,16.59,2.62,0.0,0.0,0.0
9000008121,2025-06-13 18:00,0.999444,3,12,15,25,26,51,258,216,474,13,34,47,31.5,14.14,26.58,41.98,14.14,2.53,0.63,0.0,0.0
9000008121,2025-06-13 19:00,0.999444,4,7,11,15,10,25,222,176,398,12,22,34,32.5,14.57,22.61,41.21,18.34,3.02,0.25,0.0,0.0
9000008121,2025-06-13 20:00,0.999722,2,4,6,9,3,12,131,139,270,6,5,11,30.0,15.19,32.96,37.04,11.85,2.22,0.74,0.0,0.0
9000008121,2025-06-13 21:00,0.999444,0,0,0,4,2,6,63,40,103,3,6,9,29.0,20.39,18.45,49.51,10.68,0.0,0.0,0.0,0.97
9000008121,2025-06-13 22:00,1.0,0,0,0,0,0,0,0,0,0,0,0,0,,0.0,0.0,0.0,0.0,0.0,0.0,0.0,0.0
9000008121,2025-06-13 23:00,0.999722,0,0,0,0,0,0,0,0,0,0,0,0,,0.0,0.0,0.0,0.0,0.0,0.0,0.0,0.0
9000008121,2025-06-14 00:00,0.987778,0,0,0,0,0,0,0,0,0,0,0,0,,0.0,0.0,0.0,0.0,0.0,0.0,0.0,0.0
9000008121,2025-06-14 01:00,0.9925,0,0,0,0,0,0,0,1,1,0,0,0,4.0,100.0,0.0,0.0,0.0,0.0,0.0,0.0,0.0
9000008121,2025-06-14 02:00,0.973056,0,0,0,0,0,0,0,0,0,0,0,0,,0.0,0.0,0.0,0.0,0.0,0.0,0.0,0.0
9000008121,2025-06-14 03:00,0.984722,0,0,0,0,0,0,0,0,0,0,0,0,,0.0,0.0,0.0,0.0,0.0,0.0,0.0,0.0
9000008121,2025-06-14 04:00,0.999167,0,0,0,1,0,1,6,3,9,0,0,0,31.5,11.11,22.22,44.44,22.22,0.0,0.0,0.0,0.0
9000008121,2025-06-14 05:00,0.989722,0,0,0,0,1,1,14,10,24,3,3,6,36.0,29.17,12.5,33.33,16.67,4.17,4.17,0.0,0.0
9000008121,2025-06-14 06:00,0.999444,0,1,1,3,1,4,26,28,54,4,5,9,30.0,35.19,18.52,31.48,12.96,1.85,0.0,0.0,0.0
9000008121,2025-06-14 07:00,0.999444,0,0,0,5,0,5,71,43,114,5,10,15,34.5,24.56,17.54,34.21,18.42,5.26,0.0,0.0,0.0
9000008121,2025-06-14 08:00,0.999722,4,1,5,16,5,21,116,78,194,10,11,21,31.5,26.29,20.62,34.54,16.49,2.06,0.0,0.0,0.0
9000008121,2025-06-14 09:00,0.999167,1,1,2,10,4,14,208,100,308,12,11,23,31.0,28.9,21.75,32.47,15.26,1.3,0.0,0.32,0.0
9000008121,2025-06-14 10:00,0.999722,2,0,2,8,4,12,238,97,335,8,5,13,28.5,25.97,28.96,35.22,7.16,2.09,0.3,0.0,0.3
9000008121,2025-06-14 11:00,0.999167,4,33,37,2,13,15,202,120,322,7,8,15,28.5,31.99,26.71,28.88,9.94,1.24,0.31,0.31,0.62
9000008121,2025-06-14 12:00,0.999444,7,26,33,1,13,14,180,153,333,20,15,35,30.0,31.53,26.43,26.73,11.71,3.0,0.6,0.0,0.0
9000008121,2025-06-14 13:00,0.999444,0,2,2,1,1,2,215,168,383,39,37,76,33.0,9.66,24.8,44.13,15.14,4.44,1.04,0.26,0.52
9000008121,2025-06-14 14:00,0.999722,0,1,1,9,2,11,219,171,390,27,11,38,34.5,4.36,26.92,43.08,17.44,6.67,1.03,0.26,0.26
9000008121,2025-06-14 15:00,0.999444,1,12,13,7,1,8,209,148,357,17,8,25,34.5,12.89,21.57,38.66,21.01,5.04,0.56,0.0,0.28
9000008121,2025-06-14 16:00,0.999444,0,17,17,5,4,9,182,156,338,15,9,24,33.5,16.27,24.56,36.69,16.86,3.55,1.48,0.3,0.3
9000008121,2025-06-14 17:00,0.999444,3,25,28,16,6,22,166,155,321,14,16,30,33.5,19.0,24.61,33.64,17.13,5.3,0.31,0.0,0.0
9000008121,2025-06-14 18:00,0.999167,3,9,12,23,4,27,201,192,393,14,39,53,32.5,4.33,32.32,41.48,19.08,2.29,0.51,0.0,0.0
9000008121,2025-06-14 19:00,0.999722,1,14,15,19,5,24,168,144,312,8,21,29,32.5,8.65,32.69,39.74,16.03,2.24,0.64,0.0,0.0
9000008121,2025-06-14 20:00,0.999444,5,10,15,13,2,15,121,111,232,4,8,12,31.0,9.48,34.48,39.22,14.66,1.72,0.0,0.43,0.0
9000008121,2025-06-14 21:00,0.999722,1,2,3,8,2,10,64,55,119,2,3,5,29.0,1.68,36.97,50.42,8.4,2.52,0.0,0.0,0.0
9000008121,2025-06-14 22:00,0.999444,0,0,0,0,0,0,1,1,2,0,0,0,13.5,50.0,50.0,0.0,0.0,0.0,0.0,0.0,0.0
9000008121,2025-06-14 23:00,0.999722,0,0,0,0,0,0,1,0,1,0,0,0,19.0,0.0,100.0,0.0,0.0,0.0,0.0,0.0,0.0
9000008121,2025-06-15 00:00,0.994167,0,0,0,0,0,0,1,0,1,0,0,0,39.0,0.0,0.0,0.0,100.0,0.0,0.0,0.0,0.0
9000008121,2025-06-15 01:00,0.999444,0,0,0,0,0,0,0,0,0,0,0,0,,0.0,0.0,0.0,0.0,0.0,0.0,0.0,0.0
9000008121,2025-06-15 02:00,0.999444,0,0,0,0,0,0,0,0,0,0,0,0,,0.0,0.0,0.0,0.0,0.0,0.0,0.0,0.0
9000008121,2025-06-15 03:00,0.989444,0,0,0,0,0,0,0,0,0,0,0,0,,0.0,0.0,0.0,0.0,0.0,0.0,0.0,0.0
9000008121,2025-06-15 04:00,0.982778,0,0,0,1,0,1,2,6,8,0,0,0,29.5,0.0,25.0,62.5,12.5,0.0,0.0,0.0,0.0
9000008121,2025-06-15 05:00,0.999444,0,0,0,1,1,2,21,19,40,1,0,1,33.0,2.5,32.5,42.5,15.0,7.5,0.0,0.0,0.0
9000008121,2025-06-15 06:00,0.999167,0,4,4,2,1,3,29,28,57,2,0,2,34.5,7.02,26.32,38.6,21.05,7.02,0.0,0.0,0.0
9000008121,2025-06-15 07:00,0.999444,1,2,3,2,1,3,44,33,77,5,3,8,36.5,6.49,24.68,37.66,24.68,6.49,0.0,0.0,0.0
9000008121,2025-06-15 08:00,0.999444,3,3,6,13,2,15,95,56,151,5,6,11,33.0,7.28,27.15,43.05,21.19,1.32,0.0,0.0,0.0
9000008121,2025-06-15 09:00,0.999722,2,0,2,7,2,9,135,106,241,3,5,8,30.5,14.11,32.78,37.34,13.28,1.66,0.0,0.83,0.0
9000008121,2025-06-15 10:00,0.999444,1,0,1,9,0,9,192,83,275,4,2,6,29.5,23.27,29.09,35.27,10.55,1.45,0.36,0.0,0.0
9000008121,2025-06-15 11:00,0.999722,0,14,14,7,2,9,192,97,289,7,6,13,29.5,30.8,19.03,37.02,11.07,1.73,0.35,0.0,0.0
9000008121,2025-06-15 12:00,0.999167,2,18,20,3,7,10,189,184,373,7,25,32,30.0,36.73,21.98,26.81,11.8,2.14,0.54,0.0,0.0
9000008121,2025-06-15 13:00,0.999444,0,10,10,7,2,9,167,179,346,7,30,37,32.0,18.21,26.01,36.13,14.74,4.34,0.29,0.29,0.0
9000008121,2025-06-15 14:00,0.999444,2,35,37,17,14,31,195,136,331,5,8,13,33.0,12.69,22.96,41.99,18.13,3.02,0.6,0.6,0.0
9000008121,2025-06-15 15:00,0.999722,1,31,32,12,7,19,169,121,290,5,10,15,34.0,21.03,20.0,31.72,21.72,4.14,1.38,0.0,0.0
9000008121,2025-06-15 16:00,0.999444,6,42,48,17,6,23,202,109,311,5,5,10,32.5,16.08,20.9,41.16,19.29,2.25,0.32,0.0,0.0
9000008121,2025-06-15 17:00,0.999167,1,8,9,13,2,15,205,89,294,8,14,22,32.5,14.97,16.67,46.94,19.73,1.02,0.34,0.0,0.34
9000008121,2025-06-15 18:00,0.999167,0,19,19,19,2,21,223,126,349,5,11,16,32.5,11.17,26.07,42.12,16.33,3.15,0.86,0.29,0.0
9000008121,2025-06-15 19:00,0.999444,0,13,13,13,4,17,125,91,216,4,9,13,33.5,12.96,27.31,34.72,21.3,3.7,0.0,0.0,0.0
9000008121,2025-06-15 20:00,0.999444,1,5,6,14,3,17,124,72,196,6,6,12,32.0,18.37,22.96,38.78,15.31,4.08,0.51,0.0,0.0
9000008121,2025-06-15 21:00,0.981944,0,0,0,6,1,7,27,14,41,1,2,3,34.0,12.5,27.5,35.0,17.5,10.0,0.0,0.0,0.0
9000008121,2025-06-15 22:00,0.990278,0,0,0,0,2,2,5,2,7,0,0,0,27.5,14.29,28.57,57.14,0.0,0.0,0.0,0.0,0.0
9000008121,2025-06-15 23:00,0.995556,0,0,0,0,3,3,3,3,6,0,0,0,25.5,66.67,16.67,16.67,0.0,0.0,0.0,0.0,0.0
9000008121,2025-06-16 00:00,0.989167,0,0,0,0,0,0,0,0,0,0,0,0,,0.0,0.0,0.0,0.0,0.0,0.0,0.0,0.0
9000008121,2025-06-16 01:00,0.999722,0,0,0,0,0,0,0,0,0,0,0,0,,0.0,0.0,0.0,0.0,0.0,0.0,0.0,0.0
9000008121,2025-06-16 02:00,0.997222,0,0,0,0,0,0,0,0,0,0,0,0,,0.0,0.0,0.0,0.0,0.0,0.0,0.0,0.0
9000008121,2025-06-16 03:00,0.990278,0,0,0,0,0,0,0,0,0,0,0,0,,0.0,0.0,0.0,0.0,0.0,0.0,0.0,0.0
9000008121,2025-06-16 04:00,0.989167,0,0,0,0,0,0,3,0,3,0,0,0,32.5,0.0,66.67,0.0,33.33,0.0,0.0,0.0,0.0
9000008121,2025-06-16 05:00,0.975556,0,0,0,3,1,4,48,21,69,5,4,9,35.0,20.9,14.93,34.33,22.39,4.48,1.49,1.49,0.0
9000008121,2025-06-16 06:00,0.999444,0,2,2,4,2,6,115,71,186,13,17,30,33.5,22.04,17.2,35.48,20.97,3.76,0.54,0.0,0.0
9000008121,2025-06-16 07:00,0.988056,1,2,3,12,3,15,257,240,496,20,25,46,29.0,27.96,22.04,38.78,10.2,0.61,0.2,0.0,0.2
9000008121,2025-06-16 08:00,0.999722,3,5,8,21,9,30,351,263,614,28,26,54,33.0,25.57,16.94,35.5,19.22,2.77,0.0,0.0,0.0
9000008121,2025-06-16 09:00,0.999444,1,1,2,27,3,30,329,181,510,28,31,59,32.5,19.8,16.27,42.94,17.45,3.53,0.0,0.0,0.0
9000008121,2025-06-16 10:00,0.999444,2,3,5,18,8,26,305,170,475,35,32,67,31.5,19.58,22.32,39.58,15.79,2.11,0.42,0.0,0.21
9000008121,2025-06-16 11:00,0.999444,2,3,5,21,10,31,292,210,502,36,29,65,32.0,21.51,20.52,38.84,15.74,2.79,0.6,0.0,0.0
9000008121,2025-06-16 12:00,0.999444,1,4,5,13,5,18,279,178,457,23,36,59,32.0,18.16,19.47,43.11,15.32,3.06,0.66,0.22,0.0
9000008121,2025-06-16 13:00,0.999444,1,5,6,20,3,23,360,181,541,41,32,73,35.0,14.97,17.38,40.3,21.07,4.62,1.48,0.18,0.0
9000008121,2025-06-16 14:00,0.999444,2,11,13,19,17,36,448,239,687,40,28,68,33.0,10.77,21.83,44.25,20.82,1.89,0.29,0.15,0.0
9000008121,2025-06-16 15:00,0.999167,0,9,9,36,6,42,592,246,838,55,47,102,33.0,4.9,24.49,47.07,19.47,3.23,0.84,0.12,0.0
9000008121,2025-06-16 16:00,0.999444,3,56,59,32,4,36,527,276,803,28,38,66,32.0,14.69,19.18,44.83,18.8,1.74,0.75,0.0,0.0
9000008121,2025-06-16 17:00,0.999444,0,33,33,22,9,31,434,240,674,30,26,56,33.0,12.46,23.0,41.39,19.14,3.41,0.59,0.0,0.0
9000008121,2025-06-16 18:00,0.999444,0,4,4,20,15,35,375,254,629,20,27,47,33.0,10.65,26.71,39.27,18.44,3.66,1.27,0.0,0.0
9000008121,2025-06-16 19:00,0.999444,2,14,16,25,17,42,219,200,419,11,15,26,32.5,7.64,36.28,35.8,17.66,2.39,0.24,0.0,0.0
9000008121,2025-06-16 20:00,0.999722,0,5,5,9,2,11,144,136,280,5,10,15,30.0,13.57,28.21,43.21,11.43,3.21,0.36,0.0,0.0
9000008121,2025-06-16 21:00,0.992222,0,2,2,14,5,19,68,48,116,5,6,11,32.0,14.78,20.87,45.22,17.39,2.61,0.0,0.0,0.0
9000008121,2025-06-16 22:00,0.991944,0,0,0,1,0,1,5,1,6,0,0,0,20.5,66.67,16.67,16.67,0.0,0.0,0.0,0.0,0.0
9000008121,2025-06-16 23:00,0.993333,0,0,0,0,0,0,0,1,1,0,0,0,4.0,100.0,0.0,0.0,0.0,0.0,0.0,0.0,0.0
9000008121,2025-06-17 00:00,0.985278,0,0,0,0,0,0,0,1,1,0,0,0,14.0,0.0,100.0,0.0,0.0,0.0,0.0,0.0,0.0
9000008121,2025-06-17 01:00,0.967222,0,0,0,0,0,0,0,0,0,0,0,0,,0.0,0.0,0.0,0.0,0.0,0.0,0.0,0.0
9000008121,2025-06-17 02:00,0.989444,0,0,0,0,0,0,0,0,0,0,0,0,,0.0,0.0,0.0,0.0,0.0,0.0,0.0,0.0
9000008121,2025-06-17 03:00,0.979444,0,0,0,0,0,0,1,0,1,0,0,0,49.0,0.0,0.0,0.0,0.0,100.0,0.0,0.0,0.0
9000008121,2025-06-17 04:00,0.989444,0,0,0,0,0,0,12,7,19,2,2,4,33.5,21.05,26.32,26.32,26.32,0.0,0.0,0.0,0.0
9000008121,2025-06-17 05:00,0.982222,0,0,0,2,2,4,51,49,100,12,11,24,35.0,22.45,25.51,30.61,13.27,7.14,1.02,0.0,0.0
9000008121,2025-06-17 06:00,0.999444,0,1,1,2,1,3,101,90,191,7,20,27,32.5,19.37,26.18,35.08,14.14,5.24,0.0,0.0,0.0
9000008121,2025-06-17 07:00,0.999444,7,8,15,31,4,35,306,267,573,42,37,79,29.5,13.79,29.14,44.5,11.52,0.7,0.17,0.17,0.0
9000008121,2025-06-17 08:00,0.999444,1,9,10,16,1,17,427,256,683,19,31,50,32.5,13.32,22.99,43.05,17.57,2.34,0.59,0.0,0.15
9000008121,2025-06-17 09:00,0.999722,1,4,5,13,13,26,319,206,525,29,32,61,31.5,15.43,24.38,42.1,15.43,2.1,0.38,0.0,0.19
9000008121,2025-06-17 10:00,0.999167,0,0,0,14,0,14,316,146,462,29,13,42,29.0,27.27,33.12,26.84,9.96,1.73,0.65,0.22,0.22
9000008121,2025-06-17 11:00,0.999444,1,5,6,4,10,14,233,157,390,20,23,43,28.0,33.08,22.82,36.15,6.41,0.77,0.51,0.26,0.0
9000008121,2025-06-17 12:00,0.999444,6,9,15,6,5,11,321,217,538,39,30,69,29.0,27.51,24.91,35.32,9.67,2.23,0.19,0.19,0.0
9000008121,2025-06-17 13:00,0.999444,2,1,3,2,5,7,323,232,555,34,49,83,31.5,23.6,21.44,36.58,15.68,2.16,0.36,0.0,0.18
9000008121,2025-06-17 14:00,0.999167,0,2,2,10,4,14,410,299,709,41,10,51,33.5,15.82,22.74,37.43,18.64,4.66,0.71,0.0,0.14
9000008121,2025-06-17 15:00,0.999444,0,25,25,23,12,35,521,261,782,37,18,55,33.0,11.38,24.04,42.58,16.88,3.71,1.15,0.26,0.0
9000008121,2025-06-17 16:00,0.999722,1,39,40,17,7,24,463,278,741,14,18,32,32.0,15.11,23.21,41.16,17.68,2.43,0.4,0.0,0.0
9000008121,2025-06-17 17:00,0.999444,0,24,24,14,8,22,419,200,619,20,25,45,33.5,17.12,15.19,41.68,22.29,2.75,0.81,0.16,0.0
9000008121,2025-06-17 18:00,0.999444,4,21,25,28,22,50,357,209,566,14,35,49,32.5,14.49,21.55,41.87,19.26,2.3,0.35,0.0,0.18
9000008121,2025-06-17 19:00,0.999444,6,16,22,22,10,32,200,142,342,12,22,34,31.0,15.5,22.81,44.15,15.2,2.05,0.29,0.0,0.0
9000008121,2025-06-17 20:00,0.999444,4,5,9,11,2,13,150,110,260,6,7,13,32.0,15.77,25.77,39.23,16.54,1.92,0.77,0.0,0.0
9000008121,2025-06-17 21:00,0.999722,0,1,1,11,6,17,64,40,104,3,3,6,32.0,22.12,15.38,44.23,14.42,1.92,1.92,0.0,0.0
9000008121,2025-06-17 22:00,0.999167,0,0,0,2,0,2,1,3,4,0,0,0,8.5,100.0,0.0,0.0,0.0,0.0,0.0,0.0,0.0
9000008121,2025-06-17 23:00,0.999722,0,0,0,0,0,0,0,1,1,0,0,0,4.0,100.0,0.0,0.0,0.0,0.0,0.0,0.0,0.0
9000008121,2025-06-18 00:00,0.986667,0,0,0,1,0,1,2,1,3,0,0,0,8.0,100.0,0.0,0.0,0.0,0.0,0.0,0.0,0.0
9000008121,2025-06-18 01:00,0.999167,0,0,0,0,0,0,0,0,0,0,0,0,,0.0,0.0,0.0,0.0,0.0,0.0,0.0,0.0
9000008121,2025-06-18 02:00,0.988889,0,0,0,0,0,0,0,0,0,0,0,0,,0.0,0.0,0.0,0.0,0.0,0.0,0.0,0.0
9000008121,2025-06-18 03:00,0.990556,0,0,0,0,0,0,0,0,0,0,0,0,,0.0,0.0,0.0,0.0,0.0,0.0,0.0,0.0
9000008121,2025-06-18 04:00,0.999444,0,0,0,0,0,0,8,2,10,1,2,3,31.0,10.0,20.0,50.0,20.0,0.0,0.0,0.0,0.0
9000008121,2025-06-18 05:00,0.999444,0,1,1,4,2,6,52,26,78,8,7,15,35.5,3.85,23.08,46.15,19.23,7.69,0.0,0.0,0.0
9000008121,2025-06-18 06:00,0.999722,0,1,1,4,3,7,114,95,209,15,23,38,33.5,6.22,26.32,42.11,23.44,1.44,0.0,0.0,0.48
9000008121,2025-06-18 07:00,0.999444,6,23,29,16,11,27,334,264,598,28,28,56,31.5,5.69,31.44,44.65,14.88,2.51,0.5,0.33,0.0
9000008121,2025-06-18 08:00,0.999167,9,27,36,29,16,45,426,236,662,37,27,64,32.5,3.03,28.9,45.54,19.21,3.18,0.15,0.15,0.0
9000008121,2025-06-18 09:00,0.999444,1,2,3,23,7,30,343,199,542,21,26,47,31.0,11.62,31.37,40.22,14.39,2.03,0.37,0.0,0.0
9000008121,2025-06-18 10:00,0.999722,0,0,0,19,8,27,312,150,462,25,11,36,29.5,8.87,33.98,45.02,10.61,0.87,0.22,0.43,0.0
9000008121,2025-06-18 11:00,0.999167,3,6,9,4,13,17,280,166,446,19,17,36,30.0,13.68,30.04,41.26,12.56,1.79,0.45,0.0,0.22
9000008121,2025-06-18 12:00,0.999444,3,14,17,1,10,11,270,209,479,25,28,53,31.5,11.48,26.72,43.84,13.78,3.76,0.42,0.0,0.0
9000008121,2025-06-18 13:00,0.999722,1,5,6,13,6,19,282,223,505,30,43,73,32.5,11.29,29.7,40.0,14.85,3.56,0.59,0.0,0.0
9000008121,2025-06-18 14:00,0.999444,2,7,9,21,8,29,415,219,634,55,21,76,34.5,16.25,19.56,32.65,26.66,3.79,0.79,0.16,0.16
9000008121,2025-06-18 15:00,0.999722,1,20,21,32,13,45,490,284,774,46,22,68,33.5,10.98,24.03,39.79,20.67,3.49,0.52,0.26,0.26
9000008121,2025-06-18 16:00,0.999444,2,29,31,33,7,40,409,284,693,31,30,61,33.0,20.63,20.06,35.21,20.92,2.6,0.43,0.0,0.14
9000008121,2025-06-18 17:00,0.999444,1,30,31,25,20,45,403,279,682,28,29,57,33.0,22.87,17.45,38.12,17.16,3.37,0.59,0.15,0.29
9000008121,2025-06-18 18:00,0.999722,9,27,36,30,19,49,350,265,615,15,23,38,30.5,20.81,20.98,42.28,13.17,2.11,0.65,0.0,0.0
9000008121,2025-06-18 19:00,0.999444,1,26,27,16,3,19,198,178,376,12,19,31,31.5,26.86,17.82,37.77,14.1,3.19,0.27,0.0,0.0
9000008121,2025-06-18 20:00,0.999444,3,15,18,15,4,19,167,133,300,7,14,21,31.5,25.67,20.0,36.33,12.67,4.33,0.33,0.33,0.33
9000008121,2025-06-18 21:00,0.999722,0,1,1,8,2,10,59,32,91,1,2,3,29.0,25.27,17.58,47.25,6.59,3.3,0.0,0.0,0.0
9000008121,2025-06-18 22:00,0.999444,0,0,0,0,1,1,1,0,1,0,0,0,4.0,100.0,0.0,0.0,0.0,0.0,0.0,0.0,0.0
9000008121,2025-06-18 23:00,0.999167,0,0,0,0,0,0,1,2,3,0,0,0,8.0,100.0,0.0,0.0,0.0,0.0,0.0,0.0,0.0
9000008121,2025-06-19 00:00,0.971944,0,0,0,0,0,0,2,0,2,0,0,0,13.5,50.0,50.0,0.0,0.0,0.0,0.0,0.0,0.0
9000008121,2025-06-19 01:00,0.999444,0,0,0,0,0,0,0,0,0,0,0,0,,0.0,0.0,0.0,0.0,0.0,0.0,0.0,0.0
9000008121,2025-06-19 02:00,0.985278,0,0,0,0,0,0,0,0,0,0,0,0,,0.0,0.0,0.0,0.0,0.0,0.0,0.0,0.0
9000008121,2025-06-19 03:00,0.9925,0,0,0,0,0,0,0,0,0,0,0,0,,0.0,0.0,0.0,0.0,0.0,0.0,0.0,0.0
9000008121,2025-06-19 04:00,0.965833,0,0,0,0,0,0,9,2,11,1,1,2,29.0,18.18,9.09,63.64,9.09,0.0,0.0,0.0,0.0
9000008121,2025-06-19 05:00,0.984722,0,3,3,4,1,5,48,29,77,6,8,14,33.0,32.89,7.89,36.84,19.74,1.32,1.32,0.0,0.0
9000008121,2025-06-19 06:00,0.999444,0,2,2,5,1,6,131,78,209,9,22,31,32.5,24.4,16.27,40.19,14.35,3.83,0.0,0.0,0.96
9000008121,2025-06-19 07:00,0.979167,0,6,6,15,3,19,318,268,586,27,27,54,32.5,7.14,26.31,44.95,19.69,1.92,0.0,0.0,0.0
9000008121,2025-06-19 08:00,0.999444,0,1,1,27,4,31,387,213,600,28,12,40,33.5,6.5,23.83,46.0,20.33,2.17,1.0,0.0,0.17
9000008121,2025-06-19 09:00,0.999444,0,2,2,11,3,14,331,180,511,14,26,40,29.5,26.22,23.68,36.79,10.57,2.15,0.59,0.0,0.0
9000008121,2025-06-19 10:00,0.999444,0,5,5,16,7,23,352,149,501,22,12,34,29.5,18.96,29.94,37.52,11.18,2.4,0.0,0.0,0.0
9000008121,2025-06-19 11:00,0.999167,2,8,10,11,10,21,257,180,437,25,22,47,29.5,25.17,28.6,32.49,9.38,3.2,0.46,0.0,0.69
9000008121,2025-06-19 12:00,0.999444,2,8,10,12,5,17,268,211,479,27,17,44,30.5,19.62,29.44,34.45,14.82,1.25,0.0,0.21,0.21
9000008121,2025-06-19 13:00,0.999444,0,9,9,13,14,27,281,194,475,30,30,60,32.5,12.84,25.68,41.47,14.95,4.0,0.63,0.21,0.21
9000008121,2025-06-19 14:00,0.999444,0,9,9,28,13,41,490,238,728,48,25,73,34.0,8.65,22.66,39.01,24.45,3.98,0.69,0.55,0.0
9000008121,2025-06-19 15:00,0.999444,1,22,23,36,7,43,575,252,827,39,18,57,34.5,8.34,19.11,41.84,25.27,4.35,0.85,0.24,0.0
9000008121,2025-06-19 16:00,0.999444,2,66,68,43,8,51,517,280,797,33,27,60,31.5,19.45,19.07,43.54,15.43,2.01,0.38,0.13,0.0
9000008121,2025-06-19 17:00,0.999444,1,52,53,29,9,38,430,272,702,21,21,42,32.5,22.36,16.67,39.74,18.95,1.85,0.43,0.0,0.0
9000008121,2025-06-19 18:00,0.999444,5,28,33,25,11,36,402,260,662,22,21,43,31.5,18.43,18.88,43.81,16.77,1.51,0.45,0.0,0.15
9000008121,2025-06-19 19:00,0.999444,2,27,29,13,5,18,191,182,373,10,23,33,30.5,26.27,21.98,35.66,13.14,2.68,0.27,0.0,0.0
9000008121,2025-06-19 20:00,0.999722,1,10,11,13,4,17,150,130,280,9,6,15,29.5,28.57,20.71,37.5,12.14,0.71,0.0,0.36,0.0
9000008121,2025-06-19 21:00,0.999444,1,1,2,12,4,16,73,50,123,10,4,14,31.0,22.76,16.26,43.9,16.26,0.81,0.0,0.0,0.0
9000008121,2025-06-19 22:00,0.984444,0,0,0,0,0,0,1,0,1,0,0,0,24.0,0.0,0.0,100.0,0.0,0.0,0.0,0.0,0.0
9000008121,2025-06-19 23:00,0.993611,0,0,0,0,2,2,1,2,3,0,0,0,33.0,0.0,66.67,0.0,33.33,0.0,0.0,0.0,0.0
9000008121,2025-06-20 00:00,0.979722,0,0,0,0,0,0,0,1,1,0,0,0,14.0,0.0,100.0,0.0,0.0,0.0,0.0,0.0,0.0
9000008121,2025-06-20 01:00,0.975278,0,0,0,0,0,0,0,0,0,0,0,0,,0.0,0.0,0.0,0.0,0.0,0.0,0.0,0.0
9000008121,2025-06-20 02:00,0.980556,0,0,0,0,0,0,0,0,0,0,0,0,,0.0,0.0,0.0,0.0,0.0,0.0,0.0,0.0
9000008121,2025-06-20 03:00,0.959444,0,0,0,0,0,0,0,0,0,0,0,0,,0.0,0.0,0.0,0.0,0.0,0.0,0.0,0.0
9000008121,2025-06-20 04:00,0.941389,0,0,0,0,0,0,6,3,9,1,1,2,29.5,37.5,0.0,50.0,0.0,0.0,0.0,12.5,0.0
9000008121,2025-06-20 05:00,0.978056,0,0,0,3,1,4,48,36,84,5,6,11,34.5,35.37,8.54,34.15,17.07,4.88,0.0,0.0,0.0
9000008121,2025-06-20 06:00,0.999444,0,2,2,4,2,6,111,72,183,8,12,20,33.5,24.59,14.75,37.7,17.49,4.92,0.55,0.0,0.0
9000008121,2025-06-20 07:00,0.988889,0,2,2,16,6,22,283,209,492,14,30,44,31.5,9.88,26.95,44.24,17.08,1.85,0.0,0.21,0.0
9000008121,2025-06-20 08:00,0.999444,3,2,5,21,5,26,362,220,582,27,19,46,31.0,8.76,25.95,47.59,15.98,1.37,0.34,0.0,0.0
9000008121,2025-06-20 09:00,0.999722,4,7,11,15,7,22,327,219,546,21,28,49,30.5,8.79,28.94,46.34,13.55,1.47,0.92,0.0,0.0
9000008121,2025-06-20 10:00,0.990833,0,2,2,13,1,14,284,151,436,22,12,34,30.0,9.95,33.33,42.59,12.5,1.39,0.23,0.0,0.0
9000008121,2025-06-20 11:00,0.999444,1,7,8,6,6,12,309,121,430,22,22,44,30.5,9.53,30.47,43.95,13.49,2.56,0.0,0.0,0.0
9000008121,2025-06-20 12:00,0.999444,2,11,13,1,12,13,265,222,487,30,40,70,31.5,18.69,29.98,33.06,14.78,3.08,0.0,0.0,0.41
9000008121,2025-06-20 13:00,0.999722,0,6,6,2,0,2,293,184,477,44,54,98,32.0,14.05,24.32,41.51,16.35,3.35,0.0,0.42,0.0
9000008121,2025-06-20 14:00,0.999167,0,3,3,1,1,2,361,198,559,26,17,43,31.0,12.88,26.83,43.11,14.13,2.5,0.36,0.18,0.0
9000008121,2025-06-20 15:00,0.999444,0,12,12,5,4,9,393,191,584,22,7,29,32.5,11.99,22.95,44.86,16.27,2.91,0.86,0.0,0.17
9000008121,2025-06-20 16:00,0.999444,0,17,17,8,3,11,349,219,568,15,13,28,32.0,13.03,24.12,42.78,15.85,3.17,0.35,0.53,0.18
9000008121,2025-06-20 17:00,0.999722,1,16,17,17,9,26,382,219,601,19,19,38,34.0,11.65,19.13,40.27,23.79,4.16,0.83,0.0,0.17
9000008121,2025-06-20 18:00,0.999444,2,15,17,17,16,33,294,209,503,10,26,36,34.5,7.16,26.24,38.57,21.07,5.37,0.99,0.6,0.0
9000008121,2025-06-20 19:00,0.999444,2,18,20,13,6,19,231,164,395,15,19,34,33.5,13.16,23.8,37.72,20.76,2.78,1.01,0.25,0.51
9000008121,2025-06-20 20:00,0.999444,3,13,16,12,2,14,160,114,274,10,9,19,31.5,20.8,20.44,39.42,16.79,2.19,0.36,0.0,0.0
9000008121,2025-06-20 21:00,0.986944,1,2,3,11,5,16,54,39,93,4,4,8,29.0,19.57,28.26,39.13,7.61,4.35,1.09,0.0,0.0
9000008121,2025-06-20 22:00,0.989167,0,0,0,1,2,3,4,3,7,0,0,0,19.5,57.14,28.57,0.0,14.29,0.0,0.0,0.0,0.0
9000008121,2025-06-20 23:00,0.968611,0,0,0,0,0,0,3,4,7,0,0,0,29.5,57.14,14.29,14.29,14.29,0.0,0.0,0.0,0.0
9000008121,2025-06-21 00:00,0.988056,0,0,0,0,0,0,1,0,1,0,0,0,9.0,100.0,0.0,0.0,0.0,0.0,0.0,0.0,0.0
9000008121,2025-06-21 01:00,0.981111,0,0,0,0,0,0,0,0,0,0,0,0,,0.0,0.0,0.0,0.0,0.0,0.0,0.0,0.0
9000008121,2025-06-21 02:00,0.998333,0,0,0,0,0,0,0,0,0,0,0,0,,0.0,0.0,0.0,0.0,0.0,0.0,0.0,0.0
9000008121,2025-06-21 03:00,0.979167,0,0,0,0,0,0,0,2,2,0,0,0,8.5,100.0,0.0,0.0,0.0,0.0,0.0,0.0,0.0
9000008121,2025-06-21 04:00,0.989167,0,0,0,0,0,0,5,7,12,0,0,0,21.0,33.33,50.0,8.33,8.33,0.0,0.0,0.0,0.0
9000008121,2025-06-21 05:00,0.997222,1,0,1,1,1,2,23,11,34,2,1,3,35.0,14.71,8.82,44.12,29.41,0.0,2.94,0.0,0.0
9000008121,2025-06-21 06:00,0.999444,0,1,1,1,0,1,31,29,60,5,3,8,33.5,8.33,45.0,25.0,15.0,5.0,0.0,0.0,1.67
9000008121,2025-06-21 07:00,0.999444,3,4,7,3,0,3,84,50,134,9,7,16,33.0,6.72,27.61,41.79,19.4,2.24,2.24,0.0,0.0
9000008121,2025-06-21 08:00,0.999167,0,0,0,5,2,7,122,83,205,13,7,20,31.0,14.63,29.76,39.02,13.17,2.44,0.49,0.0,0.49
9000008121,2025-06-21 09:00,0.999722,1,0,1,13,1,14,237,100,337,9,14,23,30.5,17.21,22.85,43.62,14.24,1.78,0.3,0.0,0.0
9000008121,2025-06-21 10:00,0.999444,0,0,0,11,2,13,268,112,380,16,9,25,30.5,16.84,23.95,43.16,13.95,1.84,0.26,0.0,0.0
9000008121,2025-06-21 11:00,0.999444,2,14,16,5,7,12,258,121,379,13,18,31,29.5,29.55,22.69,35.09,8.97,2.37,1.06,0.26,0.0
9000008121,2025-06-21 12:00,0.999444,5,16,21,1,2,3,248,225,473,15,32,47,29.5,20.93,30.02,34.88,10.99,2.54,0.21,0.21,0.21
9000008121,2025-06-21 13:00,0.999444,0,1,1,2,0,2,217,173,390,27,57,84,33.5,14.1,24.36,36.41,19.23,3.85,1.28,0.51,0.26
9000008121,2025-06-21 14:00,0.999722,0,3,3,2,2,4,264,205,469,23,11,34,33.5,11.73,23.88,42.43,15.78,5.33,0.43,0.43,0.0
9000008121,2025-06-21 15:00,0.999444,0,8,8,4,3,7,247,112,359,21,9,30,34.0,13.65,19.5,43.18,18.94,3.9,0.28,0.56,0.0
9000008121,2025-06-21 16:00,0.999444,1,11,12,14,1,15,205,171,376,16,6,22,34.5,16.22,22.61,34.04,19.41,5.32,1.6,0.53,0.27
9000008121,2025-06-21 17:00,0.999444,1,22,23,5,4,9,233,169,402,9,11,20,33.0,28.11,14.68,35.82,18.16,2.49,0.5,0.25,0.0
9000008121,2025-06-21 18:00,0.999444,1,8,9,14,14,28,206,168,374,14,34,48,33.5,9.63,28.34,40.37,15.24,6.15,0.27,0.0,0.0
9000008121,2025-06-21 19:00,0.999167,4,17,21,12,5,17,169,142,311,17,49,66,33.5,17.04,25.4,32.48,22.19,1.93,0.64,0.32,0.0
9000008121,2025-06-21 20:00,0.999444,3,9,12,9,5,14,147,120,267,4,14,18,33.5,19.48,25.47,32.96,16.85,4.49,0.37,0.0,0.37
9000008121,2025-06-21 21:00,0.999722,0,4,4,5,3,8,69,63,132,1,9,10,30.5,17.42,28.79,37.88,12.12,3.79,0.0,0.0,0.0
9000008121,2025-06-21 22:00,0.999444,0,0,0,0,0,0,1,0,1,0,0,0,19.0,0.0,100.0,0.0,0.0,0.0,0.0,0.0,0.0
9000008121,2025-06-21 23:00,0.999167,0,0,0,0,1,1,0,1,1,0,0,0,24.0,0.0,0.0,100.0,0.0,0.0,0.0,0.0,0.0
9000008121,2025-06-22 00:00,1.0,0,0,0,0,0,0,0,0,0,0,0,0,,0.0,0.0,0.0,0.0,0.0,0.0,0.0,0.0
9000008121,2025-06-22 01:00,0.990833,0,0,0,0,0,0,0,0,0,0,0,0,,0.0,0.0,0.0,0.0,0.0,0.0,0.0,0.0
9000008121,2025-06-22 02:00,0.99,0,0,0,0,1,1,0,1,1,0,0,0,4.0,100.0,0.0,0.0,0.0,0.0,0.0,0.0,0.0
9000008121,2025-06-22 03:00,0.981389,0,0,0,0,0,0,0,0,0,0,0,0,,0.0,0.0,0.0,0.0,0.0,0.0,0.0,0.0
9000008121,2025-06-22 04:00,0.987222,0,0,0,0,0,0,4,1,5,0,0,0,61.0,0.0,0.0,20.0,60.0,0.0,0.0,20.0,0.0
9000008121,2025-06-22 05:00,0.999167,0,0,0,2,1,3,25,16,41,0,1,1,34.0,24.39,14.63,36.59,19.51,4.88,0.0,0.0,0.0
9000008121,2025-06-22 06:00,0.999444,1,1,2,1,0,1,25,22,47,1,2,3,33.5,34.04,12.77,25.53,19.15,6.38,2.13,0.0,0.0
9000008121,2025-06-22 07:00,0.999444,0,0,0,1,0,1,45,32,77,3,3,6,34.0,15.58,22.08,32.47,23.38,5.19,1.3,0.0,0.0
9000008121,2025-06-22 08:00,0.999444,0,0,0,11,3,14,97,51,148,4,2,6,32.5,12.16,16.22,50.0,18.92,2.03,0.0,0.68,0.0
9000008121,2025-06-22 09:00,0.999444,0,2,2,2,5,7,178,89,267,5,4,9,31.0,18.35,24.72,40.07,13.86,2.25,0.75,0.0,0.0
9000008121,2025-06-22 10:00,0.999722,0,0,0,12,3,15,175,61,236,4,4,8,29.0,19.49,34.32,34.32,11.44,0.42,0.0,0.0,0.0
9000008121,2025-06-22 11:00,0.999167,1,7,8,1,1,2,130,69,199,4,8,12,29.5,32.16,26.13,28.14,11.56,1.51,0.0,0.5,0.0
9000008121,2025-06-22 12:00,0.999722,3,7,10,1,5,6,160,104,264,6,5,11,32.0,18.94,30.3,31.06,14.77,4.17,0.38,0.0,0.38
9000008121,2025-06-22 13:00,0.999167,1,2,3,1,2,3,126,124,250,7,15,22,33.0,11.6,24.8,39.6,19.6,3.6,0.8,0.0,0.0
9000008121,2025-06-22 14:00,0.999444,1,5,6,2,3,5,168,129,297,12,3,15,35.0,2.02,29.63,37.04,22.9,6.06,2.02,0.34,0.0
9000008121,2025-06-22 15:00,0.999722,1,8,9,1,4,5,151,87,238,5,3,8,34.5,9.24,19.75,39.92,24.37,6.3,0.42,0.0,0.0
9000008121,2025-06-22 16:00,0.999167,0,29,29,11,1,12,154,125,279,7,12,19,34.5,11.11,31.54,30.82,20.79,4.66,0.72,0.36,0.0
9000008121,2025-06-22 17:00,0.999444,3,19,22,10,3,13,167,128,295,5,20,25,34.0,15.93,21.02,37.97,21.36,2.71,0.68,0.34,0.0
9000008121,2025-06-22 18:00,0.999444,3,16,19,25,8,33,178,133,311,4,30,34,33.5,14.79,23.15,39.55,17.04,5.14,0.32,0.0,0.0
9000008121,2025-06-22 19:00,0.999444,4,13,17,19,3,22,168,136,304,5,32,37,32.0,22.7,20.39,37.83,15.79,2.96,0.33,0.0,0.0
9000008121,2025-06-22 20:00,0.999444,2,6,8,11,2,13,130,114,244,4,21,25,31.0,9.02,34.02,40.57,13.52,2.87,0.0,0.0,0.0
9000008121,2025-06-22 21:00,0.999722,2,2,4,15,4,19,67,61,128,3,4,7,32.5,6.25,28.91,44.53,15.62,3.12,1.56,0.0,0.0
9000008121,2025-06-22 22:00,0.988333,0,0,0,0,0,0,0,0,0,0,0,0,,0.0,0.0,0.0,0.0,0.0,0.0,0.0,0.0
9000008121,2025-06-22 23:00,0.999444,0,0,0,0,0,0,0,0,0,0,0,0,,0.0,0.0,0.0,0.0,0.0,0.0,0.0,0.0
9000008121,2025-06-23 00:00,0.999167,0,0,0,0,0,0,0,0,0,0,0,0,,0.0,0.0,0.0,0.0,0.0,0.0,0.0,0.0
9000008121,2025-06-23 01:00,0.986389,0,0,0,0,0,0,0,0,0,0,0,0,,0.0,0.0,0.0,0.0,0.0,0.0,0.0,0.0
9000008121,2025-06-23 02:00,0.976667,0,0,0,0,0,0,0,0,0,0,0,0,,0.0,0.0,0.0,0.0,0.0,0.0,0.0,0.0
9000008121,2025-06-23 03:00,0.999722,0,0,0,0,0,0,0,0,0,0,0,0,,0.0,0.0,0.0,0.0,0.0,0.0,0.0,0.0
9000008121,2025-06-23 04:00,0.999722,0,0,0,0,0,0,2,0,2,0,0,0,38.5,0.0,0.0,0.0,100.0,0.0,0.0,0.0,0.0
9000008121,2025-06-23 05:00,0.999444,0,0,0,2,3,5,57,37,94,7,12,19,32.0,3.19,27.66,50.0,17.02,2.13,0.0,0.0,0.0
9000008121,2025-06-23 06:00,0.999444,1,4,5,5,3,8,132,93,225,12,19,31,32.0,5.78,29.33,45.78,15.56,2.22,0.89,0.0,0.44
9000008121,2025-06-23 07:00,0.999167,6,29,35,17,20,37,274,288,562,17,27,44,30.0,3.56,41.28,40.21,12.63,2.31,0.0,0.0,0.0
9000008121,2025-06-23 08:00,0.999722,4,21,25,24,12,36,341,259,600,27,23,50,31.5,3.0,37.0,42.5,15.33,1.83,0.17,0.17,0.0
9000008121,2025-06-23 09:00,0.999444,13,16,29,31,24,55,379,187,566,36,22,58,31.0,7.42,33.92,41.87,14.66,1.59,0.35,0.0,0.18
9000008121,2025-06-23 10:00,0.999722,3,10,13,36,14,50,312,166,478,26,15,41,31.0,6.28,32.85,43.31,16.32,1.05,0.21,0.0,0.0
9000008121,2025-06-23 11:00,0.999722,8,28,36,33,24,57,303,211,514,27,28,55,31.5,4.28,35.21,41.44,17.51,1.56,0.0,0.0,0.0
9000008121,2025-06-23 12:00,0.399444,15,34,49,27,25,52,328,228,556,23,29,51,33.0,3.15,33.78,41.44,17.57,3.15,0.9,0.0,0.45
9000008121,2025-06-23 13:00,0.999444,15,41,56,23,21,44,307,210,517,27,18,45,33.0,1.35,34.62,39.07,22.05,2.51,0.39,0.0,0.0
9000008121,2025-06-23 14:00,0.999722,12,34,46,38,27,65,516,245,761,30,24,54,33.0,2.1,26.94,47.44,19.84,3.15,0.39,0.13,0.0
9000008121,2025-06-23 15:00,0.999167,7,43,50,52,22,74,509,309,818,33,36,69,32.0,7.34,30.6,42.96,16.4,2.45,0.24,0.12,0.0
9000008121,2025-06-23 16:00,0.999444,8,47,55,25,20,45,443,273,716,19,19,38,32.5,10.2,26.12,42.74,18.02,2.51,0.42,0.0,0.0
9000008121,2025-06-23 17:00,0.999444,9,11,20,40,13,53,482,249,731,22,21,43,31.0,20.93,19.29,42.82,14.77,2.19,0.0,0.0,0.0
9000008121,2025-06-23 18:00,0.999444,3,4,7,36,3,39,429,223,652,14,21,35,33.0,21.32,15.49,39.88,19.17,3.22,0.77,0.0,0.15
9000008121,2025-06-23 19:00,0.999444,0,16,16,9,3,12,225,180,405,14,13,27,31.0,26.67,19.51,37.78,11.6,2.96,0.99,0.25,0.25
9000008121,2025-06-23 20:00,0.999167,2,11,13,17,4,21,145,143,288,5,12,17,30.0,31.94,18.06,34.72,13.54,1.39,0.0,0.0,0.35
9000008121,2025-06-23 21:00,0.984722,2,0,2,7,1,8,63,66,130,2,2,4,29.0,27.34,25.78,35.16,10.16,0.78,0.0,0.0,0.0
9000008121,2025-06-23 22:00,0.993611,0,0,0,0,0,0,1,1,2,0,0,0,38.5,0.0,0.0,50.0,50.0,0.0,0.0,0.0,0.0
9000008121,2025-06-23 23:00,0.993889,0,0,0,0,0,0,1,0,1,0,0,0,4.0,100.0,0.0,0.0,0.0,0.0,0.0,0.0,0.0
9000008121,2025-06-24 00:00,0.991944,0,0,0,1,0,1,0,0,0,0,0,0,,0.0,0.0,0.0,0.0,0.0,0.0,0.0,0.0
9000008121,2025-06-24 01:00,0.9775,0,0,0,0,1,1,1,1,2,0,0,0,28.5,0.0,50.0,50.0,0.0,0.0,0.0,0.0,0.0
9000008121,2025-06-24 02:00,0.983611,0,0,0,0,0,0,0,0,0,0,0,0,,0.0,0.0,0.0,0.0,0.0,0.0,0.0,0.0
9000008121,2025-06-24 03:00,0.978056,0,0,0,0,0,0,1,0,1,0,0,0,24.0,0.0,0.0,100.0,0.0,0.0,0.0,0.0,0.0
9000008121,2025-06-24 04:00,0.973333,0,0,0,2,0,2,5,4,9,1,2,3,28.0,22.22,22.22,44.44,0.0,11.11,0.0,0.0,0.0
9000008121,2025-06-24 05:00,0.996389,1,6,7,1,2,3,59,33,92,7,10,17,32.5,26.09,14.13,39.13,17.39,3.26,0.0,0.0,0.0
9000008121,2025-06-24 06:00,0.999444,1,4,5,11,2,13,136,89,225,14,24,38,32.5,31.11,13.33,34.67,16.0,4.44,0.44,0.0,0.0
9000008121,2025-06-24 07:00,0.983889,0,6,6,24,4,28,336,270,606,21,31,53,31.5,29.19,16.78,35.4,16.78,1.68,0.34,0.0,0.0
9000008121,2025-06-24 08:00,0.999444,0,5,5,20,4,24,413,261,674,24,32,56,32.0,22.55,18.84,38.43,17.21,2.37,0.45,0.0,0.15
9000008121,2025-06-24 09:00,0.999444,1,1,2,19,2,21,331,208,539,30,40,70,33.5,23.19,14.66,36.55,20.59,4.08,0.74,0.19,0.0
9000008121,2025-06-24 10:00,0.982222,0,4,4,18,6,25,328,185,514,25,29,55,31.0,21.98,14.65,46.34,14.26,1.98,0.2,0.2,0.4
9000008121,2025-06-24 11:00,0.999444,1,12,13,28,7,35,336,193,529,30,37,67,32.0,13.99,24.76,40.45,18.15,1.89,0.57,0.0,0.19
9000008121,2025-06-24 12:00,0.999444,0,13,13,23,16,39,328,221,549,39,27,66,33.0,12.93,24.95,40.07,17.85,3.28,0.73,0.18,0.0
9000008121,2025-06-24 13:00,0.999444,1,4,5,32,6,38,366,218,584,28,29,57,32.0,23.97,18.66,38.7,15.07,3.08,0.34,0.17,0.0
9000008121,2025-06-24 14:00,0.999167,0,9,9,25,14,39,450,267,717,36,25,61,32.0,4.47,30.87,43.44,19.13,2.09,0.14,0.0,0.0
9000008121,2025-06-24 15:00,0.999444,1,10,11,29,7,36,553,339,892,38,40,78,31.0,5.16,30.83,46.08,15.58,1.91,0.22,0.22,0.0
9000008121,2025-06-24 16:00,0.999167,2,52,54,22,12,34,482,286,768,21,30,51,32.5,10.43,26.21,41.98,17.73,3.0,0.65,0.13,0.0
9000008121,2025-06-24 17:00,0.999722,4,30,34,31,6,37,419,242,661,16,31,47,32.5,8.93,27.99,40.85,18.76,3.18,0.15,0.15,0.0
9000008121,2025-06-24 18:00,0.999444,2,10,12,29,6,35,379,236,615,9,35,44,32.5,5.69,31.54,40.65,18.7,2.76,0.33,0.33,0.0
9000008121,2025-06-24 19:00,0.999444,2,15,17,22,10,32,230,203,433,14,27,41,32.0,8.78,35.57,35.33,17.09,2.54,0.23,0.0,0.46
9000008121,2025-06-24 20:00,0.999444,1,3,4,7,1,8,142,105,247,7,11,18,31.0,26.32,19.03,38.06,14.17,2.02,0.4,0.0,0.0
9000008121,2025-06-24 21:00,0.983889,0,0,0,4,1,5,52,49,101,1,8,9,30.0,9.0,36.0,40.0,10.0,4.0,1.0,0.0,0.0
9000008121,2025-06-24 22:00,0.985833,0,0,0,0,0,0,0,2,2,0,0,0,4.0,100.0,0.0,0.0,0.0,0.0,0.0,0.0,0.0
9000008121,2025-06-24 23:00,0.999444,0,0,0,0,0,0,0,0,0,0,0,0,,0.0,0.0,0.0,0.0,0.0,0.0,0.0,0.0
9000008121,2025-06-25 00:00,0.969167,0,0,0,0,0,0,0,0,0,0,0,0,,0.0,0.0,0.0,0.0,0.0,0.0,0.0,0.0
9000008121,2025-06-25 01:00,0.980556,0,0,0,0,1,1,0,1,1,0,0,0,19.0,0.0,100.0,0.0,0.0,0.0,0.0,0.0,0.0
9000008121,2025-06-25 02:00,0.984722,0,0,0,0,0,0,0,0,0,0,0,0,,0.0,0.0,0.0,0.0,0.0,0.0,0.0,0.0
9000008121,2025-06-25 03:00,0.988611,0,0,0,0,0,0,0,0,0,0,0,0,,0.0,0.0,0.0,0.0,0.0,0.0,0.0,0.0
9000008121,2025-06-25 04:00,0.958889,0,0,0,0,0,0,2,0,2,0,0,0,18.5,50.0,50.0,0.0,0.0,0.0,0.0,0.0,0.0
9000008121,2025-06-25 05:00,0.976944,0,0,0,4,2,6,32,22,54,5,5,10,29.0,28.3,22.64,39.62,9.43,1.89,0.0,0.0,0.0
9000008121,2025-06-25 06:00,0.985556,0,0,0,1,5,6,124,93,218,17,20,37,30.0,26.05,20.93,38.14,12.56,1.86,0.47,0.0,0.0
9000008121,2025-06-25 07:00,0.988611,1,0,1,16,6,22,325,252,576,26,31,58,29.5,25.26,22.63,39.12,12.11,1.23,0.0,0.0,0.0
9000008121,2025-06-25 08:00,0.999167,0,3,3,26,5,31,411,279,690,29,41,70,30.0,22.79,21.48,41.65,12.63,1.45,0.0,0.0,0.15
9000008121,2025-06-25 09:00,0.999444,1,9,10,21,9,30,299,235,534,27,46,73,30.0,9.55,32.96,42.32,13.3,1.12,0.56,0.19,0.0
9000008121,2025-06-25 10:00,0.999444,1,1,2,16,1,17,327,230,557,21,75,96,31.5,7.18,30.88,43.45,14.9,2.87,0.36,0.0,0.36
9000008121,2025-06-25 11:00,0.999167,3,5,8,29,3,32,326,191,517,31,40,71,30.5,19.92,23.79,40.23,14.31,1.16,0.58,0.0,0.0
9000008121,2025-06-25 12:00,0.999444,3,10,13,22,7,29,318,203,521,38,33,71,28.5,27.45,27.83,33.78,9.98,0.77,0.19,0.0,0.0
9000008121,2025-06-25 13:00,0.999444,3,13,16,14,3,17,339,209,548,60,34,94,30.5,24.64,21.35,38.14,13.32,1.82,0.73,0.0,0.0
9000008121,2025-06-25 14:00,0.999722,1,19,20,22,11,33,298,169,467,33,24,57,31.0,17.34,23.98,41.97,15.42,0.86,0.21,0.0,0.21
9000008121,2025-06-25 15:00,0.999444,3,68,71,33,8,41,564,318,882,36,43,79,31.5,21.2,15.99,43.88,17.12,1.59,0.23,0.0,0.0
9000008121,2025-06-25 16:00,0.999167,4,51,55,8,8,16,439,295,734,29,29,58,31.5,20.46,24.01,37.52,15.69,2.18,0.14,0.14,0.0
9000008121,2025-06-25 17:00,0.982222,4,42,46,16,6,22,397,228,624,30,39,68,33.5,12.4,21.86,41.27,20.88,3.26,0.33,0.0,0.0
9000008121,2025-06-25 18:00,0.999444,2,23,25,21,20,41,353,251,604,21,40,61,32.0,13.41,28.15,38.74,16.72,2.65,0.33,0.0,0.0
9000008121,2025-06-25 19:00,0.999722,1,18,19,26,6,32,239,170,409,8,28,36,32.5,20.05,22.0,37.16,16.87,3.42,0.49,0.0,0.0
9000008121,2025-06-25 20:00,0.991667,1,9,10,6,3,9,127,120,247,9,12,21,30.5,17.96,32.65,33.06,13.06,2.86,0.41,0.0,0.0
9000008121,2025-06-25 21:00,0.999444,0,1,1,10,0,10,76,62,138,4,4,8,31.0,10.87,29.71,42.03,15.22,1.45,0.0,0.72,0.0
9000008121,2025-06-25 22:00,0.999444,0,0,0,0,0,0,0,0,0,0,0,0,,0.0,0.0,0.0,0.0,0.0,0.0,0.0,0.0
9000008121,2025-06-25 23:00,0.990833,0,0,0,0,0,0,0,1,1,0,0,0,34.0,0.0,0.0,0.0,100.0,0.0,0.0,0.0,0.0
9000008121,2025-06-26 00:00,0.992222,0,0,0,0,0,0,0,0,0,0,0,0,,0.0,0.0,0.0,0.0,0.0,0.0,0.0,0.0
9000008121,2025-06-26 01:00,0.992222,0,0,0,0,0,0,0,0,0,0,0,0,,0.0,0.0,0.0,0.0,0.0,0.0,0.0,0.0
9000008121,2025-06-26 02:00,0.966667,0,0,0,0,0,0,0,0,0,0,0,0,,0.0,0.0,0.0,0.0,0.0,0.0,0.0,0.0
9000008121,2025-06-26 03:00,0.999722,0,0,0,0,0,0,0,0,0,0,0,0,,0.0,0.0,0.0,0.0,0.0,0.0,0.0,0.0
9000008121,2025-06-26 04:00,0.989167,0,0,0,0,0,0,4,8,12,1,3,4,23.0,25.0,41.67,33.33,0.0,0.0,0.0,0.0,0.0
9000008121,2025-06-26 05:00,0.999722,0,1,1,2,1,3,51,37,88,7,6,13,33.0,27.27,17.05,34.09,13.64,5.68,1.14,0.0,1.14
9000008121,2025-06-26 06:00,0.999444,0,5,5,2,2,4,132,107,239,15,31,46,32.0,23.01,24.69,33.47,13.39,4.18,1.26,0.0,0.0
9000008121,2025-06-26 07:00,0.999722,2,22,24,11,4,15,328,293,621,38,45,83,29.5,19.65,27.21,39.45,11.27,1.93,0.48,0.0,0.0
9000008121,2025-06-26 08:00,0.999444,0,3,3,15,4,19,382,287,669,44,39,83,31.0,18.39,25.26,39.16,15.25,1.49,0.45,0.0,0.0
9000008121,2025-06-26 09:00,0.999444,1,3,4,15,7,22,350,216,566,39,44,83,32.0,12.01,22.44,46.82,16.08,2.12,0.18,0.18,0.18
9000008121,2025-06-26 10:00,0.999444,2,5,7,12,3,15,257,156,413,25,31,56,31.0,19.13,20.1,43.34,14.04,2.18,0.73,0.48,0.0
9000008121,2025-06-26 11:00,0.999722,4,11,15,16,9,25,308,215,523,25,32,57,30.5,25.62,21.03,37.86,12.81,1.91,0.57,0.0,0.19
9000008121,2025-06-26 12:00,0.999444,5,19,24,14,11,25,280,192,472,32,39,71,33.0,22.25,15.25,39.62,20.13,1.91,0.64,0.0,0.21
9000008121,2025-06-26 13:00,0.999444,6,25,31,31,13,44,283,213,496,55,42,97,31.5,19.15,20.97,40.52,17.94,1.21,0.0,0.0,0.2
9000008121,2025-06-26 14:00,0.999722,2,12,14,3,5,8,413,241,654,70,23,93,32.0,12.08,31.04,35.93,18.5,2.29,0.15,0.0,0.0
9000008121,2025-06-26 15:00,0.999444,2,60,62,15,12,27,530,294,824,40,27,67,32.5,14.68,23.67,40.9,16.38,3.64,0.49,0.12,0.12
9000008121,2025-06-26 16:00,0.999167,2,21,23,34,17,51,523,306,829,40,25,65,31.5,20.05,19.08,42.51,15.34,2.54,0.48,0.12,0.0
9000008121,2025-06-26 17:00,0.999722,5,19,24,31,13,44,428,281,709,19,32,51,30.0,17.21,22.57,45.98,11.71,2.54,0.0,0.0,0.0
9000008121,2025-06-26 18:00,0.999722,1,4,5,42,14,56,329,230,559,23,30,53,31.5,6.44,30.95,44.36,15.38,1.97,0.36,0.36,0.18
9000008121,2025-06-26 19:00,0.999444,6,5,11,18,4,22,219,167,386,11,13,24,31.0,5.18,30.57,47.15,15.8,1.04,0.0,0.0,0.26
9000008121,2025-06-26 20:00,0.999444,0,1,1,10,5,15,131,137,268,8,16,24,29.5,4.1,35.82,46.64,11.19,1.12,0.0,0.75,0.37
9000008121,2025-06-26 21:00,0.999444,0,1,1,6,5,11,67,53,120,5,4,9,32.5,0.0,40.83,39.17,15.0,2.5,1.67,0.83,0.0
9000008121,2025-06-26 22:00,0.971111,0,0,0,0,0,0,1,0,1,0,0,0,14.0,0.0,100.0,0.0,0.0,0.0,0.0,0.0,0.0
9000008121,2025-06-26 23:00,0.984444,0,0,0,0,0,0,0,0,0,0,0,0,,0.0,0.0,0.0,0.0,0.0,0.0,0.0,0.0
9000008121,2025-06-27 00:00,0.999444,0,0,0,2,0,2,2,0,2,0,0,0,8.5,100.0,0.0,0.0,0.0,0.0,0.0,0.0,0.0
9000008121,2025-06-27 01:00,0.99,0,0,0,0,0,0,0,0,0,0,0,0,,0.0,0.0,0.0,0.0,0.0,0.0,0.0,0.0
9000008121,2025-06-27 02:00,0.969444,0,0,0,0,0,0,0,1,1,0,0,0,9.0,100.0,0.0,0.0,0.0,0.0,0.0,0.0,0.0
9000008121,2025-06-27 03:00,0.999444,0,0,0,0,0,0,0,0,0,0,0,0,,0.0,0.0,0.0,0.0,0.0,0.0,0.0,0.0
9000008121,2025-06-27 04:00,0.977222,0,0,0,0,0,0,6,5,11,1,3,4,28.5,9.09,36.36,54.55,0.0,0.0,0.0,0.0,0.0
9000008121,2025-06-27 05:00,0.999444,0,0,0,3,2,5,39,31,70,5,7,12,33.5,21.43,21.43,34.29,17.14,4.29,1.43,0.0,0.0
9000008121,2025-06-27 06:00,0.999444,0,1,1,2,3,5,135,85,220,17,25,42,36.5,10.91,26.36,38.64,15.45,6.82,1.36,0.0,0.45
9000008121,2025-06-27 07:00,0.999444,0,2,2,11,8,19,313,276,589,25,34,59,31.5,15.45,27.16,39.73,14.09,3.06,0.51,0.0,0.0
9000008121,2025-06-27 08:00,0.999444,1,2,3,12,6,18,388,171,559,33,41,74,32.5,13.42,19.32,44.9,19.68,2.5,0.18,0.0,0.0
9000008121,2025-06-27 09:00,0.999722,4,3,7,16,6,22,322,178,500,27,30,57,32.0,20.0,18.4,42.2,16.8,1.8,0.8,0.0,0.0
9000008121,2025-06-27 10:00,0.999167,0,5,5,13,13,26,313,186,499,27,47,74,31.5,18.04,17.64,46.49,16.03,1.0,0.6,0.0,0.2
9000008121,2025-06-27 11:00,0.999444,0,7,7,15,18,33,309,220,529,28,28,56,32.0,20.23,20.6,39.89,15.5,3.59,0.19,0.0,0.0
9000008121,2025-06-27 12:00,0.999444,1,3,4,17,17,34,366,221,587,32,42,74,31.5,15.67,20.61,45.14,17.38,1.19,0.0,0.0,0.0
9000008121,2025-06-27 13:00,0.999444,5,1,6,26,11,37,431,253,684,30,47,77,31.0,20.18,17.84,44.44,15.06,2.19,0.29,0.0,0.0
9000008121,2025-06-27 14:00,0.999167,4,10,14,24,14,38,396,342,738,30,48,78,30.5,29.44,18.72,36.36,13.03,1.76,0.81,0.0,0.0
9000008121,2025-06-27 15:00,0.999444,7,18,25,32,18,50,461,350,811,27,35,62,29.5,22.69,20.72,42.66,11.96,1.6,0.25,0.12,0.0
9000008121,2025-06-27 16:00,0.999167,2,18,20,23,10,33,453,311,764,25,23,48,31.0,25.82,15.73,41.55,14.02,2.62,0.39,0.0,0.0
9000008121,2025-06-27 17:00,0.999444,5,32,37,21,18,39,406,258,664,22,21,43,32.0,21.39,20.78,37.95,16.42,2.56,0.6,0.3,0.0
9000008121,2025-06-27 18:00,0.999167,2,17,19,25,9,34,369,188,557,19,26,45,33.0,15.8,17.41,42.19,20.83,2.87,0.54,0.36,0.0
9000008121,2025-06-27 19:00,0.999167,3,9,12,15,5,20,240,153,393,11,14,25,31.0,21.88,21.12,40.46,13.99,2.29,0.25,0.0,0.0
9000008121,2025-06-27 20:00,0.999444,0,3,3,10,4,14,141,111,252,3,6,9,32.5,26.98,20.63,32.54,14.68,4.76,0.0,0.0,0.4
9000008121,2025-06-27 21:00,0.983333,0,0,0,3,3,6,69,46,115,5,2,7,29.0,22.12,29.2,38.94,9.73,1.77,0.0,0.0,0.0
9000008121,2025-06-27 22:00,0.9775,0,0,0,0,0,0,0,0,0,0,1,1,,0.0,0.0,0.0,0.0,0.0,0.0,0.0,0.0
9000008121,2025-06-27 23:00,0.997222,0,0,0,0,0,0,0,0,0,0,0,0,,0.0,0.0,0.0,0.0,0.0,0.0,0.0,0.0
9000008121,2025-06-28 00:00,0.983889,0,0,0,0,0,0,0,0,0,0,0,0,,0.0,0.0,0.0,0.0,0.0,0.0,0.0,0.0
9000008121,2025-06-28 01:00,0.953333,0,0,0,0,1,1,0,0,0,0,0,0,,0.0,0.0,0.0,0.0,0.0,0.0,0.0,0.0
9000008121,2025-06-28 02:00,0.975,0,0,0,0,0,0,0,0,0,0,0,0,,0.0,0.0,0.0,0.0,0.0,0.0,0.0,0.0
9000008121,2025-06-28 03:00,0.985833,0,0,0,0,0,0,0,0,0,0,0,0,,0.0,0.0,0.0,0.0,0.0,0.0,0.0,0.0
9000008121,2025-06-28 04:00,0.966667,0,0,0,1,0,1,6,1,7,1,0,1,34.5,14.29,14.29,42.86,14.29,14.29,0.0,0.0,0.0
9000008121,2025-06-28 05:00,0.980556,0,0,0,0,1,1,22,9,31,2,2,4,36.0,19.35,16.13,29.03,25.81,9.68,0.0,0.0,0.0
9000008121,2025-06-28 06:00,0.999167,0,0,0,0,1,1,34,12,46,7,6,13,31.5,8.7,28.26,43.48,17.39,2.17,0.0,0.0,0.0
9000008121,2025-06-28 07:00,0.999444,1,2,3,1,1,2,68,25,93,9,10,19,32.5,22.58,9.68,45.16,18.28,3.23,1.08,0.0,0.0
9000008121,2025-06-28 08:00,0.999444,1,1,2,8,0,8,133,82,215,10,11,21,33.0,25.12,14.88,39.07,17.67,3.26,0.0,0.0,0.0
9000008121,2025-06-28 09:00,0.999722,1,1,2,17,4,21,247,108,355,10,12,22,32.5,21.13,12.11,44.79,20.28,1.41,0.0,0.28,0.0
9000008121,2025-06-28 10:00,0.999167,2,1,3,11,7,18,279,159,438,10,6,16,26.5,33.33,29.68,30.82,5.02,0.46,0.23,0.0,0.46
9000008121,2025-06-28 11:00,0.999167,3,3,6,7,6,13,220,174,394,13,12,25,28.0,35.28,25.13,29.7,7.61,1.52,0.76,0.0,0.0
9000008121,2025-06-28 12:00,0.999444,8,13,21,1,4,5,253,196,449,21,24,45,29.5,42.98,19.6,23.83,11.14,1.11,0.89,0.22,0.22
9000008121,2025-06-28 13:00,0.999444,3,4,7,1,6,7,251,185,436,21,25,46,32.0,26.38,20.18,33.49,17.2,2.06,0.46,0.23,0.0
9000008121,2025-06-28 14:00,0.999722,3,1,4,3,1,4,222,204,426,24,15,39,31.0,26.53,21.36,34.74,15.02,2.11,0.23,0.0,0.0
9000008121,2025-06-28 15:00,0.999444,4,39,43,4,11,15,256,179,435,25,15,40,33.0,26.9,14.94,37.24,16.78,3.22,0.23,0.69,0.0
9000008121,2025-06-28 16:00,0.999722,5,21,26,6,2,8,214,187,401,21,6,27,32.0,24.44,19.7,37.41,13.72,3.24,1.25,0.25,0.0
9000008121,2025-06-28 17:00,0.999444,4,28,32,17,12,29,210,170,380,9,23,32,34.0,19.74,21.58,35.53,18.16,3.68,0.53,0.53,0.26
9000008121,2025-06-28 18:00,0.999444,1,11,12,17,13,30,246,197,443,10,17,27,32.0,16.48,27.77,36.12,16.93,2.26,0.45,0.0,0.0
9000008121,2025-06-28 19:00,0.999444,0,10,10,13,13,26,156,170,326,6,15,21,31.5,14.42,38.34,29.45,13.19,3.37,0.92,0.31,0.0
9000008121,2025-06-28 20:00,0.999444,1,1,2,6,2,8,128,119,247,8,13,21,33.0,17.0,29.96,29.96,17.81,4.45,0.81,0.0,0.0
9000008121,2025-06-28 21:00,0.999722,1,2,3,9,3,12,74,72,146,6,3,9,29.5,9.59,41.1,35.62,8.9,4.11,0.68,0.0,0.0
9000008121,2025-06-28 22:00,0.983333,0,0,0,0,0,0,0,1,1,1,0,1,19.0,0.0,100.0,0.0,0.0,0.0,0.0,0.0,0.0
9000008121,2025-06-28 23:00,0.993056,0,0,0,1,0,1,3,1,4,0,0,0,22.0,50.0,25.0,25.0,0.0,0.0,0.0,0.0,0.0
9000008121,2025-06-29 00:00,0.975278,0,0,0,0,0,0,0,0,0,0,0,0,,0.0,0.0,0.0,0.0,0.0,0.0,0.0,0.0
9000008121,2025-06-29 01:00,0.988333,0,0,0,0,0,0,0,0,0,0,0,0,,0.0,0.0,0.0,0.0,0.0,0.0,0.0,0.0
9000008121,2025-06-29 02:00,0.999444,0,0,0,0,0,0,0,0,0,0,0,0,,0.0,0.0,0.0,0.0,0.0,0.0,0.0,0.0
9000008121,2025-06-29 03:00,0.9825,0,0,0,0,0,0,0,0,0,0,0,0,,0.0,0.0,0.0,0.0,0.0,0.0,0.0,0.0
9000008121,2025-06-29 04:00,0.999167,1,1,2,1,1,2,3,4,7,0,0,0,35.0,28.57,14.29,14.29,28.57,0.0,0.0,0.0,14.29
9000008121,2025-06-29 05:00,0.999444,0,0,0,0,1,1,18,6,24,0,1,1,31.5,20.83,12.5,45.83,20.83,0.0,0.0,0.0,0.0
9000008121,2025-06-29 06:00,0.999444,0,0,0,1,1,2,33,22,55,2,0,2,36.0,29.09,14.55,32.73,14.55,5.45,1.82,0.0,1.82
9000008121,2025-06-29 07:00,0.999444,0,1,1,2,0,2,49,25,74,3,2,5,34.0,22.97,12.16,35.14,21.62,5.41,1.35,1.35,0.0
9000008121,2025-06-29 08:00,0.999444,0,1,1,4,0,4,82,58,140,6,3,9,33.5,26.43,14.29,35.71,17.86,5.71,0.0,0.0,0.0
9000008121,2025-06-29 09:00,0.999722,1,1,2,12,6,18,143,118,261,4,5,9,32.0,23.37,16.48,40.61,16.48,3.07,0.0,0.0,0.0
9000008121,2025-06-29 10:00,0.999444,2,7,9,9,2,11,166,132,298,5,5,10,30.5,31.21,15.44,37.25,13.76,2.35,0.0,0.0,0.0
9000008121,2025-06-29 11:00,0.999444,1,9,10,17,6,23,187,144,331,4,7,11,31.0,30.51,16.31,36.25,14.8,1.81,0.3,0.0,0.0
9000008121,2025-06-29 12:00,0.999444,2,10,12,14,2,16,190,117,307,5,11,16,31.5,29.32,13.03,40.07,14.98,2.61,0.0,0.0,0.0
9000008121,2025-06-29 13:00,0.999444,1,8,9,23,3,26,224,135,359,7,8,15,32.0,26.18,13.09,40.95,16.71,2.51,0.28,0.28,0.0
9000008121,2025-06-29 14:00,0.999444,0,15,15,11,5,16,203,181,384,9,5,14,32.0,33.59,14.58,32.29,16.93,2.34,0.0,0.26,0.0
9000008121,2025-06-29 15:00,0.999722,1,25,26,4,7,11,161,131,292,8,8,16,33.0,31.16,12.67,34.93,17.12,2.4,1.03,0.34,0.34
9000008121,2025-06-29 16:00,0.999444,2,21,23,6,5,11,190,142,332,7,9,16,32.0,20.78,21.69,37.65,17.77,2.11,0.0,0.0,0.0
9000008121,2025-06-29 17:00,0.999167,2,23,25,18,13,31,188,167,355,8,8,16,29.5,25.92,24.23,36.9,10.7,1.97,0.28,0.0,0.0
9000008121,2025-06-29 18:00,0.999444,4,4,8,13,20,33,190,160,350,3,14,17,32.0,10.29,32.0,38.29,15.14,2.57,1.43,0.29,0.0
9000008121,2025-06-29 19:00,0.999722,0,5,5,6,2,8,143,140,283,7,27,34,31.0,15.19,30.39,37.1,13.78,3.18,0.0,0.0,0.35
9000008121,2025-06-29 20:00,0.999444,5,8,13,8,6,14,119,125,244,3,14,17,31.0,27.87,20.08,34.43,16.39,0.82,0.41,0.0,0.0
9000008121,2025-06-29 21:00,0.989444,4,2,6,16,3,19,68,83,151,4,3,7,27.5,20.81,38.93,31.54,6.04,2.01,1.34,0.0,0.0
9000008121,2025-06-29 22:00,0.984167,0,0,0,1,0,1,1,0,1,0,0,0,24.0,0.0,0.0,100.0,0.0,0.0,0.0,0.0,0.0
9000008121,2025-06-29 23:00,0.973333,0,0,0,0,0,0,0,0,0,0,0,0,,0.0,0.0,0.0,0.0,0.0,0.0,0.0,0.0
9000008121,2025-06-30 00:00,0.991944,0,0,0,0,0,0,0,0,0,0,0,0,,0.0,0.0,0.0,0.0,0.0,0.0,0.0,0.0
9000008121,2025-06-30 01:00,0.999167,0,0,0,0,0,0,0,0,0,0,0,0,,0.0,0.0,0.0,0.0,0.0,0.0,0.0,0.0
9000008121,2025-06-30 02:00,0.983889,0,0,0,0,0,0,0,0,0,0,0,0,,0.0,0.0,0.0,0.0,0.0,0.0,0.0,0.0
9000008121,2025-06-30 03:00,0.928611,0,0,0,0,0,0,0,0,0,0,0,0,,0.0,0.0,0.0,0.0,0.0,0.0,0.0,0.0
9000008121,2025-06-30 04:00,0.973056,0,0,0,1,0,1,9,4,13,1,1,2,30.0,23.08,38.46,23.08,7.69,7.69,0.0,0.0,0.0
9000008121,2025-06-30 05:00,0.898611,1,1,2,3,2,5,46,27,73,6,4,11,31.5,27.69,15.38,38.46,18.46,1.54,0.0,0.0,0.0
9000008121,2025-06-30 06:00,0.981667,3,2,5,2,8,10,123,86,209,18,24,42,31.5,25.85,19.02,38.05,15.61,0.98,0.49,0.49,0.0
9000008121,2025-06-30 07:00,0.993056,5,29,34,16,19,35,300,288,589,17,32,49,30.0,21.92,27.74,35.96,11.99,1.88,0.51,0.0,0.34
9000008121,2025-06-30 08:00,0.999444,9,17,26,36,23,59,384,284,668,36,34,70,30.0,5.39,42.51,37.87,10.63,2.84,0.3,0.15,0.3
9000008121,2025-06-30 09:00,0.999167,0,5,5,6,10,16,390,224,614,24,16,40,29.0,30.34,29.04,28.38,10.77,1.31,0.16,0.0,0.16
9000008121,2025-06-30 10:00,0.999444,0,1,1,12,0,12,372,179,551,22,13,35,28.0,36.48,27.22,25.41,7.99,1.81,0.91,0.0,0.18
9000008121,2025-06-30 11:00,0.999722,0,2,2,2,5,7,164,170,334,20,13,33,27.0,36.83,32.93,20.06,8.38,1.2,0.0,0.3,0.3
9000008121,2025-06-30 12:00,0.999167,0,4,4,0,1,1,192,96,288,24,37,61,30.0,39.93,27.08,17.71,10.76,2.43,2.08,0.0,0.0
9000008121,2025-06-30 13:00,0.999444,0,0,0,0,1,1,197,193,390,56,46,102,31.0,22.56,30.77,30.0,11.79,3.33,1.03,0.51,0.0
9000008121,2025-06-30 14:00,0.999444,0,0,0,1,0,1,304,261,565,53,31,84,31.0,13.81,29.38,39.65,13.45,2.3,1.06,0.18,0.18
9000008121,2025-06-30 15:00,0.999722,0,2,2,1,0,1,421,277,698,42,12,54,30.0,12.32,24.79,48.42,11.6,2.44,0.29,0.14,0.0
9000008121,2025-06-30 16:00,0.999444,0,4,4,0,4,4,375,256,631,15,13,28,29.5,25.36,21.24,39.94,11.09,2.22,0.16,0.0,0.0
9000008121,2025-06-30 17:00,0.999167,0,10,10,4,7,11,340,286,626,21,33,54,30.0,16.48,25.92,42.88,12.16,1.92,0.64,0.16,0.0
9000008121,2025-06-30 18:00,0.999722,0,10,10,6,20,26,342,265,607,15,22,37,32.5,7.08,24.55,47.61,17.13,2.8,0.33,0.16,0.33
9000008121,2025-06-30 19:00,0.999444,1,11,12,17,10,27,220,193,413,17,27,44,30.0,15.74,26.39,43.34,12.35,2.18,0.0,0.0,0.0
9000008121,2025-06-30 20:00,0.999167,1,8,9,13,9,22,139,125,264,4,26,30,31.5,7.95,32.95,40.15,15.53,3.03,0.38,0.0,0.0
9000008121,2025-06-30 21:00,0.999722,1,0,1,8,4,12,70,69,139,1,3,4,30.0,2.88,40.29,41.73,10.07,3.6,0.72,0.72,0.0
9000008121,2025-06-30 22:00,0.969722,0,0,0,0,1,1,2,1,3,0,0,0,43.0,33.33,33.33,0.0,0.0,33.33,0.0,0.0,0.0
9000008121,2025-06-30 23:00,0.978333,0,0,0,0,0,0,1,2,3,0,0,0,18.0,66.67,33.33,0.0,0.0,0.0,0.0,0.0,0.0
9000008121,2025-07-01 00:00,0.983333,0,0,0,0,0,0,0,0,0,0,0,0,,0.0,0.0,0.0,0.0,0.0,0.0,0.0,0.0
9000008121,2025-07-01 01:00,0.955278,0,0,0,0,1,1,0,0,0,0,0,0,,0.0,0.0,0.0,0.0,0.0,0.0,0.0,0.0
9000008121,2025-07-01 02:00,0.976944,0,0,0,0,0,0,0,0,0,0,0,0,,0.0,0.0,0.0,0.0,0.0,0.0,0.0,0.0
9000008121,2025-07-01 03:00,1.0,0,0,0,0,0,0,0,0,0,0,0,0,,0.0,0.0,0.0,0.0,0.0,0.0,0.0,0.0
9000008121,2025-07-01 04:00,0.976944,0,0,0,4,0,4,4,7,11,2,4,6,26.0,0.0,72.73,27.27,0.0,0.0,0.0,0.0,0.0
9000008121,2025-07-01 05:00,0.999167,0,0,0,4,2,6,62,23,85,7,11,18,35.0,3.53,15.29,42.35,30.59,5.88,2.35,0.0,0.0
9000008121,2025-07-01 06:00,0.999722,0,1,1,7,3,10,119,109,228,10,38,48,32.5,7.02,30.26,42.11,16.23,3.07,0.44,0.44,0.44
9000008121,2025-07-01 07:00,0.999167,2,13,15,17,5,22,340,294,634,29,36,65,30.5,10.27,35.23,38.55,13.43,1.58,0.79,0.32,0.0
9000008121,2025-07-01 08:00,0.999722,0,10,10,38,6,44,396,258,654,36,50,86,32.0,7.8,33.49,39.3,14.83,3.21,1.07,0.15,0.15
9000008121,2025-07-01 09:00,0.999722,0,0,0,7,4,11,414,247,661,22,24,46,29.0,25.87,29.8,33.13,8.47,2.27,0.15,0.15,0.15
9000008121,2025-07-01 10:00,0.999167,0,1,1,14,3,17,403,171,574,18,8,26,27.5,23.0,38.15,28.92,8.01,1.57,0.0,0.0,0.35
9000008121,2025-07-01 11:00,0.999444,0,5,5,1,15,16,199,172,371,18,13,31,28.0,31.27,27.76,30.73,8.36,1.35,0.54,0.0,0.0
9000008121,2025-07-01 12:00,0.999444,1,15,16,0,4,4,193,113,306,24,20,44,30.5,30.39,28.43,25.82,11.11,3.92,0.33,0.0,0.0
9000008121,2025-07-01 13:00,0.999444,0,0,0,0,1,1,187,122,309,55,26,81,34.0,17.48,27.51,31.72,16.83,5.5,0.65,0.32,0.0
9000008121,2025-07-01 14:00,0.999722,1,1,2,3,3,6,339,253,592,63,11,74,31.5,10.81,27.87,42.57,15.88,2.36,0.51,0.0,0.0
9000008121,2025-07-01 15:00,0.999444,2,3,5,1,10,11,519,261,780,55,9,64,30.0,6.28,28.46,50.38,11.67,2.82,0.26,0.0,0.13
9000008121,2025-07-01 16:00,0.999722,0,0,0,1,2,3,467,208,675,28,9,37,31.0,5.78,26.07,51.41,14.67,2.07,0.0,0.0,0.0
9000008121,2025-07-01 17:00,0.999444,1,7,8,0,2,2,282,203,485,12,18,30,31.5,11.55,26.39,43.92,14.43,3.3,0.21,0.0,0.21
9000008121,2025-07-01 18:00,0.999444,1,13,14,9,24,33,290,208,498,20,13,33,34.0,6.43,26.31,43.57,17.47,4.62,1.0,0.2,0.4
9000008121,2025-07-01 19:00,0.999444,3,7,10,12,7,19,228,196,424,9,26,35,30.0,15.8,24.06,44.81,13.68,1.42,0.24,0.0,0.0
9000008121,2025-07-01 20:00,0.999722,4,8,12,11,5,16,156,144,300,8,15,23,31.0,16.33,31.0,36.0,13.33,2.67,0.67,0.0,0.0
9000008121,2025-07-01 21:00,0.999722,1,0,1,7,7,14,82,66,148,2,4,6,31.5,14.19,26.35,41.89,15.54,1.35,0.0,0.68,0.0
9000008121,2025-07-01 22:00,0.992222,0,0,0,0,0,0,1,1,2,0,0,0,28.5,0.0,50.0,50.0,0.0,0.0,0.0,0.0,0.0
9000008121,2025-07-01 23:00,0.999444,0,0,0,0,1,1,0,1,1,0,0,0,4.0,100.0,0.0,0.0,0.0,0.0,0.0,0.0,0.0
9000008121,2025-07-02 00:00,0.999444,0,0,0,0,0,0,0,0,0,0,0,0,,0.0,0.0,0.0,0.0,0.0,0.0,0.0,0.0
9000008121,2025-07-02 01:00,0.9875,0,0,0,0,0,0,0,0,0,0,0,0,,0.0,0.0,0.0,0.0,0.0,0.0,0.0,0.0
9000008121,2025-07-02 02:00,0.988611,0,0,0,0,0,0,0,0,0,0,0,0,,0.0,0.0,0.0,0.0,0.0,0.0,0.0,0.0
9000008121,2025-07-02 03:00,0.982778,0,0,0,0,0,0,0,0,0,0,0,0,,0.0,0.0,0.0,0.0,0.0,0.0,0.0,0.0
9000008121,2025-07-02 04:00,0.999167,0,0,0,1,0,1,7,9,16,2,3,5,29.5,6.25,43.75,37.5,6.25,0.0,6.25,0.0,0.0
9000008121,2025-07-02 05:00,0.999444,0,0,0,4,0,4,61,42,103,16,9,25,35.5,6.8,32.04,32.04,25.24,3.88,0.0,0.0,0.0
9000008121,2025-07-02 06:00,0.999444,0,1,1,3,4,7,124,114,238,13,23,36,33.5,4.62,37.39,36.55,15.97,4.62,0.0,0.84,0.0
9000008121,2025-07-02 07:00,0.999444,0,8,8,17,0,17,308,310,618,30,38,68,30.0,7.28,34.3,44.17,11.65,1.94,0.49,0.0,0.16
9000008121,2025-07-02 08:00,0.999722,2,13,15,29,17,46,398,296,694,27,25,52,31.0,11.67,30.26,40.92,14.99,1.73,0.14,0.14,0.14
9000008121,2025-07-02 09:00,0.999444,1,3,4,5,9,14,385,189,574,19,19,38,31.0,21.78,28.05,33.45,11.67,2.09,1.22,0.7,1.05
9000008121,2025-07-02 10:00,0.999444,0,0,0,4,0,4,286,149,435,30,15,45,30.5,19.31,31.26,33.1,13.33,2.76,0.23,0.0,0.0
9000008121,2025-07-02 11:00,0.999444,1,5,6,2,5,7,219,170,389,26,17,43,25.5,36.76,30.59,26.48,4.11,1.8,0.0,0.26,0.0
9000008121,2025-07-02 12:00,0.999167,5,5,10,0,18,18,147,168,315,26,19,45,30.5,40.0,23.17,20.63,11.75,2.22,1.27,0.63,0.32
9000008121,2025-07-02 13:00,0.999722,2,3,5,2,5,7,193,160,353,39,21,60,32.0,27.76,26.91,26.06,14.73,3.68,0.57,0.28,0.0
9000008121,2025-07-02 14:00,0.999444,0,1,1,4,5,9,298,233,531,32,12,44,33.0,5.84,25.99,45.2,19.96,1.32,1.51,0.0,0.19
9000008121,2025-07-02 15:00,0.999444,1,3,4,1,5,6,359,197,556,19,5,24,32.0,6.29,26.44,48.2,15.65,2.7,0.18,0.18,0.36
9000008121,2025-07-02 16:00,0.999722,0,0,0,3,4,7,300,232,532,13,9,22,30.0,9.4,33.65,42.29,11.47,2.82,0.38,0.0,0.0
9000008121,2025-07-02 17:00,0.999167,4,2,6,6,9,15,246,138,384,12,13,25,34.0,13.8,17.97,41.93,21.35,4.43,0.52,0.0,0.0
9000008121,2025-07-02 18:00,0.999722,0,8,8,9,32,41,276,185,461,19,13,32,33.5,3.04,26.9,45.77,20.82,2.39,0.43,0.65,0.0
9000008121,2025-07-02 19:00,0.999444,2,12,14,21,8,29,188,147,335,8,27,35,34.0,6.27,26.27,40.0,21.49,4.48,1.19,0.3,0.0
9000008121,2025-07-02 20:00,0.999722,1,10,11,8,5,13,137,116,253,7,14,21,33.5,17.79,27.27,26.88,23.32,4.35,0.0,0.0,0.4
9000008121,2025-07-02 21:00,0.999722,0,4,4,8,3,11,77,63,140,3,4,7,30.5,23.57,26.43,34.29,13.57,2.14,0.0,0.0,0.0
9000008121,2025-07-02 22:00,0.999167,0,0,0,1,0,1,2,1,3,0,0,0,23.0,66.67,0.0,33.33,0.0,0.0,0.0,0.0,0.0
9000008121,2025-07-02 23:00,0.999722,0,0,0,0,0,0,1,0,1,0,0,0,9.0,100.0,0.0,0.0,0.0,0.0,0.0,0.0,0.0
9000008121,2025-07-03 00:00,0.999167,0,0,0,0,0,0,0,0,0,0,0,0,,0.0,0.0,0.0,0.0,0.0,0.0,0.0,0.0
9000008121,2025-07-03 01:00,0.999444,0,0,0,0,0,0,0,0,0,0,0,0,,0.0,0.0,0.0,0.0,0.0,0.0,0.0,0.0
9000008121,2025-07-03 02:00,0.970556,0,0,0,0,0,0,0,0,0,0,0,0,,0.0,0.0,0.0,0.0,0.0,0.0,0.0,0.0
9000008121,2025-07-03 03:00,0.999444,0,0,0,0,0,0,0,0,0,0,0,0,,0.0,0.0,0.0,0.0,0.0,0.0,0.0,0.0
9000008121,2025-07-03 04:00,0.999444,0,0,0,3,3,6,10,5,15,2,0,2,34.5,20.0,20.0,33.33,13.33,0.0,13.33,0.0,0.0
9000008121,2025-07-03 05:00,0.999444,0,4,4,5,3,8,55,50,105,6,4,10,31.5,23.81,29.52,27.62,14.29,2.86,0.95,0.0,0.95
9000008121,2025-07-03 06:00,0.999444,0,0,0,11,1,12,135,88,223,18,21,39,32.5,21.52,22.42,35.43,16.14,4.48,0.0,0.0,0.0
9000008121,2025-07-03 07:00,0.999722,1,2,3,14,4,18,326,303,629,26,31,57,29.5,17.17,31.96,38.47,9.38,2.54,0.16,0.32,0.0
9000008121,2025-07-03 08:00,0.999444,1,7,8,20,8,28,401,320,721,38,61,99,31.0,15.53,29.54,38.0,14.98,1.53,0.28,0.14,0.0
9000008121,2025-07-03 09:00,0.999444,1,1,2,15,13,28,295,244,539,25,34,59,29.5,17.63,26.16,42.49,12.24,0.74,0.56,0.19,0.0
9000008121,2025-07-03 10:00,0.999444,1,1,2,31,3,34,319,201,520,26,32,58,29.5,14.42,26.73,47.12,9.81,1.15,0.58,0.19,0.0
9000008121,2025-07-03 11:00,0.999444,3,11,14,23,10,33,290,226,516,24,39,63,29.0,12.98,34.3,41.28,9.88,1.36,0.19,0.0,0.0
9000008121,2025-07-03 12:00,0.999444,3,19,22,12,8,20,303,218,521,28,50,78,31.5,13.24,27.45,41.07,15.36,2.5,0.38,0.0,0.0
9000008121,2025-07-03 13:00,0.999444,2,9,11,31,20,51,409,236,645,42,46,88,31.5,13.02,25.58,42.48,16.28,2.33,0.31,0.0,0.0
9000008121,2025-07-03 14:00,0.999444,2,20,22,26,9,35,447,272,719,38,38,76,33.0,19.05,20.31,37.55,18.64,3.48,0.83,0.0,0.14
9000008121,2025-07-03 15:00,0.999444,2,16,18,14,6,20,499,281,780,24,20,44,32.0,21.41,15.9,42.18,18.21,1.92,0.13,0.0,0.26
9000008121,2025-07-03 16:00,0.999167,0,13,13,2,1,3,491,285,776,35,9,44,29.5,18.19,27.1,41.29,11.23,1.81,0.13,0.26,0.13
9000008121,2025-07-03 17:00,0.999444,1,14,15,3,8,11,377,292,669,20,17,37,31.0,23.17,22.87,37.22,14.05,2.24,0.3,0.15,0.0
9000008121,2025-07-03 18:00,0.999444,0,8,8,12,8,20,355,262,617,17,21,38,32.0,18.64,21.39,41.0,15.4,2.59,0.49,0.16,0.32
9000008121,2025-07-03 19:00,0.999167,2,11,13,15,3,18,234,196,430,11,25,36,30.0,19.53,27.91,37.44,12.09,2.33,0.23,0.0,0.47
9000008121,2025-07-03 20:00,0.99,6,11,17,10,6,16,147,119,265,6,5,11,30.5,23.19,25.86,34.98,13.69,1.14,0.76,0.38,0.0
9000008121,2025-07-03 21:00,0.983611,1,2,3,9,4,13,65,64,129,4,2,6,30.5,28.35,24.41,33.07,12.6,1.57,0.79,0.0,0.79
9000008121,2025-07-03 22:00,0.971111,0,0,0,0,0,0,6,4,10,0,0,0,22.5,70.0,10.0,10.0,0.0,0.0,10.0,0.0,0.0
9000008121,2025-07-03 23:00,0.985,0,0,0,0,1,1,0,1,1,0,0,0,9.0,100.0,0.0,0.0,0.0,0.0,0.0,0.0,0.0
9000008121,2025-07-04 00:00,0.948333,0,0,0,0,0,0,0,0,0,0,0,0,,0.0,0.0,0.0,0.0,0.0,0.0,0.0,0.0
9000008121,2025-07-04 01:00,0.962778,0,0,0,0,0,0,0,0,0,0,0,0,,0.0,0.0,0.0,0.0,0.0,0.0,0.0,0.0
9000008121,2025-07-04 02:00,0.999167,0,0,0,0,0,0,0,0,0,0,0,0,,0.0,0.0,0.0,0.0,0.0,0.0,0.0,0.0
9000008121,2025-07-04 03:00,0.988056,0,0,0,0,0,0,0,0,0,0,0,0,,0.0,0.0,0.0,0.0,0.0,0.0,0.0,0.0
9000008121,2025-07-04 04:00,0.996111,0,0,0,0,0,0,10,0,10,2,0,2,44.0,10.0,10.0,30.0,20.0,20.0,10.0,0.0,0.0
9000008121,2025-07-04 05:00,0.996667,0,0,0,4,2,6,48,24,72,8,7,15,36.0,8.33,25.0,36.11,20.83,6.94,2.78,0.0,0.0
9000008121,2025-07-04 06:00,0.999722,0,2,2,4,4,8,89,92,181,9,15,24,33.5,0.55,34.81,41.99,19.89,0.55,1.1,0.55,0.55
9000008121,2025-07-04 07:00,0.999722,4,5,9,18,10,28,295,193,488,21,35,56,32.0,19.06,21.11,38.73,19.26,1.02,0.82,0.0,0.0
9000008121,2025-07-04 08:00,0.999167,2,3,5,12,14,26,331,228,559,31,41,72,30.5,19.86,22.9,41.68,12.52,2.33,0.36,0.18,0.18
9000008121,2025-07-04 09:00,0.999444,2,11,13,17,6,23,305,180,485,31,30,61,33.0,18.97,17.32,40.41,19.59,3.3,0.41,0.0,0.0
9000008121,2025-07-04 10:00,0.999444,3,17,20,5,15,20,319,183,502,23,26,49,29.5,20.72,25.3,40.44,11.75,1.59,0.0,0.0,0.2
9000008121,2025-07-04 11:00,0.999444,0,7,7,8,5,13,285,221,506,21,31,52,28.0,22.13,27.47,40.91,7.71,1.78,0.0,0.0,0.0
9000008121,2025-07-04 12:00,0.999444,2,11,13,8,7,15,295,222,517,31,35,66,31.0,24.56,24.37,34.04,13.54,2.32,0.97,0.0,0.19
9000008121,2025-07-04 13:00,0.999722,2,6,8,17,21,38,361,279,640,46,40,86,31.5,17.81,27.03,36.56,15.62,2.66,0.16,0.16,0.0
9000008121,2025-07-04 14:00,0.998889,2,14,16,23,6,29,367,282,649,45,20,65,33.0,22.22,20.83,34.72,17.44,3.4,1.08,0.15,0.31
9000008121,2025-07-04 15:00,0.999722,0,18,18,23,4,27,436,270,706,46,17,63,32.0,21.81,19.97,39.24,16.57,1.7,0.57,0.14,0.0
9000008121,2025-07-04 16:00,0.999444,0,15,15,5,1,6,280,268,548,24,8,32,29.5,24.45,26.09,36.5,10.58,1.82,0.18,0.0,0.36
9000008121,2025-07-04 17:00,0.999444,3,20,23,10,5,15,272,226,498,15,20,35,31.5,20.48,22.69,39.56,13.65,2.61,0.6,0.2,0.2
9000008121,2025-07-04 18:00,0.999444,1,20,21,8,10,18,275,206,481,15,17,32,33.0,17.05,20.79,40.75,16.63,3.33,0.83,0.42,0.21
9000008121,2025-07-04 19:00,0.999444,9,18,27,26,5,31,200,186,386,10,17,27,30.0,19.69,31.09,34.2,13.21,1.55,0.26,0.0,0.0
9000008121,2025-07-04 20:00,0.999444,1,8,9,19,5,24,127,115,242,5,13,18,31.0,24.79,23.55,33.88,14.46,2.48,0.41,0.41,0.0
9000008121,2025-07-04 21:00,1.0,0,2,2,10,6,16,65,54,119,2,5,7,29.0,13.45,31.93,42.02,11.76,0.84,0.0,0.0,0.0
9000008121,2025-07-04 22:00,0.980833,0,0,0,0,1,1,2,2,4,0,0,0,42.0,50.0,25.0,0.0,0.0,25.0,0.0,0.0,0.0
9000008121,2025-07-04 23:00,0.997222,0,0,0,0,0,0,0,0,0,0,0,0,,0.0,0.0,0.0,0.0,0.0,0.0,0.0,0.0
9000008121,2025-07-05 00:00,0.976389,0,0,0,0,2,2,0,1,1,0,0,0,4.0,100.0,0.0,0.0,0.0,0.0,0.0,0.0,0.0
9000008121,2025-07-05 01:00,0.993056,0,0,0,1,0,1,0,0,0,0,0,0,,0.0,0.0,0.0,0.0,0.0,0.0,0.0,0.0
9000008121,2025-07-05 02:00,0.968889,0,0,0,0,0,0,0,0,0,0,0,0,,0.0,0.0,0.0,0.0,0.0,0.0,0.0,0.0
9000008121,2025-07-05 03:00,0.991944,0,0,0,0,0,0,0,0,0,0,0,0,,0.0,0.0,0.0,0.0,0.0,0.0,0.0,0.0
9000008121,2025-07-05 04:00,0.958333,0,0,0,0,0,0,5,3,8,1,0,1,24.5,25.0,25.0,37.5,12.5,0.0,0.0,0.0,0.0
9000008121,2025-07-05 05:00,0.968889,0,0,0,1,1,2,26,16,42,2,1,3,31.0,31.71,17.07,34.15,12.2,4.88,0.0,0.0,0.0
9000008121,2025-07-05 06:00,0.985833,0,1,1,2,1,3,34,18,52,4,4,8,34.5,15.69,19.61,29.41,29.41,1.96,1.96,1.96,0.0
9000008121,2025-07-05 07:00,0.999444,1,1,2,3,0,3,62,17,79,5,5,10,33.5,15.19,16.46,43.04,20.25,3.8,0.0,1.27,0.0
9000008121,2025-07-05 08:00,0.999444,1,4,5,10,3,13,129,79,208,8,12,20,34.0,19.23,20.19,34.62,18.27,5.77,1.44,0.0,0.48
9000008121,2025-07-05 09:00,0.999722,2,2,4,11,3,14,209,112,321,10,13,23,32.5,18.07,16.82,42.37,19.63,2.49,0.62,0.0,0.0
9000008121,2025-07-05 10:00,0.999444,1,0,1,5,3,8,272,190,462,9,13,22,29.0,25.76,30.3,31.82,9.74,1.52,0.22,0.22,0.43
9000008121,2025-07-05 11:00,0.999444,0,1,1,20,9,29,254,173,427,12,16,28,30.0,25.29,24.36,35.83,11.71,1.87,0.47,0.23,0.23
9000008121,2025-07-05 12:00,0.999444,0,6,6,22,8,30,271,208,479,10,22,32,32.0,21.71,21.29,37.37,15.66,3.13,0.63,0.0,0.21
9000008121,2025-07-05 13:00,0.999444,1,7,8,10,14,24,241,231,472,15,25,40,32.0,20.76,19.92,40.25,16.31,1.91,0.42,0.21,0.21
9000008121,2025-07-05 14:00,0.999444,8,6,14,18,11,29,286,204,490,24,13,37,32.0,19.59,24.49,36.94,15.51,3.27,0.2,0.0,0.0
9000008121,2025-07-05 15:00,0.999444,2,11,13,22,6,28,267,227,494,16,19,35,30.5,30.77,16.6,36.03,14.17,2.02,0.2,0.0,0.2
9000008121,2025-07-05 16:00,0.999444,3,15,18,22,4,26,208,176,384,11,17,28,32.5,30.73,13.8,34.64,17.71,2.86,0.0,0.0,0.26
9000008121,2025-07-05 17:00,0.999722,9,27,36,26,10,36,205,187,392,12,14,26,30.0,26.02,22.7,35.97,11.73,2.3,1.02,0.0,0.26
9000008121,2025-07-05 18:00,0.999444,4,16,20,20,3,23,209,149,358,11,12,23,31.5,18.44,26.26,36.87,14.8,3.35,0.0,0.28,0.0
9000008121,2025-07-05 19:00,0.999444,10,18,28,9,7,16,154,140,294,6,12,18,32.5,29.59,17.01,33.33,15.31,3.74,0.68,0.0,0.34
9000008121,2025-07-05 20:00,0.999722,0,7,7,10,3,13,140,106,246,3,5,8,31.0,26.83,19.11,37.4,13.41,2.44,0.41,0.41,0.0
9000008121,2025-07-05 21:00,0.982778,0,0,0,5,4,9,60,45,105,2,4,6,32.5,22.33,23.3,34.95,15.53,3.88,1.94,0.0,0.0
9000008121,2025-07-05 22:00,0.999167,0,0,0,0,0,0,1,0,1,0,0,0,9.0,100.0,0.0,0.0,0.0,0.0,0.0,0.0,0.0
9000008121,2025-07-05 23:00,0.996667,0,0,0,0,0,0,1,0,1,0,0,0,14.0,0.0,100.0,0.0,0.0,0.0,0.0,0.0,0.0
9000008121,2025-07-06 00:00,0.999167,0,0,0,0,0,0,0,0,0,0,0,0,,0.0,0.0,0.0,0.0,0.0,0.0,0.0,0.0
9000008121,2025-07-06 01:00,0.999444,0,0,0,0,0,0,0,0,0,0,0,0,,0.0,0.0,0.0,0.0,0.0,0.0,0.0,0.0
9000008121,2025-07-06 02:00,0.995,0,0,0,0,0,0,0,0,0,0,0,0,,0.0,0.0,0.0,0.0,0.0,0.0,0.0,0.0
9000008121,2025-07-06 03:00,0.999167,0,0,0,0,0,0,0,0,0,0,0,0,,0.0,0.0,0.0,0.0,0.0,0.0,0.0,0.0
9000008121,2025-07-06 04:00,0.982222,0,0,0,0,1,1,1,0,1,0,0,0,24.0,0.0,0.0,100.0,0.0,0.0,0.0,0.0,0.0
9000008121,2025-07-06 05:00,0.999167,0,0,0,1,0,1,22,16,38,0,0,0,32.5,39.47,10.53,28.95,18.42,2.63,0.0,0.0,0.0
9000008121,2025-07-06 06:00,0.999444,0,0,0,1,0,1,21,17,38,2,3,5,29.5,28.95,18.42,39.47,7.89,5.26,0.0,0.0,0.0
9000008121,2025-07-06 07:00,0.999444,0,0,0,1,2,3,40,26,66,4,3,7,34.0,31.82,9.09,36.36,18.18,3.03,1.52,0.0,0.0
9000008121,2025-07-06 08:00,0.999444,0,0,0,5,3,8,104,45,149,6,3,9,34.5,20.13,15.44,32.89,25.5,4.7,1.34,0.0,0.0
9000008121,2025-07-06 09:00,0.999167,1,4,5,7,2,9,137,93,230,6,7,13,33.0,26.09,14.35,37.39,18.7,2.61,0.43,0.0,0.43
9000008121,2025-07-06 10:00,0.999444,2,6,8,17,6,23,174,76,250,3,4,7,32.5,19.2,12.8,45.6,20.0,2.0,0.0,0.0,0.4
9000008121,2025-07-06 11:00,0.999722,3,2,5,6,0,6,191,132,323,5,7,12,32.0,25.39,21.67,33.75,15.79,2.17,0.31,0.62,0.31
9000008121,2025-07-06 12:00,0.999167,0,0,0,0,2,2,193,151,344,6,8,14,29.0,36.92,23.26,27.33,9.59,2.33,0.29,0.0,0.29
9000008121,2025-07-06 13:00,0.999444,3,6,9,6,3,9,192,162,354,8,13,21,31.5,24.58,17.51,39.27,14.97,2.26,0.85,0.56,0.0
9000008121,2025-07-06 14:00,0.999167,3,16,19,13,14,27,199,144,343,7,6,13,34.0,13.12,23.62,36.44,22.74,3.79,0.0,0.29,0.0
9000008121,2025-07-06 15:00,0.999444,3,10,13,17,12,29,185,148,333,5,6,11,33.5,15.92,23.42,38.14,17.72,4.2,0.6,0.0,0.0
9000008121,2025-07-06 16:00,0.999167,1,20,21,9,2,11,182,124,306,5,11,16,34.0,23.53,18.3,31.37,21.24,4.9,0.65,0.0,0.0
9000008121,2025-07-06 17:00,0.999722,2,11,13,19,7,26,210,169,379,6,10,16,31.5,19.26,23.75,38.79,15.04,2.11,0.53,0.26,0.26
9000008121,2025-07-06 18:00,0.999444,3,15,18,17,3,20,176,144,320,3,11,14,32.0,19.06,29.06,31.88,17.5,1.56,0.94,0.0,0.0
9000008121,2025-07-06 19:00,0.999722,5,16,21,5,6,11,147,135,282,2,9,11,32.0,28.01,18.79,34.4,15.6,2.48,0.35,0.35,0.0
9000008121,2025-07-06 20:00,0.999444,0,3,3,11,8,19,132,111,243,2,9,11,32.0,25.93,20.58,33.74,14.81,3.29,1.23,0.41,0.0
9000008121,2025-07-06 21:00,0.999722,1,3,4,7,1,8,47,44,91,2,2,4,33.5,13.19,24.18,39.56,19.78,1.1,1.1,1.1,0.0
9000008121,2025-07-06 22:00,0.999167,0,0,0,0,0,0,0,0,0,0,0,0,,0.0,0.0,0.0,0.0,0.0,0.0,0.0,0.0
9000008121,2025-07-06 23:00,0.999167,0,0,0,0,0,0,0,1,1,0,0,0,9.0,100.0,0.0,0.0,0.0,0.0,0.0,0.0,0.0
9000008121,2025-07-07 00:00,0.999444,0,0,0,0,0,0,0,0,0,0,0,0,,0.0,0.0,0.0,0.0,0.0,0.0,0.0,0.0
9000008121,2025-07-07 01:00,0.998056,0,0,0,0,0,0,0,0,0,0,0,0,,0.0,0.0,0.0,0.0,0.0,0.0,0.0,0.0
9000008121,2025-07-07 02:00,0.995833,0,0,0,0,0,0,0,0,0,0,0,0,,0.0,0.0,0.0,0.0,0.0,0.0,0.0,0.0
9000008121,2025-07-07 03:00,0.991667,0,0,0,0,0,0,0,0,0,0,0,0,,0.0,0.0,0.0,0.0,0.0,0.0,0.0,0.0
9000008121,2025-07-07 04:00,0.982778,0,0,0,0,0,0,2,3,5,0,1,1,26.0,0.0,80.0,20.0,0.0,0.0,0.0,0.0,0.0
9000008121,2025-07-07 05:00,0.969722,0,0,0,2,4,6,65,33,98,6,5,11,34.5,0.0,33.68,43.16,21.05,3.16,0.0,0.0,0.0
9000008121,2025-07-07 06:00,0.999444,0,1,1,4,2,6,107,116,223,15,18,33,32.0,10.31,39.01,33.63,13.0,4.04,0.0,0.0,0.0
9000008121,2025-07-07 07:00,0.999722,0,2,2,17,1,18,257,255,512,15,31,46,31.0,4.3,42.19,36.13,14.84,2.34,0.0,0.0,0.2
9000008121,2025-07-07 08:00,0.999167,0,2,2,16,4,20,351,336,687,29,41,70,30.5,6.27,37.61,40.82,12.54,2.33,0.29,0.15,0.15
9000008121,2025-07-07 09:00,0.999444,0,3,3,19,3,22,300,256,556,32,36,68,30.0,5.58,35.61,44.6,12.23,1.44,0.18,0.36,0.0
9000008121,2025-07-07 10:00,0.999444,4,4,8,8,8,16,322,194,516,22,42,64,32.5,11.05,21.9,44.77,18.99,3.1,0.0,0.0,0.19
9000008121,2025-07-07 11:00,0.999444,1,3,4,11,6,17,315,210,525,22,25,47,30.0,11.81,29.14,44.76,12.76,1.14,0.38,0.0,0.0
9000008121,2025-07-07 12:00,0.999444,1,1,2,20,9,29,322,226,548,28,46,74,30.5,5.11,29.38,49.09,14.42,1.82,0.18,0.0,0.0
9000008121,2025-07-07 13:00,0.999444,1,1,2,13,5,18,335,227,562,27,60,87,30.0,10.68,27.58,47.51,11.57,1.96,0.53,0.18,0.0
9000008121,2025-07-07 14:00,0.999167,2,3,5,24,18,42,410,325,735,36,52,88,31.0,15.8,27.79,38.83,14.99,2.04,0.54,0.14,0.0
9000008121,2025-07-07 15:00,0.999722,0,0,0,1,0,1,501,218,719,34,17,51,31.0,12.52,21.56,48.4,15.44,1.95,0.0,0.0,0.14
9000008121,2025-07-07 16:00,0.999444,0,12,12,13,5,18,463,332,795,45,32,77,32.0,14.72,28.93,37.11,15.47,2.64,0.88,0.13,0.13
9000008121,2025-07-07 17:00,0.999444,0,8,8,26,4,30,424,352,776,22,28,50,30.0,14.69,30.67,39.18,14.3,1.03,0.0,0.13,0.0
9000008121,2025-07-07 18:00,0.987222,0,2,2,26,7,33,369,276,645,16,48,65,31.5,10.99,28.57,41.92,15.86,2.83,0.0,0.0,0.0
9000008121,2025-07-07 19:00,0.999722,2,6,8,19,1,20,201,155,356,7,17,24,29.5,18.54,25.28,42.7,10.67,2.81,0.0,0.0,0.0
9000008121,2025-07-07 20:00,0.992222,0,0,0,15,6,21,133,109,241,7,9,16,30.5,17.08,31.67,35.0,13.75,2.5,0.0,0.0,0.0
9000008121,2025-07-07 21:00,0.991944,0,0,0,2,5,7,34,41,76,1,3,4,27.5,12.0,45.33,33.33,9.33,0.0,0.0,0.0,0.0
9000008121,2025-07-07 22:00,0.9725,0,0,0,0,0,0,1,1,2,0,0,0,33.5,0.0,0.0,50.0,50.0,0.0,0.0,0.0,0.0
9000008121,2025-07-07 23:00,0.999167,0,0,0,0,0,0,0,0,0,0,0,0,,0.0,0.0,0.0,0.0,0.0,0.0,0.0,0.0
9000008121,2025-07-08 00:00,0.979444,0,0,0,0,0,0,0,0,0,0,0,0,,0.0,0.0,0.0,0.0,0.0,0.0,0.0,0.0
9000008121,2025-07-08 01:00,0.955556,0,0,0,0,0,0,1,0,1,0,0,0,4.0,100.0,0.0,0.0,0.0,0.0,0.0,0.0,0.0
9000008121,2025-07-08 02:00,0.979167,0,0,0,0,0,0,0,0,0,0,0,0,,0.0,0.0,0.0,0.0,0.0,0.0,0.0,0.0
9000008121,2025-07-08 03:00,0.973889,0,0,0,0,0,0,0,0,0,0,0,0,,0.0,0.0,0.0,0.0,0.0,0.0,0.0,0.0
9000008121,2025-07-08 04:00,0.93,0,0,0,1,0,1,1,1,2,0,1,1,33.5,50.0,0.0,0.0,50.0,0.0,0.0,0.0,0.0
9000008121,2025-07-08 05:00,0.965,0,1,1,4,1,5,54,28,83,9,5,15,33.0,16.25,22.5,35.0,23.75,1.25,0.0,0.0,0.0
9000008121,2025-07-08 06:00,0.987222,0,0,0,13,1,14,127,73,200,15,17,32,30.0,21.83,26.9,36.55,12.18,1.52,0.51,0.51,0.0
9000008121,2025-07-08 07:00,0.972222,0,1,1,22,9,32,283,257,540,21,35,56,28.5,21.71,28.19,39.62,9.71,0.76,0.0,0.0,0.0
9000008121,2025-07-08 08:00,0.984444,4,8,12,31,17,48,403,305,708,33,45,77,29.5,19.51,25.39,42.32,10.76,2.01,0.0,0.0,0.0
9000008121,2025-07-08 09:00,0.995833,4,7,11,28,11,39,348,263,611,41,49,90,30.0,20.53,19.54,45.98,12.48,1.31,0.0,0.0,0.16
9000008121,2025-07-08 10:00,0.991944,5,8,13,14,9,23,220,183,403,17,21,38,29.5,29.25,21.5,35.75,11.25,2.0,0.0,0.0,0.0
9000008121,2025-07-08 11:00,0.999444,5,11,16,18,21,39,327,250,577,32,36,68,29.0,24.09,25.82,38.3,9.88,1.73,0.0,0.17,0.0
9000008121,2025-07-08 12:00,0.999722,0,5,5,29,14,43,313,233,546,35,40,75,30.0,23.99,19.78,41.58,13.19,1.28,0.18,0.0,0.0
9000008121,2025-07-08 13:00,0.999444,1,5,6,35,19,54,336,191,527,35,27,62,31.0,18.03,20.11,44.59,15.37,1.33,0.57,0.0,0.0
9000008121,2025-07-08 14:00,0.999444,0,9,9,29,25,54,426,281,707,35,38,73,32.5,18.81,20.79,39.46,17.82,2.97,0.0,0.14,0.0
9000008121,2025-07-08 15:00,0.984722,2,13,15,25,5,31,518,287,806,57,29,86,32.0,21.31,19.8,39.09,16.14,3.4,0.13,0.13,0.0
9000008121,2025-07-08 16:00,0.999444,1,17,18,20,12,32,489,345,834,29,30,59,30.0,21.46,22.9,40.65,11.99,1.92,0.84,0.12,0.12
9000008121,2025-07-08 17:00,0.981667,0,8,8,20,5,25,379,218,597,30,22,52,30.0,19.45,21.5,44.2,13.48,1.54,0.17,0.0,0.0
9000008121,2025-07-08 18:00,0.999444,2,12,14,66,18,84,392,217,609,29,18,47,29.0,18.06,23.48,47.45,8.87,1.81,0.16,0.16,0.0
9000008121,2025-07-08 19:00,0.9925,1,10,11,23,11,34,213,157,370,9,30,39,31.0,19.89,23.43,39.78,14.99,1.36,0.54,0.0,0.0
9000008121,2025-07-08 20:00,0.999167,1,5,6,13,4,17,147,124,271,6,13,19,32.0,12.18,33.58,35.42,15.5,2.58,0.0,0.0,0.74
9000008121,2025-07-08 21:00,0.999444,1,3,4,14,8,22,61,41,102,2,2,4,30.5,28.43,20.59,35.29,13.73,1.96,0.0,0.0,0.0
9000008121,2025-07-08 22:00,0.960278,0,0,0,0,0,0,1,2,3,0,0,0,17.5,66.67,33.33,0.0,0.0,0.0,0.0,0.0,0.0
9000008121,2025-07-08 23:00,1.0,0,0,0,0,0,0,0,0,0,0,0,0,,0.0,0.0,0.0,0.0,0.0,0.0,0.0,0.0
9000008121,2025-07-09 00:00,0.983889,0,0,0,0,0,0,0,1,1,0,0,0,24.0,0.0,0.0,100.0,0.0,0.0,0.0,0.0,0.0
9000008121,2025-07-09 01:00,0.980833,0,0,0,0,0,0,0,2,2,0,0,0,8.5,100.0,0.0,0.0,0.0,0.0,0.0,0.0,0.0
9000008121,2025-07-09 02:00,0.977778,0,0,0,0,0,0,0,0,0,0,0,0,,0.0,0.0,0.0,0.0,0.0,0.0,0.0,0.0
9000008121,2025-07-09 03:00,0.962222,0,0,0,0,0,0,0,0,0,0,0,0,,0.0,0.0,0.0,0.0,0.0,0.0,0.0,0.0
9000008121,2025-07-09 04:00,0.965556,0,0,0,1,0,1,2,0,2,0,0,0,43.5,0.0,0.0,0.0,50.0,50.0,0.0,0.0,0.0
9000008121,2025-07-09 05:00,0.954167,0,0,0,3,1,4,55,27,81,7,4,11,32.5,23.08,16.67,39.74,15.38,1.28,1.28,0.0,1.28
9000008121,2025-07-09 06:00,0.983611,0,2,2,10,3,13,104,82,187,13,25,38,33.5,25.54,19.02,31.52,19.57,2.72,1.63,0.0,0.0
9000008121,2025-07-09 07:00,0.999444,2,4,6,15,12,27,332,247,579,31,53,84,32.0,20.9,23.83,37.13,14.34,3.11,0.52,0.17,0.0
9000008121,2025-07-09 08:00,0.999444,1,3,4,22,14,36,354,267,621,37,49,86,31.0,23.99,20.13,38.81,14.81,1.61,0.32,0.16,0.16
9000008121,2025-07-09 09:00,0.999722,0,4,4,24,5,29,298,198,496,31,52,83,31.0,20.77,20.36,41.33,15.12,1.61,0.6,0.2,0.0
9000008121,2025-07-09 10:00,0.999167,1,1,2,11,4,15,274,167,441,22,31,53,31.0,20.63,19.05,42.63,15.42,0.68,1.13,0.23,0.23
9000008121,2025-07-09 11:00,0.965556,2,11,13,12,17,29,290,239,528,20,35,55,30.5,28.63,17.84,38.04,13.73,1.76,0.0,0.2,0.0
9000008121,2025-07-09 12:00,0.999444,0,3,3,22,13,35,344,220,564,28,37,65,30.5,17.73,20.39,46.1,13.3,2.13,0.18,0.18,0.0
9000008121,2025-07-09 13:00,0.999444,5,4,9,17,11,28,376,229,605,35,53,88,31.0,16.53,20.83,45.79,14.21,1.98,0.5,0.0,0.17
9000008121,2025-07-09 14:00,0.999444,2,23,25,19,6,25,418,269,687,48,25,73,31.0,26.2,16.45,40.9,14.41,1.89,0.0,0.15,0.0
9000008121,2025-07-09 15:00,0.999444,12,35,47,50,19,69,550,357,907,35,43,78,31.5,26.49,16.23,38.74,15.89,2.54,0.11,0.11,0.0
9000008121,2025-07-09 16:00,0.999444,0,23,23,31,12,43,558,330,888,31,59,90,31.5,20.95,17.34,42.57,16.33,2.25,0.56,0.0,0.0
9000008121,2025-07-09 17:00,0.999444,4,16,20,50,15,65,406,232,638,16,39,55,32.5,18.65,17.08,43.1,17.55,3.29,0.16,0.16,0.0
9000008121,2025-07-09 18:00,0.999722,3,13,16,28,13,41,359,230,589,11,39,50,31.0,22.92,19.69,39.73,15.28,1.87,0.34,0.17,0.0
9000008121,2025-07-09 19:00,0.999722,2,10,12,20,8,28,195,176,371,7,30,37,31.0,23.18,21.83,38.27,13.48,2.96,0.27,0.0,0.0
9000008121,2025-07-09 20:00,0.999444,0,2,2,9,3,12,159,93,252,8,11,19,33.0,17.86,19.84,40.48,17.46,3.57,0.4,0.0,0.4
9000008121,2025-07-09 21:00,0.999444,0,0,0,3,5,8,47,33,80,1,4,5,31.0,16.25,30.0,36.25,12.5,5.0,0.0,0.0,0.0
9000008121,2025-07-09 22:00,0.974167,0,0,0,0,0,0,2,2,4,0,0,0,17.0,0.0,100.0,0.0,0.0,0.0,0.0,0.0,0.0
9000008121,2025-07-09 23:00,0.981111,0,0,0,0,1,1,2,1,3,0,0,0,12.5,66.67,33.33,0.0,0.0,0.0,0.0,0.0,0.0
9000008121,2025-07-10 00:00,0.993056,0,0,0,0,0,0,1,0,1,0,0,0,14.0,0.0,100.0,0.0,0.0,0.0,0.0,0.0,0.0
9000008121,2025-07-10 01:00,0.977778,0,0,0,0,0,0,0,0,0,0,0,0,,0.0,0.0,0.0,0.0,0.0,0.0,0.0,0.0
9000008121,2025-07-10 02:00,0.987778,0,0,0,0,0,0,0,0,0,0,0,0,,0.0,0.0,0.0,0.0,0.0,0.0,0.0,0.0
9000008121,2025-07-10 03:00,0.965556,0,0,0,0,1,1,0,0,0,0,0,0,,0.0,0.0,0.0,0.0,0.0,0.0,0.0,0.0
9000008121,2025-07-10 04:00,0.966389,0,0,0,0,0,0,3,2,5,0,0,0,31.5,20.0,40.0,20.0,20.0,0.0,0.0,0.0,0.0
9000008121,2025-07-10 05:00,0.982778,0,2,2,3,3,6,57,21,78,7,9,16,34.5,21.05,11.84,38.16,18.42,9.21,1.32,1.32,0.0
9000008121,2025-07-10 06:00,0.999444,1,0,1,2,4,6,106,84,190,14,30,44,31.5,29.47,21.05,31.58,14.21,3.16,0.53,0.0,0.0
9000008121,2025-07-10 07:00,0.985278,0,1,1,18,5,24,278,235,513,18,57,75,31.5,22.97,21.78,36.63,17.43,1.19,0.0,0.0,0.0
9000008121,2025-07-10 08:00,0.999444,0,1,1,18,12,30,336,258,594,30,59,89,30.5,18.01,24.58,40.91,13.64,2.53,0.34,0.0,0.0
9000008121,2025-07-10 09:00,0.999444,2,3,5,14,6,20,311,258,569,23,26,49,29.0,24.96,22.14,41.12,10.72,0.7,0.18,0.18,0.0
9000008121,2025-07-10 10:00,0.999444,1,4,5,19,5,24,296,199,495,28,24,52,29.5,23.84,24.04,38.38,11.52,1.62,0.4,0.0,0.2
9000008121,2025-07-10 11:00,0.999444,3,5,8,14,12,26,278,200,478,23,37,60,30.0,21.55,25.73,37.66,12.97,1.26,0.21,0.0,0.63
9000008121,2025-07-10 12:00,0.999444,1,9,10,18,19,37,313,214,527,25,46,71,32.0,14.61,23.15,42.88,15.75,2.85,0.57,0.0,0.19
9000008121,2025-07-10 13:00,0.999444,0,4,4,23,12,35,323,230,553,35,58,93,31.5,16.64,23.33,41.77,16.09,1.45,0.36,0.18,0.18
9000008121,2025-07-10 14:00,0.9875,0,2,2,15,2,17,451,229,680,28,51,80,31.0,10.12,26.79,46.13,15.33,1.64,0.15,0.0,0.0
9000008121,2025-07-10 15:00,0.993889,0,1,1,47,1,48,623,267,889,40,59,100,30.0,13.24,19.46,51.81,13.57,1.36,0.45,0.11,0.0
9000008121,2025-07-10 16:00,0.991667,1,2,3,39,10,50,546,206,752,18,34,52,30.5,13.54,21.72,48.93,13.54,2.01,0.27,0.0,0.0
9000008121,2025-07-10 17:00,0.990278,3,3,6,30,10,40,421,277,697,35,23,58,29.5,17.54,25.8,43.04,12.17,1.16,0.29,0.14,0.0
9000008121,2025-07-10 18:00,0.983333,3,10,13,30,6,36,338,211,549,10,10,20,29.0,17.22,25.56,46.3,9.63,0.93,0.37,0.0,0.0
9000008121,2025-07-10 19:00,0.999167,5,10,15,19,16,35,225,183,408,9,18,27,31.5,17.16,25.74,39.22,14.71,1.96,0.98,0.25,0.0
9000008121,2025-07-10 20:00,0.999444,4,9,13,13,8,21,110,125,235,8,6,14,28.5,27.23,26.38,36.6,8.51,1.28,0.0,0.0,0.0
9000008121,2025-07-10 21:00,0.976944,0,0,0,6,2,8,57,36,94,3,3,6,32.5,14.13,25.0,39.13,18.48,2.17,0.0,0.0,0.0
9000008121,2025-07-10 22:00,0.999167,0,0,0,0,0,0,0,0,0,0,0,0,,0.0,0.0,0.0,0.0,0.0,0.0,0.0,0.0
9000008121,2025-07-10 23:00,0.990278,0,0,0,0,0,0,0,0,0,0,0,0,,0.0,0.0,0.0,0.0,0.0,0.0,0.0,0.0
9000008121,2025-07-11 00:00,0.968889,0,0,0,0,0,0,0,0,0,0,0,0,,0.0,0.0,0.0,0.0,0.0,0.0,0.0,0.0
9000008121,2025-07-11 01:00,0.961111,0,0,0,1,0,1,0,0,0,0,0,0,,0.0,0.0,0.0,0.0,0.0,0.0,0.0,0.0
9000008121,2025-07-11 02:00,0.999167,0,0,0,0,0,0,0,0,0,0,0,0,,0.0,0.0,0.0,0.0,0.0,0.0,0.0,0.0
9000008121,2025-07-11 03:00,0.936667,0,0,0,0,0,0,1,0,1,0,0,0,4.0,100.0,0.0,0.0,0.0,0.0,0.0,0.0,0.0
9000008121,2025-07-11 04:00,0.899444,0,0,0,0,0,0,2,6,8,0,1,1,25.0,57.14,14.29,14.29,14.29,0.0,0.0,0.0,0.0
9000008121,2025-07-11 05:00,0.945278,0,0,0,1,2,3,32,26,58,3,7,11,34.5,27.27,14.55,34.55,10.91,10.91,3.64,0.0,0.0
9000008121,2025-07-11 06:00,0.966944,0,1,1,0,1,1,82,79,161,8,16,24,33.5,31.41,19.23,26.92,18.59,3.85,0.0,0.0,0.64
9000008121,2025-07-11 07:00,0.956389,0,0,0,5,8,13,264,228,492,16,28,44,30.5,15.5,27.6,40.76,14.01,1.91,0.64,0.0,0.0
9000008121,2025-07-11 08:00,0.999444,6,12,18,11,9,20,285,271,556,29,34,63,31.0,19.06,27.52,36.69,13.67,2.52,0.18,0.36,0.0
9000008121,2025-07-11 09:00,0.999444,9,9,18,16,9,25,318,199,517,17,35,52,32.0,23.79,15.47,39.65,17.79,2.71,0.39,0.0,0.19
9000008121,2025-07-11 10:00,0.999444,1,3,4,13,5,18,328,195,523,27,34,61,31.5,23.71,14.53,43.4,16.83,1.34,0.19,0.0,0.0
9000008121,2025-07-11 11:00,0.999444,4,17,21,13,12,25,272,252,524,26,28,54,29.5,14.31,36.83,35.31,11.26,1.91,0.38,0.0,0.0
9000008121,2025-07-11 12:00,0.999444,5,20,25,23,20,43,355,250,605,41,57,98,32.0,13.55,25.29,40.83,16.53,2.98,0.5,0.0,0.33
9000008121,2025-07-11 13:00,0.999444,18,45,63,29,49,78,399,268,667,24,27,51,32.5,8.85,27.44,43.18,18.44,1.95,0.15,0.0,0.0
9000008121,2025-07-11 14:00,0.999722,9,20,29,58,12,70,482,252,734,44,82,126,31.0,19.35,18.94,44.14,15.12,2.18,0.27,0.0,0.0
9000008121,2025-07-11 15:00,0.999167,8,35,43,27,21,48,459,325,784,25,41,66,32.5,23.37,16.73,39.08,18.39,2.17,0.13,0.13,0.13
9000008121,2025-07-11 16:00,0.999444,3,59,62,24,10,34,367,240,607,21,33,54,32.5,22.73,16.97,38.22,18.78,2.97,0.0,0.16,0.16
9000008121,2025-07-11 17:00,0.999444,0,12,12,16,8,24,387,203,590,15,40,55,31.0,17.46,19.66,45.76,14.24,2.03,0.85,0.0,0.0
9000008121,2025-07-11 18:00,0.984444,8,5,13,22,9,31,324,234,558,15,20,36,30.5,24.73,19.09,40.0,14.18,1.27,0.55,0.0,0.0
9000008121,2025-07-11 19:00,0.983611,2,2,4,18,11,29,192,184,376,7,13,20,29.5,20.05,30.35,36.31,11.38,1.9,0.27,0.0,0.0
9000008121,2025-07-11 20:00,0.999444,0,3,3,8,11,19,132,107,239,6,10,16,30.5,11.3,32.22,40.17,14.64,1.26,0.0,0.0,0.42
9000008121,2025-07-11 21:00,0.978889,0,0,0,0,0,0,11,19,30,1,0,1,27.5,30.0,30.0,33.33,6.67,0.0,0.0,0.0,0.0
9000008121,2025-07-11 22:00,0.996111,0,0,0,0,0,0,0,0,0,0,0,0,,0.0,0.0,0.0,0.0,0.0,0.0,0.0,0.0
9000008121,2025-07-11 23:00,0.945556,0,0,0,0,0,0,2,5,7,0,0,0,35.5,42.86,14.29,14.29,14.29,0.0,0.0,0.0,0.0
9000008121,2025-07-12 00:00,0.941944,0,0,0,0,0,0,0,0,0,0,0,0,,0.0,0.0,0.0,0.0,0.0,0.0,0.0,0.0
9000008121,2025-07-12 01:00,0.9625,0,0,0,0,0,0,0,1,1,0,0,0,4.0,100.0,0.0,0.0,0.0,0.0,0.0,0.0,0.0
9000008121,2025-07-12 02:00,0.976389,0,0,0,0,0,0,0,0,0,0,0,0,,0.0,0.0,0.0,0.0,0.0,0.0,0.0,0.0
9000008121,2025-07-12 03:00,0.966944,0,0,0,0,2,2,0,1,1,0,0,0,14.0,0.0,100.0,0.0,0.0,0.0,0.0,0.0,0.0
9000008121,2025-07-12 04:00,0.976667,0,0,0,0,0,0,0,0,0,0,0,0,,0.0,0.0,0.0,0.0,0.0,0.0,0.0,0.0
9000008121,2025-07-12 05:00,0.964722,0,0,0,3,0,3,7,4,12,1,0,1,33.5,18.18,18.18,36.36,18.18,9.09,0.0,0.0,0.0
9000008121,2025-07-12 06:00,0.961944,0,0,0,3,1,4,25,18,43,2,5,7,34.0,14.63,26.83,29.27,21.95,7.32,0.0,0.0,0.0
9000008121,2025-07-12 07:00,0.965278,0,0,0,1,0,1,55,25,81,4,5,9,31.0,19.23,25.64,37.18,14.1,2.56,0.0,0.0,0.0
9000008121,2025-07-12 08:00,0.967778,0,0,0,5,0,5,98,51,149,5,5,10,32.5,18.06,15.97,45.14,17.36,3.47,0.0,0.69,0.0
9000008121,2025-07-12 09:00,0.956389,1,1,2,3,0,3,163,75,237,9,8,18,33.0,18.5,17.18,39.65,22.91,2.2,0.0,0.0,0.0
9000008121,2025-07-12 10:00,0.999444,1,1,2,1,1,2,244,133,377,10,40,50,30.0,14.06,25.2,45.62,13.26,1.59,0.27,0.0,0.0
9000008121,2025-07-12 11:00,0.999722,0,0,0,6,4,10,311,172,483,11,59,70,31.5,13.25,23.19,45.55,15.94,2.07,0.0,0.0,0.0
9000008121,2025-07-12 12:00,0.999444,1,3,4,8,3,11,296,199,495,15,46,61,31.0,21.62,20.2,41.41,13.94,1.82,0.81,0.2,0.0
9000008121,2025-07-12 13:00,0.999444,3,3,6,18,5,23,342,232,574,30,28,58,30.0,20.38,21.25,43.73,12.89,1.74,0.0,0.0,0.0
9000008121,2025-07-12 14:00,0.999444,3,4,7,19,8,27,322,267,589,14,34,48,30.0,23.43,22.58,39.39,13.92,0.51,0.17,0.0,0.0
9000008121,2025-07-12 15:00,0.999444,1,5,6,15,7,22,297,227,524,12,36,48,30.5,17.56,21.76,44.47,13.55,2.67,0.0,0.0,0.0
9000008121,2025-07-12 16:00,0.966944,2,3,5,25,3,28,281,222,502,9,72,82,31.0,24.9,19.75,38.27,14.2,1.85,0.62,0.0,0.41
9000008121,2025-07-12 17:00,0.998056,1,3,4,19,2,21,285,151,436,14,39,53,31.5,20.0,18.16,43.45,17.01,1.15,0.23,0.0,0.0
9000008121,2025-07-12 18:00,0.999167,1,2,3,6,3,9,222,179,401,12,22,34,31.5,22.19,21.2,37.41,17.71,1.25,0.25,0.0,0.0
9000008121,2025-07-12 19:00,0.985278,0,0,0,9,3,12,159,155,314,11,46,57,31.5,25.89,22.33,34.63,14.24,2.59,0.65,0.0,0.0
9000008121,2025-07-12 20:00,0.999722,0,1,1,9,9,18,118,112,230,8,10,18,31.5,23.91,23.91,34.35,14.78,2.17,0.87,0.0,0.0
9000008121,2025-07-12 21:00,0.976944,0,0,0,1,0,1,18,14,32,0,1,1,33.0,19.35,22.58,38.71,16.13,6.45,0.0,0.0,0.0
9000008121,2025-07-12 22:00,0.961944,0,0,0,0,0,0,3,2,5,0,0,0,41.5,40.0,0.0,20.0,20.0,20.0,0.0,0.0,0.0
9000008121,2025-07-12 23:00,0.9625,0,0,0,0,0,0,2,1,3,0,0,0,52.5,33.33,0.0,0.0,33.33,0.0,33.33,0.0,0.0
9000008121,2025-07-13 00:00,0.9875,0,0,0,0,0,0,1,2,3,0,0,0,33.0,0.0,33.33,33.33,33.33,0.0,0.0,0.0,0.0
9000008121,2025-07-13 01:00,0.970278,0,0,0,0,0,0,1,0,1,0,0,0,69.0,0.0,0.0,0.0,0.0,0.0,0.0,100.0,0.0
9000008121,2025-07-13 02:00,0.9875,0,0,0,0,0,0,0,0,0,0,0,0,,0.0,0.0,0.0,0.0,0.0,0.0,0.0,0.0
9000008121,2025-07-13 03:00,0.94,0,0,0,0,0,0,0,1,1,0,0,0,39.0,0.0,0.0,0.0,100.0,0.0,0.0,0.0,0.0
9000008121,2025-07-13 04:00,0.988611,0,0,0,0,1,1,0,1,1,0,0,0,19.0,0.0,100.0,0.0,0.0,0.0,0.0,0.0,0.0
9000008121,2025-07-13 05:00,0.948333,0,0,0,2,0,2,18,6,24,1,1,2,34.5,17.39,21.74,34.78,21.74,4.35,0.0,0.0,0.0
9000008121,2025-07-13 06:00,0.953611,0,0,0,2,1,3,25,22,47,1,0,1,34.0,26.67,26.67,24.44,13.33,6.67,2.22,0.0,0.0
9000008121,2025-07-13 07:00,0.999167,0,0,0,0,0,0,21,20,41,3,5,8,32.5,29.27,17.07,31.71,19.51,2.44,0.0,0.0,0.0
9000008121,2025-07-13 08:00,0.965833,0,0,0,1,0,1,74,47,121,6,14,20,32.0,23.93,12.82,41.88,20.51,1.71,0.0,0.0,0.0
9000008121,2025-07-13 09:00,0.999167,0,0,0,4,4,8,130,102,232,7,26,33,33.0,24.14,19.83,34.91,17.24,3.45,0.43,0.0,0.0
9000008121,2025-07-13 10:00,0.999444,0,1,1,4,4,8,172,124,296,7,17,24,30.5,20.61,19.26,43.92,14.86,1.35,0.0,0.0,0.0
9000008121,2025-07-13 11:00,0.999444,0,3,3,13,3,16,229,124,353,5,11,16,31.5,13.6,23.51,44.48,15.58,2.83,0.0,0.0,0.0
9000008121,2025-07-13 12:00,0.999722,0,5,5,6,5,11,213,133,346,7,30,37,30.5,13.29,27.17,43.64,13.87,1.73,0.29,0.0,0.0
9000008121,2025-07-13 13:00,0.999444,3,23,26,13,6,19,256,157,413,8,19,27,31.0,19.13,20.82,42.62,15.98,1.21,0.24,0.0,0.0
9000008121,2025-07-13 14:00,0.999444,0,12,12,14,3,17,232,152,384,7,17,24,31.0,19.27,20.31,43.75,14.58,1.82,0.26,0.0,0.0
9000008121,2025-07-13 15:00,0.999167,1,39,40,13,1,14,218,168,386,12,15,27,32.5,20.47,22.8,34.97,18.91,2.33,0.52,0.0,0.0
9000008121,2025-07-13 16:00,0.999444,1,38,39,7,8,15,174,153,327,8,10,18,32.0,20.18,25.08,35.47,16.21,2.45,0.31,0.31,0.0
9000008121,2025-07-13 17:00,0.999444,2,34,36,18,5,23,223,150,373,5,7,12,30.5,24.4,17.96,41.29,14.48,1.88,0.0,0.0,0.0
9000008121,2025-07-13 18:00,0.999444,1,20,21,14,8,22,192,153,345,8,11,19,32.5,11.59,32.75,34.2,17.97,2.32,0.87,0.0,0.29
9000008121,2025-07-13 19:00,0.999444,7,22,29,33,11,44,175,101,276,10,9,19,31.0,19.93,22.83,40.58,14.49,2.17,0.0,0.0,0.0
9000008121,2025-07-13 20:00,0.999444,1,2,3,8,10,18,114,104,218,7,6,13,29.5,7.8,34.86,44.5,12.39,0.46,0.0,0.0,0.0
9000008121,2025-07-13 21:00,0.986389,0,0,0,1,4,5,56,42,98,1,2,3,30.5,2.06,40.21,42.27,14.43,2.06,0.0,0.0,0.0
9000008121,2025-07-13 22:00,0.938333,0,0,0,1,0,1,1,0,1,0,0,0,34.0,0.0,0.0,0.0,100.0,0.0,0.0,0.0,0.0
9000008121,2025-07-13 23:00,0.989722,0,0,0,0,0,0,0,0,0,0,0,0,,0.0,0.0,0.0,0.0,0.0,0.0,0.0,0.0
9000008121,2025-07-14 00:00,0.999444,0,0,0,0,0,0,0,0,0,0,0,0,,0.0,0.0,0.0,0.0,0.0,0.0,0.0,0.0
9000008121,2025-07-14 01:00,0.957222,0,0,0,0,0,0,1,0,1,0,0,0,24.0,0.0,0.0,100.0,0.0,0.0,0.0,0.0,0.0
9000008121,2025-07-14 02:00,0.999722,0,0,0,0,0,0,0,0,0,0,0,0,,0.0,0.0,0.0,0.0,0.0,0.0,0.0,0.0
9000008121,2025-07-14 03:00,0.996944,0,0,0,0,0,0,0,0,0,0,0,0,,0.0,0.0,0.0,0.0,0.0,0.0,0.0,0.0
9000008121,2025-07-14 04:00,0.944167,0,0,0,0,0,0,4,1,5,0,1,1,33.0,0.0,0.0,60.0,40.0,0.0,0.0,0.0,0.0
9000008121,2025-07-14 05:00,0.999444,0,0,0,2,1,3,58,24,82,8,7,15,34.0,23.17,14.63,34.15,21.95,6.1,0.0,0.0,0.0
9000008121,2025-07-14 06:00,0.991667,0,4,4,4,4,8,114,75,189,20,28,48,32.0,21.81,22.34,35.64,15.96,3.19,0.53,0.0,0.0
9000008121,2025-07-14 07:00,0.999167,5,10,15,23,4,27,305,264,569,25,54,79,31.5,18.28,28.82,34.8,16.87,0.7,0.35,0.0,0.18
9000008121,2025-07-14 08:00,0.999444,4,9,13,26,6,32,342,293,635,26,58,84,31.0,18.27,26.3,37.95,15.43,1.73,0.16,0.16,0.0
9000008121,2025-07-14 09:00,0.988056,5,7,12,17,6,24,287,247,534,20,23,44,31.0,12.33,28.27,42.69,14.8,1.9,0.19,0.0,0.0
9000008121,2025-07-14 10:00,0.999444,2,1,3,24,2,26,331,189,520,37,19,56,29.0,19.04,29.04,40.38,9.81,0.96,0.58,0.0,0.19
9000008121,2025-07-14 11:00,0.999722,8,10,18,15,14,29,265,237,502,25,52,77,30.0,20.92,24.7,39.44,13.55,1.0,0.0,0.0,0.4
9000008121,2025-07-14 12:00,0.999444,10,21,31,9,32,41,251,270,521,24,48,72,29.5,16.51,35.32,34.55,10.75,2.5,0.0,0.19,0.19
9000008121,2025-07-14 13:00,0.999444,3,9,12,6,12,18,288,263,551,44,39,83,32.5,23.23,20.87,35.57,16.15,2.9,0.91,0.36,0.0
9000008121,2025-07-14 14:00,0.999722,2,16,18,16,17,33,387,297,684,61,44,105,32.0,22.08,21.35,37.13,15.35,3.22,0.29,0.29,0.29
9000008121,2025-07-14 15:00,0.999167,3,39,42,21,12,33,605,358,963,53,34,87,31.0,17.88,22.66,42.52,14.14,2.6,0.31,0.0,0.0
9000008121,2025-07-14 16:00,0.999444,0,28,28,47,13,60,703,299,1002,46,36,82,30.5,16.88,18.08,49.45,13.29,1.8,0.3,0.1,0.2
9000008121,2025-07-14 17:00,0.999722,5,42,47,23,15,38,373,279,652,21,27,48,32.0,15.8,27.61,37.42,14.11,4.29,0.15,0.46,0.15
9000008121,2025-07-14 18:00,0.999444,7,42,49,52,14,66,285,243,528,11,27,38,30.0,21.02,28.22,35.61,12.5,2.46,0.19,0.0,0.0
9000008121,2025-07-14 19:00,0.999722,3,19,22,25,8,33,206,175,381,12,19,31,31.5,25.98,22.57,33.07,16.01,1.84,0.52,0.0,0.0
9000008121,2025-07-14 20:00,0.999444,3,8,11,23,4,27,133,155,288,7,30,37,31.0,29.86,29.51,23.26,13.54,3.47,0.35,0.0,0.0
9000008121,2025-07-14 21:00,0.999722,3,0,3,8,8,16,49,54,103,3,2,5,29.5,21.36,30.1,34.95,10.68,2.91,0.0,0.0,0.0
9000008121,2025-07-14 22:00,0.999444,0,0,0,1,0,1,1,3,4,0,0,0,42.0,75.0,0.0,0.0,0.0,25.0,0.0,0.0,0.0
9000008121,2025-07-14 23:00,0.971667,0,0,0,0,0,0,1,0,1,0,0,0,29.0,0.0,0.0,100.0,0.0,0.0,0.0,0.0,0.0
9000008121,2025-07-15 00:00,0.981944,0,0,0,0,0,0,2,0,2,0,0,0,18.5,50.0,50.0,0.0,0.0,0.0,0.0,0.0,0.0
9000008121,2025-07-15 01:00,0.999167,0,0,0,0,0,0,0,0,0,0,0,0,,0.0,0.0,0.0,0.0,0.0,0.0,0.0,0.0
9000008121,2025-07-15 02:00,0.974167,0,0,0,0,0,0,0,0,0,0,0,0,,0.0,0.0,0.0,0.0,0.0,0.0,0.0,0.0
9000008121,2025-07-15 03:00,0.931389,0,0,0,0,0,0,0,0,0,0,0,0,,0.0,0.0,0.0,0.0,0.0,0.0,0.0,0.0
9000008121,2025-07-15 04:00,0.995556,0,0,0,0,0,0,3,0,3,1,0,1,32.5,33.33,33.33,0.0,33.33,0.0,0.0,0.0,0.0
9000008121,2025-07-15 05:00,0.978333,0,0,0,3,2,5,48,29,77,6,7,13,35.5,5.33,29.33,33.33,24.0,8.0,1.33,0.0,0.0
9000008121,2025-07-15 06:00,0.999444,0,0,0,9,0,9,102,107,209,13,19,32,29.5,21.53,31.1,33.97,11.48,1.91,0.0,0.0,0.0
9000008121,2025-07-15 07:00,0.999167,2,3,5,22,5,27,267,316,583,17,45,62,28.0,26.07,30.53,34.65,7.72,0.86,0.17,0.0,0.0
9000008121,2025-07-15 08:00,0.999444,2,2,4,23,11,34,336,400,736,24,52,76,28.5,20.65,34.24,33.97,9.92,0.95,0.0,0.14,0.14
9000008121,2025-07-15 09:00,0.991944,3,3,6,20,6,26,313,295,609,34,56,90,29.5,23.68,28.97,34.6,10.6,1.66,0.17,0.17,0.17
9000008121,2025-07-15 10:00,0.987778,1,2,3,11,6,17,277,260,537,22,50,72,30.0,19.02,31.26,35.4,11.3,2.07,0.56,0.0,0.38
9000008121,2025-07-15 11:00,0.992778,0,8,8,32,15,47,311,251,563,22,47,69,29.0,12.88,37.57,38.64,10.02,0.72,0.18,0.0,0.0
9000008121,2025-07-15 12:00,0.999444,1,16,17,15,25,40,295,274,569,22,61,83,30.5,5.8,37.79,40.42,12.3,3.34,0.18,0.18,0.0
9000008121,2025-07-15 13:00,0.999167,0,6,6,12,12,24,356,280,636,23,40,63,30.0,17.8,28.66,39.53,11.97,1.89,0.31,0.0,0.0
9000008121,2025-07-15 14:00,0.994167,0,0,0,2,2,4,254,193,447,14,13,27,41.0,11.71,22.97,29.73,18.92,9.91,4.05,1.8,0.9
9000008121,2025-07-15 15:00,0.999167,0,2,2,30,5,35,713,357,1070,39,60,99,31.0,9.26,26.85,46.59,15.15,1.78,0.37,0.09,0.0
9000008121,2025-07-15 16:00,0.999722,0,37,37,35,8,43,488,385,873,22,50,72,30.0,17.18,27.03,41.12,12.6,1.49,0.46,0.11,0.0
9000008121,2025-07-15 17:00,0.988889,1,49,50,23,23,46,360,275,635,16,26,42,31.0,24.52,21.02,37.1,15.45,1.43,0.48,0.0,0.0
9000008121,2025-07-15 18:00,0.991389,6,36,42,31,17,48,306,248,554,17,29,46,32.5,27.82,18.91,33.45,16.18,3.09,0.36,0.18,0.0
9000008121,2025-07-15 19:00,0.999444,0,19,19,16,12,28,192,227,419,10,26,36,30.5,30.31,25.54,27.92,14.56,1.43,0.24,0.0,0.0
9000008121,2025-07-15 20:00,0.999444,2,13,15,14,16,30,133,139,272,10,9,19,29.5,23.16,29.04,34.19,10.66,2.57,0.0,0.37,0.0
9000008121,2025-07-15 21:00,0.988333,1,0,1,2,0,2,38,33,71,1,2,3,30.0,30.0,17.14,40.0,11.43,1.43,1.43,0.0,0.0
9000008121,2025-07-15 22:00,0.979444,0,0,0,0,0,0,1,0,1,0,0,0,89.0,0.0,0.0,0.0,0.0,0.0,0.0,0.0,100.0
9000008121,2025-07-15 23:00,0.940833,0,0,0,0,0,0,3,2,6,0,0,0,13.0,60.0,40.0,0.0,0.0,0.0,0.0,0.0,0.0
9000008121,2025-07-16 00:00,0.949167,0,0,0,1,0,1,0,0,0,0,0,0,,0.0,0.0,0.0,0.0,0.0,0.0,0.0,0.0
9000008121,2025-07-16 01:00,0.974167,0,0,0,0,0,0,0,0,0,0,0,0,,0.0,0.0,0.0,0.0,0.0,0.0,0.0,0.0
9000008121,2025-07-16 02:00,0.964167,0,0,0,0,0,0,0,0,0,0,0,0,,0.0,0.0,0.0,0.0,0.0,0.0,0.0,0.0
9000008121,2025-07-16 03:00,0.971667,0,0,0,0,0,0,0,0,0,0,0,0,,0.0,0.0,0.0,0.0,0.0,0.0,0.0,0.0
9000008121,2025-07-16 04:00,0.965,0,0,0,0,0,0,0,0,0,0,0,0,,0.0,0.0,0.0,0.0,0.0,0.0,0.0,0.0
9000008121,2025-07-16 05:00,0.991944,0,2,2,2,1,3,59,40,100,9,7,16,33.5,4.04,36.36,37.37,14.14,6.06,1.01,0.0,1.01
9000008121,2025-07-16 06:00,0.992222,0,2,2,4,4,8,93,111,204,13,24,37,29.0,6.44,50.99,30.2,9.9,2.48,0.0,0.0,0.0
9000008121,2025-07-16 07:00,0.981389,0,5,5,17,7,24,262,313,575,28,84,112,29.5,13.81,41.77,31.5,11.15,1.42,0.53,0.0,0.0
9000008121,2025-07-16 08:00,0.999722,0,3,3,17,5,22,326,363,689,23,59,82,29.0,8.13,41.94,37.3,10.6,1.6,0.29,0.15,0.0
9000008121,2025-07-16 09:00,0.999167,0,6,6,20,9,29,297,279,576,26,63,89,31.0,13.02,36.46,33.51,14.24,2.26,0.35,0.0,0.17
9000008121,2025-07-16 10:00,0.994444,2,13,15,15,10,25,280,233,513,20,34,54,29.5,21.18,27.06,39.8,9.61,1.76,0.59,0.0,0.0
9000008121,2025-07-16 11:00,0.981667,2,11,13,17,13,30,287,260,547,27,48,74,30.5,29.24,20.48,34.08,13.04,2.98,0.19,0.0,0.0
9000008121,2025-07-16 12:00,0.991667,5,12,17,19,6,25,267,353,621,20,66,86,28.5,37.4,23.09,28.62,10.24,0.65,0.0,0.0,0.0
9000008121,2025-07-16 13:00,0.996111,1,22,23,8,5,13,298,323,621,45,56,101,29.0,34.47,18.12,35.76,9.06,2.27,0.32,0.16,0.0
9000008121,2025-07-16 14:00,0.999167,0,16,16,24,12,36,426,409,835,32,41,73,29.0,31.29,20.98,35.49,9.71,1.8,0.6,0.12,0.12
9000008121,2025-07-16 15:00,0.990556,2,8,10,22,9,31,533,384,916,31,59,90,29.5,24.37,23.81,37.93,12.35,1.21,0.0,0.11,0.11
9000008121,2025-07-16 16:00,0.999444,1,19,20,26,10,36,572,360,932,24,62,86,30.0,22.02,17.72,45.11,12.78,2.36,0.11,0.0,0.0
9000008121,2025-07-16 17:00,0.988056,1,35,36,34,15,50,630,336,966,28,28,56,31.5,22.75,13.21,46.23,14.88,2.41,0.42,0.21,0.0
9000008121,2025-07-16 18:00,0.999167,3,16,19,11,21,32,308,256,564,12,30,42,33.5,26.42,19.68,31.74,16.84,4.08,0.89,0.18,0.18
9000008121,2025-07-16 19:00,0.999444,0,26,26,21,13,34,193,243,436,8,21,29,31.0,35.55,19.04,28.67,13.3,2.98,0.0,0.0,0.46
9000008121,2025-07-16 20:00,0.999722,1,7,8,17,5,22,136,146,282,9,8,17,30.0,37.59,17.38,30.14,12.77,1.42,0.71,0.0,0.0
9000008121,2025-07-16 21:00,0.980556,1,1,2,2,0,2,40,46,86,3,3,6,29.0,34.52,21.43,34.52,9.52,1.19,0.0,0.0,0.0
9000008121,2025-07-16 22:00,0.946944,0,0,0,2,1,3,0,1,1,0,0,0,9.0,100.0,0.0,0.0,0.0,0.0,0.0,0.0,0.0
9000008121,2025-07-16 23:00,0.970556,0,0,0,0,0,0,0,0,0,0,0,0,,0.0,0.0,0.0,0.0,0.0,0.0,0.0,0.0
9000008121,2025-07-17 00:00,0.988056,0,0,0,0,0,0,0,0,0,0,0,0,,0.0,0.0,0.0,0.0,0.0,0.0,0.0,0.0
9000008121,2025-07-17 01:00,0.987222,0,0,0,0,0,0,0,0,0,0,0,0,,0.0,0.0,0.0,0.0,0.0,0.0,0.0,0.0
9000008121,2025-07-17 02:00,0.984722,0,0,0,0,0,0,0,0,0,0,0,0,,0.0,0.0,0.0,0.0,0.0,0.0,0.0,0.0
9000008121,2025-07-17 03:00,0.964722,0,0,0,0,0,0,0,0,0,0,0,0,,0.0,0.0,0.0,0.0,0.0,0.0,0.0,0.0
9000008121,2025-07-17 04:00,0.926389,0,0,0,0,0,0,3,2,5,0,0,0,28.0,0.0,40.0,60.0,0.0,0.0,0.0,0.0,0.0
9000008121,2025-07-17 05:00,0.946944,1,0,1,2,1,3,49,43,91,8,8,17,32.0,32.18,18.39,31.03,18.39,0.0,0.0,1.15,0.0
9000008121,2025-07-17 06:00,0.987778,1,3,4,6,2,8,103,100,203,22,24,47,31.5,26.37,22.89,32.84,13.93,2.99,0.5,0.0,0.5
9000008121,2025-07-17 07:00,0.981667,5,5,10,15,3,18,279,287,566,15,52,67,29.5,19.28,30.81,36.94,11.89,0.9,0.18,0.0,0.0
9000008121,2025-07-17 08:00,0.999444,0,1,1,22,6,28,315,400,715,23,57,80,29.0,25.59,26.99,35.24,10.49,1.4,0.28,0.0,0.0
9000008121,2025-07-17 09:00,0.984722,0,3,3,19,5,24,319,347,666,24,35,58,29.0,23.48,30.64,34.3,9.3,2.44,0.15,0.0,0.0
9000008121,2025-07-17 10:00,0.999167,1,3,4,28,7,35,296,330,626,28,53,81,29.0,22.56,29.76,37.28,9.12,1.12,0.0,0.0,0.32
9000008121,2025-07-17 11:00,0.999444,2,14,16,14,8,22,264,334,598,19,42,61,30.0,23.24,28.93,33.61,12.37,1.51,0.33,0.0,0.0
9000008121,2025-07-17 12:00,0.999167,1,9,10,22,1,23,304,408,712,30,39,69,29.5,25.46,28.97,32.21,11.81,1.41,0.14,0.14,0.0
9000008121,2025-07-17 13:00,0.999444,2,16,18,22,17,39,360,442,802,31,38,69,29.5,20.57,30.92,34.29,11.72,1.87,0.5,0.0,0.12
9000008121,2025-07-17 14:00,0.994444,3,2,5,16,5,21,447,438,885,25,65,90,31.0,13.3,31.7,38.3,13.41,2.05,0.68,0.45,0.23
9000008121,2025-07-17 15:00,0.9875,0,2,2,18,2,20,633,333,966,34,35,69,30.0,16.98,26.94,40.67,12.37,2.2,0.31,0.21,0.31
9000008121,2025-07-17 16:00,0.976389,1,1,2,20,3,23,606,360,966,31,29,59,29.0,16.86,26.3,46.02,9.86,0.85,0.0,0.0,0.11
9000008121,2025-07-17 17:00,0.9975,2,1,3,15,4,19,576,293,870,16,19,35,31.0,15.46,23.18,44.64,15.22,1.61,0.0,0.0,0.0
9000008121,2025-07-17 18:00,0.976111,0,0,0,8,5,13,355,282,637,9,27,36,30.0,23.99,22.22,38.65,13.85,0.81,0.16,0.32,0.0
9000008121,2025-07-17 19:00,0.999444,1,2,3,11,2,13,258,213,471,10,18,28,32.0,24.42,24.2,32.7,15.5,2.97,0.21,0.0,0.0
9000008121,2025-07-17 20:00,0.999444,2,1,3,12,4,16,119,132,251,8,11,19,29.0,19.12,31.87,37.05,9.96,1.59,0.4,0.0,0.0
9000008121,2025-07-17 21:00,0.973611,0,0,0,5,1,6,23,25,48,1,3,4,31.0,12.77,23.4,48.94,12.77,2.13,0.0,2.13,0.0
9000008121,2025-07-17 22:00,0.993056,0,0,0,0,0,0,0,0,0,0,0,0,,0.0,0.0,0.0,0.0,0.0,0.0,0.0,0.0
9000008121,2025-07-17 23:00,0.993333,0,0,0,0,0,0,0,0,0,0,0,0,,0.0,0.0,0.0,0.0,0.0,0.0,0.0,0.0
9000008121,2025-07-18 00:00,0.986389,0,0,0,0,0,0,0,0,0,0,0,0,,0.0,0.0,0.0,0.0,0.0,0.0,0.0,0.0
9000008121,2025-07-18 01:00,0.962778,0,0,0,0,0,0,1,0,1,0,0,0,4.0,100.0,0.0,0.0,0.0,0.0,0.0,0.0,0.0
9000008121,2025-07-18 02:00,0.976389,0,0,0,0,0,0,0,0,0,0,0,0,,0.0,0.0,0.0,0.0,0.0,0.0,0.0,0.0
9000008121,2025-07-18 03:00,0.954444,0,0,0,0,0,0,0,1,1,0,0,0,9.0,100.0,0.0,0.0,0.0,0.0,0.0,0.0,0.0
9000008121,2025-07-18 04:00,0.961111,0,0,0,0,0,0,0,0,0,0,0,0,,0.0,0.0,0.0,0.0,0.0,0.0,0.0,0.0
9000008121,2025-07-18 05:00,0.966389,1,0,1,3,0,3,27,28,55,4,4,8,29.0,26.42,33.96,28.3,11.32,0.0,0.0,0.0,0.0
9000008121,2025-07-18 06:00,0.999444,0,0,0,3,2,5,87,99,186,13,19,32,32.0,21.51,28.49,30.65,15.05,3.76,0.0,0.0,0.54
9000008121,2025-07-18 07:00,0.99,7,17,25,25,6,31,239,280,519,24,36,61,30.0,19.65,33.66,31.32,12.65,1.95,0.58,0.0,0.19
9000008121,2025-07-18 08:00,0.999167,4,4,8,21,9,30,293,321,614,19,53,72,30.0,13.7,34.26,37.36,12.89,1.63,0.33,0.0,0.0
9000008121,2025-07-18 09:00,0.999722,3,9,12,13,6,19,270,202,472,24,42,66,30.0,24.15,19.92,40.47,13.77,0.85,0.21,0.42,0.21
9000008121,2025-07-18 10:00,0.986667,2,3,5,14,11,25,293,224,516,20,30,51,30.0,21.76,24.51,38.43,13.33,1.18,0.59,0.2,0.0
9000008121,2025-07-18 11:00,0.999444,2,8,10,14,15,29,308,274,582,32,54,86,29.5,26.29,24.57,35.57,11.51,1.55,0.52,0.0,0.0
9000008121,2025-07-18 12:00,0.997778,0,16,16,14,11,25,319,297,616,25,64,89,30.0,25.53,25.53,34.47,10.24,3.41,0.65,0.0,0.16
9000008121,2025-07-18 13:00,0.999444,3,14,17,29,11,40,334,334,668,37,60,97,30.5,22.6,25.9,35.78,13.32,1.8,0.45,0.0,0.15
9000008121,2025-07-18 14:00,0.999444,3,30,33,39,25,64,429,401,830,24,43,67,30.0,23.13,27.11,35.54,12.89,1.08,0.24,0.0,0.0
9000008121,2025-07-18 15:00,0.999444,3,53,56,29,17,46,395,327,722,27,51,78,30.5,21.88,25.21,36.7,14.13,1.66,0.28,0.0,0.14
9000008121,2025-07-18 16:00,0.999444,11,63,74,23,6,29,327,265,592,24,29,53,29.0,31.59,20.1,37.16,8.95,1.86,0.0,0.0,0.34
9000008121,2025-07-18 17:00,0.999167,4,52,56,26,21,47,288,260,548,20,33,53,31.0,28.28,22.26,32.66,14.42,2.19,0.18,0.0,0.0
9000008121,2025-07-18 18:00,0.999444,14,33,47,22,33,55,276,229,505,18,21,39,31.0,18.22,28.32,36.24,12.87,3.76,0.4,0.2,0.0
9000008121,2025-07-18 19:00,0.999722,6,19,25,19,12,31,174,199,373,9,22,31,30.0,35.12,20.11,29.76,11.53,2.95,0.54,0.0,0.0
9000008121,2025-07-18 20:00,0.999444,3,24,27,16,4,20,125,128,253,8,11,19,30.5,32.81,20.55,30.83,11.46,3.16,0.79,0.4,0.0
9000008121,2025-07-18 21:00,0.999444,0,2,2,6,1,7,39,34,73,2,2,4,28.5,28.77,26.03,36.99,6.85,1.37,0.0,0.0,0.0
9000008121,2025-07-18 22:00,0.993889,0,0,0,0,0,0,1,2,3,0,0,0,14.0,33.33,66.67,0.0,0.0,0.0,0.0,0.0,0.0
9000008121,2025-07-18 23:00,0.997222,0,0,0,0,0,0,2,0,2,0,0,0,9.0,100.0,0.0,0.0,0.0,0.0,0.0,0.0,0.0
9000008121,2025-07-19 00:00,0.981111,0,0,0,0,0,0,0,0,0,0,0,0,,0.0,0.0,0.0,0.0,0.0,0.0,0.0,0.0
9000008121,2025-07-19 01:00,0.9875,0,0,0,0,0,0,0,0,0,0,0,0,,0.0,0.0,0.0,0.0,0.0,0.0,0.0,0.0
9000008121,2025-07-19 02:00,0.955,0,0,0,0,0,0,0,0,0,0,0,0,,0.0,0.0,0.0,0.0,0.0,0.0,0.0,0.0
9000008121,2025-07-19 03:00,0.995556,0,0,0,0,0,0,0,0,0,0,0,0,,0.0,0.0,0.0,0.0,0.0,0.0,0.0,0.0
9000008121,2025-07-19 04:00,0.971111,0,0,0,0,0,0,1,0,1,0,0,0,24.0,0.0,0.0,100.0,0.0,0.0,0.0,0.0,0.0
9000008121,2025-07-19 05:00,0.981944,1,0,1,0,0,0,16,20,36,3,5,8,29.5,28.57,20.0,37.14,2.86,11.43,0.0,0.0,0.0
9000008121,2025-07-19 06:00,0.993056,1,0,1,1,1,2,25,28,53,4,7,11,31.0,39.62,16.98,26.42,11.32,3.77,1.89,0.0,0.0
9000008121,2025-07-19 07:00,0.999444,2,1,3,4,0,4,51,39,90,6,12,18,32.5,26.67,17.78,36.67,13.33,3.33,1.11,0.0,1.11
9000008121,2025-07-19 08:00,0.999722,2,7,9,10,3,13,94,82,176,9,10,19,30.0,31.25,13.64,39.77,14.77,0.57,0.0,0.0,0.0
9000008121,2025-07-19 09:00,0.999444,3,3,6,7,4,11,205,121,326,4,10,14,29.5,25.77,18.71,42.33,9.82,2.76,0.31,0.0,0.31
9000008121,2025-07-19 10:00,0.999167,5,14,19,19,15,34,215,188,403,13,14,27,29.5,14.39,32.26,39.7,11.41,1.49,0.74,0.0,0.0
9000008121,2025-07-19 11:00,0.999444,0,5,5,27,7,34,220,183,403,15,16,31,29.5,18.61,33.5,34.99,11.91,0.5,0.0,0.25,0.25
9000008121,2025-07-19 12:00,0.999444,0,23,23,21,14,35,231,209,440,10,36,46,29.0,18.18,28.18,43.64,8.18,1.59,0.23,0.0,0.0
9000008121,2025-07-19 13:00,0.9825,2,7,9,11,12,23,263,250,513,20,52,72,29.0,16.47,31.55,40.67,9.72,0.99,0.2,0.2,0.0
9000008121,2025-07-19 14:00,0.999722,0,2,2,7,3,10,244,211,455,33,18,51,33.0,16.26,24.62,36.04,18.68,3.08,1.1,0.0,0.22
9000008121,2025-07-19 15:00,0.999444,0,8,8,9,0,9,236,214,450,10,20,30,30.0,20.89,27.78,36.89,11.11,2.67,0.44,0.0,0.22
9000008121,2025-07-19 16:00,0.999444,1,25,26,21,3,24,200,205,405,13,19,32,31.5,17.28,32.35,32.84,13.09,2.96,0.99,0.25,0.25
9000008121,2025-07-19 17:00,0.999444,0,8,8,17,15,32,195,167,362,11,16,27,30.5,14.36,32.87,37.02,12.98,2.21,0.28,0.28,0.0
9000008121,2025-07-19 18:00,0.999444,0,15,15,13,33,46,185,197,382,10,17,27,31.5,9.95,41.1,30.37,14.92,3.14,0.26,0.0,0.26
9000008121,2025-07-19 19:00,0.999444,0,8,8,13,21,34,148,191,339,7,39,46,30.0,9.14,36.28,40.12,12.09,2.36,0.0,0.0,0.0
9000008121,2025-07-19 20:00,0.999444,0,4,4,13,7,20,111,114,225,6,31,37,30.0,24.44,25.78,34.67,14.67,0.44,0.0,0.0,0.0
9000008121,2025-07-19 21:00,0.988889,0,0,0,1,3,4,27,57,84,1,2,3,26.0,27.71,37.35,30.12,3.61,1.2,0.0,0.0,0.0
9000008121,2025-07-19 22:00,0.999444,0,0,0,0,0,0,0,0,0,0,0,0,,0.0,0.0,0.0,0.0,0.0,0.0,0.0,0.0
9000008121,2025-07-19 23:00,0.986111,0,0,0,0,1,1,4,0,4,0,0,0,12.0,75.0,25.0,0.0,0.0,0.0,0.0,0.0,0.0
9000008121,2025-07-20 00:00,0.999444,0,0,0,0,0,0,0,0,0,0,0,0,,0.0,0.0,0.0,0.0,0.0,0.0,0.0,0.0
9000008121,2025-07-20 01:00,0.999444,0,0,0,0,0,0,0,0,0,0,0,0,,0.0,0.0,0.0,0.0,0.0,0.0,0.0,0.0
9000008121,2025-07-20 02:00,0.999444,0,0,0,0,0,0,0,0,0,0,0,0,,0.0,0.0,0.0,0.0,0.0,0.0,0.0,0.0
9000008121,2025-07-20 03:00,0.999167,0,0,0,0,0,0,0,0,0,0,0,0,,0.0,0.0,0.0,0.0,0.0,0.0,0.0,0.0
9000008121,2025-07-20 04:00,0.975278,0,0,0,0,0,0,1,3,4,0,0,0,42.0,75.0,0.0,0.0,0.0,25.0,0.0,0.0,0.0
9000008121,2025-07-20 05:00,0.991944,0,0,0,2,0,2,24,12,36,0,0,0,29.0,52.78,5.56,30.56,8.33,2.78,0.0,0.0,0.0
9000008121,2025-07-20 06:00,0.999444,0,0,0,2,1,3,21,23,44,2,4,6,28.5,29.55,22.73,36.36,9.09,2.27,0.0,0.0,0.0
9000008121,2025-07-20 07:00,0.999444,0,0,0,2,1,3,40,30,70,4,11,15,34.5,14.29,27.14,35.71,18.57,2.86,1.43,0.0,0.0
9000008121,2025-07-20 08:00,0.999444,0,0,0,11,2,13,78,88,166,5,19,24,31.0,24.7,30.12,27.71,15.06,1.81,0.6,0.0,0.0
9000008121,2025-07-20 09:00,0.999722,1,0,1,7,1,8,137,115,252,5,9,14,30.0,19.44,27.78,38.49,11.51,2.38,0.4,0.0,0.0
9000008121,2025-07-20 10:00,0.999444,0,1,1,4,0,4,163,97,260,4,4,8,29.5,26.15,25.77,34.23,11.15,1.92,0.38,0.0,0.38
9000008121,2025-07-20 11:00,0.999444,3,3,6,4,4,8,182,126,308,16,6,22,28.5,24.68,36.69,27.27,9.09,1.3,0.97,0.0,0.0
9000008121,2025-07-20 12:00,0.999444,0,1,1,1,3,4,191,194,385,10,24,34,28.5,28.83,28.57,30.65,9.35,2.6,0.0,0.0,0.0
9000008121,2025-07-20 13:00,0.999444,1,1,2,3,3,6,151,179,330,15,11,26,30.5,29.09,17.58,37.27,13.64,1.82,0.0,0.61,0.0
9000008121,2025-07-20 14:00,0.999444,6,24,30,6,17,23,208,193,401,9,11,20,32.5,20.2,28.68,31.67,14.71,3.99,0.75,0.0,0.0
9000008121,2025-07-20 15:00,0.999722,0,8,8,7,12,19,147,196,343,5,15,20,29.5,26.24,29.15,31.2,11.66,1.46,0.29,0.0,0.0
9000008121,2025-07-20 16:00,0.999444,1,23,24,24,17,41,165,169,334,6,12,18,30.0,21.26,29.04,34.73,12.87,1.2,0.6,0.0,0.3
9000008121,2025-07-20 17:00,0.999444,1,37,38,16,6,22,208,182,390,5,10,15,33.0,14.62,26.15,38.97,16.92,3.08,0.26,0.0,0.0
9000008121,2025-07-20 18:00,0.999444,2,27,29,18,9,27,179,172,351,6,9,15,30.5,17.38,27.64,39.32,12.25,2.85,0.57,0.0,0.0
9000008121,2025-07-20 19:00,0.999722,0,12,12,18,11,29,165,183,348,3,14,17,29.5,22.41,30.75,34.48,9.77,2.3,0.29,0.0,0.0
9000008121,2025-07-20 20:00,0.999444,1,11,12,15,7,22,124,136,260,3,15,18,30.0,31.92,20.38,32.69,11.15,3.08,0.0,0.38,0.38
9000008121,2025-07-20 21:00,0.980556,2,0,2,5,1,6,38,34,72,1,3,4,31.0,16.9,22.54,43.66,15.49,1.41,0.0,0.0,0.0
9000008121,2025-07-20 22:00,0.999444,0,0,0,0,0,0,0,0,0,0,0,0,,0.0,0.0,0.0,0.0,0.0,0.0,0.0,0.0
9000008121,2025-07-20 23:00,0.988333,0,0,0,0,0,0,0,0,0,0,0,0,,0.0,0.0,0.0,0.0,0.0,0.0,0.0,0.0
9000008121,2025-07-21 00:00,0.999722,0,0,0,0,0,0,0,0,0,0,0,0,,0.0,0.0,0.0,0.0,0.0,0.0,0.0,0.0
9000008121,2025-07-21 01:00,0.987222,0,0,0,0,0,0,0,0,0,0,0,0,,0.0,0.0,0.0,0.0,0.0,0.0,0.0,0.0
9000008121,2025-07-21 02:00,0.987778,0,0,0,0,0,0,0,0,0,0,0,0,,0.0,0.0,0.0,0.0,0.0,0.0,0.0,0.0
9000008121,2025-07-21 03:00,0.975,0,0,0,0,0,0,0,0,0,0,0,0,,0.0,0.0,0.0,0.0,0.0,0.0,0.0,0.0
9000008121,2025-07-21 04:00,0.999444,0,0,0,0,0,0,0,0,0,0,0,0,,0.0,0.0,0.0,0.0,0.0,0.0,0.0,0.0
9000008121,2025-07-21 05:00,0.990278,0,0,0,2,1,3,31,35,66,4,5,9,27.5,33.85,24.62,30.77,10.77,0.0,0.0,0.0,0.0
9000008121,2025-07-21 06:00,0.999722,0,1,1,3,0,3,96,116,212,18,32,50,30.0,34.91,27.36,23.11,12.26,2.36,0.0,0.0,0.0
9000008121,2025-07-21 07:00,0.999167,1,0,1,13,4,17,254,338,592,19,50,69,28.5,32.43,26.86,30.07,8.95,1.35,0.34,0.0,0.0
9000008121,2025-07-21 08:00,0.999722,4,14,18,13,9,22,332,326,658,22,52,74,29.0,20.97,31.0,35.87,10.49,1.37,0.15,0.0,0.15
9000008121,2025-07-21 09:00,0.999444,10,13,23,21,13,34,288,264,552,24,39,63,30.0,30.25,17.57,37.68,11.78,2.36,0.36,0.0,0.0
9000008121,2025-07-21 10:00,0.999444,12,13,25,15,11,26,286,246,532,16,42,58,29.0,25.19,23.31,40.23,9.02,1.88,0.19,0.19,0.0
9000008121,2025-07-21 11:00,0.999444,2,7,9,15,12,27,295,251,546,23,36,59,30.5,26.01,21.79,36.45,14.47,0.73,0.37,0.0,0.18
9000008121,2025-07-21 12:00,0.999444,0,2,2,16,11,27,328,324,652,28,46,74,30.0,26.99,23.62,34.2,13.65,1.23,0.31,0.0,0.0
9000008121,2025-07-21 13:00,0.999444,1,1,2,12,9,21,374,358,732,28,59,87,31.0,23.63,21.99,37.02,14.34,2.6,0.0,0.27,0.14
9000008121,2025-07-21 14:00,0.999444,0,0,0,11,4,15,448,309,757,16,35,51,30.0,21.14,19.02,44.39,14.53,0.53,0.4,0.0,0.0
9000008121,2025-07-21 15:00,0.999444,2,1,3,33,8,41,507,370,877,18,78,96,30.5,22.81,21.44,40.02,13.8,1.82,0.11,0.0,0.0
9000008121,2025-07-21 16:00,0.999444,1,2,3,28,7,35,479,322,801,19,33,52,29.5,18.48,23.72,45.19,11.36,1.12,0.12,0.0,0.0
9000008121,2025-07-21 17:00,0.999444,2,2,4,16,10,26,363,281,644,14,19,33,29.0,21.58,25.0,41.46,10.87,1.09,0.0,0.0,0.0
9000008121,2025-07-21 18:00,0.983889,0,0,0,14,1,15,241,219,459,10,10,20,30.0,14.6,30.09,40.71,12.39,1.99,0.22,0.0,0.22
9000008121,2025-07-21 19:00,0.952222,0,0,0,16,4,20,157,194,350,13,14,26,29.0,20.06,27.84,40.42,10.18,1.2,0.3,0.0,0.0
9000008121,2025-07-21 20:00,0.974722,0,1,1,8,2,10,100,109,209,5,5,10,27.5,14.71,34.8,41.18,6.86,1.47,0.49,0.0,0.0
9000008121,2025-07-21 21:00,0.9625,0,0,0,0,0,0,1,2,3,0,4,4,14.0,0.0,100.0,0.0,0.0,0.0,0.0,0.0,0.0
9000008121,2025-07-21 22:00,0.9725,0,0,0,0,1,1,2,0,2,0,0,0,23.5,50.0,0.0,50.0,0.0,0.0,0.0,0.0,0.0
9000008121,2025-07-21 23:00,0.974167,0,0,0,0,0,0,1,1,2,0,0,0,33.5,50.0,0.0,0.0,50.0,0.0,0.0,0.0,0.0
9000008121,2025-07-22 00:00,0.929722,0,0,0,0,0,0,0,1,1,0,0,0,9.0,100.0,0.0,0.0,0.0,0.0,0.0,0.0,0.0
9000008121,2025-07-22 01:00,0.895278,0,0,0,0,0,0,0,1,1,0,0,0,14.0,0.0,100.0,0.0,0.0,0.0,0.0,0.0,0.0
9000008121,2025-07-22 02:00,0.940278,0,0,0,0,0,0,0,0,0,0,0,0,,0.0,0.0,0.0,0.0,0.0,0.0,0.0,0.0
9000008121,2025-07-22 03:00,0.985833,0,0,0,0,0,0,0,0,0,0,0,0,,0.0,0.0,0.0,0.0,0.0,0.0,0.0,0.0
9000008121,2025-07-22 04:00,0.996111,0,0,0,0,0,0,0,1,1,0,0,0,29.0,0.0,0.0,100.0,0.0,0.0,0.0,0.0,0.0
9000008121,2025-07-22 05:00,0.976667,0,0,0,5,1,6,37,39,77,6,4,10,31.0,29.33,32.0,22.67,13.33,2.67,1.33,0.0,0.0
9000008121,2025-07-22 06:00,0.997778,0,3,3,8,4,12,110,96,206,10,14,24,31.5,22.82,26.7,30.58,17.96,1.46,0.0,0.0,0.49
9000008121,2025-07-22 07:00,0.984722,4,8,12,18,9,27,264,304,568,19,47,66,30.0,25.94,28.26,31.48,12.34,1.79,0.18,0.18,0.0
9000008121,2025-07-22 08:00,0.999167,1,5,6,12,4,16,368,371,739,37,110,147,29.5,20.05,30.49,36.04,10.84,2.3,0.14,0.0,0.27
9000008121,2025-07-22 09:00,0.999722,8,14,22,29,14,43,357,280,637,37,40,77,30.5,21.35,20.41,42.54,13.5,1.88,0.31,0.0,0.0
9000008121,2025-07-22 10:00,0.999167,4,5,9,32,19,51,330,230,560,14,31,45,33.0,12.32,27.14,37.86,18.21,3.39,0.71,0.36,0.0
9000008121,2025-07-22 11:00,0.972222,4,8,13,17,12,30,263,250,513,22,35,56,29.5,22.65,27.45,37.68,10.22,1.2,0.4,0.0,0.4
9000008121,2025-07-22 12:00,0.999444,0,6,6,7,0,7,285,250,535,29,34,63,30.5,23.36,25.23,35.33,12.9,2.8,0.37,0.0,0.0
9000008121,2025-07-22 13:00,0.998056,5,0,5,19,4,23,344,331,674,19,53,72,29.0,17.09,31.65,39.23,10.25,1.49,0.15,0.15,0.0
9000008121,2025-07-22 14:00,0.999444,1,2,3,18,9,27,436,324,760,41,57,98,31.5,22.89,22.37,36.71,14.87,2.11,0.79,0.26,0.0
9000008121,2025-07-22 15:00,0.999444,0,17,17,18,10,28,601,354,955,44,68,112,33.0,20.75,19.18,37.63,18.13,3.46,0.84,0.1,0.0
9000008121,2025-07-22 16:00,0.988889,1,35,36,20,8,28,497,324,821,25,53,78,32.0,17.98,24.75,38.05,16.75,1.72,0.49,0.12,0.12
9000008121,2025-07-22 17:00,0.987778,2,19,21,21,16,37,301,268,569,17,27,45,31.0,18.33,25.44,39.5,14.06,2.49,0.18,0.0,0.0
9000008121,2025-07-22 18:00,0.999444,1,29,30,23,20,43,288,237,525,11,22,33,30.5,28.57,20.95,34.29,13.52,2.67,0.0,0.0,0.0
9000008121,2025-07-22 19:00,0.999444,7,7,14,19,10,29,203,214,417,9,20,29,29.0,20.62,35.73,32.61,9.59,1.44,0.0,0.0,0.0
9000008121,2025-07-22 20:00,0.990556,0,2,2,14,1,15,163,166,329,9,11,20,29.5,10.74,38.65,38.04,9.82,2.15,0.31,0.0,0.31
9000008121,2025-07-22 21:00,0.987778,0,0,0,0,0,0,15,10,25,2,1,3,36.0,0.0,24.0,56.0,8.0,12.0,0.0,0.0,0.0
9000008121,2025-07-22 22:00,0.993056,0,0,0,1,0,1,1,2,3,0,1,1,117.5,33.33,0.0,0.0,33.33,0.0,0.0,0.0,33.33
9000008121,2025-07-22 23:00,0.993333,0,0,0,0,1,1,0,1,1,0,0,0,9.0,100.0,0.0,0.0,0.0,0.0,0.0,0.0,0.0
9000008121,2025-07-23 00:00,0.984722,0,0,0,1,0,1,1,0,1,0,0,0,9.0,100.0,0.0,0.0,0.0,0.0,0.0,0.0,0.0
9000008121,2025-07-23 01:00,0.962222,0,0,0,0,0,0,0,0,0,0,0,0,,0.0,0.0,0.0,0.0,0.0,0.0,0.0,0.0
9000008121,2025-07-23 02:00,0.959167,0,0,0,0,0,0,0,0,0,0,0,0,,0.0,0.0,0.0,0.0,0.0,0.0,0.0,0.0
9000008121,2025-07-23 03:00,0.980556,0,0,0,0,0,0,0,0,0,0,0,0,,0.0,0.0,0.0,0.0,0.0,0.0,0.0,0.0
9000008121,2025-07-23 04:00,0.964167,0,0,0,0,0,0,0,0,0,0,0,0,,0.0,0.0,0.0,0.0,0.0,0.0,0.0,0.0
9000008121,2025-07-23 05:00,0.940556,0,0,0,4,1,5,40,30,70,3,4,8,32.5,7.58,30.3,39.39,21.21,1.52,0.0,0.0,0.0
9000008121,2025-07-23 06:00,0.993611,0,0,0,10,1,11,124,105,228,21,19,40,30.0,16.74,25.99,42.73,12.78,1.32,0.44,0.0,0.0
9000008121,2025-07-23 07:00,0.998611,1,0,1,5,0,5,262,285,548,33,50,83,29.5,20.11,28.34,38.03,11.88,1.28,0.0,0.0,0.37
9000008121,2025-07-23 08:00,0.986111,0,0,0,18,0,18,324,324,648,40,55,94,30.0,23.79,24.73,36.62,13.77,0.94,0.16,0.0,0.0
9000008121,2025-07-23 09:00,0.999444,1,0,1,8,0,8,296,257,553,23,100,123,30.0,19.89,25.5,40.33,13.02,1.27,0.0,0.0,0.0
9000008121,2025-07-23 10:00,0.999444,1,3,4,17,0,17,346,246,592,34,69,103,30.0,22.13,20.44,43.41,12.5,1.18,0.34,0.0,0.0
9000008121,2025-07-23 11:00,0.982778,2,1,3,19,4,24,349,254,603,33,56,89,30.5,17.23,25.34,41.22,13.68,1.86,0.17,0.34,0.17
9000008121,2025-07-23 12:00,0.999722,0,2,2,10,2,12,377,278,655,39,55,94,31.0,14.66,23.97,44.58,14.96,1.53,0.15,0.0,0.15
9000008121,2025-07-23 13:00,0.992222,0,0,0,14,5,19,389,254,643,33,59,93,31.0,15.2,22.88,45.45,14.42,1.88,0.16,0.0,0.0
9000008121,2025-07-23 14:00,0.999444,1,0,1,29,1,30,466,257,723,36,54,90,30.0,16.74,22.13,45.92,12.72,2.21,0.28,0.0,0.0
9000008121,2025-07-23 15:00,0.999167,0,1,1,38,4,42,553,334,887,33,47,80,29.5,15.69,25.62,46.84,10.84,1.02,0.11,0.0,0.0
9000008121,2025-07-23 16:00,0.994722,0,2,2,20,8,28,442,285,727,15,38,53,30.0,19.06,23.9,42.54,12.43,1.66,0.28,0.0,0.14
9000008121,2025-07-23 17:00,0.999444,1,5,6,20,5,25,417,299,716,19,28,47,30.0,19.55,26.4,39.66,12.85,0.98,0.42,0.0,0.14
9000008121,2025-07-23 18:00,0.999722,4,2,6,13,6,19,313,283,596,9,32,41,30.0,19.8,27.18,37.58,12.42,2.68,0.34,0.0,0.0
9000008121,2025-07-23 19:00,0.999444,0,1,1,15,8,23,203,187,390,14,11,25,30.0,20.77,28.21,35.64,12.82,1.79,0.26,0.51,0.0
9000008121,2025-07-23 20:00,0.999722,0,0,0,16,12,28,151,115,266,4,8,12,30.5,13.53,30.08,40.23,13.16,2.26,0.38,0.38,0.0
9000008121,2025-07-23 21:00,0.999444,0,1,1,0,3,3,13,4,17,0,0,0,32.0,5.88,29.41,47.06,11.76,5.88,0.0,0.0,0.0
9000008121,2025-07-23 22:00,0.969167,0,0,0,0,0,0,0,0,0,0,0,0,,0.0,0.0,0.0,0.0,0.0,0.0,0.0,0.0
9000008121,2025-07-23 23:00,0.948333,0,0,0,1,1,2,0,0,0,0,0,0,,0.0,0.0,0.0,0.0,0.0,0.0,0.0,0.0
9000008121,2025-07-24 00:00,0.966667,0,0,0,0,0,0,0,0,0,0,0,0,,0.0,0.0,0.0,0.0,0.0,0.0,0.0,0.0
9000008121,2025-07-24 01:00,0.999167,0,0,0,0,0,0,0,0,0,0,0,0,,0.0,0.0,0.0,0.0,0.0,0.0,0.0,0.0
9000008121,2025-07-24 02:00,0.955,0,0,0,0,0,0,1,0,1,0,0,0,34.0,0.0,0.0,0.0,100.0,0.0,0.0,0.0,0.0
9000008121,2025-07-24 03:00,0.9875,0,0,0,0,0,0,0,0,0,0,0,0,,0.0,0.0,0.0,0.0,0.0,0.0,0.0,0.0
9000008121,2025-07-24 04:00,0.986667,0,0,0,0,0,0,0,0,0,0,0,0,,0.0,0.0,0.0,0.0,0.0,0.0,0.0,0.0
9000008121,2025-07-24 05:00,0.948889,0,0,0,8,4,12,52,30,82,3,6,9,32.0,20.51,24.36,35.9,17.95,2.56,0.0,0.0,0.0
9000008121,2025-07-24 06:00,0.985,0,0,0,9,2,11,114,93,207,15,17,32,31.0,26.47,25.0,31.37,15.2,1.47,0.0,0.0,0.98
9000008121,2025-07-24 07:00,0.991389,1,2,3,31,2,33,210,191,401,21,22,43,29.0,28.21,24.18,36.27,9.57,1.51,0.25,0.0,0.0
9000008121,2025-07-24 08:00,0.999444,9,12,21,28,11,39,297,266,563,33,46,79,29.5,28.06,21.67,36.23,11.9,1.78,0.0,0.18,0.18
9000008121,2025-07-24 09:00,0.995833,9,9,18,24,2,26,310,209,519,23,33,56,30.0,21.66,22.44,41.59,11.99,1.55,0.77,0.0,0.0
9000008121,2025-07-24 10:00,0.999444,5,6,11,27,11,38,321,214,535,22,39,61,30.0,19.44,23.18,42.06,13.27,1.68,0.37,0.0,0.0
9000008121,2025-07-24 11:00,0.976944,0,1,1,18,6,25,305,232,537,26,37,62,29.0,25.57,21.76,41.79,8.97,1.91,0.19,0.0,0.0
9000008121,2025-07-24 12:00,0.999444,1,10,11,25,12,37,345,262,607,27,37,64,31.0,23.89,20.59,38.39,14.33,2.31,0.49,0.0,0.0
9000008121,2025-07-24 13:00,0.999444,2,13,15,22,13,35,357,233,590,36,41,77,31.0,13.56,27.29,41.19,15.42,2.03,0.34,0.17,0.0
9000008121,2025-07-24 14:00,0.999444,3,7,10,24,11,35,417,279,696,28,30,58,31.0,5.89,33.91,42.82,14.66,2.3,0.29,0.14,0.0
9000008121,2025-07-24 15:00,0.999722,3,11,14,34,12,46,535,273,808,52,41,93,32.0,16.83,19.31,43.81,17.45,2.1,0.5,0.0,0.0
9000008121,2025-07-24 16:00,0.990278,2,8,10,48,25,74,490,249,738,30,40,70,30.0,13.41,25.85,45.69,13.68,1.37,0.0,0.0,0.0
9000008121,2025-07-24 17:00,0.999444,2,9,11,32,9,41,417,234,651,16,17,33,30.0,18.13,19.66,46.7,13.36,1.69,0.15,0.31,0.0
9000008121,2025-07-24 18:00,0.999444,1,9,10,32,17,49,324,231,555,15,13,28,30.0,23.24,22.7,39.28,12.43,1.8,0.36,0.0,0.18
9000008121,2025-07-24 19:00,0.999444,2,15,17,22,8,30,237,159,396,8,14,22,32.0,23.23,19.7,37.88,15.66,3.54,0.0,0.0,0.0
9000008121,2025-07-24 20:00,0.999167,2,8,10,21,3,24,137,106,243,12,10,22,29.5,24.69,22.22,39.51,11.93,0.82,0.0,0.82,0.0
9000008121,2025-07-24 21:00,0.993056,0,0,0,6,4,10,36,28,64,1,1,2,29.5,26.56,23.44,35.94,10.94,3.12,0.0,0.0,0.0
9000008121,2025-07-24 22:00,0.999167,0,0,0,2,0,2,2,0,2,0,0,0,9.0,100.0,0.0,0.0,0.0,0.0,0.0,0.0,0.0
9000008121,2025-07-24 23:00,0.999444,0,0,0,0,0,0,0,0,0,0,0,0,,0.0,0.0,0.0,0.0,0.0,0.0,0.0,0.0
9000008121,2025-07-25 00:00,0.996667,0,0,0,0,0,0,0,0,0,0,0,0,,0.0,0.0,0.0,0.0,0.0,0.0,0.0,0.0
9000008121,2025-07-25 01:00,0.955,0,0,0,0,0,0,0,1,1,0,0,0,14.0,0.0,100.0,0.0,0.0,0.0,0.0,0.0,0.0
9000008121,2025-07-25 02:00,0.996111,0,0,0,0,0,0,0,0,0,0,0,0,,0.0,0.0,0.0,0.0,0.0,0.0,0.0,0.0
9000008121,2025-07-25 03:00,0.965833,0,0,0,0,0,0,0,0,0,0,0,0,,0.0,0.0,0.0,0.0,0.0,0.0,0.0,0.0
9000008121,2025-07-25 04:00,0.963611,0,0,0,0,0,0,1,1,2,0,0,0,28.5,50.0,0.0,50.0,0.0,0.0,0.0,0.0,0.0
9000008121,2025-07-25 05:00,0.946111,0,1,1,2,7,10,29,29,58,3,3,6,31.5,27.27,29.09,23.64,16.36,1.82,0.0,0.0,0.0
9000008121,2025-07-25 06:00,0.9875,1,1,2,4,2,6,110,100,209,12,10,22,31.0,25.6,25.12,32.37,13.04,2.9,0.48,0.0,0.0
9000008121,2025-07-25 07:00,0.9975,1,0,1,19,4,23,177,162,340,13,27,40,30.0,25.96,26.84,32.15,12.39,2.06,0.0,0.29,0.29
9000008121,2025-07-25 08:00,0.960556,5,1,6,16,6,22,253,221,475,19,25,44,29.5,22.37,28.07,35.96,11.62,1.75,0.22,0.0,0.22
9000008121,2025-07-25 09:00,0.999444,4,0,4,9,1,10,273,209,482,23,30,53,31.0,18.46,26.56,38.38,14.73,1.66,0.21,0.0,0.0
9000008121,2025-07-25 10:00,0.999444,2,3,5,10,10,20,311,225,536,26,40,66,29.5,19.22,26.12,41.04,11.57,1.49,0.37,0.19,0.0
9000008121,2025-07-25 11:00,0.999444,9,9,18,18,12,30,359,212,571,20,26,46,29.5,14.54,24.34,47.99,11.91,0.7,0.0,0.18,0.35
9000008121,2025-07-25 12:00,0.999444,4,4,8,34,9,43,350,250,600,18,46,64,29.5,13.17,28.33,45.67,11.5,0.67,0.17,0.33,0.17
9000008121,2025-07-25 13:00,0.999444,3,10,13,47,17,64,398,283,681,37,40,77,31.0,21.0,21.0,41.26,14.24,2.2,0.15,0.0,0.15
9000008121,2025-07-25 14:00,0.983889,3,6,9,53,8,61,654,304,957,49,36,85,30.0,15.61,21.66,47.35,13.16,1.8,0.42,0.0,0.0
9000008121,2025-07-25 15:00,0.999444,4,38,42,31,9,40,521,279,800,34,34,68,32.5,19.12,18.62,41.75,17.12,2.5,0.62,0.25,0.0
9000008121,2025-07-25 16:00,0.999722,1,47,48,18,18,36,404,242,646,23,31,54,31.0,22.14,18.89,41.8,14.09,1.7,0.93,0.46,0.0
9000008121,2025-07-25 17:00,0.999444,1,29,30,19,12,31,333,205,538,17,19,36,32.5,18.59,20.07,40.15,16.91,3.53,0.37,0.0,0.37
9000008121,2025-07-25 18:00,0.999444,1,9,10,35,8,43,266,221,487,15,26,41,30.0,23.2,23.61,38.6,11.91,2.46,0.21,0.0,0.0
9000008121,2025-07-25 19:00,0.982778,4,13,17,17,5,22,228,169,397,13,20,33,32.0,22.31,24.62,33.85,16.15,2.05,0.51,0.26,0.0
9000008121,2025-07-25 20:00,0.999444,1,4,5,13,11,24,135,134,269,7,12,19,31.5,15.24,34.57,32.34,15.24,2.6,0.0,0.0,0.0
9000008121,2025-07-25 21:00,0.968611,0,0,0,5,2,7,22,22,44,0,1,1,30.5,13.95,37.21,30.23,13.95,2.33,0.0,0.0,0.0
9000008121,2025-07-25 22:00,0.979167,0,0,0,0,0,0,0,2,2,0,0,0,9.0,100.0,0.0,0.0,0.0,0.0,0.0,0.0,0.0
9000008121,2025-07-25 23:00,0.999167,0,0,0,0,0,0,0,0,0,0,0,0,,0.0,0.0,0.0,0.0,0.0,0.0,0.0,0.0
9000008121,2025-07-26 00:00,0.9825,0,0,0,0,1,1,0,0,0,0,0,0,,0.0,0.0,0.0,0.0,0.0,0.0,0.0,0.0
9000008121,2025-07-26 01:00,0.9825,0,0,0,0,0,0,0,0,0,0,0,0,,0.0,0.0,0.0,0.0,0.0,0.0,0.0,0.0
9000008121,2025-07-26 02:00,0.978889,0,0,0,0,0,0,0,0,0,0,0,0,,0.0,0.0,0.0,0.0,0.0,0.0,0.0,0.0
9000008121,2025-07-26 03:00,0.933333,0,0,0,0,0,0,0,0,0,0,0,0,,0.0,0.0,0.0,0.0,0.0,0.0,0.0,0.0
9000008121,2025-07-26 04:00,0.965556,0,0,0,0,0,0,0,0,0,0,0,0,,0.0,0.0,0.0,0.0,0.0,0.0,0.0,0.0
9000008121,2025-07-26 05:00,0.999444,0,0,0,3,1,4,17,7,24,2,2,4,36.0,16.67,8.33,41.67,25.0,4.17,0.0,0.0,4.17
9000008121,2025-07-26 06:00,0.999444,0,2,2,2,1,3,28,26,54,4,3,7,31.5,29.63,22.22,29.63,12.96,3.7,1.85,0.0,0.0
9000008121,2025-07-26 07:00,0.999444,0,2,2,2,0,2,57,41,98,5,12,17,32.5,22.45,23.47,34.69,16.33,3.06,0.0,0.0,0.0
9000008121,2025-07-26 08:00,0.999444,0,3,3,17,3,20,97,74,171,14,7,21,34.0,18.13,27.49,29.24,19.88,5.26,0.0,0.0,0.0
9000008121,2025-07-26 09:00,0.999444,2,1,3,14,3,17,198,113,311,14,14,28,32.5,16.4,22.19,39.87,18.01,2.25,1.29,0.0,0.0
9000008121,2025-07-26 10:00,0.999444,5,7,12,30,11,41,237,163,400,13,17,30,31.5,21.0,22.25,39.0,14.5,3.0,0.0,0.25,0.0
9000008121,2025-07-26 11:00,0.999722,0,6,6,15,30,45,278,192,470,14,25,39,31.5,16.38,25.32,39.79,15.32,2.34,0.85,0.0,0.0
9000008121,2025-07-26 12:00,0.999722,0,7,7,13,13,26,266,208,474,18,28,46,30.5,17.72,27.43,38.4,14.56,1.48,0.0,0.42,0.0
9000008121,2025-07-26 13:00,0.999722,0,6,6,26,8,34,282,232,514,17,29,46,30.5,21.79,21.98,39.88,14.98,0.78,0.19,0.19,0.19
9000008121,2025-07-26 14:00,0.999167,0,10,10,21,15,36,261,236,497,10,24,34,31.0,21.93,24.75,35.81,15.09,1.61,0.6,0.0,0.2
9000008121,2025-07-26 15:00,0.999167,1,12,13,23,17,40,281,204,485,12,17,29,31.0,19.38,24.54,39.59,14.23,2.06,0.21,0.0,0.0
9000008121,2025-07-26 16:00,0.999444,3,23,26,20,7,27,230,196,426,11,20,31,32.5,22.77,23.71,31.92,18.78,2.35,0.47,0.0,0.0
9000008121,2025-07-26 17:00,0.999444,0,27,27,23,9,32,239,185,424,9,15,24,30.0,20.99,25.94,37.74,12.5,2.59,0.24,0.0,0.0
9000008121,2025-07-26 18:00,0.999444,0,5,5,21,6,27,221,183,404,14,23,37,33.0,18.56,25.5,32.67,20.05,2.48,0.25,0.5,0.0
9000008121,2025-07-26 19:00,0.999444,1,3,4,2,2,4,165,142,307,6,10,16,32.0,23.78,20.85,35.5,15.96,2.28,0.33,0.98,0.33
9000008121,2025-07-26 20:00,0.999444,0,4,4,3,4,7,66,68,134,4,6,10,34.0,5.97,39.55,29.1,20.15,2.99,2.24,0.0,0.0
9000008121,2025-07-26 21:00,0.975,0,0,0,4,4,8,32,27,60,2,2,4,28.5,6.9,41.38,43.1,10.34,0.0,0.0,0.0,0.0
9000008121,2025-07-26 22:00,0.990833,0,0,0,0,1,1,0,1,1,0,0,0,4.0,100.0,0.0,0.0,0.0,0.0,0.0,0.0,0.0
9000008121,2025-07-26 23:00,0.961389,0,0,0,0,2,2,0,0,0,1,0,1,,0.0,0.0,0.0,0.0,0.0,0.0,0.0,0.0
9000008121,2025-07-27 00:00,0.946944,0,0,0,2,0,2,0,2,2,0,0,0,8.5,100.0,0.0,0.0,0.0,0.0,0.0,0.0,0.0
9000008121,2025-07-27 01:00,0.963056,0,0,0,0,2,2,0,1,1,0,0,0,24.0,0.0,0.0,100.0,0.0,0.0,0.0,0.0,0.0
9000008121,2025-07-27 02:00,0.945556,0,0,0,0,0,0,1,0,1,0,0,0,24.0,0.0,0.0,100.0,0.0,0.0,0.0,0.0,0.0
9000008121,2025-07-27 03:00,0.940556,0,0,0,0,0,0,1,0,1,0,0,0,4.0,100.0,0.0,0.0,0.0,0.0,0.0,0.0,0.0
9000008121,2025-07-27 04:00,0.974722,0,0,0,0,0,0,0,0,0,0,0,0,,0.0,0.0,0.0,0.0,0.0,0.0,0.0,0.0
9000008121,2025-07-27 05:00,0.994167,0,0,0,2,0,2,14,13,27,0,1,1,30.0,22.22,25.93,37.04,11.11,0.0,3.7,0.0,0.0
9000008121,2025-07-27 06:00,0.999444,1,0,1,3,0,3,27,21,48,3,0,3,30.0,16.67,25.0,43.75,10.42,4.17,0.0,0.0,0.0
9000008121,2025-07-27 07:00,0.999167,1,2,3,2,1,3,36,33,69,4,5,9,34.0,26.09,18.84,33.33,14.49,5.8,1.45,0.0,0.0
9000008121,2025-07-27 08:00,0.975556,2,0,2,6,1,7,66,52,118,3,7,10,33.0,24.35,20.0,31.3,20.0,4.35,0.0,0.0,0.0
9000008121,2025-07-27 09:00,0.999444,0,0,0,11,1,12,121,90,211,7,7,14,32.5,24.17,16.59,37.91,19.43,1.42,0.47,0.0,0.0
9000008121,2025-07-27 10:00,0.999444,1,3,4,9,7,16,153,100,253,5,5,10,32.0,18.18,18.58,43.08,18.58,1.58,0.0,0.0,0.0
9000008121,2025-07-27 11:00,0.9925,0,2,2,10,7,17,150,126,276,4,11,15,30.0,20.8,25.18,40.15,12.41,1.46,0.0,0.0,0.0
9000008121,2025-07-27 12:00,0.999444,0,12,12,12,16,28,231,148,379,6,16,22,34.0,18.21,21.37,36.15,20.05,3.69,0.26,0.0,0.26
9000008121,2025-07-27 13:00,0.999444,0,0,0,13,7,20,207,155,362,12,8,20,33.5,21.27,20.72,33.15,20.99,2.49,0.28,0.55,0.55
9000008121,2025-07-27 14:00,0.999722,0,9,9,11,18,29,187,191,378,5,6,11,33.0,26.72,21.69,27.78,20.11,2.91,0.53,0.26,0.0
9000008121,2025-07-27 15:00,0.999444,0,13,13,12,13,25,161,143,304,7,6,13,30.0,20.72,26.32,37.83,13.16,1.97,0.0,0.0,0.0
9000008121,2025-07-27 16:00,0.999444,0,4,4,10,3,13,185,170,355,3,10,13,28.0,26.76,27.04,35.77,9.01,1.41,0.0,0.0,0.0
9000008121,2025-07-27 17:00,0.999444,1,18,19,10,9,19,181,142,323,8,8,16,33.5,13.62,25.39,37.46,19.2,3.72,0.31,0.0,0.31
9000008121,2025-07-27 18:00,0.999444,1,11,12,21,11,32,178,153,331,6,11,17,32.5,20.24,23.87,35.35,16.31,3.32,0.6,0.0,0.3
9000008121,2025-07-27 19:00,0.999444,1,5,6,12,13,25,128,143,271,5,12,17,31.0,16.97,28.41,37.27,15.87,0.74,0.0,0.74,0.0
9000008121,2025-07-27 20:00,0.985,1,2,3,13,4,17,105,78,183,4,2,6,30.0,20.0,27.22,37.22,12.22,2.22,0.56,0.0,0.0
9000008121,2025-07-27 21:00,0.974722,0,0,0,0,0,0,4,0,4,0,0,0,32.0,0.0,0.0,75.0,25.0,0.0,0.0,0.0,0.0
9000008121,2025-07-27 22:00,0.985833,0,0,0,0,0,0,0,0,0,0,0,0,,0.0,0.0,0.0,0.0,0.0,0.0,0.0,0.0
9000008121,2025-07-27 23:00,0.999444,0,0,0,0,0,0,0,0,0,0,0,0,,0.0,0.0,0.0,0.0,0.0,0.0,0.0,0.0
9000008121,2025-07-28 00:00,1.0,0,0,0,0,0,0,0,0,0,0,0,0,,0.0,0.0,0.0,0.0,0.0,0.0,0.0,0.0
9000008121,2025-07-28 01:00,0.9825,0,0,0,0,0,0,0,0,0,0,0,0,,0.0,0.0,0.0,0.0,0.0,0.0,0.0,0.0
9000008121,2025-07-28 02:00,0.933611,0,0,0,0,0,0,2,0,2,0,0,0,38.5,50.0,0.0,0.0,50.0,0.0,0.0,0.0,0.0
9000008121,2025-07-28 03:00,0.992222,0,0,0,0,0,0,0,0,0,0,0,0,,0.0,0.0,0.0,0.0,0.0,0.0,0.0,0.0
9000008121,2025-07-28 04:00,0.9725,0,0,0,0,0,0,0,0,0,0,0,0,,0.0,0.0,0.0,0.0,0.0,0.0,0.0,0.0
9000008121,2025-07-28 05:00,0.986389,0,0,0,1,0,1,32,16,48,2,2,4,40.0,23.4,21.28,29.79,10.64,12.77,2.13,0.0,0.0
9000008121,2025-07-28 06:00,0.993611,0,0,0,3,0,3,115,91,205,15,21,36,34.0,22.06,21.57,34.8,13.73,4.9,1.47,0.98,0.49
9000008121,2025-07-28 07:00,0.999167,0,0,0,11,3,14,191,156,347,24,31,55,30.5,18.44,29.39,35.73,12.68,2.88,0.58,0.0,0.29
9000008121,2025-07-28 08:00,0.985833,2,1,3,16,3,19,260,249,509,33,37,70,28.5,28.29,25.9,35.86,8.17,1.59,0.2,0.0,0.0
9000008121,2025-07-28 09:00,0.999444,0,0,0,11,5,16,296,205,501,33,36,69,30.5,16.57,23.15,44.31,13.77,1.4,0.4,0.2,0.2
9000008121,2025-07-28 10:00,0.994167,2,1,3,12,2,14,287,179,466,34,49,83,31.5,17.93,25.27,38.66,14.25,2.81,0.86,0.0,0.22
9000008121,2025-07-28 11:00,0.999444,0,3,3,10,4,14,268,210,478,23,39,62,31.0,13.39,30.75,39.33,14.64,1.67,0.21,0.0,0.0
9000008121,2025-07-28 12:00,0.999167,0,2,2,15,6,21,256,209,465,31,45,76,31.5,15.7,29.68,35.91,16.13,2.15,0.43,0.0,0.0
9000008121,2025-07-28 13:00,0.999722,0,4,4,17,8,25,319,191,510,27,37,64,33.5,17.06,20.59,37.65,19.8,2.94,1.37,0.39,0.2
9000008121,2025-07-28 14:00,0.999444,0,3,3,12,7,19,273,180,453,29,20,49,32.5,17.88,26.49,33.55,18.1,3.53,0.22,0.22,0.0
9000008121,2025-07-28 15:00,0.999444,0,5,5,25,7,32,411,281,692,26,35,61,33.0,16.62,21.53,39.45,19.36,2.75,0.29,0.0,0.0
9000008121,2025-07-28 16:00,0.999444,0,16,16,11,2,13,412,257,669,20,25,45,32.5,20.48,19.58,38.71,17.79,2.84,0.45,0.15,0.0
9000008121,2025-07-28 17:00,0.999444,0,19,19,12,7,19,316,214,530,13,23,36,32.0,12.83,26.04,40.94,16.6,2.45,0.75,0.19,0.19
9000008121,2025-07-28 18:00,0.999722,0,17,17,20,9,29,281,197,478,9,20,29,29.5,15.06,22.59,50.21,10.25,1.26,0.42,0.0,0.21
9000008121,2025-07-28 19:00,0.999167,3,15,18,15,6,21,188,171,359,7,21,28,30.5,22.01,30.08,31.75,13.65,1.67,0.84,0.0,0.0
9000008121,2025-07-28 20:00,0.999444,2,4,6,19,7,26,115,94,209,6,16,22,30.0,21.05,30.14,34.45,13.88,0.48,0.0,0.0,0.0
9000008121,2025-07-28 21:00,0.999722,0,0,0,1,0,1,9,7,16,0,1,1,33.0,18.75,25.0,37.5,12.5,0.0,0.0,0.0,6.25
9000008121,2025-07-28 22:00,0.994167,0,0,0,0,2,2,3,1,4,0,0,0,42.0,25.0,25.0,0.0,25.0,25.0,0.0,0.0,0.0
9000008121,2025-07-28 23:00,0.976944,0,0,0,0,0,0,0,0,0,0,0,0,,0.0,0.0,0.0,0.0,0.0,0.0,0.0,0.0
9000008121,2025-07-29 00:00,0.964444,0,0,0,0,0,0,1,0,1,0,0,0,34.0,0.0,0.0,0.0,100.0,0.0,0.0,0.0,0.0
9000008121,2025-07-29 01:00,0.987222,0,0,0,0,0,0,0,0,0,0,0,0,,0.0,0.0,0.0,0.0,0.0,0.0,0.0,0.0
9000008121,2025-07-29 02:00,0.923056,0,0,0,0,1,1,1,1,2,0,0,0,58.5,0.0,0.0,50.0,0.0,0.0,50.0,0.0,0.0
9000008121,2025-07-29 03:00,0.963333,0,0,0,0,1,1,0,1,1,0,0,0,9.0,100.0,0.0,0.0,0.0,0.0,0.0,0.0,0.0
9000008121,2025-07-29 04:00,0.948056,0,0,0,0,0,0,0,0,0,0,0,0,,0.0,0.0,0.0,0.0,0.0,0.0,0.0,0.0
9000008121,2025-07-29 05:00,0.981389,0,0,0,2,2,4,47,35,81,7,6,13,34.0,30.0,17.5,30.0,13.75,7.5,1.25,0.0,0.0
9000008121,2025-07-29 06:00,0.979167,1,1,2,3,1,4,113,82,195,16,14,31,29.5,22.51,24.08,39.79,11.52,0.0,1.05,0.52,0.0
9000008121,2025-07-29 07:00,0.991389,0,4,4,18,2,20,183,187,370,18,38,57,31.0,28.07,19.07,35.69,13.9,2.72,0.54,0.0,0.0
9000008121,2025-07-29 08:00,0.999722,1,2,3,13,7,20,265,229,494,28,34,62,30.5,15.59,30.16,38.66,13.36,1.62,0.0,0.4,0.2
9000008121,2025-07-29 09:00,0.958611,1,4,5,18,13,31,266,183,449,20,32,51,30.0,12.33,28.84,43.72,13.02,1.16,0.7,0.0,0.23
9000008121,2025-07-29 10:00,0.988333,1,4,5,26,15,42,284,177,461,26,27,54,30.0,13.6,26.1,45.18,14.04,0.66,0.44,0.0,0.0
9000008121,2025-07-29 11:00,0.999444,4,3,7,19,12,31,311,186,497,39,44,83,31.0,16.3,22.94,43.06,15.09,1.81,0.4,0.4,0.0
9000008121,2025-07-29 12:00,0.999444,1,6,7,23,13,36,276,224,500,25,47,72,31.0,17.0,26.8,39.0,14.6,1.8,0.6,0.2,0.0
9000008121,2025-07-29 13:00,0.999167,1,10,11,21,12,33,296,219,515,28,49,77,32.0,17.09,22.91,40.39,15.92,2.52,0.97,0.19,0.0
9000008121,2025-07-29 14:00,0.999444,2,18,20,16,21,37,337,213,550,38,29,67,33.0,15.45,23.27,38.0,20.36,1.82,0.73,0.36,0.0
9000008121,2025-07-29 15:00,0.986944,1,25,26,24,20,45,422,257,679,26,38,64,31.5,13.73,22.69,45.67,15.67,1.79,0.15,0.0,0.3
9000008121,2025-07-29 16:00,0.995278,2,9,11,9,9,18,357,260,618,41,29,70,30.5,17.4,29.92,36.59,13.17,2.28,0.33,0.16,0.16
9000008121,2025-07-29 17:00,0.999444,1,27,28,15,14,29,317,209,526,21,21,42,31.0,15.4,26.62,41.06,14.83,2.09,0.0,0.0,0.0
9000008121,2025-07-29 18:00,0.999167,0,42,42,22,19,41,272,205,477,14,29,43,32.5,13.0,26.62,38.36,19.08,2.73,0.0,0.21,0.0
9000008121,2025-07-29 19:00,0.999722,2,22,24,13,11,24,184,144,328,12,39,51,28.5,17.38,30.49,43.29,7.32,1.22,0.0,0.3,0.0
9000008121,2025-07-29 20:00,0.997222,2,7,9,18,12,30,135,124,260,8,10,18,30.5,8.88,39.77,35.91,11.58,3.09,0.77,0.0,0.0
9000008121,2025-07-29 21:00,0.984444,0,0,0,5,0,5,23,25,48,0,1,1,25.0,4.26,44.68,42.55,4.26,2.13,0.0,0.0,0.0
9000008121,2025-07-29 22:00,0.980833,0,0,0,0,1,1,1,0,1,0,0,0,59.0,0.0,0.0,0.0,0.0,0.0,100.0,0.0,0.0
9000008121,2025-07-29 23:00,0.973889,0,0,0,0,0,0,0,0,0,0,0,0,,0.0,0.0,0.0,0.0,0.0,0.0,0.0,0.0
9000008121,2025-07-30 00:00,0.972778,0,0,0,0,0,0,0,1,1,0,0,0,9.0,100.0,0.0,0.0,0.0,0.0,0.0,0.0,0.0
9000008121,2025-07-30 01:00,0.966667,0,0,0,0,0,0,0,0,0,0,0,0,,0.0,0.0,0.0,0.0,0.0,0.0,0.0,0.0
9000008121,2025-07-30 02:00,0.963889,0,0,0,0,0,0,0,0,0,0,0,0,,0.0,0.0,0.0,0.0,0.0,0.0,0.0,0.0
9000008121,2025-07-30 03:00,0.933056,0,0,0,0,0,0,1,0,1,0,0,0,14.0,0.0,100.0,0.0,0.0,0.0,0.0,0.0,0.0
9000008121,2025-07-30 04:00,0.935278,0,0,0,0,0,0,5,1,6,1,0,1,110.5,33.33,0.0,33.33,0.0,16.67,0.0,0.0,16.67
9000008121,2025-07-30 05:00,0.964167,0,0,0,6,2,8,41,26,66,6,9,15,34.5,23.44,21.88,26.56,23.44,3.12,1.56,0.0,1.56
9000008121,2025-07-30 06:00,0.970833,0,1,1,4,4,8,94,84,178,14,24,38,32.5,27.75,19.65,31.79,19.65,1.16,0.0,0.0,0.0
9000008121,2025-07-30 07:00,0.985556,1,7,8,11,2,13,175,163,338,28,36,63,30.0,17.72,28.23,39.64,11.11,2.7,0.6,0.0,0.3
9000008121,2025-07-30 08:00,0.988889,1,9,10,21,6,27,263,211,474,29,17,47,29.5,21.37,29.7,36.11,10.04,1.92,0.0,0.43,0.43
9000008121,2025-07-30 09:00,0.995278,3,6,9,9,11,20,260,193,453,28,24,52,29.0,19.73,28.16,40.13,8.87,2.22,0.0,0.67,0.22
9000008121,2025-07-30 10:00,0.996389,6,9,15,13,13,26,273,163,436,19,17,36,30.5,13.56,30.57,40.23,14.02,1.61,0.0,0.0,0.0
9000008121,2025-07-30 11:00,0.999167,0,12,12,3,4,7,232,113,345,29,14,43,29.0,17.97,32.46,38.55,7.54,2.61,0.58,0.0,0.29
9000008121,2025-07-30 12:00,0.999444,0,8,8,6,2,8,275,204,479,37,35,72,32.0,22.34,23.59,35.91,12.53,3.76,1.04,0.42,0.42
9000008121,2025-07-30 13:00,0.999444,0,10,10,12,4,16,283,198,481,54,55,109,31.0,16.63,25.16,41.37,14.14,1.66,0.62,0.21,0.21
9000008121,2025-07-30 14:00,0.999444,2,7,9,8,8,16,347,237,584,34,61,95,29.0,14.38,30.82,44.01,9.08,1.2,0.34,0.0,0.17
9000008121,2025-07-30 15:00,0.999444,2,16,18,7,8,15,389,205,594,30,40,70,30.0,20.2,21.72,42.93,12.29,2.53,0.17,0.17,0.0
9000008121,2025-07-30 16:00,0.999444,3,18,21,22,5,27,349,254,603,21,44,65,29.0,13.76,32.84,41.13,11.28,0.33,0.66,0.0,0.0
9000008121,2025-07-30 17:00,0.999444,1,20,21,23,14,37,353,250,603,25,39,64,31.0,14.1,26.53,42.12,13.43,2.99,0.33,0.17,0.33
9000008121,2025-07-30 18:00,0.999444,0,52,52,25,10,35,278,249,527,12,44,56,32.0,18.79,26.0,34.35,17.27,3.04,0.57,0.0,0.0
9000008121,2025-07-30 19:00,0.997222,4,24,28,21,18,39,193,182,376,9,27,36,30.5,13.87,34.93,34.93,14.4,1.33,0.0,0.27,0.27
9000008121,2025-07-30 20:00,0.999722,1,7,8,18,18,36,133,114,247,7,6,13,29.5,13.36,34.82,38.46,11.74,0.81,0.81,0.0,0.0
9000008121,2025-07-30 21:00,0.958611,0,0,0,0,0,0,16,13,28,0,1,1,23.0,44.44,22.22,33.33,0.0,0.0,0.0,0.0,0.0
9000008121,2025-07-30 22:00,0.999444,0,0,0,0,0,0,3,0,3,0,0,0,18.0,66.67,33.33,0.0,0.0,0.0,0.0,0.0,0.0
9000008121,2025-07-30 23:00,0.993611,0,0,0,0,0,0,0,0,0,0,0,0,,0.0,0.0,0.0,0.0,0.0,0.0,0.0,0.0
9000008121,2025-07-31 00:00,0.991389,0,0,0,0,0,0,0,1,1,0,0,0,9.0,100.0,0.0,0.0,0.0,0.0,0.0,0.0,0.0
9000008121,2025-07-31 01:00,0.967222,0,0,0,0,0,0,0,0,0,0,0,0,,0.0,0.0,0.0,0.0,0.0,0.0,0.0,0.0
9000008121,2025-07-31 02:00,0.965556,0,0,0,0,0,0,0,0,0,0,0,0,,0.0,0.0,0.0,0.0,0.0,0.0,0.0,0.0
9000008121,2025-07-31 03:00,0.956667,0,0,0,0,0,0,0,0,0,0,0,0,,0.0,0.0,0.0,0.0,0.0,0.0,0.0,0.0
9000008121,2025-07-31 04:00,0.946944,0,0,0,0,0,0,1,0,1,0,0,0,49.0,0.0,0.0,0.0,0.0,100.0,0.0,0.0,0.0
9000008121,2025-07-31 05:00,0.962222,0,0,0,4,3,7,30,22,52,6,8,14,31.0,20.0,28.0,34.0,18.0,0.0,0.0,0.0,0.0
9000008121,2025-07-31 06:00,0.951667,0,0,0,4,2,6,111,84,195,25,24,49,29.0,19.46,25.95,43.24,10.27,1.62,0.0,0.0,0.0
9000008121,2025-07-31 07:00,0.985556,1,5,6,14,3,17,166,160,325,27,36,64,29.0,22.43,29.91,34.89,11.21,0.93,0.31,0.0,0.31
9000008121,2025-07-31 08:00,0.978611,2,22,24,15,2,17,279,213,492,23,46,69,29.0,20.17,30.35,38.46,9.98,0.83,0.21,0.0,0.21
9000008121,2025-07-31 09:00,0.982778,4,15,19,17,0,17,274,193,467,28,51,78,29.5,20.92,25.93,39.43,11.76,1.74,0.0,0.22,0.22
9000008121,2025-07-31 10:00,0.999444,1,14,15,11,6,17,282,183,465,24,39,63,32.0,19.14,22.8,38.06,17.85,1.51,0.43,0.0,0.22
9000008121,2025-07-31 11:00,0.999444,0,21,21,10,4,14,289,221,510,34,54,88,30.0,20.39,24.31,40.98,11.96,1.57,0.78,0.0,0.0
9000008121,2025-07-31 12:00,0.991667,2,2,4,18,8,26,307,298,605,25,34,59,29.0,25.0,27.0,36.5,11.17,0.17,0.0,0.0,0.17
9000008121,2025-07-31 13:00,0.964722,2,1,3,6,2,8,351,319,669,26,34,60,30.0,20.28,24.3,40.71,12.23,1.86,0.31,0.31,0.0
9000008121,2025-07-31 14:00,0.991111,4,4,8,16,11,27,363,259,622,32,57,90,32.0,17.05,25.97,38.31,15.75,2.11,0.81,0.16,0.0
9000008121,2025-07-31 15:00,0.973889,0,4,4,32,7,39,472,307,778,25,54,79,30.5,16.09,24.93,43.27,13.19,2.24,0.13,0.0,0.0
9000008121,2025-07-31 16:00,0.999444,0,3,3,43,8,51,457,302,759,31,56,87,31.0,15.55,24.37,42.16,16.21,1.45,0.13,0.13,0.0
9000008121,2025-07-31 17:00,0.999444,3,33,36,22,9,31,328,215,543,22,44,66,30.5,14.92,25.97,42.54,14.55,1.1,0.92,0.0,0.0
9000008121,2025-07-31 18:00,0.999167,2,27,29,31,4,35,258,148,406,11,29,40,30.0,18.23,22.41,45.07,11.08,2.96,0.25,0.0,0.0
9000008121,2025-07-31 19:00,0.999444,1,18,19,12,8,20,184,149,333,11,13,24,31.0,18.62,28.83,36.34,12.61,3.0,0.0,0.0,0.6
9000008121,2025-07-31 20:00,0.999444,2,8,10,14,6,20,127,83,210,7,8,15,30.0,15.24,30.48,39.52,10.95,3.33,0.48,0.0,0.0
9000008121,2025-07-31 21:00,0.995278,0,0,0,0,0,0,2,2,4,0,0,0,27.0,25.0,25.0,50.0,0.0,0.0,0.0,0.0,0.0
9000008121,2025-07-31 22:00,0.98,0,0,0,0,0,0,2,0,2,0,0,0,8.5,100.0,0.0,0.0,0.0,0.0,0.0,0.0,0.0
9000008121,2025-07-31 23:00,0.999444,0,0,0,0,0,0,0,0,0,0,0,0,,0.0,0.0,0.0,0.0,0.0,0.0,0.0,0.0
9000008121,2025-08-01 00:00,0.989722,0,0,0,1,0,1,1,0,1,0,0,0,29.0,0.0,0.0,100.0,0.0,0.0,0.0,0.0,0.0
9000008121,2025-08-01 01:00,0.970556,0,0,0,0,0,0,0,0,0,0,0,0,,0.0,0.0,0.0,0.0,0.0,0.0,0.0,0.0
9000008121,2025-08-01 02:00,0.959722,0,0,0,0,0,0,1,0,1,0,0,0,14.0,0.0,100.0,0.0,0.0,0.0,0.0,0.0,0.0
9000008121,2025-08-01 03:00,0.945556,0,0,0,0,0,0,0,0,0,0,0,0,,0.0,0.0,0.0,0.0,0.0,0.0,0.0,0.0
9000008121,2025-08-01 04:00,0.953889,0,0,0,0,0,0,2,0,2,0,0,0,38.5,0.0,50.0,0.0,50.0,0.0,0.0,0.0,0.0
9000008121,2025-08-01 05:00,0.946944,0,0,0,1,0,1,27,13,40,6,8,14,34.0,15.79,7.89,44.74,28.95,5.26,0.0,0.0,0.0
9000008121,2025-08-01 06:00,0.960556,1,3,4,8,0,8,82,58,140,21,15,36,30.5,24.63,20.15,38.81,14.18,0.75,1.49,0.0,0.0
9000008121,2025-08-01 07:00,0.999444,1,14,15,11,0,11,163,97,260,19,34,53,33.0,22.31,16.92,38.08,18.85,3.85,0.0,0.0,0.0
9000008121,2025-08-01 08:00,0.992778,6,17,23,15,7,22,228,167,395,21,39,60,32.0,23.47,21.43,36.22,16.33,2.3,0.0,0.26,0.0
9000008121,2025-08-01 09:00,0.999444,5,19,24,11,4,15,288,175,463,28,53,81,31.0,18.79,19.65,44.92,13.17,3.02,0.22,0.22,0.0
9000008121,2025-08-01 10:00,0.999444,2,27,29,13,6,19,277,163,440,21,33,54,32.0,24.77,14.55,40.68,17.73,2.05,0.23,0.0,0.0
9000008121,2025-08-01 11:00,0.999444,5,20,25,12,12,24,263,191,454,27,33,60,31.5,23.57,20.7,37.67,14.98,2.64,0.22,0.0,0.22
9000008121,2025-08-01 12:00,0.986944,0,25,25,19,9,28,310,192,502,29,83,112,33.0,16.97,18.99,39.8,20.61,2.63,1.01,0.0,0.0
9000008121,2025-08-01 13:00,0.999722,3,20,23,20,12,32,348,250,598,36,34,70,31.5,26.09,16.89,38.96,16.39,1.17,0.33,0.17,0.0
9000008121,2025-08-01 14:00,0.999444,0,4,4,14,19,33,364,197,561,45,46,91,33.0,23.35,16.22,37.08,19.25,2.85,1.07,0.0,0.18
9000008121,2025-08-01 15:00,0.999167,1,21,22,19,14,33,364,254,618,20,56,76,29.5,23.01,17.5,46.03,10.7,2.11,0.65,0.16,0.0
9000008121,2025-08-01 16:00,0.999444,4,37,41,14,16,30,306,229,535,19,28,47,31.0,24.11,19.81,39.07,14.77,1.87,0.0,0.37,0.0
9000008121,2025-08-01 17:00,0.999444,1,19,20,15,14,29,256,199,455,20,22,42,30.5,14.07,26.81,43.52,12.53,2.42,0.66,0.0,0.0
9000008121,2025-08-01 18:00,0.999444,1,28,29,19,15,34,246,164,410,13,22,35,32.0,19.76,24.63,35.37,16.34,3.17,0.73,0.0,0.0
9000008121,2025-08-01 19:00,0.999444,4,27,31,13,9,22,176,167,343,9,14,23,28.5,27.11,28.57,33.53,9.91,0.87,0.0,0.0,0.0
9000008121,2025-08-01 20:00,0.998056,4,6,10,15,6,21,131,90,221,8,13,21,29.5,24.43,22.17,39.82,10.41,1.81,0.0,0.9,0.45
9000008121,2025-08-01 21:00,0.951944,0,0,0,0,0,0,6,3,10,0,0,0,24.0,44.44,22.22,33.33,0.0,0.0,0.0,0.0,0.0
9000008121,2025-08-01 22:00,0.999722,0,0,0,0,0,0,0,0,0,0,0,0,,0.0,0.0,0.0,0.0,0.0,0.0,0.0,0.0
9000008121,2025-08-01 23:00,0.972222,0,0,0,0,1,1,4,3,7,0,0,0,40.0,57.14,14.29,0.0,14.29,14.29,0.0,0.0,0.0
9000008121,2025-08-02 00:00,0.9725,0,0,0,0,0,0,0,0,0,0,0,0,,0.0,0.0,0.0,0.0,0.0,0.0,0.0,0.0
9000008121,2025-08-02 01:00,0.999167,0,0,0,0,0,0,0,0,0,0,0,0,,0.0,0.0,0.0,0.0,0.0,0.0,0.0,0.0
9000008121,2025-08-02 02:00,0.970833,0,0,0,0,0,0,1,0,1,0,0,0,34.0,0.0,0.0,0.0,100.0,0.0,0.0,0.0,0.0
9000008121,2025-08-02 03:00,0.980556,0,0,0,0,0,0,0,1,1,0,0,0,4.0,100.0,0.0,0.0,0.0,0.0,0.0,0.0,0.0
9000008121,2025-08-02 04:00,0.974722,0,0,0,0,0,0,1,0,1,0,0,0,44.0,0.0,0.0,0.0,0.0,100.0,0.0,0.0,0.0
9000008121,2025-08-02 05:00,0.974722,0,0,0,3,1,4,8,5,13,2,1,3,37.5,15.38,30.77,23.08,23.08,0.0,7.69,0.0,0.0
9000008121,2025-08-02 06:00,0.989167,1,0,1,5,0,5,38,21,60,6,7,13,33.5,23.73,20.34,33.9,15.25,6.78,0.0,0.0,0.0
9000008121,2025-08-02 07:00,0.968889,1,1,2,2,0,2,60,32,92,7,5,12,32.0,14.61,25.84,42.7,16.85,2.25,0.0,0.0,0.0
9000008121,2025-08-02 08:00,0.984722,3,1,4,5,6,11,87,60,147,6,9,15,32.5,31.03,10.34,37.93,17.24,3.45,0.0,0.0,0.0
9000008121,2025-08-02 09:00,0.999444,5,4,9,5,4,9,144,91,235,11,14,25,30.0,22.13,17.02,45.53,13.62,1.7,0.0,0.0,0.0
9000008121,2025-08-02 10:00,0.999444,6,6,12,14,5,19,203,116,319,13,19,32,31.5,22.88,16.93,42.01,16.93,0.63,0.63,0.0,0.0
9000008121,2025-08-02 11:00,0.984444,0,8,8,14,4,18,238,146,384,11,19,31,29.5,23.81,22.75,39.95,11.38,1.06,0.26,0.26,0.26
9000008121,2025-08-02 12:00,0.999444,0,5,5,8,4,12,229,153,382,14,29,43,32.5,24.87,16.75,37.96,15.18,4.45,0.26,0.52,0.0
9000008121,2025-08-02 13:00,0.985556,0,5,5,20,2,22,239,163,402,14,28,42,32.0,21.72,19.7,37.88,17.17,2.78,0.25,0.51,0.0
9000008121,2025-08-02 14:00,0.999722,5,14,19,8,8,16,209,166,375,11,15,26,30.5,24.8,20.8,38.67,12.53,2.13,0.8,0.27,0.0
9000008121,2025-08-02 15:00,0.999167,0,3,3,2,5,7,202,155,357,11,13,24,31.5,24.37,20.73,36.69,15.13,2.8,0.28,0.0,0.0
9000008121,2025-08-02 16:00,0.990833,0,15,15,4,3,7,198,131,329,11,22,33,31.5,24.23,21.17,37.42,13.8,3.07,0.31,0.0,0.0
9000008121,2025-08-02 17:00,0.999444,1,20,21,4,6,10,162,137,299,11,14,25,32.5,15.72,28.76,36.12,14.38,4.35,0.67,0.0,0.0
9000008121,2025-08-02 18:00,0.999444,1,14,15,9,12,21,189,159,348,10,15,25,32.5,19.83,25.29,33.62,17.53,3.16,0.29,0.29,0.0
9000008121,2025-08-02 19:00,0.999444,6,28,34,9,3,12,141,129,270,5,12,17,29.5,29.26,22.96,34.07,11.11,2.59,0.0,0.0,0.0
9000008121,2025-08-02 20:00,0.984167,0,9,9,10,6,16,121,125,246,4,9,13,29.5,24.38,30.58,33.47,9.5,1.24,1.24,0.0,0.0
9000008121,2025-08-02 21:00,1.0,0,0,0,0,0,0,5,6,11,0,0,0,28.5,54.55,9.09,27.27,9.09,0.0,0.0,0.0,0.0
9000008121,2025-08-02 22:00,0.964167,0,0,0,0,1,1,6,3,10,0,0,0,38.0,55.56,11.11,0.0,22.22,11.11,0.0,0.0,0.0
9000008121,2025-08-02 23:00,0.972222,0,0,0,0,1,1,1,2,3,0,0,0,38.0,0.0,66.67,0.0,33.33,0.0,0.0,0.0,0.0
9000008121,2025-08-03 00:00,0.934167,0,0,0,0,1,1,0,1,1,0,0,0,4.0,100.0,0.0,0.0,0.0,0.0,0.0,0.0,0.0
9000008121,2025-08-03 01:00,0.946667,0,0,0,0,0,0,0,0,0,0,0,0,,0.0,0.0,0.0,0.0,0.0,0.0,0.0,0.0
9000008121,2025-08-03 02:00,0.988333,0,0,0,0,0,0,0,0,0,0,0,0,,0.0,0.0,0.0,0.0,0.0,0.0,0.0,0.0
9000008121,2025-08-03 03:00,0.968611,0,0,0,0,1,1,1,1,2,0,0,0,28.5,50.0,0.0,50.0,0.0,0.0,0.0,0.0,0.0
9000008121,2025-08-03 04:00,0.941111,0,0,0,0,0,0,0,0,0,0,0,0,,0.0,0.0,0.0,0.0,0.0,0.0,0.0,0.0
9000008121,2025-08-03 05:00,0.958333,0,0,0,2,1,3,14,3,17,0,0,0,37.0,17.65,5.88,52.94,11.76,5.88,5.88,0.0,0.0
9000008121,2025-08-03 06:00,0.999444,0,4,4,2,0,2,19,23,42,1,1,2,30.0,33.33,21.43,30.95,11.9,2.38,0.0,0.0,0.0
9000008121,2025-08-03 07:00,0.999444,1,4,5,0,0,0,38,17,55,4,2,6,35.0,21.82,14.55,38.18,20.0,5.45,0.0,0.0,0.0
9000008121,2025-08-03 08:00,0.999444,2,8,10,3,2,5,67,43,110,3,4,7,32.5,30.0,11.82,35.45,20.91,1.82,0.0,0.0,0.0
9000008121,2025-08-03 09:00,0.965556,0,7,7,10,1,11,116,60,176,3,8,11,32.0,24.71,15.29,40.59,16.47,2.94,0.0,0.0,0.0
9000008121,2025-08-03 10:00,0.985833,2,11,13,9,5,14,120,76,197,7,6,13,30.0,29.9,11.34,43.3,13.92,1.55,0.0,0.0,0.0
9000008121,2025-08-03 11:00,0.999167,2,7,9,9,1,10,144,111,255,7,13,20,30.5,31.37,18.04,34.9,13.73,1.96,0.0,0.0,0.0
9000008121,2025-08-03 12:00,0.999444,0,18,18,17,6,23,183,111,294,7,10,17,32.5,25.51,13.61,39.12,19.39,2.38,0.0,0.0,0.0
9000008121,2025-08-03 13:00,0.999167,0,13,13,9,7,16,170,113,283,10,11,21,32.5,27.92,12.01,38.16,18.02,2.83,0.71,0.35,0.0
9000008121,2025-08-03 14:00,0.999722,0,7,7,9,3,12,215,119,334,8,11,19,32.5,23.05,14.07,41.92,18.86,1.2,0.6,0.3,0.0
9000008121,2025-08-03 15:00,0.999444,1,21,22,12,12,24,160,142,302,6,11,17,32.5,24.83,23.51,30.79,18.21,2.32,0.33,0.0,0.0
9000008121,2025-08-03 16:00,0.999167,0,15,15,7,5,12,167,127,294,5,7,12,32.0,28.23,17.69,34.35,18.37,0.68,0.68,0.0,0.0
9000008121,2025-08-03 17:00,0.999444,2,8,10,12,2,14,162,123,285,4,10,14,33.0,28.77,15.44,33.33,17.19,3.86,1.4,0.0,0.0
9000008121,2025-08-03 18:00,0.999444,1,25,26,21,15,36,177,125,302,9,5,14,33.0,26.49,15.23,35.76,17.55,3.97,0.99,0.0,0.0
9000008121,2025-08-03 19:00,0.995833,7,29,36,11,5,16,130,108,238,4,4,8,31.0,29.11,20.25,32.91,14.35,2.95,0.0,0.42,0.0
9000008121,2025-08-03 20:00,0.995833,2,3,5,7,4,11,94,75,170,3,4,7,30.5,28.4,15.38,39.64,14.2,2.37,0.0,0.0,0.0
9000008121,2025-08-03 21:00,0.970556,0,0,0,0,0,0,0,0,0,0,0,0,,0.0,0.0,0.0,0.0,0.0,0.0,0.0,0.0
9000008121,2025-08-03 22:00,0.963056,0,0,0,1,0,1,0,0,0,0,0,0,,0.0,0.0,0.0,0.0,0.0,0.0,0.0,0.0
9000008121,2025-08-03 23:00,0.950556,0,0,0,0,0,0,0,0,0,0,0,0,,0.0,0.0,0.0,0.0,0.0,0.0,0.0,0.0
9000008121,2025-08-04 00:00,0.988333,0,0,0,0,0,0,0,0,0,0,0,0,,0.0,0.0,0.0,0.0,0.0,0.0,0.0,0.0
9000008121,2025-08-04 01:00,0.937778,0,0,0,0,1,1,0,1,1,0,0,0,14.0,0.0,100.0,0.0,0.0,0.0,0.0,0.0,0.0
9000008121,2025-08-04 02:00,0.975833,0,0,0,0,0,0,0,0,0,0,0,0,,0.0,0.0,0.0,0.0,0.0,0.0,0.0,0.0
9000008121,2025-08-04 03:00,0.994722,0,0,0,0,0,0,0,0,0,0,0,0,,0.0,0.0,0.0,0.0,0.0,0.0,0.0,0.0
9000008121,2025-08-04 04:00,0.955556,0,0,0,0,0,0,0,0,0,0,0,0,,0.0,0.0,0.0,0.0,0.0,0.0,0.0,0.0
9000008121,2025-08-04 05:00,0.968056,0,0,0,2,0,2,30,18,48,1,1,2,29.5,25.53,21.28,36.17,10.64,2.13,0.0,0.0,0.0
9000008121,2025-08-04 06:00,0.956111,0,0,0,9,6,16,92,71,163,14,17,30,30.0,18.59,28.85,37.18,14.1,0.64,0.0,0.0,0.64
9000008121,2025-08-04 07:00,0.973056,1,0,1,9,2,11,171,120,291,12,24,36,31.5,18.73,26.15,36.75,15.19,2.12,1.06,0.0,0.0
9000008121,2025-08-04 08:00,0.990278,0,0,0,11,3,14,249,169,418,32,37,70,30.5,17.87,26.81,38.89,13.53,2.66,0.24,0.0,0.0
9000008121,2025-08-04 09:00,0.999444,0,0,0,8,2,10,263,149,412,34,37,71,32.0,15.53,21.6,42.23,18.2,1.21,0.73,0.24,0.24
9000008121,2025-08-04 10:00,0.999444,6,4,10,16,13,29,267,150,417,29,24,53,30.5,19.66,20.62,44.12,13.43,1.44,0.24,0.48,0.0
9000008121,2025-08-04 11:00,0.999722,6,15,21,18,13,31,272,181,453,30,31,61,31.0,26.05,17.22,39.51,14.79,1.77,0.44,0.22,0.0
9000008121,2025-08-04 12:00,0.999167,4,16,20,17,11,28,257,189,446,31,44,75,29.5,23.54,22.65,40.58,11.21,1.79,0.22,0.0,0.0
9000008121,2025-08-04 13:00,0.999444,0,6,6,14,10,24,254,151,405,39,44,83,32.5,14.07,23.21,43.46,14.57,3.95,0.49,0.25,0.0
9000008121,2025-08-04 14:00,0.989722,0,1,1,7,2,9,252,150,402,29,34,63,32.5,15.08,21.61,43.22,16.83,2.01,0.5,0.25,0.25
9000008121,2025-08-04 15:00,0.999722,0,6,6,15,2,17,242,157,399,21,12,33,31.0,6.77,32.08,44.36,13.28,2.76,0.5,0.0,0.25
9000008121,2025-08-04 16:00,0.999722,0,0,0,5,1,6,283,163,446,15,18,33,28.0,19.51,28.7,42.38,7.85,1.12,0.22,0.22,0.0
9000008121,2025-08-04 17:00,0.999167,0,4,4,9,3,12,308,152,460,17,9,26,30.5,12.83,23.26,48.04,13.04,2.17,0.43,0.0,0.22
9000008121,2025-08-04 18:00,0.999444,3,5,8,11,9,20,248,169,417,15,11,26,30.0,22.54,19.18,43.65,11.03,2.64,0.72,0.24,0.0
9000008121,2025-08-04 19:00,0.999167,3,6,9,23,2,25,177,123,300,8,10,18,31.5,25.0,20.67,36.67,12.67,3.67,0.67,0.33,0.33
9000008121,2025-08-04 20:00,0.974722,1,0,1,12,4,16,104,116,220,9,5,14,28.0,27.1,28.97,34.58,7.01,1.87,0.0,0.0,0.0
9000008121,2025-08-04 21:00,0.999167,0,0,0,0,0,0,0,0,0,0,0,0,,0.0,0.0,0.0,0.0,0.0,0.0,0.0,0.0
9000008121,2025-08-04 22:00,0.999444,0,0,0,0,1,1,1,0,1,0,0,0,19.0,0.0,100.0,0.0,0.0,0.0,0.0,0.0,0.0
9000008121,2025-08-04 23:00,0.999444,0,0,0,0,0,0,1,1,2,0,0,0,23.5,50.0,0.0,50.0,0.0,0.0,0.0,0.0,0.0
9000008121,2025-08-05 00:00,0.995833,0,0,0,0,0,0,0,1,1,0,0,0,4.0,100.0,0.0,0.0,0.0,0.0,0.0,0.0,0.0
9000008121,2025-08-05 01:00,0.985833,0,0,0,0,0,0,0,0,0,0,0,0,,0.0,0.0,0.0,0.0,0.0,0.0,0.0,0.0
9000008121,2025-08-05 02:00,0.965278,0,0,0,0,0,0,0,0,0,0,0,0,,0.0,0.0,0.0,0.0,0.0,0.0,0.0,0.0
9000008121,2025-08-05 03:00,0.988056,0,0,0,0,0,0,0,0,0,0,0,0,,0.0,0.0,0.0,0.0,0.0,0.0,0.0,0.0
9000008121,2025-08-05 04:00,0.968889,0,0,0,0,0,0,0,0,0,0,0,0,,0.0,0.0,0.0,0.0,0.0,0.0,0.0,0.0
9000008121,2025-08-05 05:00,0.969444,0,0,0,1,0,1,31,14,45,2,1,3,33.5,29.55,11.36,36.36,18.18,6.82,0.0,0.0,0.0
9000008121,2025-08-05 06:00,0.9975,0,0,0,7,0,7,90,82,172,9,13,22,31.0,31.4,20.35,31.4,13.37,1.74,1.74,0.0,0.0
9000008121,2025-08-05 07:00,0.979167,0,0,0,18,1,19,173,119,292,18,18,35,30.0,25.17,23.08,37.41,11.19,2.8,0.0,0.0,0.35
9000008121,2025-08-05 08:00,0.985556,0,0,0,11,2,13,242,179,420,23,16,39,29.5,23.91,23.43,39.37,10.63,1.93,0.0,0.0,0.72
9000008121,2025-08-05 09:00,0.980833,1,0,1,10,4,14,240,140,380,35,19,54,30.0,20.16,24.46,40.32,12.37,1.61,0.54,0.0,0.54
9000008121,2025-08-05 10:00,0.989444,1,1,2,9,1,10,259,142,401,23,25,49,30.0,23.74,18.43,43.69,13.13,1.01,0.0,0.0,0.0
9000008121,2025-08-05 11:00,0.999444,0,0,0,11,2,13,260,152,412,28,23,51,31.0,19.42,22.33,41.5,14.32,1.7,0.49,0.24,0.0
9000008121,2025-08-05 12:00,0.999444,0,1,1,15,1,16,248,200,448,22,14,36,29.0,25.89,20.98,42.19,9.82,0.67,0.22,0.0,0.22
9000008121,2025-08-05 13:00,0.996944,0,0,0,10,6,16,267,171,438,17,24,41,30.0,12.13,24.71,47.83,13.04,1.37,0.46,0.23,0.23
9000008121,2025-08-05 14:00,0.995556,2,3,5,24,10,34,304,220,524,16,24,40,31.0,16.7,21.5,45.11,14.4,1.54,0.19,0.38,0.38
9000008121,2025-08-05 15:00,0.999722,1,0,1,21,5,26,386,212,598,25,31,56,30.0,17.89,22.41,44.98,12.54,1.84,0.33,0.0,0.0
9000008121,2025-08-05 16:00,0.999167,0,2,2,8,4,12,374,199,573,14,23,37,29.5,21.12,21.47,43.98,12.22,0.7,0.0,0.17,0.35
9000008121,2025-08-05 17:00,0.999722,0,22,22,11,18,29,314,224,538,14,18,32,30.0,15.61,29.18,40.52,13.2,1.3,0.0,0.19,0.0
9000008121,2025-08-05 18:00,0.979167,6,16,22,23,12,35,250,185,436,13,7,20,30.0,23.89,19.91,40.98,12.18,2.34,0.47,0.0,0.0
9000008121,2025-08-05 19:00,0.980556,0,4,4,17,3,20,170,140,311,9,6,15,31.0,32.13,17.05,34.43,13.44,2.62,0.33,0.0,0.0
9000008121,2025-08-05 20:00,0.991111,1,4,5,10,6,16,108,93,201,5,4,9,29.5,20.6,31.66,34.17,10.55,2.51,0.5,0.0,0.0
9000008121,2025-08-05 21:00,0.992778,0,0,0,0,0,0,0,0,0,0,0,0,,0.0,0.0,0.0,0.0,0.0,0.0,0.0,0.0
9000008121,2025-08-05 22:00,0.9625,0,0,0,1,1,2,3,2,5,0,0,0,36.0,80.0,0.0,0.0,20.0,0.0,0.0,0.0,0.0
9000008121,2025-08-05 23:00,0.945833,0,0,0,0,0,0,2,1,3,0,0,0,32.5,66.67,0.0,0.0,33.33,0.0,0.0,0.0,0.0
9000008121,2025-08-06 00:00,0.95,0,0,0,0,0,0,0,0,0,0,0,0,,0.0,0.0,0.0,0.0,0.0,0.0,0.0,0.0
9000008121,2025-08-06 01:00,0.968611,0,0,0,0,0,0,0,0,0,0,0,0,,0.0,0.0,0.0,0.0,0.0,0.0,0.0,0.0
9000008121,2025-08-06 02:00,0.989167,0,0,0,0,0,0,0,0,0,0,0,0,,0.0,0.0,0.0,0.0,0.0,0.0,0.0,0.0
9000008121,2025-08-06 03:00,0.930278,0,0,0,1,0,1,0,0,0,0,0,0,,0.0,0.0,0.0,0.0,0.0,0.0,0.0,0.0
9000008121,2025-08-06 04:00,0.96,0,0,0,0,0,0,0,0,0,0,0,0,,0.0,0.0,0.0,0.0,0.0,0.0,0.0,0.0
9000008121,2025-08-06 05:00,0.876111,0,1,1,5,1,6,19,23,42,2,5,7,27.0,43.24,16.22,32.43,2.7,5.41,0.0,0.0,0.0
9000008121,2025-08-06 06:00,0.976389,0,0,0,1,2,3,93,92,184,16,14,30,29.5,24.44,26.11,36.11,10.56,2.78,0.0,0.0,0.0
9000008121,2025-08-06 07:00,0.964444,0,2,2,6,2,8,179,121,300,29,15,45,31.0,28.72,15.22,38.41,14.19,2.77,0.69,0.0,0.0
9000008121,2025-08-06 08:00,0.982222,0,0,0,12,4,16,218,151,369,22,31,54,28.0,29.48,28.65,32.23,7.16,1.93,0.55,0.0,0.28
9000008121,2025-08-06 09:00,0.986111,0,1,1,6,3,9,283,156,439,34,21,55,30.0,28.18,19.17,37.18,12.47,1.85,0.92,0.0,0.0
9000008121,2025-08-06 10:00,0.978056,2,3,5,5,1,6,259,102,361,19,12,31,29.5,18.13,27.48,40.51,11.9,1.7,0.0,0.0,0.28
9000008121,2025-08-06 11:00,0.999167,1,1,2,10,4,14,238,221,459,27,16,43,29.5,28.54,25.05,33.55,10.24,1.96,0.22,0.0,0.44
9000008121,2025-08-06 12:00,0.985556,1,3,4,10,2,12,257,210,467,29,37,67,30.5,26.09,26.09,32.39,11.96,2.39,0.65,0.0,0.65
9000008121,2025-08-06 13:00,0.991944,4,9,13,11,10,21,259,188,447,20,23,43,31.0,23.87,21.85,36.94,14.41,2.48,0.23,0.23,0.0
9000008121,2025-08-06 14:00,0.999444,0,13,13,23,8,31,302,223,525,17,19,36,32.0,26.86,21.14,32.19,16.0,2.48,0.76,0.57,0.0
9000008121,2025-08-06 15:00,0.994167,1,27,28,26,8,34,371,220,591,34,39,73,32.0,18.54,23.13,38.78,17.01,1.87,0.68,0.0,0.0
9000008121,2025-08-06 16:00,0.999444,2,34,36,23,7,30,359,239,598,21,19,40,30.5,23.75,21.74,38.63,12.71,2.51,0.67,0.0,0.0
9000008121,2025-08-06 17:00,0.999444,0,21,21,15,12,27,280,179,459,16,10,26,29.5,15.69,24.18,46.84,11.76,1.31,0.0,0.0,0.22
9000008121,2025-08-06 18:00,0.999444,2,14,16,23,21,44,244,223,467,15,16,31,29.5,15.63,30.62,40.69,11.99,0.43,0.43,0.21,0.0
9000008121,2025-08-06 19:00,0.999444,1,5,6,18,10,28,178,184,362,10,8,18,29.5,31.22,21.82,33.43,11.33,2.21,0.0,0.0,0.0
9000008121,2025-08-06 20:00,0.999444,0,1,1,10,2,12,114,81,195,6,8,14,29.5,22.05,23.59,41.03,12.31,1.03,0.0,0.0,0.0
9000008121,2025-08-06 21:00,0.975556,0,0,0,3,0,3,1,0,1,0,0,0,9.0,100.0,0.0,0.0,0.0,0.0,0.0,0.0,0.0
9000008121,2025-08-06 22:00,0.9625,0,0,0,0,0,0,4,2,6,0,0,0,55.5,16.67,16.67,33.33,16.67,0.0,16.67,0.0,0.0
9000008121,2025-08-06 23:00,0.976111,0,0,0,0,0,0,0,0,0,0,0,0,,0.0,0.0,0.0,0.0,0.0,0.0,0.0,0.0
9000008121,2025-08-07 00:00,0.968611,0,0,0,0,0,0,0,0,0,0,0,0,,0.0,0.0,0.0,0.0,0.0,0.0,0.0,0.0
9000008121,2025-08-07 01:00,0.994722,0,0,0,0,0,0,0,0,0,0,0,0,,0.0,0.0,0.0,0.0,0.0,0.0,0.0,0.0
9000008121,2025-08-07 02:00,0.9,0,0,0,0,1,1,0,0,0,0,0,0,,0.0,0.0,0.0,0.0,0.0,0.0,0.0,0.0
9000008121,2025-08-07 03:00,0.954167,0,0,0,0,0,0,0,0,0,0,0,0,,0.0,0.0,0.0,0.0,0.0,0.0,0.0,0.0
9000008121,2025-08-07 04:00,0.959722,0,0,0,0,0,0,0,0,0,0,0,0,,0.0,0.0,0.0,0.0,0.0,0.0,0.0,0.0
9000008121,2025-08-07 05:00,0.924722,0,0,0,3,1,4,26,11,37,0,4,4,31.0,26.47,26.47,29.41,17.65,0.0,0.0,0.0,0.0
9000008121,2025-08-07 06:00,0.956667,0,0,0,4,4,8,86,100,186,10,17,27,29.5,33.71,23.6,29.78,9.55,2.25,0.56,0.0,0.56
9000008121,2025-08-07 07:00,0.991389,3,2,5,11,2,13,189,161,351,18,25,43,31.0,34.77,14.66,33.05,14.37,3.16,0.0,0.0,0.0
9000008121,2025-08-07 08:00,0.975833,1,1,2,17,1,18,235,173,408,17,25,42,31.5,28.57,18.8,34.59,13.53,3.51,0.5,0.5,0.0
9000008121,2025-08-07 09:00,0.999444,3,1,4,19,3,22,221,135,356,21,22,43,30.0,25.28,16.85,43.82,12.36,1.69,0.0,0.0,0.0
9000008121,2025-08-07 10:00,0.992222,1,2,3,14,11,25,275,202,477,30,21,51,29.5,18.57,28.27,40.93,10.76,1.48,0.0,0.0,0.0
9000008121,2025-08-07 11:00,0.999167,1,6,7,11,8,19,252,170,422,14,23,37,31.0,16.59,26.3,40.28,13.98,2.84,0.0,0.0,0.0
9000008121,2025-08-07 12:00,0.999722,2,5,7,15,3,18,265,207,472,24,39,63,29.5,26.06,20.13,40.04,11.23,1.48,0.64,0.42,0.0
9000008121,2025-08-07 13:00,0.999444,1,7,8,9,10,19,269,241,510,31,29,60,30.5,26.47,23.14,34.51,14.51,0.98,0.2,0.2,0.0
9000008121,2025-08-07 14:00,0.999722,0,1,1,0,4,4,288,205,493,27,23,50,31.5,27.38,16.63,38.74,14.2,2.23,0.61,0.2,0.0
9000008121,2025-08-07 15:00,0.999167,0,11,11,15,8,23,320,203,523,25,19,44,30.5,23.14,23.71,37.28,13.38,1.72,0.19,0.38,0.19
9000008121,2025-08-07 16:00,0.999444,3,8,11,21,10,31,411,219,630,22,22,44,29.0,21.75,30.0,36.67,9.52,1.59,0.16,0.16,0.16
9000008121,2025-08-07 17:00,0.999444,0,16,16,16,20,36,643,214,857,37,17,54,30.0,11.09,25.55,48.89,10.97,2.57,0.23,0.58,0.12
9000008121,2025-08-07 18:00,0.999444,0,5,5,29,14,43,569,152,721,25,9,34,31.5,11.37,18.17,52.29,15.4,2.22,0.14,0.28,0.14
9000008121,2025-08-07 19:00,0.999444,2,16,18,20,4,24,238,192,430,14,11,25,30.5,27.91,23.02,32.79,13.95,2.09,0.0,0.0,0.23
9000008121,2025-08-07 20:00,0.999722,2,0,2,13,1,14,97,97,194,7,9,16,29.0,23.2,27.32,37.63,8.76,2.06,1.03,0.0,0.0
9000008121,2025-08-07 21:00,0.999444,0,0,0,0,0,0,0,0,0,0,0,0,,0.0,0.0,0.0,0.0,0.0,0.0,0.0,0.0
9000008121,2025-08-07 22:00,0.999167,0,0,0,0,0,0,0,0,0,0,0,0,,0.0,0.0,0.0,0.0,0.0,0.0,0.0,0.0
9000008121,2025-08-07 23:00,0.9775,0,0,0,0,0,0,0,0,0,0,0,0,,0.0,0.0,0.0,0.0,0.0,0.0,0.0,0.0
9000008121,2025-08-08 00:00,0.986667,0,0,0,0,0,0,0,0,0,0,0,0,,0.0,0.0,0.0,0.0,0.0,0.0,0.0,0.0
9000008121,2025-08-08 01:00,0.984722,0,0,0,0,0,0,0,0,0,0,0,0,,0.0,0.0,0.0,0.0,0.0,0.0,0.0,0.0
9000008121,2025-08-08 02:00,0.959444,0,0,0,0,0,0,0,0,0,0,0,0,,0.0,0.0,0.0,0.0,0.0,0.0,0.0,0.0
9000008121,2025-08-08 03:00,0.720833,0,0,0,0,0,0,0,0,0,0,0,0,,0.0,0.0,0.0,0.0,0.0,0.0,0.0,0.0
9000008121,2025-08-08 04:00,0.647222,0,0,0,0,0,0,2,0,2,0,0,0,9.0,100.0,0.0,0.0,0.0,0.0,0.0,0.0,0.0
9000008121,2025-08-08 05:00,0.979167,0,0,0,3,0,3,27,25,52,2,5,7,28.0,33.33,29.41,29.41,7.84,1.96,0.0,0.0,0.0
9000008121,2025-08-08 06:00,0.990833,0,1,1,4,2,6,82,106,188,10,10,20,29.0,36.02,23.66,26.88,10.22,2.69,0.0,0.0,0.54
9000008121,2025-08-08 07:00,0.999444,0,6,6,8,7,15,145,149,294,22,24,46,29.5,25.17,27.21,34.01,10.2,3.06,0.34,0.0,0.0
9000008121,2025-08-08 08:00,0.999444,2,6,8,11,3,14,193,185,378,21,26,47,30.5,34.13,16.67,33.33,14.02,1.85,0.0,0.0,0.0
9000008121,2025-08-08 09:00,0.999444,1,6,7,14,5,19,241,298,539,17,32,49,29.5,42.67,15.58,28.76,11.13,1.67,0.19,0.0,0.0
9000008121,2025-08-08 10:00,0.999444,3,5,8,20,14,34,254,175,429,26,23,49,32.0,27.74,18.88,33.1,17.72,1.86,0.47,0.0,0.23
9000008121,2025-08-08 11:00,0.999444,2,3,5,14,4,18,276,166,442,22,18,40,30.5,22.4,21.95,39.59,13.57,2.04,0.0,0.45,0.0
9000008121,2025-08-08 12:00,0.999167,1,5,6,21,17,38,297,187,484,24,35,59,29.5,21.69,19.01,46.28,10.54,1.86,0.41,0.21,0.0
9000008121,2025-08-08 13:00,0.999444,2,7,9,12,8,20,243,215,458,22,24,46,32.5,30.57,15.5,32.97,16.59,3.93,0.44,0.0,0.0
9000008121,2025-08-08 14:00,0.999444,0,17,17,18,11,29,272,195,467,23,21,44,33.0,25.48,17.34,33.19,18.84,3.21,0.86,0.86,0.21
9000008121,2025-08-08 15:00,0.999722,10,20,30,24,23,47,287,232,519,18,20,38,32.0,31.02,15.99,33.14,15.99,3.47,0.19,0.19,0.0
9000008121,2025-08-08 16:00,0.999444,3,26,29,23,6,29,273,194,467,21,20,41,31.5,32.12,13.92,35.55,15.42,2.36,0.43,0.21,0.0
9000008121,2025-08-08 17:00,0.999444,12,23,35,22,20,42,251,175,426,11,16,27,31.5,24.88,19.01,38.73,14.08,2.58,0.47,0.0,0.23
9000008121,2025-08-08 18:00,0.999444,3,15,18,24,6,30,191,168,359,13,21,34,31.5,26.74,19.78,36.21,13.09,3.62,0.28,0.0,0.28
9000008121,2025-08-08 19:00,0.999444,3,11,14,18,11,29,148,132,280,6,12,18,29.5,27.5,23.21,35.71,10.71,2.86,0.0,0.0,0.0
9000008121,2025-08-08 20:00,0.999444,0,3,3,17,4,21,98,87,185,9,5,14,31.0,28.11,24.86,30.27,12.43,3.24,0.54,0.0,0.54
9000008121,2025-08-08 21:00,0.999444,0,0,0,0,0,0,1,0,1,0,0,0,4.0,100.0,0.0,0.0,0.0,0.0,0.0,0.0,0.0
9000008121,2025-08-08 22:00,0.983611,0,0,0,0,0,0,0,0,0,0,0,0,,0.0,0.0,0.0,0.0,0.0,0.0,0.0,0.0
9000008121,2025-08-08 23:00,0.991111,0,0,0,0,0,0,0,0,0,0,0,0,,0.0,0.0,0.0,0.0,0.0,0.0,0.0,0.0
9000008121,2025-08-09 00:00,0.992778,0,0,0,0,0,0,0,0,0,0,0,0,,0.0,0.0,0.0,0.0,0.0,0.0,0.0,0.0
9000008121,2025-08-09 01:00,0.960833,0,0,0,0,2,2,0,2,2,0,0,0,53.5,50.0,0.0,0.0,0.0,0.0,50.0,0.0,0.0
9000008121,2025-08-09 02:00,0.961111,0,0,0,0,0,0,1,1,2,0,0,0,18.5,50.0,50.0,0.0,0.0,0.0,0.0,0.0,0.0
9000008121,2025-08-09 03:00,0.986667,0,0,0,0,0,0,0,0,0,0,0,0,,0.0,0.0,0.0,0.0,0.0,0.0,0.0,0.0
9000008121,2025-08-09 04:00,0.960278,0,0,0,0,0,0,0,0,0,0,0,0,,0.0,0.0,0.0,0.0,0.0,0.0,0.0,0.0
9000008121,2025-08-09 05:00,0.999444,0,0,0,0,0,0,11,3,14,2,1,3,35.0,28.57,7.14,35.71,21.43,7.14,0.0,0.0,0.0
9000008121,2025-08-09 06:00,0.986944,0,0,0,0,2,2,31,24,56,3,6,9,31.5,34.55,16.36,30.91,16.36,1.82,0.0,0.0,0.0
9000008121,2025-08-09 07:00,0.999444,1,1,2,7,1,8,57,27,84,6,10,16,33.0,23.81,11.9,39.29,20.24,3.57,1.19,0.0,0.0
9000008121,2025-08-09 08:00,0.999722,4,7,11,10,0,10,101,69,170,10,4,14,30.0,34.12,16.47,35.29,12.35,0.0,1.18,0.0,0.59
9000008121,2025-08-09 09:00,0.9975,0,2,2,12,4,16,168,96,264,10,6,16,31.0,21.59,14.77,46.59,14.39,2.27,0.38,0.0,0.0
9000008121,2025-08-09 10:00,0.999444,1,1,2,10,9,19,185,100,285,9,9,18,32.0,25.61,12.63,41.05,18.6,1.75,0.35,0.0,0.0
9000008121,2025-08-09 11:00,0.999722,0,1,1,17,3,20,200,160,360,12,12,24,32.5,26.94,18.89,33.33,17.78,3.06,0.0,0.0,0.0
9000008121,2025-08-09 12:00,0.999167,0,1,1,9,7,16,191,166,357,10,23,33,29.5,30.81,17.37,38.38,12.32,1.12,0.0,0.0,0.0
9000008121,2025-08-09 13:00,0.999444,0,3,3,12,7,19,218,133,351,18,15,33,33.0,23.36,13.96,40.74,15.38,5.13,1.14,0.28,0.0
9000008121,2025-08-09 14:00,0.999722,0,1,1,3,4,7,221,105,326,12,13,25,34.0,19.63,17.48,35.58,21.47,4.6,1.23,0.0,0.0
9000008121,2025-08-09 15:00,0.999444,2,4,6,4,4,8,146,134,280,7,10,17,31.0,28.93,18.21,36.07,14.29,1.79,0.71,0.0,0.0
9000008121,2025-08-09 16:00,0.999722,8,7,15,7,9,16,192,148,340,12,9,21,30.0,35.0,17.94,32.65,11.47,2.06,0.88,0.0,0.0
9000008121,2025-08-09 17:00,0.999167,2,27,29,11,5,16,168,136,304,8,8,16,31.0,25.99,18.42,38.82,12.17,3.29,0.99,0.0,0.33
9000008121,2025-08-09 18:00,0.999722,5,25,30,16,7,23,174,140,314,9,6,15,31.5,27.39,18.15,36.31,14.01,4.14,0.0,0.0,0.0
9000008121,2025-08-09 19:00,0.999722,4,20,24,13,8,21,149,127,276,10,7,17,31.0,32.25,17.39,33.7,15.94,0.36,0.36,0.0,0.0
9000008121,2025-08-09 20:00,0.999444,3,2,5,18,6,24,87,83,170,3,5,8,29.5,29.41,23.53,34.12,11.76,1.18,0.0,0.0,0.0
9000008121,2025-08-09 21:00,0.970278,0,0,0,0,0,0,0,0,0,0,0,0,,0.0,0.0,0.0,0.0,0.0,0.0,0.0,0.0
9000008121,2025-08-09 22:00,0.999722,0,0,0,0,0,0,0,0,0,0,0,0,,0.0,0.0,0.0,0.0,0.0,0.0,0.0,0.0
9000008121,2025-08-09 23:00,0.984722,0,0,0,0,1,1,0,0,0,0,0,0,,0.0,0.0,0.0,0.0,0.0,0.0,0.0,0.0
9000008121,2025-08-10 00:00,0.982778,0,0,0,0,0,0,1,0,1,0,0,0,34.0,0.0,0.0,0.0,100.0,0.0,0.0,0.0,0.0
9000008121,2025-08-10 01:00,0.999444,0,0,0,0,0,0,0,0,0,0,0,0,,0.0,0.0,0.0,0.0,0.0,0.0,0.0,0.0
9000008121,2025-08-10 02:00,0.978333,0,0,0,0,0,0,0,0,0,0,0,0,,0.0,0.0,0.0,0.0,0.0,0.0,0.0,0.0
9000008121,2025-08-10 03:00,0.999444,0,0,0,0,0,0,0,0,0,0,0,0,,0.0,0.0,0.0,0.0,0.0,0.0,0.0,0.0
9000008121,2025-08-10 04:00,0.96,0,0,0,0,0,0,0,0,0,0,0,0,,0.0,0.0,0.0,0.0,0.0,0.0,0.0,0.0
9000008121,2025-08-10 05:00,0.988333,2,0,2,2,1,3,8,5,13,0,0,0,28.5,15.38,38.46,38.46,0.0,7.69,0.0,0.0,0.0
9000008121,2025-08-10 06:00,0.989722,0,0,0,3,1,4,23,21,44,3,1,4,33.0,31.82,15.91,31.82,18.18,0.0,2.27,0.0,0.0
9000008121,2025-08-10 07:00,0.9925,0,1,1,0,0,0,34,35,69,6,4,10,34.5,40.58,8.7,28.99,18.84,1.45,1.45,0.0,0.0
9000008121,2025-08-10 08:00,0.999444,2,3,5,2,1,3,48,51,99,3,4,7,29.0,39.39,17.17,33.33,10.1,0.0,0.0,0.0,0.0
9000008121,2025-08-10 09:00,0.982222,0,0,0,8,4,12,121,134,255,5,2,7,31.5,28.8,18.4,34.8,15.2,2.4,0.8,0.0,0.0
9000008121,2025-08-10 10:00,0.999167,1,8,9,6,14,20,145,92,237,4,3,7,30.0,16.88,20.25,48.1,13.08,0.84,0.84,0.0,0.0
9000008121,2025-08-10 11:00,0.999444,1,17,18,10,10,20,183,129,312,5,6,11,31.0,31.09,15.38,36.54,13.78,2.88,0.0,0.0,0.32
9000008121,2025-08-10 12:00,0.999444,2,27,29,19,9,28,195,126,321,12,6,18,29.5,22.12,19.94,44.55,10.28,2.49,0.62,0.0,0.0
9000008121,2025-08-10 13:00,0.999444,3,17,20,7,7,14,179,108,287,14,5,19,32.5,27.87,10.8,41.11,16.38,3.48,0.35,0.0,0.0
9000008121,2025-08-10 14:00,0.999444,0,19,19,16,10,26,183,110,293,5,5,10,32.5,23.89,13.99,39.93,18.43,3.75,0.0,0.0,0.0
9000008121,2025-08-10 15:00,0.999444,2,7,9,12,10,22,128,105,233,3,10,13,33.0,32.19,14.16,30.9,19.74,2.58,0.43,0.0,0.0
9000008121,2025-08-10 16:00,0.999167,2,9,11,5,7,12,178,87,265,6,6,12,33.5,23.02,11.7,42.26,18.87,3.77,0.38,0.0,0.0
9000008121,2025-08-10 17:00,0.999444,5,16,21,11,8,19,153,123,276,4,5,9,31.5,25.36,18.84,36.96,15.22,2.9,0.72,0.0,0.0
9000008121,2025-08-10 18:00,0.999444,2,7,9,12,0,12,155,110,265,5,8,13,30.5,23.4,20.75,40.38,12.83,1.51,1.13,0.0,0.0
9000008121,2025-08-10 19:00,0.999444,2,23,25,9,5,14,126,114,240,6,7,13,31.0,30.83,18.75,32.92,15.0,1.67,0.83,0.0,0.0
9000008121,2025-08-11 10:00,0.499722,2,6,8,8,2,10,196,118,314,8,6,14,29.0,16.56,34.39,38.22,8.28,0.64,1.27,0.64,0.0
9000008121,2025-08-11 11:00,0.999167,0,8,8,2,4,6,231,173,404,25,16,41,29.0,25.5,31.93,29.95,10.4,1.24,0.5,0.25,0.25
9000008121,2025-08-11 12:00,0.999444,3,6,9,4,7,11,229,203,432,28,15,43,31.5,30.56,21.76,30.32,14.12,3.01,0.23,0.0,0.0
9000008121,2025-08-11 13:00,0.999444,0,0,0,1,1,2,224,148,372,38,18,56,31.5,19.09,23.92,38.71,15.59,2.15,0.0,0.54,0.0
9000008121,2025-08-11 14:00,0.999444,0,1,1,2,1,3,241,86,327,23,14,37,33.0,5.2,21.41,51.38,16.51,4.28,0.92,0.31,0.0
9000008121,2025-08-11 15:00,0.999444,0,0,0,9,3,12,243,121,364,11,18,29,31.5,15.93,20.05,46.15,14.84,2.47,0.55,0.0,0.0
9000008121,2025-08-11 16:00,0.999722,0,0,0,1,0,1,276,172,448,13,11,24,29.0,20.31,22.1,46.21,9.82,1.12,0.22,0.22,0.0
9000008121,2025-08-11 17:00,0.999444,0,6,6,11,15,26,233,141,374,17,11,28,31.0,16.04,22.46,44.65,12.83,3.48,0.53,0.0,0.0
9000008121,2025-08-11 18:00,0.999444,0,18,18,31,16,47,229,130,359,12,18,30,30.0,22.28,19.22,43.73,12.26,1.67,0.84,0.0,0.0
9000008121,2025-08-11 19:00,0.999444,1,16,17,7,11,18,159,110,269,6,10,16,31.5,24.16,21.93,35.69,15.99,1.86,0.37,0.0,0.0
9000008121,2025-08-11 20:00,0.999722,1,4,5,14,4,18,82,82,164,7,6,13,28.5,19.51,26.83,43.29,9.76,0.61,0.0,0.0,0.0
9000008121,2025-08-11 21:00,0.981944,0,0,0,0,0,0,0,0,0,0,0,0,,0.0,0.0,0.0,0.0,0.0,0.0,0.0,0.0
9000008121,2025-08-11 22:00,0.981944,0,0,0,0,0,0,0,0,0,0,0,0,,0.0,0.0,0.0,0.0,0.0,0.0,0.0,0.0
9000008121,2025-08-11 23:00,0.999444,0,0,0,0,0,0,0,0,0,0,0,0,,0.0,0.0,0.0,0.0,0.0,0.0,0.0,0.0
9000008121,2025-08-12 00:00,0.956944,0,0,0,0,0,0,0,1,1,0,0,0,74.0,0.0,0.0,0.0,0.0,0.0,0.0,0.0,100.0
9000008121,2025-08-12 01:00,0.960833,0,0,0,0,0,0,0,0,0,0,0,0,,0.0,0.0,0.0,0.0,0.0,0.0,0.0,0.0
9000008121,2025-08-12 02:00,0.966111,0,0,0,0,0,0,0,0,0,0,0,0,,0.0,0.0,0.0,0.0,0.0,0.0,0.0,0.0
9000008121,2025-08-12 03:00,0.983056,0,0,0,0,0,0,0,0,0,0,0,0,,0.0,0.0,0.0,0.0,0.0,0.0,0.0,0.0
9000008121,2025-08-12 04:00,0.9925,0,0,0,0,0,0,0,0,0,0,0,0,,0.0,0.0,0.0,0.0,0.0,0.0,0.0,0.0
9000008121,2025-08-12 05:00,0.964444,0,0,0,0,0,0,24,17,41,1,3,4,27.5,33.33,25.64,30.77,10.26,0.0,0.0,0.0,0.0
9000008121,2025-08-12 06:00,0.999167,0,3,3,1,5,6,79,61,140,16,15,31,31.5,29.29,16.43,36.43,15.0,1.43,1.43,0.0,0.0
9000008121,2025-08-12 07:00,0.999444,0,4,4,11,0,11,161,104,265,21,18,39,30.5,25.66,18.11,40.0,13.58,2.26,0.38,0.0,0.0
9000008121,2025-08-12 08:00,0.999444,1,3,4,12,2,14,222,135,357,14,21,35,30.0,28.57,21.29,34.73,12.04,3.08,0.0,0.0,0.28
9000008121,2025-08-12 09:00,0.999444,1,0,1,4,3,7,249,147,396,16,20,36,29.5,20.96,21.97,43.69,11.62,1.52,0.25,0.0,0.0
9000008121,2025-08-12 10:00,0.995278,0,0,0,3,0,3,231,116,347,16,6,22,29.5,14.2,30.72,42.03,10.14,2.61,0.29,0.0,0.29
9000008121,2025-08-12 11:00,0.999444,0,2,2,1,0,1,189,139,328,22,16,38,29.5,17.99,36.28,31.4,11.28,1.83,1.22,0.0,0.0
9000008121,2025-08-12 12:00,0.999444,0,1,1,3,1,4,186,131,317,29,23,52,31.5,23.34,19.87,39.12,12.93,3.79,0.32,0.32,0.32
9000008121,2025-08-12 13:00,0.999444,0,0,0,0,1,1,194,145,339,21,15,36,29.5,16.52,28.91,41.0,10.32,2.95,0.29,0.0,0.0
9000008121,2025-08-12 14:00,0.999444,0,1,1,4,0,4,283,134,417,21,20,41,31.0,16.31,21.34,45.32,15.11,1.44,0.24,0.24,0.0
9000008121,2025-08-12 15:00,0.999167,0,5,5,8,4,12,262,133,395,14,31,45,32.0,23.04,15.19,42.78,15.95,2.78,0.25,0.0,0.0
9000008121,2025-08-12 16:00,0.999722,1,14,15,34,9,43,363,191,554,21,33,54,31.0,19.49,20.22,42.96,14.8,2.35,0.18,0.0,0.0
9000008121,2025-08-12 17:00,0.999444,0,4,4,13,12,25,295,138,433,19,10,29,29.5,17.78,21.48,47.34,11.55,0.92,0.46,0.46,0.0
9000008121,2025-08-12 18:00,0.999444,1,6,7,15,11,26,209,145,354,10,16,26,31.5,18.64,22.32,40.68,14.69,3.11,0.56,0.0,0.0
9000008121,2025-08-12 19:00,0.999444,0,12,12,17,16,33,186,134,320,10,11,21,30.5,19.69,26.88,37.5,10.94,3.75,0.62,0.62,0.0
9000008121,2025-08-12 20:00,0.986389,0,3,3,6,3,9,91,71,162,4,4,8,30.5,20.62,25.0,39.38,14.38,1.25,0.0,0.62,0.0
9000008121,2025-08-12 21:00,0.9875,0,0,0,0,0,0,3,2,5,0,0,0,21.0,20.0,60.0,20.0,0.0,0.0,0.0,0.0,0.0
9000008121,2025-08-12 22:00,0.999167,0,0,0,0,0,0,0,0,0,0,0,0,,0.0,0.0,0.0,0.0,0.0,0.0,0.0,0.0
9000008121,2025-08-12 23:00,0.999722,0,0,0,0,0,0,1,1,2,0,0,0,8.5,100.0,0.0,0.0,0.0,0.0,0.0,0.0,0.0
9000008121,2025-08-13 00:00,0.999722,0,0,0,0,0,0,0,0,0,0,0,0,,0.0,0.0,0.0,0.0,0.0,0.0,0.0,0.0
9000008121,2025-08-13 01:00,0.957222,0,0,0,0,0,0,1,0,1,0,0,0,4.0,100.0,0.0,0.0,0.0,0.0,0.0,0.0,0.0
9000008121,2025-08-13 02:00,0.999444,0,0,0,0,0,0,0,0,0,0,0,0,,0.0,0.0,0.0,0.0,0.0,0.0,0.0,0.0
9000008121,2025-08-13 03:00,0.984167,0,0,0,0,0,0,0,0,0,0,0,0,,0.0,0.0,0.0,0.0,0.0,0.0,0.0,0.0
9000008121,2025-08-13 04:00,0.999167,0,0,0,0,0,0,0,0,0,0,0,0,,0.0,0.0,0.0,0.0,0.0,0.0,0.0,0.0
9000008121,2025-08-13 05:00,0.998056,0,0,0,4,0,4,30,12,42,2,1,3,32.0,11.9,23.81,42.86,19.05,2.38,0.0,0.0,0.0
9000008121,2025-08-13 06:00,0.999167,1,0,1,8,4,12,99,71,170,13,10,23,31.5,22.35,20.59,39.41,14.71,1.76,1.18,0.0,0.0
9000008121,2025-08-13 07:00,0.999444,0,2,2,9,3,12,171,114,285,22,27,49,32.5,18.95,22.11,38.95,17.19,2.46,0.35,0.0,0.0
9000008121,2025-08-13 08:00,0.984444,1,4,5,15,7,22,218,137,355,30,18,48,30.0,18.86,19.71,46.57,13.43,1.43,0.0,0.0,0.0
9000008121,2025-08-13 09:00,0.987778,2,1,3,15,8,23,255,178,433,25,22,48,30.5,19.2,22.95,41.45,15.22,1.17,0.0,0.23,0.0
9000008121,2025-08-13 10:00,0.999444,2,9,11,15,4,19,261,156,417,29,26,55,29.5,20.86,21.82,44.36,11.51,1.44,0.0,0.0,0.0
9000008121,2025-08-13 11:00,0.999444,1,4,5,5,1,6,216,193,409,33,19,52,30.0,20.78,28.36,35.45,11.49,3.18,0.73,0.0,0.0
9000008121,2025-08-13 12:00,0.999444,1,2,3,3,4,7,248,203,451,20,21,41,30.5,25.28,25.5,33.26,12.64,2.0,0.44,0.89,0.0
9000008121,2025-08-13 13:00,0.999444,2,0,2,2,8,10,237,166,403,44,47,91,32.5,16.63,22.83,40.45,15.88,3.72,0.0,0.0,0.5
9000008121,2025-08-13 14:00,0.999444,2,1,3,5,10,15,268,125,393,20,9,29,33.0,18.83,14.76,44.02,17.3,4.33,0.51,0.25,0.0
9000008121,2025-08-13 15:00,0.999444,0,1,1,6,3,9,331,144,475,14,9,23,30.0,13.26,24.21,47.58,12.63,1.89,0.21,0.0,0.21
9000008121,2025-08-13 16:00,0.999722,0,1,1,6,3,9,281,206,487,7,8,15,29.5,26.49,22.79,37.17,10.47,1.85,1.03,0.21,0.0
9000008121,2025-08-13 17:00,0.999444,1,3,4,5,8,13,244,166,410,16,7,23,30.5,26.1,20.98,37.32,14.39,1.22,0.0,0.0,0.0
9000008121,2025-08-13 18:00,0.999722,1,2,3,10,19,29,226,194,420,9,23,32,30.5,23.33,23.57,36.67,13.57,2.38,0.24,0.24,0.0
9000008121,2025-08-13 19:00,0.999444,6,15,21,11,5,16,157,123,280,7,10,17,29.5,31.43,18.21,36.79,12.14,1.07,0.36,0.0,0.0
9000008121,2025-08-13 20:00,0.999722,3,5,8,23,8,31,113,75,188,5,5,10,30.0,17.55,22.87,44.15,13.83,1.06,0.53,0.0,0.0
9000008121,2025-08-13 21:00,0.999444,0,0,0,0,0,0,1,0,1,0,0,0,14.0,0.0,100.0,0.0,0.0,0.0,0.0,0.0,0.0
9000008121,2025-08-13 22:00,0.981944,0,0,0,0,2,2,0,1,1,0,0,0,4.0,100.0,0.0,0.0,0.0,0.0,0.0,0.0,0.0
9000008121,2025-08-13 23:00,0.999444,0,0,0,0,0,0,0,0,0,0,0,0,,0.0,0.0,0.0,0.0,0.0,0.0,0.0,0.0
9000008121,2025-08-14 00:00,0.993889,0,0,0,0,0,0,2,0,2,0,1,1,33.5,50.0,0.0,0.0,50.0,0.0,0.0,0.0,0.0
9000008121,2025-08-14 01:00,0.999722,0,0,0,0,0,0,0,0,0,0,0,0,,0.0,0.0,0.0,0.0,0.0,0.0,0.0,0.0
9000008121,2025-08-14 02:00,0.993611,0,0,0,0,0,0,0,0,0,0,0,0,,0.0,0.0,0.0,0.0,0.0,0.0,0.0,0.0
9000008121,2025-08-14 03:00,0.985556,0,0,0,1,0,1,0,0,0,0,0,0,,0.0,0.0,0.0,0.0,0.0,0.0,0.0,0.0
9000008121,2025-08-14 04:00,0.999722,0,0,0,0,0,0,0,0,0,0,0,0,,0.0,0.0,0.0,0.0,0.0,0.0,0.0,0.0
9000008121,2025-08-14 05:00,0.994167,0,0,0,1,1,2,23,15,38,5,3,8,29.0,26.32,39.47,21.05,13.16,0.0,0.0,0.0,0.0
9000008121,2025-08-14 06:00,0.981944,2,4,6,6,6,12,108,78,186,8,11,19,29.5,33.52,19.78,33.52,11.54,0.55,1.1,0.0,0.0
9000008121,2025-08-14 07:00,0.999444,1,3,4,2,4,6,154,124,278,16,20,36,31.0,29.14,18.35,35.61,13.67,2.16,0.72,0.0,0.36
9000008121,2025-08-14 08:00,0.999444,4,11,15,15,13,28,244,168,412,16,21,37,30.0,22.09,18.45,45.39,12.38,0.97,0.24,0.0,0.49
9000008121,2025-08-14 09:00,0.999444,0,11,11,28,12,40,234,128,362,18,24,42,29.5,11.6,23.76,51.1,12.15,1.38,0.0,0.0,0.0
9000008121,2025-08-14 10:00,0.999722,1,3,4,16,16,32,248,155,403,21,16,37,30.0,19.35,22.33,43.67,12.9,1.24,0.25,0.0,0.25
9000008121,2025-08-14 11:00,0.999167,4,8,12,4,11,15,210,208,418,24,20,44,30.0,25.6,24.88,34.21,10.77,3.35,1.2,0.0,0.0
9000008121,2025-08-14 12:00,0.999444,1,4,5,6,16,22,220,185,405,43,41,84,29.5,18.52,23.95,44.44,10.37,1.48,0.99,0.0,0.25
9000008121,2025-08-14 13:00,0.999722,2,0,2,3,9,12,248,156,404,48,40,88,33.0,28.96,17.57,31.44,18.32,2.97,0.5,0.25,0.0
9000008121,2025-08-14 14:00,0.999444,4,6,10,14,9,23,249,150,399,21,19,40,33.5,26.82,11.53,36.84,20.55,3.51,0.5,0.25,0.0
9000008121,2025-08-14 15:00,0.999444,0,1,1,5,8,13,201,121,322,9,23,32,32.5,23.91,15.84,40.37,17.08,2.48,0.0,0.31,0.0
9000008121,2025-08-14 16:00,0.999722,2,4,6,9,2,11,283,197,480,14,12,26,30.5,26.88,21.25,36.46,12.92,1.88,0.42,0.21,0.0
9000008121,2025-08-14 17:00,0.999444,0,17,17,9,13,22,258,158,416,15,10,25,32.0,23.56,16.83,39.42,15.87,2.4,1.2,0.24,0.48
9000008121,2025-08-14 18:00,0.999444,0,17,17,18,16,34,233,160,393,9,11,20,30.5,27.74,16.28,40.46,12.72,2.8,0.0,0.0,0.0
9000008121,2025-08-14 19:00,0.999444,6,8,14,25,1,26,163,88,251,7,17,24,33.5,24.3,15.54,36.25,19.12,3.59,0.8,0.4,0.0
9000008121,2025-08-14 20:00,0.999722,1,7,8,9,8,17,82,47,129,4,4,8,33.0,16.28,24.03,37.21,20.16,2.33,0.0,0.0,0.0
9000008121,2025-08-14 21:00,0.999444,0,0,0,0,0,0,3,3,6,1,0,1,15.5,83.33,16.67,0.0,0.0,0.0,0.0,0.0,0.0
9000008121,2025-08-14 22:00,0.980556,0,0,0,0,0,0,0,1,1,0,0,0,19.0,0.0,100.0,0.0,0.0,0.0,0.0,0.0,0.0
9000008121,2025-08-14 23:00,0.999722,0,0,0,0,0,0,1,2,3,0,0,0,13.0,66.67,33.33,0.0,0.0,0.0,0.0,0.0,0.0
9000008121,2025-08-15 00:00,0.999722,0,0,0,0,0,0,1,0,1,0,0,0,9.0,100.0,0.0,0.0,0.0,0.0,0.0,0.0,0.0
9000008121,2025-08-15 01:00,0.971667,0,0,0,0,0,0,0,1,1,0,0,0,34.0,0.0,0.0,0.0,100.0,0.0,0.0,0.0,0.0
9000008121,2025-08-15 02:00,0.977222,0,0,0,0,0,0,0,0,0,0,0,0,,0.0,0.0,0.0,0.0,0.0,0.0,0.0,0.0
9000008121,2025-08-15 03:00,0.999167,0,0,0,0,0,0,0,0,0,0,0,0,,0.0,0.0,0.0,0.0,0.0,0.0,0.0,0.0
9000008121,2025-08-15 04:00,0.999444,0,0,0,0,0,0,0,0,0,0,0,0,,0.0,0.0,0.0,0.0,0.0,0.0,0.0,0.0
9000008121,2025-08-15 05:00,0.976667,0,0,0,1,1,2,18,13,31,5,2,7,25.5,23.33,33.33,40.0,6.67,0.0,0.0,0.0,0.0
9000008121,2025-08-15 06:00,0.999444,0,1,1,5,5,10,76,64,140,9,15,24,32.5,35.0,17.86,27.86,15.71,2.86,0.71,0.0,0.0
9000008121,2025-08-15 07:00,0.999444,1,8,9,18,6,24,142,121,263,14,22,36,30.5,30.8,16.73,36.12,13.69,2.66,0.0,0.0,0.0
9000008121,2025-08-15 08:00,0.999444,2,5,7,10,10,20,194,125,319,18,14,32,30.0,26.02,15.99,42.95,12.54,1.88,0.63,0.0,0.0
9000008121,2025-08-15 09:00,0.999444,0,2,2,22,6,28,250,118,368,19,29,48,31.0,17.12,19.29,46.47,14.67,1.9,0.27,0.27,0.0
9000008121,2025-08-15 10:00,0.999444,2,6,8,12,12,24,251,155,406,16,16,32,29.5,22.41,20.44,45.07,11.08,0.99,0.0,0.0,0.0
9000008121,2025-08-15 11:00,0.999722,6,5,11,1,9,10,209,176,385,17,27,44,30.0,18.44,27.79,38.44,12.47,2.08,0.52,0.0,0.26
9000008121,2025-08-15 12:00,0.999722,0,0,0,7,6,13,247,163,410,33,49,82,32.0,20.49,19.02,40.0,17.8,1.46,1.22,0.0,0.0
9000008121,2025-08-15 13:00,0.999722,0,0,0,2,5,7,240,164,404,33,28,61,34.5,22.03,13.61,35.89,21.04,6.19,0.74,0.25,0.25
9000008121,2025-08-15 14:00,0.749444,1,0,1,8,5,13,307,124,431,24,25,49,34.5,20.74,10.84,42.72,17.96,5.57,1.55,0.62,0.0
9000008121,2025-08-15 15:00,0.749722,1,1,3,7,4,11,228,104,332,11,9,20,30.5,15.26,22.09,46.99,12.05,2.01,0.8,0.4,0.4
9000008121,2025-08-15 16:00,0.999444,0,13,13,15,6,21,242,163,405,13,13,26,30.5,24.94,17.53,41.98,13.33,1.98,0.25,0.0,0.0
9000008121,2025-08-15 17:00,0.999444,1,20,21,11,12,23,245,143,388,16,16,32,31.5,23.97,20.36,36.86,15.46,3.09,0.0,0.26,0.0
9000008121,2025-08-15 18:00,0.499722,0,4,4,14,8,22,242,140,382,8,10,18,34.5,24.61,13.61,38.74,19.37,3.14,0.52,0.0,0.0
9000008121,2025-08-15 19:00,0.749444,3,8,11,15,1,16,167,108,275,5,12,17,31.0,28.64,15.05,39.32,14.56,1.46,0.97,0.0,0.0
9000008121,2025-08-15 20:00,0.5,0,2,2,20,10,30,128,80,208,12,8,20,30.0,12.5,25.96,46.15,13.46,1.92,0.0,0.0,0.0
9000008121,2025-08-15 21:00,0.749444,0,0,0,3,1,4,1,5,7,0,0,0,21.0,20.0,60.0,20.0,0.0,0.0,0.0,0.0,0.0
9000008121,2025-08-15 22:00,0.749167,0,0,0,0,1,1,0,1,1,0,0,0,9.0,100.0,0.0,0.0,0.0,0.0,0.0,0.0,0.0
9000008121,2025-08-15 23:00,0.749444,0,0,0,0,0,0,0,3,3,0,0,0,18.5,50.0,50.0,0.0,0.0,0.0,0.0,0.0,0.0
9000008121,2025-08-16 00:00,0.744167,0,0,0,0,0,0,0,0,0,0,0,0,,0.0,0.0,0.0,0.0,0.0,0.0,0.0,0.0
9000008121,2025-08-16 01:00,0.499722,0,0,0,0,0,0,0,0,0,0,0,0,,0.0,0.0,0.0,0.0,0.0,0.0,0.0,0.0
9000008121,2025-08-16 02:00,0.486944,0,0,0,0,0,0,0,0,0,0,0,0,,0.0,0.0,0.0,0.0,0.0,0.0,0.0,0.0
9000008121,2025-08-16 03:00,0.749722,0,0,0,0,0,0,0,0,0,0,0,0,,0.0,0.0,0.0,0.0,0.0,0.0,0.0,0.0
9000008121,2025-08-16 04:00,0.981111,0,0,0,2,0,2,0,0,0,0,0,0,,0.0,0.0,0.0,0.0,0.0,0.0,0.0,0.0
9000008121,2025-08-16 05:00,0.717778,0,0,0,0,0,0,5,3,8,0,0,0,28.0,33.33,16.67,50.0,0.0,0.0,0.0,0.0,0.0
9000008121,2025-08-16 06:00,0.999722,0,0,0,2,1,3,27,24,51,4,4,8,30.5,29.41,15.69,39.22,11.76,3.92,0.0,0.0,0.0
9000008121,2025-08-16 07:00,0.9925,0,0,0,7,0,7,61,23,84,10,9,19,32.5,20.48,13.25,45.78,19.28,1.2,0.0,0.0,0.0
9000008121,2025-08-16 08:00,0.249722,0,4,4,4,0,4,72,32,104,4,4,8,30.5,26.92,3.85,53.85,7.69,7.69,0.0,0.0,0.0
9000008121,2025-08-16 09:00,0.744722,0,1,1,17,0,17,173,78,251,8,12,20,32.0,19.79,17.11,42.78,17.11,3.21,0.0,0.0,0.0
9000008121,2025-08-16 10:00,0.25,0,4,4,4,0,4,232,104,336,12,12,24,31.5,16.67,16.67,47.62,17.86,1.19,0.0,0.0,0.0
9000008121,2025-08-16 11:00,0.999444,0,8,8,26,10,36,223,145,368,13,13,26,31.0,25.82,12.5,44.02,15.22,1.9,0.54,0.0,0.0
9000008121,2025-08-16 12:00,0.731944,1,12,13,17,5,22,236,164,399,14,14,27,29.5,26.03,15.75,44.52,11.64,2.05,0.0,0.0,0.0
9000008121,2025-08-16 13:00,0.738611,1,0,1,5,13,19,189,168,357,22,15,36,31.0,27.27,15.15,40.53,13.64,2.65,0.38,0.0,0.38
9000008121,2025-08-16 14:00,0.749722,3,0,3,8,13,21,205,125,331,15,12,27,32.5,17.34,22.98,37.5,18.15,1.61,2.02,0.0,0.4
9000008121,2025-08-16 15:00,0.499722,0,18,18,4,6,10,214,114,328,8,12,20,29.5,18.29,23.78,44.51,11.59,1.22,0.0,0.61,0.0
9000008121,2025-08-16 16:00,0.749722,0,0,0,7,3,9,172,112,284,9,15,24,29.5,18.78,20.66,47.89,9.86,2.82,0.0,0.0,0.0
9000008121,2025-08-16 17:00,0.499722,0,0,0,0,6,6,162,90,252,10,12,22,33.5,13.49,24.6,37.3,20.63,3.17,0.79,0.0,0.0
9000008121,2025-08-16 18:00,0.999167,0,4,4,7,7,14,150,110,260,9,19,28,29.5,14.62,28.85,43.08,10.77,2.69,0.0,0.0,0.0
9000008121,2025-08-16 19:00,0.5,0,0,0,12,4,16,118,102,220,6,8,14,31.0,20.91,25.45,36.36,14.55,2.73,0.0,0.0,0.0
9000008121,2025-08-16 20:00,0.733889,1,1,3,13,4,17,88,84,172,1,1,3,29.0,24.6,28.57,37.3,8.73,0.79,0.79,0.0,0.0
9000008121,2025-08-16 21:00,0.723333,0,0,0,0,0,0,0,1,1,0,0,0,29.0,0.0,0.0,100.0,0.0,0.0,0.0,0.0,0.0
9000008121,2025-08-16 22:00,0.499722,0,0,0,0,0,0,4,2,6,0,0,0,28.0,66.67,0.0,33.33,0.0,0.0,0.0,0.0,0.0
9000008121,2025-08-16 23:00,0.481111,0,0,0,0,0,0,4,2,6,0,0,0,38.0,33.33,33.33,0.0,33.33,0.0,0.0,0.0,0.0
9000008121,2025-08-17 00:00,0.735,0,0,0,0,0,0,0,0,0,0,0,0,,0.0,0.0,0.0,0.0,0.0,0.0,0.0,0.0
9000008121,2025-08-17 01:00,0.730833,0,0,0,0,1,1,0,0,0,0,0,0,,0.0,0.0,0.0,0.0,0.0,0.0,0.0,0.0
9000008121,2025-08-17 02:00,0.669722,0,0,0,0,0,0,2,0,2,0,0,0,59.0,0.0,0.0,0.0,0.0,0.0,100.0,0.0,0.0
9000008121,2025-08-17 03:00,0.924167,0,0,0,0,0,0,0,0,0,0,0,0,,0.0,0.0,0.0,0.0,0.0,0.0,0.0,0.0
9000008121,2025-08-17 04:00,0.725,0,0,0,0,0,0,0,0,0,0,0,0,,0.0,0.0,0.0,0.0,0.0,0.0,0.0,0.0
9000008121,2025-08-17 05:00,0.478611,0,0,0,2,0,2,11,13,23,0,0,0,31.5,27.27,27.27,27.27,9.09,0.0,9.09,0.0,0.0
9000008121,2025-08-17 06:00,0.490278,0,0,0,4,2,6,14,10,25,4,0,4,46.0,8.33,16.67,41.67,8.33,16.67,8.33,0.0,0.0
9000008121,2025-08-17 07:00,0.683333,0,0,0,1,0,1,39,19,58,4,3,7,34.5,20.0,10.0,40.0,27.5,2.5,0.0,0.0,0.0
9000008121,2025-08-17 08:00,0.719722,0,0,0,3,1,4,72,64,136,3,4,7,30.0,33.67,11.22,40.82,12.24,1.02,1.02,0.0,0.0
9000008121,2025-08-17 09:00,0.985,0,1,1,9,2,11,123,79,202,3,3,6,30.0,20.6,18.59,46.23,13.57,1.01,0.0,0.0,0.0
9000008121,2025-08-17 10:00,0.995556,1,1,2,13,2,15,174,103,276,6,4,10,31.0,18.18,20.36,44.0,15.64,1.45,0.0,0.36,0.0
9000008121,2025-08-17 11:00,0.743333,4,11,15,13,3,16,204,74,278,3,12,15,32.0,13.53,14.98,51.21,19.32,0.97,0.0,0.0,0.0
9000008121,2025-08-17 12:00,0.749722,1,4,5,12,3,15,188,112,300,9,8,17,32.0,16.89,20.0,42.22,19.56,1.33,0.0,0.0,0.0
9000008121,2025-08-17 13:00,0.25,4,0,4,8,0,8,224,100,324,4,28,32,31.5,23.46,11.11,48.15,13.58,2.47,1.23,0.0,0.0
9000008121,2025-08-17 14:00,0.999722,0,10,10,16,6,22,195,101,296,6,14,20,32.5,21.62,15.88,38.85,20.27,3.04,0.34,0.0,0.0
9000008121,2025-08-17 15:00,0.999167,0,5,5,7,1,8,147,67,214,4,10,14,31.0,17.76,19.63,44.39,14.95,2.8,0.0,0.0,0.47
9000008121,2025-08-17 16:00,0.25,0,12,12,8,0,8,120,96,216,4,8,12,27.5,35.19,20.37,35.19,9.26,0.0,0.0,0.0,0.0
9000008121,2025-08-17 17:00,0.499444,2,6,8,2,2,4,154,92,246,2,6,8,30.5,21.14,23.58,39.84,12.2,1.63,0.81,0.81,0.0
9000008121,2025-08-17 18:00,0.499444,0,2,2,24,14,38,152,92,244,2,10,12,32.5,13.11,21.31,42.62,20.49,1.64,0.0,0.82,0.0
9000008121,2025-08-17 19:00,0.749722,1,11,12,17,4,21,131,73,204,4,9,13,34.5,16.99,22.22,33.99,18.95,4.58,1.96,0.0,1.31
9000008121,2025-08-17 20:00,0.984444,0,3,3,10,2,12,64,44,108,2,3,5,30.0,20.75,28.3,37.74,11.32,2.83,0.94,0.0,0.0
9000008121,2025-08-17 21:00,0.966389,0,0,0,1,2,3,3,0,3,0,0,0,22.5,66.67,0.0,33.33,0.0,0.0,0.0,0.0,0.0
9000008121,2025-08-17 22:00,0.9725,0,0,0,0,0,0,1,0,1,0,0,0,24.0,0.0,0.0,100.0,0.0,0.0,0.0,0.0,0.0
9000008121,2025-08-17 23:00,0.938333,0,0,0,0,0,0,1,1,2,0,2,2,48.5,0.0,0.0,50.0,0.0,50.0,0.0,0.0,0.0
9000008121,2025-08-18 00:00,0.987222,0,0,0,0,0,0,0,0,0,0,0,0,,0.0,0.0,0.0,0.0,0.0,0.0,0.0,0.0
9000008121,2025-08-18 01:00,0.702778,0,0,0,0,0,0,0,0,0,0,0,0,,0.0,0.0,0.0,0.0,0.0,0.0,0.0,0.0
9000008121,2025-08-18 02:00,0.990278,0,0,0,0,0,0,0,0,0,0,0,0,,0.0,0.0,0.0,0.0,0.0,0.0,0.0,0.0
9000008121,2025-08-18 03:00,0.896944,0,0,0,0,0,0,2,0,2,0,0,0,23.5,50.0,0.0,50.0,0.0,0.0,0.0,0.0,0.0
9000008121,2025-08-18 04:00,0.711111,0,0,0,0,1,1,0,3,3,0,0,0,23.5,50.0,0.0,50.0,0.0,0.0,0.0,0.0,0.0
9000008121,2025-08-18 05:00,0.483611,0,0,0,0,0,0,4,2,6,0,0,0,33.0,33.33,0.0,33.33,33.33,0.0,0.0,0.0,0.0
9000008121,2025-08-18 06:00,0.469167,0,0,0,0,0,0,75,60,134,21,9,30,31.0,33.33,14.29,34.92,14.29,3.17,0.0,0.0,0.0
9000008121,2025-08-18 07:00,0.967778,1,1,2,12,3,15,177,114,291,22,27,49,30.0,27.66,21.63,36.17,11.7,3.19,0.0,0.0,0.0
9000008121,2025-08-18 08:00,0.999444,3,2,5,14,10,24,208,175,383,14,27,41,29.5,31.07,24.02,31.85,11.75,1.04,0.0,0.26,0.0
9000008121,2025-08-18 09:00,0.740556,1,3,4,7,5,12,302,189,490,18,22,39,29.5,27.82,27.27,31.96,11.02,0.28,1.1,0.28,0.28
9000008121,2025-08-18 10:00,0.740833,3,1,4,9,3,12,238,150,388,15,8,23,29.5,22.57,25.0,38.54,11.46,2.43,0.0,0.0,0.0
9000008121,2025-08-18 11:00,0.737778,0,7,7,0,3,3,168,157,325,23,21,45,29.0,25.42,27.92,34.17,9.17,2.5,0.0,0.42,0.42
9000008121,2025-08-18 12:00,0.999722,0,0,0,2,1,3,185,137,322,25,15,40,32.0,17.08,22.67,41.61,14.29,3.42,0.62,0.31,0.0
9000008121,2025-08-18 13:00,0.749167,0,0,0,0,0,0,161,84,245,27,37,64,34.5,14.67,19.57,38.59,20.11,4.89,1.09,0.0,1.09
9000008121,2025-08-18 14:00,0.749722,0,1,1,4,7,11,291,112,403,33,15,48,33.5,12.25,20.53,42.72,18.87,2.98,1.99,0.33,0.33
9000008121,2025-08-18 15:00,0.999444,0,3,3,9,5,14,283,157,440,12,22,34,30.0,20.0,22.95,42.5,10.45,2.95,0.91,0.23,0.0
9000008121,2025-08-18 16:00,0.999444,0,1,1,12,1,13,304,143,447,9,21,30,30.5,3.58,30.43,50.11,13.42,2.24,0.22,0.0,0.0
9000008121,2025-08-18 17:00,0.749444,0,3,3,23,31,53,316,163,479,17,19,36,29.5,10.86,26.74,49.86,10.86,1.39,0.28,0.0,0.0
9000008121,2025-08-18 18:00,0.981667,0,7,7,16,22,39,259,154,412,8,14,22,30.5,8.4,25.68,49.88,14.57,1.48,0.0,0.0,0.0
9000008121,2025-08-18 19:00,0.999444,1,5,6,19,7,26,141,107,248,7,9,16,30.5,20.16,22.18,41.94,13.71,1.21,0.81,0.0,0.0
9000008121,2025-08-18 20:00,0.999444,1,1,2,9,4,13,66,39,105,4,4,8,31.0,23.81,12.38,46.67,15.24,1.9,0.0,0.0,0.0
9000008121,2025-08-18 21:00,0.978889,0,0,0,0,0,0,0,1,1,0,0,0,4.0,100.0,0.0,0.0,0.0,0.0,0.0,0.0,0.0
9000008121,2025-08-18 22:00,0.75,0,0,0,0,0,0,0,0,0,0,0,0,,0.0,0.0,0.0,0.0,0.0,0.0,0.0,0.0
9000008121,2025-08-18 23:00,0.734722,0,0,0,0,0,0,1,0,1,0,0,0,4.0,100.0,0.0,0.0,0.0,0.0,0.0,0.0,0.0
9000008121,2025-08-19 00:00,0.979167,0,0,0,0,0,0,0,0,0,0,0,0,,0.0,0.0,0.0,0.0,0.0,0.0,0.0,0.0
9000008121,2025-08-19 01:00,0.707778,0,0,0,0,0,0,0,0,0,0,0,0,,0.0,0.0,0.0,0.0,0.0,0.0,0.0,0.0
9000008121,2025-08-19 02:00,0.697778,0,0,0,0,0,0,3,0,3,0,0,0,18.5,0.0,100.0,0.0,0.0,0.0,0.0,0.0,0.0
9000008121,2025-08-19 03:00,0.743889,0,0,0,0,0,0,0,0,0,0,0,0,,0.0,0.0,0.0,0.0,0.0,0.0,0.0,0.0
9000008121,2025-08-19 04:00,0.489167,0,0,0,0,0,0,0,0,0,0,0,0,,0.0,0.0,0.0,0.0,0.0,0.0,0.0,0.0
9000008121,2025-08-19 05:00,0.708611,0,0,0,1,0,1,15,11,26,1,3,4,35.5,26.32,26.32,31.58,15.79,0.0,0.0,0.0,0.0
9000008121,2025-08-19 06:00,0.728611,4,1,6,5,7,12,81,73,153,14,5,19,31.5,39.29,14.29,29.46,13.39,2.68,0.89,0.0,0.0
9000008121,2025-08-19 07:00,0.499722,0,0,0,12,2,14,158,128,286,10,14,24,29.5,29.37,20.28,37.06,12.59,0.0,0.0,0.0,0.7
9000008121,2025-08-19 08:00,0.999444,0,1,1,14,3,17,231,154,385,27,28,55,29.0,22.6,23.12,41.82,9.61,2.08,0.52,0.26,0.0
9000008121,2025-08-19 09:00,0.75,0,0,0,8,1,9,269,133,403,16,20,36,28.0,26.82,27.81,35.76,6.95,1.99,0.66,0.0,0.0
9000008121,2025-08-19 10:00,0.999167,0,2,2,2,2,4,211,109,320,21,11,32,29.5,24.06,24.69,38.12,11.88,1.25,0.0,0.0,0.0
9000008121,2025-08-19 11:00,0.749444,0,4,4,0,5,5,188,143,331,47,29,76,30.5,29.44,30.24,24.6,11.29,2.82,1.21,0.0,0.4
9000008121,2025-08-19 12:00,0.499722,0,0,0,0,0,0,178,116,294,24,16,40,33.0,14.97,17.69,45.58,15.65,2.72,2.04,0.0,1.36
9000008121,2025-08-19 13:00,0.749444,0,1,1,0,1,1,192,105,297,31,21,52,33.5,9.42,16.14,48.43,21.97,3.59,0.45,0.0,0.0
9000008121,2025-08-19 14:00,0.499722,0,0,0,2,16,18,242,118,360,28,16,44,34.0,13.33,16.11,45.0,20.0,2.78,1.11,0.56,1.11
9000008121,2025-08-19 15:00,0.749444,0,0,0,0,0,0,283,96,379,11,12,23,32.0,12.68,17.25,50.7,15.49,1.76,1.76,0.0,0.35
9000008121,2025-08-19 16:00,0.999444,0,0,0,5,5,10,286,204,490,14,13,27,28.5,19.8,31.02,39.8,7.55,1.43,0.2,0.0,0.2
9000008121,2025-08-19 17:00,0.999167,0,1,1,3,6,9,281,170,451,15,17,32,31.0,19.96,20.18,42.13,14.63,2.44,0.67,0.0,0.0
9000008121,2025-08-19 18:00,0.499722,0,0,0,12,6,18,234,156,390,12,6,18,29.0,17.44,29.23,40.51,11.28,1.03,0.51,0.0,0.0
9000008121,2025-08-19 19:00,0.999444,0,6,6,14,18,32,129,125,254,6,10,16,29.5,27.95,25.98,32.68,12.6,0.39,0.0,0.0,0.39
9000008121,2025-08-19 20:00,0.999444,1,1,2,12,6,18,73,50,123,3,5,8,29.5,21.95,29.27,35.77,9.76,2.44,0.81,0.0,0.0
9000008121,2025-08-19 21:00,0.969444,0,0,0,0,0,0,1,0,1,0,0,0,4.0,100.0,0.0,0.0,0.0,0.0,0.0,0.0,0.0
9000008121,2025-08-19 22:00,0.983333,0,0,0,1,0,1,1,0,1,0,0,0,9.0,100.0,0.0,0.0,0.0,0.0,0.0,0.0,0.0
9000008121,2025-08-19 23:00,0.999444,0,0,0,0,0,0,1,0,1,0,0,0,19.0,0.0,100.0,0.0,0.0,0.0,0.0,0.0,0.0
9000008121,2025-08-20 00:00,0.958611,0,0,0,0,0,0,0,0,0,0,0,0,,0.0,0.0,0.0,0.0,0.0,0.0,0.0,0.0
9000008121,2025-08-20 01:00,0.988611,0,0,0,0,0,0,0,0,0,0,0,0,,0.0,0.0,0.0,0.0,0.0,0.0,0.0,0.0
9000008121,2025-08-20 02:00,0.9975,0,0,0,0,0,0,0,0,0,0,0,0,,0.0,0.0,0.0,0.0,0.0,0.0,0.0,0.0
9000008121,2025-08-20 03:00,0.966389,0,0,0,0,0,0,0,0,0,0,0,0,,0.0,0.0,0.0,0.0,0.0,0.0,0.0,0.0
9000008121,2025-08-20 04:00,0.963056,0,0,0,0,0,0,0,0,0,0,0,0,,0.0,0.0,0.0,0.0,0.0,0.0,0.0,0.0
9000008121,2025-08-20 05:00,0.980278,0,0,0,4,2,6,10,8,18,0,1,1,32.0,33.33,22.22,27.78,5.56,5.56,5.56,0.0,0.0
9000008121,2025-08-20 06:00,0.975,0,0,0,4,2,6,87,68,155,25,10,35,29.0,27.81,25.17,36.42,6.62,2.65,1.32,0.66,0.0
9000008121,2025-08-20 07:00,0.978611,0,1,1,14,3,17,181,101,282,17,22,39,30.5,19.2,22.83,40.94,15.22,1.45,0.0,0.0,0.0
9000008121,2025-08-20 08:00,0.990556,4,6,10,20,11,31,239,173,413,19,23,42,29.0,25.43,22.98,39.12,11.25,0.73,0.49,0.0,0.0
9000008121,2025-08-20 09:00,0.972222,0,0,0,16,0,16,215,118,333,11,17,28,31.5,21.67,17.96,42.11,15.48,2.79,0.0,0.0,0.0
9000008121,2025-08-20 10:00,0.999444,2,4,6,13,7,20,221,124,345,19,16,35,30.5,22.61,16.52,44.93,14.2,0.87,0.58,0.29,0.0
9000008121,2025-08-20 11:00,0.999444,1,5,6,11,12,23,261,184,445,18,19,37,29.5,26.07,23.37,38.2,8.76,2.7,0.67,0.0,0.22
9000008121,2025-08-20 12:00,0.999444,1,5,6,29,11,40,241,176,417,43,25,68,29.0,20.86,27.58,40.05,10.07,1.2,0.24,0.0,0.0
9000008121,2025-08-20 13:00,0.999444,0,4,4,6,12,18,241,153,394,39,51,90,34.0,9.9,25.13,39.09,19.54,4.82,1.27,0.25,0.0
9000008121,2025-08-20 14:00,0.999444,0,1,1,11,12,23,309,141,450,23,17,40,31.5,22.89,18.22,40.0,16.22,1.78,0.67,0.22,0.0
9000008121,2025-08-20 15:00,0.999444,1,15,16,28,6,34,378,162,540,35,23,58,31.5,15.74,21.48,44.26,15.19,2.41,0.56,0.19,0.19
9000008121,2025-08-20 16:00,0.991944,0,10,10,35,5,40,335,183,518,15,22,37,30.5,16.93,22.96,44.16,14.01,1.56,0.19,0.0,0.19
9000008121,2025-08-20 17:00,0.999444,2,21,23,35,9,44,347,170,517,25,24,49,31.5,20.12,18.18,43.71,15.47,2.32,0.0,0.0,0.19
9000008121,2025-08-20 18:00,0.999444,0,16,16,44,7,51,266,198,464,12,18,30,29.0,20.91,21.77,46.12,9.27,1.72,0.22,0.0,0.0
9000008121,2025-08-20 19:00,0.999444,1,18,19,25,2,27,157,122,279,8,9,17,29.5,24.73,21.86,39.78,11.83,1.43,0.36,0.0,0.0
9000008121,2025-08-20 20:00,1.0,0,4,4,10,6,16,48,44,92,3,5,8,29.5,27.17,19.57,40.22,9.78,3.26,0.0,0.0,0.0
9000008121,2025-08-20 21:00,0.990833,0,0,0,1,0,1,0,0,0,0,0,0,,0.0,0.0,0.0,0.0,0.0,0.0,0.0,0.0
9000008121,2025-08-20 22:00,0.999722,0,0,0,0,0,0,0,0,0,0,0,0,,0.0,0.0,0.0,0.0,0.0,0.0,0.0,0.0
9000008121,2025-08-20 23:00,0.969722,0,0,0,0,0,0,0,1,1,0,0,0,14.0,0.0,100.0,0.0,0.0,0.0,0.0,0.0,0.0
9000008121,2025-08-21 00:00,0.968333,0,0,0,0,0,0,0,1,1,0,0,0,4.0,100.0,0.0,0.0,0.0,0.0,0.0,0.0,0.0
9000008121,2025-08-21 01:00,0.976667,0,0,0,0,0,0,1,1,2,0,0,0,23.5,50.0,0.0,50.0,0.0,0.0,0.0,0.0,0.0
9000008121,2025-08-21 02:00,0.926944,0,0,0,0,0,0,0,0,0,0,0,0,,0.0,0.0,0.0,0.0,0.0,0.0,0.0,0.0
9000008121,2025-08-21 03:00,0.954444,0,0,0,0,0,0,1,0,1,0,0,0,64.0,0.0,0.0,0.0,0.0,0.0,0.0,100.0,0.0
9000008121,2025-08-21 04:00,0.908611,0,0,0,0,0,0,1,1,2,0,0,0,18.5,0.0,100.0,0.0,0.0,0.0,0.0,0.0,0.0
9000008121,2025-08-21 05:00,0.961944,0,0,0,2,0,2,7,5,12,3,3,6,31.0,41.67,16.67,25.0,16.67,0.0,0.0,0.0,0.0
9000008121,2025-08-21 06:00,0.967778,1,0,1,3,1,4,100,86,186,15,16,30,28.5,33.33,25.0,30.56,8.89,1.67,0.0,0.0,0.0
9000008121,2025-08-21 07:00,0.964167,1,0,1,11,1,12,160,127,286,20,26,45,30.0,28.26,22.83,34.06,11.96,2.9,0.0,0.0,0.0
9000008121,2025-08-21 08:00,0.98,2,2,4,13,11,25,223,187,410,22,31,53,27.5,28.86,25.87,37.81,6.22,0.0,0.25,0.0,0.75
9000008121,2025-08-21 09:00,0.969444,1,2,3,11,1,12,296,178,474,15,17,33,29.5,27.39,24.35,35.43,10.43,1.3,0.87,0.0,0.22
9000008121,2025-08-21 10:00,0.999444,1,0,1,0,5,5,234,169,403,22,19,41,28.5,23.33,28.04,38.21,9.43,0.99,0.0,0.0,0.0
9000008121,2025-08-21 11:00,0.999444,0,1,1,0,6,6,179,175,354,19,10,29,30.5,37.29,23.16,24.01,10.73,3.11,0.0,0.85,0.85
9000008121,2025-08-21 12:00,0.999444,0,0,0,0,0,0,184,148,332,29,29,58,32.5,17.47,19.88,42.47,15.06,4.82,0.3,0.0,0.0
9000008121,2025-08-21 13:00,0.999444,0,1,1,5,9,14,252,170,422,55,26,81,33.0,16.11,21.09,41.23,16.35,4.27,0.71,0.0,0.24
9000008121,2025-08-21 14:00,0.999444,0,0,0,4,6,10,254,127,381,21,20,41,32.5,16.8,22.57,39.9,16.27,4.2,0.26,0.0,0.0
9000008121,2025-08-21 15:00,0.999444,0,1,1,7,2,9,374,133,507,11,13,24,29.5,9.27,25.05,52.47,10.85,1.78,0.59,0.0,0.0
9000008121,2025-08-21 16:00,0.999167,0,0,0,12,8,20,358,237,595,17,18,35,28.0,18.99,35.63,36.13,7.56,1.01,0.5,0.0,0.17
9000008121,2025-08-21 17:00,0.989722,0,0,0,8,1,9,254,138,393,17,21,39,32.0,17.99,21.08,41.9,14.65,4.11,0.26,0.0,0.0
9000008121,2025-08-21 18:00,0.999444,1,6,7,13,16,29,229,173,402,16,20,36,31.5,12.19,27.61,42.04,14.43,2.99,0.75,0.0,0.0
9000008121,2025-08-21 19:00,0.999444,2,2,4,13,15,28,177,116,293,7,8,15,31.0,12.29,29.01,41.98,12.97,2.39,1.02,0.0,0.34
9000008121,2025-08-21 20:00,0.975833,1,0,1,16,5,21,54,36,90,3,2,5,32.0,19.32,25.0,36.36,15.91,5.68,0.0,0.0,0.0
9000008121,2025-08-21 21:00,0.965833,0,0,0,0,2,2,0,2,2,0,0,0,23.5,50.0,0.0,50.0,0.0,0.0,0.0,0.0,0.0
9000008121,2025-08-21 22:00,0.9575,0,0,0,1,0,1,2,1,3,0,0,0,28.0,66.67,0.0,33.33,0.0,0.0,0.0,0.0,0.0
9000008121,2025-08-21 23:00,0.948889,0,0,0,1,0,1,0,0,0,0,0,0,,0.0,0.0,0.0,0.0,0.0,0.0,0.0,0.0
9000008121,2025-08-22 00:00,0.923056,0,0,0,0,0,0,4,1,5,0,0,0,46.5,80.0,0.0,0.0,0.0,20.0,0.0,0.0,0.0
9000008121,2025-08-22 01:00,0.924167,0,0,0,1,1,2,0,3,3,0,0,0,9.0,100.0,0.0,0.0,0.0,0.0,0.0,0.0,0.0
9000008121,2025-08-22 02:00,0.966944,0,0,0,1,0,1,0,1,1,0,0,0,9.0,100.0,0.0,0.0,0.0,0.0,0.0,0.0,0.0
9000008121,2025-08-22 03:00,0.904444,0,0,0,0,2,2,0,3,3,0,0,0,17.5,66.67,33.33,0.0,0.0,0.0,0.0,0.0,0.0
9000008121,2025-08-22 04:00,0.870833,0,0,0,0,0,0,0,1,1,0,0,0,4.0,100.0,0.0,0.0,0.0,0.0,0.0,0.0,0.0
9000008121,2025-08-22 05:00,0.889722,0,0,0,0,0,0,11,1,12,0,0,0,37.0,27.27,9.09,27.27,18.18,9.09,0.0,0.0,0.0
9000008121,2025-08-22 06:00,0.907778,0,0,0,7,4,10,82,57,139,7,8,15,30.0,30.16,17.46,38.1,11.11,3.97,0.0,0.0,0.0
9000008121,2025-08-22 07:00,0.943889,1,0,1,10,2,12,146,114,260,12,16,27,29.5,28.86,17.07,40.24,10.57,2.44,0.41,0.0,0.0
9000008121,2025-08-22 08:00,0.955,0,1,1,13,5,18,212,162,374,24,28,52,29.0,25.21,26.05,37.25,10.92,0.84,0.0,0.0,0.0
9000008121,2025-08-22 09:00,0.954444,1,0,1,16,1,17,253,125,378,21,15,35,29.5,20.78,22.71,44.6,11.63,0.28,0.28,0.0,0.0
9000008121,2025-08-22 10:00,0.988889,0,1,1,14,7,21,270,160,430,14,8,22,29.5,20.24,26.35,39.53,12.47,1.65,0.0,0.0,0.0
9000008121,2025-08-22 11:00,0.999444,0,7,7,22,11,33,276,165,441,13,18,31,29.5,18.59,20.63,48.75,10.2,1.59,0.23,0.0,0.0
9000008121,2025-08-22 12:00,0.989444,1,9,10,12,12,24,269,194,463,28,19,47,32.5,19.87,19.65,38.43,17.47,3.93,0.44,0.44,0.0
9000008121,2025-08-22 13:00,0.999444,1,4,5,15,17,32,298,201,499,30,29,59,31.0,20.44,22.65,40.28,13.83,2.4,0.4,0.0,0.0
9000008121,2025-08-22 14:00,0.999444,2,11,13,30,13,43,327,201,528,20,22,42,31.5,18.94,22.16,41.48,13.83,2.84,0.19,0.19,0.38
9000008121,2025-08-22 15:00,0.999444,0,16,16,38,17,55,342,199,541,22,21,43,30.0,21.44,22.18,41.96,12.75,1.29,0.18,0.18,0.0
9000008121,2025-08-22 16:00,0.999167,0,14,14,34,9,43,297,203,500,23,16,39,31.0,24.0,20.2,38.4,14.4,2.8,0.0,0.2,0.0
9000008121,2025-08-22 17:00,0.999444,15,39,54,29,23,52,255,195,450,18,13,31,30.0,30.44,15.56,38.67,12.89,1.78,0.22,0.22,0.22
9000008121,2025-08-22 18:00,0.980556,7,22,29,16,8,24,207,137,343,14,9,23,29.5,24.33,21.66,40.36,11.28,2.08,0.0,0.0,0.3
9000008121,2025-08-22 19:00,0.970833,2,8,10,19,10,29,171,131,302,8,7,16,29.5,23.89,25.26,38.23,11.26,1.71,0.0,0.0,0.0
9000008121,2025-08-22 20:00,0.943611,2,0,2,2,2,4,32,28,60,3,2,5,29.5,35.09,22.81,29.82,10.53,3.51,0.0,0.0,0.0
9000008121,2025-08-22 21:00,0.943611,0,0,0,0,3,3,1,6,7,0,0,0,20.5,50.0,33.33,16.67,0.0,0.0,0.0,0.0,0.0
9000008121,2025-08-22 22:00,0.988889,0,0,0,0,0,0,0,0,0,0,0,0,,0.0,0.0,0.0,0.0,0.0,0.0,0.0,0.0
9000008121,2025-08-22 23:00,0.948889,0,0,0,0,0,0,1,0,1,0,0,0,9.0,100.0,0.0,0.0,0.0,0.0,0.0,0.0,0.0
9000008121,2025-08-23 00:00,0.910278,0,0,0,0,0,0,1,5,6,0,0,0,30.5,66.67,0.0,16.67,16.67,0.0,0.0,0.0,0.0
9000008121,2025-08-23 01:00,0.9275,0,0,0,2,3,5,0,1,1,0,0,0,4.0,100.0,0.0,0.0,0.0,0.0,0.0,0.0,0.0
9000008121,2025-08-23 02:00,0.903611,0,0,0,1,0,1,0,0,0,0,0,0,,0.0,0.0,0.0,0.0,0.0,0.0,0.0,0.0
9000008121,2025-08-23 03:00,0.952222,0,0,0,0,1,1,0,1,1,0,0,0,4.0,100.0,0.0,0.0,0.0,0.0,0.0,0.0,0.0
9000008121,2025-08-23 04:00,0.938611,0,0,0,0,0,0,1,2,3,0,0,0,13.0,66.67,33.33,0.0,0.0,0.0,0.0,0.0,0.0
9000008121,2025-08-23 05:00,0.918056,0,0,0,1,0,1,2,0,2,1,0,1,33.5,0.0,0.0,50.0,50.0,0.0,0.0,0.0,0.0
9000008121,2025-08-23 06:00,0.943333,0,0,0,3,1,4,26,15,41,3,4,8,31.5,28.21,12.82,41.03,17.95,0.0,0.0,0.0,0.0
9000008121,2025-08-23 07:00,0.930833,0,1,1,2,1,3,55,20,75,7,12,19,32.5,15.71,14.29,44.29,20.0,2.86,1.43,0.0,0.0
9000008121,2025-08-23 08:00,0.947222,0,0,0,10,2,12,89,47,136,4,5,10,32.0,14.84,18.75,45.31,17.97,3.12,0.0,0.0,0.0
9000008121,2025-08-23 09:00,0.973889,0,0,0,12,0,12,188,67,255,8,9,17,32.0,10.04,19.28,51.0,17.27,2.01,0.0,0.0,0.0
9000008121,2025-08-23 10:00,0.916111,1,7,8,16,6,22,206,94,300,13,13,26,32.5,15.64,12.36,48.36,20.0,2.55,0.73,0.36,0.0
9000008121,2025-08-23 11:00,0.976111,1,11,12,20,8,28,266,175,441,10,13,24,31.5,21.63,20.7,40.0,14.88,2.79,0.0,0.23,0.0
9000008121,2025-08-23 12:00,0.991389,0,4,4,9,4,13,247,168,415,21,21,42,31.5,22.57,17.23,41.26,16.75,2.18,0.0,0.0,0.0
9000008121,2025-08-23 13:00,0.9875,0,1,1,17,3,20,231,162,394,11,16,27,30.0,23.91,18.77,41.9,13.88,1.54,0.0,0.0,0.0
9000008121,2025-08-23 14:00,0.9775,4,6,10,13,10,23,252,201,453,15,9,25,29.5,27.09,22.35,37.7,11.29,0.9,0.45,0.23,0.0
9000008121,2025-08-23 15:00,0.974722,1,2,3,16,10,27,236,189,425,6,19,26,29.5,18.84,30.43,37.92,11.35,0.97,0.48,0.0,0.0
9000008121,2025-08-23 16:00,0.953056,2,2,4,12,3,15,181,138,319,11,18,28,28.0,18.42,32.24,41.12,7.24,0.99,0.0,0.0,0.0
9000008121,2025-08-23 17:00,0.975278,0,0,0,0,1,1,163,124,287,16,10,27,29.0,20.0,34.29,33.21,9.64,2.5,0.36,0.36,0.0
9000008121,2025-08-23 18:00,0.999444,4,3,7,7,10,17,188,144,332,13,13,26,28.5,20.78,25.6,43.07,10.24,0.3,0.0,0.0,0.0
9000008121,2025-08-23 19:00,0.9475,1,5,6,17,8,25,123,137,260,9,8,17,27.5,33.2,23.89,34.82,7.29,0.4,0.0,0.0,0.0
9000008121,2025-08-23 20:00,0.928611,0,1,1,9,4,14,31,41,72,1,3,4,30.5,16.42,29.85,37.31,13.43,2.99,0.0,0.0,0.0
9000008121,2025-08-23 21:00,0.890833,0,0,0,1,2,3,3,5,8,0,0,0,34.5,14.29,14.29,42.86,28.57,0.0,0.0,0.0,0.0
9000008121,2025-08-23 22:00,0.932222,0,0,0,0,0,0,1,1,2,0,0,0,68.5,50.0,0.0,0.0,0.0,0.0,0.0,50.0,0.0
9000008121,2025-08-23 23:00,0.868611,0,0,0,1,4,5,3,9,12,2,1,3,33.5,27.27,18.18,18.18,18.18,9.09,0.0,0.0,0.0
9000008121,2025-08-24 00:00,0.826389,0,0,0,0,0,0,1,0,1,0,0,0,59.0,0.0,0.0,0.0,0.0,0.0,100.0,0.0,0.0
9000008121,2025-08-24 01:00,0.886389,0,0,0,0,0,0,0,1,1,0,0,0,9.0,100.0,0.0,0.0,0.0,0.0,0.0,0.0,0.0
9000008121,2025-08-24 02:00,0.8725,0,0,0,1,0,1,2,1,4,0,0,0,44.0,33.33,0.0,0.0,0.0,66.67,0.0,0.0,0.0
9000008121,2025-08-24 03:00,0.856944,0,0,0,1,0,1,0,0,0,0,0,0,,0.0,0.0,0.0,0.0,0.0,0.0,0.0,0.0
9000008121,2025-08-24 04:00,0.813333,0,0,0,0,1,1,0,0,0,0,0,0,,0.0,0.0,0.0,0.0,0.0,0.0,0.0,0.0
9000008121,2025-08-24 05:00,0.844444,0,0,0,0,0,0,1,1,2,0,0,0,8.5,100.0,0.0,0.0,0.0,0.0,0.0,0.0,0.0
9000008121,2025-08-24 06:00,0.853056,0,0,0,1,2,4,18,22,39,0,0,0,27.0,29.41,23.53,41.18,2.94,0.0,0.0,0.0,0.0
9000008121,2025-08-24 07:00,0.851389,0,0,0,2,0,2,44,14,58,4,6,9,29.5,20.41,18.37,51.02,8.16,0.0,2.04,0.0,0.0
9000008121,2025-08-24 08:00,0.975278,2,0,2,5,0,5,102,54,156,4,3,7,28.0,37.5,14.47,38.82,7.89,1.97,0.0,0.0,0.0
9000008121,2025-08-24 09:00,0.936944,1,2,3,9,1,10,163,110,273,6,3,10,29.0,23.05,26.56,39.06,8.59,2.34,0.0,0.39,0.0
9000008121,2025-08-24 10:00,0.9675,0,0,0,4,12,16,210,130,340,3,4,7,29.0,24.62,24.62,38.3,10.03,1.82,0.3,0.0,0.3
9000008121,2025-08-24 11:00,0.999444,1,3,4,8,6,14,191,184,375,10,8,18,29.5,20.53,26.93,38.93,10.93,2.13,0.53,0.0,0.0
9000008121,2025-08-24 12:00,0.999167,0,9,9,8,2,10,181,130,311,16,10,26,31.5,22.19,22.83,37.62,14.15,2.57,0.32,0.0,0.32
9000008121,2025-08-24 13:00,0.999444,3,13,16,15,4,19,173,121,294,5,5,10,30.5,25.85,19.05,38.78,13.27,2.38,0.34,0.0,0.34
9000008121,2025-08-24 14:00,0.999444,2,14,16,16,7,23,180,139,319,5,12,17,33.5,24.45,21.0,31.35,18.81,3.45,0.31,0.63,0.0
9000008121,2025-08-24 15:00,0.993889,1,16,17,9,8,17,174,127,301,5,9,14,32.5,25.08,17.73,35.79,16.39,3.68,1.0,0.33,0.0
9000008121,2025-08-24 16:00,0.982778,0,9,9,13,7,20,173,134,306,4,7,11,31.5,26.25,19.27,36.88,16.28,1.33,0.0,0.0,0.0
9000008121,2025-08-24 17:00,0.990833,0,10,10,20,4,24,182,107,289,3,5,8,32.5,22.65,14.98,41.81,16.72,3.48,0.35,0.0,0.0
9000008121,2025-08-24 18:00,0.999444,2,2,4,15,9,24,175,121,296,6,9,15,31.0,18.92,21.28,43.24,13.85,2.03,0.34,0.34,0.0
9000008121,2025-08-24 19:00,0.997778,2,2,4,17,7,24,134,93,227,3,10,13,29.5,18.5,23.35,44.49,11.89,1.76,0.0,0.0,0.0
9000008121,2025-08-24 20:00,0.928611,2,0,2,7,3,10,28,32,60,1,0,1,30.0,14.29,35.71,33.93,12.5,0.0,1.79,0.0,0.0
9000008121,2025-08-24 21:00,0.968333,0,0,0,0,0,0,5,4,9,0,0,0,33.0,22.22,44.44,11.11,22.22,0.0,0.0,0.0,0.0
9000008121,2025-08-24 22:00,0.936111,0,0,0,0,1,1,1,3,4,0,0,0,42.0,50.0,25.0,0.0,0.0,25.0,0.0,0.0,0.0
9000008121,2025-08-24 23:00,0.955,0,0,0,0,0,0,0,3,3,0,0,0,42.5,33.33,33.33,0.0,0.0,33.33,0.0,0.0,0.0
9000008121,2025-08-25 00:00,0.940278,0,0,0,0,0,0,3,0,3,0,0,0,23.0,66.67,0.0,33.33,0.0,0.0,0.0,0.0,0.0
9000008121,2025-08-25 01:00,0.881944,0,0,0,0,1,1,0,1,1,0,0,0,14.0,0.0,100.0,0.0,0.0,0.0,0.0,0.0,0.0
9000008121,2025-08-25 02:00,0.951111,0,0,0,0,0,0,0,0,0,0,0,0,,0.0,0.0,0.0,0.0,0.0,0.0,0.0,0.0
9000008121,2025-08-25 03:00,0.931389,0,0,0,0,0,0,1,1,2,0,0,0,13.5,50.0,50.0,0.0,0.0,0.0,0.0,0.0,0.0
9000008121,2025-08-25 04:00,0.911667,0,0,0,0,0,0,0,0,0,0,0,0,,0.0,0.0,0.0,0.0,0.0,0.0,0.0,0.0
9000008121,2025-08-25 05:00,0.906111,0,0,0,0,0,0,0,0,0,0,0,0,,0.0,0.0,0.0,0.0,0.0,0.0,0.0,0.0
9000008121,2025-08-25 06:00,0.891111,0,1,1,10,4,15,98,64,162,9,11,20,30.5,23.61,20.14,40.97,12.5,2.78,0.69,0.0,0.0
9000008121,2025-08-25 07:00,0.93,2,3,5,12,4,16,163,137,300,15,21,36,32.0,19.71,28.67,32.97,16.13,1.43,0.36,0.36,0.0
9000008121,2025-08-25 08:00,0.983889,1,1,2,13,4,17,254,159,413,21,32,54,30.0,21.43,27.34,36.21,13.05,1.72,0.25,0.0,0.0
9000008121,2025-08-25 09:00,0.945556,2,5,7,22,6,28,246,185,431,26,21,48,31.5,26.78,18.43,36.12,16.71,1.47,0.49,0.0,0.0
9000008121,2025-08-25 10:00,0.965556,2,4,6,16,3,19,277,138,415,20,36,56,30.0,21.45,18.95,45.64,11.47,2.24,0.0,0.25,0.0
9000008121,2025-08-25 11:00,0.951944,1,2,3,21,7,28,308,190,498,26,47,74,29.5,16.24,26.58,43.67,11.39,1.48,0.21,0.0,0.21
9000008121,2025-08-25 12:00,0.999167,1,13,14,11,6,17,274,177,451,26,46,72,31.5,18.85,21.51,40.8,15.52,2.44,0.67,0.22,0.0
9000008121,2025-08-25 13:00,0.989444,7,18,25,20,11,31,253,188,441,18,24,42,30.0,27.46,16.93,40.96,12.59,1.6,0.23,0.0,0.23
9000008121,2025-08-25 14:00,0.999444,0,21,21,21,5,26,328,192,520,16,40,56,32.0,19.62,19.04,41.35,18.46,1.35,0.0,0.0,0.19
9000008121,2025-08-25 15:00,0.986389,0,16,16,41,7,48,422,206,628,29,38,67,31.0,20.0,16.13,47.1,14.03,2.58,0.32,0.0,0.0
9000008121,2025-08-25 16:00,0.990556,1,15,16,18,5,23,367,217,584,19,28,47,30.5,23.66,22.28,38.17,13.64,1.73,0.52,0.0,0.0
9000008121,2025-08-25 17:00,0.999167,1,3,4,18,9,27,319,175,494,19,16,35,29.5,20.65,25.1,41.3,10.53,1.42,0.61,0.2,0.2
9000008121,2025-08-25 18:00,0.999444,1,14,15,10,7,17,232,194,426,7,19,26,29.0,28.87,24.41,36.38,9.15,0.94,0.23,0.0,0.0
9000008121,2025-08-25 19:00,0.970556,3,5,8,9,8,17,142,145,288,8,14,23,29.5,30.11,23.66,32.62,11.83,1.08,0.36,0.0,0.36
9000008121,2025-08-25 20:00,0.994722,0,0,0,6,2,8,32,29,60,2,1,3,26.0,23.33,35.0,33.33,6.67,0.0,0.0,0.0,0.0
9000008121,2025-08-25 21:00,0.925,0,0,0,3,0,3,4,3,8,0,0,0,34.5,14.29,28.57,28.57,14.29,0.0,14.29,0.0,0.0
9000008121,2025-08-25 22:00,0.914722,0,0,0,1,2,3,3,3,6,0,0,0,30.5,33.33,16.67,33.33,16.67,0.0,0.0,0.0,0.0
9000008121,2025-08-25 23:00,0.965,0,0,0,0,1,1,1,0,1,0,0,0,9.0,100.0,0.0,0.0,0.0,0.0,0.0,0.0,0.0
9000008121,2025-08-26 00:00,0.903056,0,0,0,0,0,0,1,2,3,0,0,0,18.0,66.67,33.33,0.0,0.0,0.0,0.0,0.0,0.0
9000008121,2025-08-26 01:00,0.92,0,0,0,0,0,0,0,0,0,0,0,0,,0.0,0.0,0.0,0.0,0.0,0.0,0.0,0.0
9000008121,2025-08-26 02:00,0.932222,0,0,0,0,0,0,0,0,0,0,0,0,,0.0,0.0,0.0,0.0,0.0,0.0,0.0,0.0
9000008121,2025-08-26 03:00,0.870833,0,0,0,0,0,0,0,0,0,0,0,0,,0.0,0.0,0.0,0.0,0.0,0.0,0.0,0.0
9000008121,2025-08-26 04:00,0.896389,0,0,0,0,0,0,0,0,0,0,0,0,,0.0,0.0,0.0,0.0,0.0,0.0,0.0,0.0
9000008121,2025-08-26 05:00,0.964722,0,0,0,1,0,1,4,0,4,0,0,0,22.0,0.0,75.0,25.0,0.0,0.0,0.0,0.0,0.0
9000008121,2025-08-26 06:00,0.9125,0,2,2,8,2,10,94,54,149,12,15,27,31.0,22.06,25.74,36.03,13.24,1.47,0.74,0.0,1.47
9000008121,2025-08-26 07:00,0.948889,2,2,4,6,1,7,165,146,311,22,22,44,29.5,27.46,22.37,37.29,9.15,3.05,0.68,0.34,0.0
9000008121,2025-08-26 08:00,0.957778,0,3,3,14,2,17,242,161,404,23,36,59,30.0,27.91,15.5,42.12,12.4,1.03,0.52,0.0,0.26
9000008121,2025-08-26 09:00,0.973889,1,0,1,11,2,13,281,170,451,24,26,49,28.5,24.37,31.44,33.94,7.29,2.73,0.23,0.0,0.0
9000008121,2025-08-26 10:00,0.980556,0,0,0,5,4,9,254,150,404,19,16,35,29.0,25.44,23.93,40.05,8.56,0.25,1.01,0.25,0.25
9000008121,2025-08-26 11:00,0.999444,2,2,4,21,7,28,282,178,460,35,29,64,29.0,24.35,23.26,40.22,10.0,1.96,0.22,0.0,0.0
9000008121,2025-08-26 12:00,0.99,0,9,9,14,6,20,263,185,448,26,25,52,29.5,23.65,21.85,41.89,10.81,1.35,0.23,0.0,0.23
9000008121,2025-08-26 13:00,0.999444,0,2,2,10,9,19,254,131,385,27,28,55,32.5,20.26,19.22,40.26,16.36,3.12,0.52,0.26,0.0
9000008121,2025-08-26 14:00,0.999722,0,0,0,6,7,13,281,124,405,15,15,30,32.0,22.96,16.54,40.49,15.56,3.21,1.23,0.0,0.0
9000008121,2025-08-26 15:00,0.999167,0,0,0,5,7,12,467,165,632,12,13,25,30.5,16.64,22.03,45.48,12.04,3.65,0.16,0.0,0.16
9000008121,2025-08-26 16:00,0.999444,0,0,0,5,4,9,350,224,574,18,22,40,30.0,26.48,20.21,38.33,12.54,2.09,0.35,0.0,0.0
9000008121,2025-08-26 17:00,0.999722,0,1,1,9,6,15,324,147,471,17,26,43,32.0,18.68,20.38,42.25,15.29,2.55,0.64,0.0,0.21
9000008121,2025-08-26 18:00,0.999444,2,8,10,28,12,40,176,147,323,7,15,22,29.5,21.36,26.32,38.7,11.15,1.55,0.93,0.0,0.0
9000008121,2025-08-26 19:00,0.999444,0,10,10,19,11,30,176,108,284,6,12,18,29.5,19.72,25.7,40.85,11.62,2.11,0.0,0.0,0.0
9000008121,2025-08-26 20:00,0.975833,0,0,0,5,0,5,25,18,42,1,1,2,29.0,14.63,29.27,46.34,4.88,2.44,0.0,0.0,0.0
9000008121,2025-08-26 21:00,0.989722,0,0,0,1,0,1,1,1,2,0,0,0,33.5,50.0,0.0,0.0,50.0,0.0,0.0,0.0,0.0
9000008121,2025-08-26 22:00,0.982222,0,0,0,0,0,0,1,0,1,0,0,0,14.0,0.0,100.0,0.0,0.0,0.0,0.0,0.0,0.0
9000008121,2025-08-26 23:00,0.981944,0,0,0,0,0,0,3,2,5,0,0,0,21.5,60.0,20.0,20.0,0.0,0.0,0.0,0.0,0.0
9000008121,2025-08-27 00:00,0.979722,0,0,0,1,1,2,0,2,2,0,1,1,83.5,50.0,0.0,0.0,0.0,0.0,0.0,0.0,50.0
9000008121,2025-08-27 01:00,0.951667,0,0,0,0,0,0,0,1,1,0,0,0,24.0,0.0,0.0,100.0,0.0,0.0,0.0,0.0,0.0
9000008121,2025-08-27 02:00,0.930833,0,0,0,0,0,0,0,0,0,0,0,0,,0.0,0.0,0.0,0.0,0.0,0.0,0.0,0.0
9000008121,2025-08-27 03:00,0.951667,0,0,0,0,0,0,0,0,0,0,0,0,,0.0,0.0,0.0,0.0,0.0,0.0,0.0,0.0
9000008121,2025-08-27 04:00,0.945278,0,0,0,0,0,0,1,0,1,0,0,0,9.0,100.0,0.0,0.0,0.0,0.0,0.0,0.0,0.0
9000008121,2025-08-27 05:00,0.963889,0,0,0,1,1,2,6,2,8,0,1,1,23.0,37.5,25.0,37.5,0.0,0.0,0.0,0.0,0.0
9000008121,2025-08-27 06:00,0.955278,0,0,0,2,3,5,86,43,129,9,10,20,32.0,20.33,19.51,41.46,15.45,2.44,0.81,0.0,0.81
9000008121,2025-08-27 07:00,0.976111,2,4,6,8,3,11,172,101,274,21,24,44,30.0,20.22,19.1,46.07,11.61,2.62,0.0,0.37,0.0
9000008121,2025-08-27 08:00,0.983333,3,13,16,13,21,34,267,184,451,30,30,60,30.0,10.16,30.93,44.7,11.51,2.26,0.45,0.0,0.23
9000008121,2025-08-27 09:00,0.999167,8,9,17,15,10,25,240,149,389,15,30,45,31.0,22.37,16.2,44.73,13.88,2.57,0.26,0.0,0.0
9000008121,2025-08-27 10:00,0.999722,4,8,12,14,21,35,255,180,435,23,29,52,29.5,18.85,25.29,42.3,11.26,2.3,0.0,0.0,0.0
9000008121,2025-08-27 11:00,0.983056,2,7,9,12,12,24,271,161,433,28,20,49,30.5,22.82,19.06,42.35,13.65,1.88,0.24,0.0,0.0
9000008121,2025-08-27 12:00,0.995556,0,2,2,6,13,19,250,171,421,39,27,66,31.0,22.43,21.96,38.9,12.65,2.63,1.19,0.0,0.24
9000008121,2025-08-27 13:00,0.999722,2,8,10,8,10,18,250,155,405,32,21,53,31.5,25.19,17.53,38.52,16.3,2.22,0.25,0.0,0.0
9000008121,2025-08-27 14:00,0.999444,2,0,2,16,8,24,318,169,487,26,17,43,33.5,20.53,14.99,39.43,19.51,3.9,0.82,0.62,0.21
9000008121,2025-08-27 15:00,0.999444,2,18,20,38,9,47,392,202,594,27,25,52,32.0,21.72,14.98,44.28,15.32,2.69,0.34,0.67,0.0
9000008121,2025-08-27 16:00,0.999444,2,15,17,33,15,48,321,193,514,17,22,39,29.5,22.76,20.82,44.16,10.31,1.56,0.19,0.19,0.0
9000008121,2025-08-27 17:00,0.999722,5,14,19,22,11,33,296,176,472,22,18,40,29.5,23.31,15.47,47.46,12.29,1.27,0.21,0.0,0.0
9000008121,2025-08-27 18:00,0.999444,7,9,16,17,15,32,280,164,444,12,16,28,30.5,18.24,23.65,41.67,14.86,1.58,0.0,0.0,0.0
9000008121,2025-08-27 19:00,0.999444,1,9,10,12,5,17,153,135,288,10,16,26,30.5,27.78,21.18,35.07,12.15,2.78,1.04,0.0,0.0
9000008121,2025-08-27 20:00,0.9875,0,0,0,7,2,9,29,26,55,1,1,2,28.5,16.67,38.89,35.19,3.7,3.7,1.85,1.85,0.0
9000008121,2025-08-27 21:00,0.999444,0,0,0,0,0,0,0,0,0,0,0,0,,0.0,0.0,0.0,0.0,0.0,0.0,0.0,0.0
9000008121,2025-08-27 22:00,0.996111,0,0,0,0,0,0,0,0,0,0,0,0,,0.0,0.0,0.0,0.0,0.0,0.0,0.0,0.0
9000008121,2025-08-27 23:00,0.981944,0,0,0,0,0,0,0,0,0,0,0,0,,0.0,0.0,0.0,0.0,0.0,0.0,0.0,0.0
9000008121,2025-08-28 00:00,0.996667,0,0,0,0,0,0,0,0,0,0,0,0,,0.0,0.0,0.0,0.0,0.0,0.0,0.0,0.0
9000008121,2025-08-28 01:00,0.985,0,0,0,0,0,0,0,0,0,0,0,0,,0.0,0.0,0.0,0.0,0.0,0.0,0.0,0.0
9000008121,2025-08-28 02:00,0.9725,0,0,0,0,0,0,1,0,1,0,0,0,9.0,100.0,0.0,0.0,0.0,0.0,0.0,0.0,0.0
9000008121,2025-08-28 03:00,0.999444,0,0,0,0,0,0,0,0,0,0,0,0,,0.0,0.0,0.0,0.0,0.0,0.0,0.0,0.0
9000008121,2025-08-28 04:00,0.994722,0,0,0,0,0,0,0,0,0,0,0,0,,0.0,0.0,0.0,0.0,0.0,0.0,0.0,0.0
9000008121,2025-08-28 05:00,0.994167,0,0,0,0,0,0,0,0,0,0,0,0,,0.0,0.0,0.0,0.0,0.0,0.0,0.0,0.0
9000008121,2025-08-28 06:00,0.955278,0,0,0,8,2,10,73,56,129,7,3,10,29.0,26.83,24.39,35.77,11.38,0.81,0.81,0.0,0.0
9000008121,2025-08-28 07:00,0.981944,1,0,1,20,3,23,186,152,338,20,15,36,27.5,27.11,25.3,39.46,6.02,2.11,0.0,0.0,0.0
9000008121,2025-08-28 08:00,0.999722,2,1,3,25,12,37,260,198,458,26,17,43,28.5,15.07,31.44,43.01,9.39,1.09,0.0,0.0,0.0
9000008121,2025-08-28 09:00,0.999167,1,1,2,16,4,20,261,147,408,19,22,41,29.5,14.95,27.94,45.1,10.05,1.96,0.0,0.0,0.0
9000008121,2025-08-28 10:00,0.976667,2,0,2,13,10,24,251,180,430,16,27,43,30.0,13.57,31.19,40.48,13.1,1.43,0.0,0.24,0.0
9000008121,2025-08-28 11:00,0.972778,0,0,0,10,8,18,176,106,282,11,14,25,29.0,18.91,19.27,50.91,9.82,0.73,0.0,0.0,0.0
9000008121,2025-08-28 12:00,0.989722,0,0,0,13,2,15,254,139,393,25,11,36,29.0,22.88,22.11,44.99,8.74,0.77,0.0,0.0,0.26
9000008121,2025-08-28 13:00,0.997778,0,0,0,14,9,23,290,168,458,19,25,44,30.5,21.01,16.63,46.17,14.88,1.31,0.0,0.0,0.0
9000008121,2025-08-28 14:00,0.970556,2,2,4,30,4,34,356,200,556,33,27,60,29.5,17.96,21.67,48.7,10.74,0.56,0.0,0.19,0.0
9000008121,2025-08-28 15:00,0.999444,0,1,1,22,4,26,391,214,605,27,23,50,29.5,19.34,19.17,48.93,11.4,0.83,0.17,0.0,0.17
9000008121,2025-08-28 16:00,0.999444,1,1,2,26,7,33,416,247,663,22,21,43,29.0,20.97,21.87,46.0,10.26,0.9,0.0,0.0,0.0
9000008121,2025-08-28 17:00,0.985833,1,2,3,12,10,22,346,192,538,19,24,43,29.5,13.77,24.15,48.3,12.45,0.94,0.19,0.0,0.0
9000008121,2025-08-28 18:00,0.991389,0,0,0,17,2,19,281,156,437,14,9,23,29.5,13.86,25.87,46.88,12.47,0.92,0.23,0.0,0.0
9000008121,2025-08-28 19:00,0.9875,3,1,4,11,2,13,180,139,319,13,11,24,29.0,10.79,29.21,48.89,9.84,0.95,0.32,0.0,0.0
9000008121,2025-08-28 20:00,0.983889,0,0,0,0,0,0,11,3,14,2,0,2,41.5,7.14,28.57,35.71,7.14,21.43,0.0,0.0,0.0
9000008121,2025-08-28 21:00,0.981667,0,0,0,1,3,4,1,3,4,0,0,0,82.0,25.0,25.0,0.0,25.0,0.0,0.0,0.0,25.0
9000008121,2025-08-28 22:00,0.964722,0,0,0,0,1,1,3,2,5,0,0,0,106.0,40.0,20.0,20.0,0.0,0.0,0.0,0.0,20.0
9000008121,2025-08-28 23:00,0.96,0,0,0,0,0,0,1,1,2,0,0,0,38.5,50.0,0.0,0.0,50.0,0.0,0.0,0.0,0.0
9000008121,2025-08-29 00:00,0.959167,0,0,0,0,0,0,0,0,0,0,0,0,,0.0,0.0,0.0,0.0,0.0,0.0,0.0,0.0
9000008121,2025-08-29 01:00,0.979444,0,0,0,0,0,0,0,0,0,0,0,0,,0.0,0.0,0.0,0.0,0.0,0.0,0.0,0.0
9000008121,2025-08-29 02:00,0.995833,0,0,0,0,0,0,0,0,0,0,0,0,,0.0,0.0,0.0,0.0,0.0,0.0,0.0,0.0
9000008121,2025-08-29 03:00,0.999444,0,0,0,0,0,0,3,0,3,0,0,0,48.0,0.0,33.33,33.33,0.0,33.33,0.0,0.0,0.0
9000008121,2025-08-29 04:00,0.981389,0,0,0,0,0,0,0,0,0,0,0,0,,0.0,0.0,0.0,0.0,0.0,0.0,0.0,0.0
9000008121,2025-08-29 05:00,0.930833,0,0,0,0,0,0,3,2,6,0,0,0,28.0,33.33,16.67,33.33,0.0,0.0,0.0,0.0,0.0
9000008121,2025-08-29 06:00,0.966944,0,0,0,3,4,7,75,44,118,9,7,17,32.5,15.79,27.19,37.72,14.04,1.75,0.0,1.75,0.88
9000008121,2025-08-29 07:00,0.979444,1,0,1,9,3,12,143,87,230,17,22,40,31.0,16.37,23.45,43.36,12.83,3.54,0.44,0.0,0.0
9000008121,2025-08-29 08:00,0.977222,0,2,2,17,3,20,244,143,387,28,28,56,30.5,14.51,24.54,44.33,13.98,2.37,0.0,0.0,0.0
9000008121,2025-08-29 09:00,0.981667,2,3,5,14,10,24,252,160,412,15,28,44,29.5,12.84,30.62,43.95,11.6,0.74,0.0,0.0,0.0
9000008121,2025-08-29 10:00,0.989444,0,1,1,9,3,12,287,160,447,20,24,44,29.5,18.78,21.27,47.06,11.54,0.9,0.23,0.23,0.0
9000008121,2025-08-29 11:00,0.999167,0,1,1,18,3,21,335,169,504,15,33,48,29.0,17.46,19.84,51.39,10.32,0.79,0.2,0.0,0.0
9000008121,2025-08-29 12:00,0.978889,0,0,0,7,5,12,338,256,594,27,17,44,30.0,21.17,21.17,42.86,11.88,2.24,0.34,0.34,0.17
9000008121,2025-08-29 13:00,0.999167,1,0,1,14,10,24,382,205,587,30,27,57,32.5,18.91,17.89,41.57,18.06,3.24,0.17,0.17,0.0
9000008121,2025-08-29 14:00,0.999444,1,0,1,27,10,37,382,210,592,29,34,63,31.0,19.26,18.24,44.76,16.22,1.18,0.17,0.17,0.0
9000008121,2025-08-29 15:00,0.999444,1,3,4,23,9,32,370,212,582,19,24,43,30.0,23.02,16.49,45.53,13.4,1.2,0.0,0.34,0.0
9000008121,2025-08-29 16:00,0.999444,2,1,3,32,12,44,340,205,545,22,20,42,30.0,20.55,19.82,45.5,12.66,1.47,0.0,0.0,0.0
9000008121,2025-08-29 17:00,0.990556,2,6,8,13,6,19,255,182,437,13,12,25,30.0,22.4,19.17,42.96,12.93,2.31,0.23,0.0,0.0
9000008121,2025-08-29 18:00,0.991667,0,7,7,12,11,23,243,163,407,12,16,28,29.5,21.59,23.33,41.44,11.17,1.99,0.25,0.5,0.0
9000008121,2025-08-29 19:00,0.999444,2,1,3,13,6,19,165,111,276,10,10,20,30.5,17.03,24.28,42.75,14.13,1.45,0.36,0.0,0.0
9000008121,2025-08-29 20:00,0.9675,0,0,0,0,2,2,14,10,25,1,1,2,29.0,16.67,20.83,50.0,4.17,4.17,0.0,4.17,0.0
9000008121,2025-08-29 21:00,0.978611,0,0,0,2,1,3,1,2,3,0,0,0,42.5,33.33,33.33,0.0,0.0,33.33,0.0,0.0,0.0
9000008121,2025-08-29 22:00,0.960278,0,0,0,0,1,1,0,2,2,0,0,0,23.5,0.0,50.0,50.0,0.0,0.0,0.0,0.0,0.0
9000008121,2025-08-29 23:00,0.980278,0,0,0,0,0,0,0,1,1,0,0,0,9.0,100.0,0.0,0.0,0.0,0.0,0.0,0.0,0.0
9000008121,2025-08-30 00:00,0.961667,0,0,0,2,0,2,0,5,5,0,0,0,17.0,80.0,20.0,0.0,0.0,0.0,0.0,0.0,0.0
9000008121,2025-08-30 01:00,0.9775,0,0,0,0,0,0,3,1,4,0,0,0,12.0,75.0,25.0,0.0,0.0,0.0,0.0,0.0,0.0
9000008121,2025-08-30 02:00,0.987778,0,0,0,0,0,0,0,0,0,0,0,0,,0.0,0.0,0.0,0.0,0.0,0.0,0.0,0.0
9000008121,2025-08-30 03:00,0.963056,0,0,0,0,0,0,0,1,1,0,0,0,4.0,100.0,0.0,0.0,0.0,0.0,0.0,0.0,0.0
9000008121,2025-08-30 04:00,0.945833,0,0,0,0,0,0,0,0,0,0,0,0,,0.0,0.0,0.0,0.0,0.0,0.0,0.0,0.0
9000008121,2025-08-30 05:00,0.943889,0,0,0,1,1,2,0,1,1,0,0,0,24.0,0.0,0.0,100.0,0.0,0.0,0.0,0.0,0.0
9000008121,2025-08-30 06:00,0.937778,0,0,0,2,1,3,20,25,45,4,4,8,29.5,35.71,21.43,30.95,11.9,2.38,0.0,0.0,0.0
9000008121,2025-08-30 07:00,0.988611,0,0,0,4,0,4,57,19,76,4,5,9,31.0,18.67,17.33,46.67,17.33,0.0,0.0,0.0,0.0
9000008121,2025-08-30 08:00,0.999444,0,1,1,6,3,9,84,55,139,5,13,18,30.0,27.34,14.39,43.88,12.23,2.16,0.0,0.0,0.0
9000008121,2025-08-30 09:00,0.986111,3,3,6,11,2,13,190,100,290,7,13,20,30.0,22.03,14.69,48.25,12.59,1.75,1.05,0.0,0.0
9000008121,2025-08-30 10:00,0.969722,5,9,15,15,5,20,202,117,320,11,11,23,30.0,25.81,20.65,39.03,12.9,1.61,0.0,0.0,0.0
9000008121,2025-08-30 11:00,0.991944,5,15,20,16,18,34,242,155,397,19,15,34,30.5,27.92,13.96,42.64,12.44,2.03,1.02,0.0,0.0
9000008121,2025-08-30 12:00,0.999444,3,13,16,4,9,13,227,183,410,27,31,58,31.0,20.73,23.66,38.78,12.68,2.68,1.22,0.0,0.24
9000008121,2025-08-30 13:00,0.999167,4,9,13,4,9,13,230,198,428,17,41,58,30.5,26.17,18.69,39.25,13.08,2.34,0.47,0.0,0.0
9000008121,2025-08-30 14:00,0.999444,5,9,14,34,15,49,272,188,460,19,14,33,31.5,28.7,14.78,37.83,15.43,2.61,0.65,0.0,0.0
9000008121,2025-08-30 15:00,0.999444,4,11,15,22,8,30,249,174,423,13,15,28,29.5,28.37,19.62,39.48,10.64,1.65,0.24,0.0,0.0
9000008121,2025-08-30 16:00,0.999722,0,12,12,9,8,17,243,190,433,15,15,30,31.0,30.72,14.55,38.11,14.09,1.15,1.39,0.0,0.0
9000008121,2025-08-30 17:00,0.999167,2,20,22,11,6,17,222,149,371,13,12,25,32.0,25.07,17.79,38.27,15.36,2.7,0.54,0.0,0.27
9000008121,2025-08-30 18:00,0.999444,4,8,12,14,14,28,168,149,317,5,10,15,30.0,27.13,28.39,29.65,11.99,2.52,0.32,0.0,0.0
9000008121,2025-08-30 19:00,0.985278,0,3,3,7,10,17,138,132,270,7,7,14,31.5,18.42,27.07,36.47,15.79,1.88,0.0,0.38,0.0
9000008121,2025-08-30 20:00,0.972222,0,0,0,1,0,1,6,2,8,0,0,0,34.5,12.5,37.5,12.5,37.5,0.0,0.0,0.0,0.0
9000008121,2025-08-30 21:00,0.999167,0,0,0,0,0,0,0,0,0,0,0,0,,0.0,0.0,0.0,0.0,0.0,0.0,0.0,0.0
9000008121,2025-08-30 22:00,0.962222,0,0,0,0,0,0,0,1,1,0,1,1,4.0,100.0,0.0,0.0,0.0,0.0,0.0,0.0,0.0
9000008121,2025-08-30 23:00,0.977778,0,0,0,0,0,0,5,1,6,0,0,0,55.5,33.33,16.67,16.67,16.67,0.0,16.67,0.0,0.0
9000008121,2025-08-31 00:00,0.980278,0,0,0,0,0,0,1,1,2,0,0,0,4.0,100.0,0.0,0.0,0.0,0.0,0.0,0.0,0.0
9000008121,2025-08-31 01:00,0.989444,0,0,0,0,0,0,0,0,0,0,0,0,,0.0,0.0,0.0,0.0,0.0,0.0,0.0,0.0
9000008121,2025-08-31 02:00,0.912778,0,0,0,1,0,1,0,0,0,0,0,0,,0.0,0.0,0.0,0.0,0.0,0.0,0.0,0.0
9000008121,2025-08-31 03:00,0.956389,0,0,0,0,0,0,2,0,2,0,0,0,28.5,50.0,0.0,50.0,0.0,0.0,0.0,0.0,0.0
9000008121,2025-08-31 04:00,0.932222,0,0,0,0,0,0,0,0,0,0,0,0,,0.0,0.0,0.0,0.0,0.0,0.0,0.0,0.0
9000008121,2025-08-31 05:00,0.900833,0,0,0,0,0,0,1,0,1,0,0,0,34.0,0.0,0.0,0.0,100.0,0.0,0.0,0.0,0.0
9000008121,2025-08-31 06:00,0.963056,0,0,0,1,0,1,17,17,34,1,3,4,30.0,33.33,9.09,42.42,15.15,0.0,0.0,0.0,0.0
9000008121,2025-08-31 07:00,0.9725,2,2,4,3,0,3,47,22,69,4,2,6,32.5,23.88,19.4,37.31,17.91,1.49,0.0,0.0,0.0
9000008121,2025-08-31 08:00,0.981944,0,5,5,2,2,4,62,48,109,6,4,10,28.5,44.86,13.08,30.84,9.35,1.87,0.0,0.0,0.93
9000008121,2025-08-31 09:00,0.993889,0,1,1,4,0,4,130,64,193,5,3,8,30.0,33.85,19.27,31.77,13.02,0.0,1.04,0.52,0.52
9000008121,2025-08-31 10:00,0.989167,1,8,9,2,1,3,146,83,229,5,5,10,31.0,26.87,26.87,29.96,13.22,2.2,0.88,0.0,0.0
9000008121,2025-08-31 11:00,0.990833,1,9,10,2,7,9,128,115,243,47,7,54,31.0,27.39,26.97,29.46,12.03,2.9,0.41,0.41,0.41
9000008121,2025-08-31 12:00,0.999444,0,1,1,2,6,8,162,116,278,22,10,32,33.0,19.06,20.86,37.77,20.14,1.44,0.72,0.0,0.0
9000008121,2025-08-31 13:00,0.999444,1,0,1,9,10,19,162,118,280,16,40,56,32.5,17.14,17.14,42.14,20.36,2.86,0.36,0.0,0.0
9000008121,2025-08-31 14:00,0.999444,5,6,11,16,11,27,192,122,314,4,7,11,30.5,26.11,17.2,40.76,14.01,1.91,0.0,0.0,0.0
9000008121,2025-08-31 15:00,0.999444,1,11,12,5,8,13,160,103,263,6,7,13,29.0,27.38,16.35,44.87,8.37,2.66,0.38,0.0,0.0
9000008121,2025-08-31 16:00,0.999444,3,15,18,12,2,14,188,115,303,7,7,14,30.5,27.72,13.53,42.24,14.85,0.99,0.33,0.33,0.0
9000008121,2025-08-31 17:00,0.999444,0,2,2,7,4,11,155,117,272,4,12,16,29.0,25.37,19.85,43.75,8.82,1.84,0.37,0.0,0.0
9000008121,2025-08-31 18:00,0.999444,3,13,16,19,14,33,182,124,306,7,8,15,30.0,27.78,22.55,35.29,11.76,2.29,0.33,0.0,0.0
9000008121,2025-08-31 19:00,0.999444,3,8,11,21,6,27,147,101,248,5,7,12,30.0,29.44,13.31,42.34,12.9,2.02,0.0,0.0,0.0
9000008121,2025-08-31 20:00,0.990556,1,0,1,2,0,2,14,11,25,0,2,2,30.5,16.0,28.0,40.0,16.0,0.0,0.0,0.0,0.0
9000008121,2025-08-31 21:00,0.972222,0,0,0,1,1,2,3,3,6,0,0,0,45.5,16.67,33.33,0.0,33.33,16.67,0.0,0.0,0.0
9000008121,2025-08-31 22:00,0.974444,0,0,0,2,0,2,1,1,2,0,0,0,43.5,50.0,0.0,0.0,0.0,50.0,0.0,0.0,0.0
9000008121,2025-08-31 23:00,0.9775,0,0,0,1,0,1,1,0,1,0,0,0,24.0,0.0,0.0,100.0,0.0,0.0,0.0,0.0,0.0
9000008121,2025-09-01 00:00,0.961667,0,0,0,0,2,2,0,1,1,0,0,0,4.0,100.0,0.0,0.0,0.0,0.0,0.0,0.0,0.0
9000008121,2025-09-01 01:00,0.975278,0,0,0,0,1,1,1,1,2,0,0,0,58.5,0.0,50.0,0.0,0.0,0.0,50.0,0.0,0.0
9000008121,2025-09-01 02:00,0.976944,0,0,0,0,0,0,0,2,2,0,0,0,23.5,0.0,50.0,50.0,0.0,0.0,0.0,0.0,0.0
9000008121,2025-09-01 03:00,0.983056,0,0,0,0,0,0,0,0,0,0,0,0,,0.0,0.0,0.0,0.0,0.0,0.0,0.0,0.0
9000008121,2025-09-01 04:00,0.987778,0,0,0,0,0,0,1,0,1,0,0,0,9.0,100.0,0.0,0.0,0.0,0.0,0.0,0.0,0.0
9000008121,2025-09-01 05:00,0.945,0,0,0,0,0,0,0,1,1,0,0,0,4.0,100.0,0.0,0.0,0.0,0.0,0.0,0.0,0.0
9000008121,2025-09-01 06:00,0.989444,0,1,1,3,1,4,81,61,142,14,12,26,29.5,27.66,22.7,36.88,12.06,0.71,0.71,0.0,0.0
9000008121,2025-09-01 07:00,0.999167,3,5,8,9,4,13,188,138,326,15,18,33,29.5,30.98,19.63,36.2,11.35,1.53,0.31,0.0,0.0
9000008121,2025-09-01 08:00,0.999722,8,6,14,9,4,13,308,204,512,20,27,47,28.5,33.4,22.07,34.77,7.81,1.37,0.2,0.2,0.2
9000008121,2025-09-01 09:00,0.992778,3,5,8,10,2,12,287,168,455,22,14,36,29.5,21.9,27.88,37.39,10.4,1.33,0.66,0.22,0.22
9000008121,2025-09-01 10:00,0.995556,1,9,10,4,3,7,276,142,418,25,21,46,29.0,16.59,30.29,40.87,9.62,1.92,0.48,0.0,0.24
9000008121,2025-09-01 11:00,0.999167,3,14,17,11,3,14,264,229,493,36,28,64,33.5,22.11,25.35,32.45,13.79,3.85,1.83,0.41,0.2
9000008121,2025-09-01 12:00,0.999444,0,18,18,13,9,22,260,193,453,32,50,82,32.0,26.49,17.0,37.09,16.56,1.77,0.88,0.0,0.22
9000008121,2025-09-01 13:00,0.999444,0,11,11,7,16,23,232,143,375,22,42,64,32.5,17.6,20.8,39.73,18.13,3.2,0.53,0.0,0.0
9000008121,2025-09-01 14:00,0.999444,2,2,4,13,12,25,331,171,502,21,40,61,31.0,18.53,23.31,41.43,13.55,2.79,0.0,0.2,0.2
9000008121,2025-09-01 15:00,0.999444,8,20,28,22,19,41,452,224,676,31,41,72,33.0,20.41,14.94,40.83,20.12,2.96,0.59,0.15,0.0
9000008121,2025-09-01 16:00,0.999444,8,21,29,35,13,48,446,246,692,23,52,75,30.0,23.99,20.81,40.9,11.71,2.31,0.0,0.0,0.29
9000008121,2025-09-01 17:00,0.999444,9,47,56,35,23,58,330,198,528,14,17,31,31.0,26.52,15.91,40.15,13.64,2.84,0.95,0.0,0.0
9000008121,2025-09-01 18:00,0.999444,4,17,21,31,12,43,275,182,457,15,21,36,30.0,23.63,19.69,42.67,11.82,1.75,0.44,0.0,0.0
9000008121,2025-09-01 19:00,0.988056,9,16,25,18,4,22,147,139,286,8,11,19,29.5,30.5,21.28,35.82,10.99,1.06,0.71,0.0,0.0
9000008121,2025-09-01 20:00,0.999444,0,0,0,0,0,0,3,1,4,0,0,0,28.5,25.0,25.0,50.0,0.0,0.0,0.0,0.0,0.0
9000008121,2025-09-01 21:00,0.999167,0,0,0,0,0,0,1,0,1,0,0,0,19.0,0.0,100.0,0.0,0.0,0.0,0.0,0.0,0.0
9000008121,2025-09-01 22:00,0.989444,0,0,0,0,0,0,1,0,1,0,0,0,9.0,100.0,0.0,0.0,0.0,0.0,0.0,0.0,0.0
9000008121,2025-09-01 23:00,0.950833,0,0,0,0,0,0,1,1,2,0,0,0,23.5,0.0,50.0,50.0,0.0,0.0,0.0,0.0,0.0
9000008121,2025-09-02 00:00,0.985,0,0,0,0,0,0,2,0,2,0,0,0,43.5,0.0,50.0,0.0,0.0,50.0,0.0,0.0,0.0
9000008121,2025-09-02 01:00,0.946111,0,0,0,0,0,0,0,0,0,0,0,0,,0.0,0.0,0.0,0.0,0.0,0.0,0.0,0.0
9000008121,2025-09-02 02:00,0.971944,0,0,0,0,0,0,0,0,0,0,0,0,,0.0,0.0,0.0,0.0,0.0,0.0,0.0,0.0
9000008121,2025-09-02 03:00,0.935278,0,0,0,0,0,0,0,0,0,0,0,0,,0.0,0.0,0.0,0.0,0.0,0.0,0.0,0.0
9000008121,2025-09-02 04:00,0.955278,0,0,0,0,0,0,1,0,1,0,0,0,19.0,0.0,100.0,0.0,0.0,0.0,0.0,0.0,0.0
9000008121,2025-09-02 05:00,0.958333,0,0,0,2,1,3,1,1,2,0,0,0,38.5,50.0,0.0,0.0,50.0,0.0,0.0,0.0,0.0
9000008121,2025-09-02 06:00,0.99,0,0,0,6,0,6,59,36,95,3,5,8,30.0,23.4,21.28,39.36,12.77,1.06,0.0,1.06,0.0
9000008121,2025-09-02 07:00,0.959167,1,0,1,21,7,28,220,189,409,12,32,45,30.5,27.74,20.87,35.62,15.01,1.02,0.0,0.0,0.0
9000008121,2025-09-02 08:00,0.994444,1,0,1,19,8,27,286,212,498,24,39,63,30.0,22.78,23.99,38.1,13.31,1.61,0.0,0.2,0.0
9000008121,2025-09-02 09:00,0.991944,2,3,5,7,3,10,274,182,456,21,38,59,30.5,19.03,25.22,39.38,13.94,1.77,0.66,0.0,0.0
9000008121,2025-09-02 10:00,0.962778,0,0,0,5,0,5,254,129,382,21,16,36,30.5,16.03,19.84,48.64,12.77,2.17,0.54,0.0,0.0
9000008121,2025-09-02 11:00,0.999444,0,2,2,6,4,10,296,133,429,20,30,50,31.0,18.18,16.55,47.79,15.38,1.63,0.47,0.0,0.0
9000008121,2025-09-02 12:00,0.999444,2,5,7,13,6,19,306,197,503,23,24,47,32.0,25.05,15.31,40.76,15.9,2.19,0.6,0.2,0.0
9000008121,2025-09-02 13:00,0.9825,6,5,11,13,9,23,297,195,493,26,35,61,30.0,21.69,21.49,41.94,12.19,1.65,0.62,0.41,0.0
9000008121,2025-09-02 14:00,0.999444,0,2,2,28,5,33,410,211,621,33,43,76,32.5,21.74,15.46,41.06,20.13,1.13,0.32,0.16,0.0
9000008121,2025-09-02 15:00,0.999444,3,10,13,35,2,37,473,239,712,29,75,104,30.0,21.21,19.8,44.8,12.36,1.69,0.14,0.0,0.0
9000008121,2025-09-02 16:00,0.999444,2,15,17,21,16,37,470,227,697,23,54,77,30.5,14.63,22.81,46.77,13.49,2.01,0.29,0.0,0.0
9000008121,2025-09-02 17:00,0.999444,9,14,23,19,7,26,365,240,605,23,20,43,30.0,25.95,19.34,40.5,12.73,1.16,0.17,0.17,0.0
9000008121,2025-09-02 18:00,0.999444,3,10,13,25,13,38,259,206,465,9,13,22,30.5,29.46,18.71,35.7,13.55,1.72,0.65,0.0,0.22
9000008121,2025-09-02 19:00,0.969722,0,0,0,15,6,22,122,119,242,6,5,11,29.0,29.91,22.65,35.04,9.4,2.56,0.0,0.0,0.0
9000008121,2025-09-02 20:00,0.9575,1,0,1,0,0,0,2,4,6,0,0,0,20.0,50.0,33.33,16.67,0.0,0.0,0.0,0.0,0.0
9000008121,2025-09-02 21:00,0.949444,0,0,0,0,1,1,3,1,4,0,0,0,27.0,25.0,25.0,50.0,0.0,0.0,0.0,0.0,0.0
9000008121,2025-09-02 22:00,0.955,0,0,0,0,0,0,2,0,2,0,0,0,13.5,50.0,50.0,0.0,0.0,0.0,0.0,0.0,0.0
9000008121,2025-09-02 23:00,0.966944,0,0,0,0,0,0,5,1,6,0,0,0,25.5,50.0,16.67,33.33,0.0,0.0,0.0,0.0,0.0
9000008121,2025-09-03 00:00,0.976389,0,0,0,0,0,0,0,1,1,0,0,0,39.0,0.0,0.0,0.0,100.0,0.0,0.0,0.0,0.0
9000008121,2025-09-03 01:00,0.968889,0,0,0,0,0,0,1,0,1,0,0,0,19.0,0.0,100.0,0.0,0.0,0.0,0.0,0.0,0.0
9000008121,2025-09-03 02:00,0.940278,0,0,0,1,0,1,2,3,5,0,0,0,23.0,40.0,20.0,40.0,0.0,0.0,0.0,0.0,0.0
9000008121,2025-09-03 03:00,0.97,0,0,0,0,0,0,1,0,1,0,0,0,19.0,0.0,100.0,0.0,0.0,0.0,0.0,0.0,0.0
9000008121,2025-09-03 04:00,0.964722,0,0,0,0,0,0,2,1,3,0,0,0,68.0,66.67,0.0,0.0,0.0,0.0,0.0,33.33,0.0
9000008121,2025-09-03 05:00,0.946111,0,0,0,0,1,1,3,1,4,0,0,0,32.0,50.0,0.0,25.0,25.0,0.0,0.0,0.0,0.0
9000008121,2025-09-03 06:00,0.917778,0,0,0,7,4,12,84,80,164,3,11,14,29.5,25.17,26.49,34.44,12.58,1.99,0.0,0.0,0.0
9000008121,2025-09-03 07:00,0.979444,4,1,5,8,4,12,185,168,353,16,29,45,29.0,32.08,22.54,33.53,8.67,2.31,0.58,0.0,0.29
9000008121,2025-09-03 08:00,0.999722,1,1,2,5,5,10,320,215,535,22,25,47,29.0,23.36,29.53,34.95,10.28,1.68,0.0,0.0,0.19
9000008121,2025-09-03 09:00,0.999167,1,4,5,10,8,18,316,200,516,17,13,30,28.5,25.0,26.94,37.98,8.33,0.97,0.39,0.39,0.0
9000008121,2025-09-03 10:00,0.999444,6,8,14,6,3,9,227,164,391,20,13,33,28.5,25.58,26.34,37.34,8.7,1.02,0.51,0.26,0.26
9000008121,2025-09-03 11:00,0.988056,1,1,2,1,8,9,195,176,371,55,25,80,32.0,32.97,20.71,28.61,11.44,4.09,1.09,0.0,1.09
9000008121,2025-09-03 12:00,0.999444,0,3,3,5,7,12,260,176,436,47,26,73,31.5,28.44,15.6,38.07,15.83,1.83,0.23,0.0,0.0
9000008121,2025-09-03 13:00,0.999444,1,6,7,12,26,38,332,196,528,30,47,77,32.0,16.86,22.73,41.29,15.15,2.84,0.76,0.38,0.0
9000008121,2025-09-03 14:00,0.999722,2,11,13,22,18,40,422,198,620,29,32,61,30.5,20.16,17.1,47.26,13.55,1.77,0.0,0.16,0.0
9000008121,2025-09-03 15:00,0.999444,5,16,21,44,24,68,525,245,770,43,26,69,31.0,18.83,17.01,47.4,14.68,1.56,0.39,0.13,0.0
9000008121,2025-09-03 16:00,0.999444,2,11,13,26,28,54,432,248,680,27,23,50,30.5,18.82,26.18,38.97,13.82,1.91,0.0,0.29,0.0
9000008121,2025-09-03 17:00,0.999167,4,6,10,10,21,31,354,208,562,19,17,36,30.5,23.67,24.2,36.3,13.7,1.6,0.36,0.0,0.18
9000008121,2025-09-03 18:00,0.999444,7,19,26,13,17,30,306,195,501,12,18,30,30.5,26.95,20.16,37.33,13.57,1.2,0.6,0.2,0.0
9000008121,2025-09-03 19:00,0.999722,4,6,10,19,6,25,183,142,325,9,10,19,28.5,18.46,31.08,41.54,8.0,0.92,0.0,0.0,0.0
9000008121,2025-09-03 20:00,0.988889,0,0,0,0,0,0,2,5,7,0,0,0,30.0,14.29,57.14,14.29,14.29,0.0,0.0,0.0,0.0
9000008121,2025-09-03 21:00,0.963056,0,0,0,0,0,0,2,1,3,0,0,0,37.5,33.33,0.0,0.0,66.67,0.0,0.0,0.0,0.0
9000008121,2025-09-03 22:00,0.993889,0,0,0,1,0,1,2,1,3,0,0,0,43.0,33.33,0.0,0.0,33.33,33.33,0.0,0.0,0.0
9000008121,2025-09-03 23:00,0.988889,0,0,0,0,0,0,0,0,0,0,0,0,,0.0,0.0,0.0,0.0,0.0,0.0,0.0,0.0
9000008121,2025-09-04 00:00,0.971944,0,0,0,1,0,1,0,0,0,0,0,0,,0.0,0.0,0.0,0.0,0.0,0.0,0.0,0.0
9000008121,2025-09-04 01:00,0.955833,0,0,0,0,0,0,0,1,1,0,0,0,14.0,0.0,100.0,0.0,0.0,0.0,0.0,0.0,0.0
9000008121,2025-09-04 02:00,0.957778,0,0,0,0,0,0,0,0,0,0,0,0,,0.0,0.0,0.0,0.0,0.0,0.0,0.0,0.0
9000008121,2025-09-04 03:00,0.949722,0,0,0,0,0,0,0,0,0,0,0,0,,0.0,0.0,0.0,0.0,0.0,0.0,0.0,0.0
9000008121,2025-09-04 04:00,0.956389,0,0,0,0,0,0,3,0,3,0,0,0,63.0,33.33,0.0,0.0,0.0,33.33,0.0,33.33,0.0
9000008121,2025-09-04 05:00,0.971389,0,0,0,0,0,0,2,0,2,0,0,0,38.5,50.0,0.0,0.0,50.0,0.0,0.0,0.0,0.0
9000008121,2025-09-04 06:00,0.985833,1,1,2,5,4,9,102,82,184,7,13,20,27.5,30.22,21.98,39.01,7.14,1.1,0.0,0.0,0.55
9000008121,2025-09-04 07:00,0.984167,2,2,4,5,3,8,195,154,349,18,25,44,29.5,28.49,19.77,38.37,11.63,1.45,0.29,0.29,0.0
9000008121,2025-09-04 08:00,0.982778,5,7,12,10,3,13,301,222,522,21,17,39,28.5,32.16,25.34,31.38,8.19,2.14,0.39,0.0,0.19
9000008121,2025-09-04 09:00,0.972222,4,3,7,15,2,17,295,209,503,29,23,53,29.0,27.4,23.31,37.63,10.22,1.02,0.41,0.0,0.2
9000008121,2025-09-04 10:00,0.999444,5,8,13,13,15,28,270,166,436,25,29,54,30.5,21.79,21.56,40.6,14.68,0.92,0.46,0.0,0.0
9000008121,2025-09-04 11:00,0.999444,1,10,11,11,13,24,198,193,391,30,37,67,30.5,33.5,19.18,31.71,13.3,1.79,0.26,0.0,0.26
9000008121,2025-09-04 12:00,0.999444,2,6,8,7,12,19,255,193,448,42,40,82,31.5,27.46,17.86,35.94,15.85,2.46,0.22,0.0,0.22
9000008121,2025-09-04 13:00,0.999444,2,3,5,4,25,29,304,198,502,38,54,92,31.5,16.73,22.91,42.03,13.94,3.98,0.4,0.0,0.0
9000008121,2025-09-04 14:00,0.999444,4,10,14,14,30,44,354,211,565,23,42,65,32.5,19.47,21.59,38.05,17.7,2.48,0.71,0.0,0.0
9000008121,2025-09-04 15:00,0.999444,4,23,27,30,18,48,499,256,755,28,42,70,30.5,23.18,19.74,41.32,12.72,1.99,0.66,0.26,0.13
9000008121,2025-09-04 16:00,0.999444,1,17,18,35,11,46,458,248,706,29,44,73,30.5,21.67,20.25,41.78,12.61,2.55,0.57,0.28,0.28
9000008121,2025-09-04 17:00,0.999722,3,22,25,20,17,37,332,206,538,20,29,49,30.0,21.56,22.3,41.82,11.52,2.42,0.37,0.0,0.0
9000008121,2025-09-04 18:00,0.999444,2,24,26,17,10,27,284,167,451,15,19,34,31.0,23.28,18.85,40.8,14.41,2.22,0.44,0.0,0.0
9000008121,2025-09-04 19:00,0.999444,0,6,6,15,8,23,160,122,282,8,9,17,31.0,20.57,25.18,37.94,13.48,2.48,0.35,0.0,0.0
9000008121,2025-09-04 20:00,0.999444,0,0,0,0,0,0,8,2,10,0,0,0,18.0,20.0,80.0,0.0,0.0,0.0,0.0,0.0,0.0
9000008121,2025-09-04 21:00,0.999444,0,0,0,1,0,1,1,1,2,0,0,0,13.5,50.0,50.0,0.0,0.0,0.0,0.0,0.0,0.0
9000008121,2025-09-04 22:00,0.985,0,0,0,0,0,0,0,4,4,0,1,1,17.0,75.0,25.0,0.0,0.0,0.0,0.0,0.0,0.0
9000008121,2025-09-04 23:00,0.999722,0,0,0,0,0,0,0,0,0,0,0,0,,0.0,0.0,0.0,0.0,0.0,0.0,0.0,0.0
9000008121,2025-09-05 00:00,0.986389,0,0,0,0,0,0,1,0,1,0,0,0,39.0,0.0,0.0,0.0,100.0,0.0,0.0,0.0,0.0
9000008121,2025-09-05 01:00,0.988333,0,0,0,0,0,0,0,0,0,0,0,0,,0.0,0.0,0.0,0.0,0.0,0.0,0.0,0.0
9000008121,2025-09-05 02:00,0.966667,0,0,0,0,0,0,1,1,2,0,0,0,18.5,0.0,100.0,0.0,0.0,0.0,0.0,0.0,0.0
9000008121,2025-09-05 03:00,0.999444,0,0,0,0,0,0,0,0,0,0,0,0,,0.0,0.0,0.0,0.0,0.0,0.0,0.0,0.0
9000008121,2025-09-05 04:00,0.974167,0,0,0,0,0,0,0,0,0,0,0,0,,0.0,0.0,0.0,0.0,0.0,0.0,0.0,0.0
9000008121,2025-09-05 05:00,0.9375,0,0,0,1,0,1,3,1,4,0,0,0,38.5,0.0,50.0,0.0,50.0,0.0,0.0,0.0,0.0
9000008121,2025-09-05 06:00,0.975278,0,0,0,3,5,8,46,49,94,5,15,20,25.0,15.22,40.22,36.96,7.61,0.0,0.0,0.0,0.0
9000008121,2025-09-05 07:00,0.968333,0,3,3,11,3,14,141,119,260,17,25,41,29.5,26.19,25.0,35.71,11.11,1.98,0.0,0.0,0.0
9000008121,2025-09-05 08:00,0.973333,0,0,0,13,2,15,235,196,431,17,21,39,29.0,25.71,25.0,37.14,10.95,1.19,0.0,0.0,0.0
9000008121,2025-09-05 09:00,0.995,1,0,1,15,0,15,267,192,459,20,27,47,29.5,23.63,21.66,40.7,12.25,1.53,0.22,0.0,0.0
9000008121,2025-09-05 10:00,0.983333,0,0,0,20,10,30,295,184,479,27,26,54,30.5,19.75,22.29,42.25,13.8,1.91,0.0,0.0,0.0
9000008121,2025-09-05 11:00,0.999444,4,2,6,10,9,19,314,199,513,20,31,51,30.0,19.1,22.03,44.25,13.45,0.78,0.0,0.39,0.0
9000008121,2025-09-05 12:00,0.984444,2,8,10,15,10,26,357,201,558,28,23,51,30.0,13.48,28.6,43.53,11.84,2.19,0.36,0.0,0.0
9000008121,2025-09-05 13:00,0.985556,0,2,2,27,20,47,402,198,600,27,47,74,32.0,13.34,20.61,46.62,15.71,2.87,0.68,0.0,0.0
9000008121,2025-09-05 14:00,0.999167,1,7,8,20,11,31,364,204,568,24,35,59,32.0,18.84,19.72,41.9,17.25,1.94,0.35,0.0,0.0
9000008121,2025-09-05 15:00,0.999444,2,4,6,19,6,25,439,230,669,29,34,63,30.5,20.63,17.34,46.34,13.9,1.49,0.0,0.3,0.0
9000008121,2025-09-05 16:00,0.999444,4,11,15,15,9,24,365,243,608,25,28,53,29.5,21.55,24.34,40.3,11.35,1.48,0.99,0.0,0.0
9000008121,2025-09-05 17:00,0.999444,1,2,3,12,12,24,323,234,557,17,19,36,30.5,22.62,21.54,39.14,14.36,2.15,0.18,0.0,0.0
9000008121,2025-09-05 18:00,0.992778,1,9,10,17,12,29,257,188,444,14,24,38,30.0,27.66,18.37,38.78,13.15,2.04,0.0,0.0,0.0
9000008121,2025-09-05 19:00,0.992222,1,3,4,17,7,24,168,126,295,7,9,16,29.5,27.05,20.89,39.04,11.3,1.37,0.0,0.0,0.0
9000008121,2025-09-05 20:00,0.983889,0,0,0,1,0,1,1,1,2,1,0,1,53.5,50.0,0.0,0.0,0.0,0.0,50.0,0.0,0.0
9000008121,2025-09-05 21:00,0.965833,0,0,0,0,0,0,2,1,3,0,0,0,23.0,66.67,0.0,33.33,0.0,0.0,0.0,0.0,0.0
9000008121,2025-09-05 22:00,0.930833,0,0,0,2,0,2,4,6,10,0,0,0,38.0,33.33,0.0,33.33,33.33,0.0,0.0,0.0,0.0
9000008121,2025-09-05 23:00,0.955556,0,0,0,0,0,0,2,1,3,0,0,0,47.5,0.0,0.0,0.0,66.67,33.33,0.0,0.0,0.0
9000008121,2025-09-06 00:00,0.980833,0,0,0,0,0,0,2,0,2,0,0,0,28.5,50.0,0.0,50.0,0.0,0.0,0.0,0.0,0.0
9000008121,2025-09-06 01:00,0.948889,0,0,0,0,0,0,0,0,0,0,0,0,,0.0,0.0,0.0,0.0,0.0,0.0,0.0,0.0
9000008121,2025-09-06 02:00,0.971111,0,0,0,1,0,1,0,0,0,0,0,0,,0.0,0.0,0.0,0.0,0.0,0.0,0.0,0.0
9000008121,2025-09-06 03:00,0.953056,0,0,0,1,0,1,4,0,4,0,0,0,42.0,50.0,0.0,25.0,0.0,25.0,0.0,0.0,0.0
9000008121,2025-09-06 04:00,0.945556,0,0,0,0,0,0,2,1,3,0,0,0,42.5,66.67,0.0,0.0,0.0,33.33,0.0,0.0,0.0
9000008121,2025-09-06 05:00,0.964167,0,0,0,0,0,0,2,1,3,0,0,0,33.0,33.33,33.33,0.0,33.33,0.0,0.0,0.0,0.0
9000008121,2025-09-06 06:00,0.943889,0,0,0,4,2,6,22,14,36,1,4,5,33.0,23.53,26.47,29.41,8.82,8.82,2.94,0.0,0.0
9000008121,2025-09-06 07:00,0.960278,0,0,0,0,0,0,43,20,63,8,7,16,31.5,25.0,18.33,38.33,15.0,3.33,0.0,0.0,0.0
9000008121,2025-09-06 08:00,0.997222,1,0,1,16,2,18,110,65,175,7,4,11,29.0,36.57,21.14,31.43,9.14,1.14,0.57,0.0,0.0
9000008121,2025-09-06 09:00,0.993333,1,0,1,3,6,9,218,104,322,7,10,17,29.5,26.56,21.25,39.38,11.88,0.62,0.0,0.0,0.31
9000008121,2025-09-06 10:00,0.999167,2,12,14,8,4,12,235,141,376,20,17,37,30.0,26.06,23.4,36.17,11.97,2.13,0.27,0.0,0.0
9000008121,2025-09-06 11:00,0.999444,3,8,11,8,2,10,235,186,421,25,12,37,31.5,25.18,20.67,37.29,13.3,2.38,0.95,0.0,0.24
9000008121,2025-09-06 12:00,0.999167,1,11,12,7,13,20,263,165,428,51,20,71,32.5,15.19,19.16,44.63,16.36,3.5,0.7,0.0,0.47
9000008121,2025-09-06 13:00,0.999444,2,13,15,12,12,24,239,162,401,15,44,59,31.5,16.21,22.19,42.39,17.21,1.75,0.25,0.0,0.0
9000008121,2025-09-06 14:00,0.974722,4,4,8,18,7,26,270,169,438,18,44,62,31.0,24.12,17.33,41.45,14.75,1.87,0.7,0.0,0.0
9000008121,2025-09-06 15:00,0.999444,2,10,12,7,11,18,284,199,483,13,15,28,29.5,24.64,20.29,41.82,11.18,1.66,0.41,0.0,0.0
9000008121,2025-09-06 16:00,0.9975,1,20,21,15,11,26,237,142,380,8,16,24,31.5,19.53,19.26,42.48,15.83,2.64,0.26,0.0,0.0
9000008121,2025-09-06 17:00,0.999444,1,11,12,14,9,23,214,160,374,9,31,40,30.5,22.73,24.33,36.9,14.17,1.34,0.27,0.27,0.0
9000008121,2025-09-06 18:00,0.984167,3,13,16,17,8,26,185,149,334,7,16,23,29.5,28.27,20.06,38.91,10.64,1.22,0.61,0.3,0.0
9000008121,2025-09-06 19:00,0.999722,1,6,7,15,9,24,124,105,229,8,17,25,29.5,23.14,26.2,37.12,10.92,2.62,0.0,0.0,0.0
9000008121,2025-09-06 20:00,0.972222,0,0,0,0,2,2,0,2,2,0,0,0,23.5,0.0,50.0,50.0,0.0,0.0,0.0,0.0,0.0
9000008121,2025-09-06 21:00,0.954167,0,0,0,3,0,3,4,1,6,0,0,0,61.5,0.0,40.0,0.0,20.0,0.0,20.0,20.0,0.0
9000008121,2025-09-06 22:00,0.933611,0,0,0,0,0,0,4,2,6,0,0,0,28.0,50.0,16.67,33.33,0.0,0.0,0.0,0.0,0.0
9000008121,2025-09-06 23:00,0.932778,0,0,0,0,0,0,1,1,2,0,0,0,8.5,100.0,0.0,0.0,0.0,0.0,0.0,0.0,0.0
9000008121,2025-09-07 00:00,0.940278,0,0,0,0,0,0,3,0,3,0,0,0,22.5,66.67,0.0,33.33,0.0,0.0,0.0,0.0,0.0
9000008121,2025-09-07 01:00,0.971111,0,0,0,0,0,0,0,0,0,0,0,0,,0.0,0.0,0.0,0.0,0.0,0.0,0.0,0.0
9000008121,2025-09-07 02:00,0.961667,0,0,0,0,0,0,0,0,0,0,0,0,,0.0,0.0,0.0,0.0,0.0,0.0,0.0,0.0
9000008121,2025-09-07 03:00,0.949167,0,0,0,0,0,0,0,0,0,0,0,0,,0.0,0.0,0.0,0.0,0.0,0.0,0.0,0.0
9000008121,2025-09-07 04:00,0.949167,0,0,0,0,0,0,0,1,1,0,0,0,14.0,0.0,100.0,0.0,0.0,0.0,0.0,0.0,0.0
9000008121,2025-09-07 05:00,0.976944,0,0,0,0,0,0,0,0,0,0,0,0,,0.0,0.0,0.0,0.0,0.0,0.0,0.0,0.0
9000008121,2025-09-07 06:00,0.9525,0,0,0,1,0,1,9,8,18,1,0,1,29.0,23.53,29.41,35.29,11.76,0.0,0.0,0.0,0.0
9000008121,2025-09-07 07:00,0.962222,0,4,4,3,1,4,32,31,63,5,3,8,31.5,34.43,19.67,27.87,11.48,3.28,1.64,1.64,0.0
9000008121,2025-09-07 08:00,0.965833,0,0,0,0,2,2,78,58,136,3,3,6,28.0,40.46,17.56,32.82,6.87,2.29,0.0,0.0,0.0
9000008121,2025-09-07 09:00,0.966667,2,4,6,3,1,4,146,135,281,8,4,12,28.0,31.62,24.63,34.93,7.72,0.74,0.0,0.0,0.0
9000008121,2025-09-07 10:00,0.998333,2,13,15,2,2,4,173,146,319,7,7,14,27.0,30.72,34.17,26.02,6.9,1.88,0.31,0.0,0.0
9000008121,2025-09-07 11:00,0.983889,1,4,5,3,1,4,197,142,339,14,11,25,30.0,19.52,27.33,38.74,12.61,1.2,0.6,0.0,0.0
9000008121,2025-09-07 12:00,0.989722,2,6,8,10,6,16,229,104,333,39,24,64,32.0,17.33,20.06,42.55,16.41,3.04,0.3,0.0,0.3
9000008121,2025-09-07 13:00,0.999444,1,4,5,12,12,24,211,100,311,9,79,88,34.5,8.36,18.33,43.73,25.08,3.86,0.64,0.0,0.0
9000008121,2025-09-07 14:00,0.999167,1,4,5,17,11,28,258,169,427,3,18,21,29.5,19.67,21.31,45.43,12.65,0.7,0.0,0.0,0.23
9000008121,2025-09-07 15:00,0.999444,0,3,3,11,5,16,244,151,395,7,10,17,30.0,24.81,18.23,41.52,13.16,2.03,0.0,0.25,0.0
9000008121,2025-09-07 16:00,0.999167,0,3,3,10,8,18,191,126,317,2,9,11,30.0,22.71,16.72,45.74,14.2,0.63,0.0,0.0,0.0
9000008121,2025-09-07 17:00,0.999444,1,7,8,14,6,20,214,183,397,4,10,14,29.5,30.98,24.18,30.73,11.59,2.52,0.0,0.0,0.0
9000008121,2025-09-07 18:00,0.999444,1,9,10,11,11,22,175,214,389,5,7,12,29.5,33.42,22.62,31.11,10.28,2.31,0.0,0.0,0.26
9000008121,2025-09-07 19:00,0.977222,0,1,1,12,7,19,134,110,244,3,14,17,29.5,8.82,35.71,42.02,11.76,1.26,0.42,0.42,0.0
9000008121,2025-09-07 20:00,0.989722,0,0,0,0,1,1,0,1,1,0,0,0,9.0,100.0,0.0,0.0,0.0,0.0,0.0,0.0,0.0
9000008121,2025-09-07 21:00,0.976667,0,0,0,0,1,1,1,1,2,0,0,0,18.5,50.0,50.0,0.0,0.0,0.0,0.0,0.0,0.0
9000008121,2025-09-07 22:00,0.987222,0,0,0,0,0,0,1,2,3,0,0,0,14.0,33.33,66.67,0.0,0.0,0.0,0.0,0.0,0.0
9000008121,2025-09-07 23:00,0.983889,0,0,0,0,0,0,0,0,0,0,0,0,,0.0,0.0,0.0,0.0,0.0,0.0,0.0,0.0
9000008121,2025-09-08 00:00,0.953611,0,0,0,0,0,0,0,1,1,0,0,0,14.0,0.0,100.0,0.0,0.0,0.0,0.0,0.0,0.0
9000008121,2025-09-08 01:00,0.921389,0,0,0,0,0,0,0,0,0,0,0,0,,0.0,0.0,0.0,0.0,0.0,0.0,0.0,0.0
9000008121,2025-09-08 02:00,0.8825,0,0,0,0,0,0,1,0,1,0,0,0,19.0,0.0,100.0,0.0,0.0,0.0,0.0,0.0,0.0
9000008121,2025-09-08 03:00,0.924722,0,0,0,0,0,0,0,0,0,0,0,0,,0.0,0.0,0.0,0.0,0.0,0.0,0.0,0.0
9000008121,2025-09-08 04:00,0.946389,0,0,0,0,0,0,0,0,0,0,0,0,,0.0,0.0,0.0,0.0,0.0,0.0,0.0,0.0
9000008121,2025-09-08 05:00,0.933889,0,0,0,1,0,1,1,3,5,0,0,0,23.5,0.0,50.0,50.0,0.0,0.0,0.0,0.0,0.0
9000008121,2025-09-08 06:00,0.935556,0,0,0,6,5,11,89,59,148,6,13,19,28.5,16.67,34.06,39.86,8.7,0.72,0.0,0.0,0.0
9000008121,2025-09-08 07:00,0.954167,2,4,6,8,5,14,268,245,514,17,34,51,28.5,29.59,24.08,34.9,10.0,1.02,0.2,0.0,0.0
9000008121,2025-09-08 08:00,0.983056,4,11,15,20,6,26,336,261,596,22,34,56,28.5,28.16,25.43,36.69,9.04,0.68,0.0,0.0,0.0
9000008121,2025-09-08 09:00,0.999167,3,2,5,12,6,18,288,181,469,28,15,43,28.5,28.57,27.08,34.33,9.17,0.43,0.21,0.21,0.0
9000008121,2025-09-08 10:00,0.9925,4,14,18,3,3,6,256,187,443,19,17,36,27.5,24.77,30.68,34.32,8.86,0.68,0.68,0.0,0.0
9000008121,2025-09-08 11:00,0.999444,4,15,19,7,9,16,271,223,494,45,33,78,30.0,27.73,23.68,33.4,11.54,2.63,0.4,0.0,0.61
9000008121,2025-09-08 12:00,0.999722,9,16,25,14,21,35,271,229,500,39,29,68,30.0,27.0,22.2,35.4,13.0,2.0,0.0,0.2,0.2
9000008121,2025-09-08 13:00,0.999444,14,27,41,9,20,29,279,213,492,22,33,55,30.0,30.49,17.07,37.8,11.99,1.83,0.61,0.2,0.0
9000008121,2025-09-08 14:00,0.999444,1,22,23,26,10,36,398,247,645,24,32,56,31.5,13.64,27.75,40.62,14.26,2.64,0.78,0.0,0.31
9000008121,2025-09-08 15:00,0.999444,2,17,19,31,17,48,493,296,789,29,45,74,29.5,16.48,24.97,44.99,11.28,1.39,0.63,0.13,0.13
9000008121,2025-09-08 16:00,0.998333,1,21,22,40,7,47,528,240,768,32,31,63,29.5,19.56,20.99,46.94,10.69,1.3,0.26,0.13,0.13
9000008121,2025-09-08 17:00,0.999444,7,20,27,30,22,52,389,247,636,16,25,41,30.0,25.31,18.08,41.19,13.68,1.42,0.31,0.0,0.0
9000008121,2025-09-08 18:00,0.999167,0,19,19,22,11,33,318,196,514,19,29,48,31.0,24.71,18.09,40.66,13.81,1.75,0.78,0.19,0.0
9000008121,2025-09-08 19:00,0.990833,0,5,5,22,3,25,139,114,253,9,6,15,29.0,26.69,24.7,36.65,10.76,1.59,0.0,0.0,0.0
9000008121,2025-09-08 20:00,0.948333,0,0,0,0,2,2,1,6,7,0,1,1,30.5,28.57,14.29,28.57,14.29,0.0,0.0,0.0,0.0
9000008121,2025-09-08 21:00,0.965,0,0,0,1,2,3,1,1,2,0,0,0,23.5,0.0,50.0,50.0,0.0,0.0,0.0,0.0,0.0
9000008121,2025-09-08 22:00,0.965556,0,0,0,0,0,0,0,0,0,0,0,0,,0.0,0.0,0.0,0.0,0.0,0.0,0.0,0.0
9000008121,2025-09-08 23:00,0.960556,0,0,0,0,0,0,0,0,0,0,0,0,,0.0,0.0,0.0,0.0,0.0,0.0,0.0,0.0
9000008121,2025-09-09 00:00,0.954167,0,0,0,0,0,0,0,0,0,0,0,0,,0.0,0.0,0.0,0.0,0.0,0.0,0.0,0.0
9000008121,2025-09-09 01:00,0.939722,0,0,0,0,0,0,0,0,0,0,0,0,,0.0,0.0,0.0,0.0,0.0,0.0,0.0,0.0
9000008121,2025-09-09 02:00,0.918056,0,0,0,1,0,1,2,0,2,0,0,0,18.5,0.0,100.0,0.0,0.0,0.0,0.0,0.0,0.0
9000008121,2025-09-09 03:00,0.9375,0,0,0,0,0,0,0,0,0,0,0,0,,0.0,0.0,0.0,0.0,0.0,0.0,0.0,0.0
9000008121,2025-09-09 04:00,0.876111,0,0,0,0,0,0,3,3,5,0,0,0,19.0,20.0,80.0,0.0,0.0,0.0,0.0,0.0,0.0
9000008121,2025-09-09 05:00,0.968056,0,0,0,0,0,0,0,1,1,0,0,0,9.0,100.0,0.0,0.0,0.0,0.0,0.0,0.0,0.0
9000008121,2025-09-09 06:00,0.968611,0,1,1,5,2,7,76,63,139,4,10,15,28.5,30.37,25.19,33.33,7.41,1.48,0.0,0.74,0.74
9000008121,2025-09-09 07:00,0.966111,12,28,40,11,4,15,270,276,546,21,29,50,28.5,31.5,22.2,36.62,8.73,0.95,0.0,0.0,0.0
9000008121,2025-09-09 08:00,0.971111,3,1,4,12,6,18,350,249,599,24,39,63,30.5,26.46,18.56,39.0,13.4,2.58,0.17,0.0,0.0
9000008121,2025-09-09 09:00,0.997222,1,3,4,19,9,28,302,225,527,20,22,42,30.0,21.52,24.38,39.05,14.48,0.76,0.0,0.0,0.0
9000008121,2025-09-09 10:00,0.999444,3,8,11,13,8,21,278,207,485,40,22,62,28.0,26.39,28.87,35.67,8.45,0.62,0.0,0.0,0.0
9000008121,2025-09-09 11:00,0.999444,3,3,6,11,21,32,290,232,522,53,46,99,29.5,14.56,28.74,42.72,10.92,2.3,0.57,0.19,0.0
9000008121,2025-09-09 12:00,0.988056,1,7,8,10,12,22,281,186,467,47,56,103,32.0,12.77,21.86,44.37,18.4,2.38,0.0,0.0,0.22
9000008121,2025-09-09 13:00,0.999444,0,10,10,14,13,27,319,183,502,32,83,115,31.5,12.35,24.7,44.62,14.74,2.39,1.0,0.0,0.2
9000008121,2025-09-09 14:00,0.999444,0,10,10,24,19,43,362,236,598,38,34,72,31.5,20.74,19.23,41.97,15.05,2.34,0.5,0.17,0.0
9000008121,2025-09-09 15:00,0.999444,3,19,22,46,5,51,660,293,953,54,37,91,29.0,19.75,22.16,47.79,8.61,1.47,0.32,0.0,0.0
9000008121,2025-09-09 16:00,0.999722,2,46,48,39,26,65,736,280,1016,58,28,86,30.0,17.52,20.77,46.46,11.81,2.46,0.79,0.1,0.1
9000008121,2025-09-09 17:00,0.987778,5,49,54,35,17,52,477,257,734,23,22,45,30.5,21.38,19.45,42.76,13.66,1.93,0.55,0.14,0.0
9000008121,2025-09-09 18:00,0.999444,1,11,12,28,8,36,323,200,523,10,21,31,30.0,22.75,19.5,42.83,12.24,2.29,0.19,0.19,0.0
9000008121,2025-09-09 19:00,0.972778,1,15,16,15,6,22,145,118,263,8,12,20,28.5,23.83,28.52,38.28,9.38,0.78,0.0,0.0,0.0
9000008121,2025-09-09 20:00,0.986111,0,0,0,1,0,1,2,0,2,0,0,0,4.0,100.0,0.0,0.0,0.0,0.0,0.0,0.0,0.0
9000008121,2025-09-09 21:00,0.967778,0,0,0,1,2,3,3,7,10,0,0,0,37.5,40.0,20.0,10.0,20.0,10.0,0.0,0.0,0.0
9000008121,2025-09-09 22:00,0.9775,0,0,0,0,0,0,1,1,2,0,0,0,8.5,100.0,0.0,0.0,0.0,0.0,0.0,0.0,0.0
9000008121,2025-09-09 23:00,0.98,0,0,0,0,0,0,0,0,0,0,0,0,,0.0,0.0,0.0,0.0,0.0,0.0,0.0,0.0
9000008121,2025-09-10 00:00,0.956389,0,0,0,0,0,0,0,1,1,0,0,0,14.0,0.0,100.0,0.0,0.0,0.0,0.0,0.0,0.0
9000008121,2025-09-10 01:00,0.9625,0,0,0,0,0,0,0,0,0,0,0,0,,0.0,0.0,0.0,0.0,0.0,0.0,0.0,0.0
9000008121,2025-09-10 02:00,0.971111,0,0,0,0,0,0,0,0,0,0,0,0,,0.0,0.0,0.0,0.0,0.0,0.0,0.0,0.0
9000008121,2025-09-10 03:00,0.957222,0,0,0,0,0,0,1,0,1,0,0,0,39.0,0.0,0.0,0.0,100.0,0.0,0.0,0.0,0.0
9000008121,2025-09-10 04:00,0.958056,0,0,0,0,0,0,1,0,1,0,0,0,24.0,0.0,0.0,100.0,0.0,0.0,0.0,0.0,0.0
9000008121,2025-09-10 05:00,0.975833,0,0,0,1,0,1,3,1,4,0,0,0,37.0,25.0,0.0,50.0,25.0,0.0,0.0,0.0,0.0
9000008121,2025-09-10 06:00,0.973889,0,2,2,5,4,9,62,64,127,4,8,12,29.0,23.58,34.15,30.89,9.76,2.44,0.0,0.0,0.0
9000008121,2025-09-10 07:00,0.992778,7,26,33,14,6,20,267,314,581,26,37,63,29.0,36.57,22.53,28.94,10.4,1.39,0.17,0.0,0.17
9000008121,2025-09-10 08:00,0.999444,9,16,25,15,7,22,355,335,690,33,41,74,28.5,34.35,20.58,34.93,9.28,0.43,0.29,0.14,0.0
9000008121,2025-09-10 09:00,0.999167,3,5,8,25,13,38,309,255,564,42,38,80,30.0,28.19,19.15,37.77,12.06,2.3,0.53,0.0,0.0
9000008121,2025-09-10 10:00,0.9825,7,8,16,21,11,32,315,194,509,25,24,49,29.5,27.6,16.4,43.0,11.8,0.8,0.2,0.2,0.0
9000008121,2025-09-10 11:00,0.999167,7,27,34,7,15,22,288,171,459,27,31,58,32.0,20.92,18.74,40.31,16.34,3.05,0.65,0.0,0.0
9000008121,2025-09-10 12:00,0.999444,4,39,43,18,8,26,277,207,484,27,35,62,30.5,28.31,15.7,39.67,13.43,2.27,0.41,0.21,0.0
9000008121,2025-09-10 13:00,0.999444,3,37,40,12,14,26,281,200,481,30,31,61,31.0,25.99,15.59,41.16,14.76,1.04,1.04,0.42,0.0
9000008121,2025-09-10 14:00,0.986944,3,32,35,26,10,36,415,259,675,29,29,59,32.0,22.22,18.17,40.54,15.17,3.6,0.3,0.15,0.0
9000008121,2025-09-10 15:00,0.984722,4,32,36,38,9,48,642,301,943,66,36,101,31.0,20.99,17.33,44.89,13.99,2.48,0.22,0.0,0.11
9000008121,2025-09-10 16:00,0.999444,2,22,24,50,10,60,564,327,891,25,41,66,30.0,22.78,20.2,42.76,11.56,2.36,0.22,0.0,0.11
9000008121,2025-09-10 17:00,0.999444,5,18,23,30,9,39,354,244,598,16,26,42,30.0,26.76,17.56,41.47,12.54,1.51,0.17,0.0,0.0
9000008121,2025-09-10 18:00,0.981667,2,16,18,16,16,33,321,231,552,10,21,32,29.5,25.46,20.11,41.51,11.81,0.92,0.18,0.0,0.0
9000008121,2025-09-10 19:00,0.999722,0,5,5,17,4,21,111,64,175,5,6,11,29.0,20.57,21.14,48.0,6.29,2.86,1.14,0.0,0.0
9000008121,2025-09-10 20:00,0.987778,0,0,0,0,0,0,0,1,1,0,0,0,39.0,0.0,0.0,0.0,100.0,0.0,0.0,0.0,0.0
9000008121,2025-09-10 21:00,0.969722,0,0,0,0,0,0,2,1,3,0,0,0,93.0,66.67,0.0,0.0,0.0,0.0,0.0,0.0,33.33
9000008121,2025-09-10 22:00,0.968611,0,0,0,0,0,0,0,0,0,0,0,0,,0.0,0.0,0.0,0.0,0.0,0.0,0.0,0.0
9000008121,2025-09-10 23:00,0.945556,0,0,0,1,0,1,0,0,0,0,0,0,,0.0,0.0,0.0,0.0,0.0,0.0,0.0,0.0
9000008121,2025-09-11 00:00,0.966667,0,0,0,0,0,0,1,0,1,0,0,0,4.0,100.0,0.0,0.0,0.0,0.0,0.0,0.0,0.0
9000008121,2025-09-11 01:00,0.950556,0,0,0,0,1,1,0,0,0,0,0,0,,0.0,0.0,0.0,0.0,0.0,0.0,0.0,0.0
9000008121,2025-09-11 02:00,0.97,0,0,0,0,0,0,1,0,1,0,0,0,34.0,0.0,0.0,0.0,100.0,0.0,0.0,0.0,0.0
9000008121,2025-09-11 03:00,0.957222,0,0,0,0,0,0,0,1,1,0,0,0,19.0,0.0,100.0,0.0,0.0,0.0,0.0,0.0,0.0
9000008121,2025-09-11 04:00,0.984722,0,0,0,0,0,0,0,0,0,0,0,0,,0.0,0.0,0.0,0.0,0.0,0.0,0.0,0.0
9000008121,2025-09-11 05:00,0.941944,0,0,0,1,0,1,1,3,4,0,0,0,9.0,100.0,0.0,0.0,0.0,0.0,0.0,0.0,0.0
9000008121,2025-09-11 06:00,0.945556,0,0,0,3,2,5,67,57,124,9,1,10,29.0,24.79,29.91,34.19,11.11,0.0,0.0,0.85,0.0
9000008121,2025-09-11 07:00,0.933333,1,2,3,20,7,27,254,313,567,20,25,45,27.0,33.4,28.49,29.62,5.66,2.08,0.19,0.0,0.38
9000008121,2025-09-11 08:00,0.945556,1,2,3,15,9,23,341,313,655,18,34,53,27.5,31.18,28.59,31.83,7.27,1.13,0.0,0.0,0.0
9000008121,2025-09-11 09:00,0.984722,1,4,5,6,8,14,343,215,558,23,18,42,28.0,22.59,29.69,38.62,8.01,1.09,0.0,0.0,0.18
9000008121,2025-09-11 10:00,0.966944,1,20,22,4,4,8,281,203,484,28,34,63,28.0,26.92,28.85,35.47,7.26,1.5,0.0,0.21,0.0
9000008121,2025-09-11 11:00,0.986944,2,11,13,10,8,18,218,188,406,38,31,69,30.5,24.0,28.5,32.0,10.5,2.25,2.25,0.25,0.25
9000008121,2025-09-11 12:00,0.989167,0,2,2,6,5,11,293,186,478,63,57,120,30.5,19.45,26.43,37.84,12.47,2.75,0.85,0.21,0.0
9000008121,2025-09-11 13:00,0.999444,3,15,18,10,15,25,305,154,459,33,65,98,31.5,15.69,18.52,46.84,15.69,2.4,0.22,0.44,0.22
9000008121,2025-09-11 14:00,0.999444,4,19,23,38,20,58,410,251,661,27,36,63,29.0,24.96,16.49,47.35,9.23,1.66,0.3,0.0,0.0
9000008121,2025-09-11 15:00,0.971111,1,21,23,35,16,51,577,280,857,41,29,70,30.0,22.72,17.79,44.11,12.14,2.4,0.48,0.48,0.0
9000008121,2025-09-11 16:00,0.999444,4,22,26,30,19,49,547,301,848,35,36,71,29.5,23.7,18.04,44.81,11.2,1.77,0.35,0.0,0.12
9000008121,2025-09-11 17:00,0.999444,4,19,23,26,20,46,383,260,643,17,22,39,30.0,30.02,16.02,38.41,13.84,1.24,0.16,0.16,0.16
9000008121,2025-09-11 18:00,0.959444,0,0,0,24,22,45,344,210,554,16,9,25,29.0,19.96,25.8,43.13,9.79,0.94,0.19,0.19,0.0
9000008121,2025-09-11 19:00,0.946667,0,1,1,8,7,16,133,81,214,4,8,12,29.0,22.28,18.81,48.02,8.42,2.97,0.0,0.0,0.0
9000008121,2025-09-11 20:00,0.953889,0,0,0,0,0,0,9,6,16,0,0,0,34.5,26.67,26.67,20.0,20.0,0.0,6.67,0.0,0.0
9000008121,2025-09-11 21:00,0.926111,0,0,0,0,1,1,6,1,7,0,0,0,7.5,100.0,0.0,0.0,0.0,0.0,0.0,0.0,0.0
9000008121,2025-09-11 22:00,0.963056,0,0,0,1,0,1,2,3,5,0,0,0,21.5,60.0,20.0,20.0,0.0,0.0,0.0,0.0,0.0
9000008121,2025-09-11 23:00,0.911389,0,0,0,0,2,2,2,2,5,0,0,0,42.5,25.0,25.0,25.0,0.0,25.0,0.0,0.0,0.0
9000008121,2025-09-12 00:00,0.944444,0,0,0,0,1,1,0,1,1,0,0,0,9.0,100.0,0.0,0.0,0.0,0.0,0.0,0.0,0.0
9000008121,2025-09-12 01:00,0.966944,0,0,0,0,0,0,0,0,0,0,0,0,,0.0,0.0,0.0,0.0,0.0,0.0,0.0,0.0
9000008121,2025-09-12 02:00,0.906667,0,0,0,0,0,0,1,0,1,0,0,0,49.0,0.0,0.0,0.0,0.0,100.0,0.0,0.0,0.0
9000008121,2025-09-12 03:00,0.940278,0,0,0,0,0,0,0,0,0,0,0,0,,0.0,0.0,0.0,0.0,0.0,0.0,0.0,0.0
9000008121,2025-09-12 04:00,0.94,0,0,0,0,0,0,1,0,1,0,0,0,54.0,0.0,0.0,0.0,0.0,0.0,100.0,0.0,0.0
9000008121,2025-09-12 05:00,0.898611,0,0,0,0,0,0,1,0,1,0,0,0,44.0,0.0,0.0,0.0,0.0,100.0,0.0,0.0,0.0
9000008121,2025-09-12 06:00,0.905278,0,1,1,6,7,13,63,50,113,9,2,11,32.5,25.49,22.55,28.43,19.61,0.0,0.0,1.96,0.0
9000008121,2025-09-12 07:00,0.985278,2,2,4,11,4,15,263,241,504,25,28,53,28.5,32.46,22.98,32.86,10.48,0.81,0.2,0.2,0.0
9000008121,2025-09-12 08:00,0.96,0,0,0,20,6,26,341,236,577,28,37,65,30.0,27.62,18.41,38.99,13.54,0.72,0.72,0.0,0.0
9000008121,2025-09-12 09:00,0.999722,2,4,6,21,8,29,270,203,473,26,21,47,29.5,32.35,16.7,37.42,11.63,1.48,0.42,0.0,0.0
9000008121,2025-09-12 10:00,0.944444,1,4,5,21,7,29,311,172,483,43,21,64,29.5,25.44,15.13,46.27,9.87,2.41,0.44,0.0,0.0
9000008121,2025-09-12 11:00,0.974167,6,10,16,20,10,30,323,226,550,45,26,71,32.0,17.54,25.19,38.25,15.49,2.8,0.75,0.19,0.0
9000008121,2025-09-12 12:00,0.998333,2,9,11,19,7,26,355,224,579,27,30,57,30.5,25.95,18.86,39.1,13.84,1.56,0.52,0.0,0.17
9000008121,2025-09-12 13:00,0.974444,1,11,12,10,4,14,362,227,589,31,46,77,31.0,22.47,18.12,42.33,14.46,2.09,0.35,0.17,0.0
9000008121,2025-09-12 14:00,0.985833,1,5,6,13,13,26,475,246,721,27,41,68,29.5,17.04,28.45,40.7,12.25,1.41,0.14,0.14,0.0
9000008121,2025-09-12 15:00,0.974444,1,7,8,5,6,12,453,211,664,15,25,41,29.0,18.24,19.94,51.0,9.89,0.77,0.0,0.0,0.15
9000008121,2025-09-12 16:00,0.983333,0,3,3,9,10,19,353,222,576,11,26,38,29.5,18.55,24.38,44.7,11.31,0.88,0.18,0.18,0.0
9000008121,2025-09-12 17:00,0.999722,5,17,22,33,12,45,368,216,584,26,22,48,28.5,23.63,21.92,44.86,8.39,1.2,0.0,0.0,0.0
9000008121,2025-09-12 18:00,0.985,6,27,33,10,8,18,289,209,497,8,37,45,29.5,29.8,16.33,40.82,10.2,2.04,0.41,0.2,0.2
9000008121,2025-09-12 19:00,0.9925,1,7,8,10,5,15,151,116,267,5,14,19,29.5,16.23,29.43,40.75,10.57,3.02,0.0,0.0,0.0
9000008121,2025-09-12 20:00,0.979167,0,0,0,0,0,0,1,2,3,0,0,0,43.0,33.33,33.33,0.0,0.0,33.33,0.0,0.0,0.0
9000008121,2025-09-12 21:00,0.944167,0,0,0,2,0,2,2,0,2,0,0,0,19.0,0.0,100.0,0.0,0.0,0.0,0.0,0.0,0.0
9000008121,2025-09-12 22:00,0.951111,0,0,0,2,0,2,3,4,7,0,0,0,29.5,14.29,28.57,42.86,14.29,0.0,0.0,0.0,0.0
9000008121,2025-09-12 23:00,0.902778,0,0,0,4,0,4,6,4,10,0,0,0,14.0,66.67,33.33,0.0,0.0,0.0,0.0,0.0,0.0
9000008121,2025-09-13 00:00,0.908611,0,0,0,1,0,1,0,0,0,0,0,0,,0.0,0.0,0.0,0.0,0.0,0.0,0.0,0.0
9000008121,2025-09-13 01:00,0.903333,0,0,0,0,0,0,0,2,2,0,0,0,13.5,50.0,50.0,0.0,0.0,0.0,0.0,0.0,0.0
9000008121,2025-09-13 02:00,0.878889,0,0,0,0,0,0,0,2,2,0,0,0,23.5,50.0,0.0,50.0,0.0,0.0,0.0,0.0,0.0
9000008121,2025-09-13 03:00,0.830833,0,0,0,0,1,1,0,1,1,0,0,0,4.0,100.0,0.0,0.0,0.0,0.0,0.0,0.0,0.0
9000008121,2025-09-13 04:00,0.945833,0,0,0,1,0,1,0,1,1,0,0,0,9.0,100.0,0.0,0.0,0.0,0.0,0.0,0.0,0.0
9000008121,2025-09-13 05:00,0.886389,0,0,0,1,0,1,3,0,3,0,0,0,27.5,66.67,0.0,33.33,0.0,0.0,0.0,0.0,0.0
9000008121,2025-09-13 06:00,0.847222,0,0,0,1,0,1,15,8,23,4,0,4,25.5,15.79,47.37,21.05,10.53,0.0,0.0,0.0,0.0
9000008121,2025-09-13 07:00,0.895,0,1,1,3,0,3,62,33,95,7,9,16,29.5,29.41,11.76,44.71,10.59,0.0,2.35,0.0,0.0
9000008121,2025-09-13 08:00,0.956111,1,4,5,6,2,8,111,94,205,7,9,17,30.5,36.22,13.27,34.69,14.29,1.53,0.0,0.0,0.0
9000008121,2025-09-13 09:00,0.974722,3,5,8,12,5,17,198,142,340,12,10,22,31.0,29.31,14.5,38.97,15.41,1.51,0.3,0.0,0.0
9000008121,2025-09-13 10:00,0.975833,13,21,34,7,6,13,228,177,404,12,7,20,29.0,32.49,21.83,32.99,11.42,0.76,0.0,0.0,0.51
9000008121,2025-09-13 11:00,0.999167,5,16,21,13,5,18,265,241,506,25,18,43,29.5,31.42,20.16,35.38,10.67,1.58,0.79,0.0,0.0
9000008121,2025-09-13 12:00,0.999444,7,27,34,19,14,33,282,243,525,7,24,31,29.5,28.95,18.86,39.43,12.0,0.38,0.38,0.0,0.0
9000008121,2025-09-13 13:00,0.999444,3,16,19,10,8,18,277,184,461,17,37,54,31.0,26.25,16.27,40.56,13.88,2.39,0.65,0.0,0.0
9000008121,2025-09-13 14:00,0.999444,2,19,21,35,15,50,334,252,586,13,22,35,29.5,25.94,20.48,40.27,12.46,0.68,0.17,0.0,0.0
9000008121,2025-09-13 15:00,0.999444,1,27,28,30,10,40,315,209,524,13,28,41,31.5,25.76,18.51,37.21,16.22,1.72,0.57,0.0,0.0
9000008121,2025-09-13 16:00,0.985278,1,18,19,18,11,29,259,222,480,9,11,20,29.5,27.91,20.51,39.53,10.57,1.69,0.0,0.0,0.0
9000008121,2025-09-13 17:00,0.992778,3,19,22,12,11,23,260,158,418,16,20,36,30.0,26.75,18.07,40.72,12.53,1.45,0.24,0.24,0.0
9000008121,2025-09-13 18:00,0.999167,1,16,17,16,5,21,226,193,419,11,14,25,30.0,33.41,15.04,36.52,12.17,2.63,0.0,0.0,0.24
9000008121,2025-09-13 19:00,0.959722,2,3,5,13,6,20,88,94,182,4,6,10,29.0,32.76,22.41,33.91,9.77,1.72,0.0,0.0,0.0
9000008121,2025-09-13 20:00,0.969444,0,0,0,2,0,2,2,0,2,0,0,0,18.5,50.0,50.0,0.0,0.0,0.0,0.0,0.0,0.0
9000008121,2025-09-13 21:00,0.988056,0,0,0,2,0,2,4,3,7,0,0,0,40.0,42.86,14.29,14.29,14.29,0.0,14.29,0.0,0.0
9000008121,2025-09-13 22:00,0.970278,0,0,0,0,1,1,4,1,5,0,0,0,13.0,60.0,40.0,0.0,0.0,0.0,0.0,0.0,0.0
9000008121,2025-09-13 23:00,0.981944,0,0,0,0,0,0,3,2,5,0,0,0,41.0,80.0,0.0,0.0,0.0,20.0,0.0,0.0,0.0
9000008121,2025-09-14 00:00,0.955833,0,0,0,1,3,4,5,5,11,0,0,0,42.5,30.0,20.0,20.0,10.0,20.0,0.0,0.0,0.0
9000008121,2025-09-14 01:00,0.936111,0,0,0,1,0,1,2,1,3,0,1,1,28.0,33.33,0.0,66.67,0.0,0.0,0.0,0.0,0.0
9000008121,2025-09-14 02:00,0.951389,0,0,0,0,0,0,0,0,0,0,0,0,,0.0,0.0,0.0,0.0,0.0,0.0,0.0,0.0
9000008121,2025-09-14 03:00,0.907222,0,0,0,0,0,0,1,0,1,0,0,0,4.0,100.0,0.0,0.0,0.0,0.0,0.0,0.0,0.0
9000008121,2025-09-14 04:00,0.950278,0,0,0,0,0,0,0,0,0,0,0,0,,0.0,0.0,0.0,0.0,0.0,0.0,0.0,0.0
9000008121,2025-09-14 05:00,0.966111,0,0,0,0,0,0,0,0,0,0,0,0,,0.0,0.0,0.0,0.0,0.0,0.0,0.0,0.0
9000008121,2025-09-14 06:00,0.960556,0,0,0,0,1,1,2,4,7,0,0,0,25.5,33.33,33.33,33.33,0.0,0.0,0.0,0.0,0.0
9000008121,2025-09-14 07:00,0.990278,0,0,0,0,3,3,38,34,73,3,2,5,28.5,31.94,15.28,44.44,8.33,0.0,0.0,0.0,0.0
9000008121,2025-09-14 08:00,0.970278,0,1,1,3,1,4,69,70,139,3,6,9,32.0,33.33,19.26,27.41,18.52,0.74,0.0,0.0,0.0
9000008121,2025-09-14 09:00,0.9925,1,3,4,6,3,9,138,128,267,4,4,8,29.5,31.7,19.25,35.09,10.57,2.64,0.38,0.0,0.38
9000008121,2025-09-14 10:00,0.954167,0,5,5,6,2,8,182,144,326,5,7,12,29.5,32.8,15.76,37.62,11.9,1.61,0.0,0.0,0.32
9000008121,2025-09-14 11:00,0.9825,0,6,6,7,3,10,220,138,358,7,8,15,30.0,29.26,14.2,41.76,12.5,1.99,0.28,0.0,0.0
9000008121,2025-09-14 12:00,0.996111,0,10,10,5,7,12,202,140,342,5,19,24,30.5,22.29,19.35,42.52,12.02,3.52,0.29,0.0,0.0
9000008121,2025-09-14 13:00,0.988889,2,1,3,8,14,22,200,151,351,7,47,54,33.0,21.33,17.0,38.62,20.46,2.02,0.58,0.29,0.0
9000008121,2025-09-14 14:00,0.999444,1,1,2,8,14,22,196,128,324,2,26,28,33.0,13.27,18.21,45.68,18.52,3.4,0.93,0.0,0.0
9000008121,2025-09-14 15:00,0.992778,3,7,10,15,19,34,239,138,376,6,3,9,30.0,18.77,22.79,43.43,13.4,1.88,0.0,0.0,0.0
9000008121,2025-09-14 16:00,0.978333,1,9,10,12,10,22,203,152,354,5,8,13,29.0,26.22,19.6,43.23,9.51,1.44,0.29,0.0,0.0
9000008121,2025-09-14 17:00,0.999444,1,14,15,15,7,22,229,132,361,3,4,7,30.5,25.21,16.34,42.38,12.47,2.22,0.83,0.28,0.28
9000008121,2025-09-14 18:00,0.999444,2,19,21,18,4,22,195,147,342,5,8,13,29.0,31.58,14.91,41.23,9.94,1.17,0.88,0.0,0.29
9000008121,2025-09-14 19:00,0.968889,1,3,4,15,1,16,88,54,141,1,2,3,30.5,26.28,18.98,39.42,12.41,2.92,0.73,0.0,0.0
9000008121,2025-09-14 20:00,0.963889,0,0,0,0,0,0,1,0,1,0,0,0,9.0,100.0,0.0,0.0,0.0,0.0,0.0,0.0,0.0
9000008121,2025-09-14 21:00,0.981944,0,0,0,0,1,1,5,2,7,0,0,0,10.0,85.71,0.0,0.0,0.0,0.0,0.0,0.0,14.29
9000008121,2025-09-14 22:00,0.933611,0,0,0,0,1,1,3,3,6,0,0,0,42.5,50.0,16.67,0.0,0.0,33.33,0.0,0.0,0.0
9000008121,2025-09-14 23:00,0.943333,0,0,0,0,0,0,0,0,0,0,0,0,,0.0,0.0,0.0,0.0,0.0,0.0,0.0,0.0
9000008121,2025-09-15 00:00,0.956944,0,0,0,1,0,1,3,1,4,0,0,0,72.0,50.0,25.0,0.0,0.0,0.0,0.0,0.0,25.0
9000008121,2025-09-15 01:00,0.843889,0,0,0,0,0,0,0,0,0,0,0,0,,0.0,0.0,0.0,0.0,0.0,0.0,0.0,0.0
9000008121,2025-09-15 02:00,0.889444,0,0,0,0,0,0,1,1,2,0,0,0,18.5,0.0,100.0,0.0,0.0,0.0,0.0,0.0,0.0
9000008121,2025-09-15 03:00,0.89,0,0,0,0,0,0,2,0,2,0,0,0,8.5,100.0,0.0,0.0,0.0,0.0,0.0,0.0,0.0
9000008121,2025-09-15 04:00,0.926389,0,0,0,0,0,0,0,0,0,0,0,0,,0.0,0.0,0.0,0.0,0.0,0.0,0.0,0.0
9000008121,2025-09-15 05:00,0.910556,0,0,0,1,2,3,3,2,5,0,0,0,36.0,40.0,0.0,20.0,40.0,0.0,0.0,0.0,0.0
9000008121,2025-09-15 06:00,0.922222,0,0,0,3,5,8,27,23,50,3,0,3,34.0,26.09,19.57,26.09,17.39,4.35,2.17,0.0,0.0
9000008121,2025-09-15 07:00,0.913611,1,0,1,19,10,29,292,280,571,16,18,35,28.0,25.48,28.74,38.12,7.09,0.77,0.0,0.0,0.0
9000008121,2025-09-15 08:00,0.916944,1,1,2,8,7,14,390,289,679,38,33,71,28.5,22.03,25.88,42.77,8.52,0.8,0.16,0.0,0.0
9000008121,2025-09-15 09:00,0.958889,3,3,6,20,3,23,347,226,573,30,27,57,30.0,22.59,20.58,41.53,13.66,1.46,0.18,0.0,0.0
9000008121,2025-09-15 10:00,0.985278,4,5,9,9,11,20,265,210,475,33,20,54,29.5,25.85,22.22,39.1,11.11,1.28,0.43,0.0,0.0
9000008121,2025-09-15 11:00,0.999444,9,10,19,14,15,29,259,186,445,28,36,64,31.5,25.39,18.43,38.43,13.48,3.37,0.22,0.22,0.45
9000008121,2025-09-15 12:00,0.999444,2,1,3,13,9,22,250,198,448,15,24,39,29.5,25.67,26.34,35.27,10.94,1.79,0.0,0.0,0.0
9000008121,2025-09-15 13:00,0.999167,1,2,3,17,6,23,344,184,528,28,30,58,30.0,19.89,19.32,46.21,12.31,2.27,0.0,0.0,0.0
9000008121,2025-09-15 14:00,0.974722,0,0,0,27,7,34,442,237,679,32,26,57,31.0,19.49,18.43,44.56,15.26,1.36,0.6,0.15,0.0
9000008121,2025-09-15 15:00,0.984167,0,5,5,16,15,31,489,231,720,36,38,73,30.5,20.59,16.64,46.83,13.26,1.55,0.56,0.14,0.42
9000008121,2025-09-15 16:00,0.987778,0,7,7,22,6,28,484,252,736,35,32,67,30.5,22.56,19.26,41.95,13.76,1.65,0.83,0.0,0.0
9000008121,2025-09-15 17:00,0.999444,0,6,6,17,33,50,402,290,692,17,30,47,30.0,16.76,28.47,39.31,13.87,1.3,0.29,0.0,0.0
9000008121,2025-09-15 18:00,0.999444,1,7,8,6,14,20,267,219,486,10,19,29,30.0,18.52,29.84,37.24,12.35,2.06,0.0,0.0,0.0
9000008121,2025-09-15 19:00,0.963611,2,0,2,14,4,18,92,97,189,3,6,9,27.0,25.68,32.79,32.79,7.65,0.0,0.0,0.55,0.55
9000008121,2025-09-15 20:00,0.989444,0,0,0,1,0,1,3,3,6,0,0,0,30.5,66.67,0.0,16.67,16.67,0.0,0.0,0.0,0.0
9000008121,2025-09-15 21:00,0.905,0,0,0,4,3,8,6,8,14,0,0,0,20.5,38.46,38.46,7.69,7.69,0.0,0.0,0.0,0.0
9000008121,2025-09-15 22:00,0.9475,0,0,0,0,0,0,1,3,4,0,0,0,27.0,50.0,25.0,25.0,0.0,0.0,0.0,0.0,0.0
9000008121,2025-09-15 23:00,0.941667,0,0,0,0,0,0,3,1,4,0,0,0,37.0,0.0,25.0,0.0,75.0,0.0,0.0,0.0,0.0
9000008121,2025-09-16 00:00,0.96,0,0,0,0,0,0,0,0,0,0,1,1,,0.0,0.0,0.0,0.0,0.0,0.0,0.0,0.0
9000008121,2025-09-16 01:00,0.936389,0,0,0,1,0,1,1,0,1,0,0,0,54.0,0.0,0.0,0.0,0.0,0.0,100.0,0.0,0.0
9000008121,2025-09-16 02:00,0.911389,0,0,0,0,0,0,1,0,1,0,0,0,39.0,0.0,0.0,0.0,100.0,0.0,0.0,0.0,0.0
9000008121,2025-09-16 03:00,0.915833,0,0,0,1,1,2,0,4,4,0,0,0,32.0,50.0,25.0,0.0,25.0,0.0,0.0,0.0,0.0
9000008121,2025-09-16 04:00,0.978333,0,0,0,0,0,0,0,0,0,0,0,0,,0.0,0.0,0.0,0.0,0.0,0.0,0.0,0.0
9000008121,2025-09-16 05:00,0.935278,0,0,0,0,0,0,5,0,5,0,0,0,66.5,20.0,20.0,0.0,20.0,20.0,0.0,20.0,0.0
9000008121,2025-09-16 06:00,0.938056,0,0,0,6,1,7,48,37,85,6,1,7,30.5,28.75,27.5,27.5,11.25,3.75,0.0,0.0,0.0
9000008121,2025-09-16 07:00,0.956111,1,9,10,16,1,17,291,280,571,13,13,26,29.0,30.77,26.01,31.5,10.62,0.92,0.37,0.0,0.0
9000008121,2025-09-16 08:00,0.991389,0,6,6,15,4,19,368,254,623,36,26,62,31.0,23.01,22.69,36.63,15.88,1.46,0.16,0.16,0.0
9000008121,2025-09-16 09:00,0.964444,1,4,5,7,3,10,306,204,510,25,38,63,30.0,23.58,20.12,41.26,12.6,1.63,0.81,0.0,0.0
9000008121,2025-09-16 10:00,0.935278,0,8,8,12,6,18,267,200,466,25,25,50,29.5,25.92,19.95,41.06,10.78,1.61,0.69,0.0,0.0
9000008121,2025-09-16 11:00,0.999444,8,22,30,7,7,14,304,233,537,25,37,62,30.0,25.88,22.35,37.06,12.85,1.68,0.19,0.0,0.0
9000008121,2025-09-16 12:00,0.979722,3,24,27,17,11,28,288,196,485,29,45,74,31.5,27.58,15.16,40.0,12.84,3.58,0.63,0.0,0.21
9000008121,2025-09-16 13:00,0.999444,6,16,22,15,13,28,294,202,496,23,42,65,31.5,27.62,15.52,37.5,16.33,2.22,0.6,0.0,0.2
9000008121,2025-09-16 14:00,0.986389,2,15,17,21,18,39,403,261,664,48,34,82,31.0,25.95,19.24,38.32,13.74,2.44,0.46,0.0,0.0
9000008121,2025-09-16 15:00,0.983333,4,20,24,32,16,48,575,326,901,32,27,58,29.5,26.75,17.16,43.91,10.72,0.79,0.23,0.0,0.23
9000008121,2025-09-16 16:00,0.983611,2,21,24,31,11,42,631,298,929,38,22,60,29.0,18.93,23.63,45.3,10.61,1.2,0.22,0.11,0.0
9000008121,2025-09-16 17:00,0.989722,6,25,31,30,18,48,423,351,774,16,43,60,28.5,29.37,20.5,40.6,7.83,1.57,0.0,0.13,0.13
9000008121,2025-09-16 18:00,0.970833,6,35,41,30,5,35,325,232,558,13,25,37,28.5,29.52,18.63,40.96,8.49,2.03,0.18,0.0,0.0
9000008121,2025-09-16 19:00,0.936111,0,0,0,2,0,2,14,11,25,2,2,4,31.5,17.39,34.78,30.43,17.39,0.0,0.0,0.0,0.0
9000008121,2025-09-16 20:00,0.940833,0,0,0,0,1,1,1,2,3,1,0,1,19.0,0.0,100.0,0.0,0.0,0.0,0.0,0.0,0.0
9000008121,2025-09-16 21:00,0.873056,0,0,0,0,2,2,7,18,26,0,4,4,27.0,27.27,36.36,22.73,9.09,0.0,0.0,0.0,0.0
9000008121,2025-09-16 22:00,0.9375,0,0,0,0,0,0,1,3,4,0,0,0,22.0,50.0,25.0,25.0,0.0,0.0,0.0,0.0,0.0
9000008121,2025-09-16 23:00,0.925556,0,0,0,0,0,0,0,0,0,0,0,0,,0.0,0.0,0.0,0.0,0.0,0.0,0.0,0.0
9000008121,2025-09-17 00:00,0.890556,0,0,0,0,0,0,1,2,3,0,0,0,32.5,66.67,0.0,0.0,33.33,0.0,0.0,0.0,0.0
9000008121,2025-09-17 01:00,0.98,0,0,0,0,1,1,1,0,1,0,0,0,39.0,0.0,0.0,0.0,100.0,0.0,0.0,0.0,0.0
9000008121,2025-09-17 02:00,0.873333,0,0,0,0,0,0,0,0,0,0,0,0,,0.0,0.0,0.0,0.0,0.0,0.0,0.0,0.0
9000008121,2025-09-17 03:00,0.896111,0,0,0,0,2,2,0,0,0,0,0,0,,0.0,0.0,0.0,0.0,0.0,0.0,0.0,0.0
9000008121,2025-09-17 04:00,0.933333,0,0,0,0,0,0,1,1,2,0,0,0,29.0,0.0,0.0,100.0,0.0,0.0,0.0,0.0,0.0
9000008121,2025-09-17 05:00,0.931389,0,0,0,0,0,0,2,0,2,0,0,0,33.5,50.0,0.0,0.0,50.0,0.0,0.0,0.0,0.0
9000008121,2025-09-17 06:00,0.948056,0,1,1,7,1,8,52,49,101,5,3,8,30.0,14.58,36.46,35.42,11.46,3.12,0.0,0.0,0.0
9000008121,2025-09-17 07:00,0.94,1,7,8,9,2,11,285,281,567,21,21,42,27.5,36.59,19.7,34.9,6.57,1.69,0.38,0.0,0.19
9000008121,2025-09-17 08:00,0.946667,0,2,2,18,5,23,339,258,597,32,31,64,28.5,31.86,20.18,38.41,8.32,1.24,0.0,0.0,0.0
9000008121,2025-09-17 09:00,0.933889,1,0,1,17,4,21,293,182,475,25,20,45,29.5,22.52,23.42,41.44,10.59,1.58,0.45,0.0,0.0
9000008121,2025-09-17 10:00,0.984722,6,5,11,20,7,27,268,180,448,24,22,47,28.5,27.21,22.45,40.82,8.16,0.91,0.0,0.23,0.23
9000008121,2025-09-17 11:00,0.999444,0,14,14,17,9,26,324,202,526,34,34,68,31.0,27.38,14.64,41.25,15.02,1.14,0.38,0.19,0.0
9000008121,2025-09-17 12:00,0.996111,1,4,5,11,12,23,354,228,582,44,36,80,31.0,27.76,16.9,38.28,15.0,1.55,0.52,0.0,0.0
9000008121,2025-09-17 13:00,0.999444,1,11,12,26,10,36,336,222,558,25,29,54,30.0,31.0,14.52,39.61,13.08,1.61,0.18,0.0,0.0
9000008121,2025-09-17 14:00,0.971111,3,11,14,20,14,34,380,283,663,23,30,52,32.0,33.54,13.04,34.47,16.15,2.48,0.47,0.0,0.0
9000008121,2025-09-17 15:00,0.969444,2,13,15,41,21,62,522,354,877,34,41,75,31.5,26.94,16.24,38.71,15.65,2.35,0.12,0.0,0.0
9000008121,2025-09-17 16:00,0.999444,1,13,14,46,8,54,503,296,799,32,32,64,29.0,24.91,22.65,40.93,9.51,1.38,0.63,0.0,0.0
9000008121,2025-09-17 17:00,0.999167,1,11,12,28,14,42,354,299,653,15,21,36,29.0,31.44,20.4,36.04,10.74,1.38,0.15,0.0,0.0
9000008121,2025-09-17 18:00,0.999444,0,10,10,18,4,22,290,254,544,14,25,39,29.0,31.43,21.32,36.58,8.82,1.65,0.18,0.0,0.0
9000008121,2025-09-17 19:00,0.977222,2,0,2,18,1,19,94,79,174,3,2,5,28.0,30.0,27.65,32.94,7.06,1.76,0.59,0.0,0.0
9000008121,2025-09-17 20:00,0.973333,0,0,0,0,2,2,3,8,11,0,0,0,31.0,54.55,18.18,9.09,18.18,0.0,0.0,0.0,0.0
9000008121,2025-09-17 21:00,0.959444,0,0,0,1,0,1,3,0,3,0,0,0,28.0,33.33,33.33,33.33,0.0,0.0,0.0,0.0,0.0
9000008121,2025-09-17 22:00,0.8825,0,0,0,0,0,0,5,2,7,0,0,0,20.5,50.0,33.33,16.67,0.0,0.0,0.0,0.0,0.0
9000008121,2025-09-17 23:00,0.919167,0,0,0,0,0,0,3,1,4,0,0,0,22.0,50.0,25.0,25.0,0.0,0.0,0.0,0.0,0.0
9000008121,2025-09-18 00:00,0.900278,0,0,0,1,0,1,3,1,4,0,1,1,32.0,25.0,25.0,25.0,25.0,0.0,0.0,0.0,0.0
9000008121,2025-09-18 01:00,0.915833,0,0,0,0,0,0,0,0,0,0,0,0,,0.0,0.0,0.0,0.0,0.0,0.0,0.0,0.0
9000008121,2025-09-18 02:00,0.933056,0,0,0,0,1,1,1,1,2,0,0,0,63.5,50.0,0.0,0.0,0.0,0.0,0.0,50.0,0.0
9000008121,2025-09-18 03:00,0.941389,0,0,0,0,0,0,1,2,3,0,0,0,22.5,33.33,33.33,33.33,0.0,0.0,0.0,0.0,0.0
9000008121,2025-09-18 04:00,0.874722,0,0,0,0,0,0,2,1,4,0,0,0,32.5,33.33,0.0,33.33,33.33,0.0,0.0,0.0,0.0
9000008121,2025-09-18 05:00,0.956389,0,0,0,0,0,0,3,2,5,0,0,0,36.5,60.0,20.0,0.0,20.0,0.0,0.0,0.0,0.0
9000008121,2025-09-18 06:00,0.924722,0,0,0,1,2,3,22,8,31,2,1,3,33.5,21.43,10.71,50.0,7.14,3.57,3.57,0.0,3.57
9000008121,2025-09-18 07:00,0.968056,1,3,4,27,14,41,284,267,551,19,17,35,28.0,34.08,19.66,38.01,6.93,1.12,0.19,0.0,0.0
9000008121,2025-09-18 08:00,0.966389,2,4,6,13,12,24,387,302,689,27,29,56,29.5,27.48,21.92,37.84,11.11,1.5,0.15,0.0,0.0
9000008121,2025-09-18 09:00,0.965833,1,2,3,16,8,25,308,213,521,21,31,52,29.5,25.05,20.87,41.15,11.13,1.59,0.4,0.0,0.0
9000008121,2025-09-18 10:00,0.9725,1,0,1,20,10,30,238,191,429,21,35,56,29.5,22.3,23.02,41.49,11.27,1.44,0.48,0.0,0.0
9000008121,2025-09-18 11:00,0.964722,1,0,1,12,3,15,279,204,483,20,26,46,30.0,27.47,18.24,39.27,12.23,2.79,0.0,0.0,0.0
9000008121,2025-09-18 13:00,0.728611,1,4,5,25,3,27,380,207,586,21,25,45,30.0,22.25,18.03,44.96,12.88,1.64,0.47,0.0,0.0
9000008121,2025-09-18 14:00,0.997222,0,8,8,23,10,33,415,274,689,32,32,64,30.0,24.89,22.71,38.14,11.5,2.33,0.29,0.0,0.15
9000008121,2025-09-18 15:00,0.999167,4,4,8,35,12,47,539,391,930,33,32,65,28.5,26.37,21.96,41.87,7.97,1.72,0.22,0.0,0.0
9000008121,2025-09-18 16:00,0.999444,3,10,13,28,30,58,603,425,1028,27,36,63,29.5,18.01,27.07,41.97,11.0,1.66,0.29,0.1,0.0
9000008121,2025-09-18 17:00,0.983333,4,14,18,23,3,26,418,233,651,22,19,42,30.5,23.12,18.44,42.19,14.38,1.72,0.16,0.0,0.0
9000008121,2025-09-18 18:00,0.982222,2,12,14,18,18,37,276,233,509,7,22,29,29.5,24.6,23.8,38.8,10.6,1.6,0.2,0.0,0.2
9000008121,2025-09-18 19:00,0.978333,0,0,0,2,0,2,32,31,63,2,2,4,28.5,27.42,25.81,38.71,6.45,3.23,0.0,0.0,0.0
9000008121,2025-09-18 20:00,0.989167,0,0,0,0,0,0,0,0,0,0,0,0,,0.0,0.0,0.0,0.0,0.0,0.0,0.0,0.0
9000008121,2025-09-18 21:00,0.978611,0,0,0,0,0,0,2,1,3,0,0,0,73.0,66.67,0.0,0.0,0.0,0.0,0.0,0.0,33.33
9000008121,2025-09-18 22:00,0.961389,0,0,0,1,0,1,4,14,19,0,0,0,13.0,72.22,22.22,0.0,5.56,0.0,0.0,0.0,0.0
9000008121,2025-09-18 23:00,0.991389,0,0,0,0,0,0,0,0,0,0,0,0,,0.0,0.0,0.0,0.0,0.0,0.0,0.0,0.0
9000008121,2025-09-19 00:00,0.966944,0,0,0,0,0,0,0,0,0,0,0,0,,0.0,0.0,0.0,0.0,0.0,0.0,0.0,0.0
9000008121,2025-09-19 01:00,0.9575,0,0,0,0,0,0,0,0,0,0,0,0,,0.0,0.0,0.0,0.0,0.0,0.0,0.0,0.0
9000008121,2025-09-19 02:00,0.982222,0,0,0,0,0,0,0,0,0,0,0,0,,0.0,0.0,0.0,0.0,0.0,0.0,0.0,0.0
9000008121,2025-09-19 03:00,0.946389,0,0,0,0,0,0,2,2,4,0,0,0,12.0,75.0,25.0,0.0,0.0,0.0,0.0,0.0,0.0
9000008121,2025-09-19 04:00,0.960278,0,0,0,0,0,0,0,0,0,0,0,0,,0.0,0.0,0.0,0.0,0.0,0.0,0.0,0.0
9000008121,2025-09-19 05:00,0.971111,0,0,0,0,1,1,0,0,0,0,0,0,,0.0,0.0,0.0,0.0,0.0,0.0,0.0,0.0
9000008121,2025-09-19 06:00,0.985833,0,0,0,0,0,0,0,0,0,0,0,0,,0.0,0.0,0.0,0.0,0.0,0.0,0.0,0.0
9000008121,2025-09-19 07:00,0.98,2,30,32,12,8,20,236,233,469,18,28,46,29.0,32.03,23.53,32.03,9.8,2.18,0.44,0.22,0.0
9000008121,2025-09-19 08:00,0.985278,7,12,19,15,2,17,305,254,559,26,27,53,30.0,29.22,22.14,33.94,13.07,1.81,0.0,0.0,0.0
9000008121,2025-09-19 09:00,0.999444,0,3,3,18,5,23,296,181,477,30,24,54,30.5,26.0,16.98,40.88,13.42,2.52,0.21,0.0,0.0
9000008121,2025-09-19 10:00,0.999444,1,4,5,15,6,21,279,167,446,20,32,52,31.0,25.56,14.8,42.6,15.02,1.57,0.45,0.0,0.0
9000008121,2025-09-19 11:00,0.999444,0,5,5,17,5,22,332,190,522,33,25,58,31.5,24.14,14.75,41.95,16.67,1.53,0.57,0.0,0.38
9000008121,2025-09-19 12:00,0.999444,2,8,10,15,11,26,331,237,568,34,30,64,31.5,23.77,20.6,38.03,15.32,1.58,0.18,0.0,0.53
9000008121,2025-09-19 13:00,0.999444,1,6,7,16,10,26,335,207,542,25,47,72,30.0,19.37,20.85,44.65,13.1,1.66,0.37,0.0,0.0
9000008121,2025-09-19 14:00,0.999444,4,10,14,17,19,36,351,244,595,21,43,64,29.5,25.04,20.34,42.02,11.09,1.51,0.0,0.0,0.0
9000008121,2025-09-19 15:00,0.999167,0,5,5,16,8,24,498,332,830,22,35,57,29.0,22.2,24.97,41.25,10.13,1.21,0.36,0.0,0.0
9000008121,2025-09-19 16:00,0.999722,1,7,8,23,35,58,389,267,656,27,28,55,29.5,12.96,29.88,44.21,11.43,1.07,0.3,0.15,0.0
9000008121,2025-09-19 17:00,0.985278,1,15,16,33,29,63,318,235,553,19,25,44,29.0,20.55,28.62,40.0,9.91,0.55,0.18,0.37,0.0
9000008121,2025-09-19 18:00,0.999444,1,6,7,21,9,30,326,184,510,16,35,51,29.5,22.35,20.2,44.71,11.18,0.98,0.59,0.0,0.0
9000008121,2025-09-19 19:00,0.982778,1,1,2,5,1,6,74,42,116,2,3,5,30.0,21.05,19.3,44.74,10.53,3.51,0.88,0.0,0.0
9000008121,2025-09-19 20:00,0.994722,0,0,0,0,2,2,2,2,4,0,1,1,22.0,25.0,50.0,25.0,0.0,0.0,0.0,0.0,0.0
9000008121,2025-09-19 21:00,0.974444,0,0,0,1,1,2,3,1,4,0,0,0,52.0,75.0,0.0,0.0,0.0,0.0,25.0,0.0,0.0
9000008121,2025-09-19 22:00,0.983611,0,0,0,0,0,0,0,0,0,0,0,0,,0.0,0.0,0.0,0.0,0.0,0.0,0.0,0.0
9000008121,2025-09-19 23:00,0.976389,0,0,0,0,2,2,0,0,0,0,0,0,,0.0,0.0,0.0,0.0,0.0,0.0,0.0,0.0
9000008121,2025-09-20 00:00,0.965278,0,0,0,0,0,0,1,1,2,0,0,0,33.5,0.0,50.0,0.0,50.0,0.0,0.0,0.0,0.0
9000008121,2025-09-20 01:00,0.978889,0,0,0,0,0,0,0,1,1,0,0,0,9.0,100.0,0.0,0.0,0.0,0.0,0.0,0.0,0.0
9000008121,2025-09-20 02:00,0.962778,0,0,0,0,0,0,0,0,0,0,0,0,,0.0,0.0,0.0,0.0,0.0,0.0,0.0,0.0
9000008121,2025-09-20 03:00,0.956944,0,0,0,1,1,2,2,2,4,0,0,0,27.0,50.0,25.0,25.0,0.0,0.0,0.0,0.0,0.0
9000008121,2025-09-20 04:00,0.958611,0,0,0,0,0,0,1,0,1,0,0,0,14.0,0.0,100.0,0.0,0.0,0.0,0.0,0.0,0.0
9000008121,2025-09-20 05:00,0.965278,0,0,0,0,0,0,0,0,0,0,0,0,,0.0,0.0,0.0,0.0,0.0,0.0,0.0,0.0
9000008121,2025-09-20 06:00,0.971667,0,0,0,1,0,1,12,6,18,1,4,5,31.0,23.53,29.41,29.41,11.76,5.88,0.0,0.0,0.0
9000008121,2025-09-20 07:00,0.962778,0,0,0,3,0,3,58,24,82,4,6,10,31.5,16.46,20.25,44.3,17.72,1.27,0.0,0.0,0.0
9000008121,2025-09-20 08:00,0.983611,1,0,1,5,1,6,121,70,191,6,14,20,30.0,22.87,22.34,40.43,11.7,2.13,0.53,0.0,0.0
9000008121,2025-09-20 09:00,0.999444,2,6,8,15,3,18,214,119,333,13,16,29,31.5,19.52,22.52,39.34,16.52,1.2,0.3,0.6,0.0
9000008121,2025-09-20 10:00,0.996944,3,8,11,18,4,22,243,159,401,13,16,29,30.5,19.75,21.5,43.25,12.25,2.5,0.0,0.0,0.75
9000008121,2025-09-20 11:00,0.995278,3,4,7,4,12,16,232,197,429,21,35,56,31.0,30.21,15.22,37.47,13.11,3.28,0.23,0.23,0.23
9000008121,2025-09-20 12:00,0.999444,2,2,4,7,2,9,199,161,360,16,61,77,31.5,20.83,22.5,38.89,13.89,3.06,0.28,0.28,0.28
9000008121,2025-09-20 13:00,0.999444,2,1,3,20,12,32,302,123,425,18,71,89,29.5,17.18,28.71,41.18,10.12,2.35,0.47,0.0,0.0
9000008121,2025-09-20 14:00,0.999722,0,8,8,22,22,44,285,194,479,11,20,31,29.5,24.43,21.09,41.54,11.27,1.46,0.21,0.0,0.0
9000008121,2025-09-20 15:00,0.999444,3,9,12,17,20,37,284,180,464,10,15,25,30.0,22.2,20.69,42.89,12.07,1.29,0.43,0.43,0.0
9000008121,2025-09-20 16:00,0.999444,1,10,11,19,23,42,277,184,461,11,20,31,30.5,19.52,20.61,43.6,14.53,1.52,0.22,0.0,0.0
9000008121,2025-09-20 17:00,0.999444,3,8,11,29,20,49,201,189,390,14,22,36,30.0,29.23,21.54,34.87,12.56,0.77,1.03,0.0,0.0
9000008121,2025-09-20 18:00,0.999444,3,3,6,21,5,26,207,170,377,12,32,44,28.0,30.5,24.67,36.6,7.43,0.8,0.0,0.0,0.0
9000008121,2025-09-20 19:00,0.999444,0,0,0,6,4,10,53,45,98,3,1,4,31.5,23.47,25.51,32.65,16.33,2.04,0.0,0.0,0.0
9000008121,2025-09-20 20:00,0.985278,0,0,0,0,1,1,2,0,2,0,0,0,38.5,50.0,0.0,0.0,50.0,0.0,0.0,0.0,0.0
9000008121,2025-09-20 21:00,0.999722,0,0,0,0,0,0,1,0,1,0,0,0,14.0,0.0,100.0,0.0,0.0,0.0,0.0,0.0,0.0
9000008121,2025-09-20 22:00,0.999444,0,0,0,0,0,0,1,0,1,0,1,1,54.0,0.0,0.0,0.0,0.0,0.0,100.0,0.0,0.0
9000008121,2025-09-20 23:00,0.959167,0,0,0,0,0,0,0,0,0,0,0,0,,0.0,0.0,0.0,0.0,0.0,0.0,0.0,0.0
9000008121,2025-09-21 00:00,0.993611,0,0,0,0,0,0,0,0,0,0,0,0,,0.0,0.0,0.0,0.0,0.0,0.0,0.0,0.0
9000008121,2025-09-21 01:00,0.999167,0,0,0,0,0,0,0,0,0,0,0,0,,0.0,0.0,0.0,0.0,0.0,0.0,0.0,0.0
9000008121,2025-09-21 02:00,0.984722,0,0,0,0,0,0,1,0,1,0,0,0,34.0,0.0,0.0,0.0,100.0,0.0,0.0,0.0,0.0
9000008121,2025-09-21 03:00,0.999444,0,0,0,0,0,0,0,0,0,0,0,0,,0.0,0.0,0.0,0.0,0.0,0.0,0.0,0.0
9000008121,2025-09-21 04:00,0.984722,0,0,0,0,0,0,0,0,0,0,0,0,,0.0,0.0,0.0,0.0,0.0,0.0,0.0,0.0
9000008121,2025-09-21 05:00,0.946944,0,0,0,0,0,0,0,0,0,0,0,0,,0.0,0.0,0.0,0.0,0.0,0.0,0.0,0.0
9000008121,2025-09-21 06:00,0.968611,0,0,0,2,0,2,7,7,15,1,0,1,29.5,14.29,50.0,21.43,0.0,7.14,0.0,7.14,0.0
9000008121,2025-09-21 07:00,0.987778,1,0,1,2,0,2,52,53,104,4,6,10,31.0,44.66,12.62,26.21,12.62,2.91,0.97,0.0,0.0
9000008121,2025-09-21 08:00,0.999444,1,0,1,2,0,2,78,55,133,5,6,11,29.5,24.81,15.79,46.62,11.28,1.5,0.0,0.0,0.0
9000008121,2025-09-21 09:00,0.999444,2,2,4,11,2,13,136,115,251,10,7,17,29.5,33.07,15.54,37.45,11.95,1.2,0.8,0.0,0.0
9000008121,2025-09-21 10:00,0.999444,4,11,15,7,6,13,148,153,301,7,11,18,31.5,32.23,21.59,28.57,12.29,5.32,0.0,0.0,0.0
9000008121,2025-09-21 11:00,0.999722,1,3,4,15,1,16,165,129,294,18,33,51,30.5,26.19,21.77,36.39,13.27,2.38,0.0,0.0,0.0
9000008121,2025-09-21 12:00,0.999444,0,0,0,10,2,12,197,145,342,11,43,54,30.5,25.73,16.96,41.52,12.57,2.92,0.29,0.0,0.0
9000008121,2025-09-21 13:00,0.999444,0,5,5,13,16,29,241,257,498,7,39,46,30.0,29.52,22.49,33.53,12.25,2.01,0.2,0.0,0.0
9000008121,2025-09-21 14:00,0.999722,3,9,12,21,20,41,253,316,569,15,41,56,28.5,28.47,29.35,31.81,8.61,1.05,0.7,0.0,0.0
9000008121,2025-09-21 15:00,0.999167,0,12,12,16,10,26,235,242,477,11,24,35,29.5,33.96,20.34,32.7,9.43,3.35,0.0,0.21,0.0
9000008121,2025-09-21 16:00,0.999722,4,15,19,10,14,24,231,243,474,13,32,45,30.0,31.01,20.04,34.6,12.03,1.9,0.0,0.21,0.21
9000008121,2025-09-21 17:00,0.999444,1,3,4,20,8,28,227,192,419,9,23,32,30.5,28.4,19.57,36.04,11.46,3.58,0.48,0.24,0.24
9000008121,2025-09-21 18:00,0.999444,0,2,2,14,8,22,222,167,389,5,13,18,30.0,25.45,19.54,40.87,12.85,1.29,0.0,0.0,0.0
9000008121,2025-09-21 19:00,0.973889,0,0,0,4,1,5,13,21,34,1,1,2,28.5,33.33,24.24,30.3,9.09,0.0,0.0,0.0,0.0
9000008121,2025-09-21 20:00,0.975833,0,0,0,0,0,0,1,0,1,0,0,0,9.0,100.0,0.0,0.0,0.0,0.0,0.0,0.0,0.0
9000008121,2025-09-21 21:00,0.993056,0,0,0,0,1,1,0,1,1,0,0,0,14.0,0.0,100.0,0.0,0.0,0.0,0.0,0.0,0.0
9000008121,2025-09-21 22:00,0.964444,0,0,0,0,0,0,0,0,0,0,0,0,,0.0,0.0,0.0,0.0,0.0,0.0,0.0,0.0
9000008121,2025-09-21 23:00,0.924722,0,0,0,0,1,1,0,0,0,0,0,0,,0.0,0.0,0.0,0.0,0.0,0.0,0.0,0.0
9000008121,2025-09-22 00:00,0.931944,0,0,0,0,1,1,1,1,2,0,0,0,19.0,0.0,100.0,0.0,0.0,0.0,0.0,0.0,0.0
9000008121,2025-09-22 01:00,0.930556,0,0,0,0,0,0,0,0,0,0,0,0,,0.0,0.0,0.0,0.0,0.0,0.0,0.0,0.0
9000008121,2025-09-22 02:00,0.906389,0,0,0,0,0,0,1,0,1,0,0,0,9.0,100.0,0.0,0.0,0.0,0.0,0.0,0.0,0.0
9000008121,2025-09-22 03:00,0.919444,0,0,0,0,0,0,1,0,1,0,0,0,19.0,0.0,100.0,0.0,0.0,0.0,0.0,0.0,0.0
9000008121,2025-09-22 04:00,0.913889,0,0,0,0,0,0,2,1,3,0,0,0,13.0,66.67,33.33,0.0,0.0,0.0,0.0,0.0,0.0
9000008121,2025-09-22 05:00,0.9075,0,0,0,0,0,0,1,3,5,1,0,1,37.0,25.0,0.0,50.0,25.0,0.0,0.0,0.0,0.0
9000008121,2025-09-22 06:00,0.847222,0,0,0,2,0,2,33,20,53,1,1,2,32.0,17.78,15.56,46.67,11.11,6.67,0.0,0.0,0.0
9000008121,2025-09-22 07:00,0.876111,0,0,0,8,2,10,217,231,448,11,28,38,28.0,31.04,24.94,34.61,8.14,1.27,0.0,0.0,0.0
9000008121,2025-09-22 08:00,0.912222,2,2,4,23,2,25,312,241,553,22,26,48,28.5,23.21,28.37,37.5,9.92,0.6,0.4,0.0,0.2
9000008121,2025-09-22 09:00,0.956389,0,2,2,12,1,13,293,149,442,24,20,44,31.5,24.35,18.44,39.48,16.31,1.18,0.24,0.0,0.0
9000008121,2025-09-22 10:00,0.981944,1,5,6,11,2,13,232,134,366,27,17,44,31.0,26.39,18.61,37.78,15.28,1.11,0.83,0.0,0.0
9000008121,2025-09-22 11:00,0.999444,1,6,7,8,0,8,223,134,357,25,33,58,32.0,24.93,13.73,40.62,17.93,1.68,0.56,0.28,0.28
9000008121,2025-09-22 12:00,0.946111,0,9,9,21,6,27,223,149,372,25,31,55,30.5,23.3,19.89,40.62,13.35,2.56,0.28,0.0,0.0
9000008121,2025-09-22 13:00,0.975556,1,10,11,13,5,19,266,124,389,20,25,45,31.5,20.26,16.05,44.74,16.32,2.37,0.53,0.0,0.0
9000008121,2025-09-22 14:00,0.970278,5,7,12,29,4,33,302,166,468,15,13,29,32.0,25.77,14.98,38.33,18.06,3.08,0.0,0.0,0.0
9000008121,2025-09-22 15:00,0.991111,2,7,9,26,4,30,416,188,604,26,21,47,31.5,20.2,16.19,44.57,16.36,2.0,0.5,0.0,0.17
9000008121,2025-09-22 16:00,0.968889,2,16,18,30,7,37,379,174,553,17,21,37,31.5,21.27,15.67,44.22,17.16,1.49,0.19,0.0,0.0
9000008121,2025-09-22 17:00,0.925278,4,5,10,20,3,23,276,154,431,11,8,19,32.0,27.57,13.28,39.6,16.79,2.01,0.0,0.5,0.5
9000008121,2025-09-22 18:00,0.960556,2,12,14,17,13,30,221,146,367,12,19,30,28.5,21.81,27.2,40.79,8.78,0.85,0.0,0.28,0.0
9000008121,2025-09-22 19:00,0.923889,0,0,0,10,1,11,39,24,62,2,2,4,30.5,25.86,20.69,37.93,10.34,5.17,0.0,0.0,0.0
9000008121,2025-09-22 20:00,0.9425,0,0,0,0,1,1,4,3,7,0,0,0,29.5,28.57,42.86,14.29,0.0,14.29,0.0,0.0,0.0
9000008121,2025-09-22 21:00,0.918889,0,0,0,1,0,1,0,0,0,0,0,0,,0.0,0.0,0.0,0.0,0.0,0.0,0.0,0.0
9000008121,2025-09-22 22:00,0.965,0,0,0,0,0,0,0,0,0,0,0,0,,0.0,0.0,0.0,0.0,0.0,0.0,0.0,0.0
9000008121,2025-09-22 23:00,0.889444,0,0,0,2,0,2,0,0,0,0,0,0,,0.0,0.0,0.0,0.0,0.0,0.0,0.0,0.0
9000008121,2025-09-23 00:00,0.903611,0,0,0,0,0,0,0,0,0,0,0,0,,0.0,0.0,0.0,0.0,0.0,0.0,0.0,0.0
9000008121,2025-09-23 01:00,0.825,0,0,0,0,0,0,5,1,7,0,0,0,25.5,50.0,33.33,16.67,0.0,0.0,0.0,0.0,0.0
9000008121,2025-09-23 02:00,0.788333,0,0,0,0,0,0,1,1,2,0,0,0,28.5,50.0,0.0,50.0,0.0,0.0,0.0,0.0,0.0
9000008121,2025-09-23 03:00,0.7525,0,0,0,0,0,0,3,1,4,0,0,0,38.0,33.33,0.0,33.33,33.33,0.0,0.0,0.0,0.0
9000008121,2025-09-23 04:00,0.749722,0,0,0,0,0,0,4,1,6,0,0,0,22.0,25.0,50.0,25.0,0.0,0.0,0.0,0.0,0.0
9000008121,2025-09-23 05:00,0.793611,0,0,0,4,1,5,3,4,7,0,0,0,38.0,40.0,0.0,0.0,60.0,0.0,0.0,0.0,0.0
9000008121,2025-09-23 06:00,0.821111,0,0,0,5,0,5,24,14,38,0,3,3,34.5,22.58,19.35,32.26,16.13,3.23,3.23,0.0,0.0
9000008121,2025-09-23 07:00,0.848889,1,0,1,11,3,14,206,170,376,31,23,54,28.0,30.41,24.14,36.05,8.15,0.94,0.0,0.0,0.0
9000008121,2025-09-23 08:00,0.794444,2,5,7,12,1,13,257,134,392,14,25,39,29.0,24.12,23.79,40.19,9.97,1.29,0.0,0.32,0.32
9000008121,2025-09-23 09:00,0.899167,0,8,8,9,4,13,244,126,370,12,11,23,29.5,14.71,26.13,45.35,11.71,0.0,0.9,0.3,0.6
9000008121,2025-09-23 10:00,0.884167,5,12,17,1,0,1,193,114,307,32,15,47,29.5,16.97,38.75,30.63,9.23,4.06,0.0,0.0,0.0
9000008121,2025-09-23 11:00,0.976944,0,1,1,8,4,12,200,81,281,37,61,98,31.5,9.49,26.28,46.35,15.33,2.55,0.0,0.0,0.36
9000008121,2025-09-23 12:00,0.971944,0,2,2,5,1,6,170,59,228,30,71,101,32.0,8.56,19.82,53.15,12.61,4.95,0.45,0.0,0.45
9000008121,2025-09-23 13:00,0.963056,0,6,6,10,10,21,183,80,263,19,31,49,29.5,12.65,32.02,42.69,10.28,1.98,0.4,0.0,0.0
9000008121,2025-09-23 14:00,0.999167,2,9,11,18,15,33,261,121,382,16,16,32,30.0,12.57,31.41,40.58,13.61,1.05,0.26,0.0,0.52
9000008121,2025-09-23 15:00,0.988611,1,12,13,20,14,34,401,158,559,21,27,49,31.0,15.55,22.42,45.39,14.29,1.81,0.36,0.18,0.0
9000008121,2025-09-23 16:00,0.999167,2,25,27,22,13,35,383,177,560,17,32,49,30.0,17.5,21.25,46.43,12.32,2.32,0.18,0.0,0.0
9000008121,2025-09-23 17:00,0.96,1,25,26,25,13,39,298,128,426,16,14,30,30.5,18.58,21.52,43.52,14.43,1.47,0.49,0.0,0.0
9000008121,2025-09-23 18:00,0.982778,0,15,15,12,12,24,214,133,347,5,20,25,29.5,21.11,28.15,37.83,11.73,1.47,0.0,0.0,0.0
9000008121,2025-09-23 19:00,0.9225,0,0,0,11,3,14,35,23,58,1,3,4,30.0,16.98,30.19,39.62,15.09,0.0,0.0,0.0,0.0
9000008121,2025-09-23 20:00,0.858333,0,0,0,5,0,5,5,7,12,0,0,0,24.0,40.0,30.0,10.0,0.0,10.0,0.0,0.0,0.0
9000008121,2025-09-23 21:00,0.925556,0,0,0,0,1,1,6,2,8,0,0,0,20.0,42.86,42.86,14.29,0.0,0.0,0.0,0.0,0.0
9000008121,2025-09-23 22:00,0.890833,0,0,0,0,0,0,3,0,3,0,2,2,8.5,100.0,0.0,0.0,0.0,0.0,0.0,0.0,0.0
9000008121,2025-09-23 23:00,0.924722,0,0,0,0,1,1,0,4,4,0,0,0,22.0,25.0,50.0,25.0,0.0,0.0,0.0,0.0,0.0
9000008121,2025-09-24 00:00,0.793333,0,0,0,0,1,1,2,1,4,0,0,0,14.0,0.0,100.0,0.0,0.0,0.0,0.0,0.0,0.0
9000008121,2025-09-24 01:00,0.875278,0,0,0,0,0,0,1,5,7,0,0,0,11.5,66.67,16.67,0.0,0.0,0.0,0.0,0.0,0.0
9000008121,2025-09-24 02:00,0.93,0,0,0,0,0,0,0,0,0,0,0,0,,0.0,0.0,0.0,0.0,0.0,0.0,0.0,0.0
9000008121,2025-09-24 03:00,0.836667,0,0,0,0,0,0,2,6,8,0,0,0,29.5,57.14,14.29,14.29,0.0,0.0,14.29,0.0,0.0
9000008121,2025-09-24 04:00,0.896667,0,0,0,0,0,0,9,1,11,0,0,0,56.5,55.56,11.11,0.0,11.11,0.0,22.22,0.0,0.0
9000008121,2025-09-24 05:00,0.843611,0,0,0,0,0,0,5,3,8,0,0,0,61.0,33.33,33.33,0.0,0.0,0.0,16.67,16.67,0.0
9000008121,2025-09-24 06:00,0.823611,0,0,0,3,1,4,20,19,39,1,4,6,36.0,37.5,15.62,15.62,25.0,3.12,0.0,3.12,0.0
9000008121,2025-09-24 07:00,0.821111,1,0,1,9,5,15,153,134,286,14,15,29,29.0,34.04,25.11,28.51,10.64,1.7,0.0,0.0,0.0
9000008121,2025-09-24 08:00,0.856667,1,0,1,7,5,12,243,128,372,12,11,23,29.5,28.62,16.35,42.14,10.69,1.57,0.0,0.0,0.0
9000008121,2025-09-24 09:00,0.932778,1,5,6,3,6,10,223,95,318,15,11,26,32.5,18.86,16.5,43.1,19.87,1.35,0.34,0.0,0.0
9000008121,2025-09-24 10:00,0.951944,0,1,1,6,0,6,176,112,288,39,20,59,29.5,24.82,26.64,35.04,10.58,2.19,0.36,0.0,0.0
9000008121,2025-09-24 11:00,0.953889,0,1,1,3,0,3,191,92,283,30,32,62,29.0,8.89,32.96,46.3,11.11,0.37,0.0,0.0,0.0
9000008121,2025-09-24 12:00,0.940278,0,0,0,4,2,6,150,21,171,13,57,69,33.5,1.24,20.5,53.42,19.88,3.11,1.24,0.0,0.62
9000008121,2025-09-24 13:00,0.999167,0,1,1,6,2,8,185,39,224,9,56,65,33.0,6.7,30.8,41.96,14.29,5.36,0.45,0.45,0.0
9000008121,2025-09-24 14:00,0.996667,1,8,9,11,16,27,276,117,393,10,19,29,31.0,12.76,22.45,47.96,15.31,1.28,0.0,0.0,0.26
9000008121,2025-09-24 15:00,0.983611,0,16,16,26,21,48,369,181,549,21,18,40,30.0,17.04,21.67,46.11,13.7,1.11,0.0,0.37,0.19
9000008121,2025-09-24 16:00,0.962222,0,26,26,28,13,42,384,182,566,23,27,50,29.5,19.45,22.2,44.4,12.11,2.02,0.0,0.0,0.0
9000008121,2025-09-24 17:00,0.976944,1,12,13,38,8,46,344,182,526,14,20,34,29.0,20.04,21.79,47.47,8.17,2.33,0.19,0.0,0.0
9000008121,2025-09-24 18:00,0.945,4,14,18,14,10,23,242,136,378,8,15,23,29.5,20.73,28.57,37.54,11.48,1.68,0.28,0.28,0.0
9000008121,2025-09-24 19:00,0.936667,0,0,0,6,4,10,26,21,47,0,1,1,29.5,38.64,13.64,34.09,11.36,2.27,0.0,0.0,0.0
9000008121,2025-09-24 20:00,0.871389,0,0,0,4,0,4,5,8,13,0,2,2,36.5,41.67,8.33,16.67,16.67,0.0,8.33,0.0,0.0
9000008121,2025-09-24 21:00,0.920556,0,0,0,1,0,1,8,8,16,0,1,1,18.5,73.33,13.33,6.67,6.67,0.0,0.0,0.0,0.0
9000008121,2025-09-24 22:00,0.876944,0,0,0,0,1,1,5,5,10,0,0,0,44.0,50.0,12.5,12.5,0.0,12.5,0.0,12.5,0.0
9000008121,2025-09-24 23:00,0.875556,0,0,0,1,0,1,0,1,1,0,0,0,9.0,100.0,0.0,0.0,0.0,0.0,0.0,0.0,0.0
9000008121,2025-09-25 00:00,0.898611,0,0,0,0,0,0,4,4,8,0,0,0,20.5,57.14,14.29,14.29,0.0,0.0,0.0,0.0,0.0
9000008121,2025-09-25 01:00,0.865833,0,0,0,0,0,0,0,0,0,0,0,0,,0.0,0.0,0.0,0.0,0.0,0.0,0.0,0.0
9000008121,2025-09-25 02:00,0.830833,0,0,0,0,0,0,0,0,0,0,0,0,,0.0,0.0,0.0,0.0,0.0,0.0,0.0,0.0
9000008121,2025-09-25 03:00,0.793333,0,0,0,0,0,0,0,0,0,0,0,0,,0.0,0.0,0.0,0.0,0.0,0.0,0.0,0.0
9000008121,2025-09-25 04:00,0.764167,0,0,0,0,1,1,1,1,3,0,0,0,23.5,50.0,0.0,50.0,0.0,0.0,0.0,0.0,0.0
9000008121,2025-09-25 05:00,0.850278,0,0,0,1,1,2,1,1,2,0,0,0,18.5,0.0,100.0,0.0,0.0,0.0,0.0,0.0,0.0
9000008121,2025-09-25 06:00,0.761944,0,0,0,3,0,3,22,30,52,1,4,5,29.5,30.77,25.64,33.33,5.13,7.69,0.0,0.0,0.0
9000008121,2025-09-25 07:00,0.7825,1,1,2,10,4,14,178,135,313,18,19,37,28.5,29.8,26.12,32.24,11.02,0.82,0.0,0.41,0.0
9000008121,2025-09-25 08:00,0.836389,0,0,0,4,1,5,264,150,413,20,16,36,29.0,19.36,28.32,40.17,9.25,1.73,0.58,0.29,0.0
9000008121,2025-09-25 09:00,0.951944,1,1,2,6,4,10,205,121,326,15,13,27,30.0,19.03,25.16,40.97,14.52,0.32,0.0,0.32,0.0
9000008121,2025-09-25 10:00,0.923889,7,6,14,9,6,15,202,116,318,19,20,39,31.0,25.6,25.6,31.74,12.29,4.1,0.34,0.34,0.0
9000008121,2025-09-25 11:00,0.867778,3,8,11,12,8,20,208,124,333,20,17,37,28.5,14.53,31.14,43.6,9.69,1.04,0.0,0.0,0.0
9000008121,2025-09-25 12:00,0.956667,1,5,6,19,9,28,190,133,323,25,26,51,30.5,17.15,23.95,42.72,11.0,4.53,0.32,0.32,0.0
9000008121,2025-09-25 13:00,0.973333,0,6,6,17,5,22,218,129,347,19,41,60,31.0,7.1,30.77,44.38,15.09,1.78,0.3,0.0,0.3
9000008121,2025-09-25 14:00,0.998333,4,23,27,21,4,25,301,154,456,19,22,41,30.0,26.15,18.02,41.76,12.09,1.54,0.44,0.0,0.0
9000008121,2025-09-25 15:00,0.944722,2,26,29,24,6,31,370,190,560,17,19,36,29.5,22.87,21.17,42.16,13.04,0.57,0.19,0.0,0.0
9000008121,2025-09-25 16:00,0.98,2,13,15,19,5,24,367,177,545,20,21,41,30.5,17.98,21.54,44.19,12.92,2.62,0.37,0.19,0.0
9000008121,2025-09-25 17:00,0.910556,3,21,24,9,8,16,250,164,414,12,24,36,31.0,23.61,23.08,37.14,13.0,2.92,0.53,0.0,0.0
9000008121,2025-09-25 18:00,0.966111,1,1,2,14,7,21,206,160,366,5,13,18,28.0,14.97,38.42,36.44,9.04,1.13,0.0,0.0,0.0
9000008121,2025-09-25 19:00,0.848889,0,0,0,0,0,0,5,7,12,0,0,0,34.0,20.0,20.0,30.0,30.0,0.0,0.0,0.0,0.0
9000008121,2025-09-25 20:00,0.908056,0,0,0,4,2,7,8,3,11,0,0,0,24.5,20.0,30.0,40.0,0.0,0.0,10.0,0.0,0.0
9000008121,2025-09-25 21:00,0.886389,0,0,0,1,0,1,1,3,4,0,3,3,12.0,75.0,25.0,0.0,0.0,0.0,0.0,0.0,0.0
9000008121,2025-09-25 22:00,0.885278,0,0,0,0,0,0,2,2,5,0,0,0,42.0,25.0,50.0,0.0,0.0,25.0,0.0,0.0,0.0
9000008121,2025-09-25 23:00,0.878333,0,0,0,0,0,0,3,4,8,0,0,0,19.5,42.86,42.86,0.0,0.0,14.29,0.0,0.0,0.0
9000008121,2025-09-26 00:00,0.868889,0,0,0,0,0,0,2,0,2,0,0,0,53.5,0.0,0.0,0.0,50.0,0.0,50.0,0.0,0.0
9000008121,2025-09-26 01:00,0.927778,0,0,0,1,0,1,0,0,0,0,0,0,,0.0,0.0,0.0,0.0,0.0,0.0,0.0,0.0
9000008121,2025-09-26 02:00,0.942222,0,0,0,0,0,0,1,0,1,0,0,0,9.0,100.0,0.0,0.0,0.0,0.0,0.0,0.0,0.0
9000008121,2025-09-26 03:00,0.840833,0,0,0,0,0,0,0,1,1,0,0,0,9.0,100.0,0.0,0.0,0.0,0.0,0.0,0.0,0.0
9000008121,2025-09-26 04:00,0.889167,0,0,0,0,0,0,1,5,6,0,0,0,23.0,40.0,20.0,40.0,0.0,0.0,0.0,0.0,0.0
9000008121,2025-09-26 05:00,0.927222,0,0,0,1,2,3,1,2,3,0,0,0,28.0,33.33,33.33,33.33,0.0,0.0,0.0,0.0,0.0
9000008121,2025-09-26 06:00,0.878611,0,0,0,2,2,5,8,2,10,0,0,0,38.5,22.22,33.33,11.11,22.22,11.11,0.0,0.0,0.0
9000008121,2025-09-26 07:00,0.900278,2,0,2,11,0,11,156,172,329,19,23,42,28.5,22.97,34.8,30.74,10.47,0.68,0.68,0.0,0.0
9000008121,2025-09-26 08:00,0.826111,0,1,1,7,2,10,202,153,355,13,30,43,29.0,30.03,22.18,36.18,10.58,1.02,0.0,0.0,0.0
9000008121,2025-09-26 09:00,0.922778,1,4,5,7,1,8,218,112,330,18,34,52,31.5,25.66,22.04,34.21,15.13,2.3,0.33,0.33,0.0
9000008121,2025-09-26 10:00,0.836111,2,2,5,15,1,17,213,105,317,25,23,48,29.5,24.91,17.74,45.28,11.32,0.75,0.0,0.0,0.0
9000008121,2025-09-26 11:00,0.9625,2,4,6,11,4,16,217,97,315,18,24,41,31.0,18.48,20.46,43.23,15.84,1.65,0.66,0.0,0.0
9000008121,2025-09-26 12:00,0.971111,3,10,13,11,5,16,211,116,328,12,18,31,32.0,16.35,24.53,39.31,16.98,1.89,0.94,0.0,0.0
9000008121,2025-09-26 13:00,0.961944,4,7,11,7,5,12,255,123,377,22,25,47,32.0,19.01,19.01,42.98,15.15,2.75,1.1,0.0,0.0
9000008121,2025-09-26 14:00,0.957222,1,23,24,19,6,25,329,147,476,23,25,48,32.0,11.84,23.9,44.74,15.79,2.63,0.88,0.22,0.0
9000008121,2025-09-26 15:00,0.999444,5,17,22,17,13,30,374,170,544,20,29,49,30.5,17.28,20.96,45.22,13.97,2.02,0.55,0.0,0.0
9000008121,2025-09-26 16:00,0.988889,3,10,13,31,7,38,270,138,408,15,15,30,29.5,23.57,17.87,45.66,11.17,1.49,0.25,0.0,0.0
9000008121,2025-09-26 17:00,0.996389,2,9,11,20,13,33,214,128,342,11,18,29,32.0,21.99,21.11,36.95,17.01,2.05,0.88,0.0,0.0
9000008121,2025-09-26 18:00,0.960556,1,6,7,15,2,17,190,105,295,11,15,27,30.5,16.61,23.67,43.46,14.84,1.41,0.0,0.0,0.0
9000008121,2025-09-26 19:00,0.962778,0,0,0,3,1,4,5,4,9,0,1,1,28.0,22.22,11.11,66.67,0.0,0.0,0.0,0.0,0.0
9000008121,2025-09-26 20:00,0.906389,0,0,0,0,3,3,2,7,9,0,0,0,44.0,37.5,12.5,12.5,12.5,25.0,0.0,0.0,0.0
9000008121,2025-09-26 21:00,0.924444,0,0,0,2,0,2,6,2,8,1,0,1,18.5,42.86,57.14,0.0,0.0,0.0,0.0,0.0,0.0
9000008121,2025-09-26 22:00,0.931389,0,0,0,1,0,1,2,0,2,0,0,0,9.0,100.0,0.0,0.0,0.0,0.0,0.0,0.0,0.0
9000008121,2025-09-26 23:00,0.964722,0,0,0,1,2,3,6,3,9,0,0,0,18.0,77.78,11.11,11.11,0.0,0.0,0.0,0.0,0.0
9000008121,2025-09-27 00:00,0.901389,0,0,0,1,0,1,1,0,1,0,0,0,29.0,0.0,0.0,100.0,0.0,0.0,0.0,0.0,0.0
9000008121,2025-09-27 01:00,0.950278,0,0,0,0,0,0,0,0,0,0,0,0,,0.0,0.0,0.0,0.0,0.0,0.0,0.0,0.0
9000008121,2025-09-27 02:00,0.876389,0,0,0,1,0,1,0,2,2,0,0,0,23.5,50.0,0.0,50.0,0.0,0.0,0.0,0.0,0.0
9000008121,2025-09-27 03:00,0.876111,0,0,0,2,1,3,2,1,3,0,0,0,38.0,33.33,33.33,0.0,33.33,0.0,0.0,0.0,0.0
9000008121,2025-09-27 04:00,0.8725,0,0,0,0,0,0,0,2,2,0,0,0,33.5,50.0,0.0,0.0,50.0,0.0,0.0,0.0,0.0
9000008121,2025-09-27 05:00,0.905278,0,0,0,0,2,2,1,3,4,0,0,0,17.0,75.0,25.0,0.0,0.0,0.0,0.0,0.0,0.0
9000008121,2025-09-27 06:00,0.901944,0,0,0,0,0,0,3,4,8,0,0,0,20.0,28.57,57.14,14.29,0.0,0.0,0.0,0.0,0.0
9000008121,2025-09-27 07:00,0.911667,0,1,1,1,0,1,26,19,44,3,7,10,28.5,26.83,24.39,39.02,7.32,0.0,0.0,0.0,0.0
9000008121,2025-09-27 08:00,0.956389,0,0,0,4,1,5,53,33,86,6,3,9,31.5,26.83,14.63,40.24,15.85,1.22,1.22,0.0,0.0
9000008121,2025-09-27 09:00,0.930278,1,0,1,5,2,8,137,64,201,12,5,17,31.0,23.53,14.44,45.45,14.97,1.6,0.0,0.0,0.0
9000008121,2025-09-27 10:00,0.905278,1,1,2,5,3,9,159,102,262,17,13,30,30.0,19.41,26.58,39.66,12.24,1.69,0.42,0.0,0.0
9000008121,2025-09-27 11:00,0.986389,0,1,1,7,0,7,185,135,320,12,36,49,31.5,20.32,22.86,38.73,13.97,3.17,0.63,0.0,0.32
9000008121,2025-09-27 12:00,0.952222,0,0,0,9,1,10,156,76,232,12,34,47,32.0,11.31,22.17,47.96,13.57,3.62,0.9,0.0,0.45
9000008121,2025-09-27 13:00,0.988889,0,0,0,5,1,6,218,78,296,8,49,57,31.5,12.33,20.55,49.32,15.41,2.05,0.34,0.0,0.0
9000008121,2025-09-27 14:00,0.983889,1,6,7,26,11,37,212,120,332,9,21,30,29.0,12.88,29.14,46.93,8.59,2.15,0.31,0.0,0.31
9000008121,2025-09-27 15:00,0.999444,0,7,7,16,16,32,200,121,321,11,18,29,30.0,17.76,28.35,39.56,12.15,1.87,0.31,0.0,0.0
9000008121,2025-09-27 16:00,0.9875,3,9,12,23,12,35,183,123,306,9,15,24,28.5,23.18,20.53,46.36,8.94,0.99,0.0,0.0,0.0
9000008121,2025-09-27 17:00,0.960556,0,7,7,17,5,22,150,116,266,10,20,30,29.5,21.96,22.75,41.57,12.55,0.39,0.39,0.39,0.0
9000008121,2025-09-27 18:00,0.956111,2,10,12,15,2,17,162,114,276,6,19,25,28.5,27.27,24.24,38.64,7.58,2.27,0.0,0.0,0.0
9000008121,2025-09-27 19:00,0.966111,0,0,0,0,2,2,5,5,11,1,0,1,29.0,40.0,0.0,50.0,10.0,0.0,0.0,0.0,0.0
9000008121,2025-09-27 20:00,0.948611,0,0,0,1,0,1,3,5,8,0,0,0,24.0,50.0,25.0,12.5,0.0,12.5,0.0,0.0,0.0
9000008121,2025-09-27 21:00,0.938056,0,0,0,0,1,1,2,2,5,0,0,0,7.0,100.0,0.0,0.0,0.0,0.0,0.0,0.0,0.0
9000008121,2025-09-27 22:00,0.879444,0,0,0,1,1,2,3,6,9,0,1,1,17.0,50.0,50.0,0.0,0.0,0.0,0.0,0.0,0.0
9000008121,2025-09-27 23:00,0.91,0,0,0,0,3,3,3,4,8,0,1,1,10.0,85.71,14.29,0.0,0.0,0.0,0.0,0.0,0.0
9000008121,2025-09-28 00:00,0.901111,0,0,0,0,0,0,2,8,10,0,0,0,19.0,66.67,22.22,0.0,0.0,0.0,0.0,0.0,11.11
9000008121,2025-09-28 01:00,0.889167,0,0,0,0,0,0,2,0,2,0,0,0,53.5,50.0,0.0,0.0,0.0,0.0,50.0,0.0,0.0
9000008121,2025-09-28 02:00,0.83,0,0,0,0,0,0,0,1,1,0,0,0,29.0,0.0,0.0,100.0,0.0,0.0,0.0,0.0,0.0
9000008121,2025-09-28 03:00,0.808056,0,0,0,1,0,1,6,1,7,0,0,0,35.5,33.33,16.67,0.0,50.0,0.0,0.0,0.0,0.0
9000008121,2025-09-28 04:00,0.867222,0,0,0,0,0,0,2,1,3,0,0,0,14.0,33.33,66.67,0.0,0.0,0.0,0.0,0.0,0.0
9000008121,2025-09-28 05:00,0.860833,0,0,0,1,0,1,1,2,4,0,0,0,14.0,33.33,66.67,0.0,0.0,0.0,0.0,0.0,0.0
9000008121,2025-09-28 06:00,0.820278,0,0,0,1,0,1,6,1,8,0,0,0,16.0,83.33,16.67,0.0,0.0,0.0,0.0,0.0,0.0
9000008121,2025-09-28 07:00,0.944444,1,0,1,0,0,0,16,22,38,3,2,5,28.5,41.67,19.44,27.78,8.33,2.78,0.0,0.0,0.0
9000008121,2025-09-28 08:00,0.866944,2,1,4,5,0,5,38,27,65,5,4,9,29.5,37.5,12.5,37.5,14.29,0.0,0.0,0.0,0.0
9000008121,2025-09-28 09:00,0.886111,3,4,8,4,2,6,79,48,127,1,2,3,28.0,21.43,29.46,42.86,5.36,0.89,0.0,0.0,0.0
9000008121,2025-09-28 10:00,0.970833,1,7,8,3,4,7,119,79,197,7,7,14,31.5,17.71,24.48,38.54,15.1,3.12,0.0,0.0,0.52
9000008121,2025-09-28 11:00,0.985556,1,1,2,3,2,5,119,55,174,7,18,25,33.0,7.02,23.98,44.44,20.47,4.68,0.0,0.0,0.0
9000008121,2025-09-28 12:00,0.981667,1,0,1,5,2,7,109,48,157,3,9,12,34.0,11.69,16.23,48.7,18.18,5.19,0.0,0.0,0.0
9000008121,2025-09-28 13:00,0.975833,0,4,4,7,3,10,119,49,169,2,14,16,32.0,20.73,12.8,47.56,17.07,1.83,0.0,0.0,0.0
9000008121,2025-09-28 14:00,0.982222,0,7,7,6,4,10,142,81,223,4,5,9,30.0,22.83,15.98,45.66,13.24,1.83,0.46,0.0,0.0
9000008121,2025-09-28 15:00,0.988333,2,2,4,5,3,8,142,85,226,6,8,14,28.5,22.32,19.64,47.77,8.93,0.89,0.45,0.0,0.0
9000008121,2025-09-28 16:00,0.999444,2,9,11,13,8,21,142,95,237,6,9,15,31.0,16.46,24.89,41.35,15.19,1.69,0.0,0.42,0.0
9000008121,2025-09-28 17:00,0.990278,2,12,14,14,4,18,146,87,232,4,6,10,29.5,21.74,21.3,44.78,9.57,2.61,0.0,0.0,0.0
9000008121,2025-09-28 18:00,0.979444,0,3,3,12,6,18,143,95,238,6,6,12,29.0,16.74,28.76,43.78,10.3,0.43,0.0,0.0,0.0
9000008121,2025-09-28 19:00,0.968611,0,0,0,3,2,5,10,4,14,0,0,0,27.5,23.08,53.85,15.38,7.69,0.0,0.0,0.0,0.0
9000008121,2025-09-28 20:00,0.933611,0,0,0,2,0,2,5,4,9,0,0,0,23.0,66.67,11.11,11.11,0.0,0.0,11.11,0.0,0.0
9000008121,2025-09-28 21:00,0.907222,0,0,0,1,0,1,1,0,1,1,0,1,4.0,100.0,0.0,0.0,0.0,0.0,0.0,0.0,0.0
9000008121,2025-09-28 22:00,0.9025,0,0,0,0,1,1,3,4,8,0,0,0,39.5,42.86,14.29,14.29,14.29,14.29,0.0,0.0,0.0
9000008121,2025-09-28 23:00,0.901944,0,0,0,0,0,0,1,1,2,0,0,0,23.5,0.0,50.0,50.0,0.0,0.0,0.0,0.0,0.0
9000008121,2025-09-29 00:00,0.923889,0,0,0,0,0,0,0,0,0,0,0,0,,0.0,0.0,0.0,0.0,0.0,0.0,0.0,0.0
9000008121,2025-09-29 01:00,0.926111,0,0,0,1,0,1,0,0,0,0,0,0,,0.0,0.0,0.0,0.0,0.0,0.0,0.0,0.0
9000008121,2025-09-29 02:00,0.8425,0,0,0,0,0,0,0,0,0,0,0,0,,0.0,0.0,0.0,0.0,0.0,0.0,0.0,0.0
9000008121,2025-09-29 03:00,0.911667,0,0,0,0,0,0,3,2,6,0,0,0,28.5,0.0,20.0,80.0,0.0,0.0,0.0,0.0,0.0
9000008121,2025-09-29 04:00,0.778056,0,0,0,0,0,0,1,3,4,0,0,0,43.0,0.0,66.67,0.0,0.0,33.33,0.0,0.0,0.0
9000008121,2025-09-29 05:00,0.735,0,0,0,2,4,6,11,5,16,0,1,1,41.5,58.33,8.33,8.33,8.33,8.33,8.33,0.0,0.0
9000008121,2025-09-29 06:00,0.835833,0,0,0,1,0,1,10,11,22,1,0,1,25.5,55.56,11.11,22.22,5.56,0.0,5.56,0.0,0.0
9000008121,2025-09-29 07:00,0.836667,1,9,11,6,2,8,159,139,298,16,12,28,28.0,31.33,24.9,34.94,7.63,1.2,0.4,0.0,0.0
9000008121,2025-09-29 08:00,0.831667,5,7,12,9,11,20,213,137,350,15,13,28,31.5,19.93,22.34,38.83,16.15,2.41,0.0,0.0,0.0
9000008121,2025-09-29 09:00,0.8825,5,10,14,9,0,9,233,135,368,10,6,16,29.5,15.38,30.77,40.92,11.38,0.92,0.62,0.0,0.0
9000008121,2025-09-29 10:00,0.915833,1,3,4,3,0,3,193,120,313,26,27,53,32.0,16.43,30.07,34.62,15.38,2.1,1.05,0.0,0.7
9000008121,2025-09-29 11:00,0.983611,0,2,2,1,2,3,181,89,270,18,32,50,32.0,17.29,18.05,45.86,14.66,3.01,0.38,0.38,0.38
9000008121,2025-09-29 12:00,0.968333,0,1,1,8,0,8,176,56,232,13,28,41,30.0,9.33,23.56,51.56,12.44,1.78,0.89,0.0,0.0
9000008121,2025-09-29 13:00,0.999444,0,3,3,12,0,12,207,69,276,16,27,43,32.5,15.58,15.22,49.28,17.03,2.54,0.36,0.0,0.0
9000008121,2025-09-29 14:00,0.989722,0,21,21,13,10,23,276,148,424,27,15,42,30.0,13.37,29.12,42.96,12.65,0.48,0.95,0.48,0.0
9000008121,2025-09-29 15:00,0.995,1,13,14,15,9,24,301,136,436,20,23,43,29.0,11.29,33.87,43.32,9.45,1.84,0.0,0.23,0.0
9000008121,2025-09-29 16:00,0.97,0,33,33,37,11,48,376,153,529,22,23,44,29.0,15.01,23.2,51.07,9.75,0.78,0.19,0.0,0.0
9000008121,2025-09-29 17:00,0.98,4,27,31,16,6,23,248,141,389,22,14,36,31.5,16.27,23.1,43.31,15.22,1.57,0.79,0.0,0.0
9000008121,2025-09-29 18:00,0.98,2,7,9,25,7,33,221,134,355,10,11,21,29.0,22.13,31.03,34.77,10.34,1.15,0.57,0.0,0.0
9000008121,2025-09-29 19:00,0.975556,0,0,0,0,3,3,4,2,6,0,0,0,20.5,66.67,16.67,16.67,0.0,0.0,0.0,0.0,0.0
9000008121,2025-09-29 20:00,0.873333,0,0,0,5,0,5,0,2,2,1,1,2,8.5,100.0,0.0,0.0,0.0,0.0,0.0,0.0,0.0
9000008121,2025-09-29 21:00,0.858889,0,0,0,4,2,6,3,5,8,0,0,0,29.5,42.86,28.57,14.29,14.29,0.0,0.0,0.0,0.0
9000008121,2025-09-29 22:00,0.847778,0,0,0,0,1,1,1,0,1,2,0,2,24.0,0.0,0.0,100.0,0.0,0.0,0.0,0.0,0.0
9000008121,2025-09-29 23:00,0.861944,0,0,0,0,2,2,2,1,3,0,0,0,48.0,33.33,33.33,0.0,0.0,33.33,0.0,0.0,0.0
9000008121,2025-09-30 00:00,0.816111,0,0,0,5,0,5,7,2,10,0,0,0,59.5,37.5,37.5,0.0,0.0,0.0,12.5,12.5,0.0
9000008121,2025-09-30 01:00,0.800556,0,0,0,0,0,0,0,2,2,0,0,0,13.5,50.0,50.0,0.0,0.0,0.0,0.0,0.0,0.0
9000008121,2025-09-30 02:00,0.855278,0,0,0,0,0,0,2,0,2,0,0,0,28.5,50.0,0.0,50.0,0.0,0.0,0.0,0.0,0.0
9000008121,2025-09-30 03:00,0.738611,0,0,0,0,0,0,0,2,2,0,0,0,19.0,0.0,100.0,0.0,0.0,0.0,0.0,0.0,0.0
9000008121,2025-09-30 04:00,0.749722,0,0,0,0,0,0,3,1,4,0,0,0,28.0,0.0,66.67,33.33,0.0,0.0,0.0,0.0,0.0
9000008121,2025-09-30 05:00,0.760833,0,0,0,0,1,1,3,4,7,0,0,0,36.0,60.0,0.0,20.0,20.0,0.0,0.0,0.0,0.0
9000008121,2025-09-30 06:00,0.704722,0,0,0,2,4,6,19,11,31,0,0,0,34.5,22.73,13.64,36.36,9.09,9.09,0.0,4.55,0.0
9000008121,2025-09-30 07:00,0.757778,4,12,16,10,4,14,163,182,345,11,11,22,29.5,32.18,27.59,27.2,11.88,1.15,0.38,0.0,0.0
9000008121,2025-09-30 08:00,0.821111,5,3,7,11,0,11,217,146,363,11,11,21,30.0,22.48,23.83,39.6,11.07,3.02,0.0,0.0,0.0
9000008121,2025-09-30 09:00,0.713889,7,5,13,4,2,6,216,107,324,16,20,36,29.5,8.23,34.2,44.59,11.26,0.43,0.43,0.43,0.0
9000008121,2025-09-30 10:00,0.833056,4,11,15,1,1,2,190,155,345,20,12,32,31.0,11.15,32.06,39.37,13.59,1.74,1.05,1.05,0.0
9000008121,2025-09-30 11:00,0.917778,0,2,2,4,1,5,184,121,305,21,61,82,31.5,18.57,26.07,37.5,14.64,1.79,0.71,0.36,0.0
9000008121,2025-09-30 12:00,0.951667,0,3,3,11,14,25,169,105,274,20,39,59,33.5,11.88,22.22,42.91,18.39,3.45,1.15,0.0,0.0
9000008121,2025-09-30 13:00,0.956944,0,11,11,11,26,37,231,124,355,18,26,44,33.0,6.76,27.06,44.41,18.53,2.65,0.59,0.0,0.0
9000008121,2025-09-30 14:00,0.939722,6,6,12,25,14,39,257,143,400,21,20,41,30.0,13.3,33.24,38.3,11.7,2.13,0.8,0.0,0.0
9000008121,2025-09-30 15:00,0.898333,5,26,31,48,5,53,345,190,535,40,26,66,28.0,23.49,31.81,35.76,8.11,0.83,0.0,0.0,0.0
9000008121,2025-09-30 16:00,0.961944,4,23,27,27,6,33,301,175,476,9,26,35,30.0,22.05,21.83,41.05,13.54,1.31,0.0,0.0,0.0
9000008121,2025-09-30 17:00,0.886667,1,18,19,19,2,22,243,149,391,8,12,20,29.5,27.38,14.99,43.8,10.66,2.88,0.0,0.0,0.29
9000008121,2025-09-30 18:00,0.904722,0,3,3,14,13,28,213,146,359,13,6,19,30.5,19.44,26.85,37.96,13.27,2.78,0.0,0.0,0.0
9000008121,2025-09-30 19:00,0.853056,0,0,0,13,5,17,6,14,19,0,0,0,31.0,23.53,17.65,35.29,11.76,0.0,0.0,5.88,0.0
9000008121,2025-09-30 20:00,0.857222,0,0,0,4,3,6,9,8,16,0,1,1,41.0,28.57,28.57,21.43,0.0,7.14,7.14,0.0,0.0
9000008121,2025-09-30 21:00,0.870278,0,0,0,5,0,5,4,0,4,0,0,0,33.0,33.33,0.0,33.33,33.33,0.0,0.0,0.0,0.0
9000008121,2025-09-30 22:00,0.888333,0,0,0,0,3,3,0,5,5,0,0,0,13.5,50.0,50.0,0.0,0.0,0.0,0.0,0.0,0.0
9000008121,2025-09-30 23:00,0.716111,0,0,0,1,3,4,0,4,4,0,0,0,18.0,66.67,33.33,0.0,0.0,0.0,0.0,0.0,0.0
9000008121,2025-10-01 00:00,0.768889,0,0,0,1,0,1,0,1,1,0,0,0,9.0,100.0,0.0,0.0,0.0,0.0,0.0,0.0,0.0
9000008121,2025-10-01 01:00,0.82,0,0,0,0,0,0,0,1,1,0,0,0,9.0,100.0,0.0,0.0,0.0,0.0,0.0,0.0,0.0
9000008121,2025-10-01 02:00,0.809722,0,0,0,0,0,0,1,0,1,0,0,0,14.0,0.0,100.0,0.0,0.0,0.0,0.0,0.0,0.0
9000008121,2025-10-01 03:00,0.741944,0,0,0,0,0,0,2,0,2,0,0,0,4.0,100.0,0.0,0.0,0.0,0.0,0.0,0.0,0.0
9000008121,2025-10-01 04:00,0.8875,0,0,0,1,0,1,3,1,4,0,0,0,37.0,25.0,25.0,25.0,25.0,0.0,0.0,0.0,0.0
9000008121,2025-10-01 05:00,0.722222,0,0,0,3,0,3,4,7,11,0,0,0,9.5,87.5,12.5,0.0,0.0,0.0,0.0,0.0,0.0
9000008121,2025-10-01 06:00,0.855833,0,0,0,2,0,2,10,9,19,0,0,0,24.5,25.0,37.5,25.0,0.0,6.25,0.0,0.0,0.0
9000008121,2025-10-01 07:00,0.868889,1,2,3,5,0,5,176,149,325,10,12,22,30.5,32.27,23.76,28.01,13.48,2.13,0.35,0.0,0.0
9000008121,2025-10-01 08:00,0.823056,2,1,4,7,0,7,208,166,373,15,8,23,30.0,26.38,23.78,35.5,12.38,1.95,0.0,0.0,0.0
9000008121,2025-10-01 09:00,0.839167,6,5,11,3,1,4,181,101,282,14,12,26,30.0,19.83,18.99,45.99,13.5,1.69,0.0,0.0,0.0
9000008121,2025-10-01 10:00,0.898611,2,11,13,11,0,11,170,126,296,20,18,38,30.0,22.56,27.44,34.59,12.41,3.01,0.0,0.0,0.0
9000008121,2025-10-01 11:00,0.885278,1,9,10,19,2,21,194,141,335,20,28,48,29.5,22.97,27.7,36.49,10.81,1.69,0.0,0.34,0.0
9000008121,2025-10-01 12:00,0.931667,0,17,17,20,6,27,199,141,340,11,13,25,32.5,21.77,22.71,35.33,15.77,4.1,0.32,0.0,0.0
9000008121,2025-10-01 13:00,0.924444,3,23,26,17,17,34,228,158,385,22,14,37,32.0,17.7,24.16,38.2,15.73,3.37,0.84,0.0,0.0
9000008121,2025-10-01 14:00,0.951944,1,20,21,11,3,14,234,150,385,15,17,31,33.0,19.95,19.4,38.25,18.58,3.55,0.27,0.27,0.0
9000008121,2025-10-01 15:00,0.925278,2,26,28,19,9,28,381,194,575,23,21,45,32.5,20.11,17.29,40.6,19.92,1.69,0.0,0.38,0.0
9000008121,2025-10-01 16:00,0.968333,1,19,20,12,10,23,377,192,568,19,22,40,31.5,22.18,19.45,40.55,14.36,3.27,0.0,0.0,0.36
9000008121,2025-10-01 17:00,0.924167,0,2,2,15,5,21,308,167,475,13,12,25,29.0,20.96,27.79,38.95,10.71,1.37,0.23,0.0,0.0
9000008121,2025-10-01 18:00,0.986667,2,6,8,22,4,27,188,139,327,10,5,15,30.0,20.12,27.86,37.46,12.07,1.86,0.31,0.0,0.0
9000008121,2025-10-01 19:00,0.943333,0,0,0,2,5,7,3,3,7,0,0,0,30.0,33.33,33.33,16.67,0.0,16.67,0.0,0.0,0.0
9000008121,2025-10-01 20:00,0.908056,0,0,0,1,1,2,4,7,12,0,0,0,32.5,36.36,27.27,18.18,9.09,0.0,0.0,0.0,9.09
9000008121,2025-10-01 21:00,0.879444,0,0,0,1,0,1,6,2,8,0,0,0,44.5,42.86,28.57,0.0,0.0,14.29,14.29,0.0,0.0
9000008121,2025-10-01 22:00,0.805278,0,0,0,1,3,4,3,11,13,0,0,0,27.0,54.55,9.09,18.18,0.0,9.09,0.0,0.0,0.0
9000008121,2025-10-01 23:00,0.766944,0,0,0,1,1,2,1,1,3,0,0,0,8.5,100.0,0.0,0.0,0.0,0.0,0.0,0.0,0.0
9000008121,2025-10-02 00:00,0.742778,0,0,0,1,1,2,6,5,11,0,0,0,24.0,50.0,25.0,25.0,0.0,12.5,0.0,0.0,0.0
9000008121,2025-10-02 01:00,0.789722,0,0,0,1,3,4,5,3,7,0,0,0,20.0,66.67,16.67,0.0,16.67,0.0,0.0,0.0,0.0
9000008121,2025-10-02 02:00,0.705833,0,0,0,0,0,0,5,0,5,0,0,0,57.5,0.0,0.0,33.33,33.33,0.0,33.33,0.0,0.0
9000008121,2025-10-02 03:00,0.737778,0,0,0,1,0,1,7,4,12,0,0,0,24.0,77.78,0.0,11.11,0.0,0.0,0.0,0.0,11.11
9000008121,2025-10-02 04:00,0.671667,0,0,0,0,0,0,2,1,3,0,0,0,38.5,0.0,0.0,50.0,50.0,0.0,0.0,0.0,0.0
9000008121,2025-10-02 05:00,0.708056,0,0,0,0,1,1,1,4,6,0,3,3,23.5,25.0,25.0,50.0,0.0,0.0,0.0,0.0,0.0
9000008121,2025-10-02 06:00,0.629722,0,0,0,0,4,4,6,6,12,3,0,3,29.0,25.0,37.5,25.0,12.5,0.0,0.0,0.0,0.0
9000008121,2025-10-02 07:00,0.669444,4,1,5,4,3,7,160,172,332,7,14,21,27.5,32.43,24.77,33.78,7.66,0.9,0.0,0.0,0.0
9000008121,2025-10-02 08:00,0.793889,5,3,8,11,13,25,290,202,492,25,21,46,28.0,30.18,25.32,34.78,8.44,1.28,0.0,0.0,0.0
9000008121,2025-10-02 09:00,0.820556,5,11,15,5,2,7,256,144,400,33,15,49,29.0,26.22,24.39,37.2,10.06,1.52,0.0,0.3,0.0
9000008121,2025-10-02 10:00,0.935556,7,7,14,6,0,6,223,149,372,18,31,50,30.0,13.79,29.31,42.24,11.49,2.59,0.29,0.0,0.0
9000008121,2025-10-02 11:00,0.941111,0,0,0,2,0,2,165,92,257,26,42,68,30.5,8.26,17.36,58.26,13.64,2.07,0.83,0.0,0.0
9000008121,2025-10-02 12:00,0.971389,1,5,6,12,11,23,173,87,261,8,26,34,33.0,4.74,24.51,48.22,19.76,2.37,0.4,0.0,0.0
9000008121,2025-10-02 13:00,1.0,5,12,17,8,4,12,206,149,355,18,21,39,30.0,20.0,22.25,42.54,12.11,2.54,0.28,0.0,0.28
9000008121,2025-10-02 14:00,0.988889,3,20,23,20,8,28,332,188,519,24,24,48,31.0,18.48,22.18,41.83,14.98,1.56,0.78,0.0,0.19
9000008121,2025-10-02 15:00,0.9225,3,20,23,21,6,27,462,241,704,27,20,48,30.0,17.87,22.03,44.84,12.63,2.0,0.62,0.0,0.0
9000008121,2025-10-02 16:00,0.967778,2,43,45,11,22,33,409,230,639,15,16,31,29.5,11.97,27.02,47.25,10.36,3.07,0.16,0.16,0.0
9000008121,2025-10-02 17:00,0.988889,1,17,18,30,6,36,327,197,524,11,23,34,31.5,24.9,20.08,37.84,13.32,3.09,0.58,0.0,0.19
9000008121,2025-10-02 18:00,0.898056,2,7,9,16,9,25,180,147,328,8,12,20,29.0,15.31,35.03,37.41,8.5,2.72,0.0,0.68,0.0
9000008121,2025-10-02 19:00,0.833611,0,0,0,4,2,6,8,5,13,0,1,1,31.5,45.45,0.0,27.27,18.18,0.0,0.0,0.0,0.0
9000008121,2025-10-02 20:00,0.806111,0,0,0,0,4,4,4,10,14,0,0,0,28.0,45.45,18.18,27.27,0.0,0.0,9.09,0.0,0.0
9000008121,2025-10-02 21:00,0.784167,0,0,0,0,0,0,8,2,10,0,0,0,38.5,50.0,0.0,25.0,12.5,0.0,0.0,0.0,12.5
9000008121,2025-10-02 22:00,0.696667,0,0,0,6,1,7,6,4,10,0,0,0,25.0,42.86,28.57,14.29,14.29,0.0,0.0,0.0,0.0
9000008121,2025-10-02 23:00,0.731389,0,0,0,1,0,1,4,3,7,0,0,0,26.5,40.0,40.0,20.0,0.0,0.0,0.0,0.0,0.0
9000008121,2025-10-03 00:00,0.729167,0,0,0,1,2,3,3,8,11,0,0,0,30.0,62.5,0.0,25.0,12.5,0.0,0.0,0.0,0.0
9000008121,2025-10-03 01:00,0.734167,0,0,0,0,1,1,3,3,5,0,0,0,32.0,50.0,25.0,0.0,25.0,0.0,0.0,0.0,0.0
9000008121,2025-10-03 02:00,0.665833,0,0,0,2,0,2,3,8,11,0,0,0,9.5,85.71,0.0,0.0,0.0,14.29,0.0,0.0,0.0
9000008121,2025-10-03 03:00,0.81,0,0,0,0,0,0,3,7,10,0,0,0,13.5,37.5,62.5,0.0,0.0,0.0,0.0,0.0,0.0
9000008121,2025-10-03 04:00,0.714722,0,0,0,0,3,3,0,6,6,0,0,0,22.0,75.0,0.0,25.0,0.0,0.0,0.0,0.0,0.0
9000008121,2025-10-03 05:00,0.7225,0,0,0,0,1,1,7,1,8,0,0,0,50.5,16.67,50.0,16.67,0.0,0.0,16.67,0.0,0.0
9000008121,2025-10-03 06:00,0.663056,0,0,0,3,6,9,2,6,7,0,0,0,62.5,20.0,20.0,0.0,20.0,0.0,0.0,20.0,0.0
9000008121,2025-10-03 07:00,0.593611,0,0,0,5,2,6,25,22,46,5,0,5,30.0,18.52,40.74,29.63,0.0,11.11,0.0,0.0,3.7
9000008121,2025-10-03 08:00,0.716944,0,0,0,1,0,1,43,29,72,4,6,10,30.5,17.31,25.0,42.31,15.38,1.92,0.0,0.0,0.0
9000008121,2025-10-03 09:00,0.866111,0,4,4,4,2,6,85,49,133,2,1,3,29.5,18.26,25.22,43.48,13.91,0.0,0.0,0.0,0.0
9000008121,2025-10-03 10:00,0.928056,5,8,13,4,0,4,95,77,172,7,4,11,29.5,11.32,37.74,38.36,11.32,0.63,0.63,0.0,0.0
9000008121,2025-10-03 11:00,0.943333,1,7,8,2,2,4,83,61,144,10,15,24,33.0,7.35,24.26,44.85,21.32,2.21,0.74,0.0,0.0
9000008121,2025-10-03 12:00,0.974167,1,4,5,10,1,11,128,105,234,6,5,11,28.0,10.53,35.53,46.49,6.58,0.44,0.0,0.0,0.0
9000008121,2025-10-03 13:00,0.95,1,19,20,9,3,12,113,94,207,8,10,17,31.0,13.2,31.47,38.07,15.74,1.02,0.51,0.0,0.0
9000008121,2025-10-03 14:00,0.958333,0,11,11,13,5,19,139,108,248,13,9,22,29.5,9.28,34.18,43.46,12.66,0.84,0.0,0.0,0.0
9000008121,2025-10-03 15:00,0.971389,3,9,12,8,12,21,119,120,240,10,8,18,28.0,13.73,33.91,44.64,6.87,0.86,0.0,0.0,0.0
9000008121,2025-10-03 16:00,0.989722,2,14,16,8,7,15,145,94,238,3,12,15,29.5,12.71,28.81,45.34,11.86,0.85,0.42,0.0,0.0
9000008121,2025-10-03 17:00,0.945278,1,18,19,9,10,19,111,93,203,4,9,13,29.5,20.31,31.25,34.9,11.98,1.04,0.52,0.0,0.0
9000008121,2025-10-03 18:00,0.959167,0,1,1,3,2,5,78,62,141,4,2,6,29.5,21.48,31.85,31.85,8.89,4.44,0.0,0.74,0.0
9000008121,2025-10-03 19:00,0.867222,0,0,0,3,1,4,3,5,8,0,1,1,31.0,28.57,14.29,28.57,14.29,0.0,0.0,0.0,0.0
9000008121,2025-10-03 20:00,0.880833,0,0,0,0,1,1,7,7,14,0,1,1,26.0,53.85,23.08,7.69,7.69,0.0,0.0,0.0,0.0
9000008121,2025-10-03 21:00,0.851111,0,0,0,4,1,5,1,5,6,0,0,0,16.5,40.0,60.0,0.0,0.0,0.0,0.0,0.0,0.0
9000008121,2025-10-03 22:00,0.803611,0,0,0,4,2,6,10,12,22,1,1,3,29.0,27.78,44.44,16.67,11.11,0.0,0.0,0.0,0.0
9000008121,2025-10-03 23:00,0.796389,0,0,0,0,0,0,4,4,7,0,1,1,50.0,50.0,0.0,16.67,0.0,16.67,16.67,0.0,0.0
9000008121,2025-10-04 00:00,0.733333,0,0,0,4,1,6,7,4,11,0,0,0,33.5,37.5,25.0,12.5,12.5,12.5,0.0,0.0,0.0
9000008121,2025-10-04 01:00,0.775556,0,0,0,0,0,0,5,6,12,0,0,0,19.0,66.67,22.22,0.0,0.0,0.0,0.0,11.11,0.0
9000008121,2025-10-04 02:00,0.7375,0,0,0,0,1,1,0,2,2,0,0,0,4.0,100.0,0.0,0.0,0.0,0.0,0.0,0.0,0.0
9000008121,2025-10-04 03:00,0.719167,0,0,0,3,0,3,1,4,5,0,0,0,47.0,0.0,50.0,25.0,0.0,25.0,0.0,0.0,0.0
9000008121,2025-10-04 04:00,0.781944,0,0,0,0,0,0,4,0,4,0,0,0,27.5,33.33,33.33,33.33,0.0,0.0,0.0,0.0,0.0
9000008121,2025-10-04 05:00,0.703333,0,0,0,0,0,0,5,4,10,0,0,0,29.5,57.14,14.29,14.29,0.0,14.29,0.0,0.0,0.0
9000008121,2025-10-04 06:00,0.821389,0,0,0,0,2,2,1,4,5,0,0,0,13.5,50.0,50.0,0.0,0.0,0.0,0.0,0.0,0.0
9000008121,2025-10-04 07:00,0.771111,0,0,0,0,0,0,15,12,27,6,4,10,27.5,28.57,28.57,38.1,4.76,0.0,0.0,0.0,0.0
9000008121,2025-10-04 08:00,0.793889,0,0,0,2,1,4,66,51,116,5,3,8,31.0,35.87,14.13,33.7,10.87,3.26,2.17,0.0,0.0
9000008121,2025-10-04 09:00,0.618333,0,1,1,2,1,3,141,66,208,9,5,14,32.5,24.81,20.93,34.88,16.28,3.88,0.0,0.0,0.0
9000008121,2025-10-04 10:00,0.85,0,0,0,6,2,8,188,139,327,8,6,14,29.5,22.3,24.1,39.93,11.87,2.16,0.0,0.0,0.0
9000008121,2025-10-04 11:00,0.791389,0,0,0,8,4,12,171,207,378,8,9,17,27.5,25.08,28.43,37.79,9.03,0.0,0.0,0.0,0.0
9000008121,2025-10-04 12:00,0.785556,1,2,4,3,2,5,194,252,446,10,10,20,27.0,41.31,19.66,32.48,6.27,0.0,0.0,0.0,0.0
9000008121,2025-10-04 13:00,0.8225,0,0,0,7,6,13,231,177,408,12,8,20,29.0,18.21,28.66,41.49,10.75,0.9,0.0,0.0,0.0
9000008121,2025-10-04 14:00,0.800278,7,1,8,7,3,9,217,199,416,10,12,22,28.0,27.63,25.23,38.44,8.41,0.6,0.0,0.0,0.0
9000008121,2025-10-04 15:00,0.821389,0,0,0,3,2,6,239,194,432,9,13,23,28.5,12.68,32.96,44.23,7.61,1.69,0.56,0.56,0.0
9000008121,2025-10-04 16:00,0.793333,1,6,7,4,1,5,204,164,368,11,12,23,29.0,22.26,23.29,41.78,10.27,1.71,0.0,0.34,0.0
9000008121,2025-10-04 17:00,0.919167,2,0,2,4,2,7,145,138,283,10,11,21,29.0,20.38,29.62,38.85,7.31,2.69,0.77,0.0,0.0
9000008121,2025-10-04 18:00,0.919722,0,0,0,6,8,14,85,72,157,4,7,11,31.5,11.11,36.81,34.03,15.28,2.08,0.0,0.0,0.0
9000008121,2025-10-04 19:00,0.883056,0,0,0,2,0,2,9,6,15,0,0,0,40.5,38.46,0.0,38.46,7.69,7.69,7.69,0.0,0.0
9000008121,2025-10-04 20:00,0.848056,0,0,0,0,2,2,7,8,15,0,0,0,15.0,69.23,15.38,15.38,0.0,0.0,0.0,0.0,0.0
9000008121,2025-10-04 21:00,0.83,0,0,0,2,0,2,5,5,10,0,1,1,34.5,50.0,12.5,0.0,25.0,0.0,0.0,0.0,12.5
9000008121,2025-10-04 22:00,0.803611,0,0,0,5,0,5,16,8,24,1,0,1,35.5,36.84,31.58,10.53,15.79,0.0,0.0,0.0,5.26
9000008121,2025-10-04 23:00,0.728611,0,0,0,2,5,6,4,6,10,0,0,0,24.0,14.29,57.14,14.29,14.29,0.0,0.0,0.0,0.0
9000008121,2025-10-05 00:00,0.838056,0,0,0,0,1,1,1,4,5,0,0,0,12.0,75.0,25.0,0.0,0.0,0.0,0.0,0.0,0.0
9000008121,2025-10-05 01:00,0.9225,0,0,0,0,0,0,2,1,3,0,0,0,37.5,33.33,0.0,33.33,33.33,0.0,0.0,0.0,0.0
9000008121,2025-10-05 02:00,0.776667,0,0,0,0,0,0,0,3,3,0,0,0,4.0,100.0,0.0,0.0,0.0,0.0,0.0,0.0,0.0
9000008121,2025-10-05 03:00,0.844722,0,0,0,0,0,0,1,0,1,0,1,1,64.0,0.0,0.0,0.0,0.0,0.0,0.0,100.0,0.0
9000008121,2025-10-05 04:00,0.826389,0,0,0,0,0,0,0,1,1,0,0,0,19.0,0.0,100.0,0.0,0.0,0.0,0.0,0.0,0.0
9000008121,2025-10-05 05:00,0.707778,0,0,0,0,0,0,10,2,12,0,0,0,24.0,50.0,25.0,12.5,12.5,0.0,0.0,0.0,0.0
9000008121,2025-10-05 06:00,0.861667,0,0,0,0,0,0,3,3,7,0,0,0,50.5,16.67,16.67,16.67,33.33,0.0,16.67,0.0,0.0
9000008121,2025-10-05 07:00,0.764444,0,0,0,0,0,0,8,13,21,2,3,5,24.5,56.25,12.5,18.75,12.5,0.0,0.0,0.0,0.0
9000008121,2025-10-05 08:00,0.915833,1,0,1,3,0,3,61,41,102,4,2,7,31.0,29.03,12.9,41.94,9.68,6.45,0.0,0.0,0.0
9000008121,2025-10-05 09:00,0.915278,1,1,2,3,1,4,91,127,218,4,3,8,27.5,46.73,16.08,28.64,6.03,2.01,0.5,0.0,0.0
9000008121,2025-10-05 10:00,0.913056,1,5,6,7,2,9,132,103,235,3,5,9,31.0,28.84,19.07,35.35,14.42,2.33,0.0,0.0,0.0
9000008121,2025-10-05 11:00,0.926389,0,1,1,1,1,2,159,117,276,3,5,8,30.0,25.88,17.65,41.18,13.33,1.18,0.0,0.39,0.0
9000008121,2025-10-05 12:00,0.936111,4,7,12,6,4,11,177,118,294,4,6,11,31.5,19.27,21.09,41.09,16.73,1.09,0.73,0.0,0.0
9000008121,2025-10-05 13:00,0.962222,0,3,3,3,3,6,176,140,316,5,13,19,29.5,25.0,20.07,41.12,12.83,0.33,0.0,0.33,0.0
9000008121,2025-10-05 14:00,0.876111,1,1,3,6,1,7,164,120,284,7,8,15,31.0,31.33,14.06,38.55,14.46,1.61,0.4,0.0,0.0
9000008121,2025-10-05 15:00,0.953611,0,1,1,3,2,5,133,88,221,3,11,14,32.0,22.75,21.8,35.55,17.54,1.9,0.0,0.0,0.0
9000008121,2025-10-05 16:00,0.898611,0,4,4,4,1,6,100,116,216,4,3,8,28.5,29.38,25.77,34.02,7.73,3.61,0.0,0.0,0.0
9000008121,2025-10-05 17:00,0.92,1,2,3,6,3,10,117,111,228,3,5,9,28.0,30.95,23.33,37.14,6.67,0.95,0.48,0.0,0.0
9000008121,2025-10-05 18:00,0.933333,1,3,4,15,3,18,82,60,142,4,2,6,28.0,21.8,32.33,38.35,6.77,0.75,0.0,0.0,0.0
9000008121,2025-10-05 19:00,0.871944,0,0,0,1,3,4,4,5,10,0,0,0,27.0,50.0,12.5,37.5,0.0,0.0,0.0,0.0,0.0
9000008121,2025-10-05 20:00,0.851111,0,0,0,5,6,11,4,8,12,0,0,0,28.0,30.0,50.0,10.0,0.0,10.0,0.0,0.0,0.0
9000008121,2025-10-05 21:00,0.879167,0,0,0,4,3,7,8,4,12,0,0,0,27.5,70.0,10.0,10.0,0.0,10.0,0.0,0.0,0.0
9000008121,2025-10-05 22:00,0.882222,0,0,0,2,1,3,5,5,9,0,0,0,29.0,75.0,0.0,12.5,0.0,0.0,0.0,12.5,0.0
9000008121,2025-10-05 23:00,0.877222,0,0,0,0,0,0,0,0,0,0,0,0,,0.0,0.0,0.0,0.0,0.0,0.0,0.0,0.0
9000008121,2025-10-06 00:00,0.837778,0,0,0,1,0,1,0,1,1,0,1,1,4.0,100.0,0.0,0.0,0.0,0.0,0.0,0.0,0.0
9000008121,2025-10-06 01:00,0.775278,0,0,0,0,0,0,7,2,9,0,0,0,10.0,85.71,14.29,0.0,0.0,0.0,0.0,0.0,0.0
9000008121,2025-10-06 02:00,0.836111,0,0,0,0,0,0,0,0,0,0,0,0,,0.0,0.0,0.0,0.0,0.0,0.0,0.0,0.0
9000008121,2025-10-06 03:00,0.898056,0,0,0,0,0,0,1,0,1,0,0,0,4.0,100.0,0.0,0.0,0.0,0.0,0.0,0.0,0.0
9000008121,2025-10-06 04:00,0.846111,0,0,0,0,2,2,1,1,2,0,0,0,58.5,50.0,0.0,0.0,0.0,0.0,50.0,0.0,0.0
9000008121,2025-10-06 05:00,0.833333,0,0,0,1,0,1,1,0,1,0,0,0,4.0,100.0,0.0,0.0,0.0,0.0,0.0,0.0,0.0
9000008121,2025-10-06 06:00,0.841389,0,0,0,1,2,4,5,5,9,0,0,0,34.5,12.5,37.5,12.5,25.0,0.0,12.5,0.0,0.0
9000008121,2025-10-06 07:00,0.869444,0,0,0,7,2,9,129,166,296,5,8,13,27.0,26.46,30.74,34.24,7.39,0.39,0.0,0.39,0.0
9000008121,2025-10-06 08:00,0.862778,2,0,2,8,7,15,223,204,427,18,12,30,29.0,27.91,25.47,34.96,9.76,1.08,0.27,0.27,0.27
9000008121,2025-10-06 09:00,0.915,6,7,13,8,1,9,205,160,365,30,17,47,29.0,23.65,27.25,37.72,9.28,1.8,0.3,0.0,0.3
9000008121,2025-10-06 10:00,0.919722,0,4,4,7,0,7,206,146,352,16,16,32,30.0,23.46,24.07,37.35,12.65,2.47,0.0,0.0,0.0
9000008121,2025-10-06 11:00,0.977778,0,6,6,11,6,17,203,151,354,16,12,29,29.0,25.72,22.54,39.88,10.4,1.45,0.0,0.0,0.0
9000008121,2025-10-06 12:00,0.975,0,8,8,11,5,16,215,167,382,15,21,37,30.0,22.58,25.81,37.63,12.1,1.08,0.81,0.27,0.0
9000008121,2025-10-06 13:00,0.933611,0,7,7,8,3,11,216,146,361,25,17,42,30.5,20.18,27.0,36.5,13.95,1.78,0.59,0.0,0.0
9000008121,2025-10-06 14:00,0.99,0,18,18,11,7,18,255,180,436,16,16,32,31.0,24.59,22.97,35.27,15.08,2.09,0.23,0.0,0.0
9000008121,2025-10-06 15:00,0.975278,1,21,22,12,8,20,378,232,610,24,28,51,27.0,22.69,32.61,37.31,6.55,0.67,0.0,0.17,0.0
9000008121,2025-10-06 16:00,0.963611,1,25,27,15,14,30,378,191,568,24,29,53,29.5,17.7,25.18,44.89,10.95,1.28,0.0,0.0,0.0
9000008121,2025-10-06 17:00,0.983056,0,13,13,11,7,18,274,174,448,11,17,28,29.5,23.86,24.32,39.32,10.23,1.36,0.45,0.45,0.0
9000008121,2025-10-06 18:00,0.928611,0,13,13,11,17,28,126,133,259,10,9,19,28.0,34.17,23.33,32.08,8.33,1.67,0.42,0.0,0.0
9000008121,2025-10-06 19:00,0.8625,0,0,0,5,2,7,9,5,14,1,1,2,31.0,41.67,16.67,25.0,8.33,8.33,0.0,0.0,0.0
9000008121,2025-10-06 20:00,0.775833,0,0,0,1,3,4,8,15,23,5,1,6,24.0,66.67,11.11,5.56,0.0,5.56,0.0,5.56,0.0
9000008121,2025-10-06 21:00,0.811389,0,0,0,0,5,5,2,7,9,0,1,1,15.0,71.43,14.29,0.0,0.0,14.29,0.0,0.0,0.0
9000008121,2025-10-06 22:00,0.823889,0,0,0,1,1,3,7,6,14,0,0,0,31.5,36.36,18.18,27.27,9.09,0.0,0.0,9.09,0.0
9000008121,2025-10-06 23:00,0.821667,0,0,0,0,2,2,1,4,5,0,0,0,22.0,75.0,0.0,25.0,0.0,0.0,0.0,0.0,0.0
9000008121,2025-10-07 00:00,0.811667,0,0,0,1,0,1,1,6,7,0,0,0,26.0,50.0,16.67,33.33,0.0,0.0,0.0,0.0,0.0
9000008121,2025-10-07 01:00,0.749444,0,0,0,0,0,0,1,1,3,0,0,0,18.5,50.0,50.0,0.0,0.0,0.0,0.0,0.0,0.0
9000008121,2025-10-07 02:00,0.916667,0,0,0,0,0,0,0,3,3,0,0,0,9.0,100.0,0.0,0.0,0.0,0.0,0.0,0.0,0.0
9000008121,2025-10-07 03:00,0.843333,0,0,0,0,0,0,1,0,1,0,0,0,14.0,0.0,100.0,0.0,0.0,0.0,0.0,0.0,0.0
9000008121,2025-10-07 04:00,0.826667,0,0,0,0,0,0,0,0,0,0,0,0,,0.0,0.0,0.0,0.0,0.0,0.0,0.0,0.0
9000008121,2025-10-07 05:00,0.814444,0,0,0,0,2,2,4,0,4,0,0,0,38.0,66.67,0.0,0.0,33.33,0.0,0.0,0.0,0.0
9000008121,2025-10-07 06:00,0.866389,0,0,0,4,2,7,6,5,11,0,0,0,38.5,22.22,44.44,11.11,11.11,0.0,11.11,0.0,0.0
9000008121,2025-10-07 07:00,0.881944,0,0,0,8,2,10,143,165,308,7,7,14,28.5,27.94,31.99,29.04,10.66,0.74,0.0,0.0,0.0
9000008121,2025-10-07 08:00,0.839722,0,0,0,12,0,12,218,152,370,10,23,33,30.0,19.35,30.32,36.13,11.94,2.26,0.0,0.0,0.0
9000008121,2025-10-07 09:00,0.910278,2,2,4,8,8,15,216,120,335,20,21,41,30.5,15.08,25.57,43.28,14.1,1.64,0.33,0.0,0.0
9000008121,2025-10-07 10:00,0.946111,1,1,2,11,1,12,175,133,308,18,21,39,31.0,24.32,18.49,40.41,14.73,1.71,0.34,0.0,0.0
9000008121,2025-10-07 11:00,0.991667,0,10,10,11,11,22,182,132,315,15,18,33,28.5,20.19,25.0,46.15,8.33,0.0,0.32,0.0,0.0
9000008121,2025-10-07 12:00,0.953889,0,3,3,10,6,16,187,115,302,20,12,32,31.0,19.38,19.72,43.94,14.53,2.08,0.0,0.0,0.35
9000008121,2025-10-07 13:00,0.943333,2,9,11,12,12,23,237,138,374,20,22,42,31.5,7.37,27.76,47.03,15.3,2.27,0.28,0.0,0.0
9000008121,2025-10-07 14:00,0.973333,5,12,18,10,6,16,258,149,407,23,24,46,29.5,13.1,30.98,42.32,11.84,1.51,0.0,0.0,0.25
9000008121,2025-10-07 15:00,0.968889,2,10,12,17,1,18,331,186,517,30,31,60,31.0,22.36,21.56,38.32,14.37,2.2,0.8,0.0,0.2
9000008121,2025-10-07 16:00,0.986111,0,7,7,13,6,19,389,182,570,15,25,41,30.0,22.42,16.73,46.09,12.63,1.96,0.36,0.0,0.0
9000008121,2025-10-07 17:00,0.968889,2,2,4,12,2,14,260,140,400,14,12,27,29.0,27.65,23.51,36.43,9.82,2.33,0.0,0.26,0.0
9000008121,2025-10-07 18:00,0.905833,0,0,0,14,2,16,84,37,121,1,1,2,29.0,20.18,22.94,44.04,10.09,0.92,0.92,0.92,0.0
9000008121,2025-10-07 19:00,0.876944,0,0,0,2,2,4,1,7,8,1,0,1,20.0,57.14,28.57,0.0,14.29,0.0,0.0,0.0,0.0
9000008121,2025-10-07 20:00,0.909444,0,0,0,1,1,2,9,4,13,0,0,0,26.5,45.45,27.27,18.18,0.0,0.0,9.09,0.0,0.0
9000008121,2025-10-07 21:00,0.917778,0,0,0,1,0,1,0,0,0,0,0,0,,0.0,0.0,0.0,0.0,0.0,0.0,0.0,0.0
9000008121,2025-10-07 22:00,0.871667,0,0,0,1,0,1,7,5,12,0,0,0,28.0,36.36,45.45,9.09,0.0,9.09,0.0,0.0,0.0
9000008121,2025-10-07 23:00,0.943056,0,0,0,0,0,0,2,1,3,0,0,0,33.0,33.33,0.0,33.33,33.33,0.0,0.0,0.0,0.0
9000008121,2025-10-08 00:00,0.910833,0,0,0,0,0,0,0,0,0,0,0,0,,0.0,0.0,0.0,0.0,0.0,0.0,0.0,0.0
9000008121,2025-10-08 01:00,0.902778,0,0,0,0,0,0,0,0,0,0,0,0,,0.0,0.0,0.0,0.0,0.0,0.0,0.0,0.0
9000008121,2025-10-08 02:00,0.875833,0,0,0,0,0,0,5,0,5,0,0,0,77.0,50.0,25.0,0.0,0.0,0.0,0.0,0.0,25.0
9000008121,2025-10-08 03:00,0.916944,0,0,0,0,0,0,0,0,0,0,0,0,,0.0,0.0,0.0,0.0,0.0,0.0,0.0,0.0
9000008121,2025-10-08 04:00,0.886389,0,0,0,0,0,0,0,0,0,0,0,0,,0.0,0.0,0.0,0.0,0.0,0.0,0.0,0.0
9000008121,2025-10-08 05:00,0.907778,0,0,0,0,2,2,4,4,7,0,0,0,20.5,66.67,16.67,16.67,0.0,0.0,0.0,0.0,0.0
9000008121,2025-10-08 06:00,0.871111,0,0,0,0,2,2,5,3,8,0,0,0,35.5,57.14,0.0,28.57,14.29,0.0,0.0,0.0,0.0
9000008121,2025-10-08 07:00,0.954722,0,0,0,11,5,16,111,118,229,9,7,17,28.5,27.4,29.68,31.96,8.68,0.91,0.91,0.46,0.46
9000008121,2025-10-08 08:00,0.946944,0,0,0,12,5,17,196,140,335,18,16,34,29.0,25.79,21.7,41.51,10.69,0.63,0.31,0.0,0.0
9000008121,2025-10-08 09:00,0.933056,0,1,1,15,3,18,203,103,306,14,22,36,29.5,17.48,25.87,43.71,11.19,1.05,0.35,0.35,0.0
9000008121,2025-10-08 10:00,0.957222,0,0,0,5,3,8,166,92,259,19,18,37,30.0,19.76,18.15,47.18,13.31,1.61,0.0,0.4,0.0
9000008121,2025-10-08 11:00,0.958333,0,2,2,14,7,22,217,101,318,17,27,44,29.5,20.0,19.02,47.54,10.82,2.3,0.33,0.0,0.0
9000008121,2025-10-08 12:00,0.946389,4,5,10,15,10,24,207,129,336,21,22,44,30.0,22.64,20.13,42.45,12.58,1.57,0.0,0.31,0.0
9000008121,2025-10-08 13:00,0.954444,0,4,4,18,4,22,195,114,309,15,30,45,30.5,19.32,21.36,43.05,13.22,2.03,0.34,0.34,0.0
9000008121,2025-10-08 14:00,0.971667,4,6,10,15,10,26,261,161,423,16,32,49,29.5,20.44,21.9,44.04,11.68,1.7,0.24,0.0,0.0
9000008121,2025-10-08 15:00,0.956389,2,2,4,19,8,27,323,203,526,18,31,49,28.0,21.07,30.02,40.16,7.36,0.8,0.4,0.2,0.2
9000008121,2025-10-08 16:00,0.940833,3,0,3,17,6,23,344,139,483,10,14,23,31.0,17.8,20.66,44.62,15.16,1.32,0.0,0.0,0.0
9000008121,2025-10-08 17:00,0.938056,0,0,0,20,12,32,249,138,387,11,13,24,29.5,13.22,30.3,44.63,10.47,1.1,0.0,0.0,0.28
9000008121,2025-10-08 18:00,0.922778,0,0,0,8,3,12,43,38,81,0,2,2,29.5,20.0,29.33,38.67,13.33,0.0,0.0,0.0,0.0
9000008121,2025-10-08 19:00,0.884167,0,0,0,4,0,4,2,1,3,0,1,1,32.5,66.67,0.0,0.0,33.33,0.0,0.0,0.0,0.0
9000008121,2025-10-08 20:00,0.850278,0,0,0,3,1,5,2,5,7,0,1,1,32.5,33.33,33.33,0.0,33.33,0.0,0.0,0.0,0.0
9000008121,2025-10-08 21:00,0.936667,0,0,0,0,0,0,6,1,7,0,0,0,41.0,42.86,14.29,28.57,0.0,14.29,0.0,0.0,0.0
9000008121,2025-10-08 22:00,0.891667,0,0,0,1,1,2,5,3,8,0,0,0,30.0,42.86,14.29,28.57,0.0,0.0,14.29,0.0,0.0
9000008121,2025-10-08 23:00,0.852778,0,0,0,0,0,0,0,5,5,0,1,1,82.0,50.0,25.0,0.0,0.0,0.0,0.0,0.0,25.0
9000008121,2025-10-09 00:00,0.886111,0,0,0,0,0,0,0,4,4,0,0,0,17.5,66.67,33.33,0.0,0.0,0.0,0.0,0.0,0.0
9000008121,2025-10-09 01:00,0.852778,0,0,0,0,0,0,1,0,1,0,0,0,9.0,100.0,0.0,0.0,0.0,0.0,0.0,0.0,0.0
9000008121,2025-10-09 02:00,0.929444,0,0,0,0,0,0,1,0,1,0,0,0,29.0,0.0,0.0,100.0,0.0,0.0,0.0,0.0,0.0
9000008121,2025-10-09 03:00,0.871111,0,0,0,0,0,0,1,0,1,0,0,0,14.0,0.0,100.0,0.0,0.0,0.0,0.0,0.0,0.0
9000008121,2025-10-09 04:00,0.852778,0,0,0,0,0,0,1,2,4,0,0,0,33.0,66.67,0.0,0.0,33.33,0.0,0.0,0.0,0.0
9000008121,2025-10-09 05:00,0.892778,0,0,0,0,1,1,1,3,4,0,0,0,122.0,25.0,25.0,0.0,0.0,25.0,0.0,0.0,25.0
9000008121,2025-10-09 06:00,0.946111,0,0,0,0,0,0,1,0,1,0,0,0,24.0,0.0,0.0,100.0,0.0,0.0,0.0,0.0,0.0
9000008121,2025-10-09 07:00,0.941667,0,0,0,7,2,9,130,131,262,11,12,23,28.5,28.05,27.24,34.15,7.72,2.03,0.41,0.0,0.41
9000008121,2025-10-09 08:00,0.914167,0,1,1,9,2,11,243,147,390,19,20,40,29.5,19.66,23.88,42.42,10.11,3.09,0.0,0.28,0.28
9000008121,2025-10-09 09:00,0.906389,2,3,5,25,7,32,216,98,314,16,23,39,29.5,19.65,21.75,46.67,11.23,0.7,0.0,0.0,0.0
9000008121,2025-10-09 10:00,0.938611,2,2,4,19,5,24,193,108,301,16,30,46,29.0,24.82,17.73,46.1,10.28,1.06,0.0,0.0,0.0
9000008121,2025-10-09 11:00,0.914167,0,6,6,10,4,14,173,132,305,18,19,38,29.0,29.75,20.07,37.99,10.39,1.43,0.36,0.0,0.0
9000008121,2025-10-09 12:00,0.950833,3,9,12,22,9,31,195,141,336,20,31,51,29.5,25.39,20.38,41.69,10.03,1.88,0.31,0.0,0.0
9000008121,2025-10-09 13:00,0.971389,1,7,8,10,6,16,191,136,327,16,30,47,30.5,24.61,19.87,39.12,13.25,3.15,0.0,0.0,0.0
9000008121,2025-10-09 14:00,0.971111,0,14,14,21,10,31,226,153,380,17,34,51,29.0,24.39,23.04,42.01,8.67,1.9,0.27,0.0,0.0
9000008121,2025-10-09 15:00,0.931667,2,8,10,9,3,12,213,138,351,15,19,34,30.0,30.28,16.51,38.84,13.15,0.92,0.0,0.31,0.0
9000008121,2025-10-09 16:00,0.934722,0,15,15,20,7,26,339,162,501,10,16,26,31.5,18.59,18.38,44.66,17.31,1.07,0.21,0.0,0.0
9000008121,2025-10-09 17:00,0.9475,2,12,14,13,7,20,270,142,412,17,17,34,29.5,24.55,22.51,38.87,11.76,2.05,0.0,0.0,0.0
9000008121,2025-10-09 18:00,0.911944,0,1,1,9,5,14,105,85,189,4,9,13,28.5,18.5,34.1,36.99,8.09,1.16,0.58,0.0,0.0
9000008121,2025-10-09 19:00,0.880556,0,0,0,2,2,5,9,14,23,0,2,2,31.5,45.0,5.0,30.0,15.0,0.0,5.0,0.0,0.0
9000008121,2025-10-09 20:00,0.896944,0,0,0,2,2,5,1,1,2,0,1,1,28.5,50.0,0.0,50.0,0.0,0.0,0.0,0.0,0.0
9000008121,2025-10-09 21:00,0.854722,0,0,0,0,0,0,6,3,9,0,0,0,19.0,62.5,25.0,12.5,0.0,0.0,0.0,0.0,0.0
9000008121,2025-10-09 22:00,0.881944,0,0,0,1,0,1,4,2,7,0,0,0,27.5,50.0,16.67,33.33,0.0,0.0,0.0,0.0,0.0
9000008121,2025-10-09 23:00,0.885278,0,0,0,1,1,2,2,2,4,0,0,0,37.0,50.0,25.0,0.0,25.0,0.0,0.0,0.0,0.0
9000008121,2025-10-10 00:00,0.819722,0,0,0,1,4,5,0,0,0,1,0,1,,0.0,0.0,0.0,0.0,0.0,0.0,0.0,0.0
9000008121,2025-10-10 01:00,0.874444,0,0,0,0,0,0,0,5,5,0,0,0,42.0,25.0,25.0,25.0,0.0,25.0,0.0,0.0,0.0
9000008121,2025-10-10 02:00,0.832778,0,0,0,0,1,1,0,1,1,0,0,0,9.0,100.0,0.0,0.0,0.0,0.0,0.0,0.0,0.0
9000008121,2025-10-10 03:00,0.830556,0,0,0,0,0,0,1,0,1,0,0,0,4.0,100.0,0.0,0.0,0.0,0.0,0.0,0.0,0.0
9000008121,2025-10-10 04:00,0.785278,0,0,0,1,0,1,0,0,0,0,0,0,,0.0,0.0,0.0,0.0,0.0,0.0,0.0,0.0
9000008121,2025-10-10 05:00,0.831667,0,0,0,2,0,2,1,1,2,0,1,1,9.0,100.0,0.0,0.0,0.0,0.0,0.0,0.0,0.0
9000008121,2025-10-10 06:00,0.884444,0,0,0,1,5,6,2,3,6,0,0,0,26.0,40.0,20.0,40.0,0.0,0.0,0.0,0.0,0.0
9000008121,2025-10-10 07:00,0.876667,1,2,3,6,0,6,126,158,284,7,15,22,28.0,38.55,26.1,24.9,9.24,0.4,0.4,0.0,0.0
9000008121,2025-10-10 08:00,0.9275,1,0,1,8,3,11,218,128,346,24,21,44,29.0,23.36,24.61,41.74,8.41,1.25,0.0,0.0,0.62
9000008121,2025-10-10 09:00,0.897778,1,4,5,5,3,8,212,127,339,20,22,42,29.5,22.7,21.38,43.09,11.84,1.32,0.0,0.0,0.0
9000008121,2025-10-10 10:00,0.902222,1,2,3,3,2,5,203,146,349,17,33,50,30.5,29.21,17.78,37.14,13.97,0.95,0.32,0.0,0.32
9000008121,2025-10-10 11:00,0.907222,1,9,10,7,5,12,207,111,318,12,16,28,29.5,25.69,15.28,45.14,11.81,1.74,0.35,0.0,0.0
9000008121,2025-10-10 12:00,0.914444,0,12,12,12,9,22,217,164,381,25,23,48,30.5,27.01,20.98,35.63,13.51,2.59,0.29,0.0,0.0
9000008121,2025-10-10 13:00,0.879444,3,7,10,13,6,19,207,167,374,15,23,37,28.5,26.75,24.92,38.3,8.21,0.61,0.61,0.0,0.3
9000008121,2025-10-10 14:00,0.968889,0,13,13,14,4,18,360,190,550,17,27,43,30.5,21.39,21.58,41.65,13.13,2.25,0.19,0.0,0.0
9000008121,2025-10-10 15:00,0.999722,2,9,11,10,5,15,402,182,584,20,22,42,30.5,16.78,21.4,46.06,13.53,2.05,0.17,0.0,0.0
9000008121,2025-10-10 16:00,0.954722,0,15,15,7,5,12,281,155,436,12,13,24,31.0,23.98,16.79,42.21,14.39,2.4,0.0,0.24,0.0
9000008121,2025-10-10 17:00,0.934444,0,11,11,7,10,16,217,142,359,12,12,24,28.0,23.51,27.68,39.29,8.33,1.19,0.0,0.3,0.0
9000008121,2025-10-10 18:00,0.884167,0,2,2,10,3,13,63,64,127,3,7,10,29.5,19.64,34.82,32.14,9.82,2.68,0.89,0.0,0.89
9000008121,2025-10-10 19:00,0.924722,0,0,0,5,0,5,3,3,6,1,1,2,27.5,16.67,33.33,50.0,0.0,0.0,0.0,0.0,0.0
9000008121,2025-10-10 20:00,0.887778,0,0,0,3,2,6,4,6,9,0,0,0,14.0,75.0,12.5,12.5,0.0,0.0,0.0,0.0,0.0
9000008121,2025-10-10 21:00,0.879167,0,0,0,1,0,1,1,5,6,1,0,1,21.5,40.0,40.0,20.0,0.0,0.0,0.0,0.0,0.0
9000008121,2025-10-10 22:00,0.892778,0,0,0,1,0,1,1,1,2,0,0,0,4.0,100.0,0.0,0.0,0.0,0.0,0.0,0.0,0.0
9000008121,2025-10-10 23:00,0.831944,0,0,0,0,0,0,1,8,10,0,0,0,14.5,12.5,87.5,0.0,0.0,0.0,0.0,0.0,0.0
9000008121,2025-10-11 00:00,0.888333,0,0,0,1,2,4,12,8,20,0,0,0,41.0,44.44,11.11,22.22,5.56,5.56,11.11,0.0,0.0
9000008121,2025-10-11 01:00,0.893889,0,0,0,0,0,0,2,0,2,0,0,0,18.5,50.0,50.0,0.0,0.0,0.0,0.0,0.0,0.0
9000008121,2025-10-11 02:00,0.874167,0,0,0,1,0,1,0,0,0,0,0,0,,0.0,0.0,0.0,0.0,0.0,0.0,0.0,0.0
9000008121,2025-10-11 03:00,0.877778,0,0,0,0,1,1,1,1,2,0,0,0,14.0,0.0,100.0,0.0,0.0,0.0,0.0,0.0,0.0
9000008121,2025-10-11 04:00,0.869722,0,0,0,0,0,0,0,0,0,0,0,0,,0.0,0.0,0.0,0.0,0.0,0.0,0.0,0.0
9000008121,2025-10-11 05:00,0.930833,0,0,0,0,0,0,0,0,0,0,0,0,,0.0,0.0,0.0,0.0,0.0,0.0,0.0,0.0
9000008121,2025-10-11 06:00,0.841389,0,0,0,0,1,1,1,1,2,0,0,0,23.5,50.0,0.0,50.0,0.0,0.0,0.0,0.0,0.0
9000008121,2025-10-11 07:00,0.933333,0,0,0,1,0,1,29,13,42,3,2,6,27.5,28.21,20.51,43.59,7.69,0.0,0.0,0.0,0.0
9000008121,2025-10-11 08:00,0.870556,0,0,0,2,1,3,67,52,119,6,9,15,30.0,33.01,21.36,31.07,11.65,2.91,0.0,0.0,0.0
9000008121,2025-10-11 09:00,0.854444,2,1,4,12,0,12,194,57,252,8,11,19,33.5,19.53,8.84,48.37,21.4,1.86,0.0,0.0,0.0
9000008121,2025-10-11 10:00,0.944722,0,12,12,15,9,23,243,113,356,17,12,29,31.5,22.92,14.58,43.45,18.75,0.6,0.0,0.0,0.0
9000008121,2025-10-11 11:00,0.925,1,11,12,9,4,14,354,146,501,12,11,24,31.0,22.25,12.1,47.52,16.63,1.73,0.0,0.0,0.0
9000008121,2025-10-11 12:00,0.951667,0,5,5,10,4,14,378,180,558,16,15,31,31.5,25.61,11.86,43.88,17.7,0.94,0.0,0.19,0.0
9000008121,2025-10-11 13:00,0.967778,4,6,10,17,4,22,436,150,586,21,15,36,31.5,19.58,14.46,47.44,16.4,1.76,0.18,0.0,0.0
9000008121,2025-10-11 14:00,0.955833,0,11,11,15,14,28,420,163,583,12,23,35,32.0,11.13,20.11,48.65,16.7,3.41,0.18,0.0,0.0
9000008121,2025-10-11 15:00,0.989444,2,22,24,20,9,29,404,166,570,22,23,45,31.0,16.84,17.91,47.87,14.89,2.13,0.35,0.0,0.0
9000008121,2025-10-11 16:00,0.995556,1,15,16,19,3,22,384,146,530,14,19,33,31.5,18.6,16.13,46.49,16.51,1.52,0.38,0.19,0.19
9000008121,2025-10-11 17:00,0.998056,3,7,10,16,1,17,346,134,481,8,12,20,30.0,17.5,23.96,44.17,12.5,1.88,0.0,0.0,0.0
9000008121,2025-10-11 18:00,0.908056,3,3,6,22,7,29,165,68,233,4,2,6,30.0,13.68,31.13,41.04,10.38,2.36,0.94,0.47,0.0
9000008121,2025-10-11 19:00,0.956944,0,0,0,2,1,3,1,3,4,0,0,0,42.0,50.0,25.0,0.0,0.0,25.0,0.0,0.0,0.0
9000008121,2025-10-11 20:00,0.944722,0,0,0,3,1,4,1,2,3,0,0,0,62.5,33.33,0.0,0.0,33.33,0.0,0.0,33.33,0.0
9000008121,2025-10-11 21:00,0.906389,0,0,0,5,2,7,2,0,2,0,0,0,33.5,0.0,0.0,50.0,50.0,0.0,0.0,0.0,0.0
9000008121,2025-10-11 22:00,0.873333,0,0,0,1,1,2,1,6,7,0,0,0,65.5,33.33,16.67,16.67,16.67,0.0,0.0,16.67,0.0
9000008121,2025-10-11 23:00,0.878333,0,0,0,1,1,2,2,7,9,0,0,0,29.0,62.5,12.5,12.5,0.0,0.0,12.5,0.0,0.0
9000008121,2025-10-12 00:00,0.874444,0,0,0,0,0,0,2,7,10,0,0,0,29.0,25.0,37.5,25.0,12.5,0.0,0.0,0.0,0.0
9000008121,2025-10-12 01:00,0.873333,0,0,0,1,0,1,2,2,5,0,0,0,41.5,25.0,50.0,0.0,0.0,25.0,0.0,0.0,0.0
9000008121,2025-10-12 02:00,0.917778,0,0,0,1,0,1,0,0,0,0,0,0,,0.0,0.0,0.0,0.0,0.0,0.0,0.0,0.0
9000008121,2025-10-12 03:00,0.884167,0,0,0,0,2,2,1,1,2,0,0,0,18.5,50.0,50.0,0.0,0.0,0.0,0.0,0.0,0.0
9000008121,2025-10-12 04:00,0.865278,0,0,0,0,0,0,1,0,1,0,0,0,19.0,0.0,100.0,0.0,0.0,0.0,0.0,0.0,0.0
9000008121,2025-10-12 05:00,0.82,0,0,0,0,0,0,4,2,6,0,0,0,26.0,60.0,20.0,20.0,0.0,0.0,0.0,0.0,0.0
9000008121,2025-10-12 06:00,0.872778,0,0,0,0,0,0,0,5,5,0,0,0,27.0,50.0,25.0,25.0,0.0,0.0,0.0,0.0,0.0
9000008121,2025-10-12 07:00,0.854722,0,0,0,2,0,2,18,11,28,2,2,5,29.5,33.33,8.33,45.83,8.33,4.17,0.0,0.0,0.0
9000008121,2025-10-12 08:00,0.865833,0,0,0,1,0,1,39,42,81,2,3,5,30.0,38.57,12.86,32.86,14.29,0.0,1.43,0.0,0.0
9000008121,2025-10-12 09:00,0.931667,1,4,5,3,0,3,122,70,191,6,6,12,33.5,28.09,14.61,34.83,17.98,3.37,0.56,0.0,0.0
9000008121,2025-10-12 10:00,0.97,0,2,2,5,1,6,118,79,197,4,5,9,32.5,25.65,17.28,37.17,16.23,2.62,1.05,0.52,0.0
9000008121,2025-10-12 11:00,0.923611,1,2,3,8,0,8,185,107,292,6,5,12,30.5,28.52,10.0,44.81,12.22,3.33,0.37,0.37,0.0
9000008121,2025-10-12 12:00,0.931389,0,0,0,3,1,4,222,103,325,4,7,12,32.5,22.11,12.21,45.54,16.83,2.31,0.99,0.0,0.0
9000008121,2025-10-12 13:00,0.929167,2,2,4,15,5,21,280,92,373,6,13,19,31.0,8.96,22.83,52.02,14.74,1.45,0.0,0.0,0.0
9000008121,2025-10-12 14:00,0.931667,0,1,1,11,5,16,329,80,409,10,17,27,31.5,8.66,18.11,53.81,17.06,2.36,0.0,0.0,0.0
9000008121,2025-10-12 15:00,0.893889,0,0,0,5,3,9,270,66,336,8,11,19,32.0,8.31,16.61,55.81,17.28,1.66,0.66,0.0,0.0
9000008121,2025-10-12 16:00,0.914444,0,2,2,7,1,8,205,58,262,5,8,13,33.5,5.0,26.25,45.0,19.58,3.33,0.42,0.0,0.42
9000008121,2025-10-12 17:00,0.881667,1,0,1,4,5,9,220,88,308,9,11,19,31.5,8.86,25.46,46.49,17.71,1.48,0.0,0.0,0.37
9000008121,2025-10-12 18:00,0.837778,0,0,0,8,1,9,116,43,158,1,0,1,31.0,3.76,30.83,46.62,14.29,3.01,0.0,0.0,0.0
9000008121,2025-10-12 19:00,0.916667,0,0,0,3,0,3,5,3,9,0,1,1,29.0,25.0,37.5,25.0,0.0,12.5,0.0,0.0,0.0
9000008121,2025-10-12 20:00,0.870278,0,0,0,0,0,0,4,4,7,0,0,0,40.5,50.0,0.0,16.67,16.67,16.67,0.0,0.0,0.0
9000008121,2025-10-12 21:00,0.9175,0,0,0,1,0,1,3,5,9,0,0,0,29.5,50.0,12.5,25.0,0.0,12.5,0.0,0.0,0.0
9000008121,2025-10-12 22:00,0.893333,0,0,0,0,0,0,4,2,7,0,1,1,31.0,83.33,0.0,0.0,16.67,0.0,0.0,0.0,0.0
9000008121,2025-10-12 23:00,0.926111,0,0,0,0,0,0,1,2,3,0,0,0,22.5,33.33,33.33,33.33,0.0,0.0,0.0,0.0,0.0
9000008121,2025-10-13 00:00,0.942222,0,0,0,0,0,0,0,1,1,0,0,0,29.0,0.0,0.0,100.0,0.0,0.0,0.0,0.0,0.0
9000008121,2025-10-13 01:00,0.916667,0,0,0,0,0,0,1,1,2,0,0,0,38.5,50.0,0.0,0.0,50.0,0.0,0.0,0.0,0.0
9000008121,2025-10-13 02:00,0.944167,0,0,0,0,0,0,1,0,1,0,0,0,39.0,0.0,0.0,0.0,100.0,0.0,0.0,0.0,0.0
9000008121,2025-10-13 03:00,0.873056,0,0,0,1,0,1,1,0,1,0,0,0,4.0,100.0,0.0,0.0,0.0,0.0,0.0,0.0,0.0
9000008121,2025-10-13 04:00,0.823056,0,0,0,0,0,0,3,1,4,0,0,0,33.0,66.67,0.0,0.0,33.33,0.0,0.0,0.0,0.0
9000008121,2025-10-13 05:00,0.8125,0,0,0,0,0,0,8,3,10,0,0,0,24.0,62.5,12.5,12.5,0.0,0.0,12.5,0.0,0.0
9000008121,2025-10-13 06:00,0.851111,0,0,0,0,1,1,2,4,7,0,0,0,40.5,66.67,0.0,0.0,16.67,16.67,0.0,0.0,0.0
9000008121,2025-10-13 07:00,0.901389,1,6,7,6,8,14,126,141,267,4,5,9,26.5,17.92,38.75,37.08,5.0,0.83,0.42,0.0,0.0
9000008121,2025-10-13 08:00,0.903889,2,3,5,10,1,11,203,152,356,8,18,26,29.0,21.81,30.22,36.14,9.35,1.87,0.31,0.31,0.0
9000008121,2025-10-13 09:00,0.901944,0,0,0,6,2,8,184,114,298,17,19,36,32.0,20.07,27.88,32.34,16.36,1.86,0.37,0.37,0.37
9000008121,2025-10-13 10:00,0.8975,0,4,4,2,8,10,159,113,272,18,22,41,29.0,16.39,27.05,45.9,11.07,0.41,0.0,0.0,0.0
9000008121,2025-10-13 11:00,0.962222,0,0,0,4,2,6,163,107,270,15,30,46,29.0,15.0,27.31,45.77,9.62,1.92,0.0,0.0,0.38
9000008121,2025-10-13 12:00,0.942778,0,0,0,7,3,11,179,96,274,10,10,19,26.0,13.13,36.29,47.1,3.47,0.0,0.0,0.0,0.0
9000008121,2025-10-13 13:00,0.959167,0,6,6,5,14,20,216,133,350,12,21,33,30.0,21.79,20.9,42.39,14.03,0.9,0.0,0.0,0.0
9000008121,2025-10-13 14:00,0.951667,3,11,15,13,7,20,265,141,405,16,20,36,31.0,19.17,24.61,39.9,15.03,1.04,0.52,0.0,0.0
9000008121,2025-10-13 15:00,0.928611,2,5,7,16,10,26,349,185,534,21,21,42,29.0,18.35,21.77,48.79,10.48,0.4,0.0,0.0,0.0
9000008121,2025-10-13 16:00,0.97,1,21,22,19,4,23,273,273,546,10,11,22,29.0,32.08,20.94,36.23,10.0,0.57,0.19,0.0,0.0
9000008121,2025-10-13 17:00,0.903889,4,25,30,17,6,22,232,223,454,13,13,27,30.0,27.74,27.25,30.41,12.9,1.22,0.24,0.24,0.0
9000008121,2025-10-13 18:00,0.864167,0,6,6,24,9,33,99,97,197,5,5,10,27.5,35.29,25.29,30.0,7.65,0.0,0.59,0.0,0.59
9000008121,2025-10-13 19:00,0.826944,0,0,0,4,0,4,9,11,20,1,0,1,24.0,50.0,25.0,12.5,6.25,0.0,0.0,6.25,0.0
9000008121,2025-10-13 20:00,0.898611,0,0,0,2,1,3,5,4,9,0,0,0,34.0,62.5,0.0,12.5,12.5,12.5,0.0,0.0,0.0
9000008121,2025-10-13 21:00,0.748611,0,0,0,5,3,8,6,9,15,0,0,0,24.5,45.45,18.18,36.36,0.0,0.0,0.0,0.0,0.0
9000008121,2025-10-13 22:00,0.831944,0,0,0,0,0,0,4,4,8,0,1,1,66.0,14.29,14.29,14.29,0.0,14.29,14.29,14.29,0.0
9000008121,2025-10-13 23:00,0.796944,0,0,0,0,2,2,1,2,3,0,0,0,48.0,50.0,0.0,0.0,0.0,50.0,0.0,0.0,0.0
9000008121,2025-10-14 00:00,0.745,0,0,0,0,1,1,1,0,1,0,0,0,9.0,100.0,0.0,0.0,0.0,0.0,0.0,0.0,0.0
9000008121,2025-10-14 01:00,0.655278,0,0,0,1,0,1,2,1,3,0,0,0,28.5,0.0,50.0,50.0,0.0,0.0,0.0,0.0,0.0
9000008121,2025-10-14 02:00,0.784444,0,0,0,0,0,0,0,1,1,0,0,0,4.0,100.0,0.0,0.0,0.0,0.0,0.0,0.0,0.0
9000008121,2025-10-14 03:00,0.693889,0,0,0,0,0,0,2,0,2,0,0,0,14.0,0.0,100.0,0.0,0.0,0.0,0.0,0.0,0.0
9000008121,2025-10-14 04:00,0.705833,0,0,0,0,0,0,1,0,1,0,0,0,9.0,100.0,0.0,0.0,0.0,0.0,0.0,0.0,0.0
9000008121,2025-10-14 05:00,0.738333,0,0,0,3,8,11,3,1,4,0,0,0,9.0,100.0,0.0,0.0,0.0,0.0,0.0,0.0,0.0
9000008121,2025-10-14 06:00,0.744444,0,0,0,0,1,1,4,8,12,0,1,1,33.0,44.44,22.22,11.11,22.22,0.0,0.0,0.0,0.0
9000008121,2025-10-14 07:00,0.738056,0,0,0,14,6,20,123,116,239,4,3,6,28.5,33.52,24.43,30.68,7.95,3.41,0.57,0.0,0.0
9000008121,2025-10-14 08:00,0.83,1,3,4,14,1,15,194,156,350,10,20,30,30.0,23.37,28.87,32.65,12.03,2.41,0.34,0.0,0.0
9000008121,2025-10-14 09:00,0.894722,1,1,2,8,1,9,211,137,348,17,24,41,29.5,24.12,23.15,38.91,10.93,2.25,0.32,0.0,0.32
9000008121,2025-10-14 10:00,0.885278,1,2,4,3,8,12,173,113,286,21,18,39,29.5,17.79,28.06,40.32,11.07,2.37,0.4,0.0,0.0
9000008121,2025-10-14 11:00,0.841667,5,9,14,8,10,19,183,113,297,24,22,46,30.5,18.8,23.6,42.0,14.0,1.6,0.4,0.0,0.0
9000008121,2025-10-14 12:00,0.898056,0,2,2,11,5,16,218,120,338,8,15,23,31.0,21.71,20.39,40.79,15.79,0.99,0.0,0.0,0.0
9000008121,2025-10-14 13:00,0.928333,5,14,19,10,3,13,248,144,392,15,15,30,29.0,15.11,22.8,51.1,8.79,1.37,0.55,0.0,0.0
9000008121,2025-10-14 14:00,0.899444,2,10,12,12,1,13,263,143,405,15,27,42,31.5,18.9,19.18,43.56,14.79,2.19,0.82,0.27,0.27
9000008121,2025-10-14 15:00,0.954167,1,2,3,18,4,22,329,155,484,16,24,40,31.5,12.99,23.38,45.45,15.8,2.16,0.0,0.0,0.0
9000008121,2025-10-14 16:00,0.9125,0,0,0,9,2,11,301,156,457,8,19,26,29.5,14.63,28.54,42.93,12.23,0.48,0.48,0.24,0.24
9000008121,2025-10-14 17:00,0.940556,0,0,0,15,8,22,234,144,379,10,15,24,29.0,20.22,27.81,41.01,9.83,0.84,0.0,0.0,0.56
9000008121,2025-10-14 18:00,0.856111,0,0,0,8,1,9,33,21,54,8,1,9,37.5,15.22,26.09,32.61,13.04,2.17,6.52,0.0,4.35
9000008121,2025-10-14 19:00,0.761944,0,0,0,3,1,4,9,21,30,0,1,1,29.5,39.13,21.74,26.09,8.7,4.35,0.0,0.0,0.0
9000008121,2025-10-14 20:00,0.865833,0,0,0,2,0,2,7,6,13,0,1,1,52.0,36.36,18.18,9.09,9.09,9.09,18.18,0.0,0.0
9000008121,2025-10-14 21:00,0.860833,0,0,0,1,0,1,1,4,5,0,0,0,57.0,0.0,25.0,25.0,0.0,0.0,50.0,0.0,0.0
9000008121,2025-10-14 22:00,0.817778,0,0,0,0,0,0,1,6,7,0,0,0,14.0,33.33,66.67,0.0,0.0,0.0,0.0,0.0,0.0
9000008121,2025-10-14 23:00,0.792778,0,0,0,0,4,4,2,9,11,0,0,0,23.0,33.33,44.44,11.11,11.11,0.0,0.0,0.0,0.0
9000008121,2025-10-15 00:00,0.798611,0,0,0,0,0,0,0,0,0,0,0,0,,0.0,0.0,0.0,0.0,0.0,0.0,0.0,0.0
9000008121,2025-10-15 01:00,0.833889,0,0,0,0,0,0,0,0,0,0,0,0,,0.0,0.0,0.0,0.0,0.0,0.0,0.0,0.0
9000008121,2025-10-15 02:00,0.904167,0,0,0,0,0,0,6,0,6,0,0,0,36.0,0.0,33.33,33.33,16.67,0.0,0.0,0.0,0.0
9000008121,2025-10-15 03:00,0.843333,0,0,0,0,0,0,4,1,5,0,0,0,32.0,75.0,0.0,0.0,25.0,0.0,0.0,0.0,0.0
9000008121,2025-10-15 04:00,0.784722,0,0,0,0,1,1,1,3,4,0,0,0,23.0,66.67,0.0,33.33,0.0,0.0,0.0,0.0,0.0
9000008121,2025-10-15 05:00,0.788611,0,0,0,0,0,0,1,3,4,0,0,0,19.0,33.33,66.67,0.0,0.0,0.0,0.0,0.0,0.0
9000008121,2025-10-15 06:00,0.863333,0,0,0,1,0,1,7,5,12,0,0,0,37.5,20.0,30.0,20.0,20.0,10.0,0.0,0.0,0.0
9000008121,2025-10-15 07:00,0.862222,0,0,0,8,4,12,128,89,217,10,6,16,30.0,26.2,24.6,34.76,12.83,1.07,0.53,0.0,0.0
9000008121,2025-10-15 08:00,0.89,2,1,3,7,7,13,246,125,370,17,19,36,29.0,20.61,29.7,37.58,10.0,2.12,0.0,0.0,0.3
9000008121,2025-10-15 09:00,0.883611,1,3,5,13,3,16,175,105,280,12,24,35,30.5,18.15,25.4,40.32,13.71,2.42,0.0,0.0,0.0
9000008121,2025-10-15 10:00,0.876389,8,8,15,9,7,16,179,116,295,17,13,31,32.0,18.6,23.64,36.82,19.38,1.55,0.0,0.0,0.0
9000008121,2025-10-15 11:00,0.894167,0,2,2,9,8,17,178,128,306,11,23,34,31.0,26.37,18.68,38.1,14.65,2.2,0.0,0.0,0.0
9000008121,2025-10-15 12:00,0.925556,0,1,1,15,4,19,186,136,323,16,18,35,29.5,25.75,21.07,41.14,10.7,1.34,0.33,0.0,0.0
9000008121,2025-10-15 13:00,0.939444,8,8,17,6,19,26,229,130,359,16,27,43,30.5,7.72,28.78,47.18,13.65,1.48,0.59,0.59,0.0
9000008121,2025-10-15 14:00,0.921667,2,18,21,11,11,22,262,171,433,15,20,35,31.5,12.78,28.57,39.85,16.79,1.25,0.5,0.0,0.25
9000008121,2025-10-15 15:00,0.910833,5,19,25,19,7,26,323,190,514,16,15,31,30.0,15.38,25.0,44.44,12.39,2.14,0.64,0.0,0.0
9000008121,2025-10-15 16:00,0.948056,4,22,26,22,10,32,320,155,475,12,18,29,30.0,17.11,21.56,46.67,12.67,1.11,0.67,0.0,0.22
9000008121,2025-10-15 17:00,0.934722,1,13,14,9,7,16,221,146,367,8,13,21,30.5,21.87,23.32,39.07,13.41,2.04,0.0,0.29,0.0
9000008121,2025-10-15 18:00,0.839167,0,0,0,15,9,24,82,82,164,4,8,12,26.5,31.88,23.91,38.41,5.8,1.45,0.0,0.0,0.0
9000008121,2025-10-15 19:00,0.7725,0,0,0,4,1,5,6,6,13,0,0,0,33.5,0.0,50.0,20.0,30.0,0.0,0.0,0.0,0.0
9000008121,2025-10-15 20:00,0.923611,0,0,0,1,0,1,1,4,5,0,0,0,71.0,20.0,20.0,40.0,0.0,0.0,0.0,0.0,20.0
9000008121,2025-10-15 21:00,0.850556,1,0,1,2,0,2,5,5,10,0,0,0,44.0,25.0,50.0,0.0,0.0,25.0,0.0,0.0,0.0
9000008121,2025-10-15 22:00,0.790278,0,0,0,1,0,1,3,3,5,0,1,1,32.0,25.0,0.0,50.0,25.0,0.0,0.0,0.0,0.0
9000008121,2025-10-15 23:00,0.866667,0,0,0,0,1,1,3,4,7,0,0,0,23.5,16.67,33.33,50.0,0.0,0.0,0.0,0.0,0.0
9000008121,2025-10-16 00:00,0.838889,0,0,0,1,1,2,1,0,1,0,0,0,39.0,0.0,0.0,0.0,100.0,0.0,0.0,0.0,0.0
9000008121,2025-10-16 01:00,0.852222,0,0,0,0,0,0,1,1,2,0,0,0,28.5,50.0,0.0,50.0,0.0,0.0,0.0,0.0,0.0
9000008121,2025-10-16 02:00,0.878611,0,0,0,0,0,0,0,2,2,0,0,0,23.5,0.0,50.0,50.0,0.0,0.0,0.0,0.0,0.0
9000008121,2025-10-16 03:00,0.719722,0,0,0,0,1,1,1,1,3,0,0,0,18.5,50.0,50.0,0.0,0.0,0.0,0.0,0.0,0.0
9000008121,2025-10-16 04:00,0.832222,0,0,0,0,0,0,1,0,1,0,0,0,4.0,100.0,0.0,0.0,0.0,0.0,0.0,0.0,0.0
9000008121,2025-10-16 05:00,0.900833,0,0,0,1,0,1,1,1,2,1,0,1,28.5,0.0,50.0,50.0,0.0,0.0,0.0,0.0,0.0
9000008121,2025-10-16 06:00,0.817778,0,0,0,1,1,2,4,8,12,0,0,0,37.5,60.0,0.0,20.0,10.0,10.0,0.0,0.0,0.0
9000008121,2025-10-16 07:00,0.850556,0,1,1,5,11,15,104,117,221,6,4,11,28.0,29.79,28.19,30.85,8.51,2.13,0.0,0.0,0.0
9000008121,2025-10-16 08:00,0.881944,0,1,1,10,0,10,234,144,378,13,11,23,30.5,12.01,31.83,39.94,13.81,1.8,0.3,0.0,0.0
9000008121,2025-10-16 09:00,0.818611,3,0,3,11,0,11,188,109,297,20,16,35,29.0,16.46,25.51,46.5,9.05,1.65,0.41,0.41,0.0
9000008121,2025-10-16 10:00,0.853333,0,6,6,12,5,17,193,101,294,19,23,43,29.5,20.72,20.32,47.41,9.96,1.2,0.4,0.0,0.0
9000008121,2025-10-16 11:00,0.841111,1,4,5,7,5,12,199,116,316,19,15,34,29.0,23.4,21.13,44.91,9.81,1.13,0.0,0.0,0.0
9000008121,2025-10-16 12:00,0.896389,0,1,1,10,2,12,210,143,353,8,25,33,30.5,23.1,22.47,37.97,14.24,0.95,0.63,0.63,0.0
9000008121,2025-10-16 13:00,0.865556,0,2,2,14,10,24,297,163,460,19,26,45,29.5,12.81,31.91,41.71,12.06,1.01,0.25,0.0,0.25
9000008121,2025-10-16 14:00,0.9075,0,9,9,12,13,25,264,160,423,13,14,28,31.0,11.46,29.43,42.19,15.36,1.3,0.26,0.0,0.0
9000008121,2025-10-16 15:00,0.893056,6,10,16,26,2,29,314,194,509,13,26,39,29.5,13.66,31.72,41.41,11.67,1.54,0.0,0.0,0.0
9000008121,2025-10-16 16:00,0.973611,8,14,23,25,5,30,312,183,495,11,15,27,29.0,14.52,34.02,39.63,10.37,1.04,0.21,0.0,0.0
9000008121,2025-10-16 17:00,0.835556,2,13,15,11,12,23,268,155,423,9,7,16,31.0,20.62,24.01,38.7,14.41,1.13,1.13,0.28,0.0
9000008121,2025-10-16 18:00,0.9125,0,1,1,11,8,19,67,47,114,4,1,5,30.0,25.0,21.15,38.46,13.46,0.96,0.0,0.0,0.0
9000008121,2025-10-16 19:00,0.909444,0,0,0,2,2,5,6,5,11,0,0,0,38.0,70.0,0.0,10.0,10.0,0.0,0.0,10.0,0.0
9000008121,2025-10-16 20:00,0.811944,0,0,0,0,2,2,13,14,27,0,0,0,31.5,54.55,13.64,13.64,13.64,0.0,0.0,4.55,0.0
9000008121,2025-10-16 21:00,0.873056,0,0,0,1,4,5,2,10,12,0,2,2,36.5,45.45,27.27,0.0,18.18,0.0,0.0,0.0,0.0
9000008121,2025-10-16 22:00,0.887222,0,0,0,0,1,1,4,8,12,0,0,0,16.5,63.64,27.27,9.09,0.0,0.0,0.0,0.0,0.0
9000008121,2025-10-16 23:00,0.876389,0,0,0,0,0,0,1,7,8,0,0,0,25.5,28.57,42.86,14.29,0.0,0.0,0.0,0.0,0.0
9000008121,2025-10-17 00:00,0.8875,0,0,0,0,1,1,1,1,2,0,0,0,29.0,0.0,0.0,100.0,0.0,0.0,0.0,0.0,0.0
9000008121,2025-10-17 01:00,0.930278,0,0,0,0,0,0,3,0,3,0,0,0,14.0,33.33,66.67,0.0,0.0,0.0,0.0,0.0,0.0
9000008121,2025-10-17 02:00,0.831944,0,0,0,0,0,0,3,1,4,0,0,0,9.0,100.0,0.0,0.0,0.0,0.0,0.0,0.0,0.0
9000008121,2025-10-17 03:00,0.911389,0,0,0,0,1,1,1,2,3,0,0,0,13.0,66.67,33.33,0.0,0.0,0.0,0.0,0.0,0.0
9000008121,2025-10-17 04:00,0.773889,0,0,0,0,0,0,1,4,6,0,0,0,32.0,25.0,0.0,50.0,25.0,0.0,0.0,0.0,0.0
9000008121,2025-10-17 05:00,0.825,0,0,0,4,2,6,2,6,9,0,1,1,64.0,28.57,28.57,0.0,0.0,14.29,0.0,14.29,14.29
9000008121,2025-10-17 06:00,0.781389,0,0,0,1,3,4,7,8,15,0,0,0,41.0,41.67,8.33,25.0,8.33,8.33,8.33,0.0,0.0
9000008121,2025-10-17 07:00,0.778333,2,1,3,8,4,12,103,111,213,0,6,6,28.5,25.9,32.53,30.72,7.23,1.81,0.6,0.0,0.0
9000008121,2025-10-17 08:00,0.873333,2,3,6,7,1,8,211,140,351,14,20,34,29.5,29.32,19.87,37.79,11.73,1.63,0.0,0.0,0.0
9000008121,2025-10-17 09:00,0.895556,6,3,9,16,1,17,173,104,276,17,12,28,31.0,18.22,21.05,44.13,15.79,1.21,0.0,0.0,0.0
9000008121,2025-10-17 10:00,0.913333,1,2,3,12,2,14,201,88,288,23,23,46,30.0,18.63,20.15,46.77,12.55,1.9,0.0,0.0,0.0
9000008121,2025-10-17 11:00,0.915556,2,4,6,12,4,16,217,127,344,14,25,40,30.5,21.9,17.46,44.44,15.24,0.95,0.0,0.0,0.0
9000008121,2025-10-17 12:00,0.900833,1,3,4,14,9,22,250,154,404,17,17,34,30.0,11.26,28.02,45.6,14.56,0.55,0.0,0.0,0.0
9000008121,2025-10-17 13:00,0.928611,2,8,10,5,13,19,253,141,394,13,32,44,31.5,20.49,17.21,44.81,13.93,2.73,0.55,0.0,0.0
9000008121,2025-10-17 14:00,0.939444,3,13,16,15,5,20,262,165,427,19,19,38,29.5,20.45,25.69,40.15,11.97,1.75,0.0,0.0,0.0
9000008121,2025-10-17 15:00,0.874722,2,11,14,14,5,19,260,165,424,10,22,32,30.0,22.1,18.87,43.4,12.13,1.89,1.62,0.0,0.0
9000008121,2025-10-17 16:00,0.931944,16,20,36,17,12,29,253,139,392,21,14,35,31.5,17.81,19.18,44.93,15.89,1.92,0.0,0.27,0.0
9000008121,2025-10-17 17:00,0.913333,2,22,24,13,12,25,227,131,359,11,14,25,30.5,13.72,28.05,41.46,14.33,2.13,0.0,0.3,0.0
9000008121,2025-10-17 18:00,0.879722,0,2,2,9,9,17,55,42,97,4,5,9,29.5,17.44,32.56,34.88,8.14,3.49,0.0,1.16,1.16
9000008121,2025-10-17 19:00,0.837222,0,0,0,5,1,6,12,12,24,0,0,0,30.0,60.0,10.0,15.0,15.0,0.0,0.0,0.0,0.0
9000008121,2025-10-17 20:00,0.873056,0,0,0,2,3,6,8,8,16,0,0,0,27.0,57.14,14.29,21.43,7.14,0.0,0.0,0.0,0.0
9000008121,2025-10-17 21:00,0.851667,0,0,0,0,0,0,5,12,17,0,0,0,20.0,73.33,13.33,13.33,0.0,0.0,0.0,0.0,0.0
9000008121,2025-10-17 22:00,0.780833,0,0,0,1,4,5,14,9,24,0,0,0,26.0,50.0,27.78,11.11,0.0,0.0,0.0,5.56,5.56
9000008121,2025-10-17 23:00,0.779167,0,0,0,2,0,2,12,11,23,0,0,0,61.0,50.0,27.78,5.56,0.0,5.56,0.0,11.11,11.11
9000008121,2025-10-18 00:00,0.739167,0,0,0,2,0,2,8,15,23,0,3,3,17.0,82.35,5.88,5.88,5.88,0.0,0.0,0.0,0.0
9000008121,2025-10-18 01:00,0.771944,0,0,0,7,1,8,9,12,21,0,0,0,19.5,62.5,25.0,6.25,0.0,6.25,0.0,0.0,0.0
9000008121,2025-10-18 02:00,0.710833,0,0,0,1,0,1,4,4,8,0,0,0,30.5,50.0,16.67,16.67,16.67,0.0,0.0,0.0,0.0
9000008121,2025-10-18 03:00,0.783611,0,0,0,0,2,2,7,3,9,0,0,0,35.0,42.86,0.0,28.57,14.29,0.0,14.29,0.0,0.0
9000008121,2025-10-18 04:00,0.641667,0,0,0,0,2,2,9,4,14,0,0,0,23.0,77.78,0.0,22.22,0.0,0.0,0.0,0.0,0.0
9000008121,2025-10-18 05:00,0.714444,0,0,0,0,0,0,6,3,9,0,0,0,70.5,66.67,16.67,0.0,0.0,0.0,0.0,0.0,16.67
9000008121,2025-10-18 06:00,0.6,0,0,0,0,0,0,7,10,17,0,0,0,26.0,30.0,50.0,20.0,0.0,0.0,0.0,0.0,0.0
9000008121,2025-10-18 07:00,0.576111,0,0,0,5,2,7,26,19,45,5,4,9,29.0,30.77,19.23,34.62,7.69,3.85,0.0,0.0,0.0
9000008121,2025-10-18 08:00,0.688333,6,3,8,0,0,0,60,55,115,5,3,8,30.0,29.11,20.25,36.71,10.13,3.8,1.27,0.0,0.0
9000008121,2025-10-18 09:00,0.66,14,6,21,2,0,2,153,102,255,3,3,6,29.5,19.05,22.02,45.83,10.71,1.79,0.0,0.6,0.0
9000008121,2025-10-18 10:00,0.816944,1,5,6,2,0,2,140,82,222,9,25,35,30.5,5.49,30.77,47.8,13.74,1.1,1.1,0.0,0.0
9000008121,2025-10-18 11:00,0.846944,0,1,1,9,5,14,159,67,225,8,11,19,30.5,5.76,29.84,47.64,14.14,2.09,0.0,0.0,0.0
9000008121,2025-10-18 12:00,0.889167,0,0,0,20,23,44,190,121,310,7,7,14,28.5,3.26,41.3,45.29,7.61,1.81,0.36,0.36,0.0
9000008121,2025-10-18 13:00,0.873611,3,5,8,12,15,26,176,190,365,9,9,18,28.5,7.84,41.07,41.38,8.78,0.31,0.63,0.0,0.0
9000008121,2025-10-18 14:00,0.875833,0,8,8,14,8,22,201,192,393,9,11,21,27.0,11.92,42.15,38.95,6.4,0.58,0.0,0.0,0.0
9000008121,2025-10-18 15:00,0.885278,3,10,14,16,25,41,179,183,361,8,12,20,28.5,13.75,34.38,41.25,9.06,0.94,0.62,0.0,0.0
9000008121,2025-10-18 16:00,0.831389,6,12,18,10,13,23,234,151,384,8,8,17,29.5,12.85,31.66,43.89,10.66,0.94,0.0,0.0,0.0
9000008121,2025-10-18 17:00,0.774167,2,21,23,12,8,19,155,159,314,10,14,24,28.5,13.17,33.33,43.21,9.05,0.41,0.0,0.0,0.41
9000008121,2025-10-18 18:00,0.797222,0,3,3,8,13,20,42,41,83,1,5,6,33.0,11.94,32.84,34.33,11.94,4.48,0.0,0.0,2.99
9000008121,2025-10-18 19:00,0.674167,0,0,0,9,2,11,4,8,13,3,2,4,28.5,25.0,37.5,25.0,12.5,0.0,0.0,0.0,0.0
9000008121,2025-10-18 20:00,0.727222,0,0,0,1,4,5,3,16,19,0,2,2,20.0,69.23,15.38,7.69,0.0,0.0,0.0,0.0,7.69
9000008121,2025-10-18 21:00,0.693611,0,0,0,6,0,6,3,14,17,0,0,0,41.5,58.33,8.33,0.0,8.33,8.33,0.0,0.0,8.33
9000008121,2025-10-18 22:00,0.6625,0,0,0,0,5,5,12,18,30,0,0,0,23.5,50.0,20.0,20.0,0.0,5.0,5.0,0.0,0.0
9000008121,2025-10-18 23:00,0.570278,0,0,0,4,1,5,13,11,23,0,0,0,17.0,76.92,23.08,0.0,0.0,0.0,0.0,0.0,7.69
9000008121,2025-10-19 00:00,0.5625,0,0,0,0,3,3,0,11,11,0,0,0,37.0,50.0,16.67,16.67,16.67,0.0,0.0,0.0,0.0
9000008121,2025-10-19 01:00,0.609722,0,0,0,3,2,5,5,7,12,0,0,0,35.0,57.14,0.0,0.0,42.86,0.0,0.0,0.0,0.0
9000008121,2025-10-19 02:00,0.609444,0,0,0,0,2,2,2,7,9,0,0,0,21.5,80.0,0.0,20.0,0.0,0.0,0.0,0.0,0.0
9000008121,2025-10-19 03:00,0.464722,0,0,0,0,0,0,21,4,25,0,0,0,25.5,25.0,58.33,8.33,0.0,0.0,0.0,0.0,8.33
9000008121,2025-10-19 04:00,0.517778,0,0,0,0,0,0,10,5,15,0,0,0,60.5,37.5,12.5,12.5,12.5,0.0,0.0,12.5,0.0
9000008121,2025-10-19 05:00,0.473333,0,0,0,0,2,2,15,12,27,0,0,0,18.0,38.46,53.85,0.0,0.0,7.69,0.0,0.0,0.0
9000008121,2025-10-19 06:00,0.592222,0,0,0,0,0,0,0,3,3,0,2,2,23.5,50.0,0.0,50.0,0.0,0.0,0.0,0.0,0.0
9000008121,2025-10-19 07:00,0.433889,0,0,0,2,0,2,22,2,24,3,6,9,30.0,10.0,0.0,80.0,10.0,0.0,0.0,0.0,0.0
9000008121,2025-10-19 08:00,0.663056,0,1,1,4,0,4,46,32,77,3,5,8,29.0,23.53,15.69,49.02,11.76,0.0,0.0,0.0,0.0
9000008121,2025-10-19 09:00,0.770556,0,8,8,3,2,4,96,75,171,6,3,9,31.0,17.42,21.97,43.18,14.39,2.27,0.0,0.76,0.0
9000008121,2025-10-19 10:00,0.775278,1,6,7,4,0,4,96,89,185,2,9,11,31.0,3.47,36.81,43.75,13.19,2.78,0.0,0.0,0.0
9000008121,2025-10-19 11:00,0.892778,0,1,1,11,3,15,123,58,181,1,10,11,30.0,1.85,31.48,51.85,9.88,3.09,1.23,0.62,0.0
9000008121,2025-10-19 12:00,0.807222,0,5,5,11,35,46,160,101,262,4,1,5,30.5,4.27,32.23,46.92,15.17,0.47,0.47,0.0,0.0
9000008121,2025-10-19 13:00,0.937222,3,14,18,10,5,15,172,112,284,4,7,12,29.5,9.77,26.32,51.13,10.9,1.5,0.38,0.0,0.0
9000008121,2025-10-19 14:00,0.889722,2,9,11,15,10,25,168,94,263,3,2,6,30.5,5.98,30.77,47.44,14.1,1.28,0.43,0.0,0.0
9000008121,2025-10-19 15:00,0.875833,0,11,11,6,9,15,154,92,246,4,3,7,30.0,6.48,29.17,50.93,13.89,0.0,0.0,0.0,0.0
9000008121,2025-10-19 16:00,0.861389,0,10,10,15,8,23,126,76,202,5,2,7,33.0,8.05,28.16,43.1,18.39,2.3,0.0,0.0,0.0
9000008121,2025-10-19 17:00,0.910278,2,3,5,11,3,14,112,92,204,2,5,8,30.0,7.53,32.8,45.7,9.68,3.23,0.0,0.54,0.54
9000008121,2025-10-19 18:00,0.770833,1,0,1,4,3,7,20,31,51,1,3,4,28.0,25.64,35.9,38.46,5.13,0.0,0.0,0.0,0.0
9000008121,2025-10-19 19:00,0.721389,0,0,0,6,3,9,7,14,21,0,0,0,38.5,53.33,13.33,13.33,6.67,0.0,0.0,13.33,0.0
9000008121,2025-10-19 20:00,0.709722,0,0,0,4,6,10,8,32,40,0,0,0,28.0,53.57,21.43,10.71,0.0,7.14,0.0,3.57,0.0
9000008121,2025-10-19 21:00,0.777222,0,0,0,4,1,5,8,7,16,0,0,0,50.5,41.67,16.67,8.33,8.33,8.33,16.67,0.0,0.0
9000008121,2025-10-19 22:00,0.654444,0,0,0,2,2,3,29,15,44,4,2,6,34.5,44.83,31.03,10.34,3.45,10.34,3.45,0.0,3.45
9000008121,2025-10-19 23:00,0.681111,0,0,0,1,3,4,16,15,31,0,0,0,27.5,57.14,23.81,9.52,4.76,0.0,4.76,4.76,0.0
9000008121,2025-10-20 00:00,0.678056,0,0,0,2,2,3,2,1,3,0,0,0,38.5,0.0,50.0,0.0,50.0,0.0,0.0,0.0,0.0
9000008121,2025-10-20 01:00,0.564722,0,0,0,0,2,2,2,12,14,0,0,0,24.0,37.5,37.5,25.0,0.0,0.0,0.0,0.0,0.0
9000008121,2025-10-20 02:00,0.660278,0,0,0,0,0,0,6,2,7,0,0,0,72.0,20.0,0.0,20.0,0.0,0.0,0.0,20.0,20.0
9000008121,2025-10-20 03:00,0.675833,0,0,0,0,2,2,7,3,10,0,0,0,41.0,42.86,14.29,0.0,14.29,14.29,0.0,0.0,0.0
9000008121,2025-10-20 04:00,0.607222,0,0,0,0,2,2,7,12,19,0,0,0,29.5,66.67,8.33,8.33,16.67,0.0,0.0,0.0,0.0
9000008121,2025-10-20 05:00,0.492222,0,0,0,2,7,9,16,8,24,0,0,0,23.0,33.33,33.33,16.67,8.33,0.0,0.0,0.0,0.0
9000008121,2025-10-20 06:00,0.573611,0,0,0,2,14,16,3,22,25,0,2,2,27.0,35.71,50.0,7.14,0.0,14.29,0.0,0.0,0.0
9000008121,2025-10-20 07:00,0.551944,0,2,2,4,0,4,63,51,114,2,6,8,27.5,23.81,26.98,42.86,3.17,1.59,0.0,0.0,0.0
9000008121,2025-10-20 08:00,0.612778,2,8,10,5,4,9,169,120,289,25,18,42,31.5,19.21,23.73,38.42,16.95,0.56,1.13,0.0,0.0
9000008121,2025-10-20 09:00,0.760556,6,20,26,3,4,7,164,92,257,20,14,34,29.0,11.79,28.21,50.26,8.72,1.54,0.51,0.0,0.0
9000008121,2025-10-20 10:00,0.813889,6,5,11,6,6,12,205,120,325,17,11,28,29.0,6.04,32.08,51.7,8.68,0.38,0.38,0.0,0.38
9000008121,2025-10-20 11:00,0.883611,5,4,9,10,5,15,175,112,287,10,13,23,29.5,7.48,33.46,47.64,10.63,0.39,0.0,0.0,0.39
9000008121,2025-10-20 12:00,0.899167,3,12,16,11,22,33,193,157,350,12,19,31,29.5,4.76,33.02,50.16,11.43,0.95,0.0,0.0,0.0
9000008121,2025-10-20 13:00,0.896667,6,16,22,7,10,17,229,108,337,18,23,41,32.5,17.55,15.89,46.36,16.23,3.31,0.66,0.0,0.0
9000008121,2025-10-20 14:00,0.895556,8,22,30,8,4,12,254,143,398,14,18,33,31.5,20.22,17.42,44.1,15.45,1.97,0.84,0.0,0.0
9000008121,2025-10-20 15:00,0.940556,5,24,30,15,3,18,291,171,463,23,26,48,32.0,22.53,18.85,39.08,16.09,3.45,0.0,0.0,0.0
9000008121,2025-10-20 16:00,0.919444,9,20,29,19,5,24,280,156,436,11,22,33,29.0,21.7,22.44,44.89,10.22,0.5,0.25,0.0,0.0
9000008121,2025-10-20 17:00,0.948611,6,22,27,8,8,15,224,160,384,7,16,23,29.5,18.63,27.12,40.55,12.33,1.37,0.0,0.0,0.0
9000008121,2025-10-20 18:00,0.859167,0,0,0,5,6,11,45,33,77,3,4,8,26.5,16.42,28.36,47.76,7.46,0.0,0.0,0.0,0.0
9000008121,2025-10-20 19:00,0.926667,0,0,0,1,0,1,3,12,15,0,0,0,25.0,28.57,28.57,28.57,14.29,0.0,0.0,0.0,0.0
9000008121,2025-10-20 20:00,0.826944,0,0,0,1,2,4,1,12,13,0,0,0,9.5,90.91,0.0,9.09,0.0,0.0,0.0,0.0,0.0
9000008121,2025-10-20 21:00,0.821389,0,0,0,1,1,3,15,9,24,0,0,0,28.0,35.0,35.0,15.0,0.0,5.0,5.0,0.0,0.0
9000008121,2025-10-20 22:00,0.777222,0,0,0,0,0,0,1,10,12,0,0,0,14.0,66.67,33.33,0.0,0.0,0.0,0.0,0.0,0.0
9000008121,2025-10-20 23:00,0.805833,0,0,0,2,0,2,3,5,7,0,0,0,38.0,16.67,16.67,16.67,50.0,0.0,0.0,0.0,0.0
9000008121,2025-10-21 00:00,0.837222,0,0,0,0,0,0,0,2,2,0,0,0,4.0,100.0,0.0,0.0,0.0,0.0,0.0,0.0,0.0
9000008121,2025-10-21 01:00,0.808611,0,0,0,0,0,0,0,5,5,0,0,0,32.0,25.0,50.0,0.0,25.0,0.0,0.0,0.0,0.0
9000008121,2025-10-21 02:00,0.703056,0,0,0,0,3,3,2,4,6,0,0,0,62.0,25.0,25.0,25.0,0.0,0.0,0.0,25.0,0.0
9000008121,2025-10-21 03:00,0.750833,0,0,0,0,0,0,0,0,0,0,0,0,,0.0,0.0,0.0,0.0,0.0,0.0,0.0,0.0
9000008121,2025-10-21 04:00,0.766944,0,0,0,0,0,0,2,1,3,0,0,0,53.0,66.67,0.0,0.0,0.0,0.0,33.33,0.0,0.0
9000008121,2025-10-21 05:00,0.796111,0,0,0,0,0,0,3,1,4,0,0,0,13.0,66.67,33.33,0.0,0.0,0.0,0.0,0.0,0.0
9000008121,2025-10-21 06:00,0.693889,1,0,1,0,1,1,5,7,12,0,1,1,24.0,37.5,37.5,25.0,0.0,0.0,0.0,0.0,12.5
9000008121,2025-10-21 07:00,0.784722,0,0,0,1,2,4,51,38,89,3,4,7,29.0,31.43,14.29,44.29,10.0,0.0,0.0,0.0,0.0
9000008121,2025-10-21 08:00,0.926667,1,0,1,5,0,5,147,119,267,10,14,24,29.5,25.91,24.7,36.44,10.93,2.43,0.0,0.0,0.0
9000008121,2025-10-21 09:00,0.805,8,5,13,4,1,5,181,102,283,20,13,33,30.0,9.21,35.09,40.79,10.96,3.07,0.44,0.0,0.44
9000008121,2025-10-21 10:00,0.845278,8,8,16,7,7,13,168,107,275,13,21,34,29.5,11.21,28.02,47.84,9.91,1.29,0.86,0.0,0.43
9000008121,2025-10-21 11:00,0.923889,3,3,6,10,9,18,158,114,272,13,17,31,29.0,21.03,27.78,39.68,9.92,1.19,0.4,0.0,0.0
9000008121,2025-10-21 12:00,0.973056,4,7,11,14,9,23,170,111,281,18,15,33,30.5,16.48,26.74,41.03,12.82,2.56,0.37,0.0,0.37
9000008121,2025-10-21 13:00,0.960556,3,17,20,9,8,18,176,136,311,17,16,33,32.5,12.37,28.43,38.46,16.39,4.35,0.0,0.0,0.0
9000008121,2025-10-21 14:00,0.966944,6,14,20,11,8,19,201,146,347,10,20,31,30.0,11.9,30.65,43.15,12.2,1.79,0.3,0.0,0.0
9000008121,2025-10-21 15:00,0.983611,11,22,33,17,5,22,274,164,438,17,21,38,30.5,19.95,21.81,42.69,13.69,0.93,0.46,0.23,0.23
9000008121,2025-10-21 16:00,0.963056,1,6,7,14,5,19,318,160,478,12,16,28,31.0,5.0,30.65,46.96,14.78,2.39,0.22,0.0,0.0
9000008121,2025-10-21 17:00,0.963611,1,7,8,17,7,25,207,161,368,11,20,31,30.0,4.79,37.46,43.1,12.39,1.97,0.0,0.0,0.0
9000008121,2025-10-21 18:00,0.895278,1,1,2,6,2,9,38,22,60,2,1,3,33.0,18.52,29.63,35.19,9.26,5.56,1.85,1.85,0.0
9000008121,2025-10-21 19:00,0.940556,0,0,0,1,2,3,3,2,5,0,1,1,61.0,40.0,20.0,0.0,20.0,0.0,0.0,20.0,0.0
9000008121,2025-10-21 20:00,0.893889,0,0,0,0,0,0,2,4,6,0,0,0,26.5,40.0,40.0,20.0,0.0,0.0,0.0,0.0,0.0
9000008121,2025-10-21 21:00,0.930556,0,0,0,0,0,0,2,7,9,0,0,0,24.5,37.5,25.0,25.0,0.0,12.5,0.0,0.0,0.0
9000008121,2025-10-21 22:00,0.871944,0,0,0,0,1,1,1,1,2,0,0,0,13.5,50.0,50.0,0.0,0.0,0.0,0.0,0.0,0.0
9000008121,2025-10-21 23:00,0.904722,0,0,0,0,0,0,2,3,6,0,0,0,56.5,40.0,40.0,0.0,0.0,0.0,20.0,0.0,0.0
9000008121,2025-10-22 00:00,0.948611,0,0,0,0,0,0,0,0,0,0,0,0,,0.0,0.0,0.0,0.0,0.0,0.0,0.0,0.0
9000008121,2025-10-22 01:00,0.859444,0,0,0,0,0,0,0,0,0,0,0,0,,0.0,0.0,0.0,0.0,0.0,0.0,0.0,0.0
9000008121,2025-10-22 02:00,0.849722,0,0,0,0,0,0,0,1,1,0,0,0,9.0,100.0,0.0,0.0,0.0,0.0,0.0,0.0,0.0
9000008121,2025-10-22 03:00,0.743333,0,0,0,0,4,4,1,0,1,0,0,0,29.0,0.0,0.0,100.0,0.0,0.0,0.0,0.0,0.0
9000008121,2025-10-22 04:00,0.759167,0,0,0,0,0,0,1,1,3,0,0,0,8.5,100.0,0.0,0.0,0.0,0.0,0.0,0.0,0.0
9000008121,2025-10-22 05:00,0.815833,0,0,0,1,0,1,5,3,8,0,0,0,25.5,33.33,16.67,50.0,0.0,0.0,0.0,0.0,0.0
9000008121,2025-10-22 06:00,0.782778,0,0,0,2,1,3,9,1,10,0,0,0,29.5,12.5,12.5,62.5,0.0,0.0,0.0,12.5,0.0
9000008121,2025-10-22 07:00,0.818611,0,0,0,4,1,5,64,32,97,10,7,17,30.0,10.13,32.91,41.77,12.66,0.0,1.27,0.0,0.0
9000008121,2025-10-22 08:00,0.870278,0,6,6,5,3,9,171,120,291,13,10,23,31.5,29.25,22.13,30.04,16.21,2.77,0.0,0.0,0.0
9000008121,2025-10-22 09:00,0.927222,7,14,21,7,6,13,138,121,259,14,18,32,32.5,20.33,26.56,33.2,15.35,2.49,1.66,0.41,0.0
9000008121,2025-10-22 10:00,0.949444,5,4,10,4,2,6,158,107,265,9,18,28,30.0,15.48,23.81,45.63,13.49,1.59,0.4,0.0,0.0
9000008121,2025-10-22 11:00,0.931389,0,2,2,10,1,11,174,117,291,13,18,31,29.5,25.09,19.19,42.44,11.81,0.37,0.74,0.0,0.37
9000008121,2025-10-22 12:00,0.956944,2,3,5,17,1,18,181,120,301,17,16,33,30.0,25.0,21.53,38.54,11.81,2.43,0.69,0.0,0.0
9000008121,2025-10-22 13:00,0.927778,1,2,3,18,6,25,177,164,342,12,15,27,29.5,23.03,24.61,39.75,11.67,0.95,0.0,0.0,0.0
9000008121,2025-10-22 14:00,0.956111,2,1,3,14,3,17,218,147,364,19,18,36,29.0,20.98,27.87,39.37,10.06,1.72,0.29,0.0,0.0
9000008121,2025-10-22 15:00,0.985,1,2,3,11,5,16,272,155,426,15,11,26,29.5,22.38,18.1,46.43,12.38,0.95,0.0,0.0,0.0
9000008121,2025-10-22 16:00,0.963611,1,0,1,15,1,16,227,121,348,16,16,33,31.5,17.91,21.19,43.58,15.82,1.79,0.0,0.0,0.0
9000008121,2025-10-22 17:00,0.953889,0,3,3,8,6,15,173,154,327,9,14,23,29.5,16.35,32.37,38.46,11.86,0.96,0.32,0.0,0.0
9000008121,2025-10-22 18:00,0.894444,0,0,0,2,6,8,29,21,49,1,4,6,32.5,22.73,34.09,25.0,18.18,0.0,2.27,0.0,0.0
9000008121,2025-10-22 19:00,0.838611,0,0,0,0,0,0,9,14,24,0,0,0,22.5,60.0,20.0,15.0,5.0,0.0,0.0,0.0,0.0
9000008121,2025-10-22 20:00,0.887222,0,0,0,2,2,5,11,10,21,0,0,0,23.5,42.11,31.58,15.79,0.0,0.0,5.26,0.0,0.0
9000008121,2025-10-22 21:00,0.865833,0,0,0,1,0,1,2,7,9,0,0,0,19.5,50.0,37.5,12.5,0.0,0.0,0.0,0.0,0.0
9000008121,2025-10-22 22:00,0.898889,0,0,0,1,1,3,6,2,8,0,0,0,9.5,85.71,14.29,0.0,0.0,0.0,0.0,0.0,0.0
9000008121,2025-10-22 23:00,0.855278,0,0,0,0,0,0,0,1,1,0,0,0,24.0,0.0,0.0,100.0,0.0,0.0,0.0,0.0,0.0
9000008121,2025-10-23 00:00,0.948333,0,0,0,0,0,0,1,5,7,0,0,0,30.5,50.0,33.33,0.0,16.67,0.0,0.0,0.0,0.0
9000008121,2025-10-23 01:00,0.8825,0,0,0,0,0,0,0,0,0,0,0,0,,0.0,0.0,0.0,0.0,0.0,0.0,0.0,0.0
9000008121,2025-10-23 02:00,0.862778,0,0,0,0,0,0,0,0,0,0,0,0,,0.0,0.0,0.0,0.0,0.0,0.0,0.0,0.0
9000008121,2025-10-23 03:00,0.845,0,0,0,0,0,0,1,2,4,0,0,0,32.5,33.33,33.33,0.0,33.33,0.0,0.0,0.0,0.0
9000008121,2025-10-23 04:00,0.802222,0,0,0,0,0,0,2,0,2,0,0,0,24.0,0.0,0.0,100.0,0.0,0.0,0.0,0.0,0.0
9000008121,2025-10-23 05:00,0.815,0,0,0,0,0,0,5,4,9,0,0,0,25.0,42.86,14.29,28.57,14.29,0.0,0.0,0.0,0.0
9000008121,2025-10-23 06:00,0.813611,0,0,0,4,0,4,1,10,11,0,0,0,24.0,55.56,11.11,22.22,0.0,0.0,11.11,0.0,0.0
9000008121,2025-10-23 07:00,0.806944,0,1,1,6,3,9,18,21,39,1,1,2,31.5,25.81,25.81,25.81,12.9,6.45,0.0,0.0,0.0
9000008121,2025-10-23 08:00,0.828333,0,0,0,7,2,10,151,129,280,7,15,22,29.0,21.98,26.29,40.09,9.05,2.16,0.0,0.0,0.0
9000008121,2025-10-23 09:00,0.907222,1,1,2,7,7,14,165,96,261,14,16,31,29.5,24.47,23.63,38.82,11.81,1.27,0.0,0.0,0.0
9000008121,2025-10-23 10:00,0.898056,2,0,2,11,1,12,189,118,307,11,12,23,28.5,22.1,23.19,43.84,9.06,1.45,0.36,0.0,0.0
9000008121,2025-10-23 11:00,0.922222,7,5,12,14,6,20,192,132,324,10,25,34,29.0,27.09,18.39,43.14,10.03,0.67,0.33,0.0,0.0
9000008121,2025-10-23 12:00,0.937222,2,5,7,7,6,14,180,124,304,18,18,36,29.0,24.91,22.46,40.35,9.82,2.11,0.0,0.0,0.35
9000008121,2025-10-23 13:00,0.937778,1,1,2,5,6,12,221,136,356,16,11,27,31.0,15.57,24.55,42.22,15.57,1.8,0.3,0.0,0.0
9000008121,2025-10-23 14:00,0.975278,0,1,1,1,2,3,228,145,373,15,16,31,31.0,6.34,27.82,49.31,13.22,2.75,0.55,0.0,0.0
9000008121,2025-10-23 15:00,0.924444,1,6,7,7,6,14,246,195,440,13,17,30,35.0,8.6,28.01,35.87,20.88,4.67,1.23,0.25,0.49
9000008121,2025-10-23 16:00,0.942778,0,0,0,4,9,13,204,156,360,7,14,21,33.5,7.96,27.73,38.05,20.94,3.24,0.88,0.59,0.59
9000008121,2025-10-23 17:00,0.938889,1,1,2,12,11,23,192,153,345,11,15,26,33.5,12.04,32.41,34.26,14.2,5.25,1.23,0.93,0.31
9000008121,2025-10-23 18:00,0.851111,0,0,0,1,1,2,15,6,21,0,1,1,29.0,5.56,27.78,50.0,5.56,0.0,0.0,5.56,0.0
9000008121,2025-10-23 19:00,0.861944,0,0,0,2,2,5,7,15,22,0,1,1,27.0,36.84,31.58,26.32,0.0,0.0,0.0,5.26,0.0
9000008121,2025-10-23 20:00,0.898333,0,0,0,0,1,1,1,4,6,0,1,1,51.5,20.0,20.0,0.0,40.0,0.0,20.0,0.0,0.0
9000008121,2025-10-23 21:00,0.873611,0,0,0,0,1,1,1,1,2,0,0,0,68.5,0.0,0.0,0.0,50.0,0.0,0.0,50.0,0.0
9000008121,2025-10-23 22:00,0.837778,0,0,0,0,0,0,0,0,0,0,0,0,,0.0,0.0,0.0,0.0,0.0,0.0,0.0,0.0
9000008121,2025-10-23 23:00,0.870556,0,0,0,0,0,0,0,2,2,0,0,0,43.5,0.0,50.0,0.0,0.0,50.0,0.0,0.0,0.0
9000008121,2025-10-24 00:00,0.8325,0,0,0,0,1,1,1,1,2,0,0,0,28.5,50.0,0.0,50.0,0.0,0.0,0.0,0.0,0.0
9000008121,2025-10-24 01:00,0.858333,0,0,0,0,0,0,0,0,0,0,0,0,,0.0,0.0,0.0,0.0,0.0,0.0,0.0,0.0
9000008121,2025-10-24 02:00,0.846111,0,0,0,0,0,0,0,0,0,0,0,0,,0.0,0.0,0.0,0.0,0.0,0.0,0.0,0.0
9000008121,2025-10-24 03:00,0.830556,0,0,0,0,0,0,0,0,0,0,0,0,,0.0,0.0,0.0,0.0,0.0,0.0,0.0,0.0
9000008121,2025-10-24 04:00,0.890556,0,0,0,0,0,0,1,0,1,0,0,0,14.0,0.0,100.0,0.0,0.0,0.0,0.0,0.0,0.0
9000008121,2025-10-24 05:00,0.773889,0,0,0,0,3,3,2,3,4,0,1,1,38.0,0.0,0.0,66.67,33.33,0.0,0.0,0.0,0.0
9000008121,2025-10-24 06:00,0.810278,0,0,0,0,0,0,2,1,4,1,0,1,48.0,66.67,0.0,0.0,0.0,33.33,0.0,0.0,0.0
9000008121,2025-10-24 07:00,0.829444,0,0,0,2,14,17,24,31,55,1,1,2,32.5,37.78,17.78,24.44,20.0,2.22,0.0,0.0,0.0
9000008121,2025-10-24 08:00,0.851111,0,1,1,3,3,6,128,140,268,13,18,31,32.0,29.39,25.44,27.63,10.96,3.51,1.32,0.44,1.75
9000008121,2025-10-24 09:00,0.888333,3,5,8,2,4,7,122,138,260,12,25,37,35.5,29.87,19.91,26.41,13.85,7.36,2.16,0.43,0.0
9000008121,2025-10-24 10:00,0.873611,1,5,6,0,2,2,168,170,338,15,21,35,32.5,36.61,15.25,28.81,16.27,2.03,1.02,0.34,0.0
9000008121,2025-10-24 11:00,0.895556,2,7,9,0,1,1,174,206,380,12,29,41,34.0,42.23,12.32,22.58,17.01,5.28,0.29,0.29,0.0
9000008121,2025-10-24 12:00,0.853056,1,5,6,7,8,15,208,226,434,22,19,41,33.0,21.02,26.15,32.35,14.56,4.85,0.81,0.0,0.27
9000008121,2025-10-24 13:00,0.850556,0,14,14,3,1,4,226,270,496,17,25,42,35.0,27.25,22.27,27.73,15.88,4.5,1.66,0.24,0.24
9000008121,2025-10-24 14:00,0.865833,2,15,17,4,2,6,255,245,500,16,21,37,35.5,24.02,23.56,25.4,19.17,5.08,1.15,0.92,0.46
9000008121,2025-10-24 15:00,0.882778,5,16,20,1,4,5,214,242,456,12,30,42,33.5,18.61,26.05,34.0,13.9,5.71,1.49,0.0,0.25
9000008121,2025-10-24 16:00,0.937222,0,3,3,9,2,11,212,238,451,11,23,34,33.0,23.7,26.78,30.33,12.09,4.98,1.9,0.47,0.0
9000008121,2025-10-24 17:00,0.844167,0,0,0,2,5,7,182,166,348,9,15,25,29.5,19.05,27.89,39.12,7.14,5.44,0.68,0.0,0.68
9000008121,2025-10-24 18:00,0.784444,0,0,0,1,2,4,12,14,26,1,4,6,42.5,23.81,28.57,19.05,0.0,19.05,4.76,0.0,0.0
9000008121,2025-10-24 19:00,0.893056,0,0,0,2,3,6,1,4,6,0,2,2,36.0,0.0,40.0,20.0,40.0,0.0,0.0,0.0,0.0
9000008121,2025-10-24 20:00,0.794167,0,0,0,3,1,4,2,6,8,0,0,0,34.5,50.0,0.0,16.67,16.67,0.0,0.0,16.67,0.0
9000008121,2025-10-24 21:00,0.743889,0,0,0,1,0,1,5,8,13,0,1,1,58.5,30.0,20.0,0.0,10.0,10.0,20.0,0.0,10.0
9000008121,2025-10-24 22:00,0.690833,0,0,0,0,2,2,0,12,12,0,1,1,32.0,37.5,37.5,0.0,25.0,0.0,0.0,0.0,0.0
9000008121,2025-10-24 23:00,0.696111,0,0,0,1,3,4,7,6,13,0,0,0,54.0,55.56,0.0,11.11,0.0,0.0,22.22,0.0,11.11
9000008121,2025-10-25 00:00,0.775,0,0,0,0,0,0,4,1,5,1,0,1,67.0,25.0,25.0,0.0,0.0,0.0,25.0,25.0,0.0
9000008121,2025-10-25 01:00,0.739722,0,0,0,0,0,0,4,9,13,0,2,2,33.0,50.0,20.0,10.0,10.0,0.0,0.0,10.0,0.0
9000008121,2025-10-25 02:00,0.660833,0,0,0,0,0,0,1,6,7,0,0,0,16.0,80.0,20.0,0.0,0.0,0.0,0.0,0.0,0.0
9000008121,2025-10-25 03:00,0.635833,0,0,0,0,0,0,0,0,0,0,0,0,,0.0,0.0,0.0,0.0,0.0,0.0,0.0,0.0
9000008121,2025-10-25 04:00,0.725556,0,0,0,0,0,0,2,0,2,0,0,0,34.0,0.0,0.0,0.0,100.0,0.0,0.0,0.0,0.0
9000008121,2025-10-25 05:00,0.694167,0,0,0,0,3,3,0,4,4,0,0,0,13.0,66.67,33.33,0.0,0.0,0.0,0.0,0.0,0.0
9000008121,2025-10-25 06:00,0.689722,0,0,0,3,0,3,1,3,5,0,0,0,22.5,33.33,33.33,33.33,0.0,0.0,0.0,0.0,0.0
9000008121,2025-10-25 07:00,0.634444,0,0,0,2,1,3,17,12,29,2,0,2,32.0,5.56,33.33,38.89,16.67,0.0,0.0,0.0,0.0
9000008121,2025-10-25 08:00,0.772222,1,0,1,0,0,0,75,64,138,5,9,15,34.5,26.17,25.23,24.3,14.02,6.54,3.74,0.0,0.0
9000008121,2025-10-25 09:00,0.841667,0,3,3,0,0,0,119,127,246,12,10,22,35.5,23.19,24.64,26.57,17.39,3.86,3.86,0.97,0.48
9000008121,2025-10-25 10:00,0.859167,2,0,2,7,8,15,141,115,256,6,9,15,32.5,7.27,27.73,44.55,15.45,3.64,0.45,1.36,0.0
9000008121,2025-10-25 11:00,0.933889,5,13,18,2,13,15,152,137,289,5,11,16,29.5,10.37,30.0,46.67,9.26,2.22,1.48,0.0,0.0
9000008121,2025-10-25 12:00,0.901667,2,12,15,8,11,19,183,158,342,11,16,27,34.0,21.43,23.7,33.77,13.31,5.84,1.62,0.0,0.65
9000008121,2025-10-25 13:00,0.898333,2,10,12,2,11,13,205,184,389,14,21,36,35.0,20.0,24.86,28.57,16.0,6.57,2.0,0.86,0.86
9000008121,2025-10-25 14:00,0.918611,14,18,32,6,10,15,200,263,463,11,17,27,30.0,25.88,29.41,29.88,12.0,1.88,0.71,0.24,0.0
9000008121,2025-10-25 15:00,0.893056,9,9,18,3,8,11,259,245,504,13,14,27,33.5,32.22,17.78,28.89,15.56,5.11,0.67,0.0,0.0
9000008121,2025-10-25 16:00,0.921111,8,15,23,2,8,10,168,194,362,11,15,26,35.0,34.73,17.96,22.16,15.27,6.89,1.5,1.2,0.3
9000008121,2025-10-25 17:00,0.848333,10,9,20,1,1,2,130,198,329,5,12,16,31.5,29.03,23.3,30.82,11.83,3.58,0.72,0.36,0.72
9000008121,2025-10-25 18:00,0.903889,0,0,0,1,1,2,1,3,4,0,0,0,37.0,0.0,75.0,0.0,25.0,0.0,0.0,0.0,0.0
9000008121,2025-10-25 19:00,0.776111,0,0,0,1,4,6,3,20,23,0,6,6,30.5,16.67,50.0,11.11,11.11,0.0,5.56,0.0,0.0
9000008121,2025-10-25 20:00,0.840278,0,0,0,0,0,0,11,6,17,0,1,1,34.5,46.67,13.33,6.67,13.33,6.67,0.0,6.67,0.0
9000008121,2025-10-25 21:00,0.723611,0,0,0,0,7,7,3,8,11,0,0,0,60.0,37.5,25.0,0.0,0.0,0.0,12.5,0.0,12.5
9000008121,2025-10-25 22:00,0.801667,0,0,0,1,4,5,1,6,8,0,0,0,28.0,50.0,16.67,33.33,0.0,0.0,0.0,0.0,0.0
9000008121,2025-10-25 23:00,0.777222,0,0,0,2,0,2,2,5,7,0,0,0,36.5,60.0,20.0,0.0,20.0,0.0,0.0,0.0,0.0
9000008121,2025-10-26 00:00,0.861944,0,0,0,0,1,1,5,6,11,0,0,0,19.0,66.67,22.22,11.11,0.0,0.0,0.0,0.0,0.0
9000008121,2025-10-26 02:00,0.169167,0,0,0,0,0,0,0,0,0,0,0,0,,0.0,0.0,0.0,0.0,0.0,0.0,0.0,0.0
9000008121,2025-10-26 02:00,0.791667,0,0,0,0,0,0,1,1,3,0,0,0,8.5,100.0,0.0,0.0,0.0,0.0,0.0,0.0,0.0
9000008121,2025-10-26 03:00,0.693611,0,0,0,0,0,0,1,1,3,0,0,0,58.5,50.0,0.0,0.0,0.0,0.0,50.0,0.0,0.0
9000008121,2025-10-26 04:00,0.709722,0,0,0,0,0,0,8,4,12,0,0,0,29.0,37.5,25.0,25.0,0.0,0.0,12.5,0.0,0.0
9000008121,2025-10-26 05:00,0.613611,0,0,0,0,3,3,3,5,8,0,0,0,36.0,40.0,20.0,20.0,20.0,0.0,0.0,0.0,0.0
9000008121,2025-10-26 06:00,0.641944,0,0,0,0,0,0,2,7,9,0,0,0,36.5,33.33,16.67,16.67,16.67,0.0,0.0,0.0,0.0
9000008121,2025-10-26 07:00,0.696389,0,1,1,0,0,0,32,38,70,7,3,9,30.5,32.65,20.41,30.61,10.2,2.04,2.04,2.04,0.0
9000008121,2025-10-26 08:00,0.818889,0,1,1,0,0,0,48,53,102,4,5,9,35.0,8.43,21.69,42.17,22.89,2.41,1.2,0.0,0.0
9000008121,2025-10-26 09:00,0.859167,1,2,4,2,3,6,89,67,155,4,8,12,36.0,0.75,27.82,42.11,21.05,6.02,1.5,0.75,0.0
9000008121,2025-10-26 10:00,0.877778,9,10,19,2,3,5,116,106,221,3,4,8,35.0,24.74,19.07,29.9,18.56,5.15,1.55,0.52,0.52
9000008121,2025-10-26 11:00,0.801389,3,1,5,1,0,1,123,172,296,4,6,10,34.0,15.61,27.85,34.6,16.03,5.49,0.84,0.0,0.0
9000008121,2025-10-26 12:00,0.726944,0,1,1,3,3,6,136,119,255,4,7,11,33.0,17.2,22.58,36.02,18.82,3.76,1.08,0.0,0.54
9000008121,2025-10-26 13:00,0.524444,0,0,0,0,0,0,131,105,237,6,2,8,34.0,20.97,12.9,40.32,20.97,1.61,1.61,0.81,0.81
9000008121,2025-10-26 14:00,0.6825,0,0,0,3,1,4,130,79,209,3,7,10,32.5,13.29,15.38,49.65,17.48,2.8,0.7,0.7,0.0
9000008121,2025-10-26 15:00,0.703333,0,0,0,1,2,3,94,105,200,3,8,11,31.5,15.0,33.57,35.0,9.29,5.71,1.43,0.0,0.71
9000008121,2025-10-26 16:00,0.783611,0,1,1,1,4,5,96,82,179,2,4,6,32.0,16.43,20.0,43.57,13.57,2.14,2.14,1.43,0.71
9000008121,2025-10-26 17:00,0.728611,0,0,0,0,3,3,3,9,12,0,2,2,53.5,22.22,11.11,33.33,0.0,0.0,11.11,11.11,0.0
9000008121,2025-10-26 18:00,0.694167,0,0,0,2,4,6,7,9,16,1,2,3,53.0,18.18,18.18,0.0,27.27,9.09,18.18,0.0,9.09
9000008121,2025-10-26 19:00,0.753056,0,0,0,1,4,6,5,9,14,0,0,0,46.5,27.27,9.09,0.0,36.36,9.09,9.09,0.0,0.0
9000008121,2025-10-26 20:00,0.7325,0,0,0,1,5,7,1,8,10,0,1,1,35.0,28.57,28.57,14.29,14.29,14.29,0.0,0.0,0.0
9000008121,2025-10-26 21:00,0.759722,0,0,0,0,3,3,1,4,6,0,1,1,22.0,50.0,25.0,25.0,0.0,0.0,0.0,0.0,0.0
9000008121,2025-10-26 22:00,0.776389,0,0,0,0,0,0,8,1,9,0,1,1,39.0,0.0,28.57,28.57,28.57,14.29,0.0,0.0,0.0
9000008121,2025-10-26 23:00,0.745833,0,0,0,0,1,1,0,0,0,0,0,0,,0.0,0.0,0.0,0.0,0.0,0.0,0.0,0.0
9000008121,2025-10-27 00:00,0.790556,0,0,0,5,1,7,1,0,1,0,0,0,39.0,0.0,0.0,0.0,100.0,0.0,0.0,0.0,0.0
9000008121,2025-10-27 01:00,0.631389,0,0,0,0,2,2,1,2,3,0,0,0,18.5,50.0,50.0,0.0,0.0,0.0,0.0,0.0,0.0
9000008121,2025-10-27 02:00,0.712222,0,0,0,0,0,0,0,0,0,0,0,0,,0.0,0.0,0.0,0.0,0.0,0.0,0.0,0.0
9000008121,2025-10-27 03:00,0.753611,0,0,0,0,1,1,4,4,8,0,0,0,31.0,50.0,33.33,0.0,16.67,0.0,0.0,0.0,0.0
9000008121,2025-10-27 04:00,0.683611,0,0,0,0,0,0,0,3,3,0,0,0,28.5,50.0,0.0,50.0,0.0,0.0,0.0,0.0,0.0
9000008121,2025-10-27 05:00,0.645556,0,0,0,0,0,0,2,3,4,0,0,0,33.0,33.33,33.33,0.0,33.33,0.0,0.0,0.0,0.0
9000008121,2025-10-27 06:00,0.675556,0,0,0,3,1,4,16,10,26,0,2,2,42.0,27.78,5.56,38.89,5.56,16.67,5.56,0.0,0.0
9000008121,2025-10-27 07:00,0.618333,0,0,0,3,1,4,103,99,202,6,17,23,33.0,26.4,24.0,26.4,14.4,4.8,2.4,0.8,0.0
9000008121,2025-10-27 08:00,0.679444,0,0,0,3,1,4,228,171,399,14,28,42,31.0,8.86,31.73,42.07,14.39,2.21,0.74,0.0,0.0
9000008121,2025-10-27 09:00,0.766111,3,1,4,1,4,5,216,158,374,13,22,34,33.5,7.69,33.92,35.66,19.23,3.5,0.35,0.0,0.35
9000008121,2025-10-27 10:00,0.720278,3,1,4,1,1,3,207,168,376,17,27,44,34.5,9.23,26.2,39.85,16.24,6.64,1.48,0.0,0.37
9000008121,2025-10-27 11:00,0.801667,5,1,6,1,5,6,245,188,432,16,27,43,33.5,7.49,26.51,41.5,20.17,3.46,0.58,0.0,0.0
9000008121,2025-10-27 12:00,0.813333,1,3,4,7,4,11,213,179,392,19,19,37,34.5,10.03,27.9,35.11,20.69,4.7,1.25,0.0,0.31
9000008121,2025-10-27 13:00,0.191667,0,0,0,0,0,0,188,177,365,21,26,47,31.5,12.86,22.86,45.71,18.57,0.0,0.0,0.0,0.0
9000008121,2025-10-27 14:00,0.401111,8,7,15,7,7,15,295,220,515,17,17,34,33.0,14.49,24.15,39.61,15.94,3.38,0.97,0.48,1.45
9000008121,2025-10-27 15:00,0.828889,1,5,6,4,6,10,321,248,569,13,25,39,32.5,8.69,29.66,41.53,15.47,3.18,0.85,0.0,0.64
9000008121,2025-10-27 16:00,0.712222,0,0,0,6,4,10,200,198,399,8,12,20,30.0,10.21,36.62,38.38,10.56,1.76,2.11,0.35,0.0
9000008121,2025-10-27 17:00,0.761389,0,0,0,5,14,19,9,34,43,0,3,3,48.5,25.0,25.0,15.62,9.38,9.38,6.25,6.25,0.0
9000008121,2025-10-27 18:00,0.729167,0,0,0,3,4,7,6,16,22,0,5,5,42.5,6.25,37.5,25.0,12.5,12.5,0.0,6.25,0.0
9000008121,2025-10-27 19:00,0.807778,0,0,0,0,6,6,9,27,36,1,0,1,44.5,20.69,37.93,6.9,13.79,6.9,0.0,0.0,10.34
9000008121,2025-10-27 20:00,0.708889,0,0,0,0,0,0,3,6,9,0,0,0,76.0,33.33,16.67,0.0,16.67,16.67,0.0,0.0,16.67
9000008121,2025-10-27 21:00,0.688889,0,0,0,5,0,5,5,5,9,0,1,1,31.5,16.67,16.67,50.0,16.67,0.0,0.0,0.0,0.0
9000008121,2025-10-27 22:00,0.760556,0,0,0,0,3,3,1,5,7,0,0,0,24.0,20.0,20.0,60.0,0.0,0.0,0.0,0.0,0.0
9000008121,2025-10-27 23:00,0.731944,0,0,0,0,1,1,0,3,3,0,0,0,14.0,0.0,100.0,0.0,0.0,0.0,0.0,0.0,0.0
9000008121,2025-10-28 00:00,0.655,0,0,0,0,0,0,0,0,0,0,0,0,,0.0,0.0,0.0,0.0,0.0,0.0,0.0,0.0
9000008121,2025-10-28 01:00,0.713056,0,0,0,0,0,0,1,0,1,0,0,0,14.0,0.0,100.0,0.0,0.0,0.0,0.0,0.0,0.0
9000008121,2025-10-28 02:00,0.786667,0,0,0,0,0,0,0,4,4,0,0,0,18.0,66.67,33.33,0.0,0.0,0.0,0.0,0.0,0.0
9000008121,2025-10-28 03:00,0.716667,0,0,0,0,0,0,1,4,6,0,0,0,32.0,75.0,0.0,0.0,25.0,0.0,0.0,0.0,0.0
9000008121,2025-10-28 04:00,0.690278,0,0,0,0,0,0,5,1,6,0,0,0,16.5,75.0,25.0,0.0,0.0,0.0,0.0,0.0,0.0
9000008121,2025-10-28 05:00,0.622778,0,0,0,0,2,2,0,7,7,0,2,2,37.0,25.0,50.0,0.0,25.0,0.0,0.0,0.0,0.0
9000008121,2025-10-28 06:00,0.704444,0,0,0,2,1,3,34,38,72,2,0,2,34.5,19.61,21.57,33.33,19.61,3.92,0.0,0.0,1.96
9000008121,2025-10-28 07:00,0.743611,4,8,12,3,1,4,177,161,338,7,23,30,34.5,25.9,19.52,33.86,13.15,5.58,1.2,1.2,0.0
9000008121,2025-10-28 08:00,0.753889,14,19,33,3,4,7,238,160,397,21,19,40,32.5,19.0,26.33,33.33,15.33,4.67,1.0,0.0,0.33
9000008121,2025-10-28 09:00,0.851389,9,6,15,6,6,12,212,187,400,18,33,51,34.5,27.35,17.06,31.18,17.94,5.29,0.59,0.0,0.59
9000008121,2025-10-28 10:00,0.839167,5,3,8,5,4,9,209,216,425,15,21,36,32.5,33.05,17.09,30.53,13.17,4.48,0.28,1.12,0.28
9000008121,2025-10-28 11:00,0.783889,0,0,0,4,1,5,233,183,417,14,22,36,32.0,13.46,24.77,42.2,14.68,3.36,0.92,0.31,0.31
9000008121,2025-10-28 12:00,0.756389,0,0,0,4,1,5,214,175,389,14,13,27,33.5,16.67,25.51,35.71,17.35,3.4,1.36,0.0,0.0
9000008121,2025-10-28 13:00,0.727222,1,0,1,4,4,8,252,184,436,18,15,33,33.5,24.29,15.77,35.33,17.03,5.99,1.26,0.0,0.0
9000008121,2025-10-28 14:00,0.796111,0,0,0,8,0,8,324,212,536,27,52,79,35.5,18.27,14.99,37.94,20.14,6.09,1.17,0.47,0.94
9000008121,2025-10-28 15:00,0.828333,0,0,0,2,5,7,352,272,624,16,43,60,32.5,20.31,16.83,42.55,14.51,4.64,0.77,0.0,0.19
9000008121,2025-10-28 16:00,0.696111,0,1,1,7,14,21,224,195,419,10,13,23,30.5,22.6,22.26,39.38,12.33,2.4,1.03,0.34,0.0
9000008121,2025-10-28 17:00,0.8825,0,0,0,2,2,4,22,8,30,4,1,5,41.5,11.11,22.22,25.93,18.52,14.81,3.7,0.0,0.0
9000008121,2025-10-28 18:00,0.694167,0,0,0,18,3,21,26,25,51,5,7,12,40.5,34.29,11.43,28.57,11.43,5.71,0.0,5.71,2.86
9000008121,2025-10-28 19:00,0.79,0,0,0,1,4,5,12,9,21,0,0,0,43.5,17.65,41.18,17.65,0.0,5.88,0.0,5.88,5.88
9000008121,2025-10-28 20:00,0.823611,0,0,0,2,1,3,1,4,5,1,0,1,8.5,100.0,0.0,0.0,0.0,0.0,0.0,0.0,0.0
9000008121,2025-10-28 21:00,0.774167,0,0,0,1,1,3,8,6,14,0,2,2,46.5,36.36,9.09,18.18,9.09,18.18,0.0,9.09,0.0
9000008121,2025-10-28 22:00,0.736111,0,0,0,1,1,3,4,24,28,3,0,3,19.0,47.62,38.1,4.76,4.76,0.0,4.76,0.0,0.0
9000008121,2025-10-28 23:00,0.729167,0,0,0,0,0,0,2,3,5,0,2,2,28.0,33.33,0.0,66.67,0.0,0.0,0.0,0.0,0.0
9000008121,2025-10-29 00:00,0.799444,0,0,0,0,0,0,3,0,3,0,0,0,13.5,50.0,50.0,0.0,0.0,0.0,0.0,0.0,0.0
9000008121,2025-10-29 01:00,0.714444,0,0,0,0,0,0,13,6,19,0,0,0,29.5,53.85,15.38,15.38,7.69,0.0,7.69,0.0,0.0
9000008121,2025-10-29 02:00,0.6275,0,0,0,0,0,0,9,15,24,0,0,0,21.5,53.33,20.0,20.0,0.0,0.0,0.0,0.0,0.0
9000008121,2025-10-29 03:00,0.715278,0,0,0,0,0,0,3,0,3,0,0,0,18.5,50.0,50.0,0.0,0.0,0.0,0.0,0.0,0.0
9000008121,2025-10-29 04:00,0.615,0,0,0,1,2,3,4,7,11,0,0,0,42.5,14.29,42.86,0.0,0.0,28.57,0.0,0.0,0.0
9000008121,2025-10-29 05:00,0.625278,0,0,0,0,3,3,3,12,16,0,2,2,21.5,30.0,40.0,20.0,0.0,0.0,0.0,0.0,0.0
9000008121,2025-10-29 06:00,0.685833,0,0,0,0,0,0,11,26,37,0,3,3,23.0,40.0,24.0,32.0,4.0,0.0,0.0,0.0,0.0
9000008121,2025-10-29 07:00,0.688889,0,0,0,3,2,5,148,155,303,11,15,26,32.5,24.4,23.92,31.1,12.92,3.35,2.87,0.96,0.48
9000008121,2025-10-29 08:00,0.815833,4,5,9,5,10,15,257,173,430,27,16,43,33.0,20.8,21.08,37.89,13.39,3.42,1.99,0.85,0.28
9000008121,2025-10-29 09:00,0.821944,3,8,12,6,8,15,204,144,348,18,25,44,32.5,4.9,30.07,44.76,13.64,4.2,1.4,0.0,0.7
9000008121,2025-10-29 10:00,0.91,11,10,21,8,5,13,195,183,378,24,30,55,32.5,8.72,35.47,34.01,17.15,3.49,1.16,0.0,0.0
9000008121,2025-10-29 11:00,0.86,2,6,8,5,19,25,234,179,412,39,28,66,33.5,14.65,30.14,34.65,14.93,3.66,1.69,0.56,0.28
9000008121,2025-10-29 12:00,0.956389,14,20,34,3,14,17,259,179,438,14,27,41,35.5,14.32,19.09,36.75,22.43,5.25,1.67,0.24,0.24
9000008121,2025-10-29 13:00,0.932778,21,23,44,9,19,28,247,222,469,16,33,49,36.5,14.19,24.71,35.01,16.25,8.24,0.92,0.46,0.23
9000008121,2025-10-29 14:00,0.921111,15,25,40,7,12,19,353,213,566,26,23,49,33.0,17.47,19.0,42.23,15.93,3.84,0.96,0.19,0.0
9000008121,2025-10-29 15:00,0.891667,22,19,41,7,6,13,309,241,551,22,22,44,33.5,24.03,20.77,33.2,15.27,5.09,1.43,0.41,0.0
9000008121,2025-10-29 16:00,0.9275,4,8,12,9,10,19,235,189,424,19,11,30,29.0,27.23,22.9,37.66,9.16,2.04,0.51,0.51,0.0
9000008121,2025-10-29 17:00,0.88,0,0,0,0,1,1,2,3,6,1,3,5,33.0,20.0,40.0,0.0,40.0,0.0,0.0,0.0,0.0
9000008121,2025-10-29 18:00,0.828611,0,0,0,3,7,10,8,15,22,0,6,6,57.0,5.26,21.05,26.32,10.53,10.53,15.79,0.0,5.26
9000008121,2025-10-29 19:00,0.869444,0,0,0,1,1,2,8,2,10,0,1,1,61.5,11.11,0.0,0.0,22.22,33.33,11.11,22.22,0.0
9000008121,2025-10-29 20:00,0.790556,0,0,0,4,1,5,9,9,18,0,0,0,43.5,28.57,21.43,0.0,28.57,7.14,0.0,14.29,0.0
9000008121,2025-10-29 21:00,0.804444,0,0,0,1,2,4,5,11,16,0,0,0,27.5,46.15,30.77,15.38,0.0,0.0,7.69,0.0,0.0
9000008121,2025-10-29 22:00,0.761944,0,0,0,1,4,5,1,5,6,0,0,0,26.0,40.0,40.0,20.0,0.0,0.0,0.0,0.0,0.0
9000008121,2025-10-29 23:00,0.785556,0,0,0,0,1,1,1,3,4,0,1,1,23.0,66.67,0.0,33.33,0.0,0.0,0.0,0.0,0.0
9000008121,2025-10-30 00:00,0.808056,0,0,0,0,2,2,6,3,9,0,0,0,44.5,42.86,28.57,0.0,0.0,14.29,0.0,14.29,0.0
9000008121,2025-10-30 01:00,0.789722,0,0,0,0,0,0,4,1,5,0,0,0,12.0,75.0,25.0,0.0,0.0,0.0,0.0,0.0,0.0
9000008121,2025-10-30 02:00,0.824444,0,0,0,0,0,0,0,1,1,0,0,0,4.0,100.0,0.0,0.0,0.0,0.0,0.0,0.0,0.0
9000008121,2025-10-30 03:00,0.801111,0,0,0,0,0,0,0,5,5,0,0,0,57.5,75.0,0.0,0.0,0.0,0.0,25.0,0.0,0.0
9000008121,2025-10-30 04:00,0.829167,0,0,0,0,0,0,1,0,1,0,0,0,4.0,100.0,0.0,0.0,0.0,0.0,0.0,0.0,0.0
9000008121,2025-10-30 05:00,0.775278,0,0,0,3,0,3,2,0,2,0,0,0,9.0,100.0,0.0,0.0,0.0,0.0,0.0,0.0,0.0
9000008121,2025-10-30 06:00,0.759722,0,0,0,0,0,0,10,6,16,1,0,1,46.0,16.67,33.33,16.67,8.33,8.33,0.0,8.33,0.0
9000008121,2025-10-30 07:00,0.749167,0,0,0,1,7,9,107,102,209,11,11,22,30.0,24.2,22.93,37.58,10.83,3.18,0.0,0.64,0.64
9000008121,2025-10-30 08:00,0.836111,0,0,0,2,2,5,202,265,467,20,25,45,30.0,22.31,31.54,31.28,11.03,2.82,0.26,0.51,0.26
9000008121,2025-10-30 09:00,0.886111,1,3,4,4,1,6,215,153,368,19,15,34,34.0,19.33,22.39,32.21,23.01,1.23,1.23,0.0,0.61
9000008121,2025-10-30 10:00,0.753889,0,0,0,5,1,7,261,157,419,24,16,41,29.0,22.15,25.32,40.51,8.86,2.53,0.0,0.32,0.32
9000008121,2025-10-30 11:00,0.837778,4,4,8,4,5,8,238,196,434,14,35,49,34.5,20.05,18.68,33.79,21.15,4.67,1.1,0.27,0.0
9000008121,2025-10-30 12:00,0.769722,0,3,3,1,6,7,261,186,448,28,21,49,34.0,20.35,21.8,34.59,14.24,6.1,2.91,0.29,0.0
9000008121,2025-10-30 13:00,0.803333,0,3,3,6,9,15,319,188,508,19,26,45,35.0,14.71,18.63,35.29,25.25,4.66,1.72,0.25,0.0
9000008121,2025-10-30 14:00,0.855,2,10,12,8,7,15,379,200,578,26,26,52,32.5,14.17,24.7,40.89,16.6,2.83,0.4,0.4,0.0
9000008121,2025-10-30 15:00,0.889167,5,13,18,8,7,14,365,225,590,17,18,35,32.5,16.6,22.14,40.65,16.22,3.05,0.57,0.57,0.19
9000008121,2025-10-30 16:00,0.709444,4,10,14,17,13,30,351,222,574,18,13,31,30.5,11.79,33.17,39.56,12.04,2.95,0.25,0.25,0.0
9000008121,2025-10-30 17:00,0.801389,0,0,0,4,2,6,14,10,25,1,4,5,46.5,0.0,20.0,35.0,25.0,20.0,0.0,0.0,0.0
9000008121,2025-10-30 18:00,0.820556,0,0,0,5,2,8,8,19,27,0,1,1,41.5,18.18,22.73,22.73,18.18,18.18,0.0,0.0,0.0
9000008121,2025-10-30 19:00,0.811944,0,0,0,0,0,0,8,11,20,0,1,1,29.5,18.75,25.0,37.5,6.25,6.25,0.0,0.0,0.0
9000008121,2025-10-30 20:00,0.764722,0,0,0,0,7,7,7,14,21,0,1,1,36.5,43.75,6.25,18.75,25.0,0.0,0.0,0.0,6.25
9000008121,2025-10-30 21:00,0.784722,0,0,0,1,4,5,2,15,17,1,2,4,23.0,28.57,42.86,28.57,0.0,0.0,0.0,0.0,0.0
9000008121,2025-10-30 22:00,0.754167,0,0,0,0,1,1,3,3,5,0,0,0,57.0,50.0,0.0,0.0,25.0,0.0,25.0,0.0,0.0
9000008121,2025-10-30 23:00,0.748611,0,0,0,1,0,1,7,9,16,0,1,1,38.0,50.0,25.0,0.0,16.67,0.0,8.33,0.0,0.0
9000008121,2025-10-31 00:00,0.683056,0,0,0,0,1,1,2,2,5,0,0,0,42.0,66.67,0.0,33.33,0.0,33.33,0.0,0.0,0.0
9000008121,2025-10-31 01:00,0.636667,0,0,0,0,0,0,6,9,15,0,0,0,13.5,70.0,30.0,0.0,0.0,0.0,0.0,0.0,0.0
9000008121,2025-10-31 02:00,0.710556,0,0,0,0,1,1,5,5,10,0,0,0,14.5,71.43,42.86,0.0,0.0,0.0,0.0,0.0,0.0
9000008121,2025-10-31 03:00,0.691667,0,0,0,0,0,0,4,3,7,0,0,0,36.5,60.0,20.0,0.0,20.0,0.0,0.0,0.0,0.0
9000008121,2025-10-31 04:00,0.71,0,0,0,0,4,4,7,7,14,0,0,0,39.0,50.0,10.0,10.0,10.0,0.0,0.0,10.0,0.0
9000008121,2025-10-31 05:00,0.571944,0,0,0,0,5,5,4,5,9,0,0,0,16.5,60.0,40.0,0.0,0.0,0.0,0.0,0.0,0.0
9000008121,2025-10-31 06:00,0.647778,0,2,2,0,4,4,15,25,41,2,5,7,37.5,26.92,26.92,23.08,19.23,3.85,0.0,0.0,0.0
9000008121,2025-10-31 07:00,0.591944,3,3,6,0,3,3,150,139,289,20,18,39,32.0,28.07,21.05,33.92,9.94,5.26,1.17,0.58,0.58
9000008121,2025-10-31 08:00,0.711667,1,16,17,3,2,5,255,165,421,31,20,51,36.5,11.04,26.42,35.79,18.39,7.69,1.0,0.0,0.0
9000008121,2025-10-31 09:00,0.815833,5,10,14,0,1,1,227,173,400,32,15,47,34.5,22.7,22.7,28.83,18.71,5.52,0.31,0.61,0.61
9000008121,2025-10-31 10:00,0.896667,7,14,21,8,7,15,271,179,451,19,21,39,33.0,22.77,19.06,37.62,15.59,3.71,1.24,0.0,0.25
9000008121,2025-10-31 11:00,0.910278,15,25,40,3,14,17,276,207,483,33,27,60,35.0,22.73,18.86,30.45,19.32,6.59,1.36,0.68,0.0
9000008121,2025-10-31 12:00,0.908889,10,9,19,13,12,26,295,288,584,30,29,59,33.5,27.36,22.83,26.79,19.25,2.45,0.75,0.19,0.38
9000008121,2025-10-31 13:00,0.914722,16,32,48,4,11,15,328,314,642,26,51,77,34.0,30.44,17.69,29.42,15.14,5.1,2.04,0.17,0.0
9000008121,2025-10-31 14:00,0.885,8,22,30,5,6,10,338,244,582,14,30,45,36.0,23.69,21.17,29.71,17.09,6.21,1.55,0.58,0.19
9000008121,2025-10-31 15:00,0.908056,21,26,47,15,8,23,388,293,681,15,40,56,30.5,22.01,25.57,36.25,12.78,2.1,0.65,0.16,0.49
9000008121,2025-10-31 16:00,0.903889,4,8,12,7,9,16,212,177,389,11,17,28,32.0,10.83,31.34,39.89,13.96,2.28,1.14,0.57,0.28
9000008121,2025-10-31 17:00,0.785833,0,0,0,1,3,4,19,11,30,0,1,1,39.5,13.04,17.39,26.09,26.09,13.04,0.0,0.0,0.0
9000008121,2025-10-31 18:00,0.846111,0,0,0,1,1,2,7,7,14,0,1,1,45.5,25.0,16.67,16.67,16.67,25.0,0.0,0.0,0.0
9000008121,2025-10-31 19:00,0.766389,0,0,0,5,5,11,8,15,23,0,5,5,47.0,22.22,22.22,16.67,16.67,5.56,0.0,5.56,5.56
9000008121,2025-10-31 20:00,0.724444,0,0,0,3,0,3,13,16,29,0,1,1,40.0,19.05,28.57,23.81,9.52,4.76,4.76,0.0,4.76
9000008121,2025-10-31 21:00,0.734167,0,0,0,0,2,2,3,8,12,0,0,0,19.5,62.5,25.0,0.0,12.5,0.0,0.0,0.0,0.0
9000008121,2025-10-31 22:00,0.779722,0,0,0,0,0,0,8,1,9,0,0,0,60.0,28.57,0.0,28.57,14.29,0.0,14.29,0.0,14.29
9000008121,2025-10-31 23:00,0.771667,0,0,0,1,0,1,3,5,8,0,1,1,61.0,33.33,16.67,16.67,0.0,0.0,16.67,16.67,0.0
9000008121,2025-11-01 00:00,0.706389,0,0,0,0,3,3,5,6,11,0,3,3,14.5,50.0,37.5,0.0,0.0,12.5,0.0,0.0,0.0
9000008121,2025-11-01 01:00,0.761944,0,0,0,0,0,0,6,7,14,0,0,0,28.0,50.0,30.0,10.0,10.0,0.0,0.0,0.0,0.0
9000008121,2025-11-01 02:00,0.710833,0,0,0,0,2,2,3,9,11,0,0,0,33.5,50.0,12.5,12.5,25.0,0.0,0.0,0.0,0.0
9000008121,2025-11-01 03:00,0.685556,0,0,0,0,2,2,5,4,9,0,0,0,75.5,50.0,16.67,16.67,0.0,0.0,16.67,0.0,16.67
9000008121,2025-11-01 04:00,0.719444,0,0,0,0,0,0,2,1,3,0,0,0,13.0,50.0,50.0,0.0,0.0,0.0,0.0,0.0,0.0
9000008121,2025-11-01 05:00,0.673889,0,0,0,1,0,1,0,0,0,0,0,0,,0.0,0.0,0.0,0.0,0.0,0.0,0.0,0.0
9000008121,2025-11-01 06:00,0.665278,0,0,0,0,0,0,5,9,14,3,1,4,23.5,22.22,55.56,22.22,0.0,0.0,0.0,0.0,0.0
9000008121,2025-11-01 07:00,0.77,0,3,3,0,0,0,34,38,71,5,3,8,34.0,34.55,20.0,21.82,14.55,7.27,1.82,0.0,0.0
9000008121,2025-11-01 08:00,0.766111,4,0,4,3,0,3,92,83,175,4,4,7,33.5,15.67,27.61,32.09,17.91,4.48,0.75,0.0,0.75
9000008121,2025-11-01 09:00,0.866389,12,7,18,1,2,4,161,118,279,8,8,16,34.0,11.98,23.55,41.74,16.12,4.96,1.65,0.41,0.0
9000008121,2025-11-01 10:00,0.879444,9,6,15,3,12,16,207,181,389,14,19,33,33.5,14.91,28.07,33.92,18.13,4.09,0.88,0.29,0.0
9000008121,2025-11-01 11:00,0.946667,0,1,1,5,18,23,230,253,484,11,12,22,33.5,34.93,15.5,27.73,15.28,4.59,1.75,0.22,0.0
9000008121,2025-11-01 12:00,0.942778,3,6,10,9,15,24,269,242,511,14,18,32,34.5,24.07,18.46,32.57,17.01,5.6,1.87,0.21,0.21
9000008121,2025-11-01 13:00,0.991389,8,21,29,5,11,16,279,220,499,15,19,34,34.0,22.83,22.42,30.71,17.58,5.25,0.81,0.2,0.2
9000008121,2025-11-01 14:00,0.945278,7,20,28,9,9,18,305,214,519,10,14,24,32.5,24.44,21.18,34.83,13.44,4.07,0.61,0.41,0.81
9000008121,2025-11-01 15:00,0.946111,8,15,23,9,3,13,233,188,421,11,12,22,34.5,22.61,21.36,32.41,17.09,3.27,2.01,1.01,0.25
9000008121,2025-11-01 16:00,0.821389,0,1,1,6,4,10,141,103,244,4,3,6,33.0,13.93,23.88,42.79,14.43,3.98,1.0,0.0,0.0
9000008121,2025-11-01 17:00,0.902222,0,0,0,11,1,12,11,8,19,0,0,0,39.0,0.0,23.53,29.41,35.29,5.88,0.0,0.0,5.88
9000008121,2025-11-01 18:00,0.873333,0,0,0,0,0,0,2,9,11,0,3,3,53.0,10.0,20.0,30.0,10.0,10.0,10.0,0.0,10.0
9000008121,2025-11-01 19:00,0.882778,0,0,0,0,0,0,1,3,5,0,0,0,52.0,50.0,25.0,0.0,0.0,0.0,25.0,0.0,0.0
9000008121,2025-11-01 20:00,0.81,0,0,0,3,0,3,1,6,7,0,0,0,40.5,33.33,33.33,0.0,0.0,16.67,0.0,0.0,0.0
9000008121,2025-11-01 21:00,0.830556,0,0,0,0,1,1,0,3,3,0,0,0,13.5,50.0,50.0,0.0,0.0,0.0,0.0,0.0,0.0
9000008121,2025-11-01 22:00,0.8975,0,0,0,0,1,1,0,2,2,1,1,2,33.5,0.0,50.0,0.0,50.0,0.0,0.0,0.0,0.0
9000008121,2025-11-01 23:00,0.877222,0,0,0,0,0,0,2,5,7,0,0,0,50.5,33.33,33.33,16.67,0.0,0.0,16.67,0.0,0.0
9000008121,2025-11-02 00:00,0.941667,0,0,0,0,0,0,1,0,1,0,0,0,34.0,0.0,0.0,0.0,100.0,0.0,0.0,0.0,0.0
9000008121,2025-11-02 01:00,0.870556,0,0,0,0,0,0,0,2,2,0,2,2,23.5,0.0,50.0,50.0,0.0,0.0,0.0,0.0,0.0
9000008121,2025-11-02 02:00,0.861111,0,0,0,0,0,0,1,2,4,0,0,0,37.5,0.0,33.33,33.33,33.33,0.0,0.0,0.0,0.0
9000008121,2025-11-02 03:00,0.859444,0,0,0,0,0,0,3,0,3,0,0,0,37.5,0.0,66.67,0.0,33.33,0.0,0.0,0.0,0.0
9000008121,2025-11-02 04:00,0.838056,0,0,0,0,1,1,0,0,0,0,0,0,,0.0,0.0,0.0,0.0,0.0,0.0,0.0,0.0
9000008121,2025-11-02 05:00,0.850833,0,0,0,0,0,0,0,1,1,0,0,0,4.0,100.0,0.0,0.0,0.0,0.0,0.0,0.0,0.0
9000008121,2025-11-02 06:00,0.830278,0,0,0,0,0,0,0,1,1,0,0,0,4.0,100.0,0.0,0.0,0.0,0.0,0.0,0.0,0.0
9000008121,2025-11-02 07:00,0.796944,0,1,1,0,1,1,22,13,36,4,3,7,34.5,25.0,17.86,17.86,32.14,3.57,3.57,0.0,3.57
9000008121,2025-11-02 08:00,0.919167,0,0,0,0,0,0,67,52,119,2,3,5,39.5,24.77,18.35,26.61,15.6,9.17,4.59,0.92,0.0
9000008121,2025-11-02 09:00,0.894722,0,0,0,0,3,3,119,99,218,5,8,13,36.0,30.26,12.82,25.64,21.03,9.23,0.51,0.51,0.0
9000008121,2025-11-02 10:00,0.899722,5,4,9,2,2,4,146,106,251,5,5,10,36.5,22.12,16.37,30.97,22.12,6.19,1.33,0.44,0.44
9000008121,2025-11-02 11:00,0.966389,4,2,6,2,0,2,191,138,329,4,5,9,34.0,11.64,25.47,36.79,18.87,4.72,1.26,0.94,0.0
9000008121,2025-11-02 12:00,0.850556,2,4,6,6,4,9,208,137,345,7,10,17,36.0,2.72,31.97,30.95,25.85,6.46,1.02,1.02,0.0
9000008121,2025-11-02 13:00,0.892222,6,9,15,6,3,9,207,142,348,3,6,9,36.0,4.5,27.97,35.05,25.08,6.43,1.29,0.0,0.0
9000008121,2025-11-02 14:00,0.939444,8,8,17,1,6,7,215,171,385,5,6,12,34.0,4.14,30.94,40.33,17.68,4.42,1.93,0.28,0.28
9000008121,2025-11-02 15:00,0.908611,7,15,22,2,2,4,183,149,332,9,9,17,34.0,22.59,20.93,35.22,13.29,6.31,1.33,0.0,0.0
9000008121,2025-11-02 16:00,0.883333,1,2,3,6,3,9,112,106,219,2,5,7,29.5,23.83,25.91,36.27,8.29,4.66,0.52,0.52,0.0
9000008121,2025-11-02 17:00,0.858611,0,0,0,0,4,4,1,7,8,0,0,0,15.0,28.57,57.14,14.29,0.0,0.0,0.0,0.0,0.0
9000008121,2025-11-02 18:00,0.823333,0,0,0,1,0,1,4,10,14,0,5,5,41.5,27.27,45.45,9.09,0.0,9.09,0.0,0.0,9.09
9000008121,2025-11-02 19:00,0.846111,0,0,0,1,2,4,1,16,17,1,1,2,23.0,28.57,42.86,21.43,7.14,0.0,0.0,0.0,0.0
9000008121,2025-11-02 20:00,0.879444,0,0,0,1,2,3,8,9,17,0,0,0,34.0,13.33,40.0,26.67,6.67,13.33,0.0,0.0,0.0
9000008121,2025-11-02 21:00,0.803611,0,0,0,0,0,0,9,6,15,0,1,1,42.5,25.0,16.67,16.67,16.67,16.67,0.0,0.0,8.33
9000008121,2025-11-02 22:00,0.826944,0,0,0,0,1,1,1,3,4,0,1,1,12.5,66.67,33.33,0.0,0.0,0.0,0.0,0.0,0.0
9000008121,2025-11-02 23:00,0.815556,0,0,0,0,1,1,0,1,1,0,0,0,4.0,100.0,0.0,0.0,0.0,0.0,0.0,0.0,0.0
9000008121,2025-11-03 00:00,0.796389,0,0,0,0,0,0,1,1,3,1,0,1,14.0,0.0,100.0,0.0,0.0,0.0,0.0,0.0,0.0
9000008121,2025-11-03 01:00,0.6875,0,0,0,1,1,3,4,1,6,0,0,0,31.5,75.0,0.0,0.0,25.0,0.0,0.0,0.0,0.0
9000008121,2025-11-03 02:00,0.764167,0,0,0,0,0,0,0,0,0,0,0,0,,0.0,0.0,0.0,0.0,0.0,0.0,0.0,0.0
9000008121,2025-11-03 03:00,0.763889,0,0,0,0,0,0,0,1,1,0,0,0,29.0,0.0,0.0,100.0,0.0,0.0,0.0,0.0,0.0
9000008121,2025-11-03 04:00,0.816111,0,0,0,0,0,0,1,1,3,0,0,0,38.5,0.0,50.0,0.0,50.0,0.0,0.0,0.0,0.0
9000008121,2025-11-03 05:00,0.822222,0,0,0,0,2,2,1,8,9,0,1,1,29.5,28.57,28.57,28.57,14.29,0.0,0.0,0.0,0.0
9000008121,2025-11-03 06:00,0.772778,0,1,1,4,4,8,22,15,37,1,4,5,33.0,24.14,37.93,17.24,17.24,3.45,0.0,0.0,0.0
9000008121,2025-11-03 07:00,0.788056,10,10,20,4,9,13,232,270,502,12,45,57,30.5,26.01,25.25,33.08,9.6,3.54,1.26,0.76,0.25
9000008121,2025-11-03 08:00,0.817222,8,11,19,6,4,10,257,247,504,23,51,74,32.0,27.67,23.79,30.1,13.59,3.16,0.73,0.49,0.49
9000008121,2025-11-03 09:00,0.622778,8,13,21,5,6,11,240,188,428,19,46,65,34.0,23.97,20.97,32.96,14.61,5.24,1.5,0.75,0.0
9000008121,2025-11-03 10:00,0.953333,10,13,23,4,9,14,252,211,463,21,50,71,32.0,26.92,16.06,37.78,14.93,3.62,0.23,0.23,0.23
9000008121,2025-11-03 11:00,0.918333,13,14,27,4,16,21,241,240,480,27,51,78,32.5,26.3,20.86,33.11,14.06,4.54,0.68,0.23,0.23
9000008121,2025-11-03 12:00,0.900556,12,14,26,4,9,14,298,241,540,27,44,71,33.0,24.9,18.31,33.95,18.11,3.7,0.82,0.62,0.0
9000008121,2025-11-03 13:00,0.934722,23,25,48,4,9,13,264,217,481,19,29,48,33.0,23.16,19.38,38.08,13.36,4.45,1.11,0.45,0.0
9000008121,2025-11-03 14:00,0.898333,12,28,40,6,8,14,336,231,567,21,33,54,32.5,21.37,21.37,37.25,15.69,3.53,0.59,0.2,0.0
9000008121,2025-11-03 15:00,0.867778,20,19,39,5,9,14,372,292,665,22,36,57,30.0,26.34,21.14,37.26,11.96,2.08,0.69,0.0,0.17
9000008121,2025-11-03 16:00,0.845833,5,5,11,10,10,20,366,239,604,18,20,38,28.0,18.0,31.51,40.12,7.63,1.96,0.39,0.39,0.0
9000008121,2025-11-03 17:00,0.815278,0,0,0,15,3,19,16,18,34,3,1,4,44.5,10.71,21.43,21.43,21.43,7.14,7.14,0.0,7.14
9000008121,2025-11-03 18:00,0.814167,0,0,0,1,2,4,15,23,39,3,4,6,33.5,12.9,19.35,38.71,19.35,3.23,3.23,0.0,0.0
9000008121,2025-11-03 19:00,0.789167,0,0,0,3,1,4,6,9,15,0,1,1,34.0,16.67,25.0,16.67,33.33,8.33,0.0,0.0,0.0
9000008121,2025-11-03 20:00,0.841944,0,0,0,2,1,3,5,13,18,0,2,2,53.5,40.0,13.33,13.33,13.33,0.0,13.33,0.0,6.67
9000008121,2025-11-03 21:00,0.793056,0,0,0,2,0,2,3,4,6,0,1,1,51.0,20.0,20.0,20.0,20.0,0.0,20.0,0.0,0.0
9000008121,2025-11-03 22:00,0.799167,0,0,0,0,1,1,2,4,6,0,0,0,41.0,40.0,20.0,20.0,0.0,20.0,0.0,0.0,0.0
9000008121,2025-11-03 23:00,0.83,0,0,0,1,3,4,0,5,5,0,3,3,46.5,50.0,25.0,0.0,0.0,25.0,0.0,0.0,0.0
9000008121,2025-11-04 00:00,0.841111,0,0,0,0,1,1,0,0,0,0,0,0,,0.0,0.0,0.0,0.0,0.0,0.0,0.0,0.0
9000008121,2025-11-04 01:00,0.751389,0,0,0,0,0,0,1,4,6,0,0,0,17.0,75.0,25.0,0.0,0.0,0.0,0.0,0.0,0.0
9000008121,2025-11-04 02:00,0.843056,0,0,0,0,0,0,0,0,0,0,0,0,,0.0,0.0,0.0,0.0,0.0,0.0,0.0,0.0
9000008121,2025-11-04 03:00,0.774444,0,0,0,0,0,0,0,1,1,0,0,0,4.0,100.0,0.0,0.0,0.0,0.0,0.0,0.0,0.0
9000008121,2025-11-04 04:00,0.715556,0,0,0,0,0,0,3,1,4,0,0,0,47.5,33.33,0.0,33.33,0.0,33.33,0.0,0.0,0.0
9000008121,2025-11-04 05:00,0.793611,0,0,0,1,1,3,4,1,5,0,0,0,37.5,25.0,25.0,0.0,50.0,0.0,0.0,0.0,0.0
9000008121,2025-11-04 06:00,0.782778,0,0,0,3,0,3,12,14,27,0,2,2,47.5,19.05,33.33,19.05,9.52,9.52,9.52,0.0,0.0
9000008121,2025-11-04 07:00,0.765556,10,25,35,4,9,12,288,312,600,19,26,46,29.5,33.55,20.48,31.81,10.02,2.18,1.09,0.87,0.22
9000008121,2025-11-04 08:00,0.915556,13,5,19,7,5,12,262,279,541,19,24,42,32.5,35.76,16.97,27.07,14.95,3.64,1.21,0.4,0.2
9000008121,2025-11-04 09:00,0.909722,6,9,15,1,9,10,268,214,482,29,26,56,37.5,19.18,20.09,31.05,18.49,5.48,2.05,2.05,1.6
9000008121,2025-11-04 10:00,0.892222,7,4,11,22,7,29,311,160,472,36,31,67,32.5,15.44,17.81,46.08,15.68,3.33,0.95,0.24,0.48
9000008121,2025-11-04 11:00,0.958611,6,13,20,5,10,15,277,214,492,30,39,69,34.5,23.14,16.99,34.39,17.41,5.73,2.34,0.0,0.42
9000008121,2025-11-04 12:00,0.974444,12,12,24,6,15,21,253,244,497,25,44,70,37.5,20.66,17.56,31.4,19.83,6.82,2.27,0.62,0.62
9000008121,2025-11-04 13:00,0.991111,9,21,30,5,11,16,310,263,572,28,50,79,36.5,20.99,14.11,37.04,17.11,8.11,1.23,1.06,0.35
9000008121,2025-11-04 14:00,0.907222,6,24,30,2,13,15,335,247,582,22,41,64,38.0,19.7,12.5,34.47,21.97,6.44,3.22,0.76,0.76
9000008121,2025-11-04 15:00,0.926667,12,21,33,4,7,12,480,307,787,24,33,57,37.5,20.99,13.31,35.53,19.48,6.04,2.61,0.96,1.23
9000008121,2025-11-04 16:00,0.866111,5,3,8,11,2,13,285,214,499,18,20,38,30.0,23.61,17.82,43.29,10.19,3.47,0.69,0.46,0.23
9000008121,2025-11-04 17:00,0.901389,0,0,0,2,5,7,9,14,22,0,2,2,40.0,10.0,25.0,15.0,35.0,0.0,10.0,5.0,0.0
9000008121,2025-11-04 18:00,0.811667,0,0,0,11,2,14,18,14,31,1,1,3,38.0,16.0,36.0,20.0,16.0,8.0,0.0,4.0,0.0
9000008121,2025-11-04 19:00,0.764722,0,0,0,4,4,8,11,11,22,0,0,0,39.5,29.41,11.76,5.88,35.29,0.0,5.88,0.0,5.88
9000008121,2025-11-04 20:00,0.801667,0,0,0,3,3,5,2,9,11,0,0,0,31.5,33.33,22.22,22.22,22.22,0.0,0.0,0.0,0.0
9000008121,2025-11-04 21:00,0.779444,0,0,0,1,1,2,8,9,18,1,0,1,34.5,21.43,35.71,14.29,7.14,0.0,7.14,0.0,7.14
9000008121,2025-11-04 22:00,0.825833,0,0,0,0,0,0,1,5,6,0,0,0,116.0,40.0,0.0,40.0,0.0,0.0,0.0,0.0,20.0
9000008121,2025-11-04 23:00,0.734722,0,0,0,1,1,3,7,7,14,0,1,1,43.0,40.0,20.0,20.0,0.0,20.0,0.0,0.0,0.0
9000008121,2025-11-05 00:00,0.753889,0,0,0,0,0,0,0,1,1,0,0,0,19.0,0.0,100.0,0.0,0.0,0.0,0.0,0.0,0.0
9000008121,2025-11-05 01:00,0.728056,0,0,0,0,0,0,0,0,0,0,0,0,,0.0,0.0,0.0,0.0,0.0,0.0,0.0,0.0
9000008121,2025-11-05 02:00,0.801389,0,0,0,0,0,0,0,1,1,0,0,0,4.0,100.0,0.0,0.0,0.0,0.0,0.0,0.0,0.0
9000008121,2025-11-05 03:00,0.665833,0,0,0,2,0,2,6,3,9,0,0,0,25.5,50.0,33.33,16.67,0.0,0.0,0.0,0.0,0.0
9000008121,2025-11-05 04:00,0.656389,0,0,0,0,0,0,2,3,5,0,0,0,53.5,33.33,33.33,0.0,0.0,0.0,33.33,0.0,0.0
9000008121,2025-11-05 05:00,0.735,0,0,0,0,0,0,4,3,7,0,0,0,46.5,0.0,20.0,20.0,40.0,20.0,0.0,0.0,0.0
9000008121,2025-11-05 06:00,0.690278,0,0,0,2,1,3,14,10,24,0,0,0,48.5,11.76,23.53,17.65,23.53,5.88,5.88,5.88,0.0
9000008121,2025-11-05 07:00,0.733889,2,0,2,11,11,22,255,233,489,16,35,51,29.5,25.07,18.94,42.34,10.03,1.95,1.39,0.28,0.28
9000008121,2025-11-05 08:00,0.762222,5,5,10,3,6,9,308,236,545,24,22,47,40.5,9.64,17.59,38.07,19.04,12.05,2.17,0.72,0.72
9000008121,2025-11-05 09:00,0.810556,1,5,6,1,10,11,261,225,487,13,38,51,34.5,21.32,17.01,34.52,20.05,4.31,2.03,0.51,0.25
9000008121,2025-11-05 10:00,0.830833,5,5,10,11,13,23,239,191,430,18,29,47,35.5,17.09,23.53,32.49,19.05,5.88,0.84,0.56,0.28
9000008121,2025-11-05 11:00,0.940278,9,15,23,14,12,26,274,196,470,20,32,52,35.0,12.9,22.85,38.24,16.74,6.33,1.81,0.68,0.0
9000008121,2025-11-05 12:00,0.951111,5,11,17,2,22,24,270,217,486,24,31,55,39.5,18.36,21.17,27.21,19.44,9.29,2.59,1.3,0.65
9000008121,2025-11-05 13:00,0.969167,11,15,26,29,12,42,321,224,545,28,36,64,33.0,18.9,19.66,39.89,16.82,4.16,0.57,0.0,0.0
9000008121,2025-11-05 14:00,0.978889,7,16,23,4,17,21,361,274,635,22,29,51,36.5,15.92,17.36,35.37,21.38,7.23,2.41,0.16,0.16
9000008121,2025-11-05 15:00,0.9325,17,16,33,8,3,11,453,303,757,29,34,63,38.0,19.55,16.71,34.56,16.71,6.37,3.54,1.42,1.13
9000008121,2025-11-05 16:00,0.960556,4,3,7,9,1,10,287,208,495,8,25,33,32.0,23.16,16.63,41.47,13.26,2.53,1.47,0.63,1.05
9000008121,2025-11-05 17:00,0.921944,0,0,0,1,2,3,6,10,16,0,1,1,42.5,13.33,33.33,13.33,13.33,13.33,0.0,0.0,6.67
9000008121,2025-11-05 18:00,0.834722,0,0,0,3,2,6,12,22,35,1,2,4,46.5,27.59,37.93,10.34,3.45,6.9,13.79,0.0,0.0
9000008121,2025-11-05 19:00,0.820278,0,0,0,1,6,7,15,10,25,0,0,0,50.5,10.0,30.0,10.0,30.0,5.0,10.0,0.0,5.0
9000008121,2025-11-05 20:00,0.921111,0,0,0,3,2,5,9,17,26,0,1,1,28.5,29.17,33.33,20.83,0.0,8.33,4.17,0.0,0.0
9000008121,2025-11-05 21:00,0.721389,0,0,0,2,1,3,8,5,13,0,0,0,49.0,33.33,22.22,0.0,11.11,11.11,11.11,0.0,0.0
9000008121,2025-11-05 22:00,0.895,0,0,0,0,3,3,7,10,17,0,1,1,39.0,31.25,18.75,12.5,18.75,6.25,6.25,0.0,0.0
9000008121,2025-11-05 23:00,0.681389,0,0,0,1,3,4,7,9,16,0,0,0,67.0,18.18,36.36,9.09,18.18,0.0,0.0,9.09,9.09
9000008121,2025-11-06 00:00,0.687222,0,0,0,0,1,1,1,0,1,0,0,0,54.0,0.0,0.0,0.0,0.0,0.0,100.0,0.0,0.0
9000008121,2025-11-06 01:00,0.698611,0,0,0,4,0,4,2,3,5,0,0,0,17.5,66.67,33.33,0.0,0.0,0.0,0.0,0.0,0.0
9000008121,2025-11-06 02:00,0.804722,0,0,0,0,0,0,1,0,1,0,0,0,29.0,0.0,0.0,100.0,0.0,0.0,0.0,0.0,0.0
9000008121,2025-11-06 03:00,0.776667,0,0,0,0,0,0,0,0,0,0,0,0,,0.0,0.0,0.0,0.0,0.0,0.0,0.0,0.0
9000008121,2025-11-06 04:00,0.68,0,0,0,0,0,0,0,0,0,0,0,0,,0.0,0.0,0.0,0.0,0.0,0.0,0.0,0.0
9000008121,2025-11-06 05:00,0.596111,0,0,0,0,0,0,4,2,6,0,2,2,52.0,0.0,0.0,50.0,0.0,50.0,25.0,0.0,0.0
9000008121,2025-11-06 06:00,0.725,0,0,0,4,1,6,10,12,22,0,2,2,32.0,18.75,31.25,31.25,12.5,0.0,6.25,0.0,0.0
9000008121,2025-11-06 07:00,0.7725,0,6,6,1,10,12,231,291,522,11,28,39,32.0,23.33,21.09,37.22,13.9,2.23,0.5,0.99,0.99
9000008121,2025-11-06 08:00,0.763889,2,2,4,4,12,16,299,236,534,22,39,61,38.0,10.05,12.99,45.34,19.85,8.58,0.98,1.72,0.74
9000008121,2025-11-06 09:00,0.841944,11,7,18,6,12,18,274,225,499,9,32,41,35.0,21.67,20.71,33.1,15.71,5.71,2.38,0.71,0.24
9000008121,2025-11-06 10:00,0.827778,7,8,15,1,20,22,279,195,474,30,29,59,34.5,14.5,22.39,36.13,19.85,5.09,1.78,0.51,0.0
9000008121,2025-11-06 11:00,0.91,8,10,18,10,15,26,240,232,472,22,43,65,36.0,17.02,27.04,29.6,18.41,6.53,1.17,0.47,0.23
9000008121,2025-11-06 12:00,0.9,11,9,20,6,6,12,280,226,506,24,31,56,35.5,13.63,20.66,40.0,16.48,5.05,2.64,1.32,0.0
9000008121,2025-11-06 13:00,0.938889,17,11,28,8,10,18,350,244,595,29,32,61,36.5,15.41,19.71,36.38,18.82,6.27,2.33,0.36,0.54
9000008121,2025-11-06 14:00,0.867222,10,18,28,11,11,23,399,265,664,23,26,49,34.5,15.45,21.18,38.37,17.36,5.38,1.74,0.69,0.0
9000008121,2025-11-06 15:00,0.943333,15,24,39,10,12,22,523,322,845,30,34,63,33.5,20.83,20.08,37.01,13.3,5.52,1.38,1.13,0.63
9000008121,2025-11-06 16:00,0.896944,2,8,10,8,14,22,286,228,513,12,22,33,31.0,18.87,21.69,42.95,11.71,2.39,0.87,0.87,0.65
9000008121,2025-11-06 17:00,0.8825,0,0,0,5,0,5,10,10,20,0,0,0,35.5,27.78,33.33,16.67,16.67,0.0,5.56,0.0,0.0
9000008121,2025-11-06 18:00,0.816944,0,0,0,7,0,7,8,16,24,0,4,4,31.5,30.0,30.0,20.0,20.0,0.0,0.0,0.0,0.0
9000008121,2025-11-06 19:00,0.78,0,0,0,3,3,5,3,9,12,1,1,3,23.5,33.33,44.44,11.11,11.11,0.0,0.0,0.0,0.0
9000008121,2025-11-06 20:00,0.806667,0,0,0,1,0,1,4,12,15,0,1,1,56.0,41.67,25.0,8.33,8.33,0.0,8.33,8.33,0.0
9000008121,2025-11-06 21:00,0.728611,0,0,0,6,1,7,3,12,14,0,6,6,56.0,27.27,36.36,18.18,0.0,0.0,9.09,9.09,0.0
9000008121,2025-11-06 22:00,0.763611,0,0,0,1,0,1,2,9,12,0,1,1,78.5,33.33,0.0,11.11,22.22,0.0,0.0,11.11,22.22
9000008121,2025-11-06 23:00,0.719722,0,0,0,0,1,1,0,5,5,0,0,0,22.0,25.0,50.0,25.0,0.0,0.0,0.0,0.0,0.0
9000008121,2025-11-07 00:00,0.707222,0,0,0,0,0,0,0,0,0,0,0,0,,0.0,0.0,0.0,0.0,0.0,0.0,0.0,0.0
9000008121,2025-11-07 01:00,0.74,0,0,0,0,4,4,0,1,1,0,0,0,19.0,0.0,100.0,0.0,0.0,0.0,0.0,0.0,0.0
9000008121,2025-11-07 02:00,0.621111,0,0,0,0,5,5,0,8,8,0,0,0,43.5,40.0,0.0,20.0,0.0,40.0,0.0,0.0,0.0
9000008121,2025-11-07 03:00,0.721944,0,0,0,0,0,0,1,3,4,0,0,0,23.0,66.67,0.0,33.33,0.0,0.0,0.0,0.0,0.0
9000008121,2025-11-07 04:00,0.663611,0,0,0,0,0,0,3,4,7,0,0,0,21.0,60.0,20.0,20.0,0.0,0.0,0.0,0.0,0.0
9000008121,2025-11-07 05:00,0.729444,0,0,0,0,3,3,2,11,12,0,0,0,19.5,33.33,44.44,0.0,11.11,0.0,0.0,0.0,0.0
9000008121,2025-11-07 06:00,0.728611,0,0,0,0,0,0,9,14,23,0,1,1,48.0,17.65,23.53,11.76,23.53,5.88,0.0,11.76,0.0
9000008121,2025-11-07 07:00,0.615278,0,0,0,2,1,3,237,267,504,12,14,26,34.0,28.71,18.71,32.58,10.0,3.55,2.26,1.61,1.94
9000008121,2025-11-07 08:00,0.684167,5,19,24,2,6,7,316,253,569,27,34,60,35.0,21.08,18.51,33.16,17.99,7.2,1.54,0.51,0.26
9000008121,2025-11-07 09:00,0.770833,5,12,17,4,8,13,250,219,469,18,30,49,38.0,24.86,17.96,25.41,20.72,8.84,1.93,0.55,0.0
9000008121,2025-11-07 10:00,0.883611,8,19,27,8,18,26,242,196,438,35,24,60,34.0,21.96,19.38,36.69,12.92,6.72,2.07,0.26,0.26
9000008121,2025-11-07 11:00,0.825,4,5,9,7,5,12,252,280,532,11,43,54,36.0,21.87,24.6,27.33,17.31,5.92,2.51,0.23,0.46
9000008121,2025-11-07 12:00,0.849167,2,8,11,6,9,15,301,240,541,34,57,90,33.0,11.98,25.71,42.05,13.94,4.58,1.09,0.65,0.0
9000008121,2025-11-07 13:00,0.823333,3,6,9,5,20,25,322,295,617,18,41,59,35.0,15.94,19.29,38.78,17.32,5.71,1.97,0.2,0.79
9000008121,2025-11-07 14:00,0.904722,3,2,5,9,5,14,411,295,706,32,32,64,37.5,16.14,19.91,34.17,18.97,7.84,1.88,0.63,0.31
9000008121,2025-11-07 15:00,0.878611,0,0,0,2,4,7,429,361,790,23,45,68,34.5,20.32,21.61,37.03,11.53,6.92,1.01,1.01,0.43
9000008121,2025-11-07 16:00,0.819722,0,1,1,9,5,13,223,213,436,10,21,31,32.5,21.57,22.41,36.97,12.04,3.64,1.68,0.84,0.56
9000008121,2025-11-07 17:00,0.749167,0,0,0,7,4,11,16,24,40,3,0,3,40.5,20.0,23.33,33.33,10.0,10.0,6.67,0.0,0.0
9000008121,2025-11-07 18:00,0.763611,0,0,0,4,5,9,20,24,43,0,1,1,35.0,36.36,18.18,21.21,15.15,6.06,0.0,3.03,0.0
9000008121,2025-11-07 19:00,0.805833,0,0,0,0,6,6,5,10,15,0,0,0,48.5,0.0,41.67,16.67,8.33,25.0,0.0,8.33,0.0
9000008121,2025-11-07 20:00,0.769444,0,0,0,5,2,7,7,6,13,2,1,3,46.5,20.0,30.0,10.0,0.0,30.0,0.0,0.0,0.0
9000008121,2025-11-07 21:00,0.741111,0,0,0,1,1,3,4,1,5,0,0,0,57.0,25.0,25.0,25.0,0.0,0.0,25.0,0.0,0.0
9000008121,2025-11-07 22:00,0.696667,0,0,0,0,4,4,9,11,20,0,2,2,46.5,35.71,21.43,14.29,7.14,14.29,0.0,0.0,7.14
9000008121,2025-11-07 23:00,0.614167,0,0,0,1,5,6,5,19,24,1,3,5,19.5,26.67,60.0,13.33,0.0,0.0,0.0,0.0,0.0
9000008121,2025-11-08 00:00,0.684167,0,0,0,0,2,2,11,7,18,0,0,0,48.5,41.67,25.0,16.67,0.0,16.67,8.33,0.0,0.0
9000008121,2025-11-08 01:00,0.605,0,0,0,2,0,2,5,8,13,0,0,0,59.0,25.0,0.0,50.0,0.0,0.0,12.5,0.0,12.5
9000008121,2025-11-08 02:00,0.605556,0,0,0,0,0,0,0,1,1,0,0,0,9.0,100.0,0.0,0.0,0.0,0.0,0.0,0.0,0.0
9000008121,2025-11-08 03:00,0.570833,0,0,0,0,0,0,0,0,0,0,0,0,,0.0,0.0,0.0,0.0,0.0,0.0,0.0,0.0
9000008121,2025-11-08 04:00,0.567778,0,0,0,0,0,0,2,0,2,0,0,0,39.0,0.0,0.0,0.0,100.0,0.0,0.0,0.0,0.0
9000008121,2025-11-08 05:00,0.59,0,0,0,2,3,5,2,7,9,0,2,2,52.0,60.0,20.0,0.0,0.0,0.0,20.0,0.0,0.0
9000008121,2025-11-08 06:00,0.585556,0,0,0,0,0,0,2,6,8,0,0,0,21.0,40.0,40.0,20.0,0.0,0.0,0.0,0.0,0.0
9000008121,2025-11-08 07:00,0.524444,0,0,0,0,2,2,33,32,65,0,2,2,35.0,29.41,8.82,32.35,32.35,0.0,0.0,0.0,0.0
9000008121,2025-11-08 08:00,0.660556,2,0,2,1,0,1,80,63,144,4,9,13,38.5,10.53,16.84,33.68,26.32,7.37,4.21,0.0,0.0
9000008121,2025-11-08 09:00,0.6825,0,3,3,4,3,8,200,168,368,13,11,24,38.5,21.91,18.33,27.89,18.73,8.76,3.19,0.8,0.4
9000008121,2025-11-08 10:00,0.705,1,9,10,6,3,9,244,236,480,18,20,38,38.5,21.24,17.99,26.25,20.94,9.14,2.36,1.18,0.59
9000008121,2025-11-08 11:00,0.776667,2,6,8,7,4,11,282,323,604,14,16,30,37.0,22.81,27.08,21.11,18.55,5.97,1.92,1.49,1.07
9000008121,2025-11-08 12:00,0.805556,1,8,9,11,2,14,298,290,589,14,15,29,36.5,26.16,17.09,30.38,16.03,5.49,2.53,1.48,0.63
9000008121,2025-11-08 13:00,0.841944,1,12,13,3,12,15,238,310,548,10,24,33,38.0,20.61,21.91,29.72,14.53,7.59,2.82,1.3,1.08
9000008121,2025-11-08 14:00,0.775278,0,7,7,7,5,13,282,326,609,18,27,45,37.5,24.36,24.36,23.52,16.1,7.84,2.12,1.27,0.64
9000008121,2025-11-08 15:00,0.846389,0,3,3,4,4,7,277,256,533,13,30,43,38.5,24.61,15.74,29.27,17.74,6.21,3.33,1.55,1.55
9000008121,2025-11-08 16:00,0.705833,1,1,2,7,1,9,152,191,343,11,21,31,31.5,19.83,22.31,41.32,10.33,4.55,0.41,0.41,1.24
9000008121,2025-11-08 17:00,0.605833,0,0,0,14,10,24,39,59,97,1,5,7,44.0,18.64,23.73,22.03,15.25,5.08,6.78,5.08,1.69
9000008121,2025-11-08 18:00,0.678889,0,0,0,8,9,16,21,30,52,0,2,2,34.5,22.86,22.86,25.71,20.0,5.71,0.0,2.86,0.0
9000008121,2025-11-08 19:00,0.735,0,0,0,3,3,5,10,19,29,0,3,3,37.0,28.57,33.33,14.29,14.29,4.76,0.0,0.0,4.76
9000008121,2025-11-08 20:00,0.639167,0,0,0,1,1,3,10,21,30,0,0,0,32.5,47.37,21.05,10.53,10.53,5.26,0.0,0.0,5.26
9000008121,2025-11-08 21:00,0.6125,0,0,0,7,0,7,8,6,15,0,0,0,32.0,33.33,44.44,0.0,22.22,0.0,0.0,0.0,0.0
9000008121,2025-11-08 22:00,0.588056,0,0,0,0,7,7,8,17,25,2,4,6,25.0,40.0,33.33,13.33,6.67,0.0,0.0,0.0,0.0
9000008121,2025-11-08 23:00,0.693333,0,0,0,0,1,1,10,25,36,0,1,1,24.0,56.0,20.0,12.0,8.0,0.0,0.0,0.0,0.0
9000008121,2025-11-09 00:00,0.506667,0,0,0,5,0,5,11,23,34,0,0,0,40.0,35.29,29.41,11.76,11.76,0.0,5.88,0.0,11.76
9000008121,2025-11-09 01:00,0.583056,0,0,0,0,5,5,13,26,39,2,0,2,23.0,60.87,21.74,13.04,8.7,0.0,0.0,0.0,0.0
9000008121,2025-11-09 02:00,0.537222,0,0,0,2,1,3,4,14,18,0,0,0,20.0,66.67,22.22,0.0,11.11,0.0,0.0,0.0,0.0
9000008121,2025-11-09 03:00,0.605,0,0,0,0,1,1,3,5,8,0,0,0,41.0,20.0,40.0,0.0,20.0,20.0,0.0,0.0,0.0
9000008121,2025-11-09 04:00,0.535,0,0,0,0,0,0,2,4,6,0,0,0,22.5,33.33,33.33,33.33,0.0,0.0,0.0,0.0,0.0
9000008121,2025-11-09 05:00,0.524722,0,0,0,0,0,0,2,4,5,0,0,0,17.5,33.33,66.67,0.0,0.0,0.0,0.0,0.0,0.0
9000008121,2025-11-09 06:00,0.617222,0,0,0,1,3,4,2,5,7,0,0,0,47.0,25.0,50.0,0.0,0.0,25.0,0.0,0.0,0.0
9000008121,2025-11-09 07:00,0.646111,0,0,0,2,8,9,22,48,70,5,3,7,33.5,8.89,48.89,24.44,11.11,6.67,2.22,0.0,0.0
9000008121,2025-11-09 08:00,0.624167,1,5,7,2,3,5,39,93,132,4,3,7,33.0,6.1,35.37,39.02,9.76,4.88,2.44,2.44,0.0
9000008121,2025-11-09 09:00,0.644722,3,8,11,1,5,6,143,156,299,10,6,16,36.0,10.36,28.5,31.09,20.73,4.15,4.66,0.0,0.52
9000008121,2025-11-09 10:00,0.751667,0,6,6,5,3,8,205,160,364,7,8,15,42.0,21.53,18.25,23.36,18.98,9.49,5.11,1.82,1.09
9000008121,2025-11-09 11:00,0.719444,0,9,9,1,2,4,220,186,406,4,9,14,41.5,23.97,16.78,22.95,19.18,11.64,3.77,1.03,0.34
9000008121,2025-11-09 12:00,0.804444,1,2,4,1,1,3,209,220,428,4,16,20,39.0,25.51,17.68,24.06,19.13,9.57,3.19,0.29,0.58
9000008121,2025-11-09 13:00,0.740556,0,10,10,2,6,7,204,256,460,10,14,24,36.0,21.11,25.22,28.74,14.66,6.74,2.93,0.88,0.0
9000008121,2025-11-09 14:00,0.803889,2,6,9,0,3,3,220,257,476,7,18,25,41.0,11.75,29.77,27.15,15.4,8.09,4.18,2.35,1.04
9000008121,2025-11-09 15:00,0.831389,3,5,7,2,2,5,216,178,394,5,7,12,36.0,10.67,25.0,37.2,15.55,6.4,0.61,1.52,3.05
9000008121,2025-11-09 16:00,0.792222,0,1,1,3,3,5,75,83,157,0,3,3,33.0,8.0,24.8,45.6,13.6,6.4,1.6,0.8,0.0
9000008121,2025-11-09 17:00,0.792222,0,0,0,2,0,2,5,3,9,0,0,0,66.0,0.0,14.29,14.29,28.57,0.0,14.29,14.29,0.0
9000008121,2025-11-09 18:00,0.814722,0,0,0,0,4,4,19,15,34,0,0,0,37.5,39.29,17.86,10.71,17.86,3.57,3.57,0.0,3.57
9000008121,2025-11-09 19:00,0.7375,0,0,0,7,7,14,11,10,20,0,1,1,49.0,46.67,6.67,20.0,0.0,13.33,0.0,6.67,6.67
9000008121,2025-11-09 20:00,0.788333,0,0,0,2,1,4,5,8,13,0,1,1,37.5,50.0,10.0,10.0,20.0,10.0,0.0,0.0,0.0
9000008121,2025-11-09 21:00,0.760556,0,0,0,3,1,4,13,10,23,0,1,1,47.5,58.82,17.65,5.88,0.0,5.88,0.0,5.88,5.88
9000008121,2025-11-09 22:00,0.746111,0,0,0,4,0,4,12,5,18,0,0,0,45.0,15.38,30.77,23.08,0.0,15.38,7.69,0.0,7.69
9000008121,2025-11-09 23:00,0.681944,0,0,0,0,1,1,4,5,10,0,0,0,30.0,50.0,16.67,33.33,16.67,0.0,0.0,0.0,0.0
9000008121,2025-11-10 00:00,0.732222,0,0,0,0,0,0,3,0,3,1,0,1,23.5,50.0,0.0,50.0,0.0,0.0,0.0,0.0,0.0
9000008121,2025-11-10 01:00,0.761111,0,0,0,0,0,0,0,1,1,0,0,0,29.0,0.0,0.0,100.0,0.0,0.0,0.0,0.0,0.0
9000008121,2025-11-10 02:00,0.763611,0,0,0,0,0,0,0,0,0,0,0,0,,0.0,0.0,0.0,0.0,0.0,0.0,0.0,0.0
9000008121,2025-11-10 03:00,0.683611,0,0,0,0,2,2,3,3,6,0,0,0,66.5,0.0,0.0,75.0,0.0,0.0,0.0,25.0,0.0
9000008121,2025-11-10 04:00,0.666944,0,0,0,1,0,1,0,4,4,0,0,0,23.0,0.0,66.67,33.33,0.0,0.0,0.0,0.0,0.0
9000008121,2025-11-10 05:00,0.692222,0,0,0,1,4,5,3,1,4,0,0,0,38.0,0.0,66.67,0.0,33.33,0.0,0.0,0.0,0.0
9000008121,2025-11-10 06:00,0.744444,0,0,0,3,1,4,12,8,20,0,1,1,32.0,46.67,6.67,26.67,13.33,0.0,6.67,0.0,0.0
9000008121,2025-11-10 07:00,0.725,0,0,0,4,3,7,203,388,591,17,41,58,31.0,20.33,30.84,32.01,9.35,3.5,1.4,1.17,0.93
9000008121,2025-11-10 08:00,0.822778,3,13,16,4,2,6,322,624,946,23,62,85,32.0,26.61,27.63,27.51,11.57,2.96,1.29,1.16,1.16
9000008121,2025-11-10 09:00,0.804722,2,5,7,0,8,8,243,458,701,18,50,68,34.0,18.26,21.99,36.35,15.96,5.14,1.06,0.71,0.35
9000008121,2025-11-10 10:00,0.79,0,3,3,1,5,6,239,327,567,20,45,65,36.0,8.26,21.88,41.74,18.08,4.91,2.01,1.12,1.56
9000008121,2025-11-10 11:00,0.797778,6,10,16,5,10,15,245,329,574,21,51,73,38.0,7.86,16.16,46.29,17.25,8.08,2.4,1.31,0.44
9000008121,2025-11-10 12:00,0.841389,9,13,23,5,9,14,275,294,569,27,40,67,36.0,16.28,25.05,31.32,16.7,6.05,2.71,1.04,0.63
9000008121,2025-11-10 13:00,0.865278,8,14,22,5,5,9,303,342,645,20,42,61,37.5,16.64,27.73,28.98,14.31,7.69,2.86,0.72,0.89
9000008121,2025-11-10 14:00,0.877222,10,22,32,15,13,28,415,369,785,55,74,128,36.0,2.62,28.34,41.42,18.02,6.69,1.89,0.73,0.29
9000008121,2025-11-10 15:00,0.880278,1,9,10,4,21,25,426,494,920,45,52,97,32.5,4.32,41.11,34.2,15.56,3.21,0.86,0.25,0.49
9000008121,2025-11-10 16:00,0.769167,1,0,1,9,13,22,270,249,519,10,28,38,33.0,4.75,29.25,46.5,11.75,4.25,2.75,0.25,0.5
9000008121,2025-11-10 17:00,0.739167,0,0,0,10,6,17,10,25,35,3,3,6,34.5,23.08,26.92,23.08,19.23,7.69,0.0,0.0,0.0
9000008121,2025-11-10 18:00,0.777222,0,0,0,6,7,13,7,21,27,0,0,0,41.0,23.81,33.33,9.52,14.29,4.76,9.52,0.0,0.0
9000008121,2025-11-10 19:00,0.811389,0,0,0,5,4,9,7,18,26,0,1,1,39.5,42.86,28.57,4.76,9.52,9.52,4.76,0.0,0.0
9000008121,2025-11-10 20:00,0.715833,0,0,0,6,4,10,7,8,16,0,0,0,47.0,27.27,27.27,9.09,18.18,9.09,9.09,0.0,0.0
9000008121,2025-11-10 21:00,0.700556,0,0,0,0,5,5,9,14,22,2,0,2,19.0,50.0,31.25,0.0,0.0,0.0,6.25,0.0,6.25
9000008121,2025-11-10 22:00,0.661667,0,0,0,2,0,2,5,1,6,0,0,0,23.5,25.0,25.0,50.0,0.0,0.0,0.0,0.0,0.0
9000008121,2025-11-10 23:00,0.689167,0,0,0,0,0,0,4,4,8,0,0,0,85.5,66.67,16.67,0.0,0.0,0.0,0.0,0.0,16.67
9000008121,2025-11-11 00:00,0.601667,0,0,0,0,0,0,0,3,3,0,0,0,18.5,50.0,50.0,0.0,0.0,0.0,0.0,0.0,0.0
9000008121,2025-11-11 01:00,0.665,0,0,0,0,0,0,0,3,3,0,0,0,23.5,50.0,0.0,50.0,0.0,0.0,0.0,0.0,0.0
9000008121,2025-11-11 02:00,0.658611,0,0,0,0,0,0,0,2,2,0,0,0,4.0,100.0,0.0,0.0,0.0,0.0,0.0,0.0,0.0
9000008121,2025-11-11 03:00,0.636389,0,0,0,0,2,2,0,0,0,0,0,0,,0.0,0.0,0.0,0.0,0.0,0.0,0.0,0.0
9000008121,2025-11-11 04:00,0.516389,0,0,0,2,0,2,4,2,5,0,0,0,38.0,33.33,0.0,0.0,66.67,0.0,0.0,0.0,0.0
9000008121,2025-11-11 05:00,0.55,0,0,0,0,9,9,4,15,19,0,0,0,57.5,10.0,40.0,10.0,10.0,10.0,10.0,0.0,10.0
9000008121,2025-11-11 06:00,0.695278,0,0,0,1,3,5,3,14,16,0,0,0,30.5,27.27,27.27,27.27,18.18,0.0,0.0,0.0,0.0
9000008121,2025-11-11 07:00,0.601944,0,2,2,1,10,11,179,396,575,9,47,56,28.0,26.88,36.13,24.57,8.67,2.6,0.58,0.0,0.87
9000008121,2025-11-11 08:00,0.698889,6,4,10,14,7,21,299,493,792,41,82,123,31.0,15.34,36.28,31.95,9.57,3.25,1.99,0.18,1.44
9000008121,2025-11-11 09:00,0.7375,1,1,2,3,1,4,262,413,675,15,83,98,32.0,20.88,27.71,32.93,11.24,4.22,1.41,0.8,0.6
9000008121,2025-11-11 10:00,0.771667,0,2,2,2,3,5,253,309,562,27,67,94,34.5,18.2,26.27,31.11,16.59,4.84,1.61,0.92,0.46
9000008121,2025-11-11 11:00,0.869722,2,8,10,3,5,8,297,272,569,26,62,88,33.0,12.15,26.32,41.3,13.36,4.05,1.82,0.4,0.61
9000008121,2025-11-11 12:00,0.691944,1,5,6,1,2,4,279,333,612,17,73,90,37.0,20.33,21.99,30.97,15.37,6.38,3.31,0.71,0.95
9000008121,2025-11-11 13:00,0.817778,1,1,2,2,4,6,294,318,612,31,79,110,37.0,24.35,19.96,28.94,15.57,6.99,3.59,0.6,0.2
9000008121,2025-11-11 14:00,0.877778,10,7,16,6,12,18,376,338,714,30,49,79,38.5,11.96,21.85,36.84,15.79,8.77,2.87,1.44,0.64
9000008121,2025-11-11 15:00,0.813333,2,4,6,5,13,18,441,413,854,20,62,82,33.5,15.42,23.49,39.91,13.4,5.48,1.59,0.72,0.43
9000008121,2025-11-11 16:00,0.830556,0,0,0,9,4,12,232,193,426,5,26,31,33.5,12.43,26.84,38.7,14.97,4.52,1.69,0.56,0.56
9000008121,2025-11-11 17:00,0.800833,0,0,0,5,5,10,21,34,55,0,4,4,39.0,20.45,34.09,15.91,13.64,4.55,6.82,0.0,2.27
9000008121,2025-11-11 18:00,0.790833,0,0,0,4,3,7,5,29,34,1,0,1,42.5,37.04,18.52,18.52,3.7,18.52,3.7,0.0,3.7
9000008121,2025-11-11 19:00,0.912778,0,0,0,0,2,2,5,4,10,0,0,0,39.0,11.11,11.11,33.33,33.33,11.11,0.0,0.0,0.0
9000008121,2025-11-11 20:00,0.784167,0,0,0,1,1,3,1,10,11,0,1,1,21.5,37.5,37.5,25.0,0.0,0.0,0.0,0.0,0.0
9000008121,2025-11-11 21:00,0.852222,0,0,0,2,6,8,4,4,7,0,0,0,60.5,33.33,0.0,33.33,0.0,0.0,16.67,16.67,0.0
9000008121,2025-11-11 22:00,0.715833,0,0,0,0,3,3,1,13,14,0,0,0,27.0,50.0,20.0,10.0,10.0,0.0,0.0,0.0,0.0
9000008121,2025-11-11 23:00,0.760278,0,0,0,3,0,3,8,10,18,0,0,0,31.5,30.77,38.46,7.69,15.38,0.0,0.0,0.0,0.0
9000008121,2025-11-12 00:00,0.658056,0,0,0,0,1,1,2,3,4,0,0,0,7.5,100.0,0.0,0.0,0.0,0.0,0.0,0.0,0.0
9000008121,2025-11-12 01:00,0.693889,0,0,0,0,1,1,1,1,3,0,0,0,18.5,50.0,50.0,0.0,0.0,0.0,0.0,0.0,0.0
9000008121,2025-11-12 02:00,0.649722,0,0,0,0,4,4,0,2,2,0,0,0,9.0,100.0,0.0,0.0,0.0,0.0,0.0,0.0,0.0
9000008121,2025-11-12 03:00,0.706389,0,0,0,0,0,0,0,0,0,0,0,0,,0.0,0.0,0.0,0.0,0.0,0.0,0.0,0.0
9000008121,2025-11-12 04:00,0.725833,0,0,0,0,0,0,0,1,1,0,0,0,4.0,100.0,0.0,0.0,0.0,0.0,0.0,0.0,0.0
9000008121,2025-11-12 05:00,0.584167,0,0,0,2,7,9,5,12,17,0,2,2,28.0,20.0,30.0,40.0,0.0,0.0,0.0,0.0,0.0
9000008121,2025-11-12 06:00,0.564167,0,0,0,0,7,7,10,22,32,0,2,2,42.5,22.22,27.78,5.56,27.78,11.11,0.0,0.0,5.56
9000008121,2025-11-12 07:00,0.575,0,1,1,9,4,14,182,457,640,11,48,59,28.0,19.57,38.86,31.25,6.25,1.63,1.9,0.0,0.82
9000008121,2025-11-12 08:00,0.809722,9,17,27,1,15,16,328,514,841,31,72,103,31.0,6.02,41.56,36.27,10.72,4.41,0.44,0.44,0.29
9000008121,2025-11-12 09:00,0.755278,4,7,10,7,8,15,275,302,577,37,49,86,34.0,14.45,23.85,36.93,16.74,5.05,2.52,0.0,0.46
9000008121,2025-11-12 10:00,0.825556,3,2,5,2,6,8,268,282,549,23,63,86,35.5,23.13,16.96,34.36,16.52,4.85,2.42,0.66,0.88
9000008121,2025-11-12 11:00,0.741667,4,2,6,3,13,16,287,327,614,31,82,113,35.5,19.78,19.78,35.6,17.14,5.27,2.2,0.44,0.22
9000008121,2025-11-12 12:00,0.925278,10,11,21,9,12,21,336,365,701,31,74,105,38.5,11.4,18.49,40.68,16.64,8.78,2.31,1.08,0.62
9000008121,2025-11-12 13:00,0.913333,1,10,12,1,7,8,310,345,655,25,47,72,39.0,20.23,21.74,26.59,18.39,7.86,1.84,2.34,1.17
9000008121,2025-11-12 14:00,0.87,2,4,7,8,12,20,361,371,732,29,85,113,32.5,18.21,22.45,39.87,13.19,3.45,1.26,1.1,0.47
9000008121,2025-11-12 15:00,0.928889,0,3,3,7,5,11,484,431,914,17,64,81,32.5,18.14,18.85,43.82,12.72,3.89,1.53,0.59,0.71
9000008121,2025-11-12 16:00,0.934444,0,1,1,5,3,9,282,203,485,8,22,31,29.5,14.35,26.27,46.36,8.83,3.31,0.22,0.44,0.44
9000008121,2025-11-12 17:00,0.8425,0,0,0,2,1,4,10,21,31,1,1,2,35.5,19.23,30.77,15.38,23.08,0.0,3.85,3.85,0.0
9000008121,2025-11-12 18:00,0.771389,1,0,1,9,4,13,27,21,48,0,5,5,47.5,21.62,24.32,16.22,16.22,8.11,8.11,5.41,0.0
9000008121,2025-11-12 19:00,0.787222,0,0,0,3,4,6,11,19,31,0,0,0,60.0,12.5,45.83,12.5,4.17,4.17,4.17,0.0,12.5
9000008121,2025-11-12 20:00,0.758333,0,0,0,1,2,4,10,22,33,1,3,4,43.5,36.0,36.0,12.0,0.0,8.0,0.0,4.0,4.0
9000008121,2025-11-12 21:00,0.780278,0,0,0,3,8,10,4,11,15,0,1,1,33.0,33.33,33.33,8.33,16.67,8.33,0.0,0.0,0.0
9000008121,2025-11-12 22:00,0.829444,0,0,0,1,0,1,1,6,7,0,0,0,23.0,16.67,50.0,33.33,0.0,0.0,0.0,0.0,0.0
9000008121,2025-11-12 23:00,0.775278,0,0,0,0,1,1,1,6,8,0,3,3,40.0,16.67,33.33,16.67,16.67,0.0,16.67,0.0,0.0
9000008121,2025-11-13 00:00,0.719167,0,0,0,1,0,1,4,9,13,0,1,1,43.0,30.0,20.0,20.0,0.0,10.0,0.0,10.0,0.0
9000008121,2025-11-13 01:00,0.663056,0,0,0,0,0,0,0,1,1,0,0,0,14.0,0.0,100.0,0.0,0.0,0.0,0.0,0.0,0.0
9000008121,2025-11-13 02:00,0.778333,0,0,0,0,0,0,0,2,2,0,0,0,9.0,100.0,0.0,0.0,0.0,0.0,0.0,0.0,0.0
9000008121,2025-11-13 03:00,0.721667,0,0,0,0,0,0,0,0,0,0,0,0,,0.0,0.0,0.0,0.0,0.0,0.0,0.0,0.0
9000008121,2025-11-13 04:00,0.686944,0,0,0,0,0,0,3,0,3,0,0,0,28.5,50.0,0.0,50.0,0.0,0.0,0.0,0.0,0.0
9000008121,2025-11-13 05:00,0.760833,0,0,0,0,3,3,1,4,5,0,1,1,14.0,25.0,75.0,0.0,0.0,0.0,0.0,0.0,0.0
9000008121,2025-11-13 06:00,0.683889,0,0,0,3,2,5,15,22,36,0,3,3,34.5,28.0,16.0,20.0,28.0,4.0,0.0,0.0,4.0
9000008121,2025-11-13 07:00,0.669722,21,45,66,3,14,17,221,410,631,7,43,50,29.5,5.69,42.65,37.91,9.24,2.37,1.42,0.71,0.71
9000008121,2025-11-13 08:00,0.757778,17,32,48,6,20,26,328,530,858,26,74,100,32.5,11.38,38.46,32.15,10.46,2.77,2.0,1.54,1.38
9000008121,2025-11-13 09:00,0.846667,17,24,41,2,18,20,252,490,742,24,77,102,32.0,12.9,41.4,28.03,10.99,3.18,1.75,1.11,0.64
9000008121,2025-11-13 10:00,0.875,22,25,47,8,9,17,270,379,649,29,66,95,34.0,15.85,27.46,33.98,14.96,4.75,1.58,1.06,0.18
9000008121,2025-11-13 11:00,0.895,21,29,50,0,27,27,262,375,637,25,74,99,35.0,6.67,34.04,34.39,14.91,7.37,1.75,0.88,0.0
9000008121,2025-11-13 12:00,0.962778,8,23,31,10,16,25,274,328,601,37,93,130,36.5,7.43,25.04,41.62,15.2,6.56,2.25,1.73,0.17
9000008121,2025-11-13 13:00,0.939722,3,13,16,5,13,18,283,384,666,30,109,139,36.0,8.15,25.56,38.82,17.25,6.39,2.72,0.96,0.32
9000008121,2025-11-13 14:00,0.923889,1,12,13,7,14,21,430,464,893,32,119,151,37.0,7.27,23.27,38.55,20.0,7.27,2.06,0.97,0.61
9000008121,2025-11-13 15:00,0.948056,6,12,18,4,9,13,437,563,1000,31,93,124,31.0,11.81,36.18,35.55,11.5,3.16,0.84,0.53,0.32
9000008121,2025-11-13 16:00,0.951944,6,11,17,7,10,17,212,211,423,13,16,30,32.0,1.74,38.21,42.18,11.66,2.98,0.99,0.5,1.24
9000008121,2025-11-13 17:00,0.856389,0,0,0,1,6,8,11,16,28,0,2,2,30.5,25.0,29.17,29.17,12.5,4.17,0.0,0.0,0.0
9000008121,2025-11-13 18:00,0.836111,0,0,0,3,6,9,8,20,28,1,4,5,45.0,17.39,26.09,17.39,8.7,17.39,0.0,0.0,8.7
9000008121,2025-11-13 19:00,0.875833,0,0,0,1,1,2,12,10,22,0,0,0,37.5,42.11,26.32,10.53,5.26,5.26,0.0,5.26,0.0
9000008121,2025-11-13 20:00,0.878056,0,0,0,0,2,2,2,3,6,0,0,0,31.5,60.0,20.0,0.0,20.0,0.0,0.0,0.0,0.0
9000008121,2025-11-13 21:00,0.871667,0,0,0,2,0,2,4,6,10,0,0,0,18.5,62.5,25.0,0.0,0.0,0.0,0.0,0.0,12.5
9000008121,2025-11-13 22:00,0.881111,0,0,0,1,1,2,0,2,2,0,0,0,13.5,50.0,50.0,0.0,0.0,0.0,0.0,0.0,0.0
9000008121,2025-11-13 23:00,0.824444,0,0,0,0,1,1,1,0,1,0,0,0,64.0,0.0,0.0,0.0,0.0,0.0,0.0,100.0,0.0
9000008121,2025-11-14 00:00,0.839722,0,0,0,0,1,1,3,1,4,0,0,0,102.5,66.67,0.0,0.0,0.0,0.0,0.0,0.0,33.33
9000008121,2025-11-14 01:00,0.863056,0,0,0,0,1,1,0,1,1,0,0,0,9.0,100.0,0.0,0.0,0.0,0.0,0.0,0.0,0.0
9000008121,2025-11-14 02:00,0.847222,0,0,0,0,0,0,0,3,3,0,0,0,58.5,0.0,50.0,0.0,0.0,0.0,50.0,0.0,0.0
9000008121,2025-11-14 03:00,0.878889,0,0,0,0,0,0,0,0,0,0,0,0,,0.0,0.0,0.0,0.0,0.0,0.0,0.0,0.0
9000008121,2025-11-14 04:00,0.87,0,0,0,0,0,0,0,1,1,0,0,0,19.0,0.0,100.0,0.0,0.0,0.0,0.0,0.0,0.0
9000008121,2025-11-14 05:00,0.859722,0,0,0,0,0,0,0,1,1,0,0,0,19.0,0.0,100.0,0.0,0.0,0.0,0.0,0.0,0.0
9000008121,2025-11-14 06:00,0.759444,0,0,0,1,2,4,1,5,7,0,0,0,76.0,0.0,20.0,60.0,0.0,0.0,0.0,0.0,20.0
9000008121,2025-11-14 07:00,0.801944,3,7,9,4,1,5,204,268,472,13,40,52,29.5,2.65,38.62,44.44,7.94,3.7,1.85,0.53,0.0
9000008121,2025-11-14 08:00,0.831944,7,8,15,1,6,7,326,455,781,21,65,86,32.5,6.0,40.15,35.54,10.77,4.31,1.54,0.92,0.92
9000008121,2025-11-14 09:00,0.896944,7,6,12,1,8,9,249,315,564,21,53,75,33.5,7.31,36.17,33.79,16.21,4.74,0.79,0.59,0.59
9000008121,2025-11-14 10:00,0.928611,14,14,28,1,8,9,243,324,566,23,75,98,35.5,3.61,34.03,37.07,15.4,6.65,2.28,0.57,0.57
9000008121,2025-11-14 11:00,0.896111,6,12,19,3,7,10,329,351,680,29,60,89,35.5,2.46,35.96,35.8,18.39,4.11,2.46,0.66,0.49
9000008121,2025-11-14 12:00,0.918611,16,16,32,6,19,26,319,360,679,30,75,106,35.0,3.85,33.81,37.02,15.54,7.21,1.6,0.8,0.16
9000008121,2025-11-14 13:00,0.940556,26,37,63,4,13,17,350,416,766,23,57,80,35.0,10.42,33.75,32.36,13.89,7.08,1.25,0.83,0.56
9000008121,2025-11-14 14:00,0.908889,21,29,50,2,15,17,466,470,936,28,82,111,37.0,7.52,30.9,32.9,18.33,5.88,2.59,1.06,0.71
9000008121,2025-11-14 15:00,0.885556,14,32,45,5,18,24,481,402,883,23,30,53,33.5,5.12,35.42,38.11,12.79,3.58,2.43,1.02,1.53
9000008121,2025-11-14 16:00,0.815,1,1,3,5,14,19,136,105,242,7,7,13,35.5,3.55,31.47,39.59,18.78,4.06,1.02,1.02,0.0
9000008121,2025-11-14 17:00,0.801667,0,0,0,2,5,7,13,17,30,0,2,2,41.0,8.33,37.5,16.67,20.83,12.5,0.0,0.0,4.17
9000008121,2025-11-14 18:00,0.848333,0,0,0,7,5,12,7,18,25,0,1,1,34.5,38.1,23.81,4.76,19.05,4.76,0.0,0.0,9.52
9000008121,2025-11-14 19:00,0.775833,0,0,0,3,3,6,9,18,27,0,3,3,50.5,23.81,14.29,28.57,4.76,9.52,9.52,4.76,0.0
9000008121,2025-11-14 20:00,0.748889,0,0,0,0,1,1,1,16,18,0,1,1,25.0,23.08,53.85,7.69,15.38,0.0,0.0,0.0,0.0
9000008121,2025-11-14 21:00,0.744444,0,0,0,1,2,3,12,12,24,0,0,0,24.0,50.0,22.22,11.11,0.0,5.56,0.0,5.56,0.0
9000008121,2025-11-14 22:00,0.74,0,0,0,1,4,5,1,10,11,1,0,1,17.0,50.0,50.0,0.0,0.0,0.0,0.0,0.0,0.0
9000008121,2025-11-14 23:00,0.684444,0,0,0,0,1,1,3,9,12,0,3,3,25.0,12.5,25.0,50.0,12.5,0.0,0.0,0.0,0.0
9000008121,2025-11-15 00:00,0.723889,0,0,0,2,0,2,3,6,8,0,1,1,25.0,50.0,16.67,16.67,16.67,0.0,0.0,0.0,0.0
9000008121,2025-11-15 01:00,0.735833,0,0,0,1,0,1,1,3,4,0,0,0,67.5,33.33,33.33,0.0,0.0,0.0,0.0,33.33,0.0
9000008121,2025-11-15 02:00,0.645,0,0,0,0,0,0,0,0,0,0,0,0,,0.0,0.0,0.0,0.0,0.0,0.0,0.0,0.0
9000008121,2025-11-15 03:00,0.700556,0,0,0,0,0,0,5,0,5,0,0,0,73.0,0.0,0.0,0.0,0.0,25.0,25.0,0.0,25.0
9000008121,2025-11-15 04:00,0.698333,0,0,0,0,0,0,0,0,0,0,0,0,,0.0,0.0,0.0,0.0,0.0,0.0,0.0,0.0
9000008121,2025-11-15 05:00,0.565278,0,0,0,0,0,0,2,0,2,0,0,0,84.0,0.0,0.0,0.0,0.0,0.0,0.0,0.0,100.0
9000008121,2025-11-15 06:00,0.628611,0,0,0,0,0,0,0,3,3,0,0,0,43.5,0.0,0.0,0.0,50.0,50.0,0.0,0.0,0.0
9000008121,2025-11-15 07:00,0.582778,0,0,0,0,0,0,20,38,58,3,2,4,33.0,11.76,38.24,26.47,23.53,2.94,0.0,0.0,0.0
9000008121,2025-11-15 08:00,0.571667,0,0,0,0,5,5,99,120,219,5,17,22,33.5,3.2,27.2,45.6,18.4,4.8,0.8,0.0,0.0
9000008121,2025-11-15 09:00,0.574444,0,0,0,2,2,4,143,140,283,12,3,16,34.5,17.18,26.38,33.74,11.66,8.59,1.84,0.61,0.0
9000008121,2025-11-15 10:00,0.680556,0,3,3,0,4,4,227,201,429,9,25,34,36.0,10.62,24.32,38.7,17.12,3.08,4.79,0.68,0.68
9000008121,2025-11-15 11:00,0.566667,0,0,0,2,2,3,302,245,547,11,41,52,37.5,7.42,23.23,35.48,24.19,6.45,2.58,0.97,0.0
9000008121,2025-11-15 12:00,0.638333,0,2,2,1,7,8,289,351,640,10,23,33,36.0,9.31,27.21,37.25,15.93,7.35,1.23,0.98,0.49
9000008121,2025-11-15 13:00,0.678889,2,0,2,2,4,6,309,495,803,15,72,88,30.0,16.33,31.93,36.7,9.72,3.12,1.28,0.37,0.55
9000008121,2025-11-15 14:00,0.556667,5,0,5,3,0,3,296,480,777,11,35,46,32.5,20.37,26.62,35.19,11.81,3.94,1.85,0.23,0.23
9000008121,2025-11-15 15:00,0.655,2,3,5,5,18,23,324,378,702,8,21,29,34.0,2.61,33.91,40.87,14.13,5.0,1.52,1.09,0.65
9000008121,2025-11-15 16:00,0.578611,0,0,0,0,0,0,36,37,72,3,2,5,37.5,4.76,38.1,30.95,16.67,7.14,0.0,2.38,0.0
9000008121,2025-11-15 17:00,0.625833,0,0,0,8,16,23,21,48,68,0,4,4,39.5,23.26,27.91,16.28,18.6,2.33,9.3,0.0,2.33
9000008121,2025-11-15 18:00,0.638889,0,0,0,2,6,8,23,48,70,0,0,0,45.5,33.33,20.0,15.56,11.11,8.89,6.67,0.0,2.22
9000008121,2025-11-15 19:00,0.634444,0,0,0,3,0,3,7,15,22,0,5,5,50.0,28.57,14.29,7.14,14.29,14.29,7.14,0.0,7.14
9000008121,2025-11-15 20:00,0.655,0,0,0,1,11,12,6,15,21,0,0,0,34.5,21.43,42.86,14.29,7.14,7.14,0.0,0.0,7.14
9000008121,2025-11-15 21:00,0.593056,0,0,0,1,4,5,8,8,16,0,2,2,23.5,55.56,33.33,11.11,0.0,11.11,0.0,0.0,0.0
9000008121,2025-11-15 22:00,0.486389,0,0,0,7,4,11,10,19,29,0,0,0,41.0,42.86,28.57,14.29,0.0,7.14,0.0,7.14,0.0
9000008121,2025-11-15 23:00,0.614722,0,0,0,0,0,0,6,8,14,0,0,0,53.0,22.22,22.22,22.22,11.11,0.0,22.22,0.0,0.0
9000008121,2025-11-16 00:00,0.611111,0,0,0,0,3,3,3,15,19,0,0,0,33.0,27.27,0.0,45.45,18.18,0.0,9.09,0.0,0.0
9000008121,2025-11-16 01:00,0.62,0,0,0,2,3,5,8,8,16,0,0,0,23.0,60.0,20.0,10.0,0.0,0.0,10.0,0.0,0.0
9000008121,2025-11-16 02:00,0.664444,0,0,0,2,1,3,1,7,9,0,0,0,21.0,66.67,16.67,16.67,0.0,0.0,0.0,0.0,0.0
9000008121,2025-11-16 03:00,0.607778,0,0,0,0,2,2,0,2,2,0,0,0,24.0,0.0,0.0,100.0,0.0,0.0,0.0,0.0,0.0
9000008121,2025-11-16 04:00,0.620833,0,0,0,0,2,2,2,10,11,0,0,0,19.5,42.86,42.86,0.0,14.29,0.0,0.0,0.0,0.0
9000008121,2025-11-16 05:00,0.666111,0,0,0,0,2,2,2,3,5,0,0,0,33.0,0.0,66.67,0.0,33.33,0.0,0.0,0.0,0.0
9000008121,2025-11-16 06:00,0.736667,0,0,0,0,1,1,1,3,4,0,0,0,33.0,66.67,0.0,0.0,33.33,0.0,0.0,0.0,0.0
9000008121,2025-11-16 07:00,0.679167,0,0,0,2,2,3,16,28,44,3,3,6,34.0,0.0,30.0,46.67,16.67,6.67,0.0,0.0,0.0
9000008121,2025-11-16 08:00,0.678056,0,0,0,0,0,0,54,56,109,4,7,10,36.5,5.41,28.38,37.84,16.22,6.76,4.05,2.7,0.0
9000008121,2025-11-16 09:00,0.814167,1,0,1,0,1,1,101,96,197,1,10,11,39.0,0.62,29.38,33.75,23.75,9.38,1.88,0.0,1.88
9000008121,2025-11-16 10:00,0.825,4,2,6,1,0,1,122,121,244,7,14,21,40.0,1.49,23.38,43.28,16.92,10.95,2.49,0.5,1.0
9000008121,2025-11-16 11:00,0.894722,10,10,20,1,3,5,191,152,343,6,11,17,40.0,0.98,25.73,38.76,19.87,7.82,3.91,0.98,1.95
9000008121,2025-11-16 12:00,0.851389,6,7,13,2,1,4,169,220,389,5,24,29,37.0,3.02,32.02,35.65,19.03,7.25,1.51,0.91,0.6
9000008121,2025-11-16 13:00,0.817778,8,2,10,0,8,8,204,252,456,3,16,19,37.0,1.61,28.95,41.55,16.09,6.7,2.41,1.34,1.61
9000008121,2025-11-16 14:00,0.806667,1,1,2,0,1,1,188,252,440,5,15,20,32.5,3.94,39.15,38.59,12.39,3.1,1.41,0.85,0.56
9000008121,2025-11-16 15:00,0.704722,0,1,1,0,10,10,189,198,388,7,10,17,31.5,11.72,26.37,44.32,12.09,4.03,1.1,0.0,0.0
9000008121,2025-11-16 16:00,0.679444,0,0,0,3,14,17,45,75,120,1,4,6,40.5,22.22,27.16,20.99,13.58,11.11,3.7,0.0,1.23
9000008121,2025-11-16 17:00,0.686667,0,0,0,1,9,10,10,25,35,0,3,3,37.0,37.5,12.5,20.83,16.67,4.17,0.0,8.33,0.0
9000008121,2025-11-16 18:00,0.628333,0,0,0,0,6,6,8,11,19,1,2,3,31.5,33.33,33.33,16.67,8.33,0.0,8.33,0.0,0.0
9000008121,2025-11-16 19:00,0.655833,0,0,0,0,3,3,9,25,34,0,0,0,29.0,54.55,18.18,13.64,9.09,4.55,0.0,0.0,0.0
9000008121,2025-11-16 20:00,0.609722,0,0,0,0,2,2,7,8,14,2,2,3,11.5,77.78,22.22,0.0,0.0,0.0,0.0,0.0,0.0
9000008121,2025-11-16 21:00,0.551944,0,0,0,2,4,5,6,15,20,0,2,2,31.5,45.45,27.27,9.09,9.09,9.09,0.0,0.0,0.0
9000008121,2025-11-16 22:00,0.600556,0,0,0,0,4,4,7,29,36,0,2,2,23.5,63.64,18.18,13.64,0.0,9.09,0.0,0.0,0.0
9000008121,2025-11-16 23:00,0.626667,0,0,0,0,3,3,3,0,3,0,0,0,53.5,50.0,0.0,0.0,0.0,0.0,50.0,0.0,0.0
9000008121,2025-11-17 00:00,0.676389,0,0,0,0,0,0,0,4,4,0,0,0,14.0,33.33,66.67,0.0,0.0,0.0,0.0,0.0,0.0
9000008121,2025-11-17 01:00,0.581389,0,0,0,0,0,0,0,4,4,0,0,0,33.5,50.0,0.0,0.0,50.0,0.0,0.0,0.0,0.0
9000008121,2025-11-17 02:00,0.5225,0,0,0,0,0,0,0,0,0,0,0,0,,0.0,0.0,0.0,0.0,0.0,0.0,0.0,0.0
9000008121,2025-11-17 03:00,0.614444,0,0,0,0,0,0,7,5,12,0,0,0,14.5,57.14,42.86,0.0,0.0,14.29,0.0,0.0,0.0
9000008121,2025-11-17 04:00,0.496944,0,0,0,0,0,0,4,0,4,0,0,0,58.5,0.0,0.0,0.0,0.0,0.0,100.0,0.0,0.0
9000008121,2025-11-17 05:00,0.453889,0,0,0,2,0,2,12,6,18,0,2,2,31.0,37.5,12.5,25.0,12.5,0.0,0.0,0.0,0.0
9000008121,2025-11-17 06:00,0.535,0,0,0,2,19,20,9,30,40,0,0,0,43.0,28.57,28.57,14.29,9.52,4.76,9.52,4.76,0.0
9000008121,2025-11-17 07:00,0.545278,0,0,0,0,2,2,174,333,506,2,26,28,30.5,3.62,48.91,31.52,8.7,4.35,1.81,1.09,0.36
9000008121,2025-11-17 08:00,0.552778,2,0,2,4,11,15,292,687,980,11,76,87,29.5,13.28,41.51,31.55,8.86,2.21,1.29,0.37,1.11
9000008121,2025-11-17 09:00,0.495278,0,4,4,4,6,10,214,479,693,21,68,89,31.0,11.95,41.69,30.32,9.04,3.21,2.33,0.29,1.17
9000008121,2025-11-17 10:00,0.608611,9,6,15,1,6,8,211,327,538,27,33,60,29.5,15.6,33.03,37.61,9.79,2.45,0.61,0.0,0.92
9000008121,2025-11-17 11:00,0.553333,2,13,14,0,4,4,274,358,632,23,52,75,35.0,16.86,26.29,34.86,13.43,5.14,1.71,1.14,0.86
9000008121,2025-11-17 12:00,0.671389,12,21,33,1,6,7,243,321,563,25,66,91,35.0,17.2,21.96,34.92,16.67,5.56,1.85,1.85,0.26
9000008121,2025-11-17 13:00,0.698056,25,18,43,1,15,16,310,335,645,18,41,59,34.0,17.56,26.44,33.56,14.0,5.56,1.56,1.11,0.22
9000008121,2025-11-17 14:00,0.613056,16,25,41,11,15,26,350,418,768,14,46,60,31.5,16.35,28.45,37.37,11.68,4.67,0.85,0.21,0.42
9000008121,2025-11-17 15:00,0.606667,12,22,35,11,20,31,532,510,1042,36,60,96,29.0,9.65,29.43,50.16,8.23,1.58,0.47,0.47,0.0
9000008121,2025-11-17 16:00,0.528611,0,0,0,7,2,9,80,87,167,2,2,3,38.0,13.64,25.0,31.82,17.05,6.82,1.14,2.27,0.0
9000008121,2025-11-17 17:00,0.450278,0,0,0,41,20,62,36,63,99,0,4,4,44.5,11.36,18.18,29.55,15.91,18.18,4.55,0.0,2.27
9000008121,2025-11-17 18:00,0.572222,0,0,0,7,9,16,9,37,46,0,4,4,50.0,34.62,19.23,19.23,3.85,7.69,11.54,0.0,3.85
9000008121,2025-11-17 19:00,0.369722,0,0,0,0,21,21,5,75,80,0,4,4,37.5,10.0,36.67,16.67,26.67,6.67,6.67,0.0,0.0
9000008121,2025-11-17 20:00,0.466111,0,0,0,8,9,17,4,17,21,0,0,0,55.5,40.0,10.0,0.0,30.0,10.0,10.0,0.0,10.0
9000008121,2025-11-17 21:00,0.322778,0,0,0,0,6,6,21,29,50,0,7,7,40.5,12.5,43.75,12.5,12.5,6.25,6.25,0.0,0.0
9000008121,2025-11-17 22:00,0.381389,0,0,0,3,9,12,34,42,76,0,2,2,31.5,27.59,44.83,13.79,6.9,0.0,6.9,3.45,0.0
9000008121,2025-11-17 23:00,0.426667,0,0,0,0,8,8,18,20,37,0,0,0,37.5,37.5,25.0,25.0,18.75,0.0,0.0,0.0,6.25
9000008121,2025-11-18 00:00,0.415556,0,0,0,5,5,9,0,7,7,0,0,0,22.5,0.0,66.67,33.33,0.0,0.0,0.0,0.0,0.0
9000008121,2025-11-18 01:00,0.454722,0,0,0,0,0,0,13,2,15,0,0,0,34.0,42.86,28.57,0.0,14.29,0.0,0.0,0.0,14.29
9000008121,2025-11-18 02:00,0.414722,0,0,0,0,0,0,0,5,5,0,0,0,18.5,0.0,100.0,0.0,0.0,0.0,0.0,0.0,0.0
9000008121,2025-11-18 03:00,0.371944,0,0,0,0,0,0,2,3,5,0,0,0,8.5,100.0,0.0,0.0,0.0,0.0,0.0,0.0,0.0
9000008121,2025-11-18 04:00,0.459444,0,0,0,0,0,0,7,5,12,0,0,0,55.5,33.33,16.67,16.67,0.0,0.0,16.67,0.0,0.0
9000008121,2025-11-18 05:00,0.418611,0,0,0,5,14,19,4,7,11,0,0,0,61.5,25.0,0.0,25.0,25.0,0.0,25.0,25.0,0.0
9000008121,2025-11-18 06:00,0.457222,0,0,0,0,8,8,2,23,25,0,2,2,29.0,16.67,41.67,33.33,8.33,0.0,0.0,0.0,0.0
9000008121,2025-11-18 07:00,0.431389,2,5,7,5,7,12,206,290,495,23,30,53,31.5,5.61,42.99,34.58,9.81,2.8,1.87,0.93,1.4
9000008121,2025-11-18 08:00,0.482222,4,8,12,2,14,16,256,656,912,14,83,96,28.5,9.09,48.41,31.82,5.0,2.95,0.68,1.14,0.91
9000008121,2025-11-18 09:00,0.517222,2,7,10,2,8,9,282,478,760,10,59,69,34.5,23.66,31.55,23.66,11.2,4.07,1.78,2.29,1.53
9000008121,2025-11-18 10:00,0.649722,3,3,6,3,8,11,316,328,644,23,75,98,34.0,18.62,23.39,35.8,14.56,3.1,2.15,0.95,1.19
9000008121,2025-11-18 11:00,0.645,14,10,24,0,7,7,250,277,527,37,59,95,35.5,12.94,22.65,41.18,14.12,5.0,2.35,0.88,0.88
9000008121,2025-11-18 12:00,0.650833,8,17,26,3,17,20,286,327,613,31,59,89,34.0,10.78,29.07,35.59,16.79,4.51,2.01,0.75,0.5
9000008121,2025-11-18 13:00,0.576667,13,15,28,2,19,21,258,412,670,28,53,81,31.5,14.51,33.16,34.97,11.14,3.37,1.3,1.04,0.78
9000008121,2025-11-18 14:00,0.724444,13,14,27,2,21,23,312,450,762,24,75,99,33.0,7.61,37.86,34.6,13.59,3.8,0.54,0.72,1.27
9000008121,2025-11-18 15:00,0.630278,20,15,35,2,8,10,389,556,945,28,41,69,30.0,9.4,38.76,36.91,8.56,4.36,1.17,0.5,0.5
9000008121,2025-11-18 16:00,0.7025,1,0,1,14,11,25,146,187,333,1,16,17,34.5,5.56,40.6,32.48,11.11,6.41,2.99,0.43,0.43
9000008121,2025-11-18 17:00,0.612778,0,0,0,18,19,37,30,63,93,0,3,3,43.0,19.3,24.56,26.32,10.53,10.53,1.75,3.51,1.75
9000008121,2025-11-18 18:00,0.551944,0,0,0,13,11,24,26,45,71,0,2,2,40.0,17.95,33.33,23.08,10.26,12.82,0.0,0.0,2.56
9000008121,2025-11-18 19:00,0.483056,0,0,0,11,9,21,26,37,62,2,2,5,34.5,33.33,23.33,20.0,10.0,0.0,0.0,6.67,6.67
9000008121,2025-11-18 20:00,0.569722,0,0,0,7,6,13,11,14,24,0,0,0,24.5,35.71,28.57,28.57,0.0,7.14,0.0,0.0,0.0
9000008121,2025-11-18 21:00,0.578611,0,0,0,5,8,14,17,22,40,0,0,0,36.0,39.13,26.09,13.04,13.04,4.35,0.0,0.0,4.35
9000008121,2025-11-18 22:00,0.548056,0,0,0,7,9,16,9,11,20,0,0,0,28.5,27.27,36.36,27.27,0.0,9.09,0.0,0.0,0.0
9000008121,2025-11-18 23:00,0.536944,0,0,0,2,10,12,4,12,16,0,2,2,22.0,33.33,33.33,22.22,0.0,0.0,0.0,0.0,0.0
9000008121,2025-11-19 00:00,0.475833,0,0,0,0,2,2,3,14,16,0,0,0,15.0,25.0,62.5,0.0,0.0,0.0,0.0,0.0,0.0
9000008121,2025-11-19 01:00,0.451667,0,0,0,0,0,0,0,0,0,0,0,0,,0.0,0.0,0.0,0.0,0.0,0.0,0.0,0.0
9000008121,2025-11-19 02:00,0.504167,0,0,0,0,0,0,0,2,2,0,0,0,9.0,100.0,0.0,0.0,0.0,0.0,0.0,0.0,0.0
9000008121,2025-11-19 03:00,0.364167,0,0,0,0,3,3,6,11,17,0,0,0,20.5,66.67,16.67,16.67,0.0,0.0,0.0,0.0,0.0
9000008121,2025-11-19 04:00,0.504722,0,0,0,0,0,0,3,0,3,0,0,0,39.0,0.0,0.0,0.0,100.0,0.0,0.0,0.0,0.0
9000008121,2025-11-19 05:00,0.585278,0,0,0,0,6,6,3,2,5,0,0,0,57.5,33.33,33.33,0.0,0.0,0.0,33.33,0.0,0.0
9000008121,2025-11-19 06:00,0.53,0,0,0,4,7,11,6,30,35,0,0,0,30.5,21.05,26.32,36.84,10.53,0.0,0.0,0.0,5.26
9000008121,2025-11-19 07:00,0.409444,0,0,0,0,8,8,195,312,507,4,20,24,29.0,26.09,29.47,32.37,3.38,5.8,1.45,0.48,0.48
9000008121,2025-11-19 08:00,0.509722,2,0,2,0,6,6,259,558,817,24,83,107,32.0,31.01,25.72,25.48,9.62,4.81,0.72,0.24,2.16
9000008121,2025-11-19 09:00,0.508611,4,3,7,4,12,16,285,457,742,21,84,105,32.5,31.48,25.66,24.6,11.64,3.97,1.32,0.79,0.79
9000008121,2025-11-19 10:00,0.507778,2,0,2,0,4,4,264,290,554,8,53,62,34.5,25.98,21.0,29.18,14.23,6.05,2.49,0.71,0.0
9000008121,2025-11-19 11:00,0.572778,4,0,4,2,13,15,296,359,655,29,61,89,34.5,23.73,24.53,32.27,13.6,3.47,1.33,0.53,0.53
9000008121,2025-11-19 12:00,0.533056,3,3,6,0,10,10,301,305,606,20,53,73,33.0,18.27,25.7,32.82,17.34,3.41,0.62,0.0,1.24
9000008121,2025-11-19 13:00,0.621111,3,7,9,4,19,23,271,372,643,18,55,72,34.0,18.3,26.07,33.58,15.29,5.01,1.75,0.25,0.0
9000008121,2025-11-19 14:00,0.603333,1,0,1,3,13,16,394,440,834,14,55,69,32.5,25.65,20.87,34.59,11.53,5.17,1.19,0.6,0.4
9000008121,2025-11-19 15:00,0.455,0,2,2,0,16,16,534,527,1061,9,33,42,29.0,15.11,28.36,43.89,7.04,2.48,1.66,0.21,1.24
9000008121,2025-11-19 16:00,0.568056,0,0,0,22,5,27,127,128,255,1,13,14,33.5,16.55,28.28,35.17,10.34,4.83,2.07,4.14,0.0
9000008121,2025-11-19 17:00,0.516111,0,0,0,16,18,34,31,81,111,0,16,16,42.0,21.05,28.07,24.56,8.77,7.02,3.51,0.0,5.26
9000008121,2025-11-19 18:00,0.62,0,0,0,6,22,28,22,57,78,0,5,5,45.0,12.24,30.61,20.41,12.24,6.12,4.08,6.12,4.08
9000008121,2025-11-19 19:00,0.566944,0,0,0,9,7,16,16,32,48,6,4,10,55.5,18.52,37.04,11.11,7.41,11.11,7.41,3.7,3.7
9000008121,2025-11-19 20:00,0.620556,0,0,0,3,9,11,14,43,57,0,2,2,41.0,28.57,42.86,0.0,11.43,8.57,0.0,2.86,2.86
9000008121,2025-11-19 21:00,0.593889,0,0,0,0,2,2,2,7,9,0,0,0,51.0,0.0,50.0,0.0,0.0,16.67,16.67,0.0,0.0
9000008121,2025-11-19 22:00,0.529444,0,0,0,6,10,16,13,17,30,0,0,0,34.0,18.75,25.0,31.25,18.75,0.0,0.0,6.25,0.0
9000008121,2025-11-19 23:00,0.514444,0,0,0,2,4,5,7,7,15,0,4,4,14.0,75.0,12.5,0.0,0.0,0.0,0.0,0.0,12.5
9000008121,2025-11-20 00:00,0.604444,0,0,0,0,2,2,2,9,11,0,0,0,25.0,33.33,33.33,16.67,0.0,0.0,16.67,0.0,0.0
9000008121,2025-11-20 01:00,0.523889,0,0,0,0,0,0,0,2,2,0,0,0,4.0,100.0,0.0,0.0,0.0,0.0,0.0,0.0,0.0
9000008121,2025-11-20 02:00,0.502778,0,0,0,0,0,0,0,0,0,0,0,0,,0.0,0.0,0.0,0.0,0.0,0.0,0.0,0.0
9000008121,2025-11-20 03:00,0.3825,0,0,0,0,3,3,0,6,6,0,0,0,4.0,100.0,0.0,0.0,0.0,0.0,0.0,0.0,0.0
9000008121,2025-11-20 04:00,0.469167,0,0,0,0,0,0,5,5,10,0,0,0,47.0,20.0,20.0,0.0,20.0,20.0,0.0,0.0,0.0
9000008121,2025-11-20 05:00,0.408611,0,0,0,0,7,7,0,14,14,0,0,0,31.5,33.33,50.0,0.0,16.67,0.0,0.0,0.0,0.0
9000008121,2025-11-20 06:00,0.362222,0,0,0,0,7,7,5,21,26,0,0,0,72.0,22.22,22.22,33.33,11.11,0.0,0.0,0.0,22.22
9000008121,2025-11-20 07:00,0.3975,0,0,0,4,10,14,144,358,502,0,40,40,33.5,10.5,37.5,34.5,8.0,4.0,2.5,2.0,1.5
9000008121,2025-11-20 08:00,0.442222,0,0,0,2,2,4,295,514,809,15,80,95,30.5,20.11,34.64,29.61,10.61,3.35,0.56,0.0,1.12
9000008121,2025-11-20 09:00,0.593333,0,0,0,0,0,0,267,417,684,16,93,108,32.5,15.52,34.48,30.79,13.55,2.96,1.72,0.74,0.49
9000008121,2025-11-20 10:00,0.599167,2,0,2,9,1,10,275,365,640,16,42,58,30.5,17.23,31.07,36.29,10.18,3.66,0.78,0.26,0.78
9000008121,2025-11-20 11:00,0.576944,0,0,0,0,2,2,280,347,627,16,58,74,36.0,14.13,30.19,31.02,16.07,5.26,2.49,0.55,0.55
9000008121,2025-11-20 12:00,0.543333,5,0,5,6,3,8,309,416,724,22,46,68,30.0,12.94,34.77,37.31,11.17,2.54,0.25,0.76,0.76
9000008121,2025-11-20 13:00,0.492222,2,0,2,0,9,9,278,447,724,24,66,90,29.0,12.36,35.96,39.04,7.87,3.37,0.84,0.28,0.0
9000008121,2025-11-20 14:00,0.591944,0,0,0,4,2,6,404,433,837,15,50,65,31.0,11.72,27.88,43.64,11.92,2.63,0.81,0.81,0.61
9000008121,2025-11-20 15:00,0.5525,0,2,2,0,8,8,374,479,854,17,36,53,29.5,16.95,28.6,40.68,8.9,2.75,1.27,0.64,0.21
9000008121,2025-11-20 16:00,0.486944,0,0,0,25,36,61,159,224,383,2,25,26,30.5,14.97,36.9,31.55,10.7,2.67,0.53,0.53,1.07
9000008121,2025-11-20 17:00,0.4825,0,0,0,18,7,24,34,90,125,0,4,4,37.0,30.0,31.67,20.0,6.67,6.67,5.0,0.0,1.67
9000008121,2025-11-20 18:00,0.394167,0,0,0,9,29,39,25,105,130,6,6,11,41.0,23.53,27.45,21.57,11.76,13.73,0.0,1.96,0.0
9000008121,2025-11-20 19:00,0.361111,0,0,0,13,18,31,46,49,95,3,3,6,46.0,35.29,26.47,17.65,2.94,11.76,2.94,2.94,0.0
9000008121,2025-11-20 20:00,0.291667,0,0,0,6,15,21,27,46,72,0,3,3,34.5,28.57,33.33,14.29,23.81,9.52,0.0,0.0,0.0
9000008121,2025-11-20 21:00,0.320278,0,0,0,11,14,25,13,35,48,0,0,0,28.0,46.67,20.0,13.33,6.67,0.0,0.0,6.67,0.0
9000008121,2025-11-20 22:00,0.276667,0,0,0,0,0,0,8,45,54,0,0,0,80.5,60.0,13.33,0.0,0.0,6.67,0.0,0.0,13.33
9000008121,2025-11-20 23:00,0.294167,0,0,0,7,3,9,12,19,31,0,0,0,18.5,66.67,33.33,11.11,0.0,0.0,0.0,0.0,0.0
9000008121,2025-11-21 00:00,0.318056,0,0,0,0,0,0,0,16,16,0,0,0,27.0,40.0,40.0,20.0,0.0,0.0,0.0,0.0,0.0
9000008121,2025-11-21 01:00,0.221111,0,0,0,0,0,0,0,3,3,0,0,0,4.0,100.0,0.0,0.0,0.0,0.0,0.0,0.0,0.0
9000008121,2025-11-21 02:00,0.286667,0,0,0,0,2,2,0,2,2,0,0,0,19.0,0.0,100.0,0.0,0.0,0.0,0.0,0.0,0.0
9000008121,2025-11-21 03:00,0.241111,0,0,0,0,0,0,0,0,0,0,0,0,,0.0,0.0,0.0,0.0,0.0,0.0,0.0,0.0
9000008121,2025-11-21 04:00,0.223611,0,0,0,5,0,5,0,0,0,0,0,0,,0.0,0.0,0.0,0.0,0.0,0.0,0.0,0.0
9000008121,2025-11-21 05:00,0.229722,0,0,0,0,20,20,0,12,12,0,0,0,14.0,33.33,66.67,0.0,0.0,0.0,0.0,0.0,0.0
9000008121,2025-11-21 06:00,0.12,0,0,0,0,47,47,19,51,70,0,21,21,40.0,0.0,25.0,50.0,12.5,12.5,0.0,0.0,0.0
9000008121,2025-11-21 07:00,0.172222,0,0,0,0,11,11,209,246,455,3,29,33,33.5,6.41,30.77,41.03,12.82,5.13,1.28,0.0,2.56
9000008121,2025-11-21 08:00,0.346667,3,3,6,0,15,15,274,428,701,15,40,55,32.0,28.81,25.1,29.22,9.88,3.7,1.65,1.23,0.0
9000008121,2025-11-21 09:00,0.3225,0,3,3,0,9,9,311,341,652,25,41,66,35.0,30.95,20.48,25.71,13.81,5.71,2.38,0.0,0.48
9000008121,2025-11-21 10:00,0.3925,0,0,0,2,11,13,232,342,574,10,90,100,34.0,26.22,27.11,24.89,13.78,4.44,2.67,0.44,0.0
9000008121,2025-11-21 11:00,0.458611,0,2,2,5,14,19,279,325,603,11,78,89,34.5,18.05,29.6,29.96,13.72,5.78,2.17,0.36,0.0
9000008121,2025-11-21 12:00,0.508889,2,2,4,0,5,5,360,352,712,27,69,96,33.5,27.9,19.06,32.87,13.26,5.25,1.93,0.55,0.0
9000008121,2025-11-21 13:00,0.550833,18,8,25,7,30,37,349,448,797,16,87,103,35.0,9.34,32.35,32.8,15.49,6.15,2.05,1.14,0.46
9000008121,2025-11-21 14:00,0.521944,19,6,25,2,16,18,477,511,988,16,31,47,32.5,13.95,31.4,36.63,11.43,4.26,1.36,0.78,0.39
9000008121,2025-11-21 15:00,0.403333,0,0,0,5,5,10,375,585,960,18,42,61,28.0,26.87,26.61,36.95,6.72,1.81,0.26,0.26,0.0
9000008121,2025-11-21 16:00,0.397778,0,0,0,15,23,38,128,256,384,0,35,35,32.5,20.26,30.07,32.03,8.5,3.27,3.27,1.31,1.31
9000008121,2025-11-21 17:00,0.360278,0,0,0,12,111,123,20,173,193,2,15,17,33.5,30.0,34.29,15.71,8.57,2.86,5.71,1.43,0.0
9000008121,2025-11-21 18:00,0.321944,0,0,0,15,63,78,22,141,163,0,3,3,33.0,34.62,30.77,19.23,1.92,9.62,0.0,1.92,1.92
9000008121,2025-11-21 19:00,0.283611,0,0,0,17,23,41,42,87,130,0,10,10,36.5,45.95,10.81,21.62,10.81,5.41,2.7,0.0,2.7
9000008121,2025-11-21 20:00,0.3,0,0,0,0,15,15,56,47,104,0,0,0,49.0,54.84,16.13,6.45,0.0,12.9,3.23,3.23,6.45
9000008121,2025-11-21 21:00,0.253889,0,0,0,11,20,31,15,37,52,0,0,0,43.0,53.85,0.0,7.69,15.38,7.69,0.0,15.38,0.0
9000008121,2025-11-21 22:00,0.21,0,0,0,0,14,14,17,16,33,0,0,0,80.5,14.29,28.57,0.0,14.29,0.0,14.29,0.0,14.29
9000008121,2025-11-21 23:00,0.216389,0,0,0,0,15,15,17,81,99,0,0,0,32.5,66.67,14.29,4.76,9.52,4.76,4.76,0.0,0.0
9000008121,2025-11-22 00:00,0.203333,0,0,0,0,4,4,4,58,62,0,0,0,12.0,76.92,15.38,0.0,0.0,7.69,0.0,0.0,0.0
9000008121,2025-11-22 01:00,0.208333,0,0,0,12,0,12,13,38,51,0,0,0,21.5,81.82,0.0,18.18,0.0,0.0,0.0,0.0,0.0
9000008121,2025-11-22 02:00,0.183889,0,0,0,7,0,7,11,13,25,0,0,0,30.0,60.0,0.0,40.0,20.0,0.0,0.0,0.0,0.0
9000008121,2025-11-22 03:00,0.183056,0,0,0,0,10,10,0,0,0,0,0,0,,0.0,0.0,0.0,0.0,0.0,0.0,0.0,0.0
9000008121,2025-11-22 04:00,0.193889,0,0,0,0,0,0,0,0,0,0,0,0,,0.0,0.0,0.0,0.0,0.0,0.0,0.0,0.0
9000008121,2025-11-22 05:00,0.171389,0,0,0,7,10,17,0,21,21,0,0,0,32.5,50.0,25.0,0.0,25.0,0.0,0.0,0.0,0.0
9000008121,2025-11-22 06:00,0.176389,0,0,0,6,0,6,0,21,21,0,0,0,8.5,100.0,0.0,0.0,0.0,0.0,0.0,0.0,0.0
9000008121,2025-11-22 07:00,0.263611,0,0,0,0,0,0,32,26,58,0,0,0,50.0,20.0,20.0,6.67,13.33,13.33,13.33,0.0,0.0
9000008121,2025-11-22 08:00,0.251667,0,0,0,0,5,5,78,97,175,0,16,16,34.5,22.73,20.45,36.36,6.82,11.36,0.0,0.0,2.27
9000008121,2025-11-22 09:00,0.313333,0,0,0,0,3,3,160,135,295,20,39,59,38.0,21.74,14.13,28.26,25.0,8.7,3.26,1.09,0.0
9000008121,2025-11-22 10:00,0.391667,3,0,3,3,14,17,217,262,479,11,21,32,33.5,25.67,26.2,27.81,12.83,6.95,1.07,0.0,0.0
9000008121,2025-11-22 11:00,0.413333,0,0,0,0,0,0,234,283,517,2,22,23,33.0,18.22,20.56,42.06,11.21,4.67,1.4,0.47,0.47
9000008121,2025-11-22 12:00,0.413333,0,2,2,2,15,17,234,295,529,11,15,26,34.0,26.03,21.0,29.68,15.53,4.11,2.28,0.91,0.0
9000008121,2025-11-22 13:00,0.517222,0,0,0,8,10,18,299,351,649,13,26,40,32.5,23.51,24.11,35.71,9.23,3.87,2.38,0.6,0.89
9000008121,2025-11-22 14:00,0.525556,0,5,5,0,8,8,340,437,778,12,23,35,32.0,16.87,22.49,42.54,11.0,4.4,1.22,0.73,0.49
9000008121,2025-11-22 15:00,0.54,0,0,0,6,3,9,294,344,638,11,14,25,33.0,12.46,24.93,43.19,12.17,5.22,0.58,1.16,0.0
9000008121,2025-11-22 16:00,0.321111,0,0,0,14,9,23,98,164,262,9,15,24,34.5,23.81,21.43,32.14,11.9,3.57,3.57,1.19,0.0
9000008121,2025-11-22 17:00,0.346667,0,0,0,22,25,47,43,98,141,0,3,3,36.5,28.57,26.53,20.41,12.24,4.08,8.16,0.0,0.0
9000008121,2025-11-22 18:00,0.280833,0,0,0,36,38,74,15,95,109,0,0,0,47.0,19.35,22.58,16.13,16.13,12.9,3.23,3.23,0.0
9000008121,2025-11-22 19:00,0.251111,0,0,0,18,25,42,12,72,84,0,0,0,58.0,28.57,23.81,4.76,23.81,4.76,9.52,9.52,0.0
9000008121,2025-11-22 20:00,0.238056,0,0,0,27,27,55,16,61,78,0,3,3,34.0,27.78,33.33,22.22,11.11,11.11,0.0,0.0,0.0
9000008121,2025-11-22 21:00,0.251111,0,0,0,6,10,15,20,67,87,5,0,5,17.5,54.55,31.82,4.55,4.55,0.0,0.0,0.0,0.0
9000008121,2025-11-22 22:00,0.277778,0,0,0,15,34,49,25,83,108,0,8,8,33.5,40.0,33.33,6.67,6.67,3.33,0.0,3.33,6.67
9000008121,2025-11-22 23:00,0.246667,0,0,0,0,6,6,14,99,113,0,3,3,28.5,57.14,21.43,7.14,7.14,3.57,7.14,0.0,0.0
9000008121,2025-11-23 00:00,0.231667,0,0,0,0,16,16,25,61,86,0,0,0,25.0,60.0,20.0,5.0,5.0,5.0,0.0,5.0,0.0
9000008121,2025-11-23 01:00,0.223889,0,0,0,3,0,3,9,37,45,0,0,0,33.0,70.0,0.0,10.0,10.0,10.0,0.0,0.0,0.0
9000008121,2025-11-23 02:00,0.161944,0,0,0,0,8,8,25,36,61,0,0,0,57.5,40.0,20.0,10.0,0.0,10.0,30.0,0.0,0.0
9000008121,2025-11-23 03:00,0.150833,0,0,0,0,0,0,6,0,6,0,0,0,14.0,0.0,100.0,0.0,0.0,0.0,0.0,0.0,0.0
9000008121,2025-11-23 04:00,0.107778,0,0,0,0,0,0,16,0,16,0,0,0,63.5,0.0,0.0,0.0,50.0,0.0,0.0,50.0,0.0
9000008121,2025-11-23 05:00,0.123611,0,0,0,0,9,9,0,9,9,0,0,0,9.0,100.0,0.0,0.0,0.0,0.0,0.0,0.0,0.0
9000008121,2025-11-23 06:00,0.137778,0,0,0,0,0,0,8,23,31,0,0,0,52.0,25.0,25.0,0.0,25.0,0.0,25.0,0.0,0.0
9000008121,2025-11-23 07:00,0.143889,0,0,0,0,6,6,6,18,24,0,0,0,27.0,0.0,33.33,100.0,0.0,0.0,0.0,0.0,0.0
9000008121,2025-11-23 08:00,0.219444,0,0,0,0,0,0,27,44,71,5,9,14,29.0,18.75,43.75,31.25,6.25,6.25,0.0,0.0,0.0
9000008121,2025-11-23 09:00,0.230278,0,0,0,0,0,0,106,91,198,5,9,14,40.0,6.67,26.67,31.11,20.0,11.11,2.22,0.0,0.0
9000008121,2025-11-23 10:00,0.223333,5,0,5,4,0,4,113,123,236,6,13,19,31.5,22.64,30.19,30.19,9.43,1.89,1.89,3.77,0.0
9000008121,2025-11-23 11:00,0.359444,0,0,0,0,0,0,152,182,334,2,16,19,41.0,18.33,23.33,26.67,14.17,15.0,1.67,0.0,0.0
9000008121,2025-11-23 12:00,0.3725,0,0,0,0,0,0,161,245,405,3,12,14,40.5,23.84,25.83,25.83,9.27,9.93,3.31,1.99,0.0
9000008121,2025-11-23 13:00,0.3525,0,0,0,0,12,12,281,264,545,2,19,21,37.5,22.92,17.71,27.08,22.4,7.29,2.6,0.0,0.52
9000008121,2025-11-23 14:00,0.347222,0,0,0,0,17,17,187,223,409,3,20,23,34.0,16.9,28.17,30.28,16.2,6.34,1.41,0.0,0.0
9000008121,2025-11-23 15:00,0.319722,0,0,0,0,3,3,187,160,348,5,12,17,33.0,18.02,21.62,41.44,9.01,9.01,1.8,0.0,0.0
9000008121,2025-11-23 16:00,0.231389,0,0,0,11,18,30,54,91,146,0,7,7,44.0,14.71,14.71,38.24,14.71,11.76,5.88,2.94,0.0
9000008121,2025-11-23 17:00,0.248611,0,0,0,17,36,52,29,56,85,0,12,12,39.5,19.05,33.33,9.52,23.81,4.76,4.76,4.76,0.0
9000008121,2025-11-23 18:00,0.255,0,0,0,42,13,55,67,111,178,5,5,10,56.0,28.89,31.11,13.33,8.89,0.0,11.11,0.0,8.89
9000008121,2025-11-23 19:00,0.165556,0,0,0,22,9,31,43,99,142,0,9,9,36.5,45.83,20.83,8.33,20.83,0.0,0.0,0.0,0.0
9000008121,2025-11-23 20:00,0.135833,0,0,0,6,15,21,46,78,123,0,6,6,27.5,58.82,0.0,35.29,0.0,5.88,0.0,5.88,0.0
9000008121,2025-11-23 21:00,0.154444,0,0,0,0,26,26,19,92,111,0,10,10,59.0,41.18,23.53,0.0,11.76,0.0,11.76,17.65,0.0
9000008121,2025-11-23 22:00,0.123889,0,0,0,7,11,18,18,65,82,0,0,0,49.0,60.0,10.0,0.0,10.0,10.0,0.0,0.0,10.0
9000008121,2025-11-23 23:00,0.118611,0,0,0,0,0,0,0,0,0,0,0,0,,0.0,0.0,0.0,0.0,0.0,0.0,0.0,0.0
9000008121,2025-11-24 00:00,0.149167,0,0,0,0,0,0,5,0,5,0,0,0,9.0,100.0,0.0,0.0,0.0,0.0,0.0,0.0,0.0
9000008121,2025-11-24 01:00,0.200278,0,0,0,0,0,0,0,0,0,0,0,0,,0.0,0.0,0.0,0.0,0.0,0.0,0.0,0.0
9000008121,2025-11-24 02:00,0.281389,0,0,0,0,0,0,3,0,3,0,0,0,54.0,0.0,0.0,0.0,0.0,0.0,100.0,0.0,0.0
9000008121,2025-11-24 03:00,0.181111,0,0,0,0,0,0,0,4,4,0,0,0,4.0,100.0,0.0,0.0,0.0,0.0,0.0,0.0,0.0
9000008121,2025-11-24 04:00,0.232778,0,0,0,0,0,0,0,0,0,0,0,0,,0.0,0.0,0.0,0.0,0.0,0.0,0.0,0.0
9000008121,2025-11-24 05:00,0.211111,0,0,0,0,0,0,20,20,41,0,0,0,40.0,22.22,0.0,22.22,33.33,11.11,0.0,0.0,0.0
9000008121,2025-11-24 06:00,0.149722,0,0,0,0,19,19,73,94,168,6,0,6,32.5,32.0,36.0,12.0,8.0,4.0,0.0,4.0,0.0
9000008121,2025-11-24 07:00,0.2275,0,0,0,4,0,4,190,221,410,6,10,16,36.5,35.48,22.58,23.66,5.38,6.45,5.38,0.0,1.08
9000008121,2025-11-24 08:00,0.286667,0,0,0,0,0,0,333,461,795,0,44,44,30.5,26.32,18.86,39.47,9.65,3.51,0.88,0.88,0.88
9000008121,2025-11-24 09:00,0.438889,0,0,0,0,4,4,246,387,632,10,55,65,33.5,25.54,22.3,32.01,12.59,3.24,1.8,2.52,0.72
9000008121,2025-11-24 10:00,0.455278,0,2,2,0,2,2,255,255,510,20,66,85,34.0,22.41,16.38,37.93,16.38,4.31,1.72,0.43,0.43
9000008121,2025-11-24 11:00,0.664722,0,1,1,0,3,3,259,320,580,22,45,67,36.5,24.42,21.04,28.05,16.1,4.42,3.38,1.04,1.3
9000008121,2025-11-24 12:00,0.580833,0,0,0,0,5,5,227,281,509,21,43,64,34.5,21.28,23.65,34.12,13.18,4.73,2.36,0.0,0.34
9000008121,2025-11-24 13:00,0.569444,0,0,0,0,15,15,294,275,569,10,45,55,35.5,14.51,26.23,37.04,12.35,6.48,1.85,0.93,0.93
9000008121,2025-11-24 14:00,0.538889,0,0,0,8,9,18,345,323,668,22,37,59,35.0,16.67,24.17,35.28,13.33,5.0,2.22,1.67,1.39
9000008121,2025-11-24 15:00,0.446944,0,0,0,0,6,6,403,548,951,13,45,58,29.5,26.59,27.76,31.29,8.94,2.82,1.88,0.24,0.71
9000008121,2025-11-24 16:00,0.454722,0,0,0,7,16,24,154,110,265,9,9,18,34.5,10.0,19.17,39.17,22.5,4.17,1.67,0.83,1.67
9000008121,2025-11-24 17:00,0.373611,0,0,0,29,36,65,13,83,96,0,0,0,41.5,11.11,30.56,22.22,19.44,8.33,2.78,5.56,0.0
9000008121,2025-11-24 18:00,0.424167,0,0,0,14,27,41,32,72,104,4,3,7,39.5,27.27,36.36,11.36,11.36,9.09,2.27,0.0,2.27
9000008121,2025-11-24 19:00,0.505556,0,0,0,7,13,21,11,43,53,3,5,8,55.5,37.04,37.04,7.41,3.7,0.0,11.11,0.0,7.41
9000008121,2025-11-24 20:00,0.456944,0,0,0,2,6,8,25,39,64,5,8,13,42.0,44.83,27.59,3.45,0.0,13.79,0.0,0.0,6.9
9000008121,2025-11-24 21:00,0.466944,0,0,0,9,7,16,15,24,39,5,2,7,33.0,27.78,44.44,5.56,11.11,5.56,5.56,0.0,0.0
9000008121,2025-11-24 22:00,0.431389,0,0,0,3,4,7,14,12,26,0,2,2,34.0,27.27,18.18,27.27,9.09,9.09,9.09,0.0,0.0
9000008121,2025-11-24 23:00,0.353056,0,0,0,4,9,13,3,18,20,0,7,7,46.5,28.57,42.86,0.0,0.0,28.57,0.0,0.0,0.0
9000008121,2025-11-25 00:00,0.4375,0,0,0,0,10,10,2,11,14,0,0,0,20.5,33.33,50.0,16.67,0.0,0.0,0.0,0.0,0.0
9000008121,2025-11-25 01:00,0.359444,0,0,0,0,0,0,4,0,4,0,0,0,14.0,0.0,100.0,0.0,0.0,0.0,0.0,0.0,0.0
9000008121,2025-11-25 02:00,0.407778,0,0,0,0,0,0,0,0,0,0,0,0,,0.0,0.0,0.0,0.0,0.0,0.0,0.0,0.0
9000008121,2025-11-25 03:00,0.314722,0,0,0,0,0,0,3,3,7,0,0,0,43.5,0.0,50.0,0.0,0.0,50.0,0.0,0.0,0.0
9000008121,2025-11-25 04:00,0.381389,0,0,0,3,2,5,5,5,10,0,0,0,82.0,50.0,0.0,0.0,0.0,25.0,0.0,0.0,25.0
9000008121,2025-11-25 05:00,0.335278,0,0,0,3,6,10,0,15,15,0,0,0,26.5,40.0,20.0,40.0,0.0,0.0,0.0,0.0,0.0
9000008121,2025-11-25 06:00,0.411389,0,0,0,10,25,35,32,39,72,0,0,0,45.0,20.0,30.0,0.0,26.67,6.67,13.33,0.0,3.33
9000008121,2025-11-25 07:00,0.48,0,0,0,3,10,13,131,288,418,11,31,42,31.5,26.87,25.87,29.85,13.43,3.48,1.49,0.0,0.0
9000008121,2025-11-25 08:00,0.416944,0,0,0,0,8,8,253,519,772,22,87,109,28.5,27.02,29.5,31.99,7.76,1.86,1.55,0.62,0.31
9000008121,2025-11-25 09:00,0.421389,3,2,5,0,8,8,268,395,663,18,83,101,35.0,17.56,26.52,30.82,16.13,6.81,2.51,0.0,0.0
9000008121,2025-11-25 10:00,0.626667,0,5,5,4,9,12,285,342,627,15,73,88,34.5,19.08,27.74,31.3,13.74,6.62,1.27,0.51,0.0
9000008121,2025-11-25 11:00,0.648889,0,0,0,0,6,6,233,344,577,15,64,78,33.5,21.66,23.53,34.22,13.64,4.81,1.6,0.8,0.0
9000008121,2025-11-25 12:00,0.547778,0,0,0,1,3,4,236,299,535,23,35,58,36.5,22.18,20.82,29.69,17.06,5.46,3.41,0.34,0.68
9000008121,2025-11-25 13:00,0.600833,2,0,2,0,16,16,317,373,690,30,54,84,33.5,18.84,23.43,35.02,15.7,4.11,0.48,0.97,1.21
9000008121,2025-11-25 14:00,0.733611,1,0,1,10,7,17,374,472,846,17,51,67,33.0,23.06,26.13,31.45,11.77,4.84,1.45,0.97,0.32
9000008121,2025-11-25 15:00,0.641944,2,0,2,1,6,7,493,515,1008,21,46,67,29.0,20.4,28.44,38.95,7.11,2.32,1.08,0.93,0.93
9000008121,2025-11-25 16:00,0.565833,0,0,0,12,8,20,135,89,224,7,3,10,32.5,17.32,34.65,29.92,12.6,3.94,0.0,0.79,0.0
9000008121,2025-11-25 17:00,0.563333,0,0,0,11,27,38,19,73,92,0,0,0,35.5,30.77,28.85,21.15,7.69,3.85,3.85,1.92,1.92
9000008121,2025-11-25 18:00,0.608333,0,0,0,4,11,15,18,31,49,0,1,1,42.5,33.33,20.0,3.33,20.0,13.33,0.0,6.67,0.0
9000008121,2025-11-25 19:00,0.493889,0,0,0,4,17,21,27,36,63,0,2,2,46.0,32.26,29.03,6.45,9.68,12.9,3.23,0.0,3.23
9000008121,2025-11-25 20:00,0.573889,0,0,0,4,6,10,7,13,20,0,2,2,35.0,18.18,18.18,36.36,18.18,0.0,0.0,0.0,9.09
9000008121,2025-11-25 21:00,0.432222,0,0,0,10,0,10,13,38,51,0,3,3,31.0,31.82,13.64,40.91,13.64,0.0,4.55,0.0,0.0
9000008121,2025-11-25 22:00,0.417778,0,0,0,6,3,9,7,16,23,0,0,0,49.5,30.0,30.0,20.0,0.0,10.0,10.0,0.0,10.0
9000008121,2025-11-25 23:00,0.403889,0,0,0,0,0,0,5,2,7,0,2,2,62.5,0.0,33.33,0.0,33.33,0.0,0.0,33.33,0.0
9000008121,2025-11-26 00:00,0.406944,0,0,0,0,0,0,0,0,0,0,0,0,,0.0,0.0,0.0,0.0,0.0,0.0,0.0,0.0
9000008121,2025-11-26 01:00,0.403056,0,0,0,0,0,0,2,2,4,0,0,0,8.5,100.0,0.0,0.0,0.0,0.0,0.0,0.0,0.0
9000008121,2025-11-26 02:00,0.371667,0,0,0,0,4,4,0,5,5,0,0,0,58.0,50.0,0.0,0.0,0.0,0.0,50.0,0.0,0.0
9000008121,2025-11-26 03:00,0.450833,0,0,0,0,3,3,7,2,9,0,0,0,53.0,0.0,0.0,25.0,50.0,0.0,50.0,0.0,0.0
9000008121,2025-11-26 04:00,0.310833,0,0,0,0,0,0,3,0,3,0,0,0,4.0,100.0,0.0,0.0,0.0,0.0,0.0,0.0,0.0
9000008121,2025-11-26 05:00,0.334722,0,0,0,3,17,20,16,28,44,0,0,0,49.0,26.67,13.33,13.33,13.33,13.33,13.33,0.0,0.0
9000008121,2025-11-26 06:00,0.283611,0,0,0,17,21,38,0,40,40,0,0,0,52.5,36.36,18.18,18.18,0.0,9.09,9.09,0.0,9.09
9000008121,2025-11-26 07:00,0.266667,0,0,0,4,9,13,127,201,328,18,12,31,32.5,9.09,38.64,32.95,12.5,2.27,4.55,0.0,1.14
9000008121,2025-11-26 08:00,0.356389,0,0,0,0,4,4,342,636,978,14,82,96,29.0,13.51,40.8,32.76,7.76,0.86,2.01,0.86,1.15
9000008121,2025-11-26 09:00,0.478333,2,4,6,0,7,7,218,489,708,21,74,95,30.5,21.89,35.8,26.04,10.36,2.96,0.89,0.3,1.48
9000008121,2025-11-26 10:00,0.491944,6,12,19,0,6,6,267,284,551,10,57,67,36.0,5.54,29.52,38.75,16.24,5.17,1.85,2.58,0.37
9000008121,2025-11-26 11:00,0.551389,2,0,2,2,5,7,263,332,595,7,58,65,34.0,25.0,19.21,33.23,14.94,5.18,1.22,1.22,0.0
9000008121,2025-11-26 12:00,0.601111,2,0,2,0,3,3,292,318,610,22,56,78,34.5,29.7,16.89,26.7,17.98,5.45,1.36,1.63,0.0
9000008121,2025-11-26 13:00,0.600833,0,3,3,0,13,13,392,397,789,21,66,88,35.5,18.14,27.85,30.59,13.08,5.91,2.53,1.27,0.63
9000008121,2025-11-26 14:00,0.688333,0,0,0,7,10,17,430,543,973,13,63,76,33.5,9.4,21.64,47.16,14.93,4.33,1.64,0.6,0.6
9000008121,2025-11-26 15:00,0.576111,0,0,0,6,4,11,507,580,1086,38,78,116,29.5,14.06,24.92,47.92,8.95,2.4,0.64,0.64,0.48
9000008121,2025-11-26 16:00,0.431389,0,0,0,16,10,26,120,193,314,13,12,26,29.5,14.81,26.67,45.93,8.15,2.96,0.0,0.74,0.74
9000008121,2025-11-26 17:00,0.561667,0,0,0,11,16,27,29,53,82,5,6,10,39.5,28.26,30.43,13.04,13.04,6.52,2.17,4.35,2.17
9000008121,2025-11-26 18:00,0.486111,0,0,0,16,24,41,21,57,78,0,4,4,47.5,15.79,31.58,10.53,13.16,15.79,2.63,5.26,0.0
9000008121,2025-11-26 19:00,0.444722,0,0,0,9,18,27,23,23,46,0,2,2,50.5,25.0,35.0,15.0,5.0,5.0,10.0,0.0,5.0
9000008121,2025-11-26 20:00,0.464444,0,0,0,4,9,13,15,27,42,0,0,0,28.5,42.11,26.32,15.79,10.53,0.0,0.0,0.0,5.26
9000008121,2025-11-26 21:00,0.543889,0,0,0,6,8,13,4,34,38,0,0,0,27.5,47.62,28.57,9.52,4.76,4.76,0.0,0.0,0.0
9000008121,2025-11-26 22:00,0.575278,0,0,0,2,6,8,0,14,14,0,0,0,28.5,37.5,25.0,25.0,12.5,0.0,0.0,0.0,0.0
9000008121,2025-11-26 23:00,0.535278,0,0,0,0,2,2,4,4,7,0,2,2,52.0,0.0,25.0,50.0,0.0,0.0,25.0,0.0,0.0
9000008121,2025-11-27 00:00,0.477222,0,0,0,0,0,0,2,6,8,0,0,0,57.0,25.0,25.0,0.0,0.0,25.0,25.0,0.0,0.0
9000008121,2025-11-27 01:00,0.476667,0,0,0,3,2,5,3,4,7,0,0,0,87.0,66.67,0.0,0.0,33.33,0.0,0.0,0.0,33.33
9000008121,2025-11-27 02:00,0.502222,0,0,0,0,2,2,0,4,4,0,0,0,33.5,0.0,50.0,0.0,50.0,0.0,0.0,0.0,0.0
9000008121,2025-11-27 03:00,0.533611,0,0,0,0,0,0,0,2,2,0,0,0,4.0,100.0,0.0,0.0,0.0,0.0,0.0,0.0,0.0
9000008121,2025-11-27 04:00,0.552222,0,0,0,0,0,0,1,1,3,0,0,0,28.5,0.0,50.0,50.0,0.0,0.0,0.0,0.0,0.0
9000008121,2025-11-27 05:00,0.458056,0,0,0,0,18,18,2,13,15,0,0,0,34.5,0.0,28.57,57.14,14.29,0.0,14.29,0.0,0.0
9000008121,2025-11-27 06:00,0.436944,0,0,0,2,11,13,7,41,48,0,2,2,34.0,28.57,23.81,19.05,19.05,4.76,0.0,0.0,0.0
9000008121,2025-11-27 07:00,0.375,0,0,0,15,20,35,137,302,439,5,19,25,29.5,20.0,26.67,38.79,10.3,1.21,1.21,0.0,1.21
9000008121,2025-11-27 08:00,0.493056,0,0,0,4,9,13,336,533,869,25,75,99,30.5,22.14,27.97,34.03,9.79,2.33,2.1,1.4,0.47
9000008121,2025-11-27 09:00,0.389722,0,0,0,2,6,8,331,410,740,28,92,120,29.5,14.19,31.14,40.83,10.73,2.42,0.35,0.35,0.35
9000008121,2025-11-27 10:00,0.520833,0,0,0,7,6,13,296,362,658,16,84,100,31.5,21.87,35.28,25.95,11.66,4.96,0.58,0.0,0.29
9000008121,2025-11-27 11:00,0.625556,0,5,5,12,8,19,352,408,760,47,105,153,26.0,23.37,33.47,37.26,5.47,0.42,0.0,0.0,0.0
9000008121,2025-11-27 12:00,0.6025,0,0,0,10,20,30,320,420,740,15,80,95,33.5,16.14,21.97,40.13,12.78,6.28,1.79,0.67,0.22
9000008121,2025-11-27 13:00,0.631944,2,0,2,0,6,6,287,404,691,30,69,99,35.0,15.33,20.37,39.13,15.33,5.72,3.2,0.69,0.23
9000008121,2025-11-27 14:00,0.605278,3,0,3,3,3,7,378,515,893,28,53,81,30.5,21.81,28.65,33.64,12.01,3.14,0.37,0.37,0.18
9000008121,2025-11-27 15:00,0.559167,7,1,9,4,9,14,481,530,1011,23,61,84,26.5,17.14,37.99,36.75,6.18,1.06,0.35,0.18,0.35
9000008121,2025-11-27 16:00,0.482778,0,0,0,25,11,36,138,196,335,5,29,34,33.0,15.43,38.27,29.01,12.35,3.09,3.09,0.0,0.0
9000008121,2025-11-27 17:00,0.494722,0,0,0,17,30,47,71,115,186,4,6,10,40.5,31.52,21.74,17.39,14.13,5.43,5.43,1.09,3.26
9000008121,2025-11-27 18:00,0.450278,0,0,0,37,33,70,45,87,132,2,0,2,34.5,36.67,20.0,18.33,10.0,6.67,5.0,3.33,0.0
9000008121,2025-11-27 19:00,0.468611,0,0,0,9,6,15,22,48,70,2,2,5,46.5,21.21,33.33,9.09,18.18,6.06,6.06,3.03,0.0
9000008121,2025-11-27 20:00,0.477222,0,0,0,10,20,30,13,54,67,0,4,4,38.5,21.88,40.62,9.38,12.5,6.25,0.0,6.25,0.0
9000008121,2025-11-27 21:00,0.532222,0,0,0,10,6,15,9,17,26,2,2,4,29.5,64.29,14.29,7.14,7.14,0.0,7.14,0.0,0.0
9000008121,2025-11-27 22:00,0.4925,0,0,0,3,4,7,7,7,15,0,0,0,42.0,28.57,42.86,14.29,0.0,28.57,0.0,0.0,0.0
9000008121,2025-11-27 23:00,0.503333,0,0,0,2,6,8,7,13,20,2,0,2,63.5,20.0,40.0,20.0,0.0,0.0,0.0,10.0,10.0
9000008121,2025-11-28 00:00,0.568333,0,0,0,2,7,9,2,4,6,0,0,0,22.5,0.0,66.67,33.33,0.0,0.0,0.0,0.0,0.0
9000008121,2025-11-28 01:00,0.479444,0,0,0,0,0,0,0,2,2,0,0,0,19.0,0.0,100.0,0.0,0.0,0.0,0.0,0.0,0.0
9000008121,2025-11-28 02:00,0.517778,0,0,0,0,0,0,0,2,2,0,0,0,4.0,100.0,0.0,0.0,0.0,0.0,0.0,0.0,0.0
9000008121,2025-11-28 03:00,0.493889,0,0,0,0,0,0,0,0,0,0,0,0,,0.0,0.0,0.0,0.0,0.0,0.0,0.0,0.0
9000008121,2025-11-28 04:00,0.511944,0,0,0,0,2,2,0,2,2,0,0,0,9.0,100.0,0.0,0.0,0.0,0.0,0.0,0.0,0.0
9000008121,2025-11-28 05:00,0.507222,0,0,0,0,0,0,0,21,21,0,2,2,21.5,63.64,18.18,9.09,0.0,0.0,9.09,0.0,0.0
9000008121,2025-11-28 06:00,0.555556,0,0,0,2,7,9,10,10,20,0,0,0,43.5,18.18,27.27,9.09,9.09,27.27,0.0,0.0,0.0
9000008121,2025-11-28 07:00,0.595556,0,2,2,4,15,20,100,206,307,5,40,46,29.0,8.2,54.1,25.68,9.84,2.73,0.0,0.0,0.55
9000008121,2025-11-28 08:00,0.576389,3,0,3,3,9,12,264,441,705,16,49,65,31.0,1.97,45.21,35.87,10.32,2.7,1.47,0.0,2.7
9000008121,2025-11-28 09:00,0.720278,3,4,7,2,7,10,248,343,591,26,59,85,33.0,4.93,33.8,40.38,14.55,2.82,1.17,1.64,0.94
9000008121,2025-11-28 10:00,0.756667,4,4,7,7,8,15,269,349,619,28,81,109,35.0,5.34,26.07,44.23,14.32,5.56,2.56,1.28,0.64
9000008121,2025-11-28 11:00,0.745278,4,4,8,3,16,19,278,394,672,16,67,83,32.5,2.99,35.53,42.91,12.57,3.19,1.0,1.2,0.6
9000008121,2025-11-28 12:00,0.791389,9,8,17,3,6,9,299,412,711,18,48,66,31.5,5.51,38.9,38.9,7.99,3.2,2.84,1.6,0.89
9000008121,2025-11-28 13:00,0.726111,3,6,9,0,15,15,335,631,966,19,75,94,31.5,22.54,26.53,33.67,11.41,2.57,1.28,1.0,1.0
9000008121,2025-11-28 14:00,0.8225,6,7,13,4,25,29,558,580,1138,25,60,85,32.0,4.7,38.25,39.74,9.08,3.53,1.82,1.07,1.82
9000008121,2025-11-28 15:00,0.721111,3,18,20,1,9,10,568,579,1146,36,33,69,29.0,4.23,36.28,47.76,7.74,1.93,0.73,0.73,0.73
9000008121,2025-11-28 16:00,0.665,0,0,0,11,11,22,99,110,209,6,14,20,31.5,9.35,34.53,38.13,12.95,2.88,1.44,0.72,0.0
9000008121,2025-11-28 17:00,0.74,0,0,0,3,8,11,27,41,68,1,0,1,39.0,27.45,31.37,19.61,7.84,9.8,0.0,1.96,1.96
9000008121,2025-11-28 18:00,0.668611,0,0,0,11,18,28,16,40,56,0,5,5,40.5,10.53,31.58,26.32,15.79,13.16,0.0,2.63,0.0
9000008121,2025-11-28 19:00,0.600833,0,0,0,8,8,15,16,30,46,3,0,3,51.0,7.41,33.33,14.81,14.81,11.11,3.7,7.41,3.7
9000008121,2025-11-28 20:00,0.641389,0,0,0,11,11,22,9,30,39,0,3,3,25.5,60.0,20.0,12.0,8.0,0.0,0.0,0.0,0.0
9000008121,2025-11-28 21:00,0.637778,0,0,0,2,10,12,12,23,35,2,0,2,54.0,45.45,13.64,18.18,9.09,0.0,9.09,4.55,4.55
9000008121,2025-11-28 22:00,0.621389,0,0,0,5,2,7,5,16,21,0,0,0,28.0,30.77,38.46,15.38,0.0,0.0,0.0,0.0,7.69
9000008121,2025-11-28 23:00,0.630278,0,0,0,0,5,5,8,12,20,0,0,0,80.5,23.08,30.77,0.0,7.69,7.69,15.38,0.0,15.38
9000008121,2025-11-29 00:00,0.554167,0,0,0,0,3,3,10,26,35,0,2,2,39.0,30.0,40.0,15.0,5.0,0.0,5.0,0.0,10.0
9000008121,2025-11-29 01:00,0.5975,0,0,0,0,1,1,10,9,20,0,0,0,36.5,41.67,33.33,8.33,8.33,0.0,0.0,0.0,8.33
9000008121,2025-11-29 02:00,0.579167,0,0,0,0,4,4,0,3,3,0,0,0,28.5,50.0,0.0,50.0,0.0,0.0,0.0,0.0,0.0
9000008121,2025-11-29 03:00,0.611111,0,0,0,0,2,2,3,0,3,0,0,0,58.5,0.0,0.0,0.0,50.0,0.0,50.0,0.0,0.0
9000008121,2025-11-29 04:00,0.643889,0,0,0,0,0,0,0,0,0,0,0,0,,0.0,0.0,0.0,0.0,0.0,0.0,0.0,0.0
9000008121,2025-11-29 05:00,0.588333,0,0,0,0,1,1,2,0,2,0,0,0,19.0,0.0,100.0,0.0,0.0,0.0,0.0,0.0,0.0
9000008121,2025-11-29 06:00,0.649167,0,0,0,2,0,2,0,2,2,0,0,0,4.0,100.0,0.0,0.0,0.0,0.0,0.0,0.0,0.0
9000008121,2025-11-29 07:00,0.605,0,0,0,0,2,2,24,15,39,0,2,2,39.5,8.33,25.0,25.0,25.0,12.5,0.0,0.0,0.0
9000008121,2025-11-29 08:00,0.671111,1,0,1,3,8,11,94,103,197,4,12,16,33.5,9.85,24.24,40.91,15.15,4.55,3.79,0.76,0.76
9000008121,2025-11-29 09:00,0.714444,0,2,2,0,4,4,143,178,321,13,22,35,32.0,18.34,27.51,35.37,11.35,3.49,0.44,2.18,0.44
9000008121,2025-11-29 10:00,0.714444,13,13,26,1,6,8,205,250,455,7,21,28,33.0,10.46,24.0,44.0,13.85,4.92,1.23,0.62,0.62
9000008121,2025-11-29 11:00,0.729167,4,7,11,1,10,11,262,268,531,8,12,20,34.0,18.09,23.51,35.14,15.76,5.43,1.03,0.26,0.26
9000008121,2025-11-29 12:00,0.724722,1,8,9,5,11,16,287,353,640,11,20,31,33.5,22.2,25.43,30.82,14.87,4.31,0.86,0.43,0.86
9000008121,2025-11-29 13:00,0.704722,0,4,4,1,4,6,326,431,756,13,26,39,29.5,21.76,28.71,35.46,9.76,3.19,0.56,0.38,0.0
9000008121,2025-11-29 14:00,0.815833,4,2,6,0,6,6,332,471,803,8,13,21,30.5,28.24,24.43,31.45,11.45,2.75,0.76,0.15,0.76
9000008121,2025-11-29 15:00,0.754722,3,1,4,7,10,17,295,425,720,18,30,47,29.0,20.99,27.07,40.7,7.18,1.47,0.92,1.1,0.37
9000008121,2025-11-29 16:00,0.768056,0,0,0,7,13,20,54,66,120,4,8,12,32.0,20.65,20.65,41.3,11.96,2.17,3.26,1.09,0.0
9000008121,2025-11-29 17:00,0.651667,0,0,0,5,12,17,8,38,46,0,3,3,33.0,30.0,33.33,20.0,3.33,10.0,3.33,0.0,0.0
9000008121,2025-11-29 18:00,0.606667,0,0,0,13,9,22,8,39,48,0,2,2,33.0,20.69,34.48,20.69,17.24,6.9,0.0,0.0,0.0
9000008121,2025-11-29 19:00,0.707778,1,4,6,26,18,44,29,39,68,10,11,21,49.5,20.83,27.08,14.58,6.25,18.75,6.25,2.08,6.25
9000008121,2025-11-29 20:00,0.634444,0,0,0,2,8,10,16,20,36,0,1,1,32.0,34.78,26.09,17.39,21.74,0.0,0.0,0.0,0.0
9000008121,2025-11-29 21:00,0.626111,0,0,0,5,6,12,8,14,22,0,0,0,35.0,28.57,35.71,14.29,21.43,0.0,0.0,0.0,0.0
9000008121,2025-11-29 22:00,0.618333,0,0,0,3,7,10,3,18,21,1,0,1,41.0,30.77,7.69,46.15,0.0,15.38,0.0,0.0,0.0
9000008121,2025-11-29 23:00,0.802222,0,0,0,5,4,9,6,12,18,0,0,0,36.0,33.33,26.67,13.33,6.67,0.0,6.67,0.0,0.0
9000008121,2025-11-30 00:00,0.654722,0,0,0,0,1,1,6,8,15,0,0,0,38.0,30.0,10.0,30.0,10.0,0.0,10.0,0.0,0.0
9000008121,2025-11-30 01:00,0.525556,0,0,0,7,4,11,1,15,16,0,0,0,18.0,37.5,62.5,0.0,0.0,0.0,0.0,0.0,0.0
9000008121,2025-11-30 02:00,0.531667,0,0,0,0,2,2,3,5,8,0,0,0,116.0,50.0,25.0,0.0,25.0,0.0,0.0,0.0,25.0
9000008121,2025-11-30 03:00,0.585833,0,0,0,0,0,0,4,0,4,0,0,0,68.5,0.0,0.0,0.0,0.0,0.0,0.0,100.0,0.0
9000008121,2025-11-30 04:00,0.6775,0,0,0,3,0,3,0,1,1,0,0,0,19.0,0.0,100.0,0.0,0.0,0.0,0.0,0.0,0.0
9000008121,2025-11-30 05:00,0.655556,0,0,0,0,0,0,0,3,3,0,0,0,13.5,50.0,50.0,0.0,0.0,0.0,0.0,0.0,0.0
9000008121,2025-11-30 06:00,0.663333,0,0,0,0,0,0,0,0,0,0,0,0,,0.0,0.0,0.0,0.0,0.0,0.0,0.0,0.0
9000008121,2025-11-30 07:00,0.633611,0,0,0,0,0,0,4,18,22,3,2,5,35.5,50.0,7.14,28.57,14.29,7.14,0.0,0.0,0.0
9000008121,2025-11-30 08:00,0.682222,0,0,0,0,3,3,57,45,102,2,8,10,42.0,21.74,18.84,33.33,8.7,10.14,4.35,2.9,0.0
9000008121,2025-11-30 09:00,0.625833,0,2,2,0,0,0,126,99,225,3,10,12,36.0,23.4,17.02,32.62,17.02,4.96,2.13,0.71,1.42
9000008121,2025-11-30 10:00,0.754444,5,5,11,1,9,11,125,129,254,7,9,16,35.0,32.98,11.52,28.8,18.32,6.28,1.05,1.05,0.0
9000008121,2025-11-30 11:00,0.835833,3,1,4,1,4,5,194,171,365,1,3,4,35.5,27.21,13.11,31.8,19.02,5.25,1.64,1.97,0.33
9000008121,2025-11-30 12:00,0.781111,4,7,11,0,11,11,231,242,473,8,11,20,36.0,24.93,19.51,31.71,14.36,6.5,2.17,0.27,0.81
9000008121,2025-11-30 13:00,0.777778,1,9,10,2,21,24,223,312,535,4,11,15,35.5,5.05,22.36,44.95,17.31,6.25,2.64,0.48,1.2
9000008121,2025-11-30 14:00,0.732222,5,7,12,3,6,9,247,281,528,12,13,25,33.5,21.24,21.5,36.01,12.18,4.92,1.3,1.3,1.04
9000008121,2025-11-30 15:00,0.757222,1,7,8,2,11,14,243,216,459,7,9,16,32.5,26.72,17.82,36.21,11.49,3.16,1.15,2.01,1.72
9000008121,2025-11-30 16:00,0.702778,0,0,0,3,6,9,25,25,49,0,0,0,37.5,17.14,20.0,31.43,17.14,2.86,5.71,2.86,0.0
9000008121,2025-11-30 17:00,0.645,0,0,0,8,10,17,15,32,47,5,3,8,39.5,20.0,26.67,23.33,13.33,10.0,0.0,3.33,0.0
9000008121,2025-11-30 18:00,0.701111,0,0,0,3,3,6,10,14,24,0,1,1,47.0,29.41,5.88,35.29,5.88,11.76,0.0,5.88,5.88
9000008121,2025-11-30 19:00,0.766111,0,0,0,4,8,11,12,4,15,0,0,0,49.0,25.0,8.33,16.67,8.33,25.0,0.0,8.33,0.0
9000008121,2025-11-30 20:00,0.628611,0,0,0,3,2,5,6,13,19,0,0,0,38.0,33.33,25.0,8.33,25.0,8.33,0.0,0.0,0.0
9000008121,2025-11-30 21:00,0.695556,0,0,0,3,1,4,6,6,11,0,0,0,49.5,12.5,37.5,12.5,12.5,12.5,12.5,0.0,0.0
9000008121,2025-11-30 22:00,0.780556,0,0,0,4,0,4,3,11,14,0,3,3,32.5,27.27,45.45,0.0,18.18,0.0,0.0,0.0,0.0
9000008121,2025-11-30 23:00,0.566944,0,0,0,4,0,4,2,4,6,0,0,0,18.0,33.33,66.67,0.0,0.0,0.0,0.0,0.0,0.0
9000008121,2025-12-01 00:00,0.590833,0,0,0,0,2,2,2,3,5,0,0,0,52.5,33.33,0.0,33.33,0.0,0.0,33.33,0.0,0.0
9000008121,2025-12-01 01:00,0.628889,0,0,0,0,1,1,0,1,1,0,0,0,14.0,0.0,100.0,0.0,0.0,0.0,0.0,0.0,0.0
9000008121,2025-12-01 02:00,0.631111,0,0,0,0,0,0,0,0,0,0,0,0,,0.0,0.0,0.0,0.0,0.0,0.0,0.0,0.0
9000008121,2025-12-01 03:00,0.500278,0,0,0,0,0,0,14,3,17,0,0,0,15.5,75.0,12.5,0.0,0.0,0.0,0.0,0.0,0.0
9000008121,2025-12-01 04:00,0.555278,0,0,0,1,0,1,0,0,0,0,0,0,,0.0,0.0,0.0,0.0,0.0,0.0,0.0,0.0
9000008121,2025-12-01 05:00,0.442222,0,0,0,0,7,7,3,10,12,0,3,3,15.0,40.0,60.0,0.0,0.0,0.0,0.0,0.0,0.0
9000008121,2025-12-01 06:00,0.430556,0,0,0,3,13,16,13,43,56,3,0,3,30.0,16.67,25.0,41.67,0.0,8.33,0.0,0.0,4.17
9000008121,2025-12-01 07:00,0.578889,0,0,0,6,10,16,95,154,249,6,11,17,33.0,24.31,27.08,29.86,10.42,4.17,2.08,0.69,0.69
9000008121,2025-12-01 08:00,0.5,0,0,0,2,10,12,304,635,940,15,69,83,28.5,23.62,32.55,32.13,5.53,3.83,1.49,0.64,0.21
9000008121,2025-12-01 09:00,0.6625,2,1,3,1,12,14,277,633,910,22,115,137,30.0,18.08,38.14,29.35,9.29,3.32,0.66,0.83,0.33
9000008121,2025-12-01 10:00,0.669444,0,1,1,2,8,9,341,382,723,42,80,122,38.5,16.74,11.16,39.88,19.42,7.02,3.31,2.07,0.41
9000008121,2025-12-01 11:00,0.665556,0,0,0,7,8,15,316,326,642,27,98,125,38.5,11.94,13.58,43.79,18.27,7.03,3.98,0.94,0.47
9000008121,2025-12-01 12:00,0.633056,0,0,0,3,10,13,298,302,599,27,86,113,38.5,15.83,11.08,42.22,18.73,8.44,2.64,0.79,0.53
9000008121,2025-12-01 13:00,0.716667,11,8,19,2,13,14,206,327,533,14,69,83,36.0,24.87,11.52,39.53,14.14,5.24,2.36,1.57,0.26
9000008121,2025-12-01 14:00,0.6725,15,15,30,6,13,19,390,446,837,24,40,64,34.5,4.44,13.14,57.19,16.87,4.62,1.6,1.07,0.89
9000008121,2025-12-01 15:00,0.646111,6,11,17,5,6,11,451,557,1008,34,61,94,30.5,4.45,22.43,57.3,10.91,3.07,1.08,0.31,0.61
9000008121,2025-12-01 16:00,0.619722,0,0,0,11,16,27,120,143,263,7,21,27,33.5,9.2,26.99,44.17,14.11,2.45,2.45,0.0,0.61
9000008121,2025-12-01 17:00,0.491667,0,0,0,13,15,28,54,89,143,0,10,10,49.5,7.14,27.14,22.86,15.71,12.86,7.14,2.86,4.29
9000008121,2025-12-01 18:00,0.6,0,0,0,10,12,21,16,46,61,0,8,8,39.5,21.62,35.14,13.51,16.22,5.41,0.0,5.41,2.7
9000008121,2025-12-01 19:00,0.581389,0,0,0,6,16,22,27,35,62,0,2,2,56.0,22.22,25.0,13.89,8.33,8.33,13.89,5.56,0.0
9000008121,2025-12-01 20:00,0.401944,0,0,0,0,17,17,8,39,46,0,0,0,56.5,57.89,15.79,10.53,0.0,0.0,5.26,5.26,5.26
9000008121,2025-12-01 21:00,0.442778,0,0,0,4,2,6,9,23,32,0,0,0,20.0,35.71,50.0,14.29,0.0,0.0,0.0,0.0,0.0
9000008121,2025-12-01 22:00,0.388889,0,0,0,8,6,14,13,12,24,0,0,0,37.0,60.0,10.0,0.0,20.0,0.0,0.0,0.0,10.0
9000008121,2025-12-01 23:00,0.393889,0,0,0,3,5,8,10,27,37,0,0,0,45.5,33.33,33.33,13.33,6.67,6.67,6.67,0.0,0.0
9000008121,2025-12-02 00:00,0.351944,0,0,0,3,0,3,8,17,26,0,0,0,27.5,33.33,11.11,44.44,11.11,0.0,0.0,0.0,0.0
9000008121,2025-12-02 01:00,0.396389,0,0,0,2,0,2,0,3,3,0,0,0,9.0,100.0,0.0,0.0,0.0,0.0,0.0,0.0,0.0
9000008121,2025-12-02 02:00,0.367778,0,0,0,2,0,2,0,4,4,0,0,0,8.5,100.0,0.0,0.0,0.0,0.0,0.0,0.0,0.0
9000008121,2025-12-02 03:00,0.358333,0,0,0,0,0,0,0,0,0,0,0,0,,0.0,0.0,0.0,0.0,0.0,0.0,0.0,0.0
9000008121,2025-12-02 04:00,0.268056,0,0,0,0,0,0,0,0,0,0,0,0,,0.0,0.0,0.0,0.0,0.0,0.0,0.0,0.0
9000008121,2025-12-02 05:00,0.281667,0,0,0,0,0,0,16,7,23,0,3,3,51.5,16.67,0.0,16.67,16.67,33.33,16.67,0.0,0.0
9000008121,2025-12-02 06:00,0.315556,0,0,0,4,21,25,18,37,56,0,4,4,50.5,11.11,33.33,27.78,0.0,5.56,5.56,5.56,5.56
9000008121,2025-12-02 07:00,0.342222,0,0,0,0,29,29,91,272,363,10,16,27,28.5,29.84,25.0,33.06,8.06,2.42,0.0,0.0,2.42
9000008121,2025-12-02 08:00,0.432222,7,4,12,5,4,9,309,634,944,30,68,98,29.0,35.29,21.08,31.13,6.86,3.43,1.47,0.49,0.74
9000008121,2025-12-02 09:00,0.566389,2,0,2,2,5,7,274,469,743,27,106,133,32.5,27.08,23.75,30.88,11.4,4.28,1.66,0.71,0.48
9000008121,2025-12-02 10:00,0.523889,3,0,3,0,4,4,235,288,523,20,58,79,36.5,32.12,18.61,23.36,14.96,7.3,2.55,0.36,0.73
9000008121,2025-12-02 11:00,0.531389,2,0,2,4,6,10,288,356,644,29,63,92,32.0,22.51,23.68,35.38,13.45,2.34,2.34,0.29,0.0
9000008121,2025-12-02 12:00,0.612222,8,6,15,3,16,19,260,338,597,13,67,80,34.0,21.58,26.23,30.05,16.12,3.83,1.64,0.27,0.27
9000008121,2025-12-02 13:00,0.603611,0,1,1,2,19,20,299,341,640,15,83,98,36.5,5.44,22.28,43.52,17.36,8.03,1.04,1.55,0.52
9000008121,2025-12-02 14:00,0.528611,2,1,3,0,23,23,396,538,934,34,90,124,34.0,11.54,20.04,47.37,12.75,4.66,1.62,0.61,1.42
9000008121,2025-12-02 15:00,0.598333,0,0,0,4,16,20,474,534,1009,19,57,76,29.5,10.61,31.51,44.11,10.61,1.99,0.66,0.17,0.5
9000008121,2025-12-02 16:00,0.459722,0,0,0,35,25,60,187,172,359,9,15,24,35.5,11.52,30.3,33.94,17.58,4.24,3.03,0.61,0.0
9000008121,2025-12-02 17:00,0.452222,0,0,0,18,28,46,52,108,160,2,12,14,40.5,15.28,31.94,18.06,19.44,8.33,4.17,1.39,0.0
9000008121,2025-12-02 18:00,0.514444,0,0,0,15,23,38,15,62,77,0,4,4,39.0,30.77,35.9,10.26,10.26,12.82,2.56,0.0,0.0
9000008121,2025-12-02 19:00,0.365,0,0,0,13,12,25,47,60,107,3,0,3,43.0,28.21,20.51,12.82,17.95,7.69,0.0,7.69,2.56
9000008121,2025-12-02 20:00,0.454167,0,0,0,12,19,30,6,28,34,0,0,0,27.0,40.0,33.33,20.0,6.67,0.0,0.0,0.0,0.0
9000008121,2025-12-02 21:00,0.429444,0,3,3,0,3,3,21,44,65,0,3,3,31.0,42.86,39.29,0.0,10.71,3.57,0.0,0.0,0.0
9000008121,2025-12-02 22:00,0.377778,0,0,0,0,0,0,9,42,51,0,2,2,32.5,52.63,26.32,5.26,10.53,5.26,0.0,0.0,5.26
9000008121,2025-12-02 23:00,0.392778,0,0,0,3,2,5,6,16,23,0,3,3,54.5,33.33,0.0,0.0,11.11,22.22,22.22,0.0,0.0
9000008121,2025-12-03 00:00,0.409167,0,0,0,0,2,2,0,8,8,0,0,0,37.0,66.67,0.0,0.0,33.33,0.0,0.0,0.0,0.0
9000008121,2025-12-03 01:00,0.435278,0,0,0,0,0,0,0,2,2,0,0,0,4.0,100.0,0.0,0.0,0.0,0.0,0.0,0.0,0.0
9000008121,2025-12-03 02:00,0.406111,0,0,0,0,3,3,2,0,2,0,0,0,9.0,100.0,0.0,0.0,0.0,0.0,0.0,0.0,0.0
9000008121,2025-12-03 03:00,0.411389,0,0,0,0,0,0,0,4,4,0,0,0,28.5,0.0,50.0,50.0,0.0,0.0,0.0,0.0,0.0
9000008121,2025-12-03 04:00,0.387778,0,0,0,0,3,3,4,3,7,0,0,0,28.5,0.0,33.33,66.67,0.0,0.0,0.0,0.0,0.0
9000008121,2025-12-03 05:00,0.425278,0,0,0,3,11,14,7,6,13,2,0,2,67.0,0.0,16.67,33.33,33.33,0.0,0.0,16.67,0.0
9000008121,2025-12-03 06:00,0.426389,0,0,0,3,10,13,8,18,26,0,0,0,42.0,18.18,45.45,18.18,0.0,9.09,0.0,0.0,9.09
9000008121,2025-12-03 07:00,0.458333,0,0,0,9,12,22,105,189,294,8,11,20,29.0,26.67,34.07,26.67,8.15,2.96,0.74,0.0,1.48
9000008121,2025-12-03 08:00,0.392222,0,5,5,3,0,3,487,503,990,31,92,122,28.5,20.1,30.67,39.18,5.93,1.29,0.52,1.29,0.52
9000008121,2025-12-03 09:00,0.551111,0,0,0,3,0,3,351,392,743,39,87,126,30.0,20.49,28.78,35.85,9.27,2.93,1.46,0.0,0.98
9000008121,2025-12-03 10:00,0.596111,8,4,12,0,6,6,262,263,525,23,32,55,32.5,22.36,20.45,37.38,16.29,2.24,0.64,0.96,0.64
9000008121,2025-12-03 11:00,0.6275,5,5,9,5,2,6,239,361,599,34,43,77,30.5,27.93,19.41,36.97,10.64,2.39,1.6,0.8,0.0
9000008121,2025-12-03 12:00,0.581667,0,2,2,0,5,5,263,342,605,19,56,75,34.0,23.58,12.22,43.18,13.35,4.83,1.42,0.57,1.14
9000008121,2025-12-03 13:00,0.604444,0,0,0,3,6,10,291,407,698,19,92,111,36.0,10.43,21.09,43.6,14.45,5.92,2.37,1.9,0.47
9000008121,2025-12-03 14:00,0.643333,0,0,0,3,7,10,421,418,839,30,76,107,32.0,19.07,23.52,39.63,11.48,2.78,1.3,1.67,0.56
9000008121,2025-12-03 15:00,0.53,0,4,4,2,4,6,481,453,934,14,50,63,29.0,19.6,27.68,41.62,7.88,1.01,1.21,0.2,0.81
9000008121,2025-12-03 16:00,0.545556,0,0,0,19,32,51,138,133,270,4,16,20,38.5,10.81,26.35,34.46,14.86,7.43,4.05,0.0,1.35
9000008121,2025-12-03 17:00,0.621944,0,0,0,2,7,9,15,27,42,0,3,3,57.0,26.92,11.54,23.08,11.54,11.54,3.85,7.69,3.85
9000008121,2025-12-03 18:00,0.48,0,0,0,0,12,12,9,46,55,0,2,2,35.5,19.23,57.69,11.54,3.85,11.54,0.0,0.0,0.0
9000008121,2025-12-03 19:00,0.506111,0,0,0,9,21,30,20,57,77,2,7,9,33.0,23.08,35.9,23.08,5.13,5.13,2.56,0.0,2.56
9000008121,2025-12-03 20:00,0.500556,0,0,0,7,5,12,5,52,58,0,5,5,52.0,20.69,37.93,10.34,0.0,10.34,20.69,0.0,0.0
9000008121,2025-12-03 21:00,0.513611,0,0,0,0,8,8,6,24,30,0,2,2,38.0,33.33,20.0,20.0,20.0,0.0,0.0,0.0,6.67
9000008121,2025-12-03 22:00,0.493333,0,0,0,0,0,0,10,8,18,0,4,4,62.5,33.33,22.22,0.0,11.11,0.0,11.11,11.11,11.11
9000008121,2025-12-03 23:00,0.47,0,0,0,0,8,8,2,9,11,0,0,0,36.5,20.0,20.0,40.0,20.0,0.0,0.0,0.0,0.0
9000008121,2025-12-04 00:00,0.433333,0,0,0,0,0,0,0,11,11,0,2,2,35.5,20.0,20.0,20.0,20.0,0.0,0.0,0.0,0.0
9000008121,2025-12-04 01:00,0.392222,0,0,0,0,0,0,0,0,0,0,0,0,,0.0,0.0,0.0,0.0,0.0,0.0,0.0,0.0
9000008121,2025-12-04 02:00,0.401389,0,0,0,0,0,0,2,6,8,0,0,0,48.5,33.33,0.0,0.0,33.33,33.33,0.0,0.0,0.0
9000008121,2025-12-04 03:00,0.410556,0,0,0,0,2,2,2,0,2,0,0,0,49.0,0.0,0.0,0.0,0.0,100.0,0.0,0.0,0.0
9000008121,2025-12-04 04:00,0.385833,0,0,0,0,0,0,0,5,5,0,0,0,18.5,0.0,100.0,0.0,0.0,0.0,0.0,0.0,0.0
9000008121,2025-12-04 05:00,0.4025,0,0,0,0,19,19,0,28,28,0,0,0,28.5,9.09,45.45,36.36,0.0,9.09,0.0,0.0,0.0
9000008121,2025-12-04 06:00,0.3425,0,0,0,3,18,20,0,18,18,0,0,0,50.5,0.0,83.33,0.0,0.0,0.0,16.67,0.0,0.0
9000008121,2025-12-04 07:00,0.370556,0,0,0,5,24,29,67,180,248,0,13,13,32.5,11.96,39.13,30.43,11.96,2.17,4.35,1.09,0.0
9000008121,2025-12-04 08:00,0.524444,10,2,12,4,10,14,281,609,889,20,48,68,29.0,36.91,22.53,27.47,8.37,1.72,1.29,0.86,0.86
9000008121,2025-12-04 09:00,0.490556,0,3,3,0,6,6,275,329,603,15,46,60,33.5,33.11,14.86,31.08,14.19,3.04,1.35,1.01,1.69
9000008121,2025-12-04 10:00,0.504444,4,6,10,4,6,10,254,335,589,28,41,69,34.5,37.04,12.12,27.61,14.48,5.39,1.68,2.02,0.0
9000008121,2025-12-04 11:00,0.520278,3,7,10,18,25,42,350,467,817,29,87,116,29.0,26.12,22.82,39.29,9.88,1.65,0.24,0.24,0.0
9000008121,2025-12-04 12:00,0.644167,5,11,15,13,14,28,321,419,740,24,84,108,30.5,30.82,18.66,35.01,9.01,4.19,1.05,0.63,0.42
9000008121,2025-12-04 13:00,0.629722,6,1,8,0,17,17,339,450,789,19,61,80,32.5,17.71,26.96,36.02,12.88,4.23,0.6,0.8,0.8
9000008121,2025-12-04 14:00,0.55,7,6,12,4,6,10,360,588,948,18,41,59,30.0,22.07,32.05,31.09,9.4,2.69,0.58,1.54,0.38
9000008121,2025-12-04 15:00,0.478056,0,0,0,2,2,4,534,578,1112,26,41,67,29.5,8.66,33.33,44.44,9.42,2.07,0.56,0.75,0.56
9000008121,2025-12-04 16:00,0.671111,0,0,0,19,14,33,30,80,109,1,9,10,34.0,23.29,31.51,21.92,13.7,5.48,4.11,0.0,0.0
9000008121,2025-12-04 17:00,0.5875,0,0,0,11,22,33,16,74,90,4,16,19,31.5,18.87,41.51,22.64,7.55,5.66,0.0,0.0,1.89
9000008121,2025-12-04 18:00,0.549167,0,0,0,16,26,41,20,49,68,0,4,4,36.0,15.79,31.58,21.05,21.05,5.26,0.0,2.63,2.63
9000008121,2025-12-04 19:00,0.613611,0,0,0,5,7,12,11,31,42,2,4,5,38.5,26.92,30.77,7.69,19.23,3.85,3.85,3.85,0.0
9000008121,2025-12-04 20:00,0.399167,0,0,0,11,19,30,15,49,65,2,4,6,25.5,30.77,42.31,19.23,3.85,3.85,0.0,0.0,0.0
9000008121,2025-12-04 21:00,0.504722,0,0,0,0,18,18,2,12,14,0,4,4,34.5,28.57,28.57,14.29,14.29,0.0,14.29,0.0,0.0
9000008121,2025-12-04 22:00,0.399444,0,0,0,5,14,19,24,31,56,0,6,6,38.0,36.36,22.73,13.64,18.18,4.55,0.0,4.55,0.0
9000008121,2025-12-04 23:00,0.436111,0,0,0,7,19,26,12,14,26,0,0,0,21.5,36.36,45.45,18.18,0.0,0.0,0.0,0.0,0.0
9000008121,2025-12-05 00:00,0.388333,0,0,0,0,9,9,9,7,15,0,0,0,30.0,33.33,0.0,66.67,0.0,16.67,0.0,0.0,0.0
9000008121,2025-12-05 01:00,0.490833,0,0,0,0,0,0,0,0,0,0,0,0,,0.0,0.0,0.0,0.0,0.0,0.0,0.0,0.0
9000008121,2025-12-05 02:00,0.453056,0,0,0,0,0,0,0,2,2,0,0,0,4.0,100.0,0.0,0.0,0.0,0.0,0.0,0.0,0.0
9000008121,2025-12-05 03:00,0.597778,0,0,0,0,0,0,0,0,0,0,0,0,,0.0,0.0,0.0,0.0,0.0,0.0,0.0,0.0
9000008121,2025-12-05 04:00,0.455278,0,0,0,0,4,4,0,3,3,0,0,0,19.0,0.0,100.0,0.0,0.0,0.0,0.0,0.0,0.0
9000008121,2025-12-05 05:00,0.466944,0,0,0,0,6,6,3,10,13,0,0,0,30.0,33.33,33.33,16.67,16.67,0.0,0.0,0.0,0.0
9000008121,2025-12-05 06:00,0.475833,0,0,0,4,2,6,0,12,12,0,0,0,26.0,0.0,33.33,50.0,0.0,0.0,0.0,0.0,0.0
9000008121,2025-12-05 07:00,0.494444,0,0,0,5,11,16,35,74,109,0,7,7,37.5,7.41,33.33,29.63,18.52,9.26,1.85,0.0,1.85
9000008121,2025-12-05 08:00,0.461944,0,0,0,5,7,12,249,403,651,12,28,40,32.5,27.57,25.25,29.24,10.63,5.32,1.0,0.66,0.66
9000008121,2025-12-05 09:00,0.574167,0,6,6,3,3,7,245,309,553,21,27,48,28.5,32.39,18.87,37.11,8.18,2.52,0.0,0.63,0.31
9000008121,2025-12-05 10:00,0.625,0,0,0,3,10,12,216,309,526,14,27,41,31.5,31.91,18.24,32.52,10.64,3.34,1.82,0.3,1.52
9000008121,2025-12-05 11:00,0.629167,0,0,0,0,6,6,271,380,651,13,30,44,30.0,30.07,19.56,35.45,10.51,2.44,1.22,0.49,0.73
9000008121,2025-12-05 12:00,0.6525,4,4,7,1,7,8,297,441,739,20,34,54,30.0,23.65,25.52,35.68,11.41,2.28,0.62,0.21,0.62
9000008121,2025-12-05 13:00,0.565833,3,4,7,0,5,5,323,457,780,9,31,40,30.0,21.77,26.98,36.51,10.88,2.27,1.13,0.0,0.68
9000008121,2025-12-05 14:00,0.579444,0,0,0,4,15,18,424,478,902,11,25,36,29.5,21.65,23.95,41.0,8.62,2.87,0.38,0.57,0.77
9000008121,2025-12-05 15:00,0.521944,0,2,2,14,18,32,445,369,814,3,22,25,27.5,17.88,30.59,43.76,5.18,1.41,0.94,0.24,0.0
9000008121,2025-12-05 16:00,0.5425,0,0,0,6,18,24,28,60,89,2,6,7,30.5,20.83,33.33,29.17,8.33,0.0,2.08,4.17,0.0
9000008121,2025-12-05 17:00,0.440556,0,0,0,18,27,46,61,101,163,2,13,15,40.0,18.06,30.56,22.22,13.89,9.72,1.39,1.39,2.78
9000008121,2025-12-05 18:00,0.577222,0,0,0,16,25,41,14,54,68,3,2,5,41.5,15.38,20.51,35.9,12.82,7.69,5.13,2.56,0.0
9000008121,2025-12-05 19:00,0.45,0,0,0,11,15,25,15,60,75,0,2,2,43.0,41.18,20.59,11.76,8.82,20.59,0.0,0.0,0.0
9000008121,2025-12-05 20:00,0.543889,0,0,0,3,7,10,10,27,37,0,3,3,40.5,50.0,20.0,10.0,10.0,10.0,10.0,0.0,0.0
9000008121,2025-12-05 21:00,0.339444,0,0,0,4,8,11,5,13,19,0,0,0,26.0,66.67,16.67,16.67,0.0,0.0,0.0,0.0,0.0
9000008121,2025-12-05 22:00,0.46,0,0,0,11,7,18,5,12,16,0,0,0,14.5,71.43,14.29,0.0,0.0,0.0,14.29,0.0,0.0
9000008121,2025-12-05 23:00,0.510833,0,0,0,0,14,14,6,18,24,0,2,2,45.5,41.67,16.67,8.33,16.67,16.67,0.0,0.0,0.0
9000008121,2025-12-06 00:00,0.359722,0,0,0,0,3,3,10,8,17,0,0,0,100.5,50.0,16.67,0.0,16.67,0.0,0.0,0.0,16.67
9000008121,2025-12-06 01:00,0.398889,0,0,0,0,12,12,6,16,22,2,0,2,38.0,66.67,11.11,0.0,11.11,0.0,11.11,0.0,0.0
9000008121,2025-12-06 02:00,0.435278,0,0,0,2,8,10,7,20,27,0,3,3,58.5,8.33,50.0,8.33,0.0,0.0,25.0,8.33,0.0
9000008121,2025-12-06 03:00,0.515833,0,0,0,0,0,0,2,0,2,0,0,0,34.0,0.0,0.0,0.0,100.0,0.0,0.0,0.0,0.0
9000008121,2025-12-06 04:00,0.473056,6,6,11,20,15,35,39,22,60,15,13,28,36.0,44.83,17.24,24.14,3.45,0.0,0.0,6.9,3.45
9000008121,2025-12-06 05:00,0.432222,0,0,0,0,4,4,0,12,12,0,4,4,43.0,40.0,40.0,0.0,0.0,40.0,0.0,0.0,0.0
9000008121,2025-12-06 06:00,0.418333,0,0,0,2,0,2,4,10,14,0,3,3,54.5,16.67,16.67,0.0,16.67,16.67,16.67,0.0,16.67
9000008121,2025-12-06 07:00,0.429444,0,0,0,0,7,7,2,20,22,0,2,2,71.5,30.0,30.0,20.0,0.0,0.0,0.0,0.0,20.0
9000008121,2025-12-06 08:00,0.3925,0,6,6,0,2,2,62,75,137,7,8,15,32.0,35.19,16.67,29.63,12.96,3.7,0.0,0.0,1.85
9000008121,2025-12-06 09:00,0.448056,0,2,2,2,2,4,109,124,232,13,9,22,35.5,36.54,9.62,26.92,15.38,5.77,1.92,1.92,0.96
9000008121,2025-12-06 10:00,0.488056,0,0,0,3,6,9,186,176,362,5,24,29,36.0,18.64,12.43,44.63,12.99,5.08,3.95,0.56,1.69
9000008121,2025-12-06 11:00,0.468056,2,0,2,2,6,9,222,218,439,7,37,44,32.0,28.16,12.62,40.29,14.56,2.91,0.49,0.49,0.0
9000008121,2025-12-06 12:00,0.643333,5,2,6,3,11,13,241,273,514,10,31,41,36.0,22.66,20.24,35.35,12.99,5.44,1.81,1.21,0.6
9000008121,2025-12-06 13:00,0.585278,5,3,7,1,12,13,268,395,663,18,14,32,29.5,27.84,24.23,34.02,8.76,2.84,0.77,1.29,0.26
9000008121,2025-12-06 14:00,0.585556,2,3,5,0,14,14,303,470,774,6,19,25,30.5,24.5,26.93,32.01,11.7,1.32,1.32,0.88,1.1
9000008121,2025-12-06 15:00,0.533889,2,7,9,2,11,12,283,367,650,18,14,31,28.5,23.63,20.17,44.96,7.78,1.15,0.58,0.86,0.86
9000008121,2025-12-06 16:00,0.545556,0,0,0,18,17,35,37,72,110,2,5,7,32.0,18.33,31.67,31.67,11.67,1.67,1.67,1.67,0.0
9000008121,2025-12-06 17:00,0.500833,0,0,0,17,11,28,26,43,69,4,9,13,44.0,11.43,28.57,28.57,14.29,8.57,5.71,5.71,0.0
9000008121,2025-12-06 18:00,0.6175,0,0,0,2,7,9,7,27,34,0,3,3,50.5,23.81,28.57,9.52,14.29,4.76,4.76,0.0,9.52
9000008121,2025-12-06 19:00,0.5975,0,0,0,2,17,18,15,50,66,0,0,0,30.5,35.9,30.77,17.95,2.56,2.56,2.56,7.69,0.0
9000008121,2025-12-06 20:00,0.593333,0,0,0,3,10,14,24,16,40,2,3,5,43.0,30.43,17.39,21.74,13.04,8.7,4.35,0.0,4.35
9000008121,2025-12-06 21:00,0.621389,0,0,0,5,5,10,5,26,31,1,0,1,48.5,26.32,26.32,5.26,15.79,15.79,5.26,5.26,0.0
9000008121,2025-12-06 22:00,0.682778,0,0,0,2,2,4,2,12,13,0,4,4,18.5,55.56,22.22,0.0,0.0,11.11,0.0,0.0,0.0
9000008121,2025-12-06 23:00,0.4725,0,0,0,0,4,4,5,31,36,0,4,4,19.0,58.82,29.41,5.88,5.88,0.0,0.0,0.0,0.0
9000008121,2025-12-07 00:00,0.446944,0,0,0,0,0,0,10,10,20,0,0,0,34.0,44.44,33.33,0.0,22.22,11.11,0.0,0.0,0.0
9000008121,2025-12-07 01:00,0.576111,0,0,0,0,0,0,3,18,21,0,0,0,25.5,75.0,8.33,8.33,8.33,0.0,0.0,0.0,0.0
9000008121,2025-12-07 02:00,0.583056,0,0,0,0,11,11,2,9,11,0,0,0,35.5,33.33,50.0,0.0,16.67,0.0,0.0,0.0,0.0
9000008121,2025-12-07 03:00,0.480556,0,0,0,0,9,9,0,9,9,0,0,0,21.0,0.0,75.0,25.0,0.0,0.0,0.0,0.0,0.0
9000008121,2025-12-07 04:00,0.495,0,0,0,0,0,0,0,2,2,0,0,0,14.0,0.0,100.0,0.0,0.0,0.0,0.0,0.0,0.0
9000008121,2025-12-07 05:00,0.510833,0,0,0,0,4,4,5,4,9,0,0,0,45.5,40.0,20.0,20.0,0.0,20.0,0.0,0.0,0.0
9000008121,2025-12-07 06:00,0.602778,0,0,0,0,1,1,0,4,4,0,0,0,18.0,50.0,50.0,0.0,0.0,0.0,0.0,0.0,0.0
9000008121,2025-12-07 07:00,0.614722,0,0,0,0,0,0,4,5,9,0,0,0,41.5,16.67,16.67,0.0,33.33,16.67,0.0,0.0,0.0
9000008121,2025-12-07 08:00,0.615833,0,0,0,0,0,0,38,54,92,1,3,4,31.5,32.14,21.43,30.36,8.93,3.57,0.0,3.57,1.79
9000008121,2025-12-07 09:00,0.655,0,0,0,1,1,3,94,93,187,5,8,13,32.0,20.33,15.45,46.34,7.32,6.5,1.63,0.81,0.81
9000008121,2025-12-07 10:00,0.753056,2,1,3,2,7,9,134,118,252,5,8,13,35.0,19.47,16.32,34.74,19.47,4.74,1.58,2.63,0.53
9000008121,2025-12-07 11:00,0.778611,0,0,0,2,4,6,146,205,351,3,16,19,36.0,28.21,22.71,25.64,14.65,5.86,1.83,0.37,0.37
9000008121,2025-12-07 12:00,0.789444,0,0,0,0,9,9,186,252,438,4,12,16,32.5,30.06,20.81,29.48,13.01,3.18,2.02,0.58,0.58
9000008121,2025-12-07 13:00,0.819722,0,0,0,4,4,8,240,267,507,5,13,18,34.5,31.97,12.5,32.69,14.18,4.09,2.4,0.96,0.96
9000008121,2025-12-07 14:00,0.898611,1,0,1,3,7,10,207,306,514,5,9,13,32.5,31.24,16.49,33.84,12.36,3.9,0.87,0.87,0.65
9000008121,2025-12-07 15:00,0.788611,1,1,3,0,15,15,187,240,427,6,10,16,31.5,23.74,19.58,39.17,12.17,3.56,0.89,0.59,0.59
9000008121,2025-12-07 16:00,0.768056,0,0,0,1,0,1,13,20,34,0,3,3,28.0,19.23,26.92,46.15,3.85,3.85,0.0,0.0,0.0
9000008121,2025-12-07 17:00,0.722778,0,0,0,7,4,11,14,15,30,0,0,0,36.5,33.33,19.05,23.81,23.81,0.0,0.0,0.0,0.0
9000008121,2025-12-07 18:00,0.710833,0,0,0,3,12,16,2,26,28,0,1,1,29.0,30.0,45.0,15.0,15.0,0.0,0.0,0.0,0.0
9000008121,2025-12-07 19:00,0.676944,0,0,0,0,11,11,8,22,29,0,0,0,40.0,40.0,20.0,5.0,15.0,0.0,10.0,5.0,0.0
9000008121,2025-12-07 20:00,0.713611,0,0,0,3,8,11,7,22,29,0,0,0,39.0,33.33,28.57,14.29,9.52,9.52,4.76,0.0,0.0
9000008121,2025-12-07 21:00,0.605278,0,0,0,2,10,12,11,30,41,0,0,0,24.0,56.0,28.0,4.0,0.0,4.0,0.0,4.0,4.0
9000008121,2025-12-07 22:00,0.599722,0,0,0,0,7,7,0,17,17,2,3,5,16.5,80.0,10.0,10.0,0.0,0.0,0.0,0.0,0.0
9000008121,2025-12-07 23:00,0.691667,0,0,0,0,0,0,0,3,3,0,0,0,18.5,50.0,50.0,0.0,0.0,0.0,0.0,0.0,0.0
9000008121,2025-12-08 00:00,0.668889,0,0,0,0,3,3,0,2,2,0,0,0,49.0,0.0,0.0,0.0,0.0,100.0,0.0,0.0,0.0
9000008121,2025-12-08 01:00,0.723333,0,0,0,0,1,1,2,1,3,0,0,0,43.5,0.0,0.0,50.0,0.0,50.0,0.0,0.0,0.0
9000008121,2025-12-08 02:00,0.607778,0,0,0,0,4,4,0,0,0,0,0,0,,0.0,0.0,0.0,0.0,0.0,0.0,0.0,0.0
9000008121,2025-12-08 03:00,0.636944,0,0,0,0,0,0,0,0,0,0,0,0,,0.0,0.0,0.0,0.0,0.0,0.0,0.0,0.0
9000008121,2025-12-08 04:00,0.716667,0,0,0,0,0,0,1,0,1,0,0,0,54.0,0.0,0.0,0.0,0.0,0.0,100.0,0.0,0.0
9000008121,2025-12-08 05:00,0.643056,0,0,0,0,0,0,0,5,5,0,0,0,73.5,66.67,0.0,0.0,0.0,0.0,0.0,0.0,66.67
9000008121,2025-12-08 06:00,0.755556,0,0,0,2,4,6,2,10,11,0,0,0,28.5,11.11,33.33,33.33,0.0,0.0,11.11,0.0,0.0
9000008121,2025-12-08 07:00,0.687222,0,0,0,1,11,12,52,104,156,0,15,15,34.5,21.5,36.45,24.3,7.48,6.54,2.8,0.0,1.87
9000008121,2025-12-08 08:00,0.715278,0,0,0,3,6,9,313,513,826,21,69,90,29.0,4.4,37.73,45.52,9.14,1.35,0.68,0.68,0.51
9000008121,2025-12-08 09:00,0.785,1,0,1,5,19,24,280,391,672,15,71,87,32.5,1.33,35.86,42.69,14.99,3.8,0.95,0.38,0.0
9000008121,2025-12-08 10:00,0.807222,2,1,4,1,9,10,305,254,559,29,48,77,34.5,3.1,34.37,37.69,17.96,3.77,2.0,0.44,0.44
9000008121,2025-12-08 11:00,0.911389,1,2,3,5,16,21,360,257,616,34,35,69,35.0,12.99,27.58,34.34,17.44,5.87,1.78,0.0,0.36
9000008121,2025-12-08 12:00,0.8525,3,12,15,6,37,43,294,287,581,18,38,56,34.0,24.44,20.81,33.13,13.33,4.85,1.82,1.41,0.4
9000008121,2025-12-08 13:00,0.907222,3,8,11,3,25,29,303,319,621,22,44,66,33.0,22.16,20.04,37.94,13.83,3.37,1.24,0.71,0.89
9000008121,2025-12-08 14:00,0.885278,4,14,18,4,30,34,371,429,800,22,50,72,32.0,27.54,18.64,35.59,12.99,3.39,0.99,0.56,0.28
9000008121,2025-12-08 15:00,0.857222,2,0,2,13,16,29,474,447,921,15,35,50,29.0,24.33,24.71,38.4,8.87,2.92,0.51,0.13,0.0
9000008121,2025-12-08 16:00,0.821389,0,0,0,9,9,17,51,44,95,1,4,5,38.5,16.67,24.36,32.05,15.38,6.41,2.56,1.28,2.56
9000008121,2025-12-08 17:00,0.857778,0,0,0,1,6,7,8,13,21,0,2,2,38.5,22.22,44.44,11.11,11.11,5.56,0.0,0.0,5.56
9000008121,2025-12-08 18:00,0.878611,0,0,0,0,2,2,2,8,10,0,0,0,28.0,22.22,33.33,33.33,11.11,0.0,0.0,0.0,0.0
9000008121,2025-12-08 19:00,0.841389,0,0,0,0,1,1,6,10,16,0,0,0,30.0,38.46,15.38,30.77,0.0,7.69,0.0,0.0,7.69
9000008121,2025-12-08 20:00,0.864444,0,0,0,0,1,1,0,4,4,0,0,0,7.5,100.0,0.0,0.0,0.0,0.0,0.0,0.0,0.0
9000008121,2025-12-08 21:00,0.868889,0,0,0,0,1,1,6,1,7,0,0,0,70.0,16.67,16.67,16.67,16.67,0.0,0.0,16.67,16.67
9000008121,2025-12-08 22:00,0.867778,0,0,0,0,0,0,1,3,5,0,0,0,37.0,50.0,0.0,25.0,25.0,0.0,0.0,0.0,0.0
9000008121,2025-12-08 23:00,0.807778,0,0,0,0,1,1,0,3,3,0,0,0,28.5,0.0,50.0,50.0,0.0,0.0,0.0,0.0,0.0
9000008121,2025-12-09 00:00,0.788611,0,0,0,0,0,0,3,0,3,0,0,0,78.5,0.0,0.0,50.0,0.0,0.0,0.0,0.0,50.0
9000008121,2025-12-09 01:00,0.853611,0,0,0,0,0,0,1,0,1,0,0,0,54.0,0.0,0.0,0.0,0.0,0.0,100.0,0.0,0.0
9000008121,2025-12-09 02:00,0.844444,0,0,0,0,0,0,1,0,1,0,0,0,9.0,100.0,0.0,0.0,0.0,0.0,0.0,0.0,0.0
9000008121,2025-12-09 03:00,0.785,0,0,0,0,0,0,0,0,0,0,0,0,,0.0,0.0,0.0,0.0,0.0,0.0,0.0,0.0
9000008121,2025-12-09 04:00,0.834444,0,0,0,0,1,1,0,0,0,0,0,0,,0.0,0.0,0.0,0.0,0.0,0.0,0.0,0.0
9000008121,2025-12-09 05:00,0.738333,0,0,0,0,8,8,0,4,4,0,0,0,27.5,0.0,66.67,33.33,0.0,0.0,0.0,0.0,0.0
9000008121,2025-12-09 06:00,0.742222,0,0,0,1,8,10,1,19,21,0,0,0,32.0,13.33,46.67,13.33,13.33,6.67,0.0,0.0,0.0
9000008121,2025-12-09 07:00,0.859722,0,0,0,4,2,6,44,66,110,0,6,6,36.0,14.74,28.42,30.53,17.89,4.21,2.11,1.05,1.05
9000008121,2025-12-09 08:00,0.791111,0,1,1,4,14,18,292,630,922,19,47,66,27.5,27.57,31.28,30.86,6.17,2.61,0.82,0.27,0.55
9000008121,2025-12-09 09:00,0.849444,0,1,1,2,13,16,255,463,718,21,63,84,29.5,32.95,24.75,28.36,10.82,1.97,0.49,0.49,0.33
9000008121,2025-12-09 10:00,0.883056,0,0,0,1,8,9,275,347,622,22,63,85,33.0,28.23,19.85,31.15,13.66,4.92,1.09,0.36,0.55
9000008121,2025-12-09 11:00,0.803333,1,0,1,6,9,15,321,354,674,29,44,72,33.5,18.82,26.94,33.03,14.21,4.24,1.85,0.74,0.18
9000008121,2025-12-09 12:00,0.833889,1,1,2,6,16,22,313,358,672,26,48,74,31.0,19.29,23.04,40.18,13.75,3.21,0.18,0.18,0.0
9000008121,2025-12-09 13:00,0.884444,6,5,11,1,13,14,297,494,791,16,44,60,32.0,25.86,28.86,27.43,12.14,3.29,1.14,0.43,0.71
9000008121,2025-12-09 14:00,0.802778,0,0,0,3,10,12,403,497,900,20,48,68,32.0,26.83,25.03,30.29,12.59,2.63,1.38,0.69,0.69
9000008121,2025-12-09 15:00,0.821667,0,0,0,6,14,20,481,487,968,20,44,63,30.0,19.12,28.3,37.86,9.18,2.64,1.64,0.5,0.88
9000008121,2025-12-09 16:00,0.857222,0,0,0,2,2,5,29,28,57,1,0,1,34.0,14.29,24.49,34.69,16.33,6.12,0.0,2.04,2.04
9000008121,2025-12-09 17:00,0.907222,0,0,0,3,1,5,5,15,19,0,2,2,27.0,11.76,52.94,17.65,11.76,0.0,0.0,0.0,0.0
9000008121,2025-12-09 18:00,0.778333,0,0,0,4,2,6,9,30,39,0,5,5,38.5,10.0,26.67,30.0,23.33,10.0,0.0,0.0,0.0
9000008121,2025-12-09 19:00,0.776111,5,4,10,11,13,23,15,46,61,12,23,36,36.5,29.79,25.53,19.15,14.89,4.26,0.0,2.13,2.13
9000008121,2025-12-09 20:00,0.823333,0,0,0,0,4,4,5,4,9,0,2,2,23.0,57.14,14.29,28.57,0.0,0.0,0.0,0.0,0.0
9000008121,2025-12-09 21:00,0.841944,0,0,0,0,5,5,0,9,9,0,1,1,19.5,37.5,50.0,12.5,0.0,0.0,0.0,0.0,0.0
9000008121,2025-12-09 22:00,0.738889,0,0,0,1,4,5,5,8,14,3,0,3,52.5,10.0,40.0,10.0,0.0,20.0,10.0,10.0,0.0
9000008121,2025-12-09 23:00,0.843611,0,0,0,0,0,0,0,5,5,0,1,1,17.5,50.0,50.0,0.0,0.0,0.0,0.0,0.0,0.0
9000008121,2025-12-10 00:00,0.748889,0,0,0,1,1,2,3,0,3,0,0,0,8.5,100.0,0.0,0.0,0.0,0.0,0.0,0.0,0.0
9000008121,2025-12-10 01:00,0.802778,0,0,0,1,4,6,0,1,1,0,0,0,4.0,100.0,0.0,0.0,0.0,0.0,0.0,0.0,0.0
9000008121,2025-12-10 02:00,0.842222,0,0,0,4,3,7,0,2,2,0,0,0,38.5,0.0,0.0,50.0,50.0,0.0,0.0,0.0,0.0
9000008121,2025-12-10 03:00,0.833333,0,0,0,1,0,1,0,0,0,0,0,0,,0.0,0.0,0.0,0.0,0.0,0.0,0.0,0.0
9000008121,2025-12-10 04:00,0.737778,0,0,0,3,7,10,2,4,5,0,0,0,27.5,50.0,25.0,25.0,0.0,0.0,0.0,0.0,0.0
9000008121,2025-12-10 05:00,0.683056,0,0,0,11,5,16,11,13,23,0,0,0,44.0,56.25,12.5,0.0,6.25,6.25,0.0,12.5,0.0
9000008121,2025-12-10 06:00,0.746944,0,0,0,4,8,12,9,17,26,0,0,0,49.5,15.0,20.0,25.0,15.0,10.0,5.0,5.0,5.0
9000008121,2025-12-10 07:00,0.711667,0,0,0,5,10,15,43,102,145,0,15,15,41.0,20.39,31.07,25.24,6.8,7.77,5.83,1.94,0.97
9000008121,2025-12-10 08:00,0.730556,0,2,2,13,9,23,262,640,902,20,49,68,28.0,36.72,24.13,28.83,7.44,1.21,0.61,0.15,0.91
9000008121,2025-12-10 09:00,0.889722,1,7,8,3,13,17,262,444,706,27,82,109,29.0,26.91,25.48,35.03,8.76,1.75,0.32,0.32,1.27
9000008121,2025-12-10 10:00,0.845833,1,3,5,8,5,12,306,284,590,26,77,103,30.0,12.02,25.45,47.7,11.42,2.2,1.0,0.4,0.0
9000008121,2025-12-10 11:00,0.8425,3,1,5,3,2,6,317,354,672,21,58,79,34.0,21.2,18.9,36.57,16.61,4.95,0.88,0.53,0.35
9000008121,2025-12-10 12:00,0.816389,1,0,1,4,5,8,281,366,648,14,47,60,33.0,31.57,16.82,31.38,14.18,3.59,0.95,0.57,0.76
9000008121,2025-12-10 13:00,0.849167,0,0,0,2,4,6,337,449,786,26,40,66,33.0,31.29,24.4,24.1,12.28,5.09,1.8,0.75,0.3
9000008121,2025-12-10 14:00,0.871944,1,2,3,2,5,7,317,522,839,17,53,71,30.0,26.64,29.37,29.37,8.74,3.28,1.23,0.82,0.55
9000008121,2025-12-10 15:00,0.884167,0,0,0,7,9,16,528,532,1060,20,34,54,30.0,24.23,25.08,35.75,10.67,2.88,0.64,0.53,0.43
9000008121,2025-12-10 16:00,0.816944,0,0,0,5,2,7,58,47,105,0,4,4,34.0,6.98,34.88,38.37,10.47,4.65,2.33,2.33,1.16
9000008121,2025-12-10 17:00,0.776389,0,0,0,9,13,22,19,32,50,0,4,4,61.0,23.08,20.51,12.82,12.82,10.26,2.56,10.26,5.13
9000008121,2025-12-10 18:00,0.734167,0,0,0,12,10,22,15,32,47,0,0,0,39.5,14.71,35.29,17.65,17.65,5.88,5.88,2.94,0.0
9000008121,2025-12-10 19:00,0.813889,0,0,0,5,8,13,5,7,12,0,0,0,33.0,20.0,40.0,10.0,10.0,0.0,0.0,0.0,10.0
9000008121,2025-12-10 20:00,0.841389,0,0,0,1,2,4,4,1,5,0,0,0,87.0,0.0,25.0,25.0,25.0,0.0,0.0,0.0,25.0
9000008121,2025-12-10 21:00,0.829444,0,0,0,1,1,2,4,6,10,0,2,2,59.0,12.5,37.5,25.0,0.0,0.0,12.5,0.0,12.5
9000008121,2025-12-10 22:00,0.833056,0,0,0,0,0,0,4,2,6,0,0,0,18.0,40.0,60.0,0.0,0.0,0.0,0.0,0.0,0.0
9000008121,2025-12-10 23:00,0.777222,0,0,0,1,1,3,3,1,4,0,0,0,34.0,0.0,33.33,0.0,66.67,0.0,0.0,0.0,0.0
9000008121,2025-12-11 00:00,0.751667,0,0,0,1,1,3,1,1,3,0,0,0,4.0,100.0,0.0,0.0,0.0,0.0,0.0,0.0,0.0
9000008121,2025-12-11 01:00,0.799444,0,0,0,0,0,0,2,1,3,0,0,0,63.0,66.67,0.0,0.0,0.0,0.0,0.0,33.33,0.0
9000008121,2025-12-11 02:00,0.861667,0,0,0,0,0,0,0,1,1,0,0,0,14.0,0.0,100.0,0.0,0.0,0.0,0.0,0.0,0.0
9000008121,2025-12-11 03:00,0.809444,0,0,0,0,0,0,0,1,1,0,0,0,9.0,100.0,0.0,0.0,0.0,0.0,0.0,0.0,0.0
9000008121,2025-12-11 04:00,0.784722,0,0,0,1,0,1,0,0,0,0,0,0,,0.0,0.0,0.0,0.0,0.0,0.0,0.0,0.0
9000008121,2025-12-11 05:00,0.765833,0,0,0,0,0,0,2,6,9,0,0,0,35.0,14.29,42.86,0.0,42.86,0.0,0.0,0.0,0.0
9000008121,2025-12-11 06:00,0.822222,0,0,0,0,0,0,3,10,12,0,0,0,33.5,20.0,40.0,10.0,10.0,0.0,10.0,0.0,0.0
9000008121,2025-12-11 07:00,0.803889,0,0,0,2,13,15,59,121,180,2,15,17,31.0,26.21,37.93,21.38,10.34,3.45,0.69,0.0,1.38
9000008121,2025-12-11 08:00,0.767778,0,2,2,3,10,12,275,573,848,21,68,89,26.5,26.88,36.25,26.42,5.68,3.23,1.08,0.46,0.15
9000008121,2025-12-11 09:00,0.757778,3,0,3,5,9,14,238,437,675,23,63,86,30.0,35.03,24.46,25.24,9.0,3.72,1.37,0.59,0.39
9000008121,2025-12-11 10:00,0.878611,4,6,10,6,4,11,229,412,641,16,58,74,33.0,36.59,19.01,25.04,12.43,4.26,1.78,0.36,0.36
9000008121,2025-12-11 11:00,0.8675,0,3,3,4,10,14,286,348,634,27,51,78,33.5,26.0,20.73,33.45,12.36,5.45,1.27,0.36,0.36
9000008121,2025-12-11 12:00,0.836944,0,10,10,1,11,12,296,402,698,23,48,72,35.0,20.89,27.05,28.77,13.01,5.31,2.23,1.03,1.37
9000008121,2025-12-11 13:00,0.854444,1,7,8,2,7,9,283,412,695,32,55,87,35.0,29.12,22.05,26.26,12.96,5.39,2.69,0.84,0.67
9000008121,2025-12-11 14:00,0.862222,2,8,10,7,18,25,367,469,837,34,60,93,30.0,23.86,26.91,34.54,9.29,3.05,1.25,0.28,0.69
9000008121,2025-12-11 15:00,0.815278,0,10,10,6,15,22,445,530,975,21,45,65,28.5,23.52,29.81,35.22,7.55,1.76,1.01,0.5,0.63
9000008121,2025-12-11 16:00,0.885833,0,2,2,6,13,18,60,93,153,3,3,7,29.0,29.41,27.94,28.68,11.76,0.0,0.74,0.74,0.0
9000008121,2025-12-11 17:00,0.854722,0,0,0,6,8,14,9,30,39,0,5,5,27.5,33.33,27.27,30.3,6.06,3.03,0.0,0.0,0.0
9000008121,2025-12-11 18:00,0.686667,0,0,0,5,9,13,16,53,68,4,3,7,34.0,14.89,53.19,12.77,10.64,0.0,4.26,0.0,2.13
9000008121,2025-12-11 19:00,0.826389,0,0,0,2,2,5,11,21,32,1,3,4,35.5,18.52,18.52,40.74,7.41,0.0,3.7,3.7,3.7
9000008121,2025-12-11 20:00,0.709722,0,0,0,1,3,4,5,15,19,2,4,6,40.5,28.57,14.29,21.43,14.29,7.14,7.14,0.0,0.0
9000008121,2025-12-11 21:00,0.773889,0,0,0,2,1,3,6,21,27,2,1,3,30.5,23.81,28.57,38.1,4.76,4.76,4.76,0.0,0.0
9000008121,2025-12-11 22:00,0.724722,0,0,0,0,1,1,10,14,25,0,1,1,42.5,33.33,33.33,5.56,5.56,5.56,0.0,5.56,5.56
9000008121,2025-12-11 23:00,0.583056,0,0,0,0,0,0,2,2,3,0,0,0,43.5,50.0,0.0,0.0,0.0,50.0,0.0,0.0,0.0
9000008121,2025-12-12 00:00,0.575833,0,0,0,0,2,2,12,2,14,0,0,0,48.5,37.5,25.0,0.0,0.0,12.5,0.0,0.0,12.5
9000008121,2025-12-12 01:00,0.606667,0,0,0,0,0,0,1,2,3,0,0,0,13.5,50.0,50.0,0.0,0.0,0.0,0.0,0.0,0.0
9000008121,2025-12-12 02:00,0.625556,0,0,0,0,0,0,2,2,4,0,0,0,18.5,0.0,100.0,0.0,0.0,0.0,0.0,0.0,0.0
9000008121,2025-12-12 03:00,0.545,0,0,0,0,0,0,2,3,4,0,0,0,53.0,0.0,0.0,50.0,0.0,0.0,50.0,0.0,0.0
9000008121,2025-12-12 04:00,0.561389,0,0,0,0,0,0,2,0,2,0,0,0,24.0,0.0,0.0,100.0,0.0,0.0,0.0,0.0,0.0
9000008121,2025-12-12 05:00,0.497778,0,0,0,2,11,13,6,15,22,0,0,0,48.5,9.09,27.27,27.27,0.0,18.18,9.09,0.0,0.0
9000008121,2025-12-12 06:00,0.534444,0,0,0,3,15,18,4,29,33,0,0,0,51.5,16.67,22.22,16.67,0.0,11.11,16.67,5.56,0.0
9000008121,2025-12-12 07:00,0.630278,0,0,0,3,13,16,70,130,200,2,6,8,32.5,23.81,28.57,27.78,11.9,3.17,2.38,0.79,0.0
9000008121,2025-12-12 08:00,0.597778,1,0,1,4,0,4,280,424,704,24,45,69,28.0,30.64,27.79,31.59,6.65,2.14,0.71,0.48,0.24
9000008121,2025-12-12 09:00,0.555,0,0,0,13,3,16,282,322,603,32,46,79,28.0,20.9,27.46,44.18,5.67,0.9,0.6,0.0,0.0
9000008121,2025-12-12 10:00,0.556944,0,0,0,10,2,12,318,250,568,16,29,44,32.5,22.78,14.24,43.35,13.29,4.11,0.95,1.27,0.0
9000008121,2025-12-12 11:00,0.765556,0,4,4,9,16,25,306,357,662,34,42,75,34.5,19.72,20.12,38.26,13.81,5.13,2.17,0.59,0.39
9000008121,2025-12-12 12:00,0.580556,7,2,9,10,14,24,311,340,651,36,58,94,31.5,26.46,22.75,33.33,11.38,4.23,1.06,0.26,0.53
9000008121,2025-12-12 13:00,0.722222,1,4,5,4,11,16,367,494,861,16,51,67,32.0,29.1,23.15,29.9,11.9,4.02,1.93,0.16,0.0
9000008121,2025-12-12 14:00,0.738889,2,5,7,2,12,13,389,521,910,20,38,58,32.0,28.42,25.0,28.57,11.31,4.17,1.79,0.45,0.3
9000008121,2025-12-12 15:00,0.705278,0,0,0,3,6,8,338,511,849,20,40,60,29.5,23.58,25.92,36.96,8.36,3.51,1.17,0.5,0.17
9000008121,2025-12-12 16:00,0.693056,0,0,0,18,18,36,93,86,179,4,12,16,34.5,18.55,23.39,29.03,19.35,4.84,3.23,1.61,0.0
9000008121,2025-12-12 17:00,0.714444,0,0,0,1,4,6,16,33,49,0,3,3,41.5,14.29,45.71,17.14,8.57,5.71,8.57,2.86,0.0
9000008121,2025-12-12 18:00,0.596667,0,0,0,5,17,22,14,42,57,0,2,2,41.0,20.59,29.41,20.59,8.82,5.88,8.82,0.0,0.0
9000008121,2025-12-12 19:00,0.603333,0,0,0,2,12,14,12,40,52,1,6,8,41.5,18.75,40.62,12.5,6.25,15.62,0.0,0.0,3.12
9000008121,2025-12-12 20:00,0.57,0,0,0,6,6,12,16,22,38,0,4,4,45.0,18.18,22.73,27.27,18.18,9.09,4.55,13.64,0.0
9000008121,2025-12-12 21:00,0.582222,0,0,0,0,2,2,10,23,33,4,0,4,41.0,21.05,36.84,26.32,0.0,15.79,0.0,0.0,0.0
9000008121,2025-12-12 22:00,0.598889,0,0,0,0,6,6,11,21,31,0,3,3,44.0,31.58,21.05,15.79,5.26,31.58,0.0,5.26,0.0
9000008121,2025-12-12 23:00,0.695,0,0,0,0,0,0,0,3,3,0,0,0,18.5,0.0,100.0,0.0,0.0,0.0,0.0,0.0,0.0
9000008121,2025-12-13 00:00,0.587222,0,0,0,0,6,6,3,21,24,0,3,3,26.0,64.29,21.43,14.29,0.0,0.0,0.0,7.14,0.0
9000008121,2025-12-13 01:00,0.616944,0,0,0,0,0,0,0,5,5,0,1,1,27.5,66.67,0.0,33.33,0.0,0.0,0.0,0.0,0.0
9000008121,2025-12-13 02:00,0.601111,0,0,0,0,0,0,1,6,8,0,2,2,82.5,0.0,20.0,20.0,0.0,0.0,0.0,0.0,40.0
9000008121,2025-12-13 03:00,0.724167,0,0,0,0,0,0,1,0,1,0,0,0,29.0,0.0,0.0,100.0,0.0,0.0,0.0,0.0,0.0
9000008121,2025-12-13 04:00,0.668333,0,0,0,0,0,0,0,0,0,0,0,0,,0.0,0.0,0.0,0.0,0.0,0.0,0.0,0.0
9000008121,2025-12-13 05:00,0.608056,0,0,0,0,2,2,3,0,3,0,0,0,28.5,0.0,0.0,100.0,0.0,0.0,0.0,0.0,0.0
9000008121,2025-12-13 06:00,0.576389,0,0,0,0,3,3,4,6,10,0,0,0,65.5,16.67,50.0,0.0,16.67,0.0,0.0,16.67,0.0
9000008121,2025-12-13 07:00,0.714444,0,0,0,0,2,2,6,5,11,0,0,0,35.0,37.5,0.0,25.0,12.5,0.0,12.5,0.0,0.0
9000008121,2025-12-13 08:00,0.549167,0,0,0,0,3,3,75,70,144,1,0,1,38.0,24.05,20.25,26.58,16.46,5.06,2.53,2.53,3.8
9000008121,2025-12-13 09:00,0.541389,2,3,5,0,2,2,132,136,269,5,14,19,33.5,33.1,20.0,26.21,13.79,2.76,2.07,0.0,1.38
9000008121,2025-12-13 10:00,0.655556,9,12,21,2,4,6,242,208,450,11,10,21,39.5,24.07,18.98,24.41,17.97,8.47,3.39,1.36,1.36
9000008121,2025-12-13 11:00,0.7625,9,21,30,5,9,14,241,357,598,9,15,24,34.5,31.14,24.34,22.59,12.06,5.48,2.63,0.66,1.32
9000008121,2025-12-13 12:00,0.785,4,4,8,2,11,14,273,382,655,11,23,34,31.5,28.21,21.98,33.07,10.7,3.7,0.97,0.78,0.58
9000008121,2025-12-13 13:00,0.771667,3,4,7,7,20,26,306,441,747,7,24,32,32.5,23.22,27.21,31.37,11.09,4.68,1.39,0.35,0.87
9000008121,2025-12-13 14:00,0.75,0,3,3,0,14,14,277,478,755,11,34,45,33.0,29.86,25.27,25.8,11.48,4.42,1.24,1.24,0.71
9000008121,2025-12-13 15:00,0.655278,1,3,5,2,9,11,260,442,703,11,19,31,30.0,19.09,34.27,31.89,8.46,2.82,2.17,0.65,0.43
9000008121,2025-12-13 16:00,0.811389,0,0,0,1,10,11,27,74,101,3,3,5,30.5,21.95,41.46,21.95,8.54,4.88,0.0,1.22,0.0
9000008121,2025-12-13 17:00,0.700833,0,0,0,4,7,10,23,32,55,2,4,5,37.5,39.47,26.32,13.16,7.89,7.89,0.0,2.63,2.63
9000008121,2025-12-13 18:00,0.805833,0,0,0,6,6,12,18,21,38,1,2,4,42.5,32.26,22.58,25.81,0.0,6.45,3.23,3.23,3.23
9000008121,2025-12-13 19:00,0.714167,0,0,0,1,10,12,6,18,23,0,3,3,38.5,17.65,41.18,11.76,11.76,5.88,0.0,5.88,0.0
9000008121,2025-12-13 20:00,0.763889,0,0,0,1,4,5,7,15,22,0,0,0,23.5,58.82,11.76,17.65,5.88,0.0,0.0,0.0,0.0
9000008121,2025-12-13 21:00,0.756667,0,0,0,0,1,1,1,12,13,0,0,0,62.5,10.0,40.0,0.0,10.0,10.0,0.0,20.0,0.0
9000008121,2025-12-13 22:00,0.704722,0,0,0,3,0,3,5,9,14,0,0,0,53.5,30.0,10.0,20.0,0.0,10.0,10.0,10.0,0.0
9000008121,2025-12-13 23:00,0.589167,0,0,0,2,0,2,13,8,21,0,2,2,55.5,25.0,8.33,0.0,41.67,8.33,8.33,0.0,8.33
9000008121,2025-12-14 00:00,0.769722,0,0,0,0,1,1,0,5,5,0,0,0,17.0,25.0,75.0,0.0,0.0,0.0,0.0,0.0,0.0
9000008121,2025-12-14 01:00,0.658333,0,0,0,5,4,9,3,1,4,0,0,0,62.5,0.0,33.33,0.0,0.0,33.33,0.0,33.33,0.0
9000008121,2025-12-14 02:00,0.663056,0,0,0,0,0,0,2,1,3,0,0,0,53.5,0.0,0.0,50.0,0.0,0.0,50.0,0.0,0.0
9000008121,2025-12-14 03:00,0.688889,0,0,0,0,3,3,0,4,4,0,0,0,22.5,66.67,0.0,33.33,0.0,0.0,0.0,0.0,0.0
9000008121,2025-12-14 04:00,0.571389,0,0,0,0,2,2,2,3,6,0,0,0,17.5,66.67,33.33,0.0,0.0,0.0,0.0,0.0,0.0
9000008121,2025-12-14 05:00,0.598611,0,0,0,0,3,3,0,0,0,0,0,0,,0.0,0.0,0.0,0.0,0.0,0.0,0.0,0.0
9000008121,2025-12-14 06:00,0.624722,0,0,0,2,5,7,0,5,5,0,0,0,14.0,33.33,66.67,0.0,0.0,0.0,0.0,0.0,0.0
9000008121,2025-12-14 07:00,0.621667,0,0,0,0,3,3,5,3,8,0,0,0,81.0,20.0,0.0,40.0,20.0,0.0,0.0,0.0,20.0
9000008121,2025-12-14 08:00,0.648611,0,0,0,1,2,3,31,44,75,1,6,8,33.0,20.41,30.61,30.61,12.24,4.08,2.04,0.0,0.0
9000008121,2025-12-14 09:00,0.705278,0,1,1,2,1,3,104,105,210,7,7,15,38.0,21.62,22.97,24.32,19.59,7.43,2.03,0.68,2.03
9000008121,2025-12-14 10:00,0.5925,1,0,1,0,2,2,144,127,271,5,5,10,35.5,21.12,24.22,29.19,16.15,3.73,2.48,0.62,1.86
9000008121,2025-12-14 11:00,0.629722,0,3,3,1,8,10,172,160,333,5,5,10,37.0,20.0,20.95,28.1,20.0,6.67,2.86,0.48,0.95
9000008121,2025-12-14 12:00,0.705,16,17,33,6,17,23,179,188,367,6,7,13,36.5,26.64,15.83,30.12,18.92,5.02,2.32,1.16,0.39
9000008121,2025-12-14 13:00,0.688889,5,13,17,0,9,9,208,303,511,6,10,16,34.5,37.5,15.62,25.85,10.8,4.55,4.26,0.85,0.28
9000008121,2025-12-14 14:00,0.683056,0,1,1,1,3,4,224,307,531,6,10,16,33.0,16.25,31.68,31.4,12.4,4.96,1.65,1.38,0.28
9000008121,2025-12-14 15:00,0.723333,0,0,0,0,6,6,194,249,444,7,12,20,31.0,16.82,36.45,31.46,8.1,4.67,0.31,2.18,0.62
9000008121,2025-12-14 16:00,0.658611,0,0,0,6,4,11,40,78,118,0,3,3,31.5,15.38,43.59,23.08,11.54,3.85,0.0,1.28,1.28
9000008121,2025-12-14 17:00,0.677778,0,0,0,3,6,9,16,36,52,0,3,3,29.5,44.44,22.22,16.67,8.33,2.78,0.0,2.78,0.0
9000008121,2025-12-14 18:00,0.685278,0,0,0,5,11,15,21,44,65,0,5,5,40.0,31.11,17.78,20.0,13.33,11.11,2.22,0.0,0.0
9000008121,2025-12-14 19:00,0.5975,0,0,0,5,1,6,11,31,42,0,0,0,21.5,40.0,44.0,4.0,4.0,4.0,4.0,0.0,0.0
9000008121,2025-12-14 20:00,0.665556,0,0,0,3,4,8,13,21,34,0,1,1,46.5,43.48,21.74,13.04,0.0,8.7,8.7,0.0,0.0
9000008121,2025-12-14 21:00,0.691667,0,0,0,0,0,0,3,6,9,0,0,0,25.5,33.33,16.67,50.0,0.0,0.0,0.0,0.0,0.0
9000008121,2025-12-14 22:00,0.682222,0,0,0,1,3,4,0,12,12,0,2,2,24.5,50.0,12.5,25.0,12.5,0.0,0.0,0.0,0.0
9000008121,2025-12-14 23:00,0.574167,0,0,0,0,7,7,0,10,10,0,0,0,15.5,33.33,66.67,0.0,0.0,0.0,0.0,0.0,0.0
9000008121,2025-12-15 00:00,0.644722,0,0,0,0,0,0,0,2,2,0,0,0,4.0,100.0,0.0,0.0,0.0,0.0,0.0,0.0,0.0
9000008121,2025-12-15 01:00,0.615278,0,0,0,0,0,0,0,0,0,0,0,0,,0.0,0.0,0.0,0.0,0.0,0.0,0.0,0.0
9000008121,2025-12-15 02:00,0.655278,0,0,0,0,2,2,0,0,0,0,0,0,,0.0,0.0,0.0,0.0,0.0,0.0,0.0,0.0
9000008121,2025-12-15 03:00,0.582222,0,0,0,0,2,2,2,0,2,0,0,0,4.0,100.0,0.0,0.0,0.0,0.0,0.0,0.0,0.0
9000008121,2025-12-15 04:00,0.615833,0,0,0,0,6,6,3,4,7,0,0,0,32.5,50.0,25.0,0.0,25.0,0.0,0.0,0.0,0.0
9000008121,2025-12-15 05:00,0.587778,0,0,0,0,0,0,0,6,6,0,0,0,18.5,50.0,50.0,0.0,0.0,0.0,0.0,0.0,0.0
9000008121,2025-12-15 06:00,0.6625,0,0,0,0,5,5,6,21,27,0,1,1,41.0,11.11,33.33,16.67,22.22,11.11,0.0,5.56,0.0
9000008121,2025-12-15 07:00,0.621667,0,0,0,8,28,36,50,105,155,0,6,6,31.5,27.08,34.38,21.88,10.42,6.25,1.04,0.0,0.0
9000008121,2025-12-15 08:00,0.644722,0,0,0,3,5,8,244,614,857,16,55,70,27.5,28.21,37.25,23.51,6.51,2.35,0.72,0.54,0.9
9000008121,2025-12-15 09:00,0.606111,1,3,5,5,3,8,255,392,647,19,48,67,33.0,25.0,29.08,26.53,12.76,3.32,2.3,0.51,0.51
9000008121,2025-12-15 10:00,0.695833,0,4,4,3,10,13,279,343,622,14,50,64,33.5,27.25,26.1,28.18,11.09,5.08,1.85,0.46,0.23
9000008121,2025-12-15 11:00,0.634722,12,6,18,5,14,19,322,313,634,34,51,85,31.0,21.14,24.88,37.56,10.7,4.23,0.75,0.25,0.25
9000008121,2025-12-15 12:00,0.745833,0,3,3,3,7,9,332,347,679,18,55,73,33.5,20.16,24.9,33.99,14.82,4.74,1.58,0.0,0.0
9000008121,2025-12-15 13:00,0.758889,6,8,14,3,21,24,314,367,682,22,55,78,35.0,14.51,30.75,29.79,16.25,6.0,2.13,0.39,0.19
9000008121,2025-12-15 14:00,0.760556,7,10,17,2,13,16,381,422,803,18,27,45,32.5,29.3,19.15,33.06,10.64,5.4,1.31,0.65,0.49
9000008121,2025-12-15 15:00,0.646111,1,7,9,8,9,17,440,606,1046,21,35,56,29.0,31.07,20.56,35.36,9.17,1.63,1.33,0.59,0.44
9000008121,2025-12-15 16:00,0.770556,0,1,1,16,18,33,100,132,232,4,5,9,32.5,24.58,24.58,33.52,12.29,1.68,1.68,0.0,1.68
9000008121,2025-12-15 17:00,0.650556,0,0,0,0,15,15,21,63,83,0,1,1,39.5,31.48,37.04,7.41,9.26,5.56,7.41,0.0,1.85
9000008121,2025-12-15 18:00,0.685833,0,0,0,3,10,13,26,35,61,0,0,0,31.5,26.19,42.86,14.29,7.14,7.14,0.0,0.0,2.38
9000008121,2025-12-15 19:00,0.5825,0,0,0,0,10,10,7,29,35,0,2,2,45.0,28.57,23.81,14.29,14.29,9.52,9.52,0.0,0.0
9000008121,2025-12-15 20:00,0.511944,0,0,0,2,3,5,17,33,49,0,3,3,46.0,20.0,36.0,16.0,12.0,8.0,4.0,0.0,4.0
9000008121,2025-12-15 21:00,0.496667,0,0,0,0,5,5,6,22,28,0,2,2,40.5,28.57,42.86,14.29,7.14,14.29,0.0,0.0,0.0
9000008121,2025-12-15 22:00,0.4975,0,0,0,0,4,4,2,20,22,0,9,9,43.0,18.18,54.55,9.09,0.0,18.18,0.0,0.0,0.0
9000008121,2025-12-15 23:00,0.464444,0,0,0,2,0,2,7,14,21,3,0,3,44.0,30.0,40.0,0.0,0.0,10.0,10.0,0.0,0.0
9000008121,2025-12-16 00:00,0.452222,0,0,0,0,2,2,0,7,7,0,2,2,48.0,33.33,0.0,0.0,0.0,66.67,0.0,0.0,0.0
9000008121,2025-12-16 01:00,0.542222,0,0,0,0,2,2,0,4,4,0,0,0,13.5,50.0,50.0,0.0,0.0,0.0,0.0,0.0,0.0
9000008121,2025-12-16 02:00,0.403611,0,0,0,0,0,0,2,2,4,0,0,0,8.0,100.0,0.0,0.0,0.0,0.0,0.0,0.0,0.0
9000008121,2025-12-16 03:00,0.412778,0,0,0,0,2,2,0,0,0,0,0,0,,0.0,0.0,0.0,0.0,0.0,0.0,0.0,0.0
9000008121,2025-12-16 04:00,0.661944,0,0,0,0,0,0,2,0,2,0,0,0,39.0,0.0,0.0,0.0,100.0,0.0,0.0,0.0,0.0
9000008121,2025-12-16 05:00,0.999444,0,0,0,0,0,0,0,0,0,0,0,0,,0.0,0.0,0.0,0.0,0.0,0.0,0.0,0.0
9000008121,2025-12-16 06:00,0.999444,0,0,0,0,0,0,0,0,0,0,0,0,,0.0,0.0,0.0,0.0,0.0,0.0,0.0,0.0
9000008121,2025-12-16 07:00,0.943333,0,0,0,0,1,1,5,9,14,0,4,4,41.5,7.69,23.08,30.77,7.69,15.38,0.0,0.0,0.0
9000008121,2025-12-16 08:00,0.412778,0,0,0,6,6,12,322,517,839,22,56,78,29.5,27.46,27.17,31.79,6.65,3.47,1.73,0.87,0.87
9000008121,2025-12-16 09:00,0.4725,2,2,4,6,21,27,290,464,754,27,64,92,29.5,26.69,26.97,32.58,10.11,1.69,0.84,0.56,0.28
9000008121,2025-12-16 10:00,0.621667,3,2,5,6,1,7,286,362,648,17,58,76,31.0,26.3,25.81,31.51,10.92,3.23,1.74,0.5,0.25
9000008121,2025-12-16 11:00,0.621389,0,0,0,0,3,3,272,269,541,22,54,77,37.5,19.35,22.32,29.46,18.15,9.52,0.89,0.89,0.0
9000008121,2025-12-16 12:00,0.549167,3,5,8,3,12,15,310,412,723,24,62,85,31.5,33.5,19.9,29.97,11.59,4.03,0.25,0.5,0.25
9000008121,2025-12-16 13:00,0.609167,7,5,12,3,13,16,271,410,681,16,61,77,32.5,29.88,22.17,29.16,12.77,3.86,1.45,0.72,0.24
9000008121,2025-12-16 14:00,0.61,3,4,7,1,6,8,406,427,833,21,48,68,32.5,24.02,20.87,36.61,12.4,4.33,0.79,0.79,0.39
9000008121,2025-12-16 15:00,0.556111,2,3,5,15,31,46,446,657,1103,16,49,65,28.0,24.63,29.69,36.7,7.34,0.98,0.49,0.16,0.0
9000008121,2025-12-16 16:00,0.531389,0,0,0,9,9,17,96,189,285,0,10,10,33.0,23.03,28.95,26.97,14.47,4.61,0.0,0.66,0.66
9000008121,2025-12-16 17:00,0.426389,0,0,0,13,23,36,73,147,220,3,2,5,39.5,23.4,34.04,19.15,9.57,9.57,2.13,2.13,1.06
9000008121,2025-12-16 18:00,0.489444,0,0,0,4,28,32,24,71,95,0,0,0,36.0,23.91,34.78,15.22,19.57,4.35,2.17,2.17,0.0
9000008121,2025-12-16 19:00,0.459167,0,0,0,8,7,15,4,26,29,0,0,0,33.5,23.08,61.54,0.0,7.69,0.0,0.0,15.38,0.0
9000008121,2025-12-16 20:00,0.513889,0,0,0,3,15,19,17,19,36,0,2,2,48.5,16.67,33.33,11.11,11.11,22.22,5.56,0.0,5.56
9000008121,2025-12-16 21:00,0.214167,0,0,0,5,6,11,3,38,42,0,5,5,24.5,33.33,22.22,33.33,11.11,0.0,0.0,0.0,0.0
9000008121,2025-12-16 22:00,0.385,0,0,0,3,3,6,14,23,37,0,0,0,34.5,28.57,42.86,7.14,14.29,0.0,0.0,7.14,0.0
9000008121,2025-12-16 23:00,0.3975,0,0,0,0,13,13,0,15,15,0,0,0,20.0,0.0,83.33,16.67,0.0,0.0,0.0,0.0,0.0
9000008121,2025-12-17 00:00,0.28,0,0,0,0,0,0,6,22,28,0,6,6,22.5,50.0,25.0,25.0,0.0,0.0,0.0,0.0,0.0
9000008121,2025-12-17 01:00,0.308056,0,0,0,2,4,7,0,7,7,0,0,0,4.0,100.0,0.0,0.0,0.0,0.0,0.0,0.0,0.0
9000008121,2025-12-17 02:00,0.2675,0,0,0,0,0,0,0,0,0,0,0,0,,0.0,0.0,0.0,0.0,0.0,0.0,0.0,0.0
9000008121,2025-12-17 03:00,0.312222,0,0,0,0,0,0,3,6,10,0,0,0,8.0,100.0,0.0,0.0,0.0,0.0,0.0,0.0,0.0
9000008121,2025-12-17 04:00,0.24,0,0,0,0,7,7,0,0,0,0,0,0,,0.0,0.0,0.0,0.0,0.0,0.0,0.0,0.0
9000008121,2025-12-17 05:00,0.327222,0,0,0,0,3,3,5,8,13,0,0,0,53.0,25.0,0.0,0.0,0.0,50.0,50.0,0.0,0.0
9000008121,2025-12-17 06:00,0.235833,0,0,0,6,21,27,36,45,80,0,12,12,67.0,21.05,31.58,5.26,5.26,0.0,15.79,10.53,5.26
9000008121,2025-12-17 07:00,0.231944,0,0,0,9,42,50,55,169,224,0,13,13,30.0,25.0,34.62,26.92,13.46,1.92,0.0,0.0,0.0
9000008121,2025-12-17 08:00,0.291944,0,0,0,3,7,11,234,509,743,24,51,76,31.0,34.1,28.57,21.2,10.14,2.76,0.92,2.3,0.0
9000008121,2025-12-17 09:00,0.374722,0,0,0,5,5,11,255,413,668,24,66,90,33.0,26.4,27.6,28.0,10.8,5.2,2.4,0.0,0.0
9000008121,2025-12-17 10:00,0.505833,12,5,17,2,3,5,248,376,624,14,67,81,31.5,30.38,24.37,28.48,12.66,3.48,0.95,0.0,0.0
9000008121,2025-12-17 11:00,0.426944,2,0,2,5,2,7,281,354,634,22,80,102,36.0,28.41,17.34,30.63,12.55,9.59,1.11,0.37,0.0
9000008121,2025-12-17 12:00,0.4375,0,5,5,5,12,16,254,420,674,15,48,63,31.5,27.8,28.47,26.44,11.86,4.41,0.34,0.68,0.34
9000008121,2025-12-17 13:00,0.535,7,5,12,3,14,17,346,363,709,24,50,74,36.0,26.91,16.36,29.55,16.09,6.86,1.85,1.06,1.58
9000008121,2025-12-17 14:00,0.541389,4,0,4,1,6,8,437,531,969,26,59,85,29.0,28.0,18.86,42.29,7.81,2.67,0.0,0.19,0.19
9000008121,2025-12-17 15:00,0.521111,2,2,4,3,3,7,616,543,1159,37,57,94,29.5,18.54,25.0,42.38,9.6,1.82,1.16,0.83,0.83
9000008121,2025-12-17 16:00,0.488889,0,0,0,14,0,14,164,114,278,4,14,18,34.0,16.18,26.47,36.03,9.56,9.56,0.0,2.21,0.0
9000008121,2025-12-17 17:00,0.538333,0,0,0,13,13,26,53,94,147,0,2,2,41.0,21.52,37.97,16.46,8.86,7.59,5.06,2.53,1.27
9000008121,2025-12-17 18:00,0.5575,0,2,2,10,16,26,33,54,87,0,2,2,44.5,12.24,28.57,22.45,18.37,10.2,2.04,4.08,2.04
9000008121,2025-12-17 19:00,0.536944,0,0,0,3,13,16,12,70,82,2,2,4,28.0,40.91,29.55,18.18,2.27,4.55,0.0,4.55,0.0
9000008121,2025-12-17 20:00,0.596944,0,0,0,7,6,13,23,33,56,0,0,0,48.5,27.27,12.12,24.24,15.15,6.06,9.09,0.0,3.03
9000008121,2025-12-17 21:00,0.608889,0,0,0,0,2,2,0,3,3,0,0,0,23.5,0.0,50.0,50.0,0.0,0.0,0.0,0.0,0.0
9000008121,2025-12-17 22:00,0.624167,0,0,0,2,11,13,8,22,31,0,0,0,45.5,26.32,26.32,15.79,15.79,15.79,0.0,0.0,0.0
9000008121,2025-12-17 23:00,0.589444,0,0,0,2,2,4,3,2,5,0,0,0,122.5,33.33,0.0,0.0,0.0,0.0,0.0,33.33,33.33
9000008121,2025-12-18 00:00,0.505556,0,0,0,0,3,3,3,4,8,0,0,0,83.5,0.0,50.0,0.0,0.0,0.0,0.0,0.0,50.0
9000008121,2025-12-18 01:00,0.538611,0,0,0,0,2,2,7,2,9,0,0,0,62.0,40.0,20.0,20.0,0.0,0.0,0.0,20.0,0.0
9000008121,2025-12-18 02:00,0.55,0,0,0,0,0,0,0,0,0,0,0,0,,0.0,0.0,0.0,0.0,0.0,0.0,0.0,0.0
9000008121,2025-12-18 03:00,0.586667,0,0,0,0,2,2,2,1,4,0,0,0,18.5,0.0,100.0,0.0,0.0,0.0,0.0,0.0,0.0
9000008121,2025-12-18 04:00,0.509444,0,0,0,2,0,2,7,2,9,0,0,0,51.0,25.0,0.0,0.0,25.0,50.0,25.0,0.0,0.0
9000008121,2025-12-18 05:00,0.594444,0,0,0,0,4,4,3,5,9,0,0,0,81.5,40.0,0.0,20.0,20.0,0.0,0.0,0.0,20.0
9000008121,2025-12-18 06:00,0.6025,0,0,0,2,6,8,7,14,20,0,2,2,44.5,33.33,16.67,8.33,16.67,8.33,0.0,8.33,8.33
9000008121,2025-12-18 07:00,0.591667,0,0,0,0,9,9,13,96,109,0,9,9,27.5,15.38,43.08,29.23,7.69,3.08,0.0,0.0,1.54
9000008121,2025-12-18 08:00,0.599167,6,4,10,11,2,13,240,521,761,24,67,91,28.5,18.2,38.82,30.92,7.02,3.51,1.1,0.66,0.22
9000008121,2025-12-18 09:00,0.641111,0,12,12,1,3,4,317,352,669,35,55,91,30.0,24.01,27.51,33.1,12.59,1.63,0.47,0.0,0.47
9000008121,2025-12-18 10:00,0.719444,0,0,0,7,4,11,322,437,759,34,75,109,28.5,22.53,28.57,39.38,7.69,1.83,0.37,0.0,0.0
9000008121,2025-12-18 11:00,0.748889,9,15,24,7,11,18,340,382,721,31,69,101,29.5,10.93,32.96,42.78,10.56,2.41,0.19,0.0,0.0
9000008121,2025-12-18 12:00,0.865,11,14,25,5,8,13,378,411,790,30,46,76,29.5,15.81,26.94,43.48,12.15,1.32,0.29,0.0,0.0
9000008121,2025-12-18 13:00,0.7675,10,16,26,12,9,20,399,525,924,21,68,89,29.0,17.77,29.34,41.33,10.01,1.41,0.14,0.0,0.0
9000008121,2025-12-18 14:00,0.778333,0,0,0,9,5,14,516,592,1108,37,63,100,28.5,30.39,20.3,39.68,8.35,1.28,0.12,0.0,0.0
9000008121,2025-12-18 15:00,0.765,0,0,0,11,7,18,554,620,1174,37,43,80,26.5,21.16,32.41,40.42,5.35,0.45,0.22,0.0,0.0
9000008121,2025-12-18 16:00,0.717778,2,0,2,11,12,23,122,126,248,3,13,15,33.5,20.79,30.34,27.53,12.36,5.62,1.12,1.12,0.56
9000008121,2025-12-18 17:00,0.749167,0,0,0,9,11,20,19,52,71,0,0,0,45.0,20.75,30.19,16.98,11.32,11.32,1.89,3.77,1.89
9000008121,2025-12-18 18:00,0.748056,0,0,0,3,11,14,16,40,56,0,5,5,40.0,28.57,35.71,9.52,11.9,7.14,2.38,2.38,2.38
9000008121,2025-12-18 19:00,0.658333,0,0,0,5,4,9,14,27,41,0,0,0,30.0,22.22,48.15,14.81,3.7,7.41,0.0,0.0,3.7
9000008121,2025-12-18 20:00,0.606389,0,0,0,4,7,11,6,26,32,0,2,2,27.5,55.0,15.0,15.0,5.0,5.0,0.0,0.0,0.0
9000008121,2025-12-18 21:00,0.570833,0,0,0,4,7,11,5,21,26,0,0,0,18.0,60.0,33.33,6.67,0.0,0.0,0.0,0.0,0.0
9000008121,2025-12-18 22:00,0.528333,0,0,0,0,6,6,16,39,55,0,0,0,30.5,58.62,17.24,6.9,3.45,10.34,0.0,0.0,0.0
9000008121,2025-12-18 23:00,0.481111,0,0,0,0,4,4,8,25,33,0,0,0,31.5,56.25,18.75,6.25,12.5,6.25,0.0,0.0,0.0
9000008121,2025-12-19 00:00,0.546944,0,0,0,0,7,7,2,8,10,0,0,0,38.0,33.33,16.67,0.0,33.33,0.0,0.0,0.0,0.0
9000008121,2025-12-19 01:00,0.699444,0,0,0,0,0,0,0,0,0,0,0,0,,0.0,0.0,0.0,0.0,0.0,0.0,0.0,0.0
9000008121,2025-12-19 02:00,0.585833,0,0,0,0,0,0,0,4,4,0,2,2,23.5,0.0,50.0,50.0,0.0,0.0,0.0,0.0,0.0
9000008121,2025-12-19 03:00,0.55,0,0,0,0,0,0,0,2,2,0,0,0,14.0,0.0,100.0,0.0,0.0,0.0,0.0,0.0,0.0
9000008121,2025-12-19 04:00,0.539722,0,0,0,0,0,0,2,2,3,0,0,0,48.5,50.0,0.0,0.0,0.0,50.0,0.0,0.0,0.0
9000008121,2025-12-19 05:00,0.508611,0,0,0,4,10,14,2,6,8,0,0,0,42.0,25.0,25.0,25.0,0.0,25.0,0.0,0.0,0.0
9000008121,2025-12-19 06:00,0.624444,0,0,0,0,7,7,2,15,17,0,1,1,36.5,36.36,45.45,0.0,9.09,0.0,9.09,0.0,0.0
9000008121,2025-12-19 07:00,0.464722,0,0,0,6,49,55,32,138,169,3,0,3,35.0,18.99,41.77,16.46,13.92,2.53,2.53,5.06,0.0
9000008121,2025-12-19 08:00,0.657222,8,6,15,0,0,0,239,462,702,21,62,83,30.5,22.34,32.1,29.93,10.41,1.74,1.3,1.95,0.43
9000008121,2025-12-19 09:00,0.645,3,0,3,0,1,1,263,335,598,23,57,80,32.5,31.43,19.74,30.39,10.65,4.42,1.56,1.82,0.26
9000008121,2025-12-19 10:00,0.649722,2,2,3,0,6,6,284,386,670,12,51,64,34.0,32.64,18.16,25.75,15.63,4.6,1.61,0.92,0.69
9000008121,2025-12-19 11:00,0.811944,0,5,5,3,2,6,299,388,688,24,56,80,32.5,28.49,19.0,31.9,13.8,4.66,0.9,0.9,0.54
9000008121,2025-12-19 12:00,0.640278,0,2,2,2,0,2,358,483,840,34,81,115,32.0,23.79,29.37,28.81,11.9,2.42,1.86,0.74,0.93
9000008121,2025-12-19 13:00,0.726389,0,0,0,8,12,21,422,591,1013,27,65,92,32.0,27.35,22.59,31.56,11.7,4.22,1.63,0.41,0.41
9000008121,2025-12-19 14:00,0.81,0,0,0,4,13,17,419,625,1044,10,43,53,31.0,28.99,25.21,29.35,11.95,1.89,1.42,0.59,0.47
9000008121,2025-12-19 15:00,0.729444,0,0,0,12,9,20,415,540,955,17,39,56,29.0,19.51,28.84,39.02,8.03,1.43,1.87,0.57,0.72
9000008121,2025-12-19 16:00,0.803611,0,0,0,8,4,11,53,76,128,1,5,6,33.0,20.39,36.89,26.21,9.71,4.85,2.91,0.0,0.0
9000008121,2025-12-19 17:00,0.771667,0,0,0,5,9,15,15,37,52,0,2,2,40.0,25.0,42.5,10.0,7.5,12.5,2.5,0.0,0.0
9000008121,2025-12-19 18:00,0.678611,0,0,0,0,13,13,12,53,65,2,2,3,25.5,29.55,52.27,9.09,2.27,4.55,0.0,2.27,2.27
9000008121,2025-12-19 19:00,0.761667,0,0,0,0,8,8,10,11,21,0,1,1,39.0,25.0,25.0,12.5,18.75,12.5,0.0,0.0,0.0
9000008121,2025-12-19 20:00,0.809444,0,0,0,0,7,7,3,15,17,0,0,0,15.0,42.86,57.14,0.0,0.0,0.0,0.0,0.0,0.0
9000008121,2025-12-19 21:00,0.807778,0,0,0,2,0,2,4,9,13,0,1,1,27.0,81.82,0.0,9.09,0.0,0.0,9.09,0.0,0.0
9000008121,2025-12-19 22:00,0.69,0,0,0,0,6,6,6,24,29,0,0,0,30.5,40.0,20.0,20.0,10.0,5.0,0.0,0.0,0.0
9000008121,2025-12-19 23:00,0.742222,0,0,0,0,3,3,10,13,23,0,0,0,31.0,35.29,29.41,17.65,17.65,0.0,0.0,0.0,0.0
9000008121,2025-12-20 00:00,0.734444,0,0,0,1,3,4,4,7,11,0,0,0,19.0,62.5,25.0,0.0,0.0,0.0,12.5,0.0,0.0
9000008121,2025-12-20 01:00,0.624444,0,0,0,0,0,0,2,25,28,0,0,0,17.5,70.59,23.53,5.88,0.0,0.0,0.0,0.0,0.0
9000008121,2025-12-20 02:00,0.726667,0,0,0,0,0,0,4,1,6,0,0,0,47.0,25.0,25.0,25.0,0.0,25.0,0.0,0.0,0.0
9000008121,2025-12-20 03:00,0.713333,0,0,0,0,0,0,0,2,2,0,0,0,4.0,100.0,0.0,0.0,0.0,0.0,0.0,0.0,0.0
9000008121,2025-12-20 04:00,0.784722,0,0,0,0,1,1,1,0,1,0,0,0,19.0,0.0,100.0,0.0,0.0,0.0,0.0,0.0,0.0
9000008121,2025-12-20 05:00,0.759444,0,0,0,0,0,0,4,0,4,0,0,0,78.0,0.0,0.0,0.0,0.0,0.0,0.0,33.33,66.67
9000008121,2025-12-20 06:00,0.6775,0,0,0,0,1,1,2,7,9,0,0,0,40.5,16.67,16.67,50.0,0.0,16.67,0.0,0.0,0.0
9000008121,2025-12-20 07:00,0.722778,0,0,0,0,2,2,7,11,18,0,0,0,28.0,30.77,46.15,15.38,15.38,0.0,0.0,0.0,0.0
9000008121,2025-12-20 08:00,0.694722,0,0,0,0,3,3,62,65,127,7,4,11,35.0,25.0,10.23,39.77,15.91,3.41,2.27,1.14,1.14
9000008121,2025-12-20 09:00,0.672222,10,5,15,1,0,1,148,99,247,12,14,25,35.0,12.05,10.84,50.0,16.27,6.02,2.41,0.6,1.2
9000008121,2025-12-20 10:00,0.739167,17,13,30,5,5,10,198,210,408,6,19,26,37.0,10.26,23.51,39.74,16.23,7.28,1.32,0.99,0.66
9000008121,2025-12-20 11:00,0.721389,3,3,6,3,5,8,222,295,517,13,15,28,32.5,28.95,13.67,38.07,12.33,4.02,1.88,1.07,0.0
9000008121,2025-12-20 12:00,0.803611,0,0,0,14,4,17,287,316,603,20,24,44,33.0,24.74,12.99,40.41,14.23,5.15,1.44,1.03,0.0
9000008121,2025-12-20 13:00,0.838611,1,4,5,11,7,18,334,339,673,15,26,41,28.0,25.0,22.87,42.55,8.33,1.06,0.0,0.18,0.0
9000008121,2025-12-20 14:00,0.718611,1,0,1,1,4,6,279,370,649,13,18,30,32.5,16.74,19.31,46.35,9.23,5.79,1.5,0.64,0.21
9000008121,2025-12-20 15:00,0.748889,3,2,5,4,7,12,209,395,604,12,9,22,28.5,29.87,22.79,35.62,5.75,2.21,2.21,0.44,1.11
9000008121,2025-12-20 16:00,0.704444,0,0,0,5,13,18,22,64,86,0,5,5,34.5,21.31,13.11,39.34,18.03,6.56,1.64,0.0,0.0
9000008121,2025-12-20 17:00,0.677222,0,0,0,12,8,20,18,34,51,0,1,1,51.5,14.29,34.29,11.43,11.43,11.43,11.43,2.86,0.0
9000008121,2025-12-20 18:00,0.628611,0,0,0,5,5,10,14,19,34,0,0,0,33.0,23.81,33.33,14.29,23.81,0.0,4.76,0.0,0.0
9000008121,2025-12-20 19:00,0.623333,0,0,0,11,4,15,13,34,47,0,3,3,37.5,36.67,13.33,20.0,20.0,10.0,0.0,0.0,0.0
9000008121,2025-12-20 20:00,0.620278,0,0,0,5,10,15,13,33,46,0,2,2,46.5,39.29,17.86,14.29,10.71,10.71,3.57,3.57,0.0
9000008121,2025-12-20 21:00,0.47,0,0,0,2,0,2,10,10,20,0,0,0,31.5,33.33,33.33,11.11,22.22,0.0,0.0,0.0,0.0
9000008121,2025-12-20 22:00,0.588889,0,0,0,3,2,5,9,11,19,0,0,0,36.5,36.36,27.27,18.18,9.09,0.0,9.09,0.0,0.0
9000008121,2025-12-20 23:00,0.591389,0,0,0,0,5,5,11,15,26,0,0,0,27.5,40.0,40.0,13.33,6.67,0.0,0.0,0.0,0.0
9000008121,2025-12-21 00:00,0.647222,0,0,0,0,2,2,2,16,18,0,2,2,22.5,33.33,41.67,16.67,0.0,0.0,0.0,0.0,0.0
9000008121,2025-12-21 01:00,0.638333,0,0,0,2,3,5,7,2,9,0,0,0,27.5,50.0,16.67,33.33,0.0,0.0,0.0,0.0,0.0
9000008121,2025-12-21 02:00,0.5675,0,0,0,0,2,2,2,0,2,0,0,0,39.0,0.0,0.0,0.0,100.0,0.0,0.0,0.0,0.0
9000008121,2025-12-21 03:00,0.789444,0,0,0,1,0,1,0,1,1,0,0,0,24.0,0.0,0.0,100.0,0.0,0.0,0.0,0.0,0.0
9000008121,2025-12-21 04:00,0.596667,0,0,0,0,0,0,0,4,4,0,0,0,68.5,0.0,50.0,0.0,0.0,0.0,0.0,50.0,0.0
9000008121,2025-12-21 05:00,0.687222,0,0,0,0,0,0,0,2,2,0,0,0,9.0,100.0,0.0,0.0,0.0,0.0,0.0,0.0,0.0
9000008121,2025-12-21 06:00,0.699444,0,0,0,0,0,0,0,0,0,0,0,0,,0.0,0.0,0.0,0.0,0.0,0.0,0.0,0.0
9000008121,2025-12-21 07:00,0.639444,0,0,0,0,2,2,0,3,3,0,2,2,13.5,50.0,50.0,0.0,0.0,0.0,0.0,0.0,0.0
9000008121,2025-12-21 08:00,0.560278,0,0,0,0,0,0,29,43,72,1,8,9,32.0,45.0,7.5,25.0,15.0,0.0,5.0,0.0,0.0
9000008121,2025-12-21 09:00,0.579444,0,0,0,1,0,1,77,46,123,4,3,7,47.5,22.54,12.68,32.39,11.27,8.45,7.04,4.23,1.41
9000008121,2025-12-21 10:00,0.6575,0,0,0,0,0,0,96,92,188,7,5,12,34.0,19.51,19.51,39.84,12.2,8.13,0.81,0.81,0.0
9000008121,2025-12-21 11:00,0.701667,0,0,0,0,1,1,150,125,275,5,8,13,37.0,22.28,12.95,36.79,15.54,5.18,1.55,3.63,2.07
9000008121,2025-12-21 12:00,0.625833,3,0,3,2,0,2,156,128,285,5,7,12,32.0,12.36,21.35,47.19,12.92,3.93,0.56,1.69,1.12
9000008121,2025-12-21 13:00,0.703889,1,0,1,3,6,9,194,182,376,8,12,20,33.5,16.6,21.13,43.02,10.57,4.15,1.51,2.26,1.13
9000008121,2025-12-21 14:00,0.715556,0,0,0,3,4,7,212,254,466,4,12,16,32.5,29.34,14.97,36.83,10.78,3.89,1.8,1.2,0.9
9000008121,2025-12-21 15:00,0.441389,0,0,0,2,9,12,165,218,383,2,10,12,31.5,29.59,14.79,36.69,14.79,2.37,0.0,0.59,0.59
9000008121,2025-12-21 16:00,0.703611,0,0,0,2,3,5,11,28,39,3,3,6,60.0,28.57,7.14,35.71,10.71,0.0,3.57,7.14,7.14
9000008121,2025-12-21 17:00,0.633889,0,0,0,3,16,19,14,26,41,0,0,0,59.5,19.23,23.08,19.23,3.85,15.38,3.85,0.0,11.54
9000008121,2025-12-21 18:00,0.691944,0,0,0,3,12,15,8,28,36,0,0,0,37.5,44.0,24.0,12.0,8.0,4.0,8.0,0.0,0.0
9000008121,2025-12-21 19:00,0.705278,0,0,0,3,4,7,10,16,25,0,1,1,51.5,27.78,27.78,22.22,0.0,5.56,16.67,0.0,0.0
9000008121,2025-12-21 20:00,0.635278,0,0,0,2,10,11,7,34,41,0,0,0,33.0,38.46,30.77,11.54,15.38,3.85,0.0,3.85,0.0
9000008121,2025-12-21 21:00,0.634167,0,0,0,0,0,0,5,7,12,0,0,0,20.0,37.5,37.5,12.5,0.0,0.0,0.0,0.0,0.0
9000008121,2025-12-21 22:00,0.589722,0,0,0,1,2,3,3,4,7,0,0,0,47.0,50.0,25.0,0.0,0.0,25.0,0.0,0.0,0.0
9000008121,2025-12-21 23:00,0.496944,0,0,0,4,5,8,10,16,26,0,0,0,36.0,46.15,7.69,23.08,15.38,0.0,0.0,0.0,7.69
9000008121,2025-12-22 00:00,0.471667,0,0,0,2,7,9,6,11,18,0,0,0,48.0,37.5,12.5,25.0,12.5,12.5,0.0,12.5,0.0
9000008121,2025-12-22 01:00,0.49,0,0,0,0,2,2,2,7,9,0,0,0,32.0,25.0,50.0,0.0,25.0,0.0,0.0,0.0,0.0
9000008121,2025-12-22 02:00,0.517778,0,0,0,0,0,0,0,0,0,0,0,0,,0.0,0.0,0.0,0.0,0.0,0.0,0.0,0.0
9000008121,2025-12-22 03:00,0.459167,0,0,0,0,2,2,0,2,2,0,0,0,29.0,0.0,0.0,100.0,0.0,0.0,0.0,0.0,0.0
9000008121,2025-12-22 04:00,0.427222,0,0,0,0,0,0,0,0,0,0,0,0,,0.0,0.0,0.0,0.0,0.0,0.0,0.0,0.0
9000008121,2025-12-22 05:00,0.4425,0,0,0,0,7,7,2,12,15,0,2,2,55.5,28.57,0.0,14.29,14.29,14.29,14.29,0.0,0.0
9000008121,2025-12-22 06:00,0.562222,0,0,0,0,10,10,2,10,12,0,0,0,34.5,14.29,42.86,0.0,28.57,14.29,0.0,0.0,0.0
9000008121,2025-12-22 07:00,0.364722,0,0,0,10,11,21,13,26,39,0,0,0,37.5,35.71,14.29,21.43,14.29,7.14,0.0,7.14,0.0
9000008121,2025-12-22 08:00,0.361111,0,0,0,0,8,8,144,170,314,15,12,27,33.0,28.32,15.04,35.4,9.73,7.08,2.65,0.0,0.88
9000008121,2025-12-22 09:00,0.462778,0,0,0,2,0,2,175,226,401,6,20,27,31.0,30.11,18.28,35.48,10.22,2.69,1.08,1.08,1.61
9000008121,2025-12-22 10:00,0.508333,0,0,0,0,6,6,359,320,678,11,48,59,29.0,19.71,22.61,45.8,10.14,0.87,0.29,0.58,0.29
9000008121,2025-12-22 11:00,0.591667,3,2,5,3,5,8,343,382,725,11,24,35,29.5,16.08,25.64,44.29,9.56,2.1,0.7,0.7,0.93
9000008121,2025-12-22 12:00,0.476944,3,2,5,25,3,28,426,479,906,24,27,50,28.0,21.76,19.68,51.16,6.25,0.23,0.23,0.23,0.46
9000008121,2025-12-22 13:00,0.454167,0,0,0,7,24,31,384,515,900,22,27,49,30.0,11.74,36.67,36.43,9.29,2.93,1.22,0.73,0.73
9000008121,2025-12-22 14:00,0.459167,2,3,5,4,4,8,361,486,847,20,30,51,28.5,23.39,27.25,37.53,6.68,1.03,2.83,1.03,0.26
9000008121,2025-12-22 15:00,0.397778,0,0,0,4,25,29,275,387,662,8,33,41,28.5,21.67,26.62,41.44,4.94,2.66,1.52,1.14,0.0
9000008121,2025-12-22 16:00,0.468333,0,0,0,14,14,27,14,78,92,4,9,13,39.5,16.28,32.56,23.26,13.95,11.63,0.0,0.0,2.33
9000008121,2025-12-22 17:00,0.447222,0,0,0,9,46,55,27,112,139,2,6,9,38.0,17.74,29.03,20.97,20.97,6.45,3.23,1.61,0.0
9000008121,2025-12-22 18:00,0.408056,0,0,0,11,13,24,35,82,117,9,16,25,43.0,18.75,35.42,18.75,6.25,10.42,0.0,4.17,6.25
9000008121,2025-12-22 19:00,0.347778,0,2,2,13,12,25,21,64,85,0,13,13,25.0,60.0,20.0,10.0,10.0,6.67,0.0,0.0,0.0
9000008121,2025-12-22 20:00,0.384167,0,0,0,0,5,5,20,44,64,0,3,3,37.0,36.0,16.0,24.0,12.0,4.0,4.0,0.0,4.0
9000008121,2025-12-22 21:00,0.390278,0,0,0,9,13,22,0,29,29,0,0,0,18.0,81.82,9.09,9.09,0.0,0.0,0.0,0.0,0.0
9000008121,2025-12-22 22:00,0.490833,0,0,0,4,4,8,4,29,33,0,2,2,26.5,62.5,6.25,25.0,0.0,6.25,0.0,0.0,0.0
9000008121,2025-12-22 23:00,0.342222,0,0,0,0,3,3,4,4,7,0,0,0,73.5,50.0,0.0,0.0,0.0,0.0,0.0,0.0,50.0
9000008121,2025-12-23 00:00,0.341944,0,0,0,3,0,3,5,13,19,0,0,0,35.0,16.67,66.67,0.0,16.67,16.67,0.0,0.0,0.0
9000008121,2025-12-23 01:00,0.276111,0,0,0,0,5,5,0,5,5,0,0,0,24.0,0.0,0.0,100.0,0.0,0.0,0.0,0.0,0.0
9000008121,2025-12-23 02:00,0.311667,0,0,0,0,0,0,0,14,14,0,0,0,22.0,50.0,25.0,25.0,0.0,0.0,0.0,0.0,0.0
9000008121,2025-12-23 03:00,0.305556,0,0,0,0,3,3,3,0,3,0,0,0,29.0,0.0,0.0,100.0,0.0,0.0,0.0,0.0,0.0
9000008121,2025-12-23 04:00,0.466944,0,0,0,2,0,2,0,2,2,0,0,0,4.0,100.0,0.0,0.0,0.0,0.0,0.0,0.0,0.0
9000008121,2025-12-23 05:00,0.338056,0,0,0,0,6,6,0,11,11,0,0,0,22.0,50.0,25.0,25.0,0.0,0.0,0.0,0.0,0.0
9000008121,2025-12-23 06:00,0.418333,0,0,0,2,9,11,7,20,27,0,0,0,28.0,36.36,27.27,36.36,9.09,0.0,0.0,0.0,0.0
9000008121,2025-12-23 07:00,0.363611,0,0,0,10,6,16,17,27,44,0,0,0,46.0,18.75,43.75,18.75,6.25,6.25,0.0,6.25,0.0
9000008121,2025-12-23 08:00,0.465,0,0,0,4,2,6,152,147,299,9,7,15,34.5,24.46,10.79,41.01,12.95,5.04,2.16,0.0,2.88
9000008121,2025-12-23 09:00,0.500833,12,4,16,0,10,10,183,192,375,16,8,23,38.0,37.23,10.64,27.66,12.23,5.32,3.72,1.6,2.13
9000008121,2025-12-23 10:00,0.466944,0,0,0,0,0,0,247,303,550,7,22,29,36.0,28.4,19.07,29.18,13.23,4.28,1.56,1.95,1.95
9000008121,2025-12-23 11:00,0.571389,2,0,2,3,5,8,244,357,600,24,20,44,30.5,30.32,23.03,31.2,7.0,4.96,2.04,0.58,0.87
9000008121,2025-12-23 12:00,0.419167,3,6,9,2,10,11,296,432,728,28,45,73,32.5,22.3,29.84,29.51,9.84,4.26,2.3,0.66,0.98
9000008121,2025-12-23 13:00,0.523889,17,30,46,9,8,17,332,451,783,12,59,71,30.0,9.76,34.15,41.22,10.49,2.2,1.22,0.73,0.49
9000008121,2025-12-23 14:00,0.457778,4,15,19,2,10,12,371,362,733,7,12,19,33.5,23.51,22.02,34.23,11.9,3.87,1.79,1.49,1.19
9000008121,2025-12-23 15:00,0.371111,2,0,2,2,11,13,360,360,720,12,12,24,32.0,23.22,22.85,36.7,9.36,4.12,1.12,1.87,0.37
9000008121,2025-12-23 16:00,0.553056,0,0,0,4,6,10,41,63,104,0,3,3,36.5,15.79,42.11,15.79,21.05,5.26,0.0,0.0,0.0
9000008121,2025-12-23 17:00,0.465,0,0,0,34,17,51,29,29,57,0,7,7,50.5,7.41,33.33,18.52,18.52,3.7,7.41,7.41,0.0
9000008121,2025-12-23 18:00,0.477778,0,0,0,6,15,21,45,55,99,3,11,13,42.0,12.77,25.53,31.91,14.89,12.77,2.13,2.13,0.0
9000008121,2025-12-23 19:00,0.461389,0,0,0,22,3,25,19,26,45,0,0,0,41.5,19.05,14.29,19.05,14.29,14.29,0.0,0.0,4.76
9000008121,2025-12-23 20:00,0.5275,0,0,0,4,4,8,15,16,31,0,2,2,41.0,31.25,18.75,12.5,18.75,12.5,0.0,6.25,0.0
9000008121,2025-12-23 21:00,0.453611,0,0,0,9,5,14,9,22,31,0,3,3,31.5,28.57,42.86,7.14,21.43,0.0,0.0,0.0,0.0
9000008121,2025-12-23 22:00,0.476944,0,0,0,2,6,8,7,11,18,2,0,2,38.0,44.44,0.0,33.33,11.11,0.0,0.0,11.11,0.0
9000008121,2025-12-23 23:00,0.436667,0,0,0,0,9,9,2,19,21,0,0,0,28.0,11.11,33.33,44.44,0.0,11.11,0.0,0.0,0.0
9000008121,2025-12-24 00:00,0.354722,0,0,0,0,2,2,5,7,13,0,0,0,46.5,0.0,50.0,50.0,0.0,25.0,0.0,0.0,0.0
9000008121,2025-12-24 01:00,0.350833,0,0,0,3,3,6,0,6,6,0,0,0,23.5,50.0,0.0,50.0,0.0,0.0,0.0,0.0,0.0
9000008121,2025-12-24 02:00,0.3725,0,0,0,3,3,5,2,2,5,0,0,0,8.5,100.0,0.0,0.0,0.0,0.0,0.0,0.0,0.0
9000008121,2025-12-24 03:00,0.356389,0,0,0,0,0,0,0,0,0,0,0,0,,0.0,0.0,0.0,0.0,0.0,0.0,0.0,0.0
9000008121,2025-12-24 04:00,0.258056,0,0,0,0,0,0,0,11,11,0,0,0,17.5,66.67,33.33,0.0,0.0,0.0,0.0,0.0,0.0
9000008121,2025-12-24 05:00,0.247778,0,0,0,0,3,3,0,10,10,0,0,0,24.0,0.0,33.33,66.67,0.0,0.0,0.0,0.0,0.0
9000008121,2025-12-24 06:00,0.311389,0,0,0,0,0,0,6,9,15,0,3,3,20.0,40.0,40.0,20.0,0.0,0.0,0.0,0.0,0.0
9000008121,2025-12-24 07:00,0.300556,0,0,0,5,0,5,20,9,30,0,3,3,49.5,11.11,22.22,0.0,11.11,22.22,0.0,0.0,11.11
9000008121,2025-12-24 08:00,0.263056,0,0,0,0,0,0,61,132,192,8,24,32,27.5,35.29,31.37,23.53,5.88,1.96,0.0,0.0,0.0
9000008121,2025-12-24 09:00,0.293333,0,0,0,0,4,4,117,106,223,4,6,10,37.5,29.23,9.23,38.46,12.31,1.54,9.23,0.0,1.54
9000008121,2025-12-24 10:00,0.369444,0,3,3,0,0,0,150,165,315,6,11,16,41.0,31.03,10.34,33.62,8.62,11.21,2.59,2.59,0.0
9000008121,2025-12-24 11:00,0.341111,0,6,6,0,9,9,187,129,315,20,19,39,36.0,21.3,17.59,30.56,22.22,4.63,3.7,0.93,0.0
9000008121,2025-12-24 12:00,0.252778,6,5,11,0,13,13,192,251,443,4,15,19,34.0,33.93,16.07,29.46,12.5,5.36,0.89,0.0,0.89
9000008121,2025-12-24 13:00,0.3025,0,4,4,0,4,4,206,260,466,2,21,23,34.0,29.08,23.4,24.11,13.48,7.09,0.71,2.13,0.0
9000008121,2025-12-24 14:00,0.27,3,7,10,0,25,25,223,309,532,10,13,22,37.0,21.53,14.58,38.89,11.81,7.64,1.39,4.17,0.0
9000008121,2025-12-24 15:00,0.253889,9,0,9,0,4,4,179,250,429,0,23,23,31.0,17.43,20.18,45.87,11.93,0.0,0.92,1.83,1.83
9000008121,2025-12-24 16:00,0.143056,0,0,0,29,16,46,70,137,207,0,13,13,33.5,20.0,36.67,16.67,23.33,6.67,0.0,0.0,0.0
9000008121,2025-12-24 17:00,0.084444,0,0,0,31,15,45,100,66,167,0,0,0,53.5,7.14,28.57,14.29,7.14,7.14,21.43,7.14,0.0
9000008121,2025-12-24 18:00,0.081111,0,0,0,10,0,10,27,40,67,0,0,0,47.0,20.0,40.0,0.0,20.0,20.0,0.0,0.0,0.0
9000008121,2025-12-24 19:00,0.074722,0,0,0,24,40,64,35,56,91,0,12,12,56.5,0.0,0.0,28.57,42.86,14.29,28.57,0.0,0.0
9000008121,2025-12-24 20:00,0.065556,0,0,0,0,0,0,0,34,34,0,0,0,24.0,0.0,0.0,100.0,0.0,0.0,0.0,0.0,0.0
9000008121,2025-12-24 21:00,0.065833,0,0,0,0,14,14,9,41,50,0,14,14,61.0,66.67,0.0,0.0,0.0,33.33,0.0,33.33,0.0
9000008121,2025-12-24 22:00,0.060278,0,0,0,0,32,32,15,16,31,0,0,0,28.5,0.0,50.0,50.0,0.0,0.0,0.0,0.0,0.0
9000008121,2025-12-24 23:00,0.042778,0,0,0,25,0,25,40,0,40,0,0,0,39.0,0.0,0.0,0.0,100.0,0.0,0.0,0.0,0.0
9000008121,2025-12-25 00:00,0.0475,0,0,0,41,0,41,41,16,56,0,0,0,59.0,0.0,0.0,33.33,0.0,0.0,66.67,0.0,0.0
9000008121,2025-12-25 01:00,0.033333,0,0,0,0,0,0,0,0,0,0,0,0,,0.0,0.0,0.0,0.0,0.0,0.0,0.0,0.0
9000008121,2025-12-25 02:00,0.038056,0,0,0,0,0,0,54,0,54,0,0,0,48.5,50.0,0.0,0.0,0.0,50.0,0.0,0.0,0.0
9000008121,2025-12-25 03:00,0.016944,0,0,0,0,0,0,0,0,0,0,0,0,,0.0,0.0,0.0,0.0,0.0,0.0,0.0,0.0
9000008121,2025-12-25 04:00,0.014444,0,0,0,0,0,0,0,0,0,0,0,0,,0.0,0.0,0.0,0.0,0.0,0.0,0.0,0.0
9000008121,2025-12-25 05:00,0.021111,0,0,0,0,0,0,0,0,0,0,0,0,,0.0,0.0,0.0,0.0,0.0,0.0,0.0,0.0
9000008121,2025-12-25 06:00,0.016667,0,0,0,0,0,0,0,0,0,0,0,0,,0.0,0.0,0.0,0.0,0.0,0.0,0.0,0.0
9000008121,2025-12-25 07:00,0.019167,0,0,0,0,0,0,0,0,0,0,0,0,,0.0,0.0,0.0,0.0,0.0,0.0,0.0,0.0
9000008121,2025-12-25 08:00,0.032222,0,0,0,0,0,0,85,0,85,0,0,0,43.5,33.33,0.0,0.0,0.0,66.67,0.0,0.0,0.0
9000008121,2025-12-25 09:00,0.05,0,0,0,0,21,21,21,57,78,0,0,0,22.5,50.0,25.0,25.0,0.0,0.0,0.0,0.0,0.0
9000008121,2025-12-25 10:00,0.068889,0,0,0,0,0,0,46,63,110,0,0,0,29.0,12.5,37.5,37.5,0.0,12.5,0.0,0.0,0.0
9000008121,2025-12-25 11:00,0.169167,0,5,5,0,0,0,105,88,193,0,5,5,39.0,18.18,15.15,42.42,12.12,6.06,9.09,0.0,0.0
9000008121,2025-12-25 12:00,0.181944,0,0,0,0,0,0,127,124,251,4,4,8,40.5,28.26,17.39,30.43,6.52,10.87,4.35,2.17,0.0
9000008121,2025-12-25 13:00,0.216111,4,0,4,4,0,4,164,172,336,4,11,15,33.5,19.18,23.29,36.99,9.59,9.59,0.0,0.0,1.37
9000008121,2025-12-25 14:00,0.221944,0,5,5,0,20,20,163,160,323,3,16,19,29.5,4.17,16.67,68.06,8.33,5.56,0.0,0.0,0.0
9000008121,2025-12-25 15:00,0.203889,0,0,0,5,0,5,147,154,300,0,9,9,34.5,9.84,24.59,39.34,19.67,3.28,0.0,1.64,1.64
9000008121,2025-12-25 16:00,0.0725,0,0,0,78,15,93,38,74,112,0,0,0,53.0,12.5,25.0,37.5,12.5,0.0,12.5,0.0,12.5
9000008121,2025-12-25 17:00,0.048333,0,0,0,0,20,20,20,50,70,0,13,13,27.5,0.0,66.67,33.33,0.0,0.0,0.0,0.0,0.0
9000008121,2025-12-25 18:00,0.0775,0,0,0,18,0,18,18,40,58,0,0,0,42.5,40.0,20.0,0.0,0.0,40.0,0.0,0.0,0.0
9000008121,2025-12-25 19:00,0.055833,0,0,0,36,0,36,72,0,72,0,0,0,46.5,0.0,25.0,25.0,25.0,25.0,0.0,0.0,0.0
9000008121,2025-12-25 20:00,0.041111,0,0,0,24,0,24,24,34,58,0,0,0,33.0,0.0,100.0,0.0,50.0,0.0,0.0,0.0,0.0
9000008121,2025-12-25 21:00,0.049167,0,0,0,0,0,0,26,30,57,0,0,0,42.0,0.0,0.0,33.33,33.33,33.33,0.0,0.0,0.0
9000008121,2025-12-25 22:00,0.028889,0,0,0,0,0,0,25,0,25,0,0,0,49.0,0.0,0.0,0.0,0.0,100.0,0.0,0.0,0.0
9000008121,2025-12-25 23:00,0.040833,0,0,0,0,0,0,0,21,21,0,21,21,29.0,0.0,0.0,100.0,0.0,0.0,0.0,0.0,0.0
9000008121,2025-12-26 00:00,0.036389,0,0,0,0,0,0,0,0,0,0,0,0,,0.0,0.0,0.0,0.0,0.0,0.0,0.0,0.0
9000008121,2025-12-26 01:00,0.026389,0,0,0,20,0,20,0,0,0,0,0,0,,0.0,0.0,0.0,0.0,0.0,0.0,0.0,0.0
9000008121,2025-12-26 02:00,0.028889,0,0,0,0,0,0,0,0,0,0,0,0,,0.0,0.0,0.0,0.0,0.0,0.0,0.0,0.0
9000008121,2025-12-26 03:00,0.028889,0,0,0,0,0,0,0,0,0,0,0,0,,0.0,0.0,0.0,0.0,0.0,0.0,0.0,0.0
9000008121,2025-12-26 04:00,0.047222,0,0,0,0,0,0,24,0,24,0,0,0,14.0,0.0,100.0,0.0,0.0,0.0,0.0,0.0,0.0
9000008121,2025-12-26 05:00,0.040556,0,0,0,0,0,0,0,0,0,0,0,0,,0.0,0.0,0.0,0.0,0.0,0.0,0.0,0.0
9000008121,2025-12-26 06:00,0.061667,0,0,0,0,21,21,0,21,21,0,0,0,4.0,100.0,0.0,0.0,0.0,0.0,0.0,0.0,0.0
9000008121,2025-12-26 07:00,0.026389,0,0,0,0,0,0,0,0,0,0,0,0,,0.0,0.0,0.0,0.0,0.0,0.0,0.0,0.0
9000008121,2025-12-26 08:00,0.068056,0,0,0,0,0,0,0,17,17,0,0,0,24.0,0.0,0.0,100.0,0.0,0.0,0.0,0.0,0.0
9000008121,2025-12-26 09:00,0.113889,0,0,0,0,0,0,36,19,54,0,0,0,38.0,0.0,33.33,33.33,50.0,0.0,0.0,0.0,0.0
9000008121,2025-12-26 10:00,0.160833,0,0,0,0,0,0,122,70,192,0,7,7,46.0,3.23,22.58,48.39,6.45,6.45,12.9,0.0,0.0
9000008121,2025-12-26 11:00,0.235278,0,0,0,0,4,4,115,121,237,0,0,0,38.0,7.14,41.07,26.79,12.5,5.36,8.93,0.0,0.0
9000008121,2025-12-26 12:00,0.260833,0,0,0,0,7,7,180,216,396,0,0,0,37.0,23.3,22.33,29.13,13.59,6.8,3.88,1.94,0.0
9000008121,2025-12-26 13:00,0.292222,0,0,0,0,4,4,264,155,419,8,3,11,42.0,12.3,18.03,36.89,13.93,9.02,4.1,4.1,0.0
9000008121,2025-12-26 14:00,0.311667,0,0,0,3,8,11,182,242,425,7,7,13,34.0,14.39,28.79,36.36,15.15,2.27,2.27,0.76,0.76
9000008121,2025-12-26 15:00,0.346111,0,5,5,0,0,0,145,175,321,9,7,16,35.5,11.71,27.03,38.74,13.51,3.6,1.8,2.7,1.8
9000008121,2025-12-26 16:00,0.316944,0,0,0,14,9,22,49,55,105,3,5,8,44.0,9.09,36.36,24.24,12.12,9.09,6.06,6.06,0.0
9000008121,2025-12-26 17:00,0.166667,0,0,0,0,7,7,52,79,131,0,29,29,53.5,13.64,40.91,4.55,4.55,13.64,9.09,4.55,4.55
9000008121,2025-12-26 18:00,0.312778,0,0,0,20,12,32,38,40,78,4,5,8,37.0,20.83,33.33,25.0,12.5,0.0,8.33,0.0,4.17
9000008121,2025-12-26 19:00,0.335556,0,0,0,0,12,12,22,35,57,35,10,45,33.5,15.79,31.58,15.79,26.32,5.26,0.0,0.0,0.0
9000008121,2025-12-26 20:00,0.278333,0,0,0,4,7,11,14,43,56,7,0,7,38.0,12.5,31.25,18.75,31.25,0.0,0.0,0.0,6.25
9000008121,2025-12-26 21:00,0.248611,0,0,0,0,4,4,27,36,64,9,8,17,63.0,37.5,31.25,6.25,6.25,0.0,0.0,6.25,12.5
9000008121,2025-12-26 22:00,0.215278,0,0,0,0,6,6,21,38,59,0,0,0,34.0,15.38,23.08,38.46,23.08,7.69,0.0,7.69,0.0
9000008121,2025-12-26 23:00,0.297778,0,0,0,0,5,5,58,52,110,3,3,5,32.0,42.42,24.24,12.12,9.09,3.03,0.0,6.06,0.0
9000008121,2025-12-27 00:00,0.313333,0,0,0,0,0,0,3,11,14,0,0,0,19.0,25.0,75.0,0.0,0.0,0.0,0.0,0.0,0.0
9000008121,2025-12-27 01:00,0.253056,0,0,0,0,0,0,0,0,0,0,0,0,,0.0,0.0,0.0,0.0,0.0,0.0,0.0,0.0
9000008121,2025-12-27 02:00,0.319722,0,0,0,6,0,6,3,6,9,0,0,0,22.0,66.67,0.0,33.33,0.0,0.0,0.0,0.0,0.0
9000008121,2025-12-27 03:00,0.204167,0,0,0,0,0,0,0,5,5,0,0,0,19.0,0.0,100.0,0.0,0.0,0.0,0.0,0.0,0.0
9000008121,2025-12-27 04:00,0.291944,0,0,0,0,0,0,0,3,3,0,0,0,4.0,100.0,0.0,0.0,0.0,0.0,0.0,0.0,0.0
9000008121,2025-12-27 05:00,0.206667,0,0,0,0,0,0,9,18,28,0,0,0,26.0,50.0,16.67,33.33,0.0,0.0,0.0,0.0,0.0
9000008121,2025-12-27 06:00,0.245833,0,0,0,0,0,0,4,0,4,0,0,0,44.0,0.0,0.0,0.0,0.0,100.0,0.0,0.0,0.0
9000008121,2025-12-27 07:00,0.289167,0,0,0,0,0,0,9,4,13,0,0,0,29.0,25.0,0.0,75.0,0.0,0.0,0.0,0.0,0.0
9000008121,2025-12-27 08:00,0.255556,0,0,0,4,0,4,52,47,99,8,11,20,33.0,16.0,16.0,44.0,24.0,4.0,0.0,0.0,0.0
9000008121,2025-12-27 09:00,0.294167,0,0,0,0,0,0,65,93,158,0,14,14,29.5,10.87,32.61,41.3,6.52,4.35,2.17,0.0,0.0
9000008121,2025-12-27 10:00,0.3675,0,0,0,0,0,0,114,147,262,11,25,35,30.0,15.62,27.08,42.71,9.38,2.08,1.04,1.04,1.04
9000008121,2025-12-27 11:00,0.416667,0,2,2,0,0,0,206,225,431,14,30,44,33.0,15.08,25.14,39.11,10.61,5.03,2.79,0.56,2.23
9000008121,2025-12-27 12:00,0.293889,0,0,0,3,9,11,192,274,466,14,21,34,29.5,22.63,24.82,40.15,10.22,1.46,0.73,0.73,0.0
9000008121,2025-12-27 13:00,0.358611,0,0,0,0,0,0,237,217,454,8,26,34,32.5,4.29,31.29,43.56,14.72,3.07,0.61,1.23,1.23
9000008121,2025-12-27 14:00,0.365556,0,7,7,0,10,10,230,288,518,5,20,25,27.5,12.63,42.11,35.79,6.32,2.63,0.0,0.0,0.0
9000008121,2025-12-27 15:00,0.351111,2,6,8,4,8,13,169,176,345,10,9,18,29.5,12.4,22.31,52.07,9.09,2.48,0.0,0.83,0.83
9000008121,2025-12-27 16:00,0.384444,0,0,0,16,16,31,25,70,95,0,7,7,43.0,16.67,30.56,27.78,11.11,5.56,8.33,2.78,0.0
9000008121,2025-12-27 17:00,0.345833,0,0,0,3,25,29,8,79,88,0,17,17,35.5,30.0,33.33,16.67,10.0,6.67,3.33,0.0,3.33
9000008121,2025-12-27 18:00,0.490556,0,0,0,9,5,14,25,34,59,0,2,2,45.0,27.59,20.69,27.59,0.0,6.9,3.45,6.9,3.45
9000008121,2025-12-27 19:00,0.411667,0,0,0,0,4,4,13,38,51,0,8,8,54.5,14.29,23.81,14.29,14.29,14.29,4.76,4.76,9.52
9000008121,2025-12-27 20:00,0.519444,0,0,0,0,12,12,10,20,30,0,7,7,54.5,20.0,26.67,13.33,6.67,13.33,13.33,0.0,6.67
9000008121,2025-12-27 21:00,0.415556,0,0,0,0,9,9,7,19,26,0,0,0,37.0,18.18,27.27,9.09,36.36,0.0,9.09,0.0,0.0
9000008121,2025-12-27 22:00,0.445556,0,0,0,2,4,6,0,9,9,0,2,2,87.0,50.0,25.0,0.0,0.0,0.0,0.0,0.0,25.0
9000008121,2025-12-27 23:00,0.319444,0,0,0,0,5,5,3,18,21,0,5,5,29.5,28.57,14.29,42.86,0.0,14.29,0.0,0.0,0.0
9000008121,2025-12-28 00:00,0.326389,0,0,0,0,6,6,17,39,56,0,11,11,63.0,38.89,16.67,0.0,5.56,5.56,5.56,16.67,5.56
9000008121,2025-12-28 01:00,0.306389,0,0,0,0,0,0,3,6,9,0,0,0,18.0,66.67,33.33,0.0,0.0,0.0,0.0,0.0,0.0
9000008121,2025-12-28 02:00,0.315278,0,0,0,0,7,7,6,3,8,0,0,0,53.0,66.67,0.0,0.0,0.0,0.0,33.33,0.0,0.0
9000008121,2025-12-28 03:00,0.258611,0,0,0,0,0,0,9,3,12,0,0,0,12.0,66.67,33.33,0.0,0.0,0.0,0.0,0.0,0.0
9000008121,2025-12-28 04:00,0.285278,0,0,0,0,4,4,0,0,0,0,0,0,,0.0,0.0,0.0,0.0,0.0,0.0,0.0,0.0
9000008121,2025-12-28 05:00,0.283056,0,0,0,0,0,0,2,0,2,0,0,0,14.0,0.0,100.0,0.0,0.0,0.0,0.0,0.0,0.0
9000008121,2025-12-28 06:00,0.286111,0,0,0,0,0,0,0,6,6,0,0,0,23.5,50.0,0.0,50.0,0.0,0.0,0.0,0.0,0.0
9000008121,2025-12-28 07:00,0.206944,0,0,0,0,0,0,4,14,18,0,0,0,66.5,75.0,0.0,0.0,0.0,0.0,0.0,25.0,0.0
9000008121,2025-12-28 08:00,0.278333,0,0,0,13,0,13,25,20,44,9,9,18,38.5,8.33,25.0,41.67,16.67,8.33,8.33,0.0,0.0
9000008121,2025-12-28 09:00,0.292222,0,0,0,0,0,0,67,57,124,4,0,4,39.5,11.11,19.44,36.11,22.22,8.33,2.78,0.0,0.0
9000008121,2025-12-28 10:00,0.380556,4,0,4,0,2,2,86,84,170,3,2,5,34.0,20.0,30.77,30.77,12.31,4.62,1.54,0.0,1.54
9000008121,2025-12-28 11:00,0.3875,7,0,7,0,2,2,100,80,180,8,4,13,36.0,17.14,20.0,30.0,22.86,5.71,2.86,0.0,0.0
9000008121,2025-12-28 12:00,0.447222,0,0,0,0,2,2,142,119,261,4,11,15,35.0,17.09,29.06,30.77,12.82,6.84,1.71,1.71,0.0
9000008121,2025-12-28 13:00,0.445,2,2,4,4,2,5,137,184,320,0,6,6,38.5,21.68,28.67,25.17,10.49,9.79,3.5,0.0,0.0
9000008121,2025-12-28 14:00,0.473333,0,0,0,0,4,4,191,150,341,4,5,9,36.5,12.42,29.19,32.92,16.15,3.11,2.48,2.48,1.24
9000008121,2025-12-28 15:00,0.486944,0,0,0,0,2,2,149,134,283,5,18,23,32.0,18.12,18.84,45.65,10.87,4.35,2.17,0.0,0.0
9000008121,2025-12-28 16:00,0.313889,0,0,0,12,20,31,31,41,72,0,0,0,36.5,13.04,34.78,30.43,13.04,8.7,0.0,0.0,0.0
9000008121,2025-12-28 17:00,0.285278,0,0,0,8,12,20,16,40,57,0,0,0,46.5,18.75,18.75,18.75,12.5,12.5,0.0,6.25,0.0
9000008121,2025-12-28 18:00,0.238056,0,0,0,14,19,33,31,43,75,0,0,0,40.0,16.67,27.78,22.22,22.22,11.11,0.0,5.56,0.0
9000008121,2025-12-28 19:00,0.270833,0,0,0,3,14,17,21,63,83,0,0,0,43.0,43.48,26.09,4.35,8.7,8.7,4.35,8.7,0.0
9000008121,2025-12-28 20:00,0.254722,0,0,0,3,15,18,17,38,55,0,4,4,43.0,21.43,21.43,21.43,21.43,7.14,7.14,7.14,0.0
9000008121,2025-12-28 21:00,0.216111,0,0,0,0,11,11,6,39,45,0,0,0,19.5,50.0,40.0,0.0,0.0,10.0,0.0,0.0,0.0
9000008121,2025-12-28 22:00,0.188611,0,0,0,0,11,11,12,44,56,0,0,0,18.0,70.0,20.0,0.0,0.0,10.0,0.0,0.0,0.0
9000008121,2025-12-28 23:00,0.226944,0,0,0,0,19,19,11,26,37,0,0,0,37.5,37.5,37.5,0.0,25.0,0.0,0.0,12.5,0.0
9000008121,2025-12-29 00:00,0.203889,0,0,0,0,0,0,0,7,7,0,0,0,39.0,0.0,0.0,0.0,100.0,0.0,0.0,0.0,0.0
9000008121,2025-12-29 01:00,0.224722,0,0,0,0,5,5,22,5,27,0,0,0,96.0,50.0,33.33,0.0,0.0,0.0,0.0,0.0,16.67
9000008121,2025-12-29 02:00,0.266944,0,0,0,0,3,3,4,4,8,0,0,0,38.5,50.0,0.0,0.0,50.0,0.0,0.0,0.0,0.0
9000008121,2025-12-29 03:00,0.3525,0,0,0,0,0,0,0,0,0,0,0,0,,0.0,0.0,0.0,0.0,0.0,0.0,0.0,0.0
9000008121,2025-12-29 04:00,0.355833,0,0,0,0,0,0,0,0,0,0,0,0,,0.0,0.0,0.0,0.0,0.0,0.0,0.0,0.0
9000008121,2025-12-29 05:00,0.392778,0,0,0,0,4,4,4,7,10,0,0,0,33.0,25.0,0.0,25.0,25.0,0.0,0.0,0.0,0.0
9000008121,2025-12-29 06:00,0.321389,0,0,0,3,10,13,7,19,26,0,2,2,38.0,12.5,25.0,25.0,25.0,0.0,0.0,12.5,0.0
9000008121,2025-12-29 07:00,0.331667,0,0,0,0,7,7,40,7,47,3,0,3,48.5,18.75,18.75,12.5,12.5,25.0,6.25,0.0,6.25
9000008121,2025-12-29 08:00,0.399722,3,0,3,0,0,0,108,121,229,9,5,13,33.0,9.89,36.26,32.97,10.99,6.59,1.1,1.1,1.1
9000008121,2025-12-29 09:00,0.316111,0,3,3,4,4,7,178,122,300,13,20,33,35.5,10.53,31.58,30.53,17.89,4.21,5.26,0.0,0.0
9000008121,2025-12-29 10:00,0.510278,3,0,3,0,5,5,269,264,533,30,37,67,32.0,7.35,26.1,47.79,12.87,4.04,0.0,1.1,0.74
9000008121,2025-12-29 11:00,0.575556,1,0,1,2,12,13,289,257,546,14,39,53,35.5,6.37,32.17,36.31,16.24,4.78,3.18,0.0,0.64
9000008121,2025-12-29 12:00,0.694167,1,3,4,0,7,7,275,345,621,17,35,52,33.5,6.96,30.39,42.92,12.06,5.57,0.93,0.46,0.7
9000008121,2025-12-29 13:00,0.577778,1,2,3,1,5,6,251,341,591,5,22,27,34.5,6.14,36.26,33.04,14.62,5.85,2.34,0.29,1.17
9000008121,2025-12-29 14:00,0.654167,0,0,0,3,7,10,264,394,658,10,42,53,32.5,3.94,39.91,37.12,12.53,3.71,1.16,0.7,1.16
9000008121,2025-12-29 15:00,0.596944,3,0,3,3,4,8,279,381,661,19,36,55,33.0,3.81,39.09,37.31,12.69,4.06,1.02,1.02,0.76
9000008121,2025-12-29 16:00,0.605278,0,0,0,8,10,18,48,79,127,0,0,0,41.5,11.69,25.97,25.97,19.48,10.39,5.19,1.3,0.0
9000008121,2025-12-29 17:00,0.541389,0,0,0,7,19,26,25,41,66,2,2,3,48.0,25.0,22.22,19.44,11.11,8.33,2.78,0.0,8.33
9000008121,2025-12-29 18:00,0.550833,0,0,0,0,16,16,5,16,22,0,0,0,35.5,58.33,8.33,16.67,16.67,0.0,0.0,0.0,0.0
9000008121,2025-12-29 19:00,0.490833,0,0,0,2,16,18,4,33,37,0,0,0,45.5,33.33,27.78,11.11,5.56,5.56,0.0,5.56,5.56
9000008121,2025-12-29 20:00,0.469167,0,0,0,2,2,4,8,23,31,0,0,0,57.0,28.57,21.43,14.29,0.0,0.0,28.57,0.0,0.0
9000008121,2025-12-29 21:00,0.438889,0,0,0,7,11,17,4,10,15,0,2,2,25.0,66.67,0.0,33.33,16.67,0.0,0.0,0.0,0.0
9000008121,2025-12-29 22:00,0.47,0,0,0,0,4,4,13,8,21,0,0,0,42.5,40.0,10.0,0.0,30.0,10.0,10.0,0.0,0.0
9000008121,2025-12-29 23:00,0.4175,0,0,0,0,8,8,2,3,5,0,0,0,58.5,0.0,0.0,0.0,0.0,50.0,50.0,0.0,0.0
9000008121,2025-12-30 00:00,0.348889,0,0,0,0,2,2,2,4,7,0,0,0,23.0,0.0,50.0,50.0,0.0,0.0,0.0,0.0,0.0
9000008121,2025-12-30 01:00,0.267222,0,0,0,0,0,0,0,0,0,0,0,0,,0.0,0.0,0.0,0.0,0.0,0.0,0.0,0.0
9000008121,2025-12-30 02:00,0.307222,0,0,0,0,6,6,4,10,14,0,0,0,17.0,50.0,50.0,0.0,0.0,0.0,0.0,0.0,0.0
9000008121,2025-12-30 03:00,0.257778,0,0,0,0,0,0,0,0,0,0,0,0,,0.0,0.0,0.0,0.0,0.0,0.0,0.0,0.0
9000008121,2025-12-30 04:00,0.313889,0,0,0,0,0,0,0,0,0,0,0,0,,0.0,0.0,0.0,0.0,0.0,0.0,0.0,0.0
9000008121,2025-12-30 05:00,0.338333,0,0,0,0,7,7,6,13,20,0,0,0,20.5,85.71,0.0,14.29,0.0,0.0,0.0,0.0,0.0
9000008121,2025-12-30 06:00,0.216111,0,0,0,14,19,33,12,16,29,0,0,0,30.0,16.67,33.33,33.33,16.67,0.0,0.0,0.0,0.0
9000008121,2025-12-30 07:00,0.225,0,0,0,3,11,15,14,19,32,0,7,7,53.0,14.29,28.57,14.29,42.86,0.0,14.29,0.0,14.29
9000008121,2025-12-30 08:00,0.317222,8,0,8,3,0,3,76,86,162,9,12,21,32.0,13.73,39.22,29.41,9.8,1.96,1.96,0.0,1.96
9000008121,2025-12-30 09:00,0.300278,0,0,0,0,6,6,209,204,413,15,22,36,38.5,8.06,31.45,32.26,15.32,9.68,1.61,0.81,0.81
9000008121,2025-12-30 10:00,0.333056,3,0,3,7,4,12,212,179,391,16,13,29,35.0,5.38,27.69,41.54,15.38,6.15,2.31,0.0,0.77
9000008121,2025-12-30 11:00,0.410278,0,0,0,0,0,0,231,339,570,4,23,28,34.0,5.98,38.46,32.48,14.96,7.26,0.85,0.0,0.0
9000008121,2025-12-30 12:00,0.3975,5,0,5,5,9,14,296,326,622,5,32,36,32.0,5.26,36.84,38.87,12.15,4.05,2.02,0.4,0.0
9000008121,2025-12-30 13:00,0.468333,0,0,0,0,6,6,298,368,666,11,43,54,35.0,12.18,32.05,31.41,15.71,5.13,3.21,0.0,0.32
9000008121,2025-12-30 14:00,0.478056,0,0,0,2,6,8,301,357,658,9,22,31,32.0,8.57,35.24,39.05,11.11,3.81,2.22,0.32,0.0
9000008121,2025-12-30 15:00,0.397222,0,2,2,0,0,0,250,283,533,19,31,49,29.0,6.6,29.72,51.42,7.55,1.42,1.89,0.47,0.94
9000008121,2025-12-30 16:00,0.305556,0,0,0,20,18,38,89,150,239,9,9,18,35.5,10.96,38.36,32.88,10.96,4.11,2.74,0.0,0.0
9000008121,2025-12-30 17:00,0.321667,0,0,0,13,44,56,17,63,80,0,5,5,46.5,15.38,34.62,15.38,15.38,19.23,3.85,0.0,0.0
9000008121,2025-12-30 18:00,0.233333,0,0,0,12,34,46,14,87,101,0,0,0,39.5,29.17,16.67,20.83,20.83,4.17,4.17,4.17,0.0
9000008121,2025-12-30 19:00,0.235278,0,0,0,11,26,37,44,101,145,0,18,18,25.0,47.06,23.53,17.65,0.0,2.94,2.94,2.94,0.0
9000008121,2025-12-30 20:00,0.226944,0,0,0,14,21,35,18,33,51,0,6,6,32.5,36.36,0.0,45.45,18.18,9.09,0.0,0.0,0.0
9000008121,2025-12-30 21:00,0.194722,0,0,0,16,5,22,0,8,8,0,0,0,4.0,100.0,0.0,0.0,0.0,0.0,0.0,0.0,0.0
9000008121,2025-12-30 22:00,0.206667,0,0,0,0,22,22,26,35,60,0,0,0,50.5,16.67,8.33,50.0,8.33,16.67,8.33,0.0,8.33
9000008121,2025-12-30 23:00,0.186389,0,0,0,0,0,0,10,17,27,0,0,0,25.5,20.0,40.0,40.0,0.0,0.0,0.0,0.0,0.0
9000008121,2025-12-31 00:00,0.150833,0,0,0,0,0,0,0,10,10,0,0,0,53.5,0.0,0.0,50.0,0.0,0.0,50.0,0.0,0.0
9000008121,2025-12-31 01:00,0.204444,0,0,0,0,6,6,5,6,10,0,0,0,38.5,0.0,0.0,50.0,50.0,0.0,0.0,0.0,0.0
9000008121,2025-12-31 02:00,0.150556,0,0,0,0,5,5,0,5,5,0,0,0,24.0,0.0,0.0,100.0,0.0,0.0,0.0,0.0,0.0
9000008121,2025-12-31 03:00,0.164444,0,0,0,0,0,0,10,0,10,0,0,0,4.0,100.0,0.0,0.0,0.0,0.0,0.0,0.0,0.0
9000008121,2025-12-31 04:00,0.138611,0,0,0,0,8,8,0,15,15,0,0,0,13.5,50.0,50.0,0.0,0.0,0.0,0.0,0.0,0.0
9000008121,2025-12-31 05:00,0.168056,0,0,0,0,0,0,0,17,17,0,0,0,53.0,33.33,33.33,0.0,0.0,0.0,33.33,0.0,0.0
9000008121,2025-12-31 06:00,0.175,0,0,0,13,18,31,13,18,31,0,0,0,121.5,0.0,0.0,40.0,0.0,40.0,0.0,0.0,20.0
9000008121,2025-12-31 07:00,0.221944,0,0,0,5,5,10,0,26,26,0,0,0,36.5,16.67,33.33,16.67,16.67,0.0,0.0,0.0,0.0
9000008121,2025-12-31 08:00,0.2325,0,0,0,0,11,11,48,58,106,8,7,15,32.5,12.0,20.0,48.0,16.0,0.0,0.0,4.0,4.0
9000008121,2025-12-31 09:00,0.2725,0,0,0,0,0,0,117,116,232,10,13,23,35.0,7.94,33.33,36.51,12.7,7.94,0.0,0.0,3.17
9000008121,2025-12-31 10:00,0.341944,0,0,0,0,7,7,100,103,203,12,23,35,34.5,14.49,15.94,44.93,15.94,2.9,2.9,1.45,0.0
9000008121,2025-12-31 11:00,0.476389,0,0,0,0,0,0,133,134,267,11,25,37,35.5,18.9,21.26,34.65,17.32,3.94,0.79,3.15,0.0
9000008121,2025-12-31 12:00,0.463333,2,0,2,0,2,2,132,183,315,20,43,63,31.5,21.92,18.49,42.47,12.33,2.74,0.68,1.37,0.68
9000008121,2025-12-31 13:00,0.414722,0,0,0,0,0,0,157,198,355,5,22,27,30.5,19.05,17.69,48.3,8.84,3.4,0.68,1.36,1.36
9000008121,2025-12-31 14:00,0.496111,2,0,2,2,0,2,118,169,287,4,15,20,33.0,26.57,25.87,29.37,11.19,4.2,2.1,0.7,0.0
9000008121,2025-12-31 15:00,0.486944,0,0,0,0,7,7,107,94,201,11,12,23,33.0,9.18,35.71,33.67,14.29,4.08,0.0,2.04,1.02
9000008121,2025-12-31 16:00,0.478611,0,0,0,0,5,5,21,45,66,2,0,2,32.5,21.88,46.88,12.5,12.5,6.25,0.0,0.0,0.0
9000008121,2025-12-31 17:00,0.3875,0,0,0,16,2,19,29,51,79,0,0,0,35.5,38.71,35.48,6.45,9.68,9.68,3.23,0.0,0.0
9000008121,2025-12-31 18:00,0.464722,0,0,0,2,29,32,13,73,86,0,0,0,25.0,42.5,30.0,15.0,5.0,5.0,0.0,2.5,0.0
9000008121,2025-12-31 19:00,0.392222,0,0,0,6,15,21,20,45,65,3,3,6,29.0,60.0,20.0,8.0,0.0,12.0,4.0,0.0,0.0
9000008121,2025-12-31 20:00,0.465833,0,0,0,7,7,14,6,41,47,0,2,2,12.5,77.27,13.64,9.09,0.0,0.0,0.0,0.0,0.0
9000008121,2025-12-31 21:00,0.395833,0,0,0,0,9,9,6,31,37,0,0,0,23.5,60.0,26.67,20.0,0.0,0.0,0.0,0.0,6.67
9000008121,2025-12-31 22:00,0.455556,0,0,0,0,11,11,7,15,22,2,2,4,33.5,40.0,20.0,20.0,10.0,10.0,0.0,0.0,0.0
9000008121,2025-12-31 23:00,0.474722,0,0,0,0,3,3,0,5,5,0,3,3,32.5,66.67,0.0,0.0,33.33,0.0,0.0,0.0,0.0
9000008121,2026-01-01 00:00,0.456389,0,0,0,2,10,13,0,10,10,0,2,2,51.0,60.0,20.0,0.0,0.0,0.0,20.0,0.0,0.0
9000008121,2026-01-01 01:00,0.504722,0,0,0,0,6,6,4,4,8,0,0,0,27.0,25.0,50.0,25.0,0.0,0.0,0.0,0.0,0.0
9000008121,2026-01-01 02:00,0.457222,0,0,0,2,4,6,2,8,9,0,0,0,81.0,25.0,0.0,50.0,0.0,0.0,25.0,0.0,25.0
9000008121,2026-01-01 03:00,0.466111,0,0,0,0,2,2,0,4,4,0,0,0,38.0,0.0,50.0,0.0,50.0,0.0,0.0,0.0,0.0
9000008121,2026-01-01 04:00,0.402222,0,0,0,0,0,0,2,4,6,0,0,0,58.0,0.0,66.67,0.0,0.0,0.0,33.33,0.0,0.0
9000008121,2026-01-01 05:00,0.45,0,0,0,0,8,8,0,1,1,0,0,0,14.0,0.0,100.0,0.0,0.0,0.0,0.0,0.0,0.0
9000008121,2026-01-01 06:00,0.376944,0,0,0,0,3,3,0,6,6,0,0,0,13.5,50.0,50.0,0.0,0.0,0.0,0.0,0.0,0.0
9000008121,2026-01-01 07:00,0.409444,0,0,0,0,3,3,12,7,19,0,0,0,43.0,37.5,0.0,25.0,12.5,12.5,0.0,0.0,12.5
9000008121,2026-01-01 08:00,0.39,0,0,0,0,0,0,17,33,50,2,0,2,36.5,47.37,21.05,10.53,15.79,5.26,0.0,0.0,5.26
9000008121,2026-01-01 09:00,0.326389,0,0,0,0,0,0,18,40,58,4,2,6,36.0,21.05,31.58,31.58,15.79,5.26,0.0,0.0,0.0
9000008121,2026-01-01 10:00,0.376944,0,0,0,0,0,0,34,35,69,5,0,5,34.0,15.38,30.77,30.77,11.54,3.85,0.0,0.0,3.85
9000008121,2026-01-01 11:00,0.523889,0,0,0,0,2,2,41,63,105,2,4,6,33.5,23.64,23.64,34.55,12.73,0.0,5.45,0.0,0.0
9000008121,2026-01-01 12:00,0.451111,0,0,0,0,0,0,74,68,142,2,2,5,34.0,15.62,26.56,34.38,12.5,6.25,3.12,1.56,0.0
9000008121,2026-01-01 13:00,0.386111,0,2,2,0,3,3,72,80,152,2,6,8,30.0,15.25,23.73,49.15,8.47,1.69,3.39,0.0,0.0
9000008121,2026-01-01 14:00,0.568056,1,0,1,2,3,5,127,124,252,2,4,5,37.0,18.88,22.38,35.66,9.79,6.29,4.2,0.7,1.4
9000008121,2026-01-01 15:00,0.433889,2,0,2,3,7,9,174,134,309,0,7,7,33.5,5.97,18.66,52.24,14.93,5.22,1.49,0.75,0.0
9000008121,2026-01-01 16:00,0.459444,0,0,0,2,4,6,32,32,64,0,7,7,42.0,13.79,17.24,27.59,24.14,10.34,3.45,3.45,3.45
9000008121,2026-01-01 17:00,0.560833,0,0,0,7,4,11,11,19,30,2,0,2,36.0,29.41,23.53,23.53,11.76,5.88,0.0,0.0,0.0
9000008121,2026-01-01 18:00,0.477778,0,0,0,6,0,6,13,7,21,3,2,5,44.5,20.0,20.0,10.0,10.0,30.0,10.0,0.0,0.0
9000008121,2026-01-01 19:00,0.522778,0,0,0,2,3,5,3,33,36,0,2,2,35.0,36.84,31.58,10.53,5.26,10.53,0.0,0.0,5.26
9000008121,2026-01-01 20:00,0.479444,0,0,0,2,11,14,28,25,53,0,2,2,25.5,40.0,24.0,28.0,4.0,4.0,0.0,0.0,0.0
9000008121,2026-01-01 21:00,0.493333,0,0,0,0,2,2,2,6,8,2,2,4,32.0,25.0,0.0,50.0,25.0,0.0,0.0,0.0,0.0
9000008121,2026-01-01 22:00,0.519167,0,0,0,0,5,5,9,18,27,0,0,0,59.0,28.57,35.71,7.14,7.14,7.14,7.14,7.14,7.14
9000008121,2026-01-01 23:00,0.524722,0,0,0,2,2,4,0,9,9,0,2,2,23.0,40.0,20.0,40.0,0.0,0.0,0.0,0.0,0.0
9000008121,2026-01-02 00:00,0.428889,0,0,0,8,8,16,0,19,19,0,0,0,14.0,75.0,25.0,0.0,0.0,0.0,0.0,0.0,0.0
9000008121,2026-01-02 01:00,0.467778,0,0,0,0,0,0,0,0,0,0,0,0,,0.0,0.0,0.0,0.0,0.0,0.0,0.0,0.0
9000008121,2026-01-02 02:00,0.419444,0,0,0,0,5,5,0,5,5,0,0,0,14.0,0.0,100.0,0.0,0.0,0.0,0.0,0.0,0.0
9000008121,2026-01-02 03:00,0.366944,0,0,0,0,3,3,0,0,0,0,0,0,,0.0,0.0,0.0,0.0,0.0,0.0,0.0,0.0
9000008121,2026-01-02 04:00,0.509444,0,0,0,0,0,0,5,0,5,0,0,0,53.5,0.0,0.0,0.0,50.0,0.0,50.0,0.0,0.0
9000008121,2026-01-02 05:00,0.401111,0,0,0,0,0,0,0,8,8,0,0,0,28.0,33.33,33.33,33.33,0.0,0.0,0.0,0.0,0.0
9000008121,2026-01-02 06:00,0.395556,0,0,0,0,5,5,2,0,2,0,0,0,39.0,0.0,0.0,0.0,100.0,0.0,0.0,0.0,0.0
9000008121,2026-01-02 07:00,0.436111,0,0,0,0,0,0,12,17,29,0,3,3,76.5,7.69,30.77,30.77,0.0,7.69,0.0,0.0,15.38
9000008121,2026-01-02 08:00,0.437778,0,0,0,4,5,9,85,107,193,9,24,33,28.0,30.95,21.43,38.1,3.57,2.38,0.0,1.19,1.19
9000008121,2026-01-02 09:00,0.439444,2,0,2,0,3,3,106,139,245,11,15,26,31.0,38.89,18.52,25.93,13.89,0.93,0.0,1.85,0.93
9000008121,2026-01-02 10:00,0.482222,0,0,0,1,0,1,142,131,272,9,8,17,34.0,11.45,19.08,45.8,14.5,5.34,1.53,0.0,0.76
9000008121,2026-01-02 11:00,0.460556,0,0,0,4,7,11,158,196,355,7,23,30,33.5,25.15,23.31,31.9,12.88,4.91,1.84,0.61,0.0
9000008121,2026-01-02 12:00,0.424167,0,0,0,0,3,3,195,257,451,14,17,30,30.0,24.61,17.28,43.98,13.09,0.52,1.57,0.0,0.0
9000008121,2026-01-02 13:00,0.295556,0,0,0,0,6,6,168,370,538,15,25,40,31.5,31.45,24.53,25.79,11.32,3.14,2.52,0.63,0.0
9000008121,2026-01-02 14:00,0.386389,0,0,0,0,0,0,260,334,594,14,30,44,30.0,29.57,20.0,35.22,9.57,3.04,2.17,0.0,0.43
9000008121,2026-01-02 15:00,0.408889,0,3,3,2,13,15,203,285,488,4,22,26,31.5,11.0,25.0,47.0,10.0,4.0,0.5,2.0,0.0
9000008121,2026-01-02 16:00,0.450278,0,0,0,8,20,28,96,83,179,2,10,12,43.0,6.17,25.93,37.04,14.81,9.88,2.47,1.23,1.23
9000008121,2026-01-02 17:00,0.453056,0,0,0,13,20,33,21,68,89,0,2,2,37.0,42.5,22.5,17.5,7.5,10.0,2.5,0.0,0.0
9000008121,2026-01-02 18:00,0.283611,0,0,0,16,26,42,25,69,95,0,7,7,56.0,14.81,33.33,22.22,3.7,3.7,11.11,3.7,3.7
9000008121,2026-01-02 19:00,0.382778,0,0,0,5,21,27,9,42,50,3,8,10,47.5,26.32,42.11,10.53,0.0,10.53,0.0,5.26,5.26
9000008121,2026-01-02 20:00,0.412778,0,0,0,5,0,5,9,43,52,2,0,2,24.5,45.45,22.73,22.73,4.55,0.0,4.55,0.0,0.0
9000008121,2026-01-02 21:00,0.294444,0,0,0,3,6,9,3,21,24,0,0,0,39.5,57.14,14.29,0.0,28.57,0.0,0.0,14.29,0.0
9000008121,2026-01-02 22:00,0.351389,0,0,0,6,3,10,44,50,94,0,7,7,19.5,60.61,27.27,3.03,6.06,0.0,0.0,0.0,3.03
9000008121,2026-01-02 23:00,0.26,0,0,0,0,0,0,19,16,35,0,0,0,9.5,88.89,11.11,0.0,0.0,0.0,0.0,0.0,0.0
9000008121,2026-01-03 00:00,0.254444,0,0,0,0,3,3,0,40,40,0,0,0,21.0,80.0,0.0,10.0,10.0,0.0,0.0,0.0,0.0
9000008121,2026-01-03 01:00,0.298611,0,0,0,0,0,0,6,21,27,0,0,0,38.0,50.0,37.5,0.0,12.5,12.5,0.0,0.0,0.0
9000008121,2026-01-03 02:00,0.254722,0,0,0,0,0,0,4,0,4,0,0,0,84.0,0.0,0.0,0.0,0.0,0.0,0.0,0.0,100.0
9000008121,2026-01-03 03:00,0.195278,0,0,0,0,0,0,8,9,17,0,0,0,14.0,0.0,100.0,0.0,0.0,0.0,0.0,0.0,0.0
9000008121,2026-01-03 04:00,0.222222,0,0,0,0,0,0,0,0,0,0,0,0,,0.0,0.0,0.0,0.0,0.0,0.0,0.0,0.0
9000008121,2026-01-03 05:00,0.271944,0,0,0,0,15,15,0,10,10,0,0,0,23.0,33.33,33.33,33.33,0.0,0.0,0.0,0.0,0.0
9000008121,2026-01-03 06:00,0.318333,0,0,0,0,4,4,3,9,12,0,0,0,87.0,0.0,25.0,0.0,25.0,0.0,0.0,0.0,25.0
9000008121,2026-01-03 07:00,0.326944,0,0,0,3,5,8,14,16,30,0,0,0,47.0,40.0,20.0,0.0,20.0,20.0,10.0,0.0,0.0
9000008121,2026-01-03 08:00,0.340278,0,0,0,0,0,0,73,79,153,11,9,20,32.0,17.31,26.92,38.46,7.69,5.77,1.92,1.92,1.92
9000008121,2026-01-03 09:00,0.406944,0,0,0,0,0,0,29,35,64,0,7,7,34.5,23.08,23.08,30.77,15.38,7.69,0.0,0.0,3.85
9000008121,2026-01-03 10:00,0.274444,0,0,0,0,0,0,176,113,289,4,7,11,32.0,30.38,17.72,31.65,16.46,3.8,0.0,0.0,0.0
9000008121,2026-01-03 11:00,0.261944,0,0,0,0,0,0,170,121,290,8,12,20,32.0,32.89,6.58,40.79,15.79,3.95,0.0,0.0,0.0
9000008121,2026-01-03 12:00,0.35,0,0,0,0,0,0,212,168,380,12,20,32,36.0,30.08,12.03,33.83,12.78,6.77,2.26,0.75,0.75
9000008121,2026-01-03 13:00,0.276111,0,0,0,0,6,6,165,233,398,5,10,15,29.5,37.27,13.64,36.36,4.55,5.45,2.73,0.91,0.0
9000008121,2026-01-03 14:00,0.35,0,0,0,0,3,3,166,149,316,16,14,30,32.5,14.55,25.45,41.82,13.64,3.64,0.91,0.0,0.91
9000008121,2026-01-03 15:00,0.280556,0,0,0,3,10,13,159,213,372,6,3,9,28.0,29.81,20.19,38.46,5.77,1.92,0.96,1.92,0.0
9000008121,2026-01-03 16:00,0.287778,0,0,0,3,0,3,67,60,127,0,0,0,37.5,13.51,27.03,27.03,27.03,2.7,2.7,2.7,0.0
9000008121,2026-01-03 17:00,0.383889,0,0,0,5,2,7,17,55,72,0,0,0,34.0,7.14,21.43,39.29,25.0,3.57,0.0,0.0,0.0
9000008121,2026-01-03 18:00,0.178611,0,0,0,5,6,11,84,71,154,0,6,6,53.0,0.0,10.71,25.0,35.71,10.71,14.29,7.14,0.0
9000008121,2026-01-03 19:00,0.198889,0,0,0,0,21,21,29,50,79,0,3,3,47.0,0.0,25.0,25.0,18.75,31.25,0.0,0.0,0.0
9000008121,2026-01-03 20:00,0.283611,0,0,0,0,24,24,21,28,50,0,0,0,39.0,21.43,28.57,7.14,28.57,0.0,7.14,0.0,7.14
9000008121,2026-01-03 21:00,0.266389,0,0,0,4,8,11,15,42,58,0,7,7,31.5,20.0,40.0,20.0,20.0,0.0,0.0,0.0,0.0
9000008121,2026-01-03 22:00,0.268333,0,0,0,0,0,0,8,7,15,0,4,4,32.0,0.0,0.0,75.0,25.0,0.0,0.0,0.0,0.0
9000008121,2026-01-03 23:00,0.225556,0,0,0,0,0,0,4,12,16,0,0,0,13.0,50.0,50.0,0.0,0.0,0.0,0.0,0.0,0.0
9000008121,2026-01-04 00:00,0.224722,0,0,0,0,0,0,0,17,17,0,3,3,41.0,50.0,25.0,25.0,0.0,25.0,0.0,0.0,0.0
9000008121,2026-01-04 01:00,0.157778,0,0,0,0,0,0,7,0,7,0,0,0,54.0,0.0,0.0,0.0,0.0,0.0,100.0,0.0,0.0
9000008121,2026-01-04 02:00,0.1825,0,0,0,5,0,5,9,0,9,0,10,10,38.5,0.0,0.0,50.0,50.0,0.0,0.0,0.0,0.0
9000008121,2026-01-04 03:00,0.173889,0,0,0,0,0,0,10,0,10,0,0,0,18.5,0.0,100.0,0.0,0.0,0.0,0.0,0.0,0.0
9000008121,2026-01-04 04:00,0.150556,0,0,0,0,0,0,0,0,0,0,0,0,,0.0,0.0,0.0,0.0,0.0,0.0,0.0,0.0
9000008121,2026-01-04 05:00,0.127222,0,0,0,0,0,0,0,0,0,0,0,0,,0.0,0.0,0.0,0.0,0.0,0.0,0.0,0.0
9000008121,2026-01-04 06:00,0.1125,0,0,0,0,0,0,0,0,0,0,0,0,,0.0,0.0,0.0,0.0,0.0,0.0,0.0,0.0
9000008121,2026-01-04 07:00,0.090556,0,0,0,0,0,0,22,28,50,12,0,12,20.0,40.0,60.0,0.0,20.0,0.0,0.0,0.0,0.0
9000008121,2026-01-04 08:00,0.17,0,0,0,0,0,0,57,14,71,0,0,0,36.5,8.33,8.33,50.0,16.67,0.0,0.0,8.33,0.0
9000008121,2026-01-04 09:00,0.179444,0,0,0,0,0,0,51,67,118,0,9,9,43.0,42.86,19.05,9.52,14.29,14.29,4.76,0.0,4.76
9000008121,2026-01-04 10:00,0.280833,0,0,0,0,0,0,143,38,181,5,0,5,47.0,17.65,7.84,27.45,29.41,7.84,3.92,3.92,3.92
9000008121,2026-01-04 11:00,0.288889,0,0,0,0,0,0,126,131,257,11,7,17,36.0,31.08,18.92,25.68,16.22,4.05,2.7,0.0,0.0
9000008121,2026-01-04 12:00,0.283611,0,0,0,0,5,5,161,121,282,3,4,7,42.0,30.0,5.0,31.25,15.0,15.0,0.0,1.25,1.25
9000008121,2026-01-04 13:00,0.441389,0,0,0,2,0,2,219,118,337,7,12,19,34.0,19.46,10.07,45.64,18.12,5.37,1.34,0.0,0.0
9000008121,2026-01-04 14:00,0.35,0,0,0,0,0,0,174,145,320,12,17,30,36.0,21.43,18.75,34.82,20.54,0.89,2.68,0.89,0.0
9000008121,2026-01-04 15:00,0.326111,0,0,0,0,0,0,155,161,317,5,2,7,38.0,28.16,10.68,39.81,8.74,5.83,1.94,3.88,0.0
9000008121,2026-01-04 16:00,0.284167,0,0,0,7,25,32,101,91,191,0,3,3,36.5,12.96,33.33,29.63,12.96,3.7,5.56,0.0,1.85
9000008121,2026-01-04 17:00,0.291944,0,0,0,10,15,25,32,44,77,3,4,7,49.0,18.18,22.73,18.18,9.09,13.64,4.55,4.55,4.55
9000008121,2026-01-04 18:00,0.287778,0,0,0,0,4,4,15,19,35,3,8,11,43.0,10.0,20.0,30.0,10.0,10.0,0.0,10.0,0.0
9000008121,2026-01-04 19:00,0.252222,0,0,0,0,3,3,26,43,68,0,8,8,42.0,17.65,5.88,41.18,11.76,17.65,0.0,0.0,5.88
9000008121,2026-01-04 20:00,0.282778,0,0,0,0,3,3,17,19,36,0,3,3,66.5,0.0,30.0,10.0,30.0,10.0,10.0,20.0,0.0
9000008121,2026-01-04 21:00,0.326389,0,0,0,0,5,5,5,16,22,0,3,3,37.0,28.57,28.57,28.57,28.57,0.0,0.0,0.0,0.0
9000008121,2026-01-04 22:00,0.330278,0,0,0,0,4,4,6,13,19,0,0,0,51.5,16.67,16.67,16.67,16.67,0.0,16.67,0.0,0.0
9000008121,2026-01-04 23:00,0.279167,0,0,0,5,0,5,10,3,13,0,0,0,38.0,0.0,25.0,50.0,50.0,0.0,0.0,0.0,0.0
9000008121,2026-01-05 00:00,0.221111,0,0,0,0,6,6,9,23,32,0,0,0,20.0,42.86,28.57,0.0,0.0,0.0,0.0,0.0,14.29
9000008121,2026-01-05 01:00,0.265,0,0,0,0,7,7,4,7,11,0,0,0,42.5,0.0,66.67,0.0,0.0,33.33,0.0,0.0,0.0
9000008121,2026-01-05 02:00,0.255,0,0,0,0,3,3,3,8,10,0,0,0,47.0,66.67,0.0,0.0,0.0,33.33,0.0,0.0,0.0
9000008121,2026-01-05 03:00,0.268333,0,0,0,0,0,0,0,0,0,0,0,0,,0.0,0.0,0.0,0.0,0.0,0.0,0.0,0.0
9000008121,2026-01-05 04:00,0.274167,0,0,0,0,3,3,3,9,13,0,0,0,27.0,50.0,25.0,25.0,0.0,0.0,0.0,0.0,0.0
9000008121,2026-01-05 05:00,0.216111,0,0,0,0,4,4,16,8,23,0,4,4,37.5,0.0,80.0,0.0,40.0,0.0,0.0,0.0,0.0
9000008121,2026-01-05 06:00,0.198056,0,0,0,0,0,0,69,71,139,0,4,4,41.0,28.57,39.29,3.57,14.29,10.71,7.14,0.0,0.0
9000008121,2026-01-05 07:00,0.229444,0,0,0,4,26,30,137,277,414,0,12,12,39.0,32.63,22.11,16.84,15.79,6.32,4.21,0.0,4.21
9000008121,2026-01-05 08:00,0.229722,0,0,0,0,0,0,206,415,620,32,25,57,26.5,39.86,20.98,30.07,5.59,2.1,0.0,0.0,0.7
9000008121,2026-01-05 09:00,0.259167,0,0,0,0,4,4,188,245,433,33,30,63,32.5,30.36,25.0,25.89,10.71,4.46,0.0,0.89,2.68
9000008121,2026-01-05 10:00,0.287222,3,0,3,0,0,0,261,229,490,17,29,46,36.5,33.33,12.77,27.66,16.31,4.96,4.26,0.0,0.71
9000008121,2026-01-05 11:00,0.412778,0,0,0,0,4,4,224,315,539,30,32,63,33.0,31.98,14.41,32.88,13.96,5.41,0.9,0.45,0.0
9000008121,2026-01-05 12:00,0.289167,0,0,0,0,0,0,262,291,553,20,45,65,36.0,29.38,20.0,29.38,13.12,4.38,1.88,0.62,0.62
9000008121,2026-01-05 13:00,0.285,0,0,0,0,0,0,167,346,513,14,35,49,30.5,17.81,21.92,43.15,12.33,0.0,2.74,0.0,0.68
9000008121,2026-01-05 14:00,0.404722,0,0,0,3,5,8,356,329,685,12,32,44,34.5,18.41,17.69,40.79,13.72,6.86,2.17,0.72,0.0
9000008121,2026-01-05 15:00,0.3625,0,0,0,2,9,11,381,568,949,23,53,76,28.5,34.3,18.9,36.05,7.56,0.87,0.87,0.87,0.58
9000008121,2026-01-05 16:00,0.2675,0,0,0,7,36,44,229,229,458,7,15,22,33.0,21.95,31.71,26.02,13.01,3.25,1.63,1.63,1.63
9000008121,2026-01-05 17:00,0.185278,0,0,0,14,47,61,130,155,285,0,30,30,51.5,7.55,24.53,28.3,16.98,9.43,7.55,5.66,3.77
9000008121,2026-01-05 18:00,0.22,0,0,0,16,46,62,63,89,152,0,16,16,49.5,12.12,21.21,21.21,12.12,18.18,9.09,3.03,3.03
9000008121,2026-01-05 19:00,0.210833,0,0,0,32,20,52,18,95,113,0,4,4,52.0,20.83,54.17,12.5,0.0,0.0,16.67,0.0,4.17
9000008121,2026-01-05 20:00,0.163611,0,0,0,7,36,43,0,75,75,0,10,10,24.0,25.0,41.67,33.33,0.0,0.0,8.33,0.0,0.0
9000008121,2026-01-05 21:00,0.139722,0,0,0,0,0,0,0,0,0,0,17,17,,0.0,0.0,0.0,0.0,0.0,0.0,0.0,0.0
9000008121,2026-01-05 22:00,0.156944,0,0,0,0,6,6,0,14,14,0,0,0,8.5,100.0,0.0,0.0,0.0,0.0,0.0,0.0,0.0
9000008121,2026-01-05 23:00,0.109167,0,0,0,0,0,0,0,0,0,0,0,0,,0.0,0.0,0.0,0.0,0.0,0.0,0.0,0.0
9000008121,2026-01-06 00:00,0.154444,0,0,0,0,0,0,0,0,0,0,0,0,,0.0,0.0,0.0,0.0,0.0,0.0,0.0,0.0
9000008121,2026-01-06 01:00,0.090278,0,0,0,0,0,0,10,19,29,0,0,0,24.0,33.33,0.0,66.67,0.0,0.0,0.0,0.0,0.0
9000008121,2026-01-06 02:00,0.057778,0,0,0,0,0,0,0,0,0,0,0,0,,0.0,0.0,0.0,0.0,0.0,0.0,0.0,0.0
9000008121,2026-01-06 03:00,0.057222,0,0,0,0,0,0,0,0,0,0,0,0,,0.0,0.0,0.0,0.0,0.0,0.0,0.0,0.0
9000008121,2026-01-06 04:00,0.082778,0,0,0,0,0,0,0,0,0,0,0,0,,0.0,0.0,0.0,0.0,0.0,0.0,0.0,0.0
9000008121,2026-01-06 05:00,0.070278,0,0,0,21,0,21,32,43,75,21,0,21,25.0,0.0,40.0,20.0,20.0,0.0,0.0,0.0,0.0
9000008121,2026-01-06 06:00,0.038333,0,0,0,0,18,18,0,18,18,0,0,0,29.0,0.0,0.0,100.0,0.0,0.0,0.0,0.0,0.0
9000008121,2026-01-06 07:00,0.026944,0,0,0,0,0,0,90,0,90,0,0,0,38.5,50.0,0.0,0.0,50.0,0.0,0.0,0.0,0.0
9000008121,2026-01-06 08:00,0.058889,0,0,0,19,0,19,318,502,819,15,15,29,31.0,20.83,43.75,20.83,6.25,6.25,2.08,2.08,0.0
9000008121,2026-01-06 09:00,0.145278,0,0,0,0,0,0,150,352,502,19,28,48,28.5,24.66,42.47,20.55,5.48,5.48,2.74,0.0,0.0
9000008121,2026-01-06 10:00,0.178889,4,0,4,0,0,0,225,199,424,10,37,46,36.0,15.79,18.42,38.16,18.42,6.58,2.63,1.32,0.0
9000008121,2026-01-06 11:00,0.235,0,4,4,7,4,11,262,284,545,11,45,56,29.5,13.28,24.22,50.0,9.38,3.12,0.0,0.0,0.0
9000008121,2026-01-06 12:00,0.270833,0,0,0,0,0,0,233,379,613,23,32,55,31.0,30.12,18.07,34.34,12.05,3.01,1.81,0.0,0.0
9000008121,2026-01-06 13:00,0.323889,3,4,6,0,4,4,342,317,659,10,19,29,32.5,13.15,16.9,50.7,12.68,3.29,2.35,0.47,0.0
9000008121,2026-01-06 14:00,0.305,0,0,0,0,0,0,337,349,685,7,32,39,32.5,28.23,9.09,42.11,13.88,2.39,1.91,0.48,0.96
9000008121,2026-01-06 15:00,0.293333,0,5,5,0,0,0,479,457,937,33,53,86,31.5,27.64,12.73,43.27,9.45,3.64,1.82,0.73,0.36
9000008121,2026-01-06 16:00,0.188333,0,0,0,5,34,38,190,329,519,5,5,10,30.0,20.41,29.59,35.71,7.14,4.08,2.04,1.02,1.02
9000008121,2026-01-06 17:00,0.189167,0,0,0,41,62,103,116,169,284,0,13,13,47.5,11.11,20.37,16.67,25.93,14.81,3.7,1.85,5.56
9000008121,2026-01-06 18:00,0.176667,0,0,0,41,41,82,65,112,177,0,0,0,47.0,3.23,32.26,22.58,19.35,19.35,3.23,0.0,0.0
9000008121,2026-01-06 19:00,0.146667,0,0,0,22,16,38,95,145,240,7,9,16,42.5,22.86,37.14,17.14,5.71,14.29,2.86,0.0,2.86
9000008121,2026-01-06 20:00,0.107778,0,0,0,11,26,37,11,63,74,0,0,0,38.0,25.0,12.5,0.0,50.0,0.0,0.0,12.5,0.0
9000008121,2026-01-06 21:00,0.087778,0,0,0,0,21,21,0,21,21,0,12,12,24.0,0.0,50.0,50.0,0.0,0.0,0.0,0.0,0.0
9000008121,2026-01-06 22:00,0.080278,0,0,0,0,0,0,15,0,15,0,0,0,43.5,0.0,0.0,0.0,0.0,0.0,0.0,0.0,0.0
9000008121,2026-01-06 23:00,0.111667,0,0,0,0,0,0,0,0,0,0,0,0,,0.0,0.0,0.0,0.0,0.0,0.0,0.0,0.0
9000008121,2026-01-07 00:00,0.105833,0,0,0,0,0,0,16,0,16,0,0,0,33.5,0.0,50.0,0.0,50.0,0.0,0.0,0.0,0.0
9000008121,2026-01-07 01:00,0.084167,0,0,0,0,0,0,11,0,11,0,0,0,14.0,0.0,100.0,0.0,0.0,0.0,0.0,0.0,0.0
9000008121,2026-01-07 02:00,0.116111,0,0,0,0,0,0,12,18,29,0,0,0,33.0,66.67,0.0,0.0,33.33,0.0,0.0,0.0,0.0
9000008121,2026-01-07 03:00,0.066667,0,0,0,0,0,0,11,15,26,0,0,0,23.0,0.0,50.0,50.0,0.0,0.0,0.0,0.0,0.0
9000008121,2026-01-07 04:00,0.063056,0,0,0,0,0,0,0,0,0,0,0,0,,0.0,0.0,0.0,0.0,0.0,0.0,0.0,0.0
9000008121,2026-01-07 05:00,0.0675,0,0,0,0,0,0,11,11,21,0,0,0,18.5,0.0,0.0,0.0,0.0,0.0,0.0,0.0,0.0
9000008121,2026-01-07 06:00,0.076944,0,0,0,0,27,27,12,68,80,0,0,0,36.0,16.67,50.0,16.67,16.67,0.0,0.0,0.0,0.0
9000008121,2026-01-07 07:00,0.051389,0,0,0,17,0,17,198,197,395,0,49,49,36.5,20.0,30.0,20.0,25.0,5.0,0.0,0.0,0.0
9000008121,2026-01-07 08:00,0.060278,0,0,0,0,18,18,391,499,890,0,39,39,28.5,29.63,16.67,44.44,7.41,0.0,1.85,1.85,0.0
9000008121,2026-01-07 09:00,0.109444,0,0,0,0,11,11,208,285,493,56,25,81,29.0,25.93,24.07,40.74,9.26,1.85,0.0,0.0,0.0
9000008121,2026-01-07 10:00,0.175556,0,0,0,0,0,0,178,260,438,11,25,36,32.0,27.27,15.58,40.26,11.69,2.6,1.3,1.3,0.0
9000008121,2026-01-07 11:00,0.182778,0,0,0,0,0,0,232,215,447,23,46,68,33.5,18.29,21.95,36.59,19.51,3.66,1.22,0.0,0.0
9000008121,2026-01-07 12:00,0.158333,0,0,0,0,0,0,250,176,426,23,58,81,35.5,19.4,17.91,28.36,22.39,1.49,7.46,2.99,1.49
9000008121,2026-01-07 13:00,0.267778,0,0,0,0,3,3,216,292,508,24,60,84,32.5,28.68,10.29,43.38,10.29,5.15,3.68,0.0,0.74
9000008121,2026-01-07 14:00,0.164444,0,0,0,0,0,0,324,512,836,20,30,50,35.0,29.93,17.52,30.66,14.6,3.65,2.19,0.0,0.0
9000008121,2026-01-07 15:00,0.176667,0,0,0,0,7,7,419,434,853,19,34,52,28.0,13.91,28.48,46.36,7.28,1.99,1.32,0.0,0.0
9000008121,2026-01-07 16:00,0.143611,0,0,0,19,19,38,170,407,576,4,12,16,27.5,30.12,31.33,28.92,8.43,0.0,3.61,0.0,0.0
9000008121,2026-01-07 17:00,0.086111,0,0,0,69,154,223,100,224,324,0,0,0,43.0,14.29,32.14,28.57,7.14,10.71,0.0,7.14,3.57
9000008121,2026-01-07 18:00,0.056944,0,0,0,13,62,75,0,338,338,0,13,13,37.5,21.05,10.53,26.32,26.32,0.0,10.53,0.0,5.26
9000008121,2026-01-07 19:00,0.064444,0,0,0,0,113,113,65,88,153,0,18,18,37.0,10.0,20.0,30.0,30.0,10.0,0.0,0.0,0.0
9000008121,2026-01-07 20:00,0.068611,0,0,0,36,0,36,24,31,56,0,0,0,111.5,50.0,0.0,0.0,0.0,0.0,0.0,0.0,50.0
9000008121,2026-01-07 21:00,0.027222,0,0,0,0,0,0,0,55,55,0,27,27,63.5,0.0,0.0,0.0,0.0,0.0,0.0,0.0,0.0
9000008121,2026-01-07 22:00,0.02,0,0,0,0,0,0,0,0,0,0,0,0,,0.0,0.0,0.0,0.0,0.0,0.0,0.0,0.0
9000008121,2026-01-07 23:00,0.023333,0,0,0,0,0,0,0,0,0,0,0,0,,0.0,0.0,0.0,0.0,0.0,0.0,0.0,0.0
9000008121,2026-01-08 00:00,0.012778,38,38,75,150,300,450,38,300,338,150,75,225,34.5,25.0,0.0,0.0,25.0,0.0,0.0,0.0,0.0
9000008121,2026-01-08 01:00,0.028889,0,0,0,0,0,0,0,0,0,0,0,0,,0.0,0.0,0.0,0.0,0.0,0.0,0.0,0.0
9000008121,2026-01-08 02:00,0.020833,0,0,0,0,0,0,0,0,0,0,0,0,,0.0,0.0,0.0,0.0,0.0,0.0,0.0,0.0
9000008121,2026-01-08 03:00,0.011944,0,0,0,0,0,0,0,0,0,0,0,0,,0.0,0.0,0.0,0.0,0.0,0.0,0.0,0.0
9000008121,2026-01-08 04:00,0.008889,0,0,0,0,0,0,0,0,0,0,0,0,,0.0,0.0,0.0,0.0,0.0,0.0,0.0,0.0
9000008121,2026-01-08 05:00,0.01,0,0,0,0,0,0,0,0,0,0,0,0,,0.0,0.0,0.0,0.0,0.0,0.0,0.0,0.0
9000008121,2026-01-08 06:00,0.015278,0,0,0,0,0,0,0,0,0,0,0,0,,0.0,0.0,0.0,0.0,0.0,0.0,0.0,0.0
9000008121,2026-01-08 07:00,0.0075,0,0,0,0,0,0,80,230,310,0,0,0,68.5,50.0,0.0,0.0,0.0,50.0,0.0,50.0,0.0
9000008121,2026-01-08 08:00,0.023611,0,0,0,0,0,0,320,209,529,0,64,64,42.5,41.67,0.0,8.33,8.33,25.0,0.0,0.0,0.0
9000008121,2026-01-08 09:00,0.056389,0,0,0,57,65,123,414,240,654,16,42,58,36.0,21.62,13.51,29.73,18.92,8.11,2.7,0.0,0.0
9000008121,2026-01-08 10:00,0.0875,0,0,0,0,0,0,199,291,489,12,42,54,30.5,30.23,16.28,34.88,11.63,4.65,0.0,2.33,0.0
9000008121,2026-01-08 11:00,0.125278,0,0,0,0,0,0,240,237,478,33,57,90,36.0,10.0,23.33,40.0,16.67,6.67,3.33,0.0,0.0
9000008121,2026-01-08 12:00,0.103333,0,0,0,0,0,0,234,228,461,11,12,24,37.0,8.33,25.0,39.58,14.58,10.42,0.0,0.0,0.0
9000008121,2026-01-08 13:00,0.272222,0,0,0,0,0,0,210,363,573,9,46,55,31.0,15.38,31.41,37.18,8.97,3.21,2.56,0.0,1.28
9000008121,2026-01-08 14:00,0.190833,0,0,0,0,0,0,347,393,740,4,26,31,28.5,21.28,33.33,33.33,4.96,1.42,0.71,2.84,1.42
9000008121,2026-01-08 15:00,0.189167,0,0,0,0,0,0,422,510,932,23,52,75,29.5,15.34,37.5,34.66,9.09,1.7,1.14,1.14,1.14
9000008121,2026-01-08 16:00,0.093889,0,0,0,83,83,165,407,381,789,19,60,80,37.0,12.16,29.73,32.43,16.22,5.41,4.05,0.0,0.0
9000008121,2026-01-08 17:00,0.115833,0,0,0,44,105,148,92,204,296,0,7,7,44.5,8.82,41.18,17.65,17.65,5.88,8.82,0.0,2.94
9000008121,2026-01-08 18:00,0.090833,0,0,0,9,57,66,50,159,209,0,0,0,35.0,5.26,36.84,26.32,26.32,5.26,0.0,0.0,0.0
9000008121,2026-01-08 19:00,0.143056,0,0,0,6,21,26,38,43,81,0,0,0,44.5,16.67,16.67,25.0,16.67,8.33,8.33,0.0,8.33
9000008121,2026-01-08 20:00,0.126389,0,0,0,30,13,43,49,33,82,0,7,7,70.5,20.0,10.0,10.0,0.0,50.0,10.0,0.0,20.0
9000008121,2026-01-08 21:00,0.094167,0,0,0,0,15,15,17,20,37,0,0,0,77.0,33.33,0.0,33.33,0.0,33.33,0.0,0.0,33.33
9000008121,2026-01-08 22:00,0.131111,0,0,0,7,7,13,20,5,25,0,0,0,62.0,0.0,0.0,66.67,0.0,33.33,0.0,33.33,0.0
9000008121,2026-01-08 23:00,0.085,0,0,0,26,0,26,9,0,9,0,0,0,24.0,0.0,0.0,100.0,0.0,0.0,0.0,0.0,0.0
9000008121,2026-01-09 00:00,0.132222,0,0,0,0,6,6,27,16,44,0,0,0,43.5,16.67,0.0,16.67,16.67,50.0,0.0,0.0,0.0
9000008121,2026-01-09 01:00,0.132778,0,0,0,0,0,0,0,0,0,0,0,0,,0.0,0.0,0.0,0.0,0.0,0.0,0.0,0.0
9000008121,2026-01-09 02:00,0.068333,0,0,0,0,0,0,11,0,11,0,0,0,19.0,0.0,100.0,0.0,0.0,0.0,0.0,0.0,0.0
9000008121,2026-01-09 03:00,0.063611,0,0,0,0,0,0,0,0,0,0,0,0,,0.0,0.0,0.0,0.0,0.0,0.0,0.0,0.0
9000008121,2026-01-09 04:00,0.0475,0,0,0,0,0,0,0,0,0,0,0,0,,0.0,0.0,0.0,0.0,0.0,0.0,0.0,0.0
9000008121,2026-01-09 05:00,0.043611,0,0,0,0,0,0,0,39,39,0,0,0,14.0,0.0,100.0,0.0,0.0,0.0,0.0,0.0,0.0
9000008121,2026-01-09 06:00,0.035833,0,0,0,0,74,74,0,196,196,0,0,0,52.5,0.0,28.57,14.29,14.29,0.0,28.57,0.0,0.0
9000008121,2026-01-09 07:00,0.024167,0,0,0,0,22,22,0,44,44,0,0,0,38.5,0.0,0.0,0.0,0.0,0.0,0.0,0.0,0.0
9000008121,2026-01-09 08:00,0.041389,0,0,0,0,0,0,37,38,76,0,0,0,36.5,33.33,33.33,33.33,33.33,0.0,0.0,0.0,0.0
9000008121,2026-01-09 09:00,0.101389,0,0,0,11,0,11,148,113,261,51,0,51,28.5,15.38,23.08,53.85,7.69,0.0,0.0,0.0,0.0
9000008121,2026-01-09 10:00,0.129722,0,0,0,5,0,5,161,137,298,18,8,27,32.5,33.33,15.38,30.77,7.69,5.13,2.56,0.0,2.56
9000008121,2026-01-09 11:00,0.113333,0,0,0,0,0,0,129,154,283,14,0,14,31.5,40.62,9.38,34.38,15.62,0.0,3.12,0.0,0.0
9000008121,2026-01-09 12:00,0.177222,0,0,0,0,0,0,123,186,310,8,35,44,32.5,12.73,32.73,36.36,14.55,5.45,0.0,0.0,0.0
9000008121,2026-01-09 13:00,0.186667,0,0,0,0,0,0,124,235,359,0,40,40,31.0,16.42,32.84,35.82,11.94,4.48,2.99,0.0,0.0
9000008121,2026-01-09 14:00,0.115833,0,0,0,0,0,0,233,167,401,35,25,60,33.5,15.22,19.57,39.13,19.57,2.17,2.17,0.0,2.17
9000008121,2026-01-09 15:00,0.105833,0,0,0,0,0,0,143,181,324,0,20,20,27.5,20.59,23.53,47.06,0.0,5.88,2.94,0.0,0.0
9000008121,2026-01-09 16:00,0.032778,0,0,0,61,0,61,246,144,389,0,0,0,39.5,15.38,7.69,46.15,15.38,7.69,7.69,0.0,0.0
9000008121,2026-01-09 17:00,0.051667,0,0,0,18,20,38,51,35,86,0,33,33,106.5,50.0,0.0,0.0,25.0,0.0,25.0,0.0,25.0
9000008121,2026-01-09 18:00,0.035556,0,0,0,0,0,0,30,90,120,0,0,0,42.0,0.0,25.0,0.0,50.0,25.0,0.0,0.0,0.0
9000008121,2026-01-09 19:00,0.035833,0,0,0,0,0,0,0,71,71,0,0,0,33.0,66.67,0.0,0.0,33.33,0.0,0.0,0.0,0.0
9000008121,2026-01-09 20:00,0.053611,0,0,0,0,18,18,0,89,89,0,0,0,22.0,60.0,20.0,20.0,0.0,0.0,0.0,0.0,0.0
9000008121,2026-01-09 21:00,0.036667,0,0,0,38,0,38,0,60,60,0,0,0,4.0,100.0,0.0,0.0,0.0,0.0,0.0,0.0,0.0
9000008121,2026-01-09 22:00,0.069444,0,0,0,0,8,8,69,58,128,0,0,0,77.5,55.56,11.11,0.0,0.0,0.0,0.0,0.0,44.44
9000008121,2026-01-09 23:00,0.057778,0,0,0,0,0,0,31,16,47,0,0,0,47.0,0.0,66.67,0.0,0.0,33.33,0.0,0.0,0.0
9000008121,2026-01-10 00:00,0.048333,0,0,0,0,0,0,20,46,66,0,0,0,52.5,66.67,0.0,0.0,0.0,0.0,33.33,0.0,0.0
9000008121,2026-01-10 01:00,0.022222,0,0,0,31,0,31,31,0,31,0,0,0,14.0,0.0,100.0,0.0,0.0,0.0,0.0,0.0,0.0
9000008121,2026-01-10 02:00,0.026389,0,0,0,0,0,0,0,0,0,0,0,0,,0.0,0.0,0.0,0.0,0.0,0.0,0.0,0.0
9000008121,2026-01-10 03:00,0.05,0,0,0,0,0,0,0,16,16,0,0,0,4.0,100.0,0.0,0.0,0.0,0.0,0.0,0.0,0.0
9000008121,2026-01-10 04:00,0.02,0,0,0,0,0,0,0,0,0,0,0,0,,0.0,0.0,0.0,0.0,0.0,0.0,0.0,0.0
9000008121,2026-01-10 05:00,0.026667,0,0,0,0,0,0,0,0,0,0,0,0,,0.0,0.0,0.0,0.0,0.0,0.0,0.0,0.0
9000008121,2026-01-10 06:00,0.041944,0,0,0,0,0,0,0,0,0,0,0,0,,0.0,0.0,0.0,0.0,0.0,0.0,0.0,0.0
9000008121,2026-01-10 07:00,0.0325,0,0,0,0,0,0,18,0,18,0,0,0,14.0,0.0,100.0,0.0,0.0,0.0,0.0,0.0,0.0
9000008121,2026-01-10 08:00,0.055278,0,0,0,0,0,0,128,0,128,0,0,0,32.5,14.29,0.0,71.43,28.57,0.0,0.0,0.0,0.0
9000008121,2026-01-10 09:00,0.115278,0,0,0,0,8,8,100,69,169,8,0,8,34.5,25.0,20.0,25.0,25.0,0.0,0.0,5.0,0.0
9000008121,2026-01-10 10:00,0.118056,0,0,0,0,0,0,158,159,317,0,13,13,37.5,18.92,24.32,35.14,10.81,10.81,2.7,0.0,0.0
9000008121,2026-01-10 11:00,0.215833,0,0,0,0,4,4,237,157,395,0,8,8,35.0,11.76,22.35,42.35,15.29,8.24,0.0,1.18,0.0
9000008121,2026-01-10 12:00,0.179722,0,0,0,48,107,156,234,190,424,55,82,137,36.0,27.63,11.84,32.89,17.11,3.95,1.32,1.32,2.63
9000008121,2026-01-10 13:00,0.306111,0,4,4,3,3,7,219,299,518,9,30,39,32.5,28.3,21.38,32.08,10.69,6.29,0.63,0.0,0.63
9000008121,2026-01-10 14:00,0.2475,0,0,0,0,0,0,237,344,580,10,13,23,29.5,25.69,32.64,27.78,10.42,3.47,0.69,0.0,0.0
9000008121,2026-01-10 15:00,0.277778,3,0,3,0,0,0,182,295,476,13,22,35,28.0,23.48,26.52,40.15,6.82,3.03,0.76,0.0,0.0
9000008121,2026-01-10 16:00,0.224722,0,0,0,10,0,10,126,194,319,0,8,8,33.0,11.11,27.78,34.72,16.67,2.78,5.56,0.0,0.0
9000008121,2026-01-10 17:00,0.189444,0,0,0,27,22,50,50,97,147,4,4,7,38.5,21.43,39.29,14.29,14.29,14.29,0.0,0.0,3.57
9000008121,2026-01-10 18:00,0.218611,0,0,0,35,6,41,14,48,62,9,9,18,34.5,14.29,42.86,21.43,7.14,0.0,0.0,14.29,0.0
9000008121,2026-01-10 19:00,0.22,0,0,0,10,14,23,18,54,73,0,15,15,42.5,18.75,43.75,18.75,0.0,6.25,6.25,0.0,6.25
9000008121,2026-01-10 20:00,0.203889,0,0,0,6,8,14,30,28,57,0,0,0,35.5,33.33,25.0,33.33,8.33,0.0,0.0,8.33,0.0
9000008121,2026-01-10 21:00,0.134167,0,0,0,0,0,0,30,48,78,0,0,0,14.0,60.0,30.0,0.0,0.0,0.0,0.0,0.0,0.0
9000008121,2026-01-10 22:00,0.095833,0,0,0,0,0,0,6,15,22,0,17,17,8.0,100.0,0.0,0.0,0.0,0.0,0.0,0.0,0.0
9000008121,2026-01-10 23:00,0.093611,0,0,0,29,0,29,23,29,53,0,0,0,37.0,20.0,0.0,20.0,40.0,0.0,0.0,0.0,0.0
9000008121,2026-01-11 00:00,0.067778,0,0,0,0,0,0,0,38,38,0,0,0,48.5,66.67,0.0,0.0,0.0,66.67,0.0,0.0,0.0
9000008121,2026-01-11 01:00,0.060833,0,0,0,0,0,0,25,65,91,0,0,0,34.5,66.67,16.67,0.0,33.33,0.0,0.0,0.0,0.0
9000008121,2026-01-11 02:00,0.044167,0,0,0,0,0,0,0,0,0,0,0,0,,0.0,0.0,0.0,0.0,0.0,0.0,0.0,0.0
9000008121,2026-01-11 03:00,0.021667,0,0,0,0,0,0,0,22,22,0,0,0,9.0,0.0,0.0,0.0,0.0,0.0,0.0,0.0,0.0
9000008121,2026-01-11 04:00,0.019167,0,0,0,0,0,0,0,0,0,0,0,0,,0.0,0.0,0.0,0.0,0.0,0.0,0.0,0.0
9000008121,2026-01-11 05:00,0.380833,0,0,0,0,0,0,0,0,0,0,0,0,,0.0,0.0,0.0,0.0,0.0,0.0,0.0,0.0
9000008121,2026-01-11 06:00,0.998889,0,0,0,0,0,0,0,0,0,0,0,0,,0.0,0.0,0.0,0.0,0.0,0.0,0.0,0.0
9000008121,2026-01-11 07:00,0.998889,0,0,0,0,0,0,0,0,0,0,0,0,,0.0,0.0,0.0,0.0,0.0,0.0,0.0,0.0
9000008121,2026-01-11 08:00,0.999167,0,0,0,0,0,0,0,0,0,0,0,0,,0.0,0.0,0.0,0.0,0.0,0.0,0.0,0.0
9000008121,2026-01-11 09:00,0.998889,0,0,0,0,0,0,0,0,0,0,0,0,,0.0,0.0,0.0,0.0,0.0,0.0,0.0,0.0
9000008121,2026-01-11 10:00,0.999167,0,0,0,0,0,0,0,0,0,0,0,0,,0.0,0.0,0.0,0.0,0.0,0.0,0.0,0.0
9000008121,2026-01-11 11:00,1.0,0,0,0,0,0,0,0,0,0,0,0,0,,0.0,0.0,0.0,0.0,0.0,0.0,0.0,0.0
9000008121,2026-01-11 12:00,1.0,0,0,0,0,0,0,0,0,0,0,0,0,,0.0,0.0,0.0,0.0,0.0,0.0,0.0,0.0
9000008121,2026-01-11 13:00,1.0,0,0,0,0,0,0,0,0,0,0,0,0,,0.0,0.0,0.0,0.0,0.0,0.0,0.0,0.0
9000008121,2026-01-11 14:00,1.0,0,0,0,0,0,0,0,0,0,0,0,0,,0.0,0.0,0.0,0.0,0.0,0.0,0.0,0.0
9000008121,2026-01-11 15:00,1.0,0,0,0,0,0,0,0,0,0,0,0,0,,0.0,0.0,0.0,0.0,0.0,0.0,0.0,0.0
9000008121,2026-01-11 16:00,1.0,0,0,0,0,0,0,0,0,0,0,0,0,,0.0,0.0,0.0,0.0,0.0,0.0,0.0,0.0
9000008121,2026-01-11 17:00,0.999722,0,0,0,0,0,0,0,0,0,0,0,0,,0.0,0.0,0.0,0.0,0.0,0.0,0.0,0.0
9000008121,2026-01-11 18:00,0.999444,0,0,0,0,0,0,0,0,0,0,0,0,,0.0,0.0,0.0,0.0,0.0,0.0,0.0,0.0
9000008121,2026-01-11 19:00,0.998889,0,0,0,0,0,0,0,0,0,0,0,0,,0.0,0.0,0.0,0.0,0.0,0.0,0.0,0.0
9000008121,2026-01-11 20:00,0.998889,0,0,0,0,0,0,0,0,0,0,0,0,,0.0,0.0,0.0,0.0,0.0,0.0,0.0,0.0
9000008121,2026-01-11 21:00,0.999167,0,0,0,0,0,0,0,0,0,0,0,0,,0.0,0.0,0.0,0.0,0.0,0.0,0.0,0.0
9000008121,2026-01-11 22:00,0.998889,0,0,0,0,0,0,0,0,0,0,0,0,,0.0,0.0,0.0,0.0,0.0,0.0,0.0,0.0
9000008121,2026-01-11 23:00,0.998889,0,0,0,0,0,0,0,0,0,0,0,0,,0.0,0.0,0.0,0.0,0.0,0.0,0.0,0.0
9000008121,2026-01-12 00:00,0.998889,0,0,0,0,0,0,0,0,0,0,0,0,,0.0,0.0,0.0,0.0,0.0,0.0,0.0,0.0
9000008121,2026-01-12 01:00,0.998889,0,0,0,0,0,0,0,0,0,0,0,0,,0.0,0.0,0.0,0.0,0.0,0.0,0.0,0.0
9000008121,2026-01-12 02:00,0.999167,0,0,0,0,0,0,0,0,0,0,0,0,,0.0,0.0,0.0,0.0,0.0,0.0,0.0,0.0
9000008121,2026-01-12 03:00,0.998889,0,0,0,0,0,0,0,0,0,0,0,0,,0.0,0.0,0.0,0.0,0.0,0.0,0.0,0.0
9000008121,2026-01-12 04:00,0.999167,0,0,0,0,0,0,0,0,0,0,0,0,,0.0,0.0,0.0,0.0,0.0,0.0,0.0,0.0
9000008121,2026-01-12 05:00,0.319167,0,0,0,0,0,0,0,0,0,0,0,0,,0.0,0.0,0.0,0.0,0.0,0.0,0.0,0.0
9000008121,2026-01-12 06:00,0.010278,0,0,0,0,0,0,0,129,129,0,0,0,14.0,0.0,100.0,0.0,0.0,0.0,0.0,0.0,0.0
9000008121,2026-01-12 07:00,0.014167,0,0,0,0,0,0,0,194,194,0,0,0,23.0,66.67,0.0,33.33,0.0,0.0,0.0,0.0,0.0
9000008121,2026-01-12 08:00,0.021389,0,0,0,0,0,0,147,115,262,0,0,0,33.0,33.33,0.0,50.0,16.67,0.0,0.0,0.0,0.0
9000008121,2026-01-12 09:00,0.068889,0,0,0,0,0,0,188,441,629,37,16,53,28.0,23.26,39.53,30.23,9.3,0.0,0.0,0.0,0.0
9000008121,2026-01-12 10:00,0.067222,0,0,0,0,0,0,90,152,242,0,0,0,24.0,37.5,18.75,31.25,12.5,0.0,0.0,0.0,0.0
9000008121,2026-01-12 11:00,0.126111,0,0,0,0,10,10,226,207,433,10,48,58,31.0,12.73,21.82,47.27,16.36,1.82,0.0,0.0,0.0
9000008121,2026-01-12 12:00,0.216667,0,0,0,0,0,0,278,223,501,19,52,72,34.0,5.5,20.18,47.71,17.43,2.75,4.59,0.92,0.0
9000008121,2026-01-12 13:00,0.223056,0,0,0,0,7,7,236,208,443,20,13,33,40.0,8.08,14.14,48.48,14.14,10.1,3.03,2.02,1.01
9000008121,2026-01-12 14:00,0.218889,0,0,0,0,0,0,331,315,646,25,39,64,31.5,17.73,23.4,41.84,13.48,1.42,2.13,0.71,0.0
9000008121,2026-01-12 15:00,0.253611,0,0,0,5,19,25,433,444,877,10,33,42,29.5,11.71,27.03,47.3,7.21,2.25,2.7,0.45,0.9
9000008121,2026-01-12 16:00,0.166389,0,0,0,79,14,93,359,359,717,22,11,33,32.5,21.01,27.73,31.93,11.76,3.36,3.36,0.84,0.0
9000008121,2026-01-12 17:00,0.146667,0,0,0,43,53,97,191,189,380,0,18,18,45.5,5.36,12.5,35.71,17.86,17.86,7.14,1.79,0.0
9000008121,2026-01-12 18:00,0.146389,0,0,0,5,50,55,55,144,199,0,16,16,34.5,13.79,31.03,27.59,10.34,3.45,3.45,6.9,3.45
9000008121,2026-01-12 19:00,0.115833,0,0,0,40,0,40,75,50,125,0,8,8,59.0,13.33,33.33,13.33,13.33,0.0,13.33,6.67,6.67
9000008121,2026-01-12 20:00,0.134444,0,0,0,5,13,17,5,99,104,0,0,0,38.0,35.71,35.71,7.14,14.29,7.14,0.0,0.0,7.14
9000008121,2026-01-12 21:00,0.1925,0,0,0,0,11,11,0,37,37,0,0,0,30.5,14.29,42.86,28.57,14.29,0.0,0.0,0.0,0.0
9000008121,2026-01-12 22:00,0.175833,0,0,0,0,6,6,24,23,48,0,5,5,53.5,25.0,12.5,12.5,25.0,0.0,25.0,0.0,0.0
9000008121,2026-01-12 23:00,0.211667,0,0,0,0,0,0,0,5,5,0,0,0,4.0,100.0,0.0,0.0,0.0,0.0,0.0,0.0,0.0
9000008121,2026-01-13 00:00,0.193889,0,0,0,0,0,0,0,8,8,0,0,0,14.0,0.0,100.0,0.0,0.0,0.0,0.0,0.0,0.0
9000008121,2026-01-13 01:00,0.216667,0,0,0,0,0,0,4,0,4,0,0,0,79.0,0.0,0.0,0.0,0.0,0.0,0.0,0.0,100.0
9000008121,2026-01-13 02:00,0.251944,0,0,0,0,0,0,0,0,0,0,0,0,,0.0,0.0,0.0,0.0,0.0,0.0,0.0,0.0
9000008121,2026-01-13 03:00,0.306111,0,0,0,3,0,3,0,9,9,0,0,0,18.0,66.67,33.33,0.0,0.0,0.0,0.0,0.0,0.0
9000008121,2026-01-13 04:00,0.241389,0,0,0,0,0,0,0,0,0,0,0,0,,0.0,0.0,0.0,0.0,0.0,0.0,0.0,0.0
9000008121,2026-01-13 05:00,0.292778,0,0,0,0,0,0,4,0,4,0,0,0,39.0,0.0,0.0,0.0,100.0,0.0,0.0,0.0,0.0
9000008121,2026-01-13 06:00,0.225556,0,0,0,0,22,22,18,58,77,0,0,0,51.5,5.88,23.53,29.41,11.76,11.76,5.88,0.0,5.88
9000008121,2026-01-13 07:00,0.261667,0,0,0,7,29,37,50,129,179,0,4,4,46.5,21.28,27.66,17.02,12.77,10.64,8.51,0.0,2.13
9000008121,2026-01-13 08:00,0.361944,0,2,2,8,12,20,228,476,704,26,26,52,27.5,18.04,44.71,27.06,5.88,2.35,0.78,1.18,0.78
9000008121,2026-01-13 09:00,0.445556,0,0,0,4,2,6,228,318,545,41,56,97,31.5,12.35,32.51,38.27,10.29,4.94,0.82,0.41,0.41
9000008121,2026-01-13 10:00,0.430556,0,0,0,0,4,4,252,311,564,27,40,67,35.0,11.93,27.98,35.8,16.46,4.94,1.65,0.82,0.41
9000008121,2026-01-13 11:00,0.520556,0,0,0,4,4,8,231,277,507,36,34,70,32.0,20.08,25.76,35.23,11.74,3.41,1.52,1.52,0.38
9000008121,2026-01-13 12:00,0.463056,0,0,0,4,0,4,229,291,520,21,42,63,32.5,24.9,21.58,32.37,15.77,3.32,1.24,0.41,0.0
9000008121,2026-01-13 13:00,0.604444,3,0,3,0,9,9,276,342,618,13,48,61,31.0,14.21,27.35,41.82,12.06,2.68,1.34,0.27,0.0
9000008121,2026-01-13 14:00,0.581389,0,0,0,2,5,7,304,404,708,22,40,63,29.5,20.63,26.21,40.29,10.19,1.7,0.49,0.0,0.73
9000008121,2026-01-13 15:00,0.413056,0,0,0,0,5,5,486,440,926,46,43,89,29.0,13.09,27.23,49.48,6.28,1.05,0.79,0.79,1.05
9000008121,2026-01-13 16:00,0.489444,0,0,0,10,2,12,236,182,417,12,12,25,32.0,15.2,23.53,43.63,12.25,2.94,1.47,0.49,0.49
9000008121,2026-01-13 17:00,0.425,0,0,0,8,39,47,28,77,105,0,5,5,37.0,26.67,42.22,13.33,6.67,6.67,2.22,2.22,0.0
9000008121,2026-01-13 18:00,0.391111,0,0,0,2,29,31,32,55,86,0,16,16,46.5,14.71,23.53,20.59,17.65,11.76,2.94,0.0,5.88
9000008121,2026-01-13 19:00,0.453889,0,0,0,2,20,22,18,34,52,2,10,12,46.5,21.74,21.74,4.35,17.39,21.74,4.35,0.0,0.0
9000008121,2026-01-13 20:00,0.385278,0,0,0,2,6,9,22,47,69,0,0,0,35.5,30.77,30.77,19.23,15.38,0.0,0.0,0.0,7.69
9000008121,2026-01-13 21:00,0.516111,0,0,0,0,18,18,14,27,41,0,2,2,56.5,33.33,28.57,19.05,0.0,0.0,14.29,0.0,4.76
9000008121,2026-01-13 22:00,0.587222,0,0,0,1,0,1,5,27,32,0,0,0,19.5,63.16,26.32,10.53,0.0,5.26,0.0,0.0,0.0
9000008121,2026-01-13 23:00,0.497222,0,0,0,2,2,3,0,9,9,0,0,0,31.0,0.0,100.0,0.0,25.0,0.0,0.0,0.0,0.0
9000008121,2026-01-14 00:00,0.416944,0,0,0,0,4,4,4,2,6,0,0,0,89.0,0.0,50.0,0.0,0.0,0.0,0.0,0.0,50.0
9000008121,2026-01-14 01:00,0.499167,0,0,0,0,6,6,6,2,8,0,0,0,26.5,50.0,0.0,50.0,0.0,0.0,0.0,0.0,0.0
9000008121,2026-01-14 02:00,0.456389,0,0,0,0,0,0,0,7,7,0,0,0,8.0,100.0,0.0,0.0,0.0,0.0,0.0,0.0,0.0
9000008121,2026-01-14 03:00,0.504444,0,0,0,0,2,2,0,2,2,0,0,0,29.0,0.0,0.0,100.0,0.0,0.0,0.0,0.0,0.0
9000008121,2026-01-14 04:00,0.506944,0,0,0,0,4,4,0,6,6,0,0,0,52.5,0.0,66.67,0.0,0.0,0.0,33.33,0.0,0.0
9000008121,2026-01-14 05:00,0.535833,0,0,0,0,5,5,2,0,2,0,0,0,14.0,0.0,100.0,0.0,0.0,0.0,0.0,0.0,0.0
9000008121,2026-01-14 06:00,0.537778,0,0,0,5,10,15,8,11,19,0,2,2,41.5,10.0,30.0,20.0,20.0,10.0,0.0,0.0,10.0
9000008121,2026-01-14 07:00,0.538056,0,0,0,5,37,43,37,108,145,1,6,7,39.0,15.38,33.33,24.36,15.38,5.13,5.13,0.0,2.56
9000008121,2026-01-14 08:00,0.507222,0,0,0,14,0,14,281,475,756,13,29,42,29.5,12.79,33.16,39.95,9.14,2.87,0.52,0.78,0.52
9000008121,2026-01-14 09:00,0.515556,4,4,8,6,2,8,252,423,674,17,45,62,29.5,17.82,29.89,39.37,8.62,3.16,0.57,0.0,0.57
9000008121,2026-01-14 10:00,0.525556,0,0,0,0,0,0,234,367,600,13,17,30,29.5,23.81,23.49,39.68,8.25,3.49,0.63,0.32,0.32
9000008121,2026-01-14 11:00,0.644722,3,0,3,5,1,6,274,375,649,9,31,40,29.5,19.38,25.84,41.87,9.09,2.63,0.96,0.0,0.48
9000008121,2026-01-14 12:00,0.612222,0,0,0,3,5,7,248,392,640,14,46,60,31.5,11.48,26.53,44.39,14.03,2.3,1.28,0.0,0.0
9000008121,2026-01-14 13:00,0.648056,0,1,1,3,6,9,306,369,675,20,34,54,30.0,13.27,31.12,40.5,11.67,2.06,0.92,0.23,0.23
9000008121,2026-01-14 14:00,0.595556,0,0,0,0,4,4,389,449,838,14,40,54,30.5,18.84,23.25,42.08,10.02,3.81,1.2,0.0,0.4
9000008121,2026-01-14 15:00,0.628889,1,3,5,3,4,7,476,481,956,25,55,80,29.5,10.48,32.78,43.43,9.48,1.83,0.83,0.67,0.17
9000008121,2026-01-14 16:00,0.530833,0,0,0,16,11,27,354,262,616,12,18,30,29.0,3.67,37.92,47.71,7.95,1.53,0.0,0.31,0.61
9000008121,2026-01-14 17:00,0.522778,0,0,0,7,38,46,23,79,101,2,4,6,39.5,9.43,37.74,22.64,15.09,9.43,5.66,0.0,0.0
9000008121,2026-01-14 18:00,0.399722,0,0,0,10,23,33,38,63,102,0,4,4,41.5,12.2,31.71,21.95,12.2,14.63,0.0,2.44,0.0
9000008121,2026-01-14 19:00,0.426111,0,0,0,8,12,20,24,47,71,0,5,5,52.0,23.33,16.67,13.33,23.33,3.33,10.0,0.0,6.67
9000008121,2026-01-14 20:00,0.404444,0,0,0,4,5,9,2,38,39,0,0,0,31.5,56.25,6.25,18.75,6.25,0.0,0.0,6.25,6.25
9000008121,2026-01-14 21:00,0.273611,0,0,0,0,15,15,7,10,17,0,0,0,65.0,20.0,0.0,20.0,20.0,0.0,0.0,20.0,20.0
9000008121,2026-01-14 22:00,0.375833,0,0,0,0,2,2,0,2,2,0,0,0,24.0,0.0,0.0,100.0,0.0,0.0,0.0,0.0,0.0
9000008121,2026-01-14 23:00,0.316944,0,0,0,5,24,29,11,20,31,0,0,0,40.0,30.0,10.0,10.0,30.0,0.0,10.0,0.0,0.0
9000008121,2026-01-15 00:00,0.381389,0,0,0,2,0,2,10,3,13,0,0,0,26.0,40.0,40.0,20.0,0.0,0.0,0.0,0.0,0.0
9000008121,2026-01-15 01:00,0.343889,0,0,0,0,12,12,0,8,8,0,0,0,18.0,66.67,33.33,0.0,0.0,0.0,0.0,0.0,0.0
9000008121,2026-01-15 02:00,0.230556,0,3,3,37,40,76,57,37,93,25,23,48,43.0,45.45,22.73,4.55,9.09,13.64,4.55,4.55,0.0
9000008121,2026-01-15 03:00,0.337222,0,0,0,0,6,6,0,0,0,0,0,0,,0.0,0.0,0.0,0.0,0.0,0.0,0.0,0.0
9000008121,2026-01-15 04:00,0.412778,0,0,0,0,3,3,3,3,5,0,0,0,43.5,0.0,50.0,0.0,0.0,50.0,0.0,0.0,0.0
9000008121,2026-01-15 05:00,0.373056,0,0,0,0,5,5,0,7,7,0,0,0,38.0,33.33,0.0,33.33,33.33,0.0,0.0,0.0,0.0
9000008121,2026-01-15 06:00,0.357222,0,0,0,0,17,17,10,23,33,0,0,0,50.5,16.67,33.33,25.0,0.0,16.67,8.33,0.0,8.33
9000008121,2026-01-15 07:00,0.441667,0,0,0,2,55,57,44,206,250,0,10,10,39.0,15.45,32.73,28.18,8.18,7.27,3.64,0.91,2.73
9000008121,2026-01-15 08:00,0.500833,0,0,0,3,9,12,296,507,802,20,50,69,28.0,13.43,37.81,39.55,5.72,1.74,1.0,0.25,0.5
9000008121,2026-01-15 09:00,0.435,0,0,0,0,2,2,264,479,743,20,47,67,29.5,21.98,28.48,35.29,10.84,2.79,0.31,0.31,0.0
9000008121,2026-01-15 10:00,0.574722,0,0,0,6,3,9,322,311,634,19,43,63,33.5,21.15,18.41,38.74,16.76,3.85,1.1,0.27,0.0
9000008121,2026-01-15 11:00,0.608333,4,2,5,4,0,4,297,325,623,14,47,61,34.5,16.62,19.79,39.05,16.62,4.49,2.37,0.79,0.53
9000008121,2026-01-15 12:00,0.5725,0,2,2,0,4,4,264,383,648,17,30,47,30.0,17.25,28.84,39.35,9.16,4.58,0.54,0.27,0.0
9000008121,2026-01-15 13:00,0.638889,0,2,2,8,6,14,393,428,822,25,41,66,30.0,17.9,28.38,38.48,12.57,2.1,0.38,0.19,0.19
9000008121,2026-01-15 14:00,0.646389,1,2,3,7,3,10,367,464,831,21,36,58,29.5,20.11,22.91,43.95,8.75,2.79,0.56,0.37,0.37
9000008121,2026-01-15 15:00,0.556111,0,0,0,2,4,6,526,580,1106,22,51,72,29.0,15.61,31.22,42.11,6.99,2.28,1.3,0.49,0.16
9000008121,2026-01-15 16:00,0.567778,0,0,0,3,21,24,291,263,554,15,22,38,30.5,4.44,37.78,42.22,10.16,2.86,1.27,0.63,0.63
9000008121,2026-01-15 17:00,0.579444,0,0,0,3,17,20,11,42,52,0,2,2,33.0,30.0,26.67,20.0,16.67,0.0,6.67,0.0,0.0
9000008121,2026-01-15 18:00,0.512222,0,0,0,15,24,39,32,59,90,0,5,5,37.5,15.22,30.43,21.74,21.74,13.04,0.0,0.0,0.0
9000008121,2026-01-15 19:00,0.507778,0,0,0,3,15,18,14,25,39,0,10,10,57.0,25.0,5.0,30.0,10.0,0.0,20.0,10.0,0.0
9000008121,2026-01-15 20:00,0.499444,0,0,0,1,14,15,2,26,29,2,0,2,60.5,28.57,14.29,0.0,14.29,14.29,7.14,14.29,0.0
9000008121,2026-01-15 21:00,0.501667,0,0,0,0,10,10,9,28,37,0,2,2,61.5,15.79,47.37,10.53,5.26,0.0,10.53,10.53,10.53
9000008121,2026-01-15 22:00,0.531944,0,0,0,0,0,0,9,7,16,2,0,2,38.0,33.33,22.22,11.11,22.22,11.11,0.0,0.0,0.0
9000008121,2026-01-15 23:00,0.491667,0,0,0,0,11,11,4,16,21,0,0,0,33.0,40.0,30.0,10.0,10.0,0.0,10.0,0.0,0.0
9000008121,2026-01-16 00:00,0.399722,0,0,0,0,5,5,3,3,5,0,0,0,38.5,0.0,50.0,0.0,50.0,0.0,0.0,0.0,0.0
9000008121,2026-01-16 01:00,0.455,0,0,0,0,2,2,0,4,4,0,0,0,18.5,50.0,50.0,0.0,0.0,0.0,0.0,0.0,0.0
9000008121,2026-01-16 02:00,0.456389,0,0,0,0,10,10,0,4,4,0,0,0,13.5,50.0,50.0,0.0,0.0,0.0,0.0,0.0,0.0
9000008121,2026-01-16 03:00,0.4275,0,0,0,0,4,4,0,7,7,0,0,0,33.5,0.0,66.67,0.0,66.67,0.0,0.0,0.0,0.0
9000008121,2026-01-16 04:00,0.425556,0,0,0,2,2,4,2,6,8,0,0,0,42.0,0.0,50.0,0.0,25.0,25.0,0.0,0.0,0.0
9000008121,2026-01-16 05:00,0.410556,0,0,0,0,8,8,6,5,10,0,0,0,43.0,25.0,25.0,0.0,25.0,50.0,0.0,0.0,0.0
9000008121,2026-01-16 06:00,0.501667,0,0,0,0,15,15,8,8,17,0,0,0,54.5,0.0,25.0,25.0,12.5,12.5,12.5,0.0,12.5
9000008121,2026-01-16 07:00,0.418056,0,0,0,0,35,35,24,133,157,2,10,12,36.0,21.21,34.85,25.76,7.58,7.58,1.52,0.0,1.52
9000008121,2026-01-16 08:00,0.425,0,0,0,3,0,3,295,465,760,12,42,53,29.0,9.29,36.84,41.8,9.29,0.93,0.62,0.62,0.31
9000008121,2026-01-16 09:00,0.542778,0,6,6,4,9,13,269,361,630,26,34,60,29.5,8.19,40.06,38.01,9.94,2.34,0.88,0.58,0.58
9000008121,2026-01-16 10:00,0.5075,0,5,5,0,10,10,245,279,524,22,41,63,32.0,7.52,25.56,48.5,15.79,1.5,1.13,0.0,0.38
9000008121,2026-01-16 11:00,0.643611,2,0,2,0,6,6,346,360,706,29,33,62,34.0,11.23,24.67,41.85,14.54,4.41,2.64,0.44,0.0
9000008121,2026-01-16 12:00,0.7825,4,0,4,4,1,5,289,402,691,24,31,55,33.0,17.74,19.96,41.96,14.05,4.07,1.29,0.55,0.37
9000008121,2026-01-16 13:00,0.768056,3,2,4,3,4,6,312,442,753,12,50,61,33.5,17.96,25.39,36.79,10.88,6.04,1.73,0.86,0.35
9000008121,2026-01-16 14:00,0.713333,2,2,4,2,23,25,440,603,1043,16,29,45,31.5,12.5,26.75,43.15,10.75,4.3,2.15,0.27,0.0
9000008121,2026-01-16 15:00,0.700556,0,3,3,3,13,17,373,633,1006,18,37,55,29.0,12.77,35.32,40.14,7.23,3.12,0.99,0.43,0.28
9000008121,2026-01-16 16:00,0.641667,0,0,0,5,11,16,136,244,380,12,14,26,29.0,20.49,22.13,45.9,6.15,2.46,0.82,2.46,0.0
9000008121,2026-01-16 17:00,0.63,0,0,0,1,14,15,28,54,82,1,8,10,40.0,21.15,34.62,9.62,19.23,7.69,1.92,3.85,1.92
9000008121,2026-01-16 18:00,0.474167,0,0,0,12,15,27,28,46,74,3,2,5,50.0,25.71,25.71,11.43,14.29,5.71,8.57,5.71,0.0
9000008121,2026-01-16 19:00,0.549167,0,0,0,3,7,10,15,35,50,0,3,3,57.5,32.14,17.86,10.71,3.57,7.14,14.29,7.14,3.57
9000008121,2026-01-16 20:00,0.529167,0,0,0,2,5,6,18,25,43,6,5,11,36.0,26.09,30.43,21.74,8.7,4.35,0.0,0.0,4.35
9000008121,2026-01-16 21:00,0.489167,0,0,0,4,6,10,17,11,28,2,4,6,60.5,7.69,7.69,23.08,23.08,15.38,7.69,7.69,7.69
9000008121,2026-01-16 22:00,0.473611,0,0,0,2,3,5,12,17,28,2,0,2,46.0,30.77,30.77,15.38,7.69,15.38,0.0,0.0,0.0
9000008121,2026-01-16 23:00,0.356111,0,0,0,5,4,9,11,27,38,0,0,0,49.0,53.85,0.0,0.0,15.38,23.08,0.0,7.69,0.0
9000008121,2026-01-17 00:00,0.2625,0,0,0,0,3,3,4,7,11,4,0,4,52.5,33.33,0.0,0.0,0.0,33.33,33.33,0.0,0.0
9000008121,2026-01-17 01:00,0.281667,0,0,0,0,9,9,22,28,50,5,0,5,51.5,42.86,14.29,7.14,0.0,21.43,14.29,7.14,0.0
9000008121,2026-01-17 02:00,0.315,0,0,0,0,0,0,0,8,8,0,0,0,37.5,33.33,33.33,0.0,33.33,0.0,0.0,0.0,0.0
9000008121,2026-01-17 03:00,0.444722,0,0,0,3,2,5,3,4,8,0,0,0,38.0,0.0,66.67,0.0,33.33,0.0,0.0,0.0,0.0
9000008121,2026-01-17 04:00,0.279167,0,0,0,3,0,3,3,0,3,0,0,0,64.0,0.0,0.0,0.0,0.0,0.0,0.0,100.0,0.0
9000008121,2026-01-17 05:00,0.275556,0,0,0,0,0,0,0,7,7,0,0,0,53.5,0.0,50.0,0.0,0.0,0.0,50.0,0.0,0.0
9000008121,2026-01-17 06:00,0.325278,0,0,0,0,6,6,0,3,3,0,3,3,4.0,100.0,0.0,0.0,0.0,0.0,0.0,0.0,0.0
9000008121,2026-01-17 07:00,0.332222,0,0,0,0,0,0,3,32,35,0,0,0,25.5,8.33,50.0,33.33,0.0,0.0,0.0,0.0,0.0
9000008121,2026-01-17 08:00,0.298611,0,0,0,0,2,2,96,80,176,10,2,12,30.5,16.98,20.75,45.28,16.98,0.0,0.0,0.0,0.0
9000008121,2026-01-17 09:00,0.433333,0,0,0,0,0,0,157,146,302,7,18,25,34.5,17.56,19.85,38.93,16.79,3.05,1.53,0.76,0.76
9000008121,2026-01-17 10:00,0.461111,0,3,3,0,0,0,252,224,476,7,23,30,37.5,24.2,20.09,27.85,15.07,7.31,0.91,2.28,1.83
9000008121,2026-01-17 11:00,0.399167,0,3,3,5,10,15,340,303,643,7,28,35,36.0,16.73,25.68,33.07,15.18,5.45,3.11,0.78,0.78
9000008121,2026-01-17 12:00,0.4725,3,0,3,2,11,13,286,385,671,11,18,29,34.0,21.45,23.97,33.44,10.73,4.73,2.21,1.26,2.52
9000008121,2026-01-17 13:00,0.361667,0,2,2,0,16,16,266,417,683,11,16,26,29.0,21.86,31.98,33.2,9.31,1.21,0.4,0.81,1.21
9000008121,2026-01-17 14:00,0.445833,2,2,4,0,0,0,259,485,744,21,30,51,29.5,26.81,31.02,27.71,8.73,3.92,1.2,0.3,0.6
9000008121,2026-01-17 15:00,0.433333,0,0,0,2,17,19,257,344,601,4,8,12,29.0,13.41,29.5,45.21,5.75,2.68,0.77,0.77,1.92
9000008121,2026-01-17 16:00,0.451389,0,0,0,14,9,23,94,192,286,7,18,25,35.0,15.5,23.26,35.66,18.6,3.88,1.55,0.0,0.78
9000008121,2026-01-17 17:00,0.470833,0,0,0,36,20,56,14,50,64,2,4,6,52.5,23.33,33.33,10.0,10.0,6.67,6.67,0.0,13.33
9000008121,2026-01-17 18:00,0.383056,0,0,0,7,39,45,13,67,80,3,27,30,39.0,19.35,32.26,19.35,16.13,3.23,0.0,3.23,9.68
9000008121,2026-01-17 19:00,0.475278,0,0,0,11,5,16,20,24,44,0,3,3,34.0,28.57,23.81,9.52,33.33,0.0,4.76,0.0,0.0
9000008121,2026-01-17 20:00,0.426389,0,0,0,2,11,14,24,22,46,2,12,15,44.0,25.0,25.0,0.0,10.0,20.0,0.0,0.0,10.0
9000008121,2026-01-17 21:00,0.358333,0,0,0,0,7,7,6,19,25,0,6,6,23.5,55.56,11.11,22.22,11.11,0.0,0.0,0.0,0.0
9000008121,2026-01-17 22:00,0.431389,0,0,0,0,0,0,7,19,25,0,7,7,17.5,63.64,27.27,0.0,0.0,9.09,0.0,0.0,0.0
9000008121,2026-01-17 23:00,0.440556,0,0,0,10,5,15,26,25,50,0,10,10,41.0,36.36,36.36,4.55,4.55,13.64,4.55,0.0,0.0
9000008121,2026-01-18 00:00,0.466111,0,0,0,3,2,5,9,20,30,0,0,0,36.0,57.14,14.29,14.29,7.14,7.14,0.0,0.0,0.0
9000008121,2026-01-18 01:00,0.367778,0,0,0,0,0,0,5,12,18,0,3,3,15.0,50.0,33.33,0.0,0.0,16.67,0.0,0.0,0.0
9000008121,2026-01-18 02:00,0.450278,0,0,0,2,0,2,2,7,9,0,0,0,51.5,25.0,25.0,0.0,0.0,25.0,25.0,0.0,0.0
9000008121,2026-01-18 03:00,0.378056,0,0,0,0,0,0,2,6,8,0,0,0,12.5,66.67,33.33,0.0,0.0,0.0,0.0,0.0,0.0
9000008121,2026-01-18 04:00,0.409444,0,0,0,2,2,5,5,5,10,0,0,0,32.0,75.0,0.0,0.0,25.0,0.0,0.0,0.0,0.0
9000008121,2026-01-18 05:00,0.447222,0,0,0,2,4,6,2,4,6,0,0,0,13.0,66.67,33.33,0.0,0.0,0.0,0.0,0.0,0.0
9000008121,2026-01-18 06:00,0.324167,0,0,0,0,7,7,0,3,3,0,0,0,4.0,100.0,0.0,0.0,0.0,0.0,0.0,0.0,0.0
9000008121,2026-01-18 07:00,0.3575,0,0,0,0,0,0,11,17,27,0,0,0,41.5,20.0,30.0,30.0,0.0,10.0,0.0,10.0,0.0
9000008121,2026-01-18 08:00,0.378889,0,0,0,0,2,2,21,54,76,0,7,7,30.5,34.48,31.03,24.14,3.45,6.9,0.0,0.0,3.45
9000008121,2026-01-18 09:00,0.4475,0,0,0,0,3,3,89,101,190,5,7,11,35.0,21.18,17.65,30.59,23.53,1.18,2.35,1.18,2.35
9000008121,2026-01-18 10:00,0.418889,0,0,0,0,4,4,109,126,234,13,14,27,40.5,25.51,15.31,28.57,14.29,11.22,2.04,2.04,1.02
9000008121,2026-01-18 11:00,0.468333,0,0,0,0,2,2,147,135,282,0,8,8,38.5,12.12,21.97,42.42,9.85,8.33,3.79,0.0,0.76
9000008121,2026-01-18 12:00,0.458056,0,0,0,4,0,4,162,214,376,0,16,16,35.5,8.72,22.09,42.44,16.86,6.98,1.74,0.58,0.0
9000008121,2026-01-18 13:00,0.615,0,0,0,2,7,8,230,245,475,4,23,27,38.5,10.27,13.01,46.58,17.81,7.88,3.08,1.71,0.0
9000008121,2026-01-18 14:00,0.58,0,0,0,5,3,8,270,249,519,7,6,13,37.0,21.26,15.61,36.88,13.62,6.98,3.65,1.33,0.66
9000008121,2026-01-18 15:00,0.639167,3,1,4,0,6,6,196,235,431,3,14,17,35.5,28.36,14.18,34.91,11.64,7.27,2.55,1.09,0.36
9000008121,2026-01-18 16:00,0.395,0,0,0,0,2,2,96,137,233,8,8,16,32.0,18.48,18.48,42.39,14.13,3.26,0.0,1.09,1.09
9000008121,2026-01-18 17:00,0.461667,0,0,0,4,9,13,27,35,62,3,9,12,40.0,34.48,17.24,10.34,24.14,3.45,6.9,3.45,0.0
9000008121,2026-01-18 18:00,0.340833,0,0,0,25,26,51,18,54,71,5,0,5,39.5,29.17,45.83,0.0,12.5,0.0,8.33,0.0,8.33
9000008121,2026-01-18 19:00,0.333333,0,0,0,7,18,25,18,64,83,0,3,3,44.5,17.86,32.14,14.29,14.29,7.14,7.14,0.0,3.57
9000008121,2026-01-18 20:00,0.296389,0,0,0,3,4,7,10,43,53,0,0,0,69.0,37.5,18.75,6.25,6.25,0.0,6.25,6.25,12.5
9000008121,2026-01-18 21:00,0.311944,0,0,0,4,8,13,23,34,57,0,4,4,24.5,50.0,27.78,11.11,0.0,0.0,5.56,5.56,0.0
9000008121,2026-01-18 22:00,0.256667,0,0,0,0,8,8,20,28,48,0,4,4,41.0,66.67,16.67,0.0,0.0,16.67,0.0,0.0,0.0
9000008121,2026-01-18 23:00,0.207778,0,0,0,0,3,3,37,51,88,0,5,5,51.0,50.0,5.56,11.11,5.56,5.56,11.11,0.0,5.56
9000008121,2026-01-19 00:00,0.2225,0,0,0,0,0,0,0,4,4,0,0,0,24.0,0.0,0.0,100.0,0.0,0.0,0.0,0.0,0.0
9000008121,2026-01-19 01:00,0.211667,0,0,0,0,6,6,0,3,3,0,0,0,14.0,0.0,100.0,0.0,0.0,0.0,0.0,0.0,0.0
9000008121,2026-01-19 02:00,0.238889,0,0,0,0,0,0,0,0,0,0,0,0,,0.0,0.0,0.0,0.0,0.0,0.0,0.0,0.0
9000008121,2026-01-19 03:00,0.190556,0,0,0,0,0,0,0,0,0,0,0,0,,0.0,0.0,0.0,0.0,0.0,0.0,0.0,0.0
9000008121,2026-01-19 04:00,0.195278,0,0,0,0,4,4,0,9,9,0,0,0,18.5,50.0,50.0,0.0,0.0,0.0,0.0,0.0,0.0
9000008121,2026-01-19 05:00,0.186389,0,0,0,8,13,21,0,5,5,0,0,0,24.0,0.0,0.0,100.0,0.0,0.0,0.0,0.0,0.0
9000008121,2026-01-19 06:00,0.15,0,0,0,0,24,24,21,104,125,0,0,0,40.5,26.32,21.05,26.32,5.26,10.53,0.0,5.26,0.0
9000008121,2026-01-19 07:00,0.1725,0,0,0,0,16,16,91,259,350,0,0,0,34.5,13.33,33.33,31.67,13.33,5.0,3.33,0.0,0.0
9000008121,2026-01-19 08:00,0.239167,0,0,0,0,13,13,337,616,953,18,75,93,27.5,17.11,37.72,35.09,5.26,1.32,0.0,1.32,0.88
9000008121,2026-01-19 09:00,0.258333,0,0,0,8,14,21,285,381,666,22,58,79,31.0,13.95,34.3,35.47,10.47,4.07,1.16,0.0,0.58
9000008121,2026-01-19 10:00,0.329444,0,2,2,0,19,19,286,472,757,11,63,73,31.0,9.2,38.8,36.0,10.8,4.0,0.8,0.8,0.0
9000008121,2026-01-19 11:00,0.343611,2,0,2,0,10,10,237,356,594,19,48,67,33.0,3.43,41.18,34.8,13.24,5.88,1.47,0.0,0.0
9000008121,2026-01-19 12:00,0.353333,2,6,8,5,13,18,286,458,743,9,61,70,31.0,6.08,38.02,39.16,13.31,2.66,0.76,0.0,0.38
9000008121,2026-01-19 13:00,0.471111,0,6,6,2,7,9,260,337,597,16,40,57,34.5,4.63,30.25,41.64,17.44,2.85,1.78,1.07,0.36
9000008121,2026-01-19 14:00,0.533056,2,0,2,4,8,12,359,364,723,13,29,42,36.5,3.12,21.3,46.23,20.0,6.23,2.6,0.26,0.0
9000008121,2026-01-19 15:00,0.591944,0,0,0,6,20,25,507,448,955,18,41,59,33.0,3.19,22.12,53.81,15.58,3.36,1.42,0.18,0.53
9000008121,2026-01-19 16:00,0.449722,0,0,0,22,9,32,413,322,735,13,26,40,30.5,3.02,28.1,53.78,10.27,3.32,1.51,0.3,0.3
9000008121,2026-01-19 17:00,0.452778,0,0,0,14,4,18,32,81,113,0,10,10,36.5,13.73,37.25,19.61,21.57,7.84,0.0,0.0,0.0
9000008121,2026-01-19 18:00,0.404167,0,0,0,16,15,31,49,71,120,0,4,4,48.0,16.67,29.17,20.83,14.58,8.33,4.17,6.25,4.17
9000008121,2026-01-19 19:00,0.386111,0,0,0,8,2,11,53,47,100,2,6,8,42.0,28.21,28.21,15.38,12.82,7.69,0.0,5.13,2.56
9000008121,2026-01-19 20:00,0.344722,0,0,0,12,3,15,28,48,76,0,0,0,32.0,42.31,26.92,11.54,19.23,0.0,0.0,0.0,0.0
9000008121,2026-01-19 21:00,0.284167,0,0,0,17,0,17,6,24,30,0,0,0,24.5,22.22,44.44,22.22,11.11,0.0,0.0,0.0,0.0
9000008121,2026-01-19 22:00,0.226111,0,0,0,10,13,23,0,18,18,0,0,0,20.5,50.0,50.0,25.0,0.0,0.0,0.0,0.0,0.0
9000008121,2026-01-19 23:00,0.119722,0,0,0,0,0,0,0,19,19,0,11,11,28.5,0.0,50.0,50.0,0.0,0.0,0.0,0.0,0.0
9000008121,2026-01-20 00:00,0.251389,0,0,0,0,0,0,7,0,7,0,0,0,18.5,50.0,50.0,0.0,0.0,0.0,0.0,0.0,0.0
9000008121,2026-01-20 01:00,0.245556,0,0,0,0,0,0,0,0,0,0,0,0,,0.0,0.0,0.0,0.0,0.0,0.0,0.0,0.0
9000008121,2026-01-20 02:00,0.120556,0,0,0,0,0,0,0,0,0,0,0,0,,0.0,0.0,0.0,0.0,0.0,0.0,0.0,0.0
9000008121,2026-01-20 03:00,0.1475,0,0,0,0,0,0,5,0,5,0,0,0,14.0,0.0,100.0,0.0,0.0,0.0,0.0,0.0,0.0
9000008121,2026-01-20 04:00,0.163333,0,0,0,0,0,0,5,0,5,0,0,0,64.0,0.0,0.0,0.0,0.0,0.0,0.0,100.0,0.0
9000008121,2026-01-20 05:00,0.121389,0,0,0,23,9,32,6,23,29,0,0,0,18.0,66.67,33.33,0.0,0.0,0.0,0.0,0.0,0.0
9000008121,2026-01-20 06:00,0.144167,0,0,0,8,23,31,46,55,101,0,0,0,33.0,40.0,20.0,13.33,33.33,0.0,0.0,0.0,0.0
9000008121,2026-01-20 07:00,0.0675,0,0,0,21,0,21,96,322,418,0,12,12,40.5,17.86,42.86,14.29,7.14,7.14,10.71,0.0,0.0
9000008121,2026-01-20 08:00,0.230556,0,0,0,11,0,11,269,508,777,12,51,63,30.0,8.94,37.43,37.99,10.61,2.79,2.23,0.56,0.0
9000008121,2026-01-20 09:00,0.234444,0,0,0,0,5,5,279,442,720,17,35,52,31.0,13.02,30.18,40.24,12.43,4.14,0.0,0.0,0.0
9000008121,2026-01-20 10:00,0.315,0,0,0,0,13,13,290,372,662,26,49,74,35.0,11.06,28.85,41.35,11.06,6.25,0.48,0.0,0.96
9000008121,2026-01-20 11:00,0.254444,3,0,3,0,5,5,256,354,610,39,29,68,36.5,5.81,30.32,37.42,16.13,8.39,1.94,0.0,0.0
9000008121,2026-01-20 12:00,0.390833,0,3,3,0,6,6,258,405,662,20,49,69,33.0,8.49,32.43,38.22,15.44,3.86,1.16,0.0,0.39
9000008121,2026-01-20 13:00,0.431667,0,4,4,4,6,10,275,395,670,55,65,120,35.0,3.81,22.49,46.02,19.03,6.57,1.04,0.69,0.0
9000008121,2026-01-20 14:00,0.423333,2,0,2,0,19,19,446,460,905,19,63,82,30.5,2.87,32.11,49.35,11.49,3.66,0.26,0.0,0.0
9000008121,2026-01-20 15:00,0.394722,0,5,5,4,12,16,635,649,1283,15,73,88,31.5,3.94,31.56,48.13,10.85,3.75,0.79,0.99,0.39
9000008121,2026-01-20 16:00,0.370556,0,0,0,16,13,28,387,380,767,7,19,26,29.0,9.15,35.56,42.96,7.39,3.17,0.7,1.41,0.0
9000008121,2026-01-20 17:00,0.200833,0,0,0,27,18,44,97,128,226,0,22,22,32.5,20.0,33.33,28.89,13.33,2.22,0.0,2.22,2.22
9000008121,2026-01-20 18:00,0.231667,0,0,0,26,32,57,76,136,212,6,19,25,40.0,20.41,22.45,14.29,26.53,6.12,2.04,2.04,2.04
9000008121,2026-01-20 19:00,0.227778,0,0,0,32,19,52,44,56,100,0,13,13,40.5,34.78,26.09,13.04,13.04,13.04,0.0,0.0,0.0
9000008121,2026-01-20 20:00,0.255,0,0,0,0,14,14,33,56,89,0,7,7,34.5,30.43,8.7,30.43,21.74,8.7,0.0,0.0,4.35
9000008121,2026-01-20 21:00,0.168056,0,0,0,7,17,24,67,84,151,0,0,0,19.0,36.0,56.0,0.0,0.0,0.0,8.0,0.0,4.0
9000008121,2026-01-20 22:00,0.097222,0,0,0,0,0,0,23,16,39,0,0,0,41.0,50.0,50.0,0.0,0.0,25.0,0.0,0.0,0.0
9000008121,2026-01-20 23:00,0.068333,0,0,0,0,0,0,0,0,0,0,0,0,,0.0,0.0,0.0,0.0,0.0,0.0,0.0,0.0
9000008121,2026-01-21 00:00,0.076111,0,0,0,0,0,0,0,16,16,0,0,0,9.0,100.0,0.0,0.0,0.0,0.0,0.0,0.0,0.0
9000008121,2026-01-21 01:00,0.104167,0,0,0,0,5,5,0,5,5,0,0,0,19.0,0.0,100.0,0.0,0.0,0.0,0.0,0.0,0.0
9000008121,2026-01-21 02:00,0.103611,0,0,0,0,0,0,0,0,0,0,0,0,,0.0,0.0,0.0,0.0,0.0,0.0,0.0,0.0
9000008121,2026-01-21 03:00,0.086389,0,0,0,0,0,0,0,0,0,0,0,0,,0.0,0.0,0.0,0.0,0.0,0.0,0.0,0.0
9000008121,2026-01-21 04:00,0.085833,0,0,0,0,0,0,0,0,0,0,0,0,,0.0,0.0,0.0,0.0,0.0,0.0,0.0,0.0
9000008121,2026-01-21 05:00,0.081111,0,0,0,0,20,20,14,41,55,0,0,0,92.0,25.0,25.0,0.0,0.0,0.0,0.0,0.0,25.0
9000008121,2026-01-21 06:00,0.056667,0,0,0,0,97,97,0,66,66,0,0,0,30.5,50.0,0.0,50.0,25.0,0.0,0.0,0.0,0.0
9000008121,2026-01-21 07:00,0.084444,0,0,0,0,35,35,106,365,471,0,34,34,38.0,15.0,22.5,40.0,7.5,10.0,0.0,0.0,0.0
9000008121,2026-01-21 08:00,0.105278,0,0,0,0,0,0,406,473,879,7,15,22,29.0,23.66,34.41,29.03,10.75,1.08,0.0,1.08,0.0
9000008121,2026-01-21 09:00,0.181111,5,0,5,5,14,20,158,569,726,0,46,46,27.0,16.67,38.64,37.88,4.55,0.76,0.76,0.0,0.76
9000008121,2026-01-21 10:00,0.28,0,8,8,3,0,3,237,433,670,17,43,61,29.0,11.7,36.7,39.36,9.57,1.6,0.0,0.0,0.53
9000008121,2026-01-21 11:00,0.367222,0,3,3,5,0,5,263,352,615,30,27,57,34.0,5.31,33.63,37.61,16.81,5.75,1.33,0.0,0.0
9000008121,2026-01-21 12:00,0.298056,0,7,7,16,7,23,323,296,619,37,38,75,32.5,4.32,31.89,43.24,14.59,4.32,1.08,0.54,0.0
9000008121,2026-01-21 13:00,0.4425,2,12,14,0,11,11,321,315,636,16,37,53,35.0,2.85,32.03,41.28,16.01,5.69,1.42,0.36,0.36
9000008121,2026-01-21 14:00,0.36,0,0,0,0,11,11,474,326,801,15,43,58,38.5,5.56,26.04,39.93,15.28,7.29,4.17,1.39,0.35
9000008121,2026-01-21 15:00,0.459444,4,4,8,6,11,18,531,500,1031,17,56,73,31.5,3.8,24.68,54.01,11.81,2.74,1.69,1.27,0.0
9000008121,2026-01-21 16:00,0.393611,3,0,3,17,13,30,439,382,821,18,38,56,29.0,13.0,27.24,47.99,8.98,1.55,0.0,0.31,0.93
9000008121,2026-01-21 17:00,0.212222,0,0,0,34,13,47,158,110,267,8,8,16,40.0,8.77,26.32,24.56,24.56,5.26,7.02,3.51,0.0
9000008121,2026-01-21 18:00,0.251111,0,0,0,41,8,49,53,91,144,4,15,19,40.0,25.0,27.78,5.56,30.56,13.89,0.0,0.0,0.0
9000008121,2026-01-21 19:00,0.253889,0,0,0,4,8,12,49,84,133,0,7,7,62.0,20.59,26.47,8.82,17.65,2.94,5.88,17.65,0.0
9000008121,2026-01-21 20:00,0.146944,0,0,0,0,5,5,34,129,163,0,0,0,36.5,54.17,4.17,12.5,16.67,8.33,0.0,0.0,0.0
9000008121,2026-01-21 21:00,0.199167,0,0,0,22,19,41,71,68,139,0,0,0,46.0,42.86,14.29,21.43,3.57,3.57,7.14,3.57,0.0
9000008121,2026-01-21 22:00,0.131667,0,0,0,14,0,14,14,49,63,0,7,7,23.5,25.0,50.0,25.0,0.0,0.0,0.0,0.0,0.0
9000008121,2026-01-21 23:00,0.131667,0,0,0,8,8,16,34,32,66,8,0,8,19.5,44.44,33.33,0.0,11.11,0.0,0.0,0.0,0.0
9000008121,2026-01-22 00:00,0.1525,0,0,0,0,0,0,0,0,0,0,9,9,,0.0,0.0,0.0,0.0,0.0,0.0,0.0,0.0
9000008121,2026-01-22 01:00,0.121111,0,0,0,0,0,0,0,0,0,0,0,0,,0.0,0.0,0.0,0.0,0.0,0.0,0.0,0.0
9000008121,2026-01-22 02:00,0.089444,0,0,0,0,0,0,12,0,12,0,0,0,34.0,0.0,0.0,0.0,100.0,0.0,0.0,0.0,0.0
9000008121,2026-01-22 03:00,0.083056,0,0,0,0,0,0,0,8,8,0,0,0,9.0,100.0,0.0,0.0,0.0,0.0,0.0,0.0,0.0
9000008121,2026-01-22 04:00,0.088611,0,0,0,0,0,0,8,0,8,0,0,0,4.0,100.0,0.0,0.0,0.0,0.0,0.0,0.0,0.0
9000008121,2026-01-22 05:00,0.100278,0,0,0,0,38,38,0,14,14,0,0,0,14.0,0.0,100.0,0.0,0.0,0.0,0.0,0.0,0.0
9000008121,2026-01-22 06:00,0.078889,0,0,0,0,9,9,0,9,9,0,0,0,24.0,0.0,0.0,100.0,0.0,0.0,0.0,0.0,0.0
9000008121,2026-01-22 07:00,0.072778,0,0,0,15,122,137,67,464,531,7,22,30,31.5,15.38,38.46,28.21,15.38,2.56,2.56,0.0,0.0
9000008121,2026-01-22 08:00,0.153889,0,0,0,0,7,7,377,657,1035,31,5,36,29.0,11.95,37.74,37.11,8.81,1.89,0.63,1.26,0.63
9000008121,2026-01-22 09:00,0.231667,0,0,0,0,16,16,282,475,757,10,49,59,32.0,9.71,36.57,36.57,12.0,1.14,4.0,0.57,0.0
9000008121,2026-01-22 10:00,0.245278,0,0,0,3,7,10,296,340,636,14,47,61,34.5,5.77,36.54,32.69,16.67,5.77,1.28,0.0,1.92
9000008121,2026-01-22 11:00,0.319722,0,0,0,0,6,6,271,286,557,16,76,92,35.0,3.37,29.78,43.26,14.61,7.87,1.12,0.56,0.0
9000008121,2026-01-22 12:00,0.389167,0,3,3,0,2,2,236,368,604,19,56,75,31.0,2.13,41.7,39.57,14.04,2.13,0.43,0.43,0.0
9000008121,2026-01-22 13:00,0.441389,0,2,2,2,9,10,291,340,631,5,42,47,31.0,0.72,31.54,51.25,11.83,3.23,0.72,0.72,0.0
9000008121,2026-01-22 14:00,0.343056,0,4,4,3,4,7,403,447,850,21,58,79,32.0,2.74,27.74,50.34,11.99,3.77,1.37,0.68,0.68
9000008121,2026-01-22 15:00,0.339722,0,3,3,0,2,2,538,478,1016,15,90,106,31.0,10.43,20.0,53.04,10.43,3.19,1.45,0.29,0.87
9000008121,2026-01-22 16:00,0.288056,0,0,0,23,6,29,403,386,789,16,14,30,30.0,10.13,29.96,44.49,8.81,2.64,1.32,1.32,0.44
9000008121,2026-01-22 17:00,0.193333,0,0,0,16,53,69,41,161,201,0,28,28,33.5,7.69,28.21,38.46,12.82,5.13,2.56,0.0,2.56
9000008121,2026-01-22 18:00,0.231667,0,0,0,19,48,67,71,143,214,0,18,18,29.0,28.0,40.0,18.0,12.0,0.0,0.0,0.0,0.0
9000008121,2026-01-22 19:00,0.172222,0,0,0,26,26,52,48,76,124,0,0,0,39.5,38.1,28.57,4.76,14.29,4.76,4.76,9.52,0.0
9000008121,2026-01-22 20:00,0.120278,0,0,0,14,51,65,38,98,136,0,6,6,32.5,31.25,31.25,12.5,25.0,0.0,0.0,0.0,0.0
9000008121,2026-01-22 21:00,0.138333,0,0,0,10,7,17,7,49,56,0,0,0,19.0,37.5,50.0,12.5,0.0,0.0,0.0,0.0,0.0
9000008121,2026-01-22 22:00,0.089444,0,0,0,13,0,13,0,17,17,0,0,0,23.0,50.0,0.0,50.0,0.0,0.0,0.0,0.0,0.0
9000008121,2026-01-22 23:00,0.144444,0,0,0,0,0,0,0,9,9,0,0,0,64.0,0.0,0.0,0.0,0.0,0.0,0.0,100.0,0.0
9000008121,2026-01-23 00:00,0.08,0,0,0,7,0,7,0,0,0,0,0,0,,0.0,0.0,0.0,0.0,0.0,0.0,0.0,0.0
9000008121,2026-01-23 01:00,0.098333,0,0,0,6,0,6,0,0,0,0,0,0,,0.0,0.0,0.0,0.0,0.0,0.0,0.0,0.0
9000008121,2026-01-23 02:00,0.091111,0,0,0,7,0,7,0,0,0,0,0,0,,0.0,0.0,0.0,0.0,0.0,0.0,0.0,0.0
9000008121,2026-01-23 03:00,0.046944,0,0,0,0,0,0,0,0,0,0,0,0,,0.0,0.0,0.0,0.0,0.0,0.0,0.0,0.0
9000008121,2026-01-23 04:00,0.051667,0,0,0,0,0,0,0,0,0,0,0,0,,0.0,0.0,0.0,0.0,0.0,0.0,0.0,0.0
9000008121,2026-01-23 05:00,0.049167,0,0,0,15,15,30,0,30,30,0,0,0,28.5,0.0,0.0,0.0,0.0,0.0,0.0,0.0,0.0
9000008121,2026-01-23 06:00,0.038333,0,0,0,92,106,198,132,53,185,26,53,79,30.0,14.29,14.29,57.14,14.29,0.0,0.0,0.0,0.0
9000008121,2026-01-23 07:00,0.0325,0,0,0,18,117,136,18,213,232,0,0,0,34.0,12.5,25.0,50.0,12.5,12.5,0.0,0.0,0.0
9000008121,2026-01-23 08:00,0.046667,0,0,0,0,0,0,299,188,487,100,23,123,38.0,13.04,34.78,21.74,30.43,4.35,4.35,0.0,0.0
9000008121,2026-01-23 09:00,0.064722,0,0,0,0,0,0,174,226,399,45,10,55,35.0,11.54,34.62,38.46,11.54,3.85,3.85,0.0,0.0
9000008121,2026-01-23 10:00,0.091111,10,0,10,0,0,0,204,360,563,10,16,25,29.5,19.61,37.25,29.41,11.76,1.96,0.0,0.0,0.0
9000008121,2026-01-23 11:00,0.141667,0,0,0,0,5,5,151,358,509,14,27,41,31.0,19.44,41.67,22.22,9.72,5.56,1.39,1.39,0.0
9000008121,2026-01-23 12:00,0.145,6,6,12,0,22,22,331,421,752,6,45,51,37.0,7.34,32.11,36.7,13.76,8.26,1.83,0.0,0.0
9000008121,2026-01-23 13:00,0.169167,0,5,5,7,0,7,407,429,835,33,19,52,33.0,17.02,26.24,37.59,11.35,4.26,2.13,1.42,0.0
9000008121,2026-01-23 14:00,0.1375,0,8,8,5,0,5,621,233,854,9,31,40,36.5,4.27,23.08,45.3,19.66,7.69,0.85,0.0,0.0
9000008121,2026-01-23 15:00,0.136667,0,0,0,7,0,7,414,399,813,21,9,30,29.5,17.12,29.73,38.74,8.11,1.8,1.8,0.0,1.8
9000008121,2026-01-23 16:00,0.062778,0,10,10,38,17,55,398,372,770,10,36,46,33.0,8.33,31.25,37.5,12.5,6.25,0.0,0.0,2.08
9000008121,2026-01-23 17:00,0.050556,0,0,0,72,0,72,215,123,338,44,16,61,40.5,5.88,35.29,17.65,23.53,17.65,0.0,0.0,0.0
9000008121,2026-01-23 18:00,0.042222,0,0,0,42,0,42,80,144,224,0,0,0,47.5,0.0,22.22,33.33,22.22,11.11,0.0,11.11,0.0
9000008121,2026-01-23 19:00,0.040833,0,0,0,12,0,12,33,33,67,0,0,0,9.0,100.0,0.0,0.0,0.0,0.0,0.0,0.0,0.0
9000008121,2026-01-23 20:00,0.052222,0,0,0,61,14,75,68,135,204,0,14,14,23.5,9.09,63.64,36.36,0.0,0.0,0.0,0.0,0.0
9000008121,2026-01-23 21:00,0.041667,0,0,0,0,0,0,62,65,126,0,0,0,81.5,40.0,40.0,0.0,20.0,0.0,0.0,0.0,20.0
9000008121,2026-01-23 22:00,0.053889,0,0,0,0,0,0,121,43,164,0,0,0,67.0,22.22,0.0,44.44,0.0,0.0,0.0,22.22,0.0
9000008121,2026-01-23 23:00,0.089167,0,0,0,0,12,12,53,54,107,0,0,0,52.5,40.0,20.0,0.0,20.0,0.0,10.0,0.0,10.0
9000008121,2026-01-24 00:00,0.061944,0,0,0,0,0,0,16,44,60,0,0,0,13.5,50.0,50.0,0.0,0.0,0.0,0.0,0.0,0.0
9000008121,2026-01-24 01:00,0.054444,22,0,22,22,112,135,45,90,135,22,45,68,45.5,28.57,14.29,28.57,0.0,14.29,0.0,0.0,0.0
9000008121,2026-01-24 02:00,0.082222,0,0,0,0,0,0,16,16,32,0,0,0,13.5,66.67,66.67,0.0,0.0,0.0,0.0,0.0,0.0
9000008121,2026-01-24 03:00,0.11,0,0,0,0,5,5,0,5,5,0,0,0,4.0,100.0,0.0,0.0,0.0,0.0,0.0,0.0,0.0
9000008121,2026-01-24 04:00,0.081944,0,0,0,0,0,0,0,0,0,0,0,0,,0.0,0.0,0.0,0.0,0.0,0.0,0.0,0.0
9000008121,2026-01-24 05:00,0.084444,0,0,0,0,0,0,0,45,45,0,0,0,19.0,0.0,100.0,0.0,0.0,0.0,0.0,0.0,0.0
9000008121,2026-01-24 06:00,0.052778,0,0,0,0,0,0,0,24,24,0,24,24,24.0,0.0,0.0,100.0,0.0,0.0,0.0,0.0,0.0
9000008121,2026-01-24 07:00,0.064722,0,0,0,0,0,0,14,0,14,0,0,0,14.0,0.0,100.0,0.0,0.0,0.0,0.0,0.0,0.0
9000008121,2026-01-24 08:00,0.125556,0,0,0,0,0,0,82,80,162,7,14,20,43.5,15.0,30.0,20.0,20.0,10.0,5.0,5.0,0.0
9000008121,2026-01-24 09:00,0.223056,0,0,0,0,5,5,173,97,270,8,9,17,35.5,20.0,16.67,33.33,20.0,5.0,0.0,1.67,3.33
9000008121,2026-01-24 10:00,0.216111,0,0,0,0,0,0,136,197,333,3,12,14,36.0,33.33,13.89,29.17,13.89,5.56,1.39,0.0,1.39
9000008121,2026-01-24 11:00,0.243333,0,4,4,0,8,8,207,218,425,20,27,47,32.0,22.33,24.27,34.95,13.59,3.88,1.94,0.0,0.0
9000008121,2026-01-24 12:00,0.237778,0,0,0,0,10,10,254,442,696,9,28,37,32.5,34.34,23.49,24.1,12.05,4.82,0.6,0.6,0.0
9000008121,2026-01-24 13:00,0.288611,0,0,0,0,0,0,309,304,613,3,10,13,33.5,16.38,24.29,37.85,16.38,2.82,1.69,1.13,0.56
9000008121,2026-01-24 14:00,0.256111,0,0,0,0,0,0,262,362,623,14,29,43,28.5,23.75,20.62,45.0,6.88,3.12,0.0,0.0,0.62
9000008121,2026-01-24 15:00,0.259444,0,0,0,3,0,3,301,298,598,7,24,31,30.0,20.65,25.16,39.35,9.68,1.29,1.29,0.65,1.94
9000008121,2026-01-24 16:00,0.193611,0,0,0,12,7,19,149,213,362,25,18,43,35.0,14.29,21.43,41.43,17.14,4.29,1.43,1.43,1.43
9000008121,2026-01-24 17:00,0.2325,0,0,0,35,43,77,18,88,106,8,8,16,38.0,32.0,32.0,8.0,20.0,8.0,4.0,4.0,0.0
9000008121,2026-01-24 18:00,0.204444,0,0,0,16,29,44,26,132,159,4,17,21,41.5,31.25,28.12,9.38,12.5,3.12,6.25,3.12,3.12
9000008121,2026-01-24 19:00,0.106389,0,0,0,27,13,40,26,86,112,0,0,0,64.0,41.67,8.33,16.67,0.0,0.0,0.0,25.0,8.33
9000008121,2026-01-24 20:00,0.127222,0,0,0,9,42,52,9,141,150,0,15,15,57.5,68.42,10.53,0.0,0.0,5.26,5.26,0.0,10.53
9000008121,2026-01-24 21:00,0.188611,0,0,0,0,5,5,5,42,47,6,5,11,38.5,55.56,11.11,11.11,11.11,11.11,0.0,0.0,0.0
9000008121,2026-01-24 22:00,0.116944,0,0,0,9,10,19,16,46,62,0,0,0,13.0,71.43,14.29,0.0,0.0,14.29,0.0,0.0,0.0
9000008121,2026-01-24 23:00,0.113611,0,0,0,0,0,0,8,49,58,8,0,8,40.0,57.14,14.29,0.0,14.29,0.0,0.0,14.29,0.0
9000008121,2026-01-25 00:00,0.168333,0,0,0,4,7,10,4,20,23,0,0,0,5.0,75.0,0.0,0.0,25.0,0.0,0.0,0.0,0.0
9000008121,2026-01-25 01:00,0.145556,0,0,0,0,5,5,0,19,19,0,0,0,8.5,133.33,0.0,0.0,0.0,0.0,0.0,0.0,0.0
9000008121,2026-01-25 02:00,0.108056,0,0,0,0,14,14,7,21,28,0,0,0,22.0,100.0,0.0,33.33,0.0,0.0,0.0,0.0,0.0
9000008121,2026-01-25 03:00,0.119444,0,0,0,0,0,0,0,0,0,0,0,0,,0.0,0.0,0.0,0.0,0.0,0.0,0.0,0.0
9000008121,2026-01-25 04:00,0.144722,0,0,0,0,0,0,0,0,0,0,0,0,,0.0,0.0,0.0,0.0,0.0,0.0,0.0,0.0
9000008121,2026-01-25 05:00,0.146667,0,0,0,12,6,18,0,6,6,0,0,0,19.0,0.0,100.0,0.0,0.0,0.0,0.0,0.0,0.0
9000008121,2026-01-25 06:00,0.100556,0,0,0,0,0,0,0,7,7,0,0,0,9.0,100.0,0.0,0.0,0.0,0.0,0.0,0.0,0.0
9000008121,2026-01-25 07:00,0.109167,0,0,0,0,6,6,13,6,19,0,0,0,53.0,0.0,50.0,50.0,0.0,0.0,50.0,0.0,0.0
9000008121,2026-01-25 08:00,0.181389,5,0,5,0,5,5,38,25,63,0,0,0,33.0,27.27,18.18,36.36,27.27,0.0,0.0,0.0,0.0
9000008121,2026-01-25 09:00,0.251944,14,0,14,0,0,0,84,87,171,5,5,9,34.5,18.6,23.26,32.56,18.6,4.65,2.33,0.0,0.0
9000008121,2026-01-25 10:00,0.254722,0,0,0,0,0,0,86,77,163,0,3,3,37.5,21.43,14.29,40.48,14.29,9.52,0.0,2.38,0.0
9000008121,2026-01-25 11:00,0.303611,5,2,7,0,0,0,121,132,253,10,3,13,37.0,15.58,28.57,35.06,12.99,6.49,2.6,0.0,1.3
9000008121,2026-01-25 12:00,0.219444,7,8,14,0,0,0,168,223,391,3,19,22,30.5,19.77,30.23,34.88,8.14,5.81,2.33,0.0,0.0
9000008121,2026-01-25 13:00,0.303333,8,3,10,0,4,4,212,212,424,7,8,15,36.5,22.48,17.83,34.88,13.95,7.75,0.78,0.78,0.78
9000008121,2026-01-25 14:00,0.226667,6,0,6,0,3,3,196,207,402,4,10,14,32.0,23.08,21.98,35.16,10.99,4.4,2.2,0.0,1.1
9000008121,2026-01-25 15:00,0.274444,0,0,0,0,3,3,118,215,333,3,5,8,29.5,31.87,19.78,35.16,6.59,4.4,1.1,0.0,0.0
9000008121,2026-01-25 16:00,0.184167,0,0,0,0,0,0,128,209,338,6,6,12,38.5,24.19,30.65,25.81,4.84,9.68,3.23,1.61,0.0
9000008121,2026-01-25 17:00,0.131111,0,0,0,7,60,67,27,87,113,0,10,10,42.5,26.67,26.67,13.33,13.33,6.67,0.0,6.67,6.67
9000008121,2026-01-25 18:00,0.190556,17,21,37,48,85,133,73,126,200,74,74,149,38.0,26.32,36.84,13.16,7.89,10.53,2.63,2.63,0.0
9000008121,2026-01-25 19:00,0.165556,0,0,0,20,27,46,17,51,68,0,0,0,41.0,54.55,27.27,0.0,9.09,9.09,0.0,0.0,9.09
9000008121,2026-01-25 20:00,0.110556,0,0,0,16,33,49,8,41,49,12,0,12,30.5,60.0,0.0,40.0,20.0,0.0,0.0,0.0,0.0
9000008121,2026-01-25 21:00,0.129444,0,0,0,0,0,0,30,40,70,0,0,0,103.0,22.22,33.33,0.0,0.0,0.0,0.0,11.11,33.33
9000008121,2026-01-25 22:00,0.198056,0,0,0,0,10,10,29,27,56,0,0,0,65.0,9.09,18.18,18.18,27.27,0.0,0.0,18.18,9.09
9000008121,2026-01-25 23:00,0.146944,0,0,0,0,0,0,0,0,0,0,0,0,,0.0,0.0,0.0,0.0,0.0,0.0,0.0,0.0
9000008121,2026-01-26 00:00,0.181667,0,0,0,0,0,0,0,0,0,6,0,6,,0.0,0.0,0.0,0.0,0.0,0.0,0.0,0.0
9000008121,2026-01-26 01:00,0.253056,0,0,0,0,0,0,6,6,12,0,0,0,19.0,33.33,66.67,0.0,0.0,0.0,0.0,0.0,0.0
9000008121,2026-01-26 02:00,0.214167,0,0,0,5,0,5,5,5,10,0,0,0,43.5,50.0,0.0,0.0,0.0,50.0,0.0,0.0,0.0
9000008121,2026-01-26 03:00,0.259444,0,0,0,0,0,0,0,3,3,0,0,0,14.0,0.0,100.0,0.0,0.0,0.0,0.0,0.0,0.0
9000008121,2026-01-26 04:00,0.219722,0,0,0,0,0,0,0,0,0,0,0,0,,0.0,0.0,0.0,0.0,0.0,0.0,0.0,0.0
9000008121,2026-01-26 05:00,0.202778,0,0,0,0,0,0,5,8,14,0,0,0,58.0,33.33,0.0,0.0,33.33,0.0,33.33,0.0,0.0
9000008121,2026-01-26 06:00,0.226111,0,0,0,10,11,21,0,17,17,0,0,0,32.0,25.0,25.0,25.0,25.0,0.0,0.0,0.0,0.0
9000008121,2026-01-26 07:00,0.196667,0,0,0,18,39,57,71,98,169,0,4,4,40.5,6.06,39.39,27.27,9.09,18.18,0.0,0.0,0.0
9000008121,2026-01-26 08:00,0.283611,2,0,2,3,0,3,250,445,695,28,66,94,29.5,23.86,31.98,30.96,10.66,1.02,0.0,0.51,1.02
9000008121,2026-01-26 09:00,0.328056,0,0,0,0,0,0,191,257,448,25,38,62,30.5,16.33,25.17,42.86,8.16,3.4,4.76,0.0,0.0
9000008121,2026-01-26 10:00,0.336389,3,6,9,0,0,0,173,207,381,41,31,72,29.0,11.72,28.12,48.44,7.03,1.56,2.34,0.78,0.0
9000008121,2026-01-26 11:00,0.369722,0,0,0,0,2,2,185,194,379,20,32,52,31.5,12.14,27.14,43.57,15.71,2.14,0.0,0.0,0.0
9000008121,2026-01-26 12:00,0.3675,0,0,0,0,0,0,217,200,417,12,30,41,34.0,27.45,13.07,40.52,9.15,5.88,1.96,1.96,0.0
9000008121,2026-01-26 13:00,0.346111,0,0,0,2,5,7,235,327,562,17,34,52,31.0,26.29,27.32,29.38,10.82,3.09,1.55,0.0,2.06
9000008121,2026-01-26 14:00,0.310556,0,0,0,0,8,8,325,337,662,23,37,60,31.5,24.76,16.99,41.75,10.19,2.91,2.91,0.49,0.49
9000008121,2026-01-26 15:00,0.331944,3,4,6,3,0,3,352,332,684,18,24,42,32.0,11.45,31.72,37.89,11.45,3.08,0.88,1.76,0.88
9000008121,2026-01-26 16:00,0.321667,0,0,0,0,0,0,298,232,530,7,19,26,34.5,9.36,25.73,39.77,17.54,5.26,0.58,1.17,1.17
9000008121,2026-01-26 17:00,0.304167,0,0,0,7,14,21,45,116,160,0,7,7,42.0,24.49,20.41,24.49,10.2,12.24,2.04,0.0,4.08
9000008121,2026-01-26 18:00,0.229167,0,0,0,3,44,47,37,94,131,3,0,3,48.0,16.67,26.67,23.33,6.67,16.67,3.33,6.67,3.33
9000008121,2026-01-26 19:00,0.249167,0,0,0,6,19,25,38,47,84,0,0,0,56.0,33.33,14.29,9.52,23.81,9.52,14.29,0.0,4.76
9000008121,2026-01-26 20:00,0.203611,0,0,0,6,61,67,18,115,133,0,4,4,42.5,40.74,22.22,14.81,7.41,14.81,0.0,0.0,3.7
9000008121,2026-01-26 21:00,0.19,0,0,0,11,8,19,51,75,126,0,0,0,16.0,70.83,20.83,4.17,4.17,0.0,0.0,0.0,0.0
9000008121,2026-01-26 22:00,0.215,0,0,0,0,0,0,21,27,48,0,0,0,18.5,50.0,40.0,0.0,10.0,10.0,0.0,0.0,0.0
9000008121,2026-01-26 23:00,0.254167,0,0,0,0,8,8,10,22,33,0,0,0,83.0,50.0,25.0,12.5,0.0,0.0,0.0,0.0,25.0
9000008121,2026-01-27 00:00,0.258056,0,0,0,0,0,0,0,14,14,0,0,0,7.5,100.0,0.0,0.0,0.0,0.0,0.0,0.0,0.0
9000008121,2026-01-27 01:00,0.238611,0,0,0,0,3,3,3,3,6,0,0,0,13.5,0.0,0.0,0.0,0.0,0.0,0.0,0.0,0.0
9000008121,2026-01-27 02:00,0.255,0,0,0,0,0,0,0,0,0,0,0,0,,0.0,0.0,0.0,0.0,0.0,0.0,0.0,0.0
9000008121,2026-01-27 03:00,0.266944,0,0,0,0,0,0,4,5,8,0,4,4,33.5,50.0,0.0,0.0,50.0,0.0,0.0,0.0,0.0
9000008121,2026-01-27 04:00,0.289444,0,0,0,0,5,5,6,5,11,0,0,0,52.5,33.33,33.33,0.0,0.0,0.0,33.33,0.0,0.0
9000008121,2026-01-27 05:00,0.2025,0,0,0,0,9,9,15,8,23,0,0,0,55.5,80.0,0.0,0.0,0.0,0.0,20.0,0.0,0.0
9000008121,2026-01-27 06:00,0.189722,0,0,0,0,34,34,44,111,155,0,0,0,38.5,13.79,44.83,20.69,6.9,3.45,10.34,0.0,0.0
9000008121,2026-01-27 07:00,0.187778,0,0,0,3,29,32,115,367,482,0,17,17,30.0,40.0,26.67,17.78,8.89,4.44,2.22,0.0,0.0
9000008121,2026-01-27 08:00,0.259722,0,0,0,0,3,3,276,532,808,14,50,64,28.0,24.76,26.67,40.48,5.24,0.95,0.95,0.95,0.0
9000008121,2026-01-27 09:00,0.307222,0,0,0,5,0,5,277,258,534,19,37,56,31.0,22.56,18.29,42.07,12.2,1.83,1.83,0.0,0.0
9000008121,2026-01-27 10:00,0.4725,0,4,4,0,3,3,241,237,478,38,37,76,37.0,21.24,15.04,37.61,14.6,6.64,2.65,1.33,0.88
9000008121,2026-01-27 11:00,0.325833,0,0,0,0,0,0,196,193,389,24,33,57,34.5,18.9,14.96,42.52,15.75,7.09,0.0,0.79,0.79
9000008121,2026-01-27 12:00,0.350278,0,0,0,0,3,3,189,268,458,9,23,32,31.5,24.38,18.12,39.38,16.88,1.25,0.62,0.0,0.0
9000008121,2026-01-27 13:00,0.365278,0,6,6,0,0,0,248,303,550,5,39,44,31.5,27.36,22.89,32.34,10.95,3.98,1.49,0.5,0.0
9000008121,2026-01-27 14:00,0.3225,0,0,0,7,2,9,314,466,780,23,41,63,29.0,18.65,27.38,42.06,6.35,2.38,1.19,0.79,1.19
9000008121,2026-01-27 15:00,0.291111,0,0,0,0,6,6,413,376,789,18,47,65,31.0,20.87,22.61,39.57,13.04,2.17,1.3,0.43,0.0
9000008121,2026-01-27 16:00,0.344444,0,2,2,2,4,7,346,343,688,22,28,50,32.5,21.1,20.68,40.51,12.66,3.38,0.84,0.42,0.84
9000008121,2026-01-27 17:00,0.263333,0,0,0,18,37,55,72,120,191,0,6,6,38.5,24.0,32.0,20.0,14.0,8.0,0.0,2.0,0.0
9000008121,2026-01-27 18:00,0.329167,0,0,0,3,36,38,28,88,115,3,0,3,43.0,26.32,15.79,23.68,18.42,5.26,0.0,10.53,0.0
9000008121,2026-01-27 19:00,0.287778,0,0,0,0,21,21,17,46,63,8,0,8,36.0,22.22,27.78,27.78,11.11,0.0,5.56,0.0,5.56
9000008121,2026-01-27 20:00,0.259722,0,0,0,14,19,33,29,33,62,0,0,0,51.0,31.25,18.75,12.5,18.75,6.25,12.5,6.25,0.0
9000008121,2026-01-27 21:00,0.255,0,5,5,6,14,20,10,22,32,0,0,0,35.0,50.0,0.0,25.0,12.5,0.0,25.0,0.0,0.0
9000008121,2026-01-27 22:00,0.269722,0,0,0,0,7,7,9,28,37,0,0,0,47.0,10.0,40.0,30.0,10.0,10.0,10.0,0.0,0.0
9000008121,2026-01-27 23:00,0.245833,0,0,0,0,8,8,3,12,15,0,8,8,31.5,50.0,0.0,25.0,25.0,0.0,0.0,0.0,0.0
9000008121,2026-01-28 00:00,0.21,0,0,0,0,5,5,0,28,28,0,0,0,35.0,50.0,16.67,0.0,33.33,0.0,0.0,0.0,0.0
9000008121,2026-01-28 01:00,0.226944,0,0,0,0,0,0,4,9,12,0,0,0,22.5,33.33,33.33,33.33,0.0,0.0,0.0,0.0,0.0
9000008121,2026-01-28 02:00,0.239167,0,0,0,0,3,3,8,7,15,0,0,0,18.5,50.0,50.0,0.0,0.0,0.0,0.0,0.0,0.0
9000008121,2026-01-28 03:00,0.291389,0,0,0,0,0,0,4,0,4,0,0,0,4.0,100.0,0.0,0.0,0.0,0.0,0.0,0.0,0.0
9000008121,2026-01-28 04:00,0.250278,0,0,0,0,0,0,7,15,22,0,0,0,29.0,16.67,50.0,16.67,0.0,16.67,0.0,0.0,0.0
9000008121,2026-01-28 05:00,0.26,0,0,0,0,8,8,8,14,22,0,0,0,66.0,16.67,33.33,50.0,0.0,0.0,0.0,16.67,0.0
9000008121,2026-01-28 06:00,0.226667,0,0,0,0,35,35,27,55,83,0,0,0,33.0,31.58,26.32,26.32,15.79,5.26,5.26,0.0,0.0
9000008121,2026-01-28 07:00,0.296111,0,0,0,10,26,36,75,258,332,0,24,24,32.0,25.51,35.71,19.39,10.2,6.12,2.04,0.0,0.0
9000008121,2026-01-28 08:00,0.228611,0,4,4,0,3,3,337,455,792,23,53,76,28.5,26.52,25.41,35.91,8.84,1.66,1.1,1.1,0.0
9000008121,2026-01-28 09:00,0.456111,8,11,19,0,7,7,230,386,615,22,78,100,29.5,32.74,20.64,33.1,8.54,3.2,0.71,0.36,0.71
9000008121,2026-01-28 10:00,0.364167,6,13,19,0,3,3,181,200,381,12,30,43,33.0,15.11,19.42,46.04,12.23,5.04,0.72,0.72,0.0
9000008121,2026-01-28 11:00,0.285556,6,0,6,0,4,4,205,292,497,29,40,69,33.0,2.11,34.51,44.37,12.68,4.23,0.7,1.41,0.0
9000008121,2026-01-28 12:00,0.420833,12,25,36,0,24,24,225,339,564,20,29,49,35.0,5.49,43.04,29.54,10.97,6.75,2.95,0.84,0.42
9000008121,2026-01-28 13:00,0.450556,17,34,50,6,16,21,256,396,652,11,64,75,31.5,3.4,43.54,36.05,9.86,3.06,2.04,1.36,1.02
9000008121,2026-01-28 14:00,0.258611,5,17,22,0,10,10,266,417,683,14,68,82,29.0,5.65,46.33,35.03,8.47,3.39,0.56,0.0,0.56
9000008121,2026-01-28 15:00,0.326389,13,26,39,0,10,10,417,385,802,11,22,34,30.0,3.05,47.71,34.35,7.63,2.67,1.91,1.91,1.15
9000008121,2026-01-28 16:00,0.233611,0,22,22,13,24,37,297,282,579,19,18,36,32.0,4.44,38.52,40.74,6.67,3.7,2.96,2.22,0.74
9000008121,2026-01-28 17:00,0.218333,0,0,0,51,72,123,118,145,263,0,9,9,40.5,12.28,22.81,19.3,29.82,10.53,1.75,3.51,1.75
9000008121,2026-01-28 18:00,0.253889,0,0,0,11,46,57,24,119,143,5,5,9,39.0,27.78,33.33,13.89,11.11,2.78,2.78,2.78,5.56
9000008121,2026-01-28 19:00,0.208611,0,0,0,5,22,27,85,57,142,0,5,5,39.0,23.33,20.0,10.0,36.67,3.33,3.33,3.33,0.0
9000008121,2026-01-28 20:00,0.271389,0,0,0,19,16,35,17,56,73,0,4,4,33.5,25.0,50.0,10.0,5.0,0.0,10.0,5.0,0.0
9000008121,2026-01-28 21:00,0.246111,0,0,0,0,7,7,3,58,61,0,9,9,13.5,46.67,53.33,0.0,0.0,0.0,0.0,0.0,0.0
9000008121,2026-01-28 22:00,0.204444,0,0,0,9,13,22,0,39,39,0,6,6,17.0,62.5,37.5,0.0,0.0,0.0,0.0,0.0,0.0
9000008121,2026-01-28 23:00,0.226667,0,0,0,0,4,4,12,32,44,0,0,0,19.5,30.0,60.0,0.0,0.0,10.0,0.0,0.0,0.0
9000008121,2026-01-29 00:00,0.243611,0,0,0,3,0,3,0,28,28,0,0,0,30.5,28.57,28.57,14.29,14.29,0.0,0.0,0.0,0.0
9000008121,2026-01-29 01:00,0.281389,0,0,0,0,0,0,0,0,0,0,0,0,,0.0,0.0,0.0,0.0,0.0,0.0,0.0,0.0
9000008121,2026-01-29 02:00,0.208056,0,0,0,0,4,4,4,4,7,0,0,0,9.0,100.0,0.0,0.0,0.0,0.0,0.0,0.0,0.0
9000008121,2026-01-29 03:00,0.210556,0,0,0,0,0,0,0,0,0,0,0,0,,0.0,0.0,0.0,0.0,0.0,0.0,0.0,0.0
9000008121,2026-01-29 04:00,0.188611,0,0,0,0,0,0,7,0,7,0,0,0,4.0,100.0,0.0,0.0,0.0,0.0,0.0,0.0,0.0
9000008121,2026-01-29 05:00,0.263056,0,0,0,9,0,9,10,55,65,0,5,5,54.5,29.41,35.29,11.76,5.88,0.0,11.76,0.0,5.88
9000008121,2026-01-29 06:00,0.244444,0,0,0,15,28,44,60,50,110,0,0,0,37.5,18.52,22.22,29.63,18.52,3.7,7.41,3.7,0.0
9000008121,2026-01-29 07:00,0.217778,0,0,0,26,20,46,64,121,185,0,8,8,38.0,27.5,25.0,25.0,10.0,7.5,5.0,0.0,0.0
9000008121,2026-01-29 08:00,0.250556,0,3,3,14,14,28,399,428,827,25,63,87,30.0,7.25,34.3,44.44,9.66,1.93,0.97,1.45,0.0
9000008121,2026-01-29 09:00,0.252222,3,36,38,0,20,20,219,332,551,16,55,70,29.0,2.16,46.76,38.85,12.23,0.0,0.0,0.0,0.72
9000008121,2026-01-29 10:00,0.33,14,10,25,0,3,3,179,232,411,12,24,37,32.5,3.68,48.53,27.21,13.24,1.47,2.21,1.47,2.21
9000008121,2026-01-29 11:00,0.299722,24,12,36,0,0,0,170,373,544,11,37,48,26.5,6.13,52.76,31.9,6.13,0.0,1.84,1.23,0.61
9000008121,2026-01-29 12:00,0.345833,6,11,17,3,9,12,241,357,598,18,32,50,32.0,18.84,34.3,28.99,10.63,1.45,2.9,1.45,0.97
9000008121,2026-01-29 13:00,0.244722,17,23,40,0,11,11,342,362,704,27,20,47,30.0,8.72,37.79,38.95,11.63,2.33,1.16,0.0,0.0
9000008121,2026-01-29 14:00,0.356667,6,6,12,3,5,8,318,422,740,22,53,75,29.5,25.76,24.62,35.98,8.71,2.27,1.52,1.14,0.0
9000008121,2026-01-29 15:00,0.271389,0,9,9,3,6,9,348,404,752,16,31,46,29.5,14.71,29.9,42.65,9.8,1.47,1.47,0.0,0.98
9000008121,2026-01-29 16:00,0.1775,0,14,14,7,7,14,341,411,752,4,26,30,31.0,6.02,24.06,52.63,14.29,1.5,1.5,0.75,0.75
9000008121,2026-01-29 17:00,0.161111,0,0,0,44,46,90,92,85,177,0,6,6,48.5,28.57,3.57,21.43,17.86,17.86,7.14,0.0,3.57
9000008121,2026-01-29 18:00,0.151944,0,0,0,25,65,90,28,105,133,0,6,6,47.0,30.0,25.0,30.0,5.0,5.0,10.0,0.0,5.0
9000008121,2026-01-29 19:00,0.138889,0,0,0,6,25,31,35,81,116,0,10,10,34.0,43.75,6.25,25.0,12.5,0.0,6.25,6.25,0.0
9000008121,2026-01-29 20:00,0.133611,0,0,0,0,42,42,16,65,81,5,0,5,41.5,54.55,0.0,18.18,0.0,18.18,0.0,0.0,0.0
9000008121,2026-01-29 21:00,0.139167,0,0,0,0,14,14,10,28,37,0,9,9,97.0,60.0,0.0,0.0,0.0,0.0,0.0,0.0,20.0
9000008121,2026-01-29 22:00,0.1275,0,0,0,17,5,21,0,22,22,0,0,0,26.5,33.33,33.33,66.67,0.0,0.0,0.0,0.0,0.0
9000008121,2026-01-29 23:00,0.1475,0,0,0,0,11,11,0,11,11,0,0,0,19.0,0.0,100.0,0.0,0.0,0.0,0.0,0.0,0.0
9000008121,2026-01-30 00:00,0.183611,0,0,0,0,9,9,0,9,9,0,5,5,33.5,50.0,0.0,0.0,50.0,0.0,0.0,0.0,0.0
9000008121,2026-01-30 01:00,0.106389,0,0,0,0,0,0,0,0,0,0,0,0,,0.0,0.0,0.0,0.0,0.0,0.0,0.0,0.0
9000008121,2026-01-30 02:00,0.126111,0,0,0,0,0,0,7,20,27,0,0,0,22.0,66.67,33.33,33.33,0.0,0.0,0.0,0.0,0.0
9000008121,2026-01-30 03:00,0.115278,0,0,0,0,0,0,0,7,7,0,0,0,4.0,100.0,0.0,0.0,0.0,0.0,0.0,0.0,0.0
9000008121,2026-01-30 04:00,0.115,0,0,0,0,0,0,7,0,7,0,0,0,44.0,0.0,0.0,0.0,0.0,100.0,0.0,0.0,0.0
9000008121,2026-01-30 05:00,0.083056,0,0,0,0,0,0,0,23,23,0,0,0,18.5,50.0,50.0,0.0,0.0,0.0,0.0,0.0,0.0
9000008121,2026-01-30 06:00,0.095,0,0,0,0,32,32,31,39,70,0,0,0,33.0,14.29,28.57,28.57,28.57,0.0,0.0,0.0,0.0
9000008121,2026-01-30 07:00,0.111944,0,0,0,12,20,32,150,204,354,8,5,13,33.5,17.5,30.0,30.0,12.5,5.0,2.5,0.0,2.5
9000008121,2026-01-30 08:00,0.175833,0,4,4,0,0,0,336,309,645,22,0,22,31.0,13.27,30.09,41.59,9.73,5.31,0.0,0.0,0.88
9000008121,2026-01-30 09:00,0.233889,0,5,5,0,11,11,231,228,459,18,48,66,30.0,20.56,22.43,42.06,10.28,0.93,1.87,1.87,0.0
9000008121,2026-01-30 10:00,0.232222,15,10,26,6,0,6,212,368,581,10,45,55,33.5,11.11,21.48,45.19,17.78,2.22,1.48,0.74,0.0
9000008121,2026-01-30 11:00,0.249722,3,0,3,0,0,0,341,341,682,41,24,65,32.5,21.76,14.71,44.12,11.18,4.12,1.76,1.18,1.76
9000008121,2026-01-30 12:00,0.236389,0,0,0,0,0,0,384,231,616,8,22,30,33.0,23.29,13.01,41.78,15.07,4.11,0.68,1.37,0.68
9000008121,2026-01-30 13:00,0.296944,0,3,3,0,0,0,295,359,654,20,37,57,34.5,13.4,20.1,44.33,14.95,4.64,1.03,1.55,0.52
9000008121,2026-01-30 14:00,0.281944,0,0,0,0,6,6,415,390,805,9,19,28,31.0,16.3,29.52,37.44,14.1,2.2,0.0,0.44,0.44
9000008121,2026-01-30 15:00,0.299722,0,2,2,0,0,0,325,392,716,20,46,65,30.0,9.77,23.72,51.63,11.63,0.93,1.4,0.0,0.93
9000008121,2026-01-30 16:00,0.28,0,0,0,3,6,9,278,307,585,3,31,34,32.5,16.46,25.61,36.59,14.02,3.66,1.22,1.83,0.61
9000008121,2026-01-30 17:00,0.174167,0,0,0,13,17,30,92,103,195,0,7,7,39.0,11.76,23.53,26.47,26.47,5.88,5.88,0.0,2.94
9000008121,2026-01-30 18:00,0.233889,0,0,0,9,23,32,41,102,143,0,13,13,41.0,12.12,27.27,21.21,24.24,9.09,3.03,0.0,3.03
9000008121,2026-01-30 19:00,0.170278,0,0,0,0,40,40,24,114,138,0,5,5,46.0,16.67,25.0,29.17,4.17,16.67,4.17,0.0,4.17
9000008121,2026-01-30 20:00,0.156389,0,0,0,0,27,27,19,40,59,6,0,6,41.5,22.22,22.22,22.22,22.22,22.22,0.0,0.0,0.0
9000008121,2026-01-30 21:00,0.135556,0,0,0,0,6,6,13,50,63,0,8,8,28.0,44.44,33.33,11.11,11.11,0.0,0.0,0.0,0.0
9000008121,2026-01-30 22:00,0.160278,0,0,0,0,19,19,5,21,26,0,0,0,66.0,0.0,0.0,25.0,50.0,0.0,25.0,25.0,0.0
9000008121,2026-01-30 23:00,0.197778,0,0,0,0,5,5,24,15,39,0,0,0,49.0,25.0,25.0,12.5,12.5,12.5,0.0,12.5,0.0
9000008121,2026-01-31 00:00,0.145,0,0,0,0,0,0,0,39,39,0,7,7,26.0,33.33,50.0,16.67,0.0,0.0,0.0,0.0,0.0
9000008121,2026-01-31 01:00,0.139722,0,0,0,7,0,7,14,0,14,0,0,0,13.5,50.0,50.0,0.0,0.0,0.0,0.0,0.0,0.0
9000008121,2026-01-31 02:00,0.170556,0,0,0,0,10,10,23,5,28,0,5,5,57.0,20.0,20.0,0.0,20.0,0.0,40.0,0.0,0.0
9000008121,2026-01-31 03:00,0.136389,0,0,0,0,0,0,11,0,11,0,0,0,58.5,0.0,0.0,0.0,0.0,0.0,0.0,0.0,0.0
9000008121,2026-01-31 04:00,0.120278,0,0,0,0,0,0,0,55,55,0,0,0,32.5,42.86,0.0,28.57,28.57,0.0,0.0,0.0,0.0
9000008121,2026-01-31 05:00,0.119167,0,0,0,0,0,0,0,0,0,0,0,0,,0.0,0.0,0.0,0.0,0.0,0.0,0.0,0.0
9000008121,2026-01-31 06:00,0.131667,0,0,0,13,6,20,52,101,153,0,0,0,32.0,40.0,35.0,5.0,15.0,5.0,0.0,0.0,0.0
9000008121,2026-01-31 07:00,0.121389,0,0,0,0,14,14,19,29,48,0,0,0,50.0,33.33,16.67,16.67,16.67,16.67,16.67,0.0,0.0
9000008121,2026-01-31 08:00,0.153056,0,0,0,0,0,0,90,95,186,0,14,14,39.0,10.71,39.29,17.86,17.86,10.71,3.57,0.0,0.0
9000008121,2026-01-31 09:00,0.193056,0,0,0,0,7,7,108,117,225,12,0,12,36.5,9.3,20.93,46.51,11.63,2.33,2.33,4.65,0.0
9000008121,2026-01-31 10:00,0.176389,0,0,0,0,6,6,222,102,323,4,4,9,43.0,15.79,15.79,42.11,8.77,7.02,7.02,0.0,3.51
9000008121,2026-01-31 11:00,0.098333,0,0,0,0,0,0,176,259,435,0,31,31,29.0,27.91,20.93,39.53,2.33,6.98,0.0,0.0,2.33
9000008121,2026-01-31 12:00,0.133056,0,0,0,0,0,0,242,233,475,0,7,7,32.0,25.4,22.22,30.16,19.05,1.59,0.0,0.0,0.0
9000008121,2026-01-31 13:00,0.131944,0,0,0,0,0,0,199,237,436,12,24,36,28.5,17.24,24.14,48.28,6.9,3.45,0.0,0.0,0.0
9000008121,2026-01-31 14:00,0.170556,0,0,0,9,14,24,176,235,411,9,9,19,28.5,21.43,24.29,42.86,11.43,0.0,0.0,0.0,0.0
9000008121,2026-01-31 15:00,0.1125,0,0,0,0,0,0,119,290,409,15,20,35,30.5,10.87,32.61,41.3,8.7,4.35,2.17,0.0,0.0
9000008121,2026-01-31 16:00,0.086389,0,0,0,0,0,0,205,148,353,18,15,33,28.0,0.0,38.71,51.61,9.68,0.0,0.0,3.23,0.0
9000008121,2026-01-31 17:00,0.031389,0,0,0,0,0,0,84,164,248,0,0,0,63.5,50.0,37.5,0.0,0.0,0.0,0.0,12.5,12.5
9000008121,2026-01-31 18:00,0.040556,0,0,0,20,22,42,0,110,110,0,0,0,46.0,75.0,0.0,0.0,25.0,25.0,0.0,0.0,0.0
9000008121,2026-01-31 19:00,0.079167,0,0,0,0,0,0,93,24,117,0,12,12,55.5,22.22,0.0,11.11,11.11,0.0,33.33,0.0,0.0
9000008121,2026-01-31 20:00,0.0375,0,0,0,0,0,0,25,69,94,0,0,0,17.0,50.0,50.0,0.0,0.0,0.0,0.0,0.0,0.0
9000008121,2026-01-31 21:00,0.039444,0,0,0,18,0,18,0,40,40,0,0,0,33.5,50.0,0.0,0.0,50.0,0.0,0.0,0.0,0.0
9000008121,2026-01-31 22:00,0.056667,0,0,0,0,0,0,11,43,54,0,43,43,56.5,0.0,0.0,0.0,0.0,66.67,33.33,0.0,0.0
9000008121,2026-01-31 23:00,0.03,0,0,0,0,0,0,45,0,45,0,0,0,4.0,100.0,0.0,0.0,0.0,0.0,0.0,0.0,0.0
9000008121,2026-02-01 00:00,0.034444,0,0,0,0,0,0,0,0,0,0,0,0,,0.0,0.0,0.0,0.0,0.0,0.0,0.0,0.0
9000008121,2026-02-01 01:00,0.025556,0,0,0,0,0,0,25,31,56,0,0,0,48.5,100.0,0.0,0.0,0.0,0.0,0.0,0.0,0.0
9000008121,2026-02-01 02:00,0.049444,0,0,0,0,0,0,0,0,0,0,0,0,,0.0,0.0,0.0,0.0,0.0,0.0,0.0,0.0
9000008121,2026-02-01 03:00,0.033056,0,0,0,0,0,0,75,22,97,0,0,0,68.5,33.33,33.33,0.0,0.0,0.0,0.0,66.67,0.0
9000008121,2026-02-01 04:00,0.020278,0,0,0,0,0,0,0,0,0,0,0,0,,0.0,0.0,0.0,0.0,0.0,0.0,0.0,0.0
9000008121,2026-02-01 05:00,0.034167,0,0,0,0,0,0,0,0,0,0,0,0,,0.0,0.0,0.0,0.0,0.0,0.0,0.0,0.0
9000008121,2026-02-01 06:00,0.0275,0,0,0,0,0,0,139,0,139,0,50,50,42.5,0.0,25.0,0.0,25.0,25.0,0.0,0.0,0.0
9000008121,2026-02-01 07:00,0.028333,0,0,0,0,0,0,0,28,28,0,0,0,24.0,0.0,0.0,100.0,0.0,0.0,0.0,0.0,0.0
9000008121,2026-02-01 08:00,0.065278,0,0,0,0,0,0,0,0,0,11,0,11,,0.0,0.0,0.0,0.0,0.0,0.0,0.0,0.0
9000008121,2026-02-01 09:00,0.043333,0,0,0,0,0,0,18,56,74,0,0,0,37.0,0.0,66.67,0.0,33.33,0.0,0.0,0.0,0.0
9000008121,2026-02-01 10:00,0.0675,0,0,0,0,0,0,51,96,147,0,0,0,33.5,10.0,30.0,30.0,10.0,10.0,0.0,0.0,0.0
9000008121,2026-02-01 11:00,0.068333,0,0,0,0,0,0,68,108,176,20,0,20,36.5,16.67,41.67,25.0,16.67,0.0,0.0,8.33,0.0
9000008121,2026-02-01 12:00,0.066111,0,0,0,0,0,0,198,73,271,31,0,31,57.5,11.11,5.56,16.67,33.33,5.56,11.11,5.56,5.56
9000008121,2026-02-01 13:00,0.046944,0,0,0,0,0,0,120,132,253,41,0,41,29.5,16.67,58.33,16.67,16.67,0.0,0.0,0.0,0.0
9000008121,2026-02-01 14:00,0.079444,0,0,0,0,0,0,198,83,282,0,0,0,41.5,4.55,18.18,40.91,22.73,13.64,4.55,0.0,0.0
9000008121,2026-02-01 15:00,0.065556,0,0,0,0,0,0,214,208,422,0,0,0,37.0,35.71,17.86,21.43,17.86,7.14,0.0,0.0,0.0
9000008121,2026-02-01 16:00,0.055833,0,0,0,0,0,0,159,30,189,17,0,17,40.5,0.0,9.09,27.27,54.55,18.18,0.0,0.0,0.0
9000008121,2026-02-01 17:00,0.074167,0,0,0,0,0,0,36,103,139,0,0,0,33.5,10.0,30.0,20.0,30.0,10.0,0.0,0.0,0.0
9000008121,2026-02-01 18:00,0.03,0,0,0,51,0,51,51,23,74,0,0,0,32.5,50.0,50.0,0.0,50.0,0.0,0.0,0.0,0.0
9000008121,2026-02-01 19:00,0.038056,0,0,0,27,0,27,58,55,113,0,0,0,22.0,0.0,75.0,25.0,0.0,0.0,0.0,0.0,0.0
9000008121,2026-02-01 20:00,0.046944,0,0,0,18,0,18,47,35,83,0,0,0,67.5,0.0,50.0,0.0,0.0,25.0,0.0,25.0,0.0
9000008121,2026-02-01 21:00,0.0475,0,0,0,0,0,0,23,16,39,0,0,0,53.5,50.0,0.0,0.0,0.0,0.0,50.0,0.0,0.0
9000008121,2026-02-01 22:00,0.065,0,0,0,0,0,0,0,9,9,0,0,0,4.0,100.0,0.0,0.0,0.0,0.0,0.0,0.0,0.0
9000008121,2026-02-01 23:00,0.056111,0,0,0,0,0,0,0,0,0,0,0,0,,0.0,0.0,0.0,0.0,0.0,0.0,0.0,0.0
9000008121,2026-02-02 00:00,0.034444,0,0,0,0,0,0,0,75,75,0,0,0,8.5,133.33,0.0,0.0,0.0,0.0,0.0,0.0,0.0
9000008121,2026-02-02 01:00,0.039167,0,0,0,0,0,0,0,0,0,0,0,0,,0.0,0.0,0.0,0.0,0.0,0.0,0.0,0.0
9000008121,2026-02-02 02:00,0.021667,0,0,0,0,0,0,0,0,0,0,0,0,,0.0,0.0,0.0,0.0,0.0,0.0,0.0,0.0
9000008121,2026-02-02 03:00,0.029167,0,0,0,0,0,0,0,0,0,0,0,0,,0.0,0.0,0.0,0.0,0.0,0.0,0.0,0.0
9000008121,2026-02-02 04:00,0.03,0,0,0,0,0,0,0,0,0,0,0,0,,0.0,0.0,0.0,0.0,0.0,0.0,0.0,0.0
9000008121,2026-02-02 05:00,0.013611,0,0,0,0,0,0,0,0,0,0,0,0,,0.0,0.0,0.0,0.0,0.0,0.0,0.0,0.0
9000008121,2026-02-02 06:00,0.013333,0,0,0,0,0,0,0,0,0,0,0,0,,0.0,0.0,0.0,0.0,0.0,0.0,0.0,0.0
9000008121,2026-02-02 07:00,0.018333,0,0,0,0,0,0,28,112,141,0,0,0,61.0,0.0,66.67,33.33,0.0,0.0,0.0,33.33,0.0
9000008121,2026-02-02 08:00,0.026667,0,0,0,0,0,0,140,319,460,0,0,0,62.5,8.33,25.0,25.0,16.67,0.0,0.0,25.0,0.0
9000008121,2026-02-02 09:00,0.034722,0,0,0,0,21,21,64,323,387,0,61,61,25.5,7.69,53.85,30.77,0.0,0.0,0.0,0.0,0.0
9000008121,2026-02-02 10:00,0.032222,0,0,0,0,0,0,249,482,731,0,72,72,39.5,4.17,50.0,20.83,16.67,12.5,0.0,4.17,0.0
9000008121,2026-02-02 11:00,0.031111,0,31,31,31,93,124,190,122,312,62,93,155,33.5,40.0,20.0,10.0,20.0,10.0,0.0,0.0,0.0
9000008121,2026-02-02 12:00,0.018611,0,0,0,0,0,0,366,92,458,32,0,32,37.5,0.0,11.11,55.56,44.44,0.0,0.0,0.0,0.0
9000008121,2026-02-02 13:00,0.030278,0,0,0,0,0,0,98,221,319,86,28,114,27.5,20.0,50.0,30.0,10.0,0.0,0.0,0.0,0.0
9000008121,2026-02-02 14:00,0.062778,0,0,0,0,0,0,232,415,647,0,0,0,29.5,26.83,34.15,24.39,12.2,0.0,0.0,0.0,0.0
9000008121,2026-02-02 15:00,0.024722,0,0,0,0,0,0,506,244,750,60,0,60,40.0,5.26,21.05,31.58,31.58,15.79,0.0,0.0,0.0
9000008121,2026-02-02 16:00,0.025833,0,0,0,21,0,21,152,76,229,0,33,33,32.0,16.67,16.67,50.0,16.67,0.0,0.0,0.0,16.67
9000008121,2026-02-02 17:00,0.0125,0,0,0,0,0,0,0,38,38,0,0,0,24.0,0.0,0.0,0.0,0.0,0.0,0.0,0.0,0.0
9000008121,2026-02-02 18:00,0.010833,0,0,0,0,0,0,100,164,264,0,0,0,23.0,33.33,33.33,33.33,0.0,0.0,0.0,0.0,0.0
9000008121,2026-02-02 19:00,0.018333,0,0,0,123,0,123,273,95,367,0,0,0,68.5,0.0,28.57,14.29,28.57,0.0,0.0,14.29,14.29
9000008121,2026-02-02 20:00,0.0075,0,0,0,0,0,0,0,90,90,0,0,0,24.0,0.0,0.0,100.0,0.0,0.0,0.0,0.0,0.0
9000008121,2026-02-02 21:00,0.021111,0,0,0,0,0,0,360,0,360,0,0,0,49.0,0.0,0.0,0.0,0.0,100.0,0.0,0.0,0.0
9000008121,2026-02-02 22:00,0.024722,0,0,0,0,0,0,0,0,0,0,0,0,,0.0,0.0,0.0,0.0,0.0,0.0,0.0,0.0
9000008121,2026-02-02 23:00,0.014167,0,0,0,0,0,0,0,0,0,0,0,0,,0.0,0.0,0.0,0.0,0.0,0.0,0.0,0.0
9000008121,2026-02-03 00:00,0.023889,0,0,0,0,0,0,0,0,0,0,0,0,,0.0,0.0,0.0,0.0,0.0,0.0,0.0,0.0
9000008121,2026-02-03 01:00,0.030556,0,0,0,0,0,0,0,0,0,0,0,0,,0.0,0.0,0.0,0.0,0.0,0.0,0.0,0.0
9000008121,2026-02-03 02:00,0.02,0,0,0,0,0,0,0,0,0,0,0,0,,0.0,0.0,0.0,0.0,0.0,0.0,0.0,0.0
9000008121,2026-02-03 03:00,0.017222,0,0,0,0,0,0,0,0,0,0,0,0,,0.0,0.0,0.0,0.0,0.0,0.0,0.0,0.0
9000008121,2026-02-03 04:00,0.840556,0,0,0,0,0,0,0,0,0,0,0,0,,0.0,0.0,0.0,0.0,0.0,0.0,0.0,0.0
9000008121,2026-02-03 05:00,0.998889,0,0,0,0,0,0,0,0,0,0,0,0,,0.0,0.0,0.0,0.0,0.0,0.0,0.0,0.0
9000008121,2026-02-03 06:00,0.998889,0,0,0,0,0,0,0,0,0,0,0,0,,0.0,0.0,0.0,0.0,0.0,0.0,0.0,0.0
9000008121,2026-02-03 07:00,0.999167,0,0,0,0,0,0,0,0,0,0,0,0,,0.0,0.0,0.0,0.0,0.0,0.0,0.0,0.0
9000008121,2026-02-03 08:00,0.999167,0,0,0,0,0,0,0,0,0,0,0,0,,0.0,0.0,0.0,0.0,0.0,0.0,0.0,0.0
9000008121,2026-02-03 09:00,0.999167,0,0,0,0,0,0,0,0,0,0,0,0,,0.0,0.0,0.0,0.0,0.0,0.0,0.0,0.0
9000008121,2026-02-03 10:00,0.999444,0,0,0,0,0,0,0,0,0,0,0,0,,0.0,0.0,0.0,0.0,0.0,0.0,0.0,0.0
9000008121,2026-02-03 11:00,0.999167,0,0,0,0,0,0,0,0,0,0,0,0,,0.0,0.0,0.0,0.0,0.0,0.0,0.0,0.0
9000008121,2026-02-03 12:00,0.999722,0,0,0,0,0,0,0,0,0,0,0,0,,0.0,0.0,0.0,0.0,0.0,0.0,0.0,0.0
9000008121,2026-02-03 13:00,0.999722,0,0,0,0,0,0,0,0,0,0,0,0,,0.0,0.0,0.0,0.0,0.0,0.0,0.0,0.0
9000008121,2026-02-03 14:00,0.999722,0,0,0,0,0,0,0,0,0,0,0,0,,0.0,0.0,0.0,0.0,0.0,0.0,0.0,0.0
9000008121,2026-02-03 15:00,1.0,0,0,0,0,0,0,0,0,0,0,0,0,,0.0,0.0,0.0,0.0,0.0,0.0,0.0,0.0
9000008121,2026-02-03 16:00,1.0,0,0,0,0,0,0,0,0,0,0,0,0,,0.0,0.0,0.0,0.0,0.0,0.0,0.0,0.0
9000008121,2026-02-03 17:00,0.999722,0,0,0,0,0,0,0,0,0,0,0,0,,0.0,0.0,0.0,0.0,0.0,0.0,0.0,0.0
9000008121,2026-02-03 18:00,1.0,0,0,0,0,0,0,0,0,0,0,0,0,,0.0,0.0,0.0,0.0,0.0,0.0,0.0,0.0
9000008121,2026-02-03 19:00,1.0,0,0,0,0,0,0,0,0,0,0,0,0,,0.0,0.0,0.0,0.0,0.0,0.0,0.0,0.0
9000008121,2026-02-03 20:00,1.0,0,0,0,0,0,0,0,0,0,0,0,0,,0.0,0.0,0.0,0.0,0.0,0.0,0.0,0.0
9000008121,2026-02-03 21:00,0.999722,0,0,0,0,0,0,0,0,0,0,0,0,,0.0,0.0,0.0,0.0,0.0,0.0,0.0,0.0
9000008121,2026-02-03 22:00,1.0,0,0,0,0,0,0,0,0,0,0,0,0,,0.0,0.0,0.0,0.0,0.0,0.0,0.0,0.0
9000008121,2026-02-03 23:00,1.0,0,0,0,0,0,0,0,0,0,0,0,0,,0.0,0.0,0.0,0.0,0.0,0.0,0.0,0.0
9000008121,2026-02-04 00:00,0.999722,0,0,0,0,0,0,0,0,0,0,0,0,,0.0,0.0,0.0,0.0,0.0,0.0,0.0,0.0
9000008121,2026-02-04 01:00,0.999444,0,0,0,0,0,0,0,0,0,0,0,0,,0.0,0.0,0.0,0.0,0.0,0.0,0.0,0.0
9000008121,2026-02-04 02:00,0.999167,0,0,0,0,0,0,0,0,0,0,0,0,,0.0,0.0,0.0,0.0,0.0,0.0,0.0,0.0
9000008121,2026-02-04 03:00,0.998889,0,0,0,0,0,0,0,0,0,0,0,0,,0.0,0.0,0.0,0.0,0.0,0.0,0.0,0.0
9000008121,2026-02-04 04:00,0.054722,0,0,0,0,0,0,0,0,0,0,0,0,,0.0,0.0,0.0,0.0,0.0,0.0,0.0,0.0
9000008121,2026-02-04 05:00,0.017778,0,0,0,0,0,0,0,43,43,0,0,0,9.0,100.0,0.0,0.0,0.0,0.0,0.0,0.0,0.0
9000008121,2026-02-04 06:00,0.025,0,0,0,0,0,0,50,0,50,0,0,0,44.0,0.0,0.0,0.0,0.0,100.0,0.0,0.0,0.0
9000008121,2026-02-04 07:00,0.029444,0,0,0,0,0,0,171,207,379,0,0,0,22.5,54.55,27.27,9.09,0.0,9.09,0.0,0.0,0.0
9000008121,2026-02-04 08:00,0.063611,0,0,0,0,0,0,282,485,767,13,62,75,27.0,38.78,24.49,24.49,10.2,0.0,0.0,0.0,0.0
9000008121,2026-02-04 09:00,0.067778,0,0,0,0,16,16,250,218,468,12,53,65,36.5,46.88,6.25,18.75,18.75,3.12,0.0,3.12,3.12
9000008121,2026-02-04 10:00,0.073056,0,7,7,0,0,0,285,314,599,0,26,26,35.5,18.18,27.27,34.09,11.36,2.27,2.27,2.27,0.0
9000008121,2026-02-04 11:00,0.094722,0,0,0,0,0,0,239,426,665,12,35,47,30.0,36.51,12.7,36.51,11.11,1.59,1.59,0.0,1.59
9000008121,2026-02-04 12:00,0.138611,0,0,0,0,0,0,357,354,711,37,55,92,38.0,17.17,20.2,30.3,22.22,6.06,4.04,0.0,1.01
9000008121,2026-02-04 13:00,0.159444,0,0,0,5,10,15,344,327,671,41,39,80,36.5,22.43,14.02,32.71,21.5,0.93,3.74,1.87,1.87
9000008121,2026-02-04 14:00,0.149167,0,5,5,0,0,0,224,337,561,26,23,49,30.0,36.9,13.1,35.71,8.33,3.57,1.19,1.19,0.0
9000008121,2026-02-04 15:00,0.194722,0,0,0,0,0,0,413,373,785,10,32,42,34.0,25.49,13.73,36.6,16.34,3.92,2.61,0.0,1.96
9000008121,2026-02-04 16:00,0.138056,0,0,0,6,0,6,246,306,552,41,19,60,29.0,25.0,27.63,35.53,7.89,2.63,2.63,0.0,0.0
