segment_id,date_local,uptime,ped_lft,ped_rgt,ped_total,bike_lft,bike_rgt,bike_total,car_lft,car_rgt,car_total,heavy_lft,heavy_rgt,heavy_total,v85,car_speed0,car_speed10,car_speed20,car_speed30,car_speed40,car_speed50,car_speed60,car_speed70
9000008577,2025-04-25 17:00,0.544722,26,20,46,13,20,33,180,66,246,7,35,42,27.5,7.46,40.3,44.03,7.46,0.75,0.0,0.0,0.0
9000008577,2025-04-25 18:00,0.727778,29,25,54,40,14,54,224,77,301,9,11,21,27.0,6.39,42.92,45.21,5.94,0.0,0.0,0.0,0.0
9000008577,2025-04-25 19:00,0.494722,20,26,47,28,23,51,235,78,312,33,35,68,23.5,10.97,50.32,37.42,1.29,0.0,0.0,0.0,0.0
9000008577,2025-04-26 09:00,0.185,0,0,0,0,0,0,0,0,0,0,0,0,,0.0,0.0,0.0,0.0,0.0,0.0,0.0,0.0
9000008577,2025-04-26 10:00,0.552222,0,0,0,0,0,0,0,0,0,0,0,0,,0.0,0.0,0.0,0.0,0.0,0.0,0.0,0.0
9000008577,2025-04-26 11:00,0.523889,0,0,0,0,0,0,0,0,0,0,0,0,,0.0,0.0,0.0,0.0,0.0,0.0,0.0,0.0
9000008577,2025-04-26 12:00,0.512778,0,0,0,2,0,2,0,0,0,0,0,0,,0.0,0.0,0.0,0.0,0.0,0.0,0.0,0.0
9000008577,2025-04-26 13:00,0.421667,0,0,0,0,0,0,0,0,0,0,0,0,,0.0,0.0,0.0,0.0,0.0,0.0,0.0,0.0
9000008577,2025-04-26 14:00,0.790556,1,0,1,1,0,1,1,0,1,0,0,0,64.0,0.0,0.0,0.0,0.0,0.0,0.0,100.0,0.0
9000008577,2025-04-26 15:00,0.731389,19,14,33,7,3,10,8,0,8,8,0,8,15.5,33.33,66.67,0.0,0.0,0.0,0.0,0.0,0.0
9000008577,2025-04-26 16:00,0.633333,12,7,19,3,1,4,0,0,0,0,0,0,,0.0,0.0,0.0,0.0,0.0,0.0,0.0,0.0
9000008577,2025-04-26 17:00,0.121944,0,0,0,0,0,0,0,0,0,0,0,0,,0.0,0.0,0.0,0.0,0.0,0.0,0.0,0.0
9000008577,2025-04-27 09:00,0.397778,0,0,0,0,0,0,0,0,0,0,0,0,,0.0,0.0,0.0,0.0,0.0,0.0,0.0,0.0
9000008577,2025-04-27 10:00,0.533611,0,0,0,0,0,0,0,0,0,0,0,0,,0.0,0.0,0.0,0.0,0.0,0.0,0.0,0.0
9000008577,2025-04-27 11:00,0.467778,0,0,0,0,0,0,0,0,0,0,0,0,,0.0,0.0,0.0,0.0,0.0,0.0,0.0,0.0
9000008577,2025-04-27 12:00,0.4675,0,0,0,0,0,0,0,0,0,0,0,0,,0.0,0.0,0.0,0.0,0.0,0.0,0.0,0.0
9000008577,2025-04-27 13:00,0.668611,0,0,0,0,0,0,0,0,0,0,0,0,,0.0,0.0,0.0,0.0,0.0,0.0,0.0,0.0
9000008577,2025-04-27 14:00,0.653611,1,3,4,3,1,4,1,0,1,0,1,1,29.0,0.0,0.0,100.0,0.0,0.0,0.0,0.0,0.0
9000008577,2025-04-27 15:00,0.726667,51,22,73,24,10,34,5,1,7,15,3,18,21.5,0.0,80.0,20.0,0.0,0.0,0.0,0.0,0.0
9000008577,2025-04-27 16:00,0.681667,10,1,11,3,4,7,0,0,0,0,0,0,,0.0,0.0,0.0,0.0,0.0,0.0,0.0,0.0
9000008577,2025-04-28 09:00,0.250556,0,0,0,0,0,0,0,0,0,0,0,0,,0.0,0.0,0.0,0.0,0.0,0.0,0.0,0.0
9000008577,2025-04-28 10:00,0.659444,0,0,0,0,0,0,0,0,0,0,0,0,,0.0,0.0,0.0,0.0,0.0,0.0,0.0,0.0
9000008577,2025-04-28 11:00,0.508056,0,0,0,0,0,0,0,0,0,0,0,0,,0.0,0.0,0.0,0.0,0.0,0.0,0.0,0.0
9000008577,2025-04-28 12:00,0.430556,4,0,4,0,2,2,0,0,0,0,0,0,,0.0,0.0,0.0,0.0,0.0,0.0,0.0,0.0
9000008577,2025-04-28 13:00,0.399167,0,0,0,0,0,0,0,0,0,0,0,0,,0.0,0.0,0.0,0.0,0.0,0.0,0.0,0.0
9000008577,2025-04-28 14:00,0.602222,4,1,5,0,0,0,0,0,0,1,0,1,,0.0,0.0,0.0,0.0,0.0,0.0,0.0,0.0
9000008577,2025-04-28 15:00,0.744722,18,12,30,7,0,7,7,0,7,3,0,3,26.5,40.0,20.0,40.0,0.0,0.0,0.0,0.0,0.0
9000008577,2025-04-28 16:00,0.636944,4,0,4,2,1,3,0,0,0,0,0,0,,0.0,0.0,0.0,0.0,0.0,0.0,0.0,0.0
9000008577,2025-04-28 17:00,0.131944,0,0,0,0,0,0,0,0,0,0,0,0,,0.0,0.0,0.0,0.0,0.0,0.0,0.0,0.0
9000008577,2025-04-29 09:00,0.572222,0,0,0,0,0,0,0,0,0,0,0,0,,0.0,0.0,0.0,0.0,0.0,0.0,0.0,0.0
9000008577,2025-04-29 10:00,0.449444,0,0,0,0,0,0,0,0,0,0,0,0,,0.0,0.0,0.0,0.0,0.0,0.0,0.0,0.0
9000008577,2025-04-29 11:00,0.585833,0,0,0,0,0,0,0,0,0,0,0,0,,0.0,0.0,0.0,0.0,0.0,0.0,0.0,0.0
9000008577,2025-04-29 12:00,0.593611,0,1,1,0,0,0,0,0,0,0,0,0,,0.0,0.0,0.0,0.0,0.0,0.0,0.0,0.0
9000008577,2025-04-29 13:00,0.586389,0,0,0,0,0,0,0,0,0,0,0,0,,0.0,0.0,0.0,0.0,0.0,0.0,0.0,0.0
9000008577,2025-04-29 14:00,0.660833,3,3,6,0,2,2,0,0,0,12,0,12,,0.0,0.0,0.0,0.0,0.0,0.0,0.0,0.0
9000008577,2025-04-29 15:00,0.768889,22,9,31,7,1,8,13,0,13,18,8,26,4.5,100.0,0.0,0.0,0.0,0.0,0.0,0.0,0.0
9000008577,2025-04-29 16:00,0.653056,4,8,13,4,4,9,1,0,1,0,0,0,4.0,100.0,0.0,0.0,0.0,0.0,0.0,0.0,0.0
9000008577,2025-04-29 17:00,0.31,0,0,0,0,0,0,0,0,0,0,0,0,,0.0,0.0,0.0,0.0,0.0,0.0,0.0,0.0
9000008577,2025-04-29 18:00,0.175833,0,0,0,0,0,0,0,0,0,0,0,0,,0.0,0.0,0.0,0.0,0.0,0.0,0.0,0.0
9000008577,2025-04-30 09:00,0.098889,0,0,0,0,0,0,0,0,0,0,0,0,,0.0,0.0,0.0,0.0,0.0,0.0,0.0,0.0
9000008577,2025-04-30 10:00,0.415278,0,0,0,0,0,0,0,0,0,0,0,0,,0.0,0.0,0.0,0.0,0.0,0.0,0.0,0.0
9000008577,2025-04-30 11:00,0.434444,0,4,4,0,0,0,0,0,0,0,0,0,,0.0,0.0,0.0,0.0,0.0,0.0,0.0,0.0
9000008577,2025-04-30 12:00,0.458889,0,0,0,0,0,0,0,0,0,0,0,0,,0.0,0.0,0.0,0.0,0.0,0.0,0.0,0.0
9000008577,2025-04-30 13:00,0.525556,4,0,4,0,0,0,0,0,0,0,0,0,,0.0,0.0,0.0,0.0,0.0,0.0,0.0,0.0
9000008577,2025-04-30 14:00,0.7175,3,1,4,0,3,3,1,0,1,4,1,5,4.0,100.0,0.0,0.0,0.0,0.0,0.0,0.0,0.0
9000008577,2025-04-30 15:00,0.769167,18,3,21,7,3,9,5,0,5,8,0,8,4.0,100.0,0.0,0.0,0.0,0.0,0.0,0.0,0.0
9000008577,2025-04-30 16:00,0.698333,3,1,5,1,2,3,0,0,0,0,0,0,,0.0,0.0,0.0,0.0,0.0,0.0,0.0,0.0
9000008577,2025-04-30 17:00,0.106389,0,0,0,0,0,0,0,0,0,0,0,0,,0.0,0.0,0.0,0.0,0.0,0.0,0.0,0.0
9000008577,2025-04-30 18:00,0.048056,0,0,0,0,0,0,0,0,0,0,0,0,,0.0,0.0,0.0,0.0,0.0,0.0,0.0,0.0
9000008577,2025-05-01 10:00,0.488333,0,0,0,0,0,0,0,0,0,0,0,0,,0.0,0.0,0.0,0.0,0.0,0.0,0.0,0.0
9000008577,2025-05-01 11:00,0.730278,0,0,0,0,0,0,0,0,0,0,0,0,,0.0,0.0,0.0,0.0,0.0,0.0,0.0,0.0
9000008577,2025-05-01 12:00,0.599444,0,0,0,0,0,0,0,0,0,0,0,0,,0.0,0.0,0.0,0.0,0.0,0.0,0.0,0.0
9000008577,2025-05-01 13:00,0.458889,0,0,0,0,0,0,0,0,0,0,0,0,,0.0,0.0,0.0,0.0,0.0,0.0,0.0,0.0
9000008577,2025-05-01 14:00,0.591111,0,0,0,0,0,0,0,0,0,0,0,0,,0.0,0.0,0.0,0.0,0.0,0.0,0.0,0.0
9000008577,2025-05-01 15:00,0.528333,2,4,6,2,0,2,0,0,0,6,0,6,,0.0,0.0,0.0,0.0,0.0,0.0,0.0,0.0
9000008577,2025-05-01 16:00,0.632222,6,4,10,3,0,3,0,0,0,0,0,0,,0.0,0.0,0.0,0.0,0.0,0.0,0.0,0.0
9000008577,2025-05-01 17:00,0.040833,0,0,0,0,0,0,0,0,0,0,0,0,,0.0,0.0,0.0,0.0,0.0,0.0,0.0,0.0
9000008577,2025-05-02 09:00,0.185556,0,0,0,0,0,0,0,0,0,0,0,0,,0.0,0.0,0.0,0.0,0.0,0.0,0.0,0.0
9000008577,2025-05-02 10:00,0.481389,0,0,0,0,0,0,0,0,0,0,0,0,,0.0,0.0,0.0,0.0,0.0,0.0,0.0,0.0
9000008577,2025-05-02 11:00,0.396111,0,0,0,0,0,0,0,0,0,0,0,0,,0.0,0.0,0.0,0.0,0.0,0.0,0.0,0.0
9000008577,2025-05-02 12:00,0.466389,0,0,0,0,8,8,0,0,0,0,0,0,,0.0,0.0,0.0,0.0,0.0,0.0,0.0,0.0
9000008577,2025-05-02 13:00,0.529167,2,2,4,0,0,0,0,0,0,0,0,0,,0.0,0.0,0.0,0.0,0.0,0.0,0.0,0.0
9000008577,2025-05-02 14:00,0.576667,4,0,4,0,0,0,3,0,3,3,0,3,23.5,0.0,0.0,0.0,0.0,0.0,0.0,0.0,0.0
9000008577,2025-05-02 15:00,0.384722,19,10,28,8,5,13,4,0,4,4,0,4,14.0,0.0,100.0,0.0,0.0,0.0,0.0,0.0,0.0
9000008577,2025-05-02 16:00,0.434722,25,25,51,29,29,59,2,0,2,2,0,2,9.0,100.0,0.0,0.0,0.0,0.0,0.0,0.0,0.0
9000008577,2025-05-02 17:00,0.391389,0,0,0,0,0,0,0,0,0,0,0,0,,0.0,0.0,0.0,0.0,0.0,0.0,0.0,0.0
9000008577,2025-05-02 18:00,0.063611,0,0,0,0,0,0,0,0,0,0,0,0,,0.0,0.0,0.0,0.0,0.0,0.0,0.0,0.0
9000008577,2025-05-03 09:00,0.048333,0,0,0,0,0,0,0,0,0,0,0,0,,0.0,0.0,0.0,0.0,0.0,0.0,0.0,0.0
9000008577,2025-05-03 10:00,0.455556,0,0,0,0,0,0,0,0,0,0,0,0,,0.0,0.0,0.0,0.0,0.0,0.0,0.0,0.0
9000008577,2025-05-03 11:00,0.526944,0,0,0,0,0,0,0,0,0,0,0,0,,0.0,0.0,0.0,0.0,0.0,0.0,0.0,0.0
9000008577,2025-05-03 12:00,0.533056,0,0,0,0,0,0,0,0,0,0,0,0,,0.0,0.0,0.0,0.0,0.0,0.0,0.0,0.0
9000008577,2025-05-03 13:00,0.588611,0,0,0,0,0,0,0,0,0,0,0,0,,0.0,0.0,0.0,0.0,0.0,0.0,0.0,0.0
9000008577,2025-05-03 14:00,0.486667,0,0,0,0,0,0,0,0,0,0,0,0,,0.0,0.0,0.0,0.0,0.0,0.0,0.0,0.0
9000008577,2025-05-03 15:00,0.131944,0,0,0,0,0,0,0,0,0,0,0,0,,0.0,0.0,0.0,0.0,0.0,0.0,0.0,0.0
9000008577,2025-05-03 16:00,0.120556,0,0,0,0,0,0,0,0,0,0,0,0,,0.0,0.0,0.0,0.0,0.0,0.0,0.0,0.0
9000008577,2025-05-04 08:00,0.131944,0,0,0,0,0,0,0,0,0,0,0,0,,0.0,0.0,0.0,0.0,0.0,0.0,0.0,0.0
9000008577,2025-05-04 09:00,0.337222,0,0,0,0,0,0,0,0,0,0,0,0,,0.0,0.0,0.0,0.0,0.0,0.0,0.0,0.0
9000008577,2025-05-04 10:00,0.444444,0,0,0,0,4,4,0,0,0,0,0,0,,0.0,0.0,0.0,0.0,0.0,0.0,0.0,0.0
9000008577,2025-05-04 11:00,0.478611,0,0,0,0,0,0,0,0,0,0,0,0,,0.0,0.0,0.0,0.0,0.0,0.0,0.0,0.0
9000008577,2025-05-04 12:00,0.621389,0,0,0,1,0,1,0,0,0,0,0,0,,0.0,0.0,0.0,0.0,0.0,0.0,0.0,0.0
9000008577,2025-05-04 13:00,0.343611,5,6,11,0,12,12,0,0,0,0,0,0,,0.0,0.0,0.0,0.0,0.0,0.0,0.0,0.0
9000008577,2025-05-04 14:00,0.388889,0,0,0,0,0,0,1,0,1,0,0,0,4.0,0.0,0.0,0.0,0.0,0.0,0.0,0.0,0.0
9000008577,2025-05-04 15:00,0.521944,0,0,0,0,0,0,3,0,3,0,0,0,9.0,100.0,0.0,0.0,0.0,0.0,0.0,0.0,0.0
9000008577,2025-05-04 16:00,0.414722,11,0,11,4,9,13,0,0,0,0,0,0,,0.0,0.0,0.0,0.0,0.0,0.0,0.0,0.0
9000008577,2025-05-04 17:00,0.282778,0,0,0,0,0,0,0,0,0,0,0,0,,0.0,0.0,0.0,0.0,0.0,0.0,0.0,0.0
9000008577,2025-05-05 08:00,0.236944,0,0,0,0,0,0,0,0,0,0,0,0,,0.0,0.0,0.0,0.0,0.0,0.0,0.0,0.0
9000008577,2025-05-05 09:00,0.302778,0,0,0,0,0,0,0,0,0,0,0,0,,0.0,0.0,0.0,0.0,0.0,0.0,0.0,0.0
9000008577,2025-05-05 10:00,0.286667,6,5,11,99,81,180,27,14,41,0,0,0,22.0,41.67,41.67,25.0,0.0,0.0,0.0,0.0,0.0
9000008577,2025-05-05 11:00,0.498889,4,14,18,83,75,158,39,35,73,0,0,0,20.5,62.16,21.62,13.51,0.0,0.0,0.0,0.0,2.7
9000008577,2025-05-05 12:00,0.481944,2,11,13,74,48,122,89,50,139,0,0,0,10.0,85.07,10.45,2.99,0.0,0.0,0.0,0.0,1.49
9000008577,2025-05-05 13:00,0.445278,30,26,56,105,78,182,130,110,240,0,0,0,17.5,68.22,22.43,8.41,0.93,0.0,0.0,0.0,0.0
9000008577,2025-05-05 14:00,0.470833,22,20,42,114,96,210,94,114,208,0,0,0,24.0,27.55,48.98,16.33,4.08,1.02,0.0,0.0,2.04
9000008577,2025-05-05 15:00,0.5475,24,18,41,99,80,179,97,148,244,0,0,0,22.5,43.28,37.31,15.67,3.73,0.75,0.0,0.0,0.0
9000008577,2025-05-05 16:00,0.621944,22,19,41,57,59,116,135,108,243,0,0,0,23.5,30.46,44.37,21.19,0.66,0.66,0.66,0.0,1.32
9000008577,2025-05-05 17:00,0.655278,20,21,41,33,15,49,143,120,263,0,0,0,22.5,40.12,41.28,16.28,2.33,0.58,0.0,0.0,0.0
9000008577,2025-05-05 18:00,0.693056,41,18,59,20,22,42,115,70,185,0,0,0,23.5,36.72,35.16,25.78,2.34,0.0,0.0,0.0,0.0
9000008577,2025-05-05 19:00,0.600833,25,25,50,17,21,38,49,81,130,0,0,0,24.0,35.9,39.74,21.79,2.56,1.28,0.0,0.0,0.0
9000008577,2025-05-06 06:00,0.350278,7,11,18,3,3,5,17,4,21,0,0,0,25.0,42.86,28.57,28.57,0.0,0.0,0.0,0.0,0.0
9000008577,2025-05-06 07:00,0.255556,11,22,33,11,19,30,150,28,178,0,0,0,29.0,8.89,17.78,62.22,11.11,0.0,0.0,0.0,0.0
9000008577,2025-05-06 08:00,0.685278,26,35,61,52,25,76,211,60,271,0,0,0,27.0,19.35,29.03,43.01,7.53,1.08,0.0,0.0,0.0
9000008577,2025-05-06 09:00,0.610833,12,21,33,89,19,108,142,94,236,0,0,0,22.5,37.5,40.28,20.14,0.69,0.0,0.0,0.0,1.39
9000008577,2025-05-06 10:00,0.624167,10,14,24,141,48,189,87,65,152,0,0,0,27.0,28.42,29.47,34.74,5.26,1.05,0.0,0.0,2.11
9000008577,2025-05-06 11:00,0.562778,12,6,18,105,87,191,43,31,75,0,0,0,20.5,66.67,16.67,14.29,0.0,0.0,0.0,0.0,2.38
9000008577,2025-05-06 12:00,0.558889,17,9,26,67,60,127,53,55,108,0,0,0,12.0,80.0,11.67,3.33,1.67,1.67,0.0,0.0,0.0
9000008577,2025-05-06 13:00,0.524167,25,29,54,90,88,178,95,56,151,0,0,0,15.0,60.76,34.18,3.8,1.27,0.0,0.0,0.0,0.0
9000008577,2025-05-06 14:00,0.4975,22,16,38,150,115,264,59,128,187,0,0,0,24.5,25.81,38.71,27.96,3.23,0.0,3.23,0.0,1.08
9000008577,2025-05-06 15:00,0.454167,24,14,39,147,112,259,46,59,105,0,0,0,22.5,41.67,37.5,16.67,4.17,0.0,0.0,0.0,0.0
9000008577,2025-05-06 16:00,0.612222,15,14,29,97,52,149,106,107,213,0,0,0,26.0,18.46,47.69,26.92,5.38,0.77,0.77,0.0,0.0
9000008577,2025-05-06 17:00,0.696389,29,19,47,32,40,72,139,122,261,0,0,0,27.0,23.08,35.71,33.52,7.14,0.55,0.0,0.0,0.0
9000008577,2025-05-06 18:00,0.726111,37,37,75,33,33,66,104,134,238,0,0,0,24.5,23.12,43.35,27.17,4.62,0.0,0.58,0.0,0.58
9000008577,2025-05-06 19:00,0.645278,31,21,52,26,27,53,55,71,127,0,0,0,24.0,14.63,51.22,34.15,0.0,0.0,0.0,0.0,0.0
9000008577,2025-05-06 20:00,0.115,26,35,61,0,43,43,35,87,122,0,0,0,29.5,42.86,7.14,35.71,14.29,0.0,0.0,0.0,0.0
9000008577,2025-05-07 06:00,0.288333,7,5,13,4,30,34,20,13,32,0,0,0,22.0,55.56,11.11,22.22,0.0,0.0,0.0,0.0,0.0
9000008577,2025-05-07 07:00,0.469444,6,38,43,45,37,82,90,28,118,0,0,0,28.5,19.64,30.36,42.86,8.93,0.0,0.0,0.0,0.0
9000008577,2025-05-07 08:00,0.611667,9,17,26,92,42,134,29,22,51,0,0,0,29.0,38.71,32.26,19.35,12.9,0.0,0.0,0.0,0.0
9000008577,2025-05-07 09:00,0.587222,11,17,27,125,75,200,70,27,97,0,0,0,22.5,43.86,31.58,26.32,0.0,0.0,0.0,0.0,0.0
9000008577,2025-05-07 10:00,0.653611,7,11,18,103,58,161,52,44,96,0,0,0,25.5,32.26,37.1,25.81,6.45,0.0,0.0,0.0,0.0
9000008577,2025-05-07 11:00,0.593611,22,13,36,77,77,154,33,42,75,0,0,0,22.5,35.56,44.44,17.78,4.44,0.0,0.0,0.0,0.0
9000008577,2025-05-07 12:00,0.551389,15,13,28,88,81,169,49,51,100,0,0,0,19.5,49.09,36.36,12.73,0.0,0.0,0.0,0.0,1.82
9000008577,2025-05-07 13:00,0.531111,26,17,43,70,83,153,101,79,181,0,0,0,23.5,38.54,37.5,20.83,2.08,0.0,0.0,0.0,1.04
9000008577,2025-05-07 14:00,0.510278,33,32,65,136,93,229,92,170,262,0,0,0,25.0,26.12,32.09,34.33,5.97,0.75,0.0,0.0,0.0
9000008577,2025-05-07 15:00,0.508889,34,28,61,85,130,214,89,78,167,0,0,0,23.5,41.18,35.29,22.35,2.35,0.0,0.0,0.0,0.0
9000008577,2025-05-07 16:00,0.553333,11,8,20,58,86,144,141,123,264,0,0,0,24.0,24.66,43.84,30.14,2.05,0.0,0.0,0.0,0.0
9000008577,2025-05-07 17:00,0.649444,32,26,58,63,55,118,133,107,240,0,0,0,23.0,19.87,54.49,23.72,1.28,0.0,0.0,0.0,0.64
9000008577,2025-05-07 18:00,0.668333,41,27,68,54,64,118,150,115,265,0,0,0,23.0,22.03,49.72,25.99,1.69,0.56,0.0,0.0,0.0
9000008577,2025-05-07 19:00,0.457222,31,17,48,46,42,87,105,87,192,0,0,0,21.0,32.95,50.0,13.64,3.41,0.0,0.0,0.0,0.0
9000008577,2025-05-08 05:00,0.008611,0,0,0,0,0,0,0,0,0,0,0,0,,0.0,0.0,0.0,0.0,0.0,0.0,0.0,0.0
9000008577,2025-05-08 06:00,0.417778,6,6,12,0,0,0,8,3,11,0,0,0,27.5,0.0,50.0,50.0,0.0,0.0,0.0,0.0,0.0
9000008577,2025-05-08 07:00,0.365556,0,1,1,2,0,2,2,8,10,0,0,0,25.0,25.0,50.0,50.0,0.0,0.0,0.0,0.0,0.0
9000008577,2025-05-08 08:00,0.611111,8,5,12,8,7,15,15,9,24,0,0,0,25.0,20.0,33.33,33.33,6.67,0.0,0.0,0.0,0.0
9000008577,2025-05-08 09:00,0.703611,14,11,26,14,16,30,13,13,26,0,0,0,31.0,16.67,27.78,38.89,11.11,0.0,0.0,5.56,0.0
9000008577,2025-05-08 10:00,0.645278,6,6,12,12,18,30,26,25,51,0,0,0,25.5,15.15,42.42,30.3,6.06,3.03,0.0,0.0,0.0
9000008577,2025-05-08 11:00,0.635556,8,9,17,18,21,39,16,8,24,0,0,0,12.0,80.0,20.0,0.0,0.0,0.0,0.0,0.0,0.0
9000008577,2025-05-08 12:00,0.71,20,25,45,17,26,42,32,30,62,0,0,0,17.5,65.91,25.0,2.27,4.55,2.27,0.0,0.0,0.0
9000008577,2025-05-08 13:00,0.600556,17,13,30,53,25,78,45,31,76,0,0,0,21.0,65.22,19.57,10.87,2.17,2.17,0.0,0.0,0.0
9000008577,2025-05-08 14:00,0.656944,27,26,53,37,32,70,46,31,77,0,0,0,25.5,46.0,30.0,20.0,4.0,2.0,0.0,0.0,0.0
9000008577,2025-05-08 15:00,0.673611,18,22,40,22,43,65,33,34,67,0,0,0,24.0,37.78,28.89,28.89,4.44,0.0,0.0,0.0,0.0
9000008577,2025-05-08 16:00,0.723889,29,15,44,33,35,68,33,30,64,0,0,0,24.5,30.43,30.43,32.61,4.35,2.17,0.0,0.0,0.0
9000008577,2025-05-08 17:00,0.698889,30,29,59,47,38,85,66,35,101,0,0,0,22.0,30.0,51.43,17.14,1.43,0.0,0.0,0.0,0.0
9000008577,2025-05-08 18:00,0.685833,38,12,50,35,16,51,53,44,97,0,0,0,21.5,45.45,33.33,21.21,0.0,0.0,0.0,0.0,0.0
9000008577,2025-05-08 19:00,0.700278,30,25,55,14,19,33,67,55,122,0,0,0,24.0,26.74,38.37,31.4,2.33,0.0,0.0,0.0,1.16
9000008577,2025-05-09 06:00,0.536389,0,7,7,8,4,13,14,19,33,0,0,0,24.0,11.11,50.0,44.44,5.56,0.0,0.0,0.0,0.0
9000008577,2025-05-09 07:00,0.645556,12,20,32,11,4,15,60,40,100,0,0,0,25.5,23.08,33.85,36.92,3.08,1.54,0.0,0.0,1.54
9000008577,2025-05-09 08:00,0.550278,11,18,28,27,16,43,80,36,115,0,0,0,27.5,12.7,34.92,47.62,3.17,1.59,0.0,0.0,0.0
9000008577,2025-05-09 09:00,0.6675,23,21,44,39,20,60,56,37,93,0,0,0,26.0,12.9,50.0,32.26,4.84,0.0,0.0,0.0,0.0
9000008577,2025-05-09 10:00,0.680556,12,10,22,99,45,144,56,41,97,0,0,0,23.5,36.36,39.39,19.7,3.03,1.52,0.0,0.0,0.0
9000008577,2025-05-09 11:00,0.56,9,16,24,93,49,142,77,25,101,0,0,0,22.5,47.37,31.58,21.05,0.0,0.0,0.0,0.0,0.0
9000008577,2025-05-09 12:00,0.6175,16,16,32,65,37,102,69,65,134,0,0,0,17.0,59.04,33.73,7.23,0.0,0.0,0.0,0.0,1.2
9000008577,2025-05-09 13:00,0.556667,20,17,36,62,64,125,88,49,137,0,0,0,24.0,38.16,38.16,14.47,5.26,2.63,1.32,0.0,0.0
9000008577,2025-05-09 14:00,0.568889,16,19,36,85,59,145,106,113,219,0,0,0,25.0,28.0,36.0,29.6,4.8,0.8,0.8,0.0,0.0
9000008577,2025-05-09 15:00,0.593056,15,17,32,39,76,114,132,106,238,0,0,0,23.0,35.46,41.84,19.86,2.13,0.71,0.0,0.0,0.0
9000008577,2025-05-09 16:00,0.664167,23,22,45,80,30,110,134,64,199,0,0,0,23.0,28.03,50.0,20.45,1.52,0.0,0.0,0.0,0.76
9000008577,2025-05-09 17:00,0.686667,23,29,52,54,39,93,173,62,235,0,0,0,23.5,16.77,55.28,23.6,4.35,0.0,0.0,0.0,0.62
9000008577,2025-05-09 18:00,0.671111,22,23,45,36,19,54,140,79,219,0,0,0,24.0,23.81,44.9,27.89,2.72,0.0,0.0,0.0,0.0
9000008577,2025-05-09 19:00,0.247222,18,9,27,36,21,56,96,104,200,0,0,0,27.5,8.16,34.69,48.98,8.16,0.0,0.0,0.0,0.0
9000008577,2025-05-09 20:00,0.134444,45,30,74,7,7,15,82,97,179,0,0,0,27.5,12.5,45.83,33.33,8.33,0.0,0.0,0.0,0.0
9000008577,2025-05-10 06:00,0.305556,2,10,12,12,12,23,6,21,27,0,0,0,26.5,12.5,37.5,62.5,0.0,0.0,0.0,0.0,0.0
9000008577,2025-05-10 07:00,0.423889,4,2,6,3,5,8,15,18,33,0,0,0,24.5,21.43,50.0,28.57,7.14,0.0,0.0,0.0,0.0
9000008577,2025-05-10 08:00,0.670833,7,16,23,8,23,30,9,13,22,0,0,0,28.0,26.67,20.0,46.67,0.0,0.0,6.67,0.0,0.0
9000008577,2025-05-10 09:00,0.645,9,10,20,17,11,28,36,17,53,0,0,0,28.0,17.65,38.24,41.18,2.94,0.0,0.0,0.0,0.0
9000008577,2025-05-10 10:00,0.712222,1,3,4,25,18,43,62,48,110,0,0,0,25.5,30.77,42.31,23.08,2.56,1.28,0.0,0.0,0.0
9000008577,2025-05-10 11:00,0.699167,4,3,7,23,25,49,55,56,111,0,0,0,26.5,39.74,24.36,26.92,6.41,1.28,0.0,0.0,0.0
9000008577,2025-05-10 12:00,0.694444,3,0,3,13,25,37,129,89,219,0,0,0,23.5,32.89,35.53,26.97,4.61,0.0,0.0,0.0,0.0
9000008577,2025-05-10 13:00,0.690833,0,0,0,37,28,65,184,69,253,0,0,0,25.5,38.29,32.0,23.43,6.29,0.0,0.0,0.0,0.0
9000008577,2025-05-10 14:00,0.685,3,3,6,40,41,81,172,88,260,0,0,0,25.0,37.08,32.58,23.6,5.06,0.0,0.56,0.0,0.56
9000008577,2025-05-10 15:00,0.496667,2,4,6,102,83,184,99,80,179,0,0,0,24.0,33.71,39.33,24.72,2.25,0.0,0.0,0.0,0.0
9000008577,2025-05-10 16:00,0.583611,6,6,13,77,46,123,158,56,213,0,0,0,26.5,22.58,38.71,32.26,5.65,0.0,0.81,0.0,0.0
9000008577,2025-05-10 17:00,0.673056,18,12,29,45,31,76,156,88,244,0,0,0,26.0,23.17,40.85,29.88,3.05,1.22,1.83,0.0,0.0
9000008577,2025-05-10 18:00,0.713333,25,27,52,76,41,116,123,69,192,0,0,0,27.0,11.68,40.15,41.61,6.57,0.0,0.0,0.0,0.0
9000008577,2025-05-10 19:00,0.600278,31,25,56,27,15,41,156,69,225,0,0,0,24.0,28.89,41.48,24.44,5.19,0.74,0.0,0.0,0.0
9000008577,2025-05-10 20:00,0.151667,15,31,46,8,15,23,104,50,154,0,0,0,35.0,4.35,56.52,17.39,17.39,0.0,0.0,0.0,0.0
9000008577,2025-05-11 07:00,0.293611,0,6,6,0,8,8,10,13,23,0,0,0,27.5,14.29,14.29,57.14,0.0,0.0,0.0,0.0,0.0
9000008577,2025-05-11 08:00,0.566944,3,8,11,12,14,26,7,3,10,0,0,0,27.5,50.0,16.67,50.0,0.0,0.0,0.0,0.0,0.0
9000008577,2025-05-11 09:00,0.642778,5,17,22,12,13,24,10,19,29,0,0,0,23.5,42.11,31.58,21.05,10.53,0.0,0.0,0.0,0.0
9000008577,2025-05-11 10:00,0.6775,6,9,15,21,22,43,33,18,50,0,0,0,24.5,17.65,38.24,38.24,2.94,0.0,2.94,0.0,0.0
9000008577,2025-05-11 11:00,0.624722,8,10,18,22,9,31,56,39,95,0,0,0,24.5,30.51,37.29,28.81,3.39,0.0,0.0,0.0,0.0
9000008577,2025-05-11 12:00,0.584444,15,14,29,54,33,87,45,29,74,0,0,0,18.5,67.44,20.93,9.3,0.0,0.0,0.0,0.0,2.33
9000008577,2025-05-11 13:00,0.533056,15,26,41,37,54,92,94,43,137,0,0,0,18.0,58.9,34.25,2.74,4.11,0.0,0.0,0.0,0.0
9000008577,2025-05-11 14:00,0.521389,28,21,49,70,81,152,37,52,89,0,0,0,26.5,23.91,30.43,43.48,4.35,0.0,0.0,0.0,0.0
9000008577,2025-05-11 15:00,0.443333,20,21,41,128,72,199,44,47,91,0,0,0,24.0,47.5,25.0,20.0,5.0,2.5,0.0,0.0,0.0
9000008577,2025-05-11 16:00,0.555278,9,10,19,96,41,137,265,44,309,0,0,0,28.0,7.6,38.6,44.44,6.43,1.75,0.0,0.0,0.58
9000008577,2025-05-11 17:00,0.653333,18,32,51,51,49,100,208,79,288,0,0,0,26.5,26.6,27.66,42.55,2.66,0.0,0.0,0.0,0.53
9000008577,2025-05-11 18:00,0.681667,23,18,41,66,41,107,103,45,148,0,0,0,24.0,36.63,34.65,24.75,2.97,0.0,0.0,0.0,0.99
9000008577,2025-05-11 19:00,0.4375,10,25,36,17,58,74,111,46,157,0,0,0,25.0,26.09,34.78,31.88,4.35,2.9,0.0,0.0,0.0
9000008577,2025-05-11 20:00,0.020556,146,49,195,0,49,49,146,49,195,0,0,0,23.5,25.0,25.0,50.0,0.0,0.0,0.0,0.0,0.0
9000008577,2025-05-12 06:00,0.26,0,15,15,15,8,23,8,4,12,0,0,0,29.0,0.0,0.0,100.0,0.0,0.0,0.0,0.0,0.0
9000008577,2025-05-12 07:00,0.591667,11,13,24,44,56,100,75,24,99,0,0,0,30.5,13.56,30.51,42.37,11.86,5.08,0.0,0.0,0.0
9000008577,2025-05-12 08:00,0.416111,21,24,45,107,45,152,134,33,167,0,0,0,24.5,11.43,38.57,45.71,2.86,0.0,0.0,0.0,0.0
9000008577,2025-05-12 09:00,0.621111,18,21,39,136,49,185,88,44,132,0,0,0,22.0,18.29,58.54,21.95,0.0,0.0,0.0,0.0,0.0
9000008577,2025-05-12 10:00,0.651111,6,3,9,97,49,147,68,34,102,0,0,0,24.0,39.39,24.24,34.85,1.52,0.0,0.0,0.0,0.0
9000008577,2025-05-12 11:00,0.589444,12,14,26,92,70,162,54,43,97,0,0,0,24.0,42.11,28.07,24.56,5.26,0.0,0.0,0.0,0.0
9000008577,2025-05-12 12:00,0.585556,12,14,26,74,80,154,59,87,146,0,0,0,14.5,74.42,15.12,8.14,1.16,0.0,1.16,0.0,0.0
9000008577,2025-05-12 13:00,0.557778,7,29,37,66,53,119,49,100,149,0,0,0,24.0,43.37,30.12,19.28,6.02,0.0,0.0,0.0,1.2
9000008577,2025-05-12 14:00,0.505833,18,24,42,99,107,205,83,79,163,0,0,0,25.5,30.49,39.02,24.39,3.66,2.44,0.0,0.0,0.0
9000008577,2025-05-12 15:00,0.534722,34,33,67,39,65,104,84,125,209,0,0,0,24.5,34.82,34.82,25.89,3.57,0.89,0.0,0.0,0.0
9000008577,2025-05-12 16:00,0.571111,11,5,16,58,44,102,101,100,201,0,0,0,26.5,25.22,40.0,28.7,2.61,2.61,0.0,0.0,0.87
9000008577,2025-05-12 17:00,0.658056,35,30,65,45,39,84,133,106,238,0,0,0,24.0,18.47,45.86,33.76,1.91,0.0,0.0,0.0,0.0
9000008577,2025-05-12 18:00,0.663889,27,34,61,30,64,94,62,98,160,0,0,0,26.0,26.42,43.4,23.58,5.66,0.0,0.0,0.0,0.94
9000008577,2025-05-12 19:00,0.497778,27,26,53,37,57,94,58,54,112,0,0,0,26.5,12.5,35.71,46.43,5.36,1.79,0.0,0.0,0.0
9000008577,2025-05-12 20:00,0.141667,4,0,4,4,4,9,26,13,39,0,0,0,6.5,100.0,0.0,0.0,0.0,0.0,0.0,0.0,0.0
9000008577,2025-05-13 05:00,0.041667,0,0,0,0,0,0,0,0,0,0,24,24,,0.0,0.0,0.0,0.0,0.0,0.0,0.0,0.0
9000008577,2025-05-13 06:00,0.312222,0,18,18,6,4,10,22,6,29,2,9,11,23.5,22.22,22.22,55.56,0.0,0.0,0.0,0.0,0.0
9000008577,2025-05-13 07:00,0.548333,8,30,38,25,10,35,98,27,125,2,7,9,28.0,7.25,17.39,69.57,5.8,0.0,0.0,0.0,0.0
9000008577,2025-05-13 08:00,0.600556,21,38,58,116,44,161,135,50,185,10,11,21,28.0,8.11,43.24,39.64,8.11,1.8,0.0,0.0,0.0
9000008577,2025-05-13 09:00,0.6275,29,29,59,233,53,286,64,29,93,11,7,18,27.0,24.14,43.1,25.86,5.17,0.0,0.0,0.0,1.72
9000008577,2025-05-13 10:00,0.659444,9,3,12,112,38,151,63,37,100,5,12,17,24.5,24.24,45.45,19.7,9.09,1.52,0.0,0.0,0.0
9000008577,2025-05-13 11:00,0.609167,13,16,29,77,79,156,16,26,42,14,3,17,29.0,42.31,26.92,19.23,7.69,3.85,0.0,0.0,0.0
9000008577,2025-05-13 12:00,0.574722,14,17,31,73,65,138,32,37,68,7,17,24,22.0,56.41,25.64,12.82,2.56,0.0,2.56,0.0,0.0
9000008577,2025-05-13 13:00,0.482222,20,23,43,105,95,200,42,50,92,4,25,29,22.0,59.09,20.45,15.91,4.55,0.0,0.0,0.0,0.0
9000008577,2025-05-13 14:00,0.494722,24,16,40,145,97,243,48,90,137,6,2,8,31.5,26.47,32.35,23.53,11.76,5.88,0.0,0.0,0.0
9000008577,2025-05-13 15:00,0.455,26,29,55,141,112,253,39,75,113,4,5,9,22.5,40.38,40.38,11.54,5.77,1.92,0.0,0.0,0.0
9000008577,2025-05-13 16:00,0.540278,11,11,22,79,76,155,108,83,191,21,9,30,25.0,13.59,52.43,26.21,6.8,0.0,0.0,0.0,0.97
9000008577,2025-05-13 17:00,0.710556,32,28,60,54,28,83,96,51,147,8,14,22,28.0,5.77,42.31,42.31,9.62,0.0,0.0,0.0,0.0
9000008577,2025-05-13 18:00,0.714722,36,29,66,53,58,111,64,52,116,4,14,18,23.5,15.66,50.6,28.92,4.82,0.0,0.0,0.0,0.0
9000008577,2025-05-13 19:00,0.578889,34,21,55,24,40,64,69,75,143,3,9,12,23.5,15.66,49.4,32.53,1.2,1.2,0.0,0.0,0.0
9000008577,2025-05-13 20:00,0.119167,42,17,59,0,8,8,92,84,176,0,0,0,23.0,4.76,61.9,33.33,0.0,0.0,0.0,0.0,0.0
9000008577,2025-05-14 05:00,0.178056,0,6,6,6,0,6,11,11,22,0,6,6,23.5,0.0,50.0,50.0,0.0,0.0,0.0,0.0,0.0
9000008577,2025-05-14 06:00,0.348889,0,10,10,12,13,26,37,11,48,0,2,2,29.0,11.76,35.29,41.18,11.76,0.0,0.0,0.0,0.0
9000008577,2025-05-14 07:00,0.5675,3,21,25,25,17,42,108,27,135,2,11,13,26.5,3.95,43.42,50.0,1.32,0.0,0.0,0.0,0.0
9000008577,2025-05-14 08:00,0.634444,18,31,49,89,32,121,99,40,139,1,10,12,27.5,10.23,39.77,44.32,6.82,0.0,0.0,0.0,0.0
9000008577,2025-05-14 09:00,0.663056,15,27,42,75,53,128,66,44,110,3,6,9,24.5,30.14,36.99,28.77,2.74,0.0,0.0,0.0,0.0
9000008577,2025-05-14 10:00,0.672778,13,6,19,58,54,112,68,33,101,3,7,10,28.0,8.82,38.24,45.59,7.35,0.0,0.0,0.0,0.0
9000008577,2025-05-14 11:00,0.608889,13,10,23,108,73,181,42,28,69,0,8,8,24.0,30.95,40.48,23.81,7.14,0.0,0.0,0.0,0.0
9000008577,2025-05-14 12:00,0.535278,20,13,33,47,73,121,47,28,76,4,9,13,27.0,37.5,37.5,17.5,5.0,0.0,0.0,0.0,2.5
9000008577,2025-05-14 13:00,0.481389,19,29,49,93,84,177,40,83,123,4,20,24,24.5,27.12,32.2,33.9,6.78,0.0,0.0,0.0,0.0
9000008577,2025-05-14 14:00,0.508611,28,16,44,85,104,189,71,104,175,2,8,10,24.5,24.72,44.94,22.47,8.99,0.0,0.0,0.0,0.0
9000008577,2025-05-14 15:00,0.469722,13,11,24,108,124,232,46,84,130,0,2,2,25.5,29.51,34.43,34.43,1.64,0.0,0.0,0.0,0.0
9000008577,2025-05-14 16:00,0.555556,23,5,28,45,56,101,126,103,229,11,13,23,26.0,27.56,40.16,25.2,3.15,1.57,0.79,0.0,1.57
9000008577,2025-05-14 17:00,0.631944,32,17,49,27,25,52,102,102,204,0,13,13,25.5,31.78,37.98,26.36,4.65,0.0,0.0,0.0,0.0
9000008577,2025-05-14 18:00,0.676667,30,22,52,50,66,117,105,59,164,4,21,25,25.5,25.23,42.34,25.23,7.21,0.0,0.0,0.0,0.0
9000008577,2025-05-14 19:00,0.673333,28,15,43,39,49,88,58,37,95,4,12,16,23.0,20.31,53.12,23.44,3.12,0.0,0.0,0.0,0.0
9000008577,2025-05-14 20:00,0.205278,22,16,38,22,51,73,40,47,87,0,6,6,27.5,5.56,61.11,27.78,5.56,0.0,0.0,0.0,0.0
9000008577,2025-05-15 07:00,0.354444,17,8,25,23,36,59,41,30,70,8,27,36,24.5,28.0,32.0,36.0,8.0,4.0,0.0,0.0,0.0
9000008577,2025-05-15 08:00,0.327222,6,21,27,45,21,67,102,58,159,10,11,21,21.5,32.69,48.08,13.46,1.92,0.0,0.0,0.0,1.92
9000008577,2025-05-15 09:00,0.563333,8,12,20,71,36,107,86,34,120,43,8,51,27.0,39.71,29.41,23.53,7.35,0.0,1.47,0.0,1.47
9000008577,2025-05-15 10:00,0.614167,5,3,8,80,65,145,57,13,70,5,8,13,31.0,37.21,18.6,27.91,11.63,2.33,0.0,0.0,2.33
9000008577,2025-05-15 11:00,0.564722,6,17,23,41,90,132,73,68,141,15,18,33,23.5,46.25,30.0,17.5,2.5,2.5,0.0,0.0,0.0
9000008577,2025-05-15 12:00,0.618611,20,21,41,69,74,143,42,37,79,28,15,43,19.0,42.86,46.94,8.16,2.04,0.0,0.0,0.0,0.0
9000008577,2025-05-15 13:00,0.649167,31,23,54,75,60,135,62,85,147,12,9,22,23.5,44.79,28.12,19.79,6.25,0.0,0.0,0.0,0.0
9000008577,2025-05-15 14:00,0.618333,29,11,41,47,81,128,121,117,238,8,21,29,22.0,44.9,36.05,15.65,3.4,0.0,0.0,0.0,0.0
9000008577,2025-05-15 15:00,0.521389,20,11,32,86,109,195,77,95,172,2,8,10,23.0,46.67,33.33,17.78,3.33,0.0,0.0,0.0,0.0
9000008577,2025-05-15 16:00,0.53,11,9,19,59,55,114,101,84,185,2,14,17,25.5,21.43,43.88,30.61,3.06,1.02,0.0,0.0,0.0
9000008577,2025-05-15 17:00,0.508056,27,18,46,71,65,136,125,81,206,2,4,6,24.5,35.24,39.05,20.0,3.81,0.95,0.0,0.0,0.95
9000008577,2025-05-15 18:00,0.414444,3,16,19,64,64,128,133,56,189,2,9,10,28.0,28.21,34.62,25.64,10.26,0.0,0.0,0.0,0.0
9000008577,2025-05-15 19:00,0.413611,23,24,47,53,39,93,56,66,121,4,9,13,22.5,28.0,50.0,20.0,0.0,4.0,0.0,0.0,0.0
9000008577,2025-05-15 20:00,0.0475,21,42,63,21,0,21,63,42,105,0,0,0,31.0,0.0,20.0,60.0,20.0,0.0,0.0,0.0,0.0
9000008577,2025-05-16 05:00,0.080278,0,0,0,0,12,12,0,0,0,0,0,0,,0.0,0.0,0.0,0.0,0.0,0.0,0.0,0.0
9000008577,2025-05-16 07:00,0.54,9,18,27,40,54,94,37,14,51,2,2,4,28.0,28.57,10.71,60.71,0.0,0.0,0.0,0.0,0.0
9000008577,2025-05-16 08:00,0.563056,11,24,35,69,42,111,99,42,141,6,11,17,26.0,21.52,32.91,41.77,3.8,0.0,0.0,0.0,1.27
9000008577,2025-05-16 09:00,0.6225,3,37,40,69,48,117,81,20,101,14,7,22,22.5,25.4,52.38,20.63,1.59,1.59,0.0,0.0,0.0
9000008577,2025-05-16 10:00,0.564722,8,21,30,55,38,93,93,74,167,4,6,10,24.0,31.91,40.43,23.4,5.32,0.0,0.0,0.0,0.0
9000008577,2025-05-16 11:00,0.501111,12,19,31,71,46,117,132,86,218,9,4,14,22.5,41.28,37.61,17.43,1.83,1.83,0.0,0.0,0.0
9000008577,2025-05-16 12:00,0.657778,15,17,32,77,41,118,58,48,106,19,30,48,19.0,61.43,25.71,5.71,5.71,1.43,0.0,0.0,0.0
9000008577,2025-05-16 13:00,0.603333,28,15,43,77,77,154,67,63,130,11,10,21,22.5,47.44,33.33,14.1,3.85,0.0,1.28,0.0,0.0
9000008577,2025-05-16 14:00,0.41,14,18,32,72,57,129,158,148,305,16,21,37,25.0,27.2,32.0,36.0,2.4,1.6,0.8,0.8,0.8
9000008577,2025-05-16 15:00,0.443333,14,12,27,63,61,124,127,130,256,6,20,26,27.5,23.68,38.6,28.07,7.02,0.88,0.88,0.0,0.0
9000008577,2025-05-16 16:00,0.573333,9,17,26,107,48,155,113,80,193,7,5,12,27.5,3.6,47.75,43.24,3.6,1.8,0.0,0.0,0.0
9000008577,2025-05-16 17:00,0.667778,30,24,54,28,39,67,133,83,216,18,5,23,24.5,21.53,42.36,29.17,6.25,0.69,0.0,0.0,0.0
9000008577,2025-05-16 18:00,0.652778,24,30,55,43,54,97,83,77,160,1,6,8,19.5,33.65,52.88,12.5,0.0,0.96,0.0,0.0,0.0
9000008577,2025-05-16 19:00,0.68,19,26,45,50,59,109,56,51,107,1,7,9,24.0,21.92,47.95,26.03,1.37,2.74,0.0,0.0,0.0
9000008577,2025-05-16 20:00,0.115833,17,35,52,26,60,86,43,35,78,9,17,26,19.0,22.22,66.67,11.11,0.0,0.0,0.0,0.0,0.0
9000008577,2025-05-17 06:00,0.223056,0,0,0,3,3,5,0,3,3,0,0,0,4.0,100.0,0.0,0.0,0.0,0.0,0.0,0.0,0.0
9000008577,2025-05-17 07:00,0.309722,5,0,5,0,0,0,19,21,40,0,0,0,21.5,25.0,50.0,25.0,0.0,0.0,0.0,0.0,0.0
9000008577,2025-05-17 08:00,0.54,4,19,23,10,18,28,16,9,25,2,8,10,26.0,42.86,28.57,28.57,7.14,0.0,0.0,0.0,0.0
9000008577,2025-05-17 09:00,0.605,7,10,17,20,20,40,35,20,54,5,7,12,27.0,45.45,27.27,18.18,9.09,0.0,0.0,0.0,0.0
9000008577,2025-05-17 10:00,0.631667,8,14,22,22,20,43,51,32,82,5,9,14,22.5,28.85,46.15,23.08,1.92,0.0,0.0,0.0,0.0
9000008577,2025-05-17 11:00,0.6175,5,6,11,25,29,54,64,31,95,6,10,16,23.0,53.45,25.86,18.97,1.72,0.0,0.0,0.0,0.0
9000008577,2025-05-17 12:00,0.5875,21,5,26,70,47,117,41,38,78,20,18,38,25.5,45.65,26.09,23.91,4.35,0.0,0.0,0.0,0.0
9000008577,2025-05-17 13:00,0.576111,10,21,32,77,54,131,132,85,217,5,10,15,24.0,35.2,37.6,23.2,4.0,0.8,0.0,0.0,0.0
9000008577,2025-05-17 14:00,0.587222,17,14,31,116,77,193,140,87,227,17,14,31,27.0,23.31,39.1,30.08,4.51,1.5,0.75,0.75,0.75
9000008577,2025-05-17 15:00,0.6225,22,17,39,96,50,147,172,66,237,8,2,10,25.5,33.11,31.08,29.73,6.08,0.0,0.68,0.0,0.0
9000008577,2025-05-17 16:00,0.653611,20,26,46,94,81,175,145,107,252,17,21,38,25.0,25.45,43.64,25.45,4.85,0.0,0.0,0.0,0.61
9000008577,2025-05-17 17:00,0.685278,24,38,62,110,70,180,141,90,231,12,7,19,23.5,28.93,39.62,28.93,2.52,0.0,0.0,0.0,0.0
9000008577,2025-05-17 18:00,0.691667,35,17,53,47,46,93,160,95,255,12,9,20,26.5,22.73,41.48,28.98,6.82,0.57,0.0,0.0,0.0
9000008577,2025-05-17 19:00,0.583333,11,21,32,16,50,66,102,97,199,1,1,3,26.5,30.17,33.62,31.9,2.59,0.0,0.0,0.0,0.86
9000008577,2025-05-17 20:00,0.240556,20,8,28,8,18,26,98,105,203,4,0,4,23.0,40.82,34.69,22.45,4.08,0.0,0.0,0.0,0.0
9000008577,2025-05-18 06:00,0.079444,0,0,0,0,13,13,0,0,0,0,0,0,,0.0,0.0,0.0,0.0,0.0,0.0,0.0,0.0
9000008577,2025-05-18 07:00,0.197778,0,0,0,6,6,12,0,0,0,0,0,0,,0.0,0.0,0.0,0.0,0.0,0.0,0.0,0.0
9000008577,2025-05-18 08:00,0.403056,1,1,3,3,8,11,3,15,18,0,1,1,21.0,85.71,0.0,14.29,0.0,0.0,0.0,0.0,0.0
9000008577,2025-05-18 09:00,0.572222,8,7,15,24,9,33,4,1,6,0,0,0,27.0,33.33,33.33,66.67,0.0,0.0,0.0,0.0,0.0
9000008577,2025-05-18 10:00,0.592778,5,2,7,27,20,47,10,11,21,5,2,7,29.0,38.46,15.38,30.77,15.38,0.0,0.0,0.0,0.0
9000008577,2025-05-18 11:00,0.579167,3,21,24,23,36,59,7,12,19,9,4,13,25.5,54.55,27.27,9.09,0.0,9.09,0.0,0.0,0.0
9000008577,2025-05-18 12:00,0.624167,8,16,24,22,24,47,28,27,55,11,8,19,21.5,50.0,35.29,8.82,8.82,0.0,0.0,0.0,0.0
9000008577,2025-05-18 13:00,0.644722,20,11,31,51,34,85,56,31,88,5,2,6,25.0,35.09,31.58,28.07,3.51,0.0,0.0,0.0,0.0
9000008577,2025-05-18 14:00,0.653056,17,15,32,57,31,87,46,47,93,11,3,14,24.5,40.98,29.51,26.23,3.28,0.0,0.0,0.0,0.0
9000008577,2025-05-18 15:00,0.640278,16,14,30,47,46,92,71,63,133,5,3,8,25.0,38.82,21.18,35.29,4.71,0.0,0.0,0.0,0.0
9000008577,2025-05-18 16:00,0.706667,13,24,37,33,41,74,89,71,160,1,1,3,24.5,33.63,35.4,24.78,4.42,0.88,0.0,0.88,0.0
9000008577,2025-05-18 17:00,0.682778,29,19,47,41,19,60,116,69,186,12,7,19,22.5,37.8,40.94,15.75,5.51,0.0,0.0,0.0,0.0
9000008577,2025-05-18 18:00,0.543889,16,5,21,60,45,105,76,46,121,6,3,9,26.0,42.42,33.33,19.7,3.03,1.52,0.0,0.0,0.0
9000008577,2025-05-18 19:00,0.281389,31,9,41,18,22,41,45,47,92,3,3,6,27.0,7.69,38.46,46.15,3.85,3.85,0.0,0.0,0.0
9000008577,2025-05-19 06:00,0.153611,0,14,14,13,14,27,69,0,69,4,0,4,4.5,100.0,0.0,0.0,0.0,0.0,0.0,0.0,0.0
9000008577,2025-05-19 07:00,0.286667,6,15,21,53,23,76,114,18,132,6,0,6,28.0,26.32,21.05,36.84,10.53,0.0,2.63,0.0,0.0
9000008577,2025-05-19 08:00,0.451667,4,26,30,110,36,145,59,28,87,9,3,13,24.5,35.9,38.46,23.08,2.56,0.0,0.0,0.0,0.0
9000008577,2025-05-19 09:00,0.407778,18,7,24,103,41,143,19,5,25,17,0,17,23.0,50.0,20.0,30.0,0.0,0.0,0.0,0.0,0.0
9000008577,2025-05-19 10:00,0.630556,12,20,32,59,78,136,74,48,122,15,7,22,31.0,10.39,44.16,28.57,12.99,0.0,0.0,1.3,2.6
9000008577,2025-05-19 11:00,0.664722,13,9,22,58,57,115,65,30,95,9,11,20,22.0,38.1,39.68,20.63,0.0,0.0,0.0,1.59,0.0
9000008577,2025-05-19 12:00,0.630833,24,11,35,79,51,131,106,45,150,6,6,13,24.0,42.11,34.74,18.95,4.21,0.0,0.0,0.0,0.0
9000008577,2025-05-19 13:00,0.650278,26,22,48,60,79,139,83,92,175,20,20,40,22.0,24.56,56.14,14.91,4.39,0.0,0.0,0.0,0.0
9000008577,2025-05-19 14:00,0.660833,17,20,36,88,103,191,91,74,165,9,12,21,25.0,26.61,47.71,20.18,4.59,0.0,0.0,0.0,0.92
9000008577,2025-05-19 15:00,0.640278,31,24,55,97,106,203,73,81,154,5,8,12,26.5,23.23,42.42,29.29,3.03,1.01,0.0,0.0,1.01
9000008577,2025-05-19 16:00,0.666111,32,21,53,86,99,185,90,46,137,13,5,18,27.0,15.38,38.46,38.46,6.59,1.1,0.0,0.0,0.0
9000008577,2025-05-19 17:00,0.641389,26,28,54,90,56,147,37,44,81,8,11,19,25.0,21.15,48.08,25.0,1.92,0.0,0.0,1.92,1.92
9000008577,2025-05-19 18:00,0.691111,32,23,55,42,51,93,77,69,146,3,6,9,27.0,19.8,39.6,30.69,5.94,2.97,0.99,0.0,0.0
9000008577,2025-05-19 19:00,0.564167,21,13,33,47,45,92,49,52,101,4,1,6,23.0,28.07,45.61,21.05,1.75,1.75,0.0,0.0,0.0
9000008577,2025-05-19 20:00,0.159444,38,6,44,19,13,31,38,19,56,6,6,13,23.0,66.67,11.11,22.22,0.0,0.0,0.0,0.0,0.0
9000008577,2025-05-20 05:00,0.085833,0,0,0,12,0,12,0,12,12,0,12,12,9.0,100.0,0.0,0.0,0.0,0.0,0.0,0.0,0.0
9000008577,2025-05-20 06:00,0.281389,0,15,15,19,10,29,14,25,39,0,3,3,28.5,9.09,27.27,63.64,0.0,0.0,0.0,0.0,0.0
9000008577,2025-05-20 07:00,0.633333,5,31,36,27,10,37,104,27,131,5,10,15,29.0,8.43,27.71,53.01,9.64,2.41,0.0,0.0,1.2
9000008577,2025-05-20 08:00,0.596667,25,34,60,75,25,99,76,25,102,33,19,52,27.0,11.48,24.59,60.66,4.92,0.0,0.0,0.0,0.0
9000008577,2025-05-20 09:00,0.583889,31,24,55,95,49,145,42,35,76,26,9,35,26.0,28.89,37.78,31.11,4.44,0.0,0.0,0.0,0.0
9000008577,2025-05-20 10:00,0.643611,8,13,20,100,63,164,33,39,71,6,5,11,28.0,17.39,41.3,28.26,10.87,0.0,0.0,0.0,2.17
9000008577,2025-05-20 11:00,0.586944,15,10,26,116,47,163,39,22,61,10,9,19,22.0,30.56,47.22,22.22,0.0,0.0,0.0,0.0,0.0
9000008577,2025-05-20 12:00,0.576111,11,7,18,88,55,143,53,53,106,2,16,17,22.5,39.34,40.98,13.11,4.92,0.0,1.64,0.0,0.0
9000008577,2025-05-20 13:00,0.608611,16,15,31,82,66,148,53,45,98,8,8,16,25.5,40.68,27.12,25.42,5.08,1.69,0.0,0.0,0.0
9000008577,2025-05-20 14:00,0.507222,21,16,37,91,72,162,56,70,126,5,6,12,29.5,28.12,34.38,21.88,7.81,1.56,1.56,1.56,1.56
9000008577,2025-05-20 15:00,0.451667,15,18,34,83,78,161,70,69,139,4,6,10,24.5,53.97,20.63,20.63,1.59,0.0,0.0,1.59,0.0
9000008577,2025-05-20 16:00,0.579444,9,14,23,78,68,146,100,73,173,7,23,30,27.0,47.0,20.0,24.0,8.0,0.0,0.0,0.0,1.0
9000008577,2025-05-20 17:00,0.611389,19,16,36,39,55,94,72,55,128,10,6,16,23.5,43.59,32.05,19.23,5.13,0.0,0.0,0.0,1.28
9000008577,2025-05-20 18:00,0.651389,25,15,40,29,49,79,88,61,148,8,7,15,25.0,18.56,52.58,23.71,4.12,1.03,0.0,0.0,0.0
9000008577,2025-05-20 19:00,0.654167,35,23,58,21,27,49,59,80,138,0,9,9,26.5,16.48,42.86,36.26,3.3,1.1,0.0,0.0,0.0
9000008577,2025-05-20 20:00,0.091667,33,22,55,11,33,44,33,55,87,0,0,0,27.0,12.5,50.0,37.5,0.0,0.0,0.0,0.0,0.0
9000008577,2025-05-21 06:00,0.212222,2,15,18,24,18,42,8,0,8,0,0,0,29.0,0.0,0.0,100.0,0.0,0.0,0.0,0.0,0.0
9000008577,2025-05-21 07:00,0.323333,10,13,22,38,37,74,65,37,102,6,3,9,29.5,9.09,30.3,48.48,12.12,0.0,0.0,0.0,0.0
9000008577,2025-05-21 08:00,0.4875,14,30,43,93,39,132,64,34,98,8,11,19,28.5,16.67,39.58,35.42,10.42,0.0,0.0,0.0,0.0
9000008577,2025-05-21 09:00,0.358611,15,18,33,100,71,172,75,26,100,5,2,7,24.5,16.67,58.33,22.22,5.56,0.0,0.0,0.0,0.0
9000008577,2025-05-21 10:00,0.576389,11,8,20,86,53,139,22,14,35,13,12,25,28.0,15.0,30.0,50.0,5.0,0.0,0.0,0.0,0.0
9000008577,2025-05-21 11:00,0.559167,9,5,14,127,79,206,24,20,44,11,22,33,27.5,8.0,52.0,32.0,8.0,0.0,0.0,0.0,0.0
9000008577,2025-05-21 12:00,0.559722,7,13,20,58,111,169,27,56,83,8,14,22,26.0,17.39,36.96,41.3,6.52,0.0,0.0,0.0,0.0
9000008577,2025-05-21 13:00,0.492778,18,28,46,123,114,237,16,54,70,4,4,8,16.5,62.86,25.71,5.71,2.86,0.0,0.0,0.0,0.0
9000008577,2025-05-21 14:00,0.456667,19,18,37,99,114,213,61,50,111,0,4,4,36.0,39.22,21.57,15.69,11.76,1.96,3.92,1.96,1.96
9000008577,2025-05-21 15:00,0.545833,25,30,55,124,123,248,44,62,106,7,5,13,23.0,18.97,50.0,29.31,1.72,0.0,0.0,0.0,0.0
9000008577,2025-05-21 16:00,0.486944,22,13,35,81,87,167,77,50,128,8,8,16,25.0,11.29,43.55,38.71,8.06,0.0,0.0,0.0,0.0
9000008577,2025-05-21 17:00,0.655556,29,29,58,75,70,145,110,41,151,17,6,23,25.0,14.14,54.55,25.25,6.06,0.0,0.0,0.0,0.0
9000008577,2025-05-21 18:00,0.661944,27,26,53,48,68,116,77,47,124,5,3,8,26.0,17.07,48.78,30.49,3.66,0.0,0.0,0.0,0.0
9000008577,2025-05-21 19:00,0.595278,35,18,54,53,56,109,32,15,47,5,0,5,21.5,32.14,50.0,17.86,0.0,0.0,0.0,0.0,0.0
9000008577,2025-05-21 20:00,0.110833,11,5,16,5,5,11,53,69,122,0,16,16,24.0,7.14,28.57,64.29,0.0,0.0,0.0,0.0,0.0
9000008577,2025-05-22 05:00,0.047222,0,0,0,0,21,21,0,42,42,0,0,0,23.5,0.0,50.0,50.0,0.0,0.0,0.0,0.0,0.0
9000008577,2025-05-22 06:00,0.421389,2,10,11,53,11,64,13,10,23,0,3,3,27.5,10.0,30.0,60.0,0.0,0.0,0.0,0.0,0.0
9000008577,2025-05-22 07:00,0.306944,5,19,24,128,43,171,51,3,53,0,6,6,27.5,18.75,31.25,50.0,12.5,0.0,0.0,0.0,0.0
9000008577,2025-05-22 08:00,0.363333,13,12,25,132,69,201,32,10,43,0,0,0,31.0,0.0,20.0,66.67,20.0,0.0,0.0,0.0,0.0
9000008577,2025-05-22 09:00,0.544722,9,25,33,98,51,150,42,26,67,2,2,3,29.5,32.43,29.73,21.62,8.11,2.7,0.0,2.7,0.0
9000008577,2025-05-22 10:00,0.561667,7,9,16,90,41,131,34,39,73,2,5,7,27.0,21.95,36.59,29.27,7.32,0.0,2.44,2.44,0.0
9000008577,2025-05-22 11:00,0.614444,18,12,30,44,107,151,39,26,65,8,12,20,25.0,20.0,40.0,35.0,5.0,0.0,0.0,0.0,0.0
9000008577,2025-05-22 12:00,0.645,28,16,44,75,52,127,42,53,95,19,6,26,27.0,11.48,42.62,37.7,9.84,0.0,0.0,0.0,0.0
9000008577,2025-05-22 13:00,0.548611,7,33,40,81,137,218,24,52,76,0,13,13,27.5,26.19,33.33,28.57,9.52,0.0,0.0,0.0,0.0
9000008577,2025-05-22 14:00,0.489444,33,10,43,125,86,211,61,110,171,2,6,8,30.0,16.67,28.57,40.48,7.14,1.19,0.0,2.38,3.57
9000008577,2025-05-22 15:00,0.5175,4,7,11,102,89,191,43,74,117,6,11,16,25.5,43.33,28.33,20.0,6.67,0.0,0.0,1.67,0.0
9000008577,2025-05-22 16:00,0.542778,0,2,2,76,85,161,101,83,184,15,13,27,27.0,32.0,29.0,29.0,7.0,2.0,0.0,0.0,1.0
9000008577,2025-05-22 17:00,0.586389,0,0,0,71,64,135,65,50,115,5,7,12,26.0,17.91,46.27,26.87,4.48,1.49,0.0,1.49,1.49
9000008577,2025-05-22 18:00,0.611389,0,0,0,65,47,112,70,63,132,5,15,20,24.5,17.28,46.91,32.1,4.94,0.0,0.0,0.0,0.0
9000008577,2025-05-22 19:00,0.423056,0,0,0,42,28,70,47,38,84,0,10,10,25.5,11.11,38.89,44.44,5.56,0.0,0.0,0.0,0.0
9000008577,2025-05-22 20:00,0.073889,0,0,0,14,68,82,14,81,95,0,0,0,20.0,28.57,57.14,14.29,0.0,0.0,0.0,0.0,0.0
9000008577,2025-05-23 05:00,0.075556,0,13,13,0,13,13,0,0,0,0,0,0,,0.0,0.0,0.0,0.0,0.0,0.0,0.0,0.0
9000008577,2025-05-23 06:00,0.581944,2,9,10,22,11,34,14,5,19,0,2,2,36.0,0.0,9.09,63.64,18.18,9.09,0.0,0.0,0.0
9000008577,2025-05-23 07:00,0.416111,14,21,35,75,39,113,59,18,77,6,2,8,29.5,3.12,21.88,62.5,12.5,0.0,0.0,0.0,0.0
9000008577,2025-05-23 08:00,0.351944,6,18,24,72,74,147,54,20,74,19,9,28,30.5,30.77,23.08,26.92,11.54,0.0,3.85,0.0,0.0
9000008577,2025-05-23 09:00,0.51,2,17,19,120,42,162,59,22,82,11,16,27,35.0,38.1,14.29,28.57,9.52,7.14,2.38,0.0,0.0
9000008577,2025-05-23 10:00,0.570833,7,2,9,56,44,100,51,23,74,4,3,7,30.0,23.81,19.05,42.86,9.52,0.0,2.38,2.38,0.0
9000008577,2025-05-23 11:00,0.563333,19,10,29,61,59,119,37,47,84,16,5,22,24.5,38.3,34.04,25.53,4.26,0.0,0.0,0.0,0.0
9000008577,2025-05-23 12:00,0.621111,16,18,34,95,82,176,38,50,88,12,13,26,26.5,47.27,21.82,23.64,1.82,1.82,1.82,0.0,1.82
9000008577,2025-05-23 13:00,0.581389,2,13,15,84,104,188,51,47,98,5,16,21,26.0,31.58,35.09,22.81,3.51,3.51,0.0,0.0,3.51
9000008577,2025-05-23 14:00,0.555833,22,23,45,100,97,197,100,104,204,2,3,6,34.5,21.93,30.7,27.19,11.4,3.51,1.75,1.75,2.63
9000008577,2025-05-23 15:00,0.602222,29,13,43,80,79,158,45,50,94,3,2,5,27.5,33.33,21.05,33.33,7.02,0.0,0.0,1.75,3.51
9000008577,2025-05-23 16:00,0.635278,14,19,33,64,44,109,70,38,108,3,11,14,29.0,26.09,31.88,28.99,11.59,0.0,0.0,0.0,0.0
9000008577,2025-05-23 17:00,0.662222,24,25,50,86,58,144,72,57,129,5,6,11,26.0,25.88,41.18,22.35,8.24,1.18,0.0,0.0,1.18
9000008577,2025-05-23 18:00,0.698611,33,20,53,95,70,165,49,21,70,1,1,3,29.0,20.41,30.61,38.78,10.2,0.0,0.0,0.0,0.0
9000008577,2025-05-23 19:00,0.451667,28,24,52,54,49,102,40,39,79,2,0,2,27.5,8.33,38.89,44.44,5.56,2.78,2.78,0.0,0.0
9000008577,2025-05-23 20:00,0.182778,14,11,26,28,31,60,11,92,103,0,0,0,20.0,10.53,84.21,10.53,5.26,0.0,0.0,0.0,0.0
9000008577,2025-05-24 05:00,0.175278,0,0,0,85,3,88,6,0,6,0,0,0,33.5,0.0,0.0,0.0,0.0,0.0,0.0,0.0,0.0
9000008577,2025-05-24 06:00,0.249444,8,12,20,0,12,12,4,4,8,0,0,0,29.0,0.0,0.0,100.0,0.0,0.0,0.0,0.0,0.0
9000008577,2025-05-24 07:00,0.37,5,7,12,10,11,22,8,3,11,0,0,0,37.0,0.0,0.0,75.0,25.0,0.0,0.0,0.0,0.0
9000008577,2025-05-24 08:00,0.311667,0,0,0,24,49,73,3,8,11,0,5,5,27.5,25.0,25.0,50.0,0.0,0.0,0.0,0.0,0.0
9000008577,2025-05-24 09:00,0.531944,4,10,14,40,38,77,7,9,16,8,5,14,29.0,22.22,22.22,44.44,11.11,0.0,0.0,0.0,0.0
9000008577,2025-05-24 10:00,0.653889,9,11,20,44,35,80,31,14,45,3,1,5,33.0,10.34,27.59,34.48,24.14,3.45,0.0,0.0,0.0
9000008577,2025-05-24 11:00,0.644722,12,15,28,62,43,106,49,20,70,5,6,11,33.0,17.78,33.33,28.89,13.33,2.22,2.22,0.0,2.22
9000008577,2025-05-24 12:00,0.634167,3,6,10,51,39,90,31,14,45,21,17,38,24.0,28.57,39.29,25.0,3.57,3.57,0.0,0.0,3.57
9000008577,2025-05-24 13:00,0.614444,7,3,10,162,60,222,64,28,92,16,8,24,34.0,17.86,23.21,33.93,14.29,3.57,3.57,0.0,3.57
9000008577,2025-05-24 14:00,0.539722,9,0,9,151,65,216,59,49,108,2,0,2,29.5,32.76,22.41,31.03,6.9,3.45,0.0,1.72,1.72
9000008577,2025-05-24 15:00,0.529722,4,2,6,98,82,180,61,47,108,2,2,4,26.0,54.39,19.3,15.79,7.02,1.75,0.0,0.0,1.75
9000008577,2025-05-24 16:00,0.560278,5,5,10,102,82,184,94,25,118,3,2,5,25.0,37.88,34.85,19.7,4.55,1.52,1.52,0.0,0.0
9000008577,2025-05-24 17:00,0.607222,6,13,19,110,83,193,79,38,117,7,5,11,29.0,26.76,30.99,30.99,11.27,0.0,0.0,0.0,0.0
9000008577,2025-05-24 18:00,0.645833,17,12,29,124,67,191,56,40,96,3,0,3,25.0,29.03,41.94,27.42,0.0,0.0,0.0,0.0,0.0
9000008577,2025-05-24 19:00,0.6275,16,14,31,118,84,201,62,49,111,7,4,12,24.5,18.57,47.14,27.14,4.29,0.0,1.43,0.0,1.43
9000008577,2025-05-24 20:00,0.169444,0,5,5,36,39,75,43,107,149,0,5,5,25.0,4.0,60.0,36.0,4.0,0.0,0.0,0.0,0.0
9000008577,2025-05-25 05:00,0.013889,0,0,0,0,0,0,0,0,0,0,0,0,,0.0,0.0,0.0,0.0,0.0,0.0,0.0,0.0
9000008577,2025-05-25 06:00,0.403611,0,0,0,2,10,12,0,2,2,0,2,2,4.0,100.0,0.0,0.0,0.0,0.0,0.0,0.0,0.0
9000008577,2025-05-25 07:00,0.510278,0,0,0,7,2,10,0,6,6,2,0,2,33.0,0.0,33.33,33.33,33.33,0.0,0.0,0.0,0.0
9000008577,2025-05-25 08:00,0.559167,5,5,10,12,13,25,2,3,5,0,2,2,38.0,33.33,0.0,33.33,33.33,0.0,0.0,0.0,0.0
9000008577,2025-05-25 09:00,0.559444,10,12,22,20,7,27,6,8,14,0,1,1,28.0,0.0,37.5,62.5,0.0,0.0,0.0,0.0,0.0
9000008577,2025-05-25 10:00,0.597222,9,5,15,25,33,58,13,9,22,0,0,0,25.0,23.08,23.08,38.46,15.38,0.0,0.0,0.0,0.0
9000008577,2025-05-25 11:00,0.627778,10,11,21,28,43,71,3,12,16,3,0,3,26.5,20.0,30.0,50.0,0.0,0.0,0.0,0.0,0.0
9000008577,2025-05-25 12:00,0.623889,22,27,50,56,51,107,5,8,13,2,2,3,19.0,62.5,25.0,12.5,0.0,0.0,0.0,0.0,0.0
9000008577,2025-05-25 13:00,0.648611,15,17,32,49,63,112,26,26,52,5,2,6,24.5,14.71,32.35,52.94,0.0,0.0,0.0,0.0,0.0
9000008577,2025-05-25 14:00,0.672778,19,24,43,59,74,133,40,21,61,1,0,1,27.5,2.44,46.34,43.9,7.32,0.0,0.0,0.0,0.0
9000008577,2025-05-25 15:00,0.6575,23,11,33,68,44,112,53,50,103,0,2,2,27.0,16.18,35.29,39.71,5.88,2.94,0.0,0.0,0.0
9000008577,2025-05-25 16:00,0.676944,21,19,40,47,49,96,37,41,78,7,1,9,26.0,16.98,45.28,30.19,5.66,1.89,0.0,0.0,0.0
9000008577,2025-05-25 17:00,0.659722,28,18,46,46,56,101,41,42,83,5,5,9,24.0,27.27,40.0,29.09,3.64,0.0,0.0,0.0,0.0
9000008577,2025-05-25 18:00,0.358611,8,3,12,78,58,136,16,35,51,4,6,10,27.5,22.22,38.89,38.89,5.56,0.0,0.0,0.0,0.0
9000008577,2025-05-25 19:00,0.345,19,31,50,53,16,70,24,47,72,0,0,0,24.5,36.0,44.0,4.0,8.0,4.0,0.0,0.0,0.0
9000008577,2025-05-25 20:00,0.180278,5,5,9,14,62,76,23,35,58,0,0,0,25.5,0.0,50.0,50.0,0.0,10.0,0.0,0.0,0.0
9000008577,2025-05-26 05:00,0.128056,0,7,7,0,0,0,7,17,24,0,0,0,37.5,0.0,33.33,33.33,33.33,0.0,0.0,0.0,0.0
9000008577,2025-05-26 06:00,0.491944,0,4,4,12,12,24,33,12,45,2,6,8,28.0,18.18,31.82,45.45,4.55,0.0,0.0,0.0,0.0
9000008577,2025-05-26 07:00,0.373333,2,8,10,43,29,71,95,35,130,3,5,8,28.5,12.24,34.69,46.94,8.16,0.0,0.0,0.0,0.0
9000008577,2025-05-26 08:00,0.498056,14,28,42,80,27,108,90,33,124,26,14,40,24.5,38.71,32.26,29.03,1.61,0.0,0.0,0.0,0.0
9000008577,2025-05-26 09:00,0.611111,16,23,39,113,54,168,77,23,100,10,7,17,23.5,31.15,40.98,24.59,3.28,0.0,0.0,0.0,0.0
9000008577,2025-05-26 10:00,0.579167,5,10,15,58,64,122,81,31,111,3,7,10,27.0,31.25,32.81,28.12,7.81,0.0,0.0,1.56,0.0
9000008577,2025-05-26 11:00,0.56,9,7,16,99,72,171,31,37,68,10,11,21,24.0,36.84,39.47,18.42,5.26,0.0,0.0,0.0,0.0
9000008577,2025-05-26 12:00,0.576389,7,16,23,75,52,127,37,37,73,9,13,22,26.0,54.76,19.05,16.67,2.38,4.76,0.0,2.38,0.0
9000008577,2025-05-26 13:00,0.509444,8,10,18,88,87,175,40,33,73,11,6,17,18.5,62.16,27.03,2.7,8.11,0.0,0.0,0.0,0.0
9000008577,2025-05-26 14:00,0.5325,13,13,26,85,63,147,71,55,126,4,11,15,26.5,41.79,29.85,16.42,4.48,1.49,4.48,0.0,1.49
9000008577,2025-05-26 15:00,0.511667,15,14,29,132,76,209,87,114,202,6,2,8,23.0,42.72,31.07,20.39,5.83,0.0,0.0,0.0,0.0
9000008577,2025-05-26 16:00,0.549167,7,5,12,84,64,148,94,81,175,2,9,11,24.5,17.71,44.79,31.25,6.25,0.0,0.0,0.0,0.0
9000008577,2025-05-26 17:00,0.647222,8,6,14,83,71,155,47,59,106,3,6,9,24.0,20.59,51.47,20.59,4.41,1.47,0.0,0.0,1.47
9000008577,2025-05-26 18:00,0.6025,0,0,0,42,26,68,47,52,99,2,5,7,21.0,61.67,20.0,15.0,1.67,0.0,1.67,0.0,0.0
9000008577,2025-05-26 19:00,0.297778,0,3,3,43,31,74,39,85,124,0,13,13,18.0,48.65,43.24,8.11,0.0,0.0,0.0,0.0,2.7
9000008577,2025-05-26 20:00,0.240833,0,0,0,32,3,35,73,36,109,0,9,9,26.0,15.38,57.69,26.92,3.85,0.0,0.0,0.0,0.0
9000008577,2025-05-27 05:00,0.202222,0,0,0,0,3,3,5,6,10,0,10,10,28.5,100.0,0.0,50.0,0.0,0.0,0.0,0.0,0.0
9000008577,2025-05-27 06:00,0.366667,0,0,0,12,0,12,16,13,29,2,7,8,31.0,9.09,45.45,36.36,9.09,0.0,0.0,0.0,9.09
9000008577,2025-05-27 07:00,0.541667,7,7,13,76,29,105,53,17,69,6,3,10,28.0,21.05,34.21,34.21,7.89,0.0,0.0,0.0,0.0
9000008577,2025-05-27 08:00,0.617778,3,2,5,79,35,114,69,28,97,6,5,11,27.5,18.33,26.67,48.33,3.33,0.0,0.0,0.0,1.67
9000008577,2025-05-27 09:00,0.662778,1,0,1,89,41,130,85,30,115,8,8,15,24.5,25.0,44.74,26.32,3.95,0.0,0.0,0.0,0.0
9000008577,2025-05-27 10:00,0.670833,4,9,13,81,74,155,42,22,64,7,1,9,28.0,18.6,27.91,44.19,6.98,2.33,0.0,0.0,0.0
9000008577,2025-05-27 11:00,0.582778,13,14,27,69,51,120,30,28,59,14,7,21,25.0,14.71,38.24,44.12,2.94,0.0,0.0,0.0,0.0
9000008577,2025-05-27 12:00,0.580556,10,17,27,37,49,86,19,33,52,16,5,21,26.5,50.0,16.67,33.33,3.33,0.0,0.0,0.0,0.0
9000008577,2025-05-27 13:00,0.580833,14,12,26,53,70,123,33,26,59,2,15,17,19.0,47.06,41.18,8.82,2.94,0.0,0.0,0.0,0.0
9000008577,2025-05-27 14:00,0.582222,8,17,26,70,104,174,88,89,177,16,5,21,26.0,22.33,39.81,31.07,4.85,0.97,0.97,0.0,0.0
9000008577,2025-05-27 15:00,0.581944,22,26,49,52,101,153,68,112,180,19,16,34,25.0,26.67,40.0,27.62,4.76,0.0,0.0,0.95,0.0
9000008577,2025-05-27 16:00,0.58,19,13,32,87,78,165,93,46,138,5,12,17,25.0,23.75,45.0,23.75,7.5,0.0,0.0,0.0,0.0
9000008577,2025-05-27 17:00,0.589167,19,15,34,61,68,128,77,57,134,8,10,18,26.0,21.52,41.77,34.18,1.27,1.27,0.0,0.0,0.0
9000008577,2025-05-27 18:00,0.6175,41,40,81,47,45,93,66,47,114,10,13,23,25.0,21.43,45.71,27.14,2.86,1.43,0.0,0.0,1.43
9000008577,2025-05-27 19:00,0.508889,12,12,24,35,38,73,49,53,102,4,15,19,28.0,15.38,36.54,36.54,9.62,0.0,0.0,0.0,0.0
9000008577,2025-05-27 20:00,0.242778,0,4,4,8,41,49,66,33,99,4,4,8,31.0,12.5,33.33,37.5,8.33,0.0,4.17,0.0,4.17
9000008577,2025-05-28 05:00,0.081667,0,12,12,12,12,24,0,12,12,0,0,0,9.0,100.0,0.0,0.0,0.0,0.0,0.0,0.0,0.0
9000008577,2025-05-28 06:00,0.236389,0,12,12,2,6,8,9,12,21,7,0,7,25.0,20.0,60.0,40.0,0.0,0.0,0.0,0.0,0.0
9000008577,2025-05-28 07:00,0.506944,9,13,23,26,19,46,70,34,104,2,10,12,28.0,30.19,18.87,43.4,7.55,1.89,0.0,0.0,0.0
9000008577,2025-05-28 08:00,0.483333,8,23,31,80,53,133,54,25,80,19,8,27,27.0,39.47,23.68,31.58,5.26,0.0,0.0,0.0,0.0
9000008577,2025-05-28 09:00,0.386389,8,3,12,120,61,181,87,30,117,17,2,19,28.0,20.0,31.11,37.78,8.89,0.0,0.0,0.0,0.0
9000008577,2025-05-28 10:00,0.416667,15,4,19,128,42,170,69,40,109,0,6,6,28.0,11.11,44.44,33.33,11.11,0.0,0.0,0.0,0.0
9000008577,2025-05-28 11:00,0.568056,3,14,18,106,87,193,51,41,92,11,12,23,30.5,36.54,30.77,17.31,9.62,1.92,0.0,0.0,3.85
9000008577,2025-05-28 12:00,0.58,10,10,21,81,44,125,43,12,55,17,11,28,22.5,43.75,34.38,18.75,0.0,0.0,0.0,0.0,3.12
9000008577,2025-05-28 13:00,0.571111,26,27,53,88,61,149,45,44,89,11,12,23,21.5,45.1,37.25,13.73,3.92,0.0,0.0,0.0,0.0
9000008577,2025-05-28 14:00,0.406111,17,12,29,104,83,187,87,79,166,9,11,20,23.0,22.39,49.25,25.37,1.49,0.0,0.0,0.0,0.0
9000008577,2025-05-28 15:00,0.49,19,14,33,54,74,127,82,88,171,4,36,40,24.5,32.14,39.29,19.05,8.33,0.0,0.0,0.0,0.0
9000008577,2025-05-28 16:00,0.609167,28,21,49,50,44,94,124,100,224,5,15,19,27.0,14.6,38.69,39.42,5.84,0.0,0.0,0.0,0.73
9000008577,2025-05-28 17:00,0.592778,18,20,39,75,27,102,70,49,119,12,7,19,23.0,30.99,47.89,18.31,2.82,0.0,0.0,0.0,0.0
9000008577,2025-05-28 18:00,0.37,28,26,55,39,49,88,111,36,147,2,7,10,24.0,33.33,40.74,24.07,1.85,0.0,0.0,0.0,0.0
9000008577,2025-05-28 19:00,0.391667,26,11,38,41,18,59,65,33,98,8,4,13,25.0,31.58,42.11,23.68,0.0,0.0,0.0,0.0,0.0
9000008577,2025-05-28 20:00,0.246111,21,18,40,32,35,67,47,59,106,13,0,13,14.5,73.08,15.38,3.85,3.85,0.0,0.0,0.0,3.85
9000008577,2025-05-29 05:00,0.166111,0,0,0,0,4,4,4,4,8,0,0,0,8.5,0.0,0.0,0.0,0.0,0.0,0.0,0.0,0.0
9000008577,2025-05-29 06:00,0.242778,3,5,9,7,7,15,9,5,13,0,0,0,9.0,100.0,0.0,0.0,0.0,0.0,0.0,0.0,0.0
9000008577,2025-05-29 07:00,0.23,0,6,6,9,3,12,19,0,19,4,0,4,42.5,75.0,0.0,0.0,0.0,25.0,0.0,0.0,0.0
9000008577,2025-05-29 08:00,0.480278,0,2,2,13,12,24,9,6,16,11,5,16,5.0,87.5,0.0,12.5,0.0,0.0,0.0,0.0,0.0
9000008577,2025-05-29 09:00,0.585556,3,5,8,12,22,34,7,10,17,5,2,7,27.5,30.0,10.0,50.0,10.0,0.0,0.0,0.0,0.0
9000008577,2025-05-29 10:00,0.538611,4,2,6,19,30,49,11,15,26,2,7,9,27.0,78.57,0.0,14.29,7.14,0.0,0.0,0.0,0.0
9000008577,2025-05-29 11:00,0.546111,4,0,4,32,18,50,14,5,20,7,3,11,21.5,63.64,18.18,18.18,0.0,0.0,0.0,0.0,0.0
9000008577,2025-05-29 12:00,0.543889,9,9,19,28,40,68,29,18,48,4,7,11,35.5,42.31,23.08,19.23,3.85,3.85,7.69,0.0,0.0
9000008577,2025-05-29 13:00,0.591389,11,8,19,34,46,80,8,11,20,3,7,10,46.5,25.0,33.33,16.67,8.33,8.33,0.0,0.0,8.33
9000008577,2025-05-29 14:00,0.508611,22,14,36,42,40,82,32,35,66,0,0,0,22.0,41.18,41.18,11.76,5.88,0.0,0.0,0.0,0.0
9000008577,2025-05-29 15:00,0.500833,6,4,10,47,34,80,48,39,87,0,6,6,24.5,40.91,31.82,13.64,4.55,4.55,2.27,0.0,0.0
9000008577,2025-05-29 16:00,0.518889,8,6,14,40,41,81,21,25,46,0,2,2,24.5,20.83,41.67,29.17,4.17,4.17,0.0,0.0,0.0
9000008577,2025-05-29 17:00,0.555833,12,11,23,31,49,79,42,23,66,5,13,18,29.0,16.67,41.67,30.56,13.89,0.0,0.0,0.0,0.0
9000008577,2025-05-29 18:00,0.566111,21,12,34,32,56,88,35,47,83,0,7,7,26.0,29.79,40.43,23.4,4.26,2.13,0.0,0.0,0.0
9000008577,2025-05-29 19:00,0.543333,26,22,48,50,37,87,32,40,73,0,0,0,25.5,20.51,38.46,30.77,7.69,0.0,0.0,0.0,0.0
9000008577,2025-05-29 20:00,0.152222,18,14,32,22,35,58,58,49,107,0,0,0,23.0,31.25,37.5,31.25,0.0,6.25,0.0,0.0,0.0
9000008577,2025-05-30 06:00,0.302222,3,8,11,21,16,37,9,3,12,0,3,3,18.5,25.0,75.0,0.0,0.0,0.0,0.0,0.0,0.0
9000008577,2025-05-30 07:00,0.234722,3,9,12,17,37,54,20,20,41,0,0,0,20.0,50.0,40.0,20.0,0.0,0.0,0.0,0.0,0.0
9000008577,2025-05-30 08:00,0.472222,3,11,14,57,24,81,15,14,30,0,3,3,24.0,35.71,35.71,28.57,7.14,0.0,0.0,0.0,7.14
9000008577,2025-05-30 09:00,0.643333,13,18,31,53,37,90,16,12,28,8,10,18,27.5,22.22,38.89,33.33,5.56,0.0,0.0,0.0,0.0
9000008577,2025-05-30 10:00,0.6175,13,8,21,45,55,100,53,24,78,5,2,6,42.0,20.83,12.5,27.08,22.92,8.33,4.17,0.0,4.17
9000008577,2025-05-30 11:00,0.639444,5,9,14,41,39,80,28,39,67,8,5,13,33.0,44.19,18.6,20.93,11.63,0.0,2.33,0.0,2.33
9000008577,2025-05-30 12:00,0.628611,15,11,26,47,35,82,37,55,92,3,11,14,26.0,37.93,22.41,32.76,3.45,0.0,0.0,0.0,1.72
9000008577,2025-05-30 13:00,0.653056,22,15,37,49,63,112,57,36,92,8,9,17,33.0,18.33,21.67,38.33,18.33,1.67,0.0,0.0,1.67
9000008577,2025-05-30 14:00,0.618889,11,10,21,57,86,142,55,76,131,20,18,38,41.0,7.41,27.16,34.57,14.81,9.88,3.7,1.23,1.23
9000008577,2025-05-30 15:00,0.551389,7,19,26,44,50,94,37,81,119,16,21,38,35.5,24.62,29.23,23.08,10.77,4.62,4.62,1.54,1.54
9000008577,2025-05-30 16:00,0.567222,11,7,18,47,72,119,41,62,103,0,7,7,37.0,31.03,24.14,22.41,10.34,8.62,0.0,0.0,3.45
9000008577,2025-05-30 17:00,0.636944,27,17,44,54,33,87,60,56,116,14,9,23,26.5,29.73,39.19,28.38,4.05,0.0,0.0,0.0,0.0
9000008577,2025-05-30 18:00,0.597222,29,7,35,70,47,117,40,35,75,3,12,15,24.5,42.22,26.67,22.22,4.44,4.44,0.0,0.0,0.0
9000008577,2025-05-30 19:00,0.536389,16,19,35,51,58,109,27,23,51,6,14,20,23.0,18.52,59.26,14.81,7.41,0.0,0.0,0.0,0.0
9000008577,2025-05-30 20:00,0.292222,21,14,35,29,34,63,34,41,75,4,4,8,21.0,9.09,68.18,18.18,0.0,0.0,0.0,0.0,0.0
9000008577,2025-05-31 05:00,0.042222,0,24,24,0,0,0,0,0,0,0,0,0,,0.0,0.0,0.0,0.0,0.0,0.0,0.0,0.0
9000008577,2025-05-31 06:00,0.256111,2,0,2,0,0,0,19,20,38,0,2,2,30.0,60.0,10.0,20.0,20.0,0.0,0.0,0.0,0.0
9000008577,2025-05-31 07:00,0.353889,2,16,18,5,2,8,3,3,6,0,7,7,8.5,100.0,0.0,0.0,0.0,0.0,0.0,0.0,0.0
9000008577,2025-05-31 08:00,0.559167,11,1,12,17,12,29,18,16,34,0,0,0,23.5,26.32,26.32,47.37,0.0,0.0,0.0,0.0,0.0
9000008577,2025-05-31 09:00,0.591111,10,10,20,24,13,37,27,16,43,0,1,1,26.5,30.77,26.92,38.46,7.69,0.0,0.0,0.0,0.0
9000008577,2025-05-31 10:00,0.644167,13,14,27,30,20,50,24,40,64,2,0,2,20.0,46.34,39.02,14.63,0.0,0.0,0.0,0.0,0.0
9000008577,2025-05-31 11:00,0.597778,14,13,27,54,37,91,33,39,72,2,2,3,21.5,51.16,30.23,18.6,0.0,0.0,0.0,0.0,0.0
9000008577,2025-05-31 12:00,0.621111,15,8,23,51,27,78,33,23,56,16,21,37,18.0,48.57,42.86,2.86,2.86,0.0,0.0,0.0,2.86
9000008577,2025-05-31 13:00,0.581111,9,28,37,80,62,142,68,62,130,7,5,12,25.5,34.21,35.53,18.42,5.26,2.63,0.0,1.32,1.32
9000008577,2025-05-31 14:00,0.630833,9,6,16,63,55,119,81,68,149,9,5,14,62.5,9.57,17.02,18.09,15.96,11.7,8.51,9.57,9.57
9000008577,2025-05-31 15:00,0.524722,16,12,27,65,87,151,74,43,117,13,2,15,44.5,14.75,27.87,26.23,9.84,9.84,4.92,3.28,4.92
9000008577,2025-05-31 16:00,0.546389,13,7,20,57,49,106,39,41,80,0,7,7,56.0,13.64,20.45,18.18,20.45,11.36,6.82,4.55,6.82
9000008577,2025-05-31 17:00,0.628333,22,16,38,33,81,115,70,78,148,2,0,2,50.0,5.38,20.43,21.51,18.28,19.35,10.75,2.15,2.15
9000008577,2025-05-31 18:00,0.700556,20,30,50,58,43,101,48,50,98,0,0,0,51.5,14.49,21.74,18.84,17.39,10.14,7.25,4.35,4.35
9000008577,2025-05-31 19:00,0.598611,13,25,38,57,34,91,41,76,116,0,0,0,46.5,18.57,22.86,30.0,10.0,12.86,7.14,0.0,2.86
9000008577,2025-05-31 20:00,0.292222,13,13,27,34,35,69,27,83,110,0,0,0,48.0,3.12,31.25,43.75,6.25,6.25,6.25,6.25,3.12
9000008577,2025-06-01 05:00,0.180833,0,0,0,4,0,4,4,12,16,0,0,0,91.5,0.0,0.0,66.67,0.0,0.0,0.0,0.0,33.33
9000008577,2025-06-01 06:00,0.460556,3,0,3,5,5,10,5,1,7,0,3,3,62.5,66.67,0.0,0.0,0.0,0.0,33.33,33.33,0.0
9000008577,2025-06-01 07:00,0.481111,2,7,9,8,2,10,7,3,10,0,0,0,13.0,60.0,40.0,0.0,0.0,0.0,0.0,0.0,0.0
9000008577,2025-06-01 08:00,0.651944,8,6,13,4,5,9,3,11,14,0,1,1,27.5,44.44,11.11,44.44,11.11,0.0,0.0,0.0,0.0
9000008577,2025-06-01 09:00,0.642778,8,14,22,17,27,44,6,10,16,5,0,5,29.0,40.0,20.0,30.0,10.0,0.0,0.0,0.0,0.0
9000008577,2025-06-01 10:00,0.5975,9,7,15,15,34,49,9,15,24,3,0,3,27.5,42.86,14.29,42.86,0.0,0.0,0.0,0.0,0.0
9000008577,2025-06-01 11:00,0.593611,5,17,22,25,25,50,22,15,38,2,0,2,22.5,27.27,45.45,27.27,0.0,0.0,0.0,0.0,0.0
9000008577,2025-06-01 12:00,0.596944,12,23,35,22,36,58,24,23,47,5,7,12,25.0,50.0,25.0,17.86,7.14,0.0,0.0,0.0,0.0
9000008577,2025-06-01 13:00,0.538889,11,11,22,88,63,151,32,27,60,8,6,13,26.5,25.0,28.12,34.38,3.12,6.25,0.0,0.0,0.0
9000008577,2025-06-01 14:00,0.505556,14,11,24,163,33,196,135,27,162,2,0,2,27.5,32.93,35.37,19.51,8.54,0.0,0.0,0.0,3.66
9000008577,2025-06-01 15:00,0.515833,16,19,35,75,58,133,60,27,87,0,2,2,28.5,24.44,44.44,20.0,11.11,0.0,0.0,0.0,0.0
9000008577,2025-06-01 16:00,0.519722,17,10,27,38,46,84,57,33,90,6,7,13,27.0,31.91,29.79,31.91,4.26,0.0,0.0,0.0,0.0
9000008577,2025-06-01 17:00,0.548333,18,15,33,61,60,121,34,19,53,5,7,13,25.0,27.59,37.93,24.14,10.34,0.0,0.0,0.0,0.0
9000008577,2025-06-01 18:00,0.6175,11,16,27,65,45,110,39,29,68,6,6,13,29.0,9.52,42.86,35.71,11.9,0.0,0.0,0.0,0.0
9000008577,2025-06-01 19:00,0.26,10,22,32,51,30,82,44,41,86,3,0,3,24.0,9.09,63.64,27.27,4.55,0.0,0.0,0.0,0.0
9000008577,2025-06-01 20:00,0.138611,23,19,42,36,29,65,29,26,55,0,0,0,18.5,37.5,50.0,0.0,0.0,0.0,0.0,0.0,0.0
9000008577,2025-06-02 05:00,0.123333,8,0,8,0,0,0,16,8,24,0,0,0,22.5,33.33,33.33,33.33,0.0,0.0,0.0,0.0,0.0
9000008577,2025-06-02 06:00,0.270556,2,12,14,24,14,38,20,4,24,0,17,17,29.5,0.0,33.33,66.67,16.67,0.0,0.0,0.0,0.0
9000008577,2025-06-02 07:00,0.559167,3,16,19,65,38,104,82,32,114,3,7,10,22.0,37.5,43.75,18.75,1.56,0.0,0.0,0.0,0.0
9000008577,2025-06-02 08:00,0.451667,4,8,11,92,30,123,117,43,160,15,8,23,23.5,44.44,33.33,19.44,2.78,0.0,0.0,0.0,0.0
9000008577,2025-06-02 09:00,0.663611,14,14,27,110,48,158,124,24,148,13,3,16,23.5,20.41,48.98,28.57,2.04,0.0,0.0,0.0,0.0
9000008577,2025-06-02 10:00,0.628611,6,6,13,92,59,150,69,41,110,11,0,11,23.0,36.23,39.13,24.64,0.0,0.0,0.0,0.0,0.0
9000008577,2025-06-02 11:00,0.646667,26,15,42,79,65,143,59,48,107,8,9,17,25.5,33.33,33.33,30.43,1.45,0.0,0.0,1.45,0.0
9000008577,2025-06-02 12:00,0.658056,18,12,30,52,53,105,65,58,123,0,8,8,21.5,49.38,32.1,14.81,2.47,1.23,0.0,0.0,0.0
9000008577,2025-06-02 13:00,0.641944,14,10,24,42,62,105,74,84,159,2,9,11,19.0,58.82,29.41,9.8,0.98,0.0,0.98,0.0,0.0
9000008577,2025-06-02 14:00,0.682222,28,13,41,77,64,141,77,102,179,6,19,25,23.5,31.15,46.72,19.67,3.28,0.0,0.0,0.0,0.0
9000008577,2025-06-02 15:00,0.492778,29,38,67,102,120,222,94,99,193,0,2,2,27.0,22.11,38.95,33.68,4.21,0.0,0.0,0.0,0.0
9000008577,2025-06-02 16:00,0.538333,29,22,51,58,59,117,111,105,216,9,3,13,24.5,15.52,55.17,25.0,3.45,0.0,0.86,0.0,0.0
9000008577,2025-06-02 17:00,0.639444,27,22,48,56,52,108,55,64,119,5,13,18,26.0,14.47,47.37,32.89,3.95,0.0,0.0,0.0,1.32
9000008577,2025-06-02 18:00,0.638333,22,20,42,59,38,97,55,54,110,3,1,5,23.0,31.43,42.86,22.86,2.86,0.0,0.0,0.0,0.0
9000008577,2025-06-02 19:00,0.680556,35,24,59,44,42,87,44,28,72,3,3,6,22.5,26.53,44.9,28.57,0.0,0.0,0.0,0.0,0.0
9000008577,2025-06-02 20:00,0.447222,18,17,35,13,19,32,44,37,81,0,4,4,23.5,11.11,55.56,33.33,2.78,0.0,0.0,0.0,0.0
9000008577,2025-06-03 05:00,0.213611,0,0,0,0,0,0,9,14,24,0,0,0,26.5,20.0,60.0,20.0,0.0,0.0,0.0,0.0,0.0
9000008577,2025-06-03 06:00,0.518611,0,0,0,7,6,13,15,14,29,1,6,8,32.5,13.33,20.0,46.67,26.67,0.0,0.0,0.0,0.0
9000008577,2025-06-03 07:00,0.616667,6,10,16,33,9,41,57,15,72,7,9,17,29.5,9.09,29.55,47.73,11.36,2.27,0.0,0.0,0.0
9000008577,2025-06-03 08:00,0.614444,18,24,42,110,28,138,53,29,82,2,2,3,23.5,22.0,44.0,34.0,0.0,0.0,0.0,0.0,0.0
9000008577,2025-06-03 09:00,0.556667,13,16,30,130,53,183,91,55,146,2,7,9,19.0,30.86,58.02,8.64,2.47,0.0,0.0,0.0,0.0
9000008577,2025-06-03 10:00,0.593056,10,7,17,103,73,176,41,30,71,5,16,21,24.5,7.14,52.38,40.48,2.38,0.0,0.0,0.0,0.0
9000008577,2025-06-03 11:00,0.578056,14,7,21,82,90,172,47,27,73,13,22,35,24.5,21.43,57.14,16.67,4.76,0.0,0.0,2.38,0.0
9000008577,2025-06-03 12:00,0.600833,5,15,20,72,73,145,65,43,108,3,18,22,23.0,46.15,32.31,15.38,3.08,1.54,1.54,0.0,0.0
9000008577,2025-06-03 13:00,0.571944,16,19,35,56,79,136,40,39,79,8,10,18,24.0,31.11,42.22,24.44,0.0,2.22,0.0,2.22,0.0
9000008577,2025-06-03 14:00,0.581944,16,19,35,74,104,178,47,70,116,2,2,3,26.5,32.35,30.88,29.41,2.94,1.47,0.0,0.0,1.47
9000008577,2025-06-03 15:00,0.490278,12,12,25,82,74,156,73,108,181,4,12,16,23.5,33.71,42.7,17.98,3.37,1.12,0.0,0.0,1.12
9000008577,2025-06-03 16:00,0.534444,12,9,21,59,38,97,71,101,172,2,6,8,29.5,20.65,32.61,32.61,7.61,4.35,2.17,0.0,0.0
9000008577,2025-06-03 17:00,0.630833,24,8,31,64,44,108,24,67,91,0,3,3,30.0,14.04,35.09,36.84,5.26,7.02,0.0,0.0,1.75
9000008577,2025-06-03 18:00,0.644722,30,16,46,42,43,85,32,44,77,1,4,6,49.5,4.08,18.37,26.53,24.49,12.24,12.24,2.04,0.0
9000008577,2025-06-03 19:00,0.653333,20,16,35,26,58,84,36,84,121,0,0,0,46.0,0.0,17.72,39.24,26.58,2.53,8.86,1.27,3.8
9000008577,2025-06-03 20:00,0.251111,37,16,53,24,54,78,51,51,102,0,0,0,52.5,0.0,30.77,11.54,15.38,23.08,19.23,3.85,0.0
9000008577,2025-06-04 05:00,0.153889,0,0,0,7,3,10,3,10,14,0,3,3,22.0,50.0,0.0,0.0,0.0,0.0,0.0,0.0,0.0
9000008577,2025-06-04 06:00,0.446944,12,5,16,14,11,25,17,6,23,1,1,3,27.0,20.0,30.0,50.0,0.0,0.0,0.0,0.0,0.0
9000008577,2025-06-04 07:00,0.310833,3,10,13,40,33,73,94,36,129,13,0,13,28.0,10.0,42.5,32.5,7.5,5.0,0.0,0.0,0.0
9000008577,2025-06-04 08:00,0.511111,11,23,34,75,51,126,41,16,57,5,2,8,18.0,37.93,51.72,10.34,0.0,0.0,0.0,0.0,0.0
9000008577,2025-06-04 09:00,0.513611,12,15,26,122,41,163,90,34,123,5,2,6,25.5,28.57,38.1,28.57,6.35,0.0,0.0,0.0,0.0
9000008577,2025-06-04 10:00,0.610556,7,8,15,74,63,137,44,35,79,2,3,5,23.5,33.33,43.75,20.83,4.17,0.0,0.0,0.0,0.0
9000008577,2025-06-04 11:00,0.586389,10,14,24,70,88,157,41,34,75,12,7,19,23.0,43.18,36.36,18.18,2.27,0.0,0.0,0.0,0.0
9000008577,2025-06-04 12:00,0.599722,25,22,47,70,118,188,50,36,86,10,12,21,17.0,56.86,37.25,5.88,0.0,0.0,0.0,0.0,0.0
9000008577,2025-06-04 13:00,0.615556,26,24,50,83,91,174,36,52,88,10,18,27,26.0,25.93,40.74,27.78,5.56,0.0,0.0,0.0,0.0
9000008577,2025-06-04 14:00,0.586389,25,14,39,112,111,224,60,55,114,11,17,29,29.0,14.93,35.82,37.31,10.45,1.49,0.0,0.0,0.0
9000008577,2025-06-04 15:00,0.548889,15,27,42,113,96,209,58,61,119,11,16,27,24.5,29.23,32.31,33.85,4.62,0.0,0.0,0.0,0.0
9000008577,2025-06-04 16:00,0.460278,14,13,27,94,76,170,93,28,121,21,19,39,28.0,17.86,37.5,35.71,8.93,0.0,1.79,0.0,0.0
9000008577,2025-06-04 17:00,0.418056,35,19,54,64,37,102,43,40,83,11,5,16,23.5,22.86,51.43,22.86,2.86,0.0,0.0,0.0,0.0
9000008577,2025-06-04 18:00,0.289167,17,22,39,42,46,89,66,18,85,2,8,10,24.5,29.17,50.0,12.5,8.33,4.17,0.0,0.0,0.0
9000008577,2025-06-04 19:00,0.3225,18,20,39,26,44,70,66,66,132,9,15,24,23.5,18.6,44.19,30.23,6.98,0.0,0.0,0.0,0.0
9000008577,2025-06-04 20:00,0.066667,0,30,30,30,15,45,30,105,135,0,15,15,23.0,44.44,33.33,22.22,0.0,0.0,0.0,0.0,0.0
9000008577,2025-06-05 05:00,0.158611,13,6,19,0,6,6,6,19,25,0,0,0,12.0,75.0,25.0,0.0,0.0,0.0,0.0,0.0,0.0
9000008577,2025-06-05 06:00,0.653889,3,10,13,13,10,23,12,13,25,4,0,4,27.0,5.88,35.29,52.94,0.0,0.0,0.0,0.0,0.0
9000008577,2025-06-05 07:00,0.446111,2,23,24,28,23,52,58,33,91,2,5,7,27.5,10.0,40.0,42.5,7.5,0.0,0.0,0.0,0.0
9000008577,2025-06-05 08:00,0.618889,15,17,32,87,36,123,74,31,105,2,3,4,26.5,18.46,33.85,43.08,4.62,0.0,0.0,0.0,0.0
9000008577,2025-06-05 09:00,0.627222,8,5,13,121,38,159,78,29,106,8,2,10,23.5,28.36,46.27,20.9,2.99,1.49,0.0,0.0,0.0
9000008577,2025-06-05 10:00,0.612222,26,8,34,79,51,130,24,18,42,3,6,10,23.5,34.62,30.77,26.92,7.69,0.0,0.0,0.0,0.0
9000008577,2025-06-05 11:00,0.608889,10,12,21,69,69,138,51,20,71,5,3,8,27.0,30.23,41.86,18.6,9.3,0.0,0.0,0.0,0.0
9000008577,2025-06-05 12:00,0.484444,11,17,28,50,77,127,49,49,98,3,8,11,29.0,27.66,27.66,34.04,10.64,0.0,0.0,0.0,0.0
9000008577,2025-06-05 13:00,0.561667,18,12,30,93,84,177,64,61,124,6,14,20,26.0,42.86,30.0,21.43,4.29,1.43,0.0,0.0,0.0
9000008577,2025-06-05 14:00,0.595556,12,20,32,121,82,203,49,39,88,11,6,17,27.5,22.64,35.85,32.08,7.55,0.0,0.0,0.0,0.0
9000008577,2025-06-05 15:00,0.532778,18,12,30,94,99,193,83,51,135,14,8,22,32.0,27.78,26.39,25.0,15.28,1.39,1.39,1.39,0.0
9000008577,2025-06-05 16:00,0.488333,6,7,13,118,80,198,125,41,166,7,15,22,28.0,19.75,37.04,35.8,3.7,3.7,0.0,0.0,1.23
9000008577,2025-06-05 17:00,0.481389,11,33,44,66,63,129,46,63,109,2,6,8,25.5,23.08,42.31,32.69,1.92,0.0,0.0,0.0,0.0
9000008577,2025-06-05 18:00,0.555833,22,25,48,65,76,141,29,56,85,7,7,13,24.5,17.02,61.7,14.89,4.26,2.13,0.0,0.0,0.0
9000008577,2025-06-05 19:00,0.445,22,13,35,24,44,68,53,58,111,13,13,26,23.5,26.0,40.0,30.0,2.0,0.0,0.0,0.0,0.0
9000008577,2025-06-05 20:00,0.107222,56,9,65,28,28,56,65,37,103,9,0,9,28.5,18.18,27.27,45.45,9.09,0.0,0.0,0.0,0.0
9000008577,2025-06-06 05:00,0.103611,0,10,10,0,10,10,10,10,19,10,0,10,28.5,0.0,50.0,50.0,0.0,0.0,0.0,0.0,0.0
9000008577,2025-06-06 06:00,0.363611,2,11,12,6,4,10,22,25,47,7,2,9,24.5,35.29,17.65,41.18,0.0,5.88,0.0,0.0,0.0
9000008577,2025-06-06 07:00,0.3625,16,11,27,31,29,60,36,34,71,5,12,17,28.5,11.54,26.92,50.0,3.85,3.85,0.0,0.0,0.0
9000008577,2025-06-06 08:00,0.202222,15,26,41,96,46,142,31,10,41,0,9,9,32.0,25.0,0.0,50.0,25.0,0.0,0.0,0.0,0.0
9000008577,2025-06-06 09:00,0.531667,8,6,13,84,69,153,54,32,86,10,13,23,27.0,47.83,21.74,21.74,6.52,0.0,0.0,0.0,0.0
9000008577,2025-06-06 10:00,0.554444,4,4,7,72,66,139,54,74,128,11,5,16,26.5,22.54,38.03,30.99,7.04,1.41,0.0,0.0,0.0
9000008577,2025-06-06 11:00,0.556111,11,14,25,119,97,216,49,47,95,25,7,32,24.0,15.09,45.28,35.85,1.89,1.89,0.0,0.0,0.0
9000008577,2025-06-06 12:00,0.555556,12,3,16,113,81,194,44,30,73,29,14,42,25.0,46.34,21.95,26.83,2.44,0.0,0.0,0.0,2.44
9000008577,2025-06-06 13:00,0.549444,16,18,34,94,91,186,54,40,94,7,8,16,24.5,43.14,29.41,21.57,5.88,1.96,0.0,0.0,0.0
9000008577,2025-06-06 14:00,0.532222,8,8,15,105,86,191,64,61,125,19,34,53,26.5,39.39,30.3,25.76,3.03,0.0,1.52,0.0,1.52
9000008577,2025-06-06 15:00,0.51,26,6,32,144,81,225,58,55,113,4,16,20,27.5,29.31,29.31,31.03,8.62,1.72,0.0,0.0,0.0
9000008577,2025-06-06 16:00,0.499444,12,6,18,105,78,183,123,69,192,6,26,32,23.0,35.42,41.67,18.75,3.12,0.0,0.0,0.0,0.0
9000008577,2025-06-06 17:00,0.532222,20,19,39,119,64,183,104,23,127,9,13,22,24.0,14.93,58.21,17.91,5.97,2.99,0.0,0.0,0.0
9000008577,2025-06-06 18:00,0.566944,30,23,53,136,104,241,76,19,96,0,7,7,20.0,20.37,64.81,12.96,0.0,1.85,0.0,0.0,0.0
9000008577,2025-06-06 19:00,0.535278,18,9,28,76,61,136,34,45,79,0,7,7,21.0,23.81,61.9,7.14,9.52,0.0,0.0,0.0,0.0
9000008577,2025-06-06 20:00,0.37,6,4,11,21,42,63,53,36,88,5,13,18,23.5,30.3,39.39,27.27,0.0,3.03,0.0,0.0,0.0
9000008577,2025-06-07 05:00,0.201944,0,0,0,0,0,0,0,5,5,0,0,0,4.0,100.0,0.0,0.0,0.0,0.0,0.0,0.0,0.0
9000008577,2025-06-07 06:00,0.533333,2,0,2,7,13,20,6,12,18,0,0,0,24.0,40.0,30.0,40.0,0.0,0.0,0.0,0.0,0.0
9000008577,2025-06-07 07:00,0.5675,0,2,2,5,9,14,5,13,18,0,0,0,22.5,40.0,40.0,10.0,10.0,0.0,0.0,0.0,0.0
9000008577,2025-06-07 08:00,0.578056,0,2,2,11,21,32,14,3,17,0,3,3,27.5,40.0,30.0,20.0,0.0,10.0,0.0,0.0,0.0
9000008577,2025-06-07 09:00,0.613611,3,0,3,8,16,24,10,10,20,2,7,8,20.5,50.0,33.33,16.67,0.0,0.0,0.0,0.0,0.0
9000008577,2025-06-07 10:00,0.622222,0,2,2,50,36,85,11,11,22,3,2,5,18.5,42.86,50.0,7.14,0.0,0.0,0.0,0.0,0.0
9000008577,2025-06-07 11:00,0.607778,0,0,0,29,31,60,15,23,37,5,3,8,23.0,52.17,21.74,21.74,4.35,0.0,0.0,0.0,0.0
9000008577,2025-06-07 12:00,0.591389,3,0,3,66,61,128,34,30,64,7,6,13,19.0,34.21,52.63,13.16,0.0,0.0,0.0,0.0,0.0
9000008577,2025-06-07 13:00,0.570278,3,2,5,107,50,156,44,26,69,3,10,13,25.5,42.5,37.5,20.0,2.5,0.0,0.0,0.0,0.0
9000008577,2025-06-07 14:00,0.576389,2,2,3,102,49,151,45,41,87,3,8,12,22.0,34.0,46.0,14.0,4.0,2.0,0.0,0.0,0.0
9000008577,2025-06-07 15:00,0.541111,0,0,0,109,63,172,76,62,137,3,10,13,24.0,32.43,41.89,21.62,4.05,1.35,0.0,0.0,0.0
9000008577,2025-06-07 16:00,0.583889,8,5,13,86,38,123,79,64,143,3,2,5,26.0,34.52,30.95,28.57,5.95,0.0,0.0,0.0,0.0
9000008577,2025-06-07 17:00,0.584722,3,5,9,60,69,129,60,29,89,0,5,5,25.5,13.46,42.31,36.54,7.69,0.0,0.0,0.0,0.0
9000008577,2025-06-07 18:00,0.602778,0,0,0,108,74,182,57,35,93,2,0,2,25.0,16.07,41.07,41.07,3.57,0.0,0.0,0.0,0.0
9000008577,2025-06-07 19:00,0.27,3,0,3,38,55,93,40,22,62,6,3,9,34.5,11.76,23.53,35.29,17.65,5.88,0.0,5.88,0.0
9000008577,2025-06-07 20:00,0.360833,0,0,0,7,23,29,47,54,101,0,16,16,27.0,30.56,36.11,27.78,5.56,0.0,0.0,0.0,0.0
9000008577,2025-06-08 05:00,0.222222,0,0,0,0,3,3,0,0,0,0,0,0,,0.0,0.0,0.0,0.0,0.0,0.0,0.0,0.0
9000008577,2025-06-08 06:00,0.439722,5,0,5,2,0,2,5,0,5,0,2,2,9.0,100.0,0.0,0.0,0.0,0.0,0.0,0.0,0.0
9000008577,2025-06-08 07:00,0.410278,6,0,6,0,8,8,5,3,8,0,0,0,11.0,66.67,33.33,0.0,0.0,0.0,0.0,0.0,0.0
9000008577,2025-06-08 08:00,0.580556,0,0,0,8,10,18,33,4,37,3,0,3,67.5,19.05,14.29,28.57,14.29,4.76,9.52,4.76,14.29
9000008577,2025-06-08 09:00,0.445278,0,10,10,4,14,17,7,8,15,0,0,0,19.5,42.86,28.57,14.29,0.0,0.0,0.0,0.0,0.0
9000008577,2025-06-08 10:00,0.399722,5,5,10,12,9,21,30,12,42,0,0,0,46.0,17.65,41.18,17.65,5.88,11.76,5.88,0.0,11.76
9000008577,2025-06-08 11:00,0.669167,4,8,12,29,34,64,12,11,24,6,3,9,21.0,68.75,12.5,18.75,0.0,0.0,0.0,0.0,0.0
9000008577,2025-06-08 12:00,0.595833,0,6,6,20,17,37,35,10,45,27,12,39,18.5,70.37,18.52,7.41,3.7,0.0,0.0,0.0,0.0
9000008577,2025-06-08 13:00,0.524722,2,0,2,58,41,99,18,17,34,8,2,9,20.5,55.56,27.78,11.11,0.0,0.0,0.0,0.0,5.56
9000008577,2025-06-08 14:00,0.550833,0,0,0,44,25,69,28,9,37,7,2,9,26.5,40.0,30.0,25.0,5.0,0.0,0.0,0.0,0.0
9000008577,2025-06-08 15:00,0.528889,2,0,2,42,40,81,23,25,47,4,2,6,20.5,40.0,44.0,16.0,0.0,0.0,0.0,0.0,0.0
9000008577,2025-06-08 16:00,0.556389,2,2,4,45,42,87,24,15,39,8,0,8,25.0,27.27,50.0,9.09,9.09,0.0,0.0,0.0,0.0
9000008577,2025-06-08 17:00,0.540278,2,0,2,24,30,54,52,17,69,2,2,4,20.5,51.35,32.43,16.22,0.0,0.0,0.0,0.0,0.0
9000008577,2025-06-08 18:00,0.43,0,4,4,18,28,46,26,42,68,4,0,4,20.5,55.17,27.59,10.34,3.45,0.0,3.45,0.0,0.0
9000008577,2025-06-08 19:00,0.236667,0,3,3,35,41,76,20,6,25,0,3,3,19.5,33.33,66.67,16.67,0.0,0.0,0.0,0.0,0.0
9000008577,2025-06-08 20:00,0.075278,0,0,0,15,105,120,24,12,36,0,0,0,34.0,33.33,0.0,0.0,66.67,0.0,0.0,0.0,0.0
9000008577,2025-06-09 06:00,0.261111,2,0,2,2,0,2,2,0,2,0,0,0,14.0,0.0,0.0,0.0,0.0,0.0,0.0,0.0,0.0
9000008577,2025-06-09 07:00,0.356944,13,0,13,5,11,17,7,0,7,0,0,0,9.0,100.0,0.0,0.0,0.0,0.0,0.0,0.0,0.0
9000008577,2025-06-09 08:00,0.406944,8,8,16,9,5,14,2,3,5,0,3,3,34.0,50.0,0.0,0.0,50.0,0.0,0.0,0.0,0.0
9000008577,2025-06-09 09:00,0.616944,0,15,15,15,24,39,12,3,15,6,2,8,18.0,44.44,44.44,11.11,0.0,0.0,0.0,0.0,0.0
9000008577,2025-06-09 10:00,0.611667,15,18,33,31,18,49,23,2,24,10,7,16,39.0,46.67,20.0,13.33,6.67,6.67,6.67,0.0,0.0
9000008577,2025-06-09 11:00,0.561944,20,17,37,32,32,64,13,11,24,4,2,5,20.0,38.46,46.15,7.69,7.69,0.0,0.0,0.0,0.0
9000008577,2025-06-09 12:00,0.587222,14,2,15,32,17,49,20,15,36,14,24,37,24.5,57.14,19.05,19.05,4.76,0.0,0.0,0.0,0.0
9000008577,2025-06-09 13:00,0.536111,10,15,25,24,30,54,33,20,53,17,4,21,23.5,48.28,27.59,20.69,0.0,3.45,0.0,0.0,0.0
9000008577,2025-06-09 14:00,0.543889,13,24,37,45,40,85,28,22,50,2,11,13,24.5,22.22,29.63,44.44,3.7,0.0,0.0,0.0,0.0
9000008577,2025-06-09 15:00,0.479722,8,25,33,48,33,81,36,33,69,0,0,0,20.0,57.58,27.27,12.12,0.0,0.0,0.0,0.0,3.03
9000008577,2025-06-09 16:00,0.500833,8,8,16,32,31,63,56,43,99,2,8,10,27.5,16.0,44.0,30.0,8.0,0.0,0.0,0.0,2.0
9000008577,2025-06-09 17:00,0.539167,17,15,32,41,31,72,37,33,70,2,11,13,22.0,31.58,44.74,23.68,0.0,0.0,0.0,0.0,0.0
9000008577,2025-06-09 18:00,0.577778,6,5,11,51,38,89,43,14,57,4,7,10,25.5,33.33,36.36,21.21,0.0,6.06,0.0,3.03,0.0
9000008577,2025-06-09 19:00,0.595833,0,0,0,30,34,64,30,32,62,2,2,3,25.5,35.14,40.54,18.92,2.7,2.7,0.0,0.0,0.0
9000008577,2025-06-09 20:00,0.418889,0,0,0,17,18,34,43,52,95,2,13,15,26.0,15.0,42.5,35.0,2.5,0.0,0.0,0.0,0.0
9000008577,2025-06-10 05:00,0.308611,0,0,0,3,4,7,3,8,11,0,9,9,26.0,66.67,33.33,33.33,0.0,0.0,0.0,0.0,0.0
9000008577,2025-06-10 06:00,0.389722,0,4,4,8,1,10,18,11,29,5,10,15,23.5,27.27,45.45,27.27,9.09,0.0,0.0,0.0,0.0
9000008577,2025-06-10 07:00,0.538333,0,0,0,35,45,79,41,23,65,3,5,8,24.5,25.71,42.86,22.86,8.57,0.0,0.0,0.0,0.0
9000008577,2025-06-10 08:00,0.484444,0,0,0,47,31,78,65,19,85,5,4,9,26.5,36.59,24.39,34.15,0.0,0.0,2.44,2.44,0.0
9000008577,2025-06-10 09:00,0.570278,2,0,2,84,58,142,58,24,82,5,11,16,22.5,44.68,36.17,17.02,2.13,2.13,0.0,0.0,0.0
9000008577,2025-06-10 10:00,0.629167,2,0,2,65,48,113,73,59,132,5,10,14,20.0,33.73,51.81,12.05,1.2,0.0,0.0,0.0,1.2
9000008577,2025-06-10 11:00,0.58,2,5,7,57,56,113,69,33,102,9,10,19,22.0,30.51,47.46,20.34,1.69,0.0,0.0,0.0,0.0
9000008577,2025-06-10 12:00,0.571389,0,4,4,77,80,157,80,47,127,5,16,21,22.5,26.03,49.32,23.29,1.37,0.0,0.0,0.0,0.0
9000008577,2025-06-10 13:00,0.579722,2,0,2,55,90,145,48,62,110,3,22,26,25.5,25.0,45.31,23.44,6.25,0.0,0.0,0.0,0.0
9000008577,2025-06-10 14:00,0.5475,2,0,2,90,103,192,87,71,159,17,16,33,19.5,45.98,40.23,13.79,0.0,0.0,0.0,0.0,0.0
9000008577,2025-06-10 15:00,0.561389,2,0,2,108,110,218,75,79,153,4,9,13,24.0,26.74,47.67,19.77,3.49,1.16,0.0,1.16,0.0
9000008577,2025-06-10 16:00,0.598889,2,2,3,90,47,137,85,77,162,2,12,13,25.0,19.59,43.3,31.96,5.15,0.0,0.0,0.0,0.0
9000008577,2025-06-10 17:00,0.57,0,2,2,47,43,90,64,44,107,5,14,19,29.5,34.43,37.7,13.11,11.48,1.64,0.0,0.0,1.64
9000008577,2025-06-10 18:00,0.181667,0,0,0,57,43,101,90,49,138,20,3,24,26.0,44.0,24.0,24.0,4.0,0.0,0.0,0.0,0.0
9000008577,2025-06-10 19:00,0.470278,2,0,2,42,51,93,62,41,103,2,11,13,21.5,27.08,54.17,18.75,0.0,0.0,0.0,0.0,0.0
9000008577,2025-06-10 20:00,0.241389,2,0,2,7,50,57,24,27,51,4,17,21,17.0,66.67,33.33,0.0,0.0,0.0,0.0,0.0,0.0
9000008577,2025-06-11 05:00,0.176667,0,0,0,12,20,31,0,5,5,0,5,5,19.0,0.0,100.0,0.0,0.0,0.0,0.0,0.0,0.0
9000008577,2025-06-11 06:00,0.477222,0,0,0,29,12,41,10,5,15,2,0,2,19.0,71.43,28.57,14.29,0.0,0.0,0.0,0.0,0.0
9000008577,2025-06-11 07:00,0.4825,0,0,0,60,32,91,16,9,25,0,4,4,28.0,25.0,50.0,16.67,0.0,8.33,0.0,0.0,0.0
9000008577,2025-06-11 08:00,0.466944,0,0,0,141,52,193,36,10,46,7,5,12,23.5,38.1,33.33,23.81,0.0,4.76,0.0,0.0,0.0
9000008577,2025-06-11 09:00,0.555556,0,0,0,109,63,173,26,12,38,7,12,19,21.0,28.57,57.14,19.05,0.0,0.0,0.0,0.0,0.0
9000008577,2025-06-11 10:00,0.58,2,0,2,84,38,122,29,22,52,10,7,17,21.0,50.0,33.33,10.0,3.33,3.33,0.0,0.0,0.0
9000008577,2025-06-11 11:00,0.553056,2,0,2,109,67,176,29,22,51,4,7,11,19.5,57.14,28.57,3.57,7.14,3.57,0.0,0.0,0.0
9000008577,2025-06-11 12:00,0.584444,0,2,2,39,59,97,32,19,51,7,8,15,27.5,46.67,20.0,23.33,6.67,0.0,3.33,0.0,0.0
9000008577,2025-06-11 13:00,0.555278,0,0,0,48,68,116,29,20,49,24,9,33,24.0,51.85,14.81,22.22,0.0,11.11,0.0,0.0,0.0
9000008577,2025-06-11 14:00,0.508889,2,0,2,72,89,161,54,90,144,10,10,20,24.0,41.1,32.88,16.44,5.48,2.74,1.37,1.37,0.0
9000008577,2025-06-11 15:00,0.501667,0,0,0,134,91,225,46,109,155,0,8,8,28.0,29.49,28.21,30.77,6.41,3.85,0.0,0.0,0.0
9000008577,2025-06-11 16:00,0.531667,0,0,0,79,64,143,110,41,151,11,17,28,23.5,32.5,42.5,22.5,2.5,1.25,0.0,0.0,0.0
9000008577,2025-06-11 17:00,0.606111,0,2,2,59,51,110,95,50,145,5,8,13,24.0,31.82,45.45,15.91,4.55,1.14,0.0,0.0,1.14
9000008577,2025-06-11 18:00,0.597778,0,0,0,55,49,104,72,32,104,5,12,17,22.0,32.26,45.16,19.35,1.61,0.0,0.0,0.0,1.61
9000008577,2025-06-11 19:00,0.606111,2,3,5,25,48,73,51,31,82,2,16,18,23.0,18.0,58.0,20.0,2.0,0.0,0.0,0.0,2.0
9000008577,2025-06-11 20:00,0.328056,0,8,8,13,31,44,49,40,89,0,17,17,24.0,20.69,41.38,37.93,0.0,0.0,0.0,0.0,0.0
9000008577,2025-06-12 05:00,0.377778,0,0,0,5,0,5,4,9,13,0,10,10,21.5,0.0,80.0,20.0,0.0,0.0,0.0,0.0,0.0
9000008577,2025-06-12 06:00,0.553056,0,0,0,6,7,12,23,23,46,3,12,15,28.5,0.0,28.0,64.0,8.0,0.0,0.0,0.0,0.0
9000008577,2025-06-12 07:00,0.473056,0,0,0,22,22,44,71,29,100,3,9,13,26.5,10.64,21.28,59.57,6.38,0.0,0.0,0.0,2.13
9000008577,2025-06-12 08:00,0.588056,2,0,2,81,44,124,69,18,87,12,12,24,27.0,11.76,31.37,54.9,1.96,0.0,1.96,0.0,0.0
9000008577,2025-06-12 09:00,0.534722,0,0,0,110,40,150,42,14,57,15,6,21,21.0,43.33,40.0,20.0,0.0,0.0,0.0,0.0,0.0
9000008577,2025-06-12 10:00,0.5675,5,2,7,69,51,120,50,35,85,11,10,21,25.0,25.0,43.75,29.17,2.08,0.0,0.0,0.0,0.0
9000008577,2025-06-12 11:00,0.550833,5,7,12,94,45,139,18,17,35,6,23,29,22.5,63.16,15.79,21.05,0.0,0.0,0.0,0.0,0.0
9000008577,2025-06-12 12:00,0.569722,0,2,2,84,68,151,21,38,59,8,23,31,20.5,58.82,23.53,17.65,0.0,0.0,0.0,0.0,0.0
9000008577,2025-06-12 13:00,0.526944,0,2,2,74,112,186,23,26,49,9,21,30,21.0,69.23,15.38,7.69,7.69,0.0,0.0,0.0,0.0
9000008577,2025-06-12 14:00,0.5075,0,0,0,115,114,228,42,62,104,6,14,19,25.5,37.74,33.96,22.64,3.77,0.0,0.0,1.89,0.0
9000008577,2025-06-12 15:00,0.49,2,0,2,109,119,227,48,58,106,2,8,10,23.0,34.62,40.38,25.0,1.92,0.0,0.0,0.0,0.0
9000008577,2025-06-12 16:00,0.569722,0,3,3,65,61,127,85,47,132,9,15,24,24.0,17.33,42.67,36.0,2.67,0.0,0.0,0.0,1.33
9000008577,2025-06-12 17:00,0.640833,2,2,3,45,47,92,105,66,170,11,9,20,27.0,11.01,43.12,35.78,9.17,0.92,0.0,0.0,0.0
9000008577,2025-06-12 18:00,0.625,0,5,5,48,42,90,84,43,127,6,6,13,25.0,18.75,45.0,27.5,7.5,1.25,0.0,0.0,0.0
9000008577,2025-06-12 19:00,0.588889,5,3,9,39,34,72,24,30,54,3,2,5,23.5,40.62,21.88,34.38,3.12,0.0,0.0,0.0,0.0
9000008577,2025-06-12 20:00,0.389722,4,2,6,8,21,29,64,65,129,0,2,2,24.5,30.0,32.0,34.0,2.0,0.0,0.0,0.0,0.0
9000008577,2025-06-13 05:00,0.323889,0,0,0,3,13,15,7,10,17,3,10,13,33.0,0.0,20.0,40.0,40.0,0.0,0.0,0.0,0.0
9000008577,2025-06-13 06:00,0.4825,0,0,0,12,13,25,16,9,24,2,7,9,32.0,0.0,66.67,8.33,25.0,0.0,0.0,0.0,0.0
9000008577,2025-06-13 07:00,0.470833,0,0,0,27,36,62,47,13,60,4,14,18,26.0,10.71,32.14,50.0,3.57,0.0,0.0,0.0,0.0
9000008577,2025-06-13 08:00,0.531944,2,3,5,70,50,120,43,4,47,9,17,26,22.5,32.0,48.0,20.0,4.0,0.0,0.0,0.0,0.0
9000008577,2025-06-13 09:00,0.626389,7,5,11,80,42,121,42,16,58,5,10,14,22.5,52.78,25.0,19.44,2.78,0.0,0.0,0.0,0.0
9000008577,2025-06-13 10:00,0.554167,5,5,11,91,45,136,25,20,45,14,15,29,29.5,16.0,44.0,28.0,8.0,4.0,0.0,0.0,0.0
9000008577,2025-06-13 11:00,0.550833,16,26,43,87,85,172,16,18,34,13,28,41,22.0,42.11,36.84,15.79,5.26,0.0,0.0,0.0,0.0
9000008577,2025-06-13 12:00,0.5425,13,7,20,88,77,165,42,45,87,13,40,53,21.0,55.32,27.66,14.89,0.0,0.0,0.0,0.0,2.13
9000008577,2025-06-13 13:00,0.511389,18,21,39,117,112,229,29,58,87,16,26,41,20.5,60.0,22.22,13.33,2.22,0.0,0.0,0.0,0.0
9000008577,2025-06-13 14:00,0.488056,21,8,29,126,114,240,64,91,155,10,4,15,26.5,31.58,34.21,26.32,3.95,0.0,0.0,0.0,2.63
9000008577,2025-06-13 15:00,0.4875,25,17,42,140,92,233,36,47,83,2,6,8,24.5,39.02,26.83,29.27,4.88,0.0,0.0,0.0,0.0
9000008577,2025-06-13 16:00,0.552222,23,9,32,71,94,165,94,41,135,9,10,19,26.5,14.86,37.84,39.19,5.41,2.7,0.0,0.0,0.0
9000008577,2025-06-13 17:00,0.628611,22,19,41,54,46,100,88,69,157,11,10,21,26.5,11.11,47.47,36.36,5.05,0.0,0.0,0.0,0.0
9000008577,2025-06-13 18:00,0.604722,20,26,46,36,57,93,68,40,108,8,6,15,27.0,15.38,47.69,27.69,7.69,0.0,0.0,0.0,1.54
9000008577,2025-06-13 19:00,0.607778,32,23,55,54,64,118,26,15,41,3,3,7,25.5,24.0,32.0,40.0,4.0,0.0,0.0,0.0,0.0
9000008577,2025-06-13 20:00,0.348056,5,19,24,27,60,87,32,38,71,5,2,7,24.5,36.0,32.0,28.0,4.0,0.0,0.0,0.0,0.0
9000008577,2025-06-14 05:00,0.219444,3,0,3,3,7,10,0,0,0,0,0,0,,0.0,0.0,0.0,0.0,0.0,0.0,0.0,0.0
9000008577,2025-06-14 06:00,0.529722,0,3,3,5,18,22,2,4,6,0,4,4,19.0,0.0,100.0,0.0,0.0,0.0,0.0,0.0,0.0
9000008577,2025-06-14 07:00,0.332222,4,0,4,4,12,16,7,7,14,3,0,3,31.0,0.0,0.0,80.0,20.0,0.0,0.0,0.0,0.0
9000008577,2025-06-14 08:00,0.495556,9,2,11,20,36,56,16,4,20,2,5,7,26.0,40.0,40.0,30.0,0.0,0.0,0.0,0.0,0.0
9000008577,2025-06-14 09:00,0.570556,9,18,26,24,35,58,14,7,21,0,8,8,20.5,50.0,33.33,16.67,0.0,0.0,0.0,0.0,0.0
9000008577,2025-06-14 10:00,0.550833,9,11,20,55,31,86,34,28,62,2,9,11,25.0,32.35,23.53,38.24,2.94,2.94,0.0,0.0,0.0
9000008577,2025-06-14 11:00,0.5525,4,7,11,53,79,132,7,13,20,10,14,23,16.0,63.64,36.36,0.0,0.0,0.0,0.0,0.0,0.0
9000008577,2025-06-14 12:00,0.5575,0,0,0,68,70,138,32,32,64,11,12,23,18.5,75.0,13.89,8.33,2.78,0.0,0.0,0.0,0.0
9000008577,2025-06-14 13:00,0.523611,0,0,0,111,91,201,33,33,66,10,13,23,17.0,62.86,28.57,0.0,0.0,2.86,0.0,0.0,2.86
9000008577,2025-06-14 14:00,0.509444,0,2,2,94,134,228,43,83,126,8,2,10,22.0,46.88,31.25,20.31,1.56,0.0,0.0,0.0,0.0
9000008577,2025-06-14 15:00,0.503889,0,0,0,121,99,221,38,46,83,2,2,4,28.0,33.33,30.95,30.95,7.14,0.0,0.0,0.0,0.0
9000008577,2025-06-14 16:00,0.564722,7,0,7,36,46,82,67,49,116,7,22,29,29.5,16.67,24.24,45.45,10.61,3.03,0.0,0.0,0.0
9000008577,2025-06-14 17:00,0.6275,3,2,5,35,62,98,83,56,139,8,8,16,30.5,14.94,35.63,33.33,12.64,3.45,0.0,0.0,0.0
9000008577,2025-06-14 18:00,0.601389,2,2,3,52,51,103,43,53,96,3,8,12,25.0,13.79,34.48,48.28,3.45,0.0,0.0,0.0,0.0
9000008577,2025-06-14 19:00,0.581111,0,0,0,38,65,103,54,36,90,5,2,7,26.0,21.15,50.0,23.08,5.77,0.0,0.0,0.0,0.0
9000008577,2025-06-14 20:00,0.445556,2,2,3,35,75,109,65,66,132,0,0,0,25.0,25.42,32.2,38.98,3.39,0.0,0.0,0.0,0.0
9000008577,2025-06-15 05:00,0.189444,0,0,0,0,9,9,0,0,0,0,0,0,,0.0,0.0,0.0,0.0,0.0,0.0,0.0,0.0
9000008577,2025-06-15 06:00,0.432222,0,5,5,5,2,6,5,0,5,0,0,0,32.5,50.0,0.0,50.0,50.0,0.0,0.0,0.0,0.0
9000008577,2025-06-15 07:00,0.593056,2,4,5,2,3,5,2,3,5,2,2,3,12.5,66.67,33.33,0.0,0.0,0.0,0.0,0.0,0.0
9000008577,2025-06-15 08:00,0.5325,0,1,1,6,8,14,5,5,10,0,1,1,31.0,40.0,40.0,0.0,20.0,0.0,0.0,0.0,0.0
9000008577,2025-06-15 09:00,0.668056,0,5,5,13,7,21,9,5,13,2,0,2,24.5,11.11,44.44,44.44,0.0,0.0,0.0,0.0,0.0
9000008577,2025-06-15 10:00,0.583056,4,0,4,24,20,44,18,14,32,5,4,9,22.0,42.11,31.58,26.32,0.0,0.0,0.0,0.0,0.0
9000008577,2025-06-15 11:00,0.552222,16,18,34,29,40,69,16,10,26,2,4,6,25.0,35.71,42.86,7.14,14.29,0.0,0.0,0.0,0.0
9000008577,2025-06-15 12:00,0.533056,10,11,21,27,51,77,21,26,47,4,6,9,21.0,72.0,8.0,20.0,0.0,0.0,0.0,0.0,0.0
9000008577,2025-06-15 13:00,0.536944,4,8,12,44,64,107,13,17,30,9,7,17,18.5,68.75,18.75,12.5,0.0,0.0,0.0,0.0,0.0
9000008577,2025-06-15 14:00,0.621944,17,18,36,38,59,96,45,52,97,3,2,5,24.5,25.0,43.33,30.0,1.67,0.0,0.0,0.0,0.0
9000008577,2025-06-15 15:00,0.561944,7,18,25,30,60,90,71,62,134,0,7,7,23.5,30.67,37.33,29.33,2.67,0.0,0.0,0.0,0.0
9000008577,2025-06-15 16:00,0.620278,19,16,35,31,23,53,50,47,97,4,3,8,23.5,18.33,55.0,23.33,3.33,0.0,0.0,0.0,0.0
9000008577,2025-06-15 17:00,0.469722,23,17,40,33,48,81,65,35,100,6,3,9,26.5,25.53,36.17,34.04,0.0,0.0,0.0,0.0,2.13
9000008577,2025-06-15 18:00,0.276667,12,25,37,72,76,148,61,15,76,17,7,24,23.5,28.57,47.62,23.81,4.76,0.0,0.0,0.0,0.0
9000008577,2025-06-15 19:00,0.293056,24,25,49,41,31,73,91,48,139,0,3,3,21.5,41.46,41.46,19.51,2.44,0.0,0.0,0.0,0.0
9000008577,2025-06-15 20:00,0.197778,22,13,35,17,27,44,52,53,105,5,8,13,27.0,23.81,47.62,23.81,0.0,4.76,0.0,0.0,0.0
9000008577,2025-06-16 05:00,0.111389,0,0,0,9,9,18,9,9,18,0,0,0,13.5,50.0,50.0,0.0,0.0,0.0,0.0,0.0,0.0
9000008577,2025-06-16 06:00,0.2525,0,9,9,48,9,57,9,5,14,10,0,10,14.0,33.33,66.67,0.0,0.0,0.0,0.0,0.0,0.0
9000008577,2025-06-16 07:00,0.284167,6,3,9,28,6,34,57,16,73,6,6,12,25.0,19.05,38.1,33.33,0.0,0.0,4.76,4.76,0.0
9000008577,2025-06-16 08:00,0.507222,12,19,31,115,47,162,90,21,112,14,18,32,24.5,40.35,36.84,19.3,5.26,0.0,0.0,0.0,0.0
9000008577,2025-06-16 09:00,0.479167,4,13,17,71,49,120,93,19,112,5,11,16,24.5,25.93,44.44,25.93,5.56,0.0,0.0,0.0,0.0
9000008577,2025-06-16 10:00,0.606111,10,18,28,56,38,94,74,43,117,7,3,10,22.0,49.3,30.99,18.31,1.41,0.0,0.0,0.0,0.0
9000008577,2025-06-16 11:00,0.586111,9,12,21,42,43,85,61,57,117,12,7,19,22.5,53.62,23.19,20.29,2.9,0.0,0.0,0.0,0.0
9000008577,2025-06-16 12:00,0.596111,22,15,37,44,32,76,47,30,77,20,13,34,18.0,56.52,32.61,8.7,2.17,0.0,0.0,0.0,0.0
9000008577,2025-06-16 13:00,0.5825,10,5,16,41,54,95,39,42,81,19,15,34,19.5,57.45,29.79,12.77,0.0,0.0,0.0,0.0,0.0
9000008577,2025-06-16 14:00,0.551944,20,7,27,82,61,143,92,93,185,7,9,16,28.5,39.22,25.49,23.53,7.84,1.96,0.98,0.98,0.0
9000008577,2025-06-16 15:00,0.558333,23,11,34,73,77,150,117,73,190,2,4,5,21.5,31.13,49.06,16.98,2.83,0.0,0.0,0.0,0.0
9000008577,2025-06-16 16:00,0.581944,17,12,29,64,86,151,63,82,146,13,7,20,24.0,23.53,43.53,28.24,3.53,1.18,0.0,0.0,0.0
9000008577,2025-06-16 17:00,0.634167,20,16,36,66,49,115,64,49,113,5,1,6,25.5,34.72,31.94,27.78,4.17,0.0,0.0,0.0,0.0
9000008577,2025-06-16 18:00,0.603611,15,17,31,64,49,113,60,46,106,7,20,26,25.5,17.19,51.56,20.31,6.25,3.12,0.0,1.56,0.0
9000008577,2025-06-16 19:00,0.601389,32,18,50,31,38,70,73,51,125,3,27,30,23.5,9.33,60.0,28.0,1.33,0.0,0.0,0.0,1.33
9000008577,2025-06-16 20:00,0.234722,13,8,21,32,43,75,35,17,51,0,0,0,27.0,33.33,33.33,33.33,0.0,0.0,0.0,0.0,0.0
9000008577,2025-06-17 05:00,0.159722,0,10,10,15,4,19,20,10,30,0,0,0,23.5,0.0,60.0,40.0,0.0,0.0,0.0,0.0,0.0
9000008577,2025-06-17 06:00,0.358333,0,15,15,5,21,26,18,9,27,0,12,12,28.5,10.0,10.0,80.0,10.0,0.0,0.0,0.0,0.0
9000008577,2025-06-17 07:00,0.616111,10,23,32,50,38,87,61,17,77,3,13,16,27.0,27.08,29.17,35.42,8.33,0.0,0.0,0.0,0.0
9000008577,2025-06-17 08:00,0.5925,7,22,29,85,31,116,69,19,88,18,17,35,24.0,30.77,46.15,15.38,7.69,0.0,0.0,0.0,0.0
9000008577,2025-06-17 09:00,0.598333,13,17,30,88,51,139,89,27,115,8,3,12,20.0,40.58,43.48,13.04,1.45,0.0,0.0,0.0,0.0
9000008577,2025-06-17 10:00,0.566944,11,7,18,75,60,135,63,34,96,10,7,17,23.5,21.82,45.45,30.91,0.0,0.0,0.0,0.0,0.0
9000008577,2025-06-17 11:00,0.543889,13,20,33,71,41,112,43,42,85,16,20,36,23.5,28.26,45.65,26.09,2.17,0.0,0.0,0.0,0.0
9000008577,2025-06-17 12:00,0.5125,11,30,41,53,47,100,25,36,61,16,8,24,13.5,74.19,25.81,0.0,0.0,0.0,0.0,0.0,0.0
9000008577,2025-06-17 13:00,0.542222,9,10,19,85,62,147,31,26,57,10,8,17,18.0,64.52,22.58,6.45,3.23,0.0,0.0,0.0,3.23
9000008577,2025-06-17 14:00,0.535278,15,19,34,110,123,234,64,77,140,9,6,15,22.0,49.33,32.0,16.0,2.67,0.0,0.0,0.0,0.0
9000008577,2025-06-17 15:00,0.503889,24,8,31,131,130,261,63,108,171,0,8,8,22.5,39.53,39.53,18.6,2.33,0.0,0.0,0.0,0.0
9000008577,2025-06-17 16:00,0.585278,17,14,31,48,64,113,115,59,174,13,12,26,28.5,15.69,37.25,35.29,9.8,1.96,0.0,0.0,0.0
9000008577,2025-06-17 17:00,0.621944,13,18,31,25,41,66,81,76,158,10,23,33,25.0,18.37,43.88,35.71,3.06,0.0,0.0,0.0,0.0
9000008577,2025-06-17 18:00,0.684444,0,1,1,31,28,59,92,78,170,4,8,12,26.5,18.97,45.69,29.31,5.17,0.86,0.0,0.0,0.0
9000008577,2025-06-17 19:00,0.6825,0,0,0,24,35,58,43,35,78,9,2,10,24.5,26.42,37.74,32.08,3.77,0.0,0.0,0.0,0.0
9000008577,2025-06-17 20:00,0.203889,4,0,4,4,0,4,38,66,104,4,0,4,29.5,9.52,47.62,28.57,9.52,9.52,0.0,0.0,0.0
9000008577,2025-06-18 05:00,0.285,0,0,0,5,0,5,11,6,17,0,3,3,25.5,40.0,40.0,20.0,0.0,0.0,0.0,0.0,0.0
9000008577,2025-06-18 06:00,0.408889,0,4,4,6,3,9,27,3,30,0,6,6,29.5,33.33,8.33,41.67,8.33,8.33,0.0,0.0,0.0
9000008577,2025-06-18 07:00,0.646111,0,0,0,24,19,44,75,44,118,6,11,16,27.5,11.84,34.21,46.05,6.58,1.32,0.0,0.0,0.0
9000008577,2025-06-18 08:00,0.666111,0,0,0,69,24,93,85,38,123,11,13,24,26.5,23.17,23.17,50.0,2.44,1.22,0.0,0.0,0.0
9000008577,2025-06-18 09:00,0.615556,3,0,3,45,44,89,60,50,110,5,8,13,22.0,33.82,45.59,17.65,1.47,0.0,0.0,0.0,1.47
9000008577,2025-06-18 10:00,0.579167,0,0,0,88,62,151,21,29,50,0,9,9,26.5,13.79,41.38,41.38,3.45,0.0,0.0,0.0,0.0
9000008577,2025-06-18 11:00,0.559722,2,2,3,94,70,163,37,41,79,12,9,21,22.5,31.82,47.73,15.91,4.55,0.0,0.0,0.0,0.0
9000008577,2025-06-18 12:00,0.537778,4,4,7,69,49,118,26,22,48,8,9,17,25.5,50.0,23.08,19.23,0.0,7.69,0.0,0.0,0.0
9000008577,2025-06-18 13:00,0.515556,23,16,39,84,93,177,28,28,56,2,12,14,19.0,58.62,27.59,10.34,0.0,3.45,0.0,0.0,0.0
9000008577,2025-06-18 14:00,0.550833,14,9,23,77,93,169,49,96,146,6,9,14,25.5,28.75,36.25,23.75,8.75,2.5,0.0,0.0,0.0
9000008577,2025-06-18 15:00,0.523056,13,13,26,79,84,163,65,106,171,8,11,19,25.5,31.46,34.83,30.34,3.37,0.0,0.0,0.0,0.0
9000008577,2025-06-18 16:00,0.579167,10,17,27,62,33,94,114,104,218,12,23,35,24.0,29.37,42.86,24.6,3.97,0.0,0.0,0.0,0.0
9000008577,2025-06-18 17:00,0.605278,17,12,28,65,43,108,86,96,181,8,8,16,24.0,16.36,56.36,22.73,3.64,0.0,0.0,0.0,0.91
9000008577,2025-06-18 18:00,0.634167,17,22,40,35,29,64,87,76,163,11,9,20,24.5,15.38,48.08,32.69,2.88,0.0,0.0,0.0,0.0
9000008577,2025-06-18 19:00,0.648889,11,8,18,32,36,68,49,73,123,13,16,28,24.0,25.0,45.0,23.75,5.0,0.0,0.0,0.0,1.25
9000008577,2025-06-18 20:00,0.414167,8,11,19,20,32,52,40,38,79,0,5,5,23.5,21.21,51.52,27.27,0.0,0.0,0.0,0.0,0.0
9000008577,2025-06-19 05:00,0.253333,0,0,0,19,8,27,10,10,19,0,0,0,15.5,80.0,40.0,0.0,0.0,0.0,0.0,0.0,0.0
9000008577,2025-06-19 06:00,0.211667,0,7,7,13,10,22,18,41,58,0,8,8,18.5,83.33,0.0,8.33,0.0,0.0,0.0,0.0,0.0
9000008577,2025-06-19 07:00,0.513889,4,4,8,31,21,52,50,34,83,9,6,15,24.5,18.6,39.53,44.19,2.33,0.0,0.0,0.0,0.0
9000008577,2025-06-19 08:00,0.51,0,13,13,70,55,125,76,21,98,18,9,27,25.0,12.0,52.0,34.0,2.0,0.0,0.0,0.0,0.0
9000008577,2025-06-19 09:00,0.578889,0,2,2,75,48,123,58,23,81,11,7,18,21.0,68.09,14.89,12.77,4.26,0.0,0.0,0.0,0.0
9000008577,2025-06-19 10:00,0.541667,2,0,2,83,68,152,24,26,49,0,4,4,25.0,51.85,25.93,11.11,0.0,0.0,0.0,3.7,7.41
9000008577,2025-06-19 11:00,0.566111,0,2,2,74,71,145,25,16,42,3,6,10,18.0,66.67,25.0,0.0,0.0,0.0,0.0,0.0,8.33
9000008577,2025-06-19 12:00,0.561389,2,2,4,46,65,111,17,29,46,8,15,23,24.5,61.54,19.23,15.38,0.0,3.85,3.85,0.0,0.0
9000008577,2025-06-19 13:00,0.576111,5,3,9,91,83,174,24,52,76,9,15,24,30.5,43.18,25.0,15.91,9.09,2.27,0.0,0.0,4.55
9000008577,2025-06-19 14:00,0.567222,3,7,10,86,84,170,44,52,96,5,4,9,36.0,27.78,27.78,22.22,11.11,3.7,0.0,1.85,5.56
9000008577,2025-06-19 15:00,0.468611,11,9,20,95,83,178,72,79,151,2,10,12,25.0,43.66,30.99,16.9,2.82,1.41,1.41,1.41,1.41
9000008577,2025-06-19 16:00,0.535833,9,15,25,79,70,149,101,92,194,6,10,15,24.5,30.77,42.31,18.27,8.65,0.0,0.0,0.0,0.0
9000008577,2025-06-19 17:00,0.595833,18,19,37,52,39,92,106,73,178,5,12,17,25.0,19.81,40.57,32.08,5.66,0.0,0.0,0.0,1.89
9000008577,2025-06-19 18:00,0.572778,7,2,9,35,35,70,81,63,144,3,3,7,25.5,14.63,52.44,28.05,4.88,0.0,0.0,0.0,0.0
9000008577,2025-06-19 19:00,0.612778,18,16,34,41,45,87,56,56,112,3,2,5,23.0,14.49,57.97,24.64,2.9,0.0,0.0,0.0,0.0
9000008577,2025-06-19 20:00,0.611944,11,13,24,20,46,66,52,60,112,2,3,5,25.5,15.94,60.87,15.94,5.8,1.45,0.0,0.0,0.0
9000008577,2025-06-20 05:00,0.279167,0,0,0,4,11,15,8,0,8,4,0,4,24.0,0.0,0.0,100.0,0.0,0.0,0.0,0.0,0.0
9000008577,2025-06-20 06:00,0.371111,4,2,6,2,9,11,25,13,37,3,5,8,24.5,21.43,21.43,57.14,7.14,0.0,0.0,0.0,0.0
9000008577,2025-06-20 07:00,0.4675,11,6,17,19,18,37,79,49,128,12,4,16,24.5,28.33,33.33,31.67,5.0,0.0,1.67,0.0,0.0
9000008577,2025-06-20 08:00,0.556667,11,24,35,33,27,60,62,39,101,17,15,32,24.0,28.57,37.5,30.36,3.57,0.0,0.0,0.0,0.0
9000008577,2025-06-20 09:00,0.536667,5,17,21,41,33,74,50,50,100,10,8,18,27.0,44.44,27.78,18.52,9.26,0.0,0.0,0.0,1.85
9000008577,2025-06-20 10:00,0.578889,7,19,25,85,51,136,44,40,84,12,12,24,32.5,46.94,18.37,18.37,10.2,4.08,2.04,0.0,0.0
9000008577,2025-06-20 11:00,0.515833,26,22,48,67,66,132,14,21,35,2,10,12,21.5,44.44,38.89,11.11,5.56,0.0,0.0,0.0,0.0
9000008577,2025-06-20 12:00,0.545833,14,21,35,85,91,177,51,49,100,13,18,31,28.0,34.55,34.55,21.82,7.27,3.64,0.0,0.0,1.82
9000008577,2025-06-20 13:00,0.503333,4,14,18,106,79,185,26,42,68,12,12,23,25.0,47.06,20.59,23.53,5.88,2.94,0.0,0.0,0.0
9000008577,2025-06-20 14:00,0.455833,7,7,13,131,167,298,77,70,147,0,7,7,20.0,41.79,43.28,10.45,4.48,0.0,0.0,0.0,0.0
9000008577,2025-06-20 15:00,0.425278,23,28,51,89,123,212,47,70,117,0,5,5,22.0,44.0,36.0,18.0,2.0,0.0,0.0,0.0,0.0
9000008577,2025-06-20 16:00,0.502778,12,14,26,53,44,97,75,55,130,12,8,19,27.0,20.0,36.92,32.31,10.77,0.0,0.0,0.0,0.0
9000008577,2025-06-20 17:00,0.619444,8,21,29,26,60,85,84,50,134,17,25,42,28.0,7.23,49.4,32.53,9.64,1.2,0.0,0.0,0.0
9000008577,2025-06-20 18:00,0.647222,11,2,12,53,48,101,65,49,114,13,20,33,24.5,15.07,45.21,39.73,0.0,1.37,0.0,0.0,0.0
9000008577,2025-06-20 19:00,0.543056,5,5,9,28,15,43,67,53,120,8,15,23,23.5,16.92,53.85,23.08,6.15,0.0,0.0,0.0,0.0
9000008577,2025-06-20 20:00,0.203333,11,0,11,54,34,87,60,34,94,11,12,24,22.0,21.05,57.89,26.32,0.0,0.0,0.0,0.0,0.0
9000008577,2025-06-21 05:00,0.201389,0,0,0,4,0,4,29,6,35,0,4,4,24.5,0.0,57.14,28.57,14.29,0.0,0.0,0.0,0.0
9000008577,2025-06-21 06:00,0.580278,1,1,2,1,1,2,7,10,17,0,6,6,20.0,10.0,70.0,20.0,0.0,0.0,0.0,0.0,0.0
9000008577,2025-06-21 07:00,0.498611,0,0,0,2,3,6,13,17,30,2,2,4,29.0,6.67,26.67,53.33,6.67,0.0,0.0,0.0,0.0
9000008577,2025-06-21 08:00,0.519444,0,2,2,9,8,18,11,14,24,4,3,7,25.0,23.08,53.85,23.08,7.69,0.0,0.0,0.0,0.0
9000008577,2025-06-21 09:00,0.494722,2,0,2,15,27,43,17,8,24,4,8,12,26.5,58.33,25.0,16.67,8.33,0.0,0.0,0.0,0.0
9000008577,2025-06-21 10:00,0.551944,2,3,6,25,28,53,41,14,55,3,21,24,25.5,33.33,26.67,36.67,0.0,0.0,0.0,0.0,0.0
9000008577,2025-06-21 11:00,0.570833,14,19,33,44,45,89,15,11,26,7,7,14,26.5,6.67,33.33,60.0,0.0,0.0,0.0,0.0,0.0
9000008577,2025-06-21 12:00,0.568333,2,7,9,58,59,117,33,24,57,7,14,21,22.5,40.62,43.75,12.5,3.12,3.12,0.0,0.0,0.0
9000008577,2025-06-21 13:00,0.515,2,2,4,93,62,155,40,53,93,4,6,10,22.5,47.92,31.25,18.75,2.08,0.0,0.0,0.0,0.0
9000008577,2025-06-21 14:00,0.515833,2,2,4,112,87,199,51,42,94,2,2,4,28.5,37.5,27.08,22.92,10.42,0.0,0.0,0.0,2.08
9000008577,2025-06-21 15:00,0.459722,0,0,0,90,87,177,46,70,116,4,2,6,24.5,26.42,43.4,24.53,3.77,0.0,1.89,0.0,0.0
9000008577,2025-06-21 16:00,0.52,7,0,7,33,33,66,53,57,111,13,6,19,24.0,24.14,44.83,24.14,5.17,0.0,1.72,0.0,0.0
9000008577,2025-06-21 17:00,0.645,3,1,4,27,28,55,73,67,139,5,9,14,27.5,7.78,35.56,47.78,8.89,0.0,0.0,0.0,0.0
9000008577,2025-06-21 18:00,0.620833,5,5,9,38,35,73,56,42,98,10,7,16,27.0,14.75,49.18,29.51,6.56,0.0,0.0,0.0,0.0
9000008577,2025-06-21 19:00,0.723611,9,9,18,11,22,34,64,43,106,2,9,10,27.5,7.79,45.45,40.26,6.49,1.3,0.0,0.0,0.0
9000008577,2025-06-21 20:00,0.426111,6,0,6,4,9,13,111,69,180,5,5,10,25.0,2.6,50.65,38.96,5.19,2.6,0.0,0.0,0.0
9000008577,2025-06-22 05:00,0.162778,0,0,0,0,0,0,15,4,19,0,0,0,27.0,33.33,0.0,100.0,0.0,0.0,0.0,0.0,0.0
9000008577,2025-06-22 06:00,0.357222,0,0,0,6,0,6,11,6,18,0,3,3,25.5,0.0,83.33,16.67,0.0,0.0,0.0,0.0,0.0
9000008577,2025-06-22 07:00,0.365833,0,0,0,0,4,4,3,10,13,0,0,0,19.5,20.0,60.0,20.0,0.0,0.0,0.0,0.0,0.0
9000008577,2025-06-22 08:00,0.548333,0,0,0,7,1,9,3,12,15,3,1,4,26.0,25.0,25.0,62.5,0.0,0.0,0.0,0.0,0.0
9000008577,2025-06-22 09:00,0.6975,1,0,1,9,13,21,19,11,30,6,0,6,27.0,9.52,33.33,57.14,0.0,0.0,0.0,0.0,0.0
9000008577,2025-06-22 10:00,0.603889,2,0,2,15,24,39,8,15,23,2,4,5,30.0,7.14,42.86,35.71,14.29,0.0,0.0,0.0,0.0
9000008577,2025-06-22 11:00,0.555833,3,0,3,30,44,75,4,15,18,4,2,5,22.5,60.0,20.0,10.0,10.0,0.0,0.0,0.0,0.0
9000008577,2025-06-22 12:00,0.513611,0,0,0,39,25,64,23,31,54,0,10,10,20.0,71.43,14.29,14.29,0.0,0.0,0.0,0.0,0.0
9000008577,2025-06-22 13:00,0.503611,0,0,0,49,54,103,12,10,22,6,8,13,18.5,54.55,36.36,0.0,9.09,0.0,0.0,0.0,0.0
9000008577,2025-06-22 14:00,0.466667,0,0,0,30,64,94,17,24,41,0,4,4,26.0,47.37,15.79,26.32,0.0,10.53,0.0,0.0,0.0
9000008577,2025-06-22 15:00,0.436389,0,0,0,28,28,56,34,27,61,0,2,2,24.0,18.52,51.85,22.22,3.7,0.0,3.7,0.0,0.0
9000008577,2025-06-22 16:00,0.531111,0,2,2,17,18,35,36,26,62,4,8,11,26.0,18.18,39.39,36.36,6.06,0.0,0.0,0.0,0.0
9000008577,2025-06-22 17:00,0.585833,7,5,12,14,27,41,53,26,79,5,2,7,31.0,21.74,28.26,32.61,17.39,0.0,0.0,0.0,0.0
9000008577,2025-06-22 18:00,0.588889,14,4,17,29,15,44,46,25,72,8,3,12,25.0,4.76,59.52,28.57,7.14,0.0,0.0,0.0,0.0
9000008577,2025-06-22 19:00,0.618889,10,8,18,39,26,65,45,36,81,10,3,13,27.5,6.0,46.0,40.0,8.0,0.0,0.0,0.0,0.0
9000008577,2025-06-22 20:00,0.479167,13,7,19,38,24,63,61,35,97,9,10,19,27.5,13.04,43.48,36.96,6.52,0.0,0.0,0.0,0.0
9000008577,2025-06-23 05:00,0.016667,0,0,0,0,0,0,0,0,0,0,0,0,,0.0,0.0,0.0,0.0,0.0,0.0,0.0,0.0
9000008577,2025-06-23 06:00,0.493056,2,0,2,11,14,26,5,11,16,2,3,5,27.5,62.5,0.0,50.0,0.0,0.0,0.0,0.0,0.0
9000008577,2025-06-23 07:00,0.408056,0,9,9,20,26,46,76,44,120,6,4,10,29.5,4.08,34.69,48.98,12.24,0.0,0.0,0.0,0.0
9000008577,2025-06-23 08:00,0.461944,12,10,22,88,59,148,60,21,80,13,0,13,29.5,24.32,35.14,27.03,13.51,0.0,0.0,0.0,0.0
9000008577,2025-06-23 09:00,0.511944,2,4,6,83,65,148,58,21,79,6,4,10,28.5,26.83,26.83,36.59,9.76,0.0,0.0,0.0,0.0
9000008577,2025-06-23 10:00,0.549722,0,2,2,75,47,122,46,29,74,7,5,13,29.0,7.32,39.02,43.9,7.32,0.0,0.0,0.0,2.44
9000008577,2025-06-23 11:00,0.518333,0,0,0,52,66,118,42,21,63,10,14,23,17.5,45.45,48.48,6.06,0.0,0.0,0.0,0.0,0.0
9000008577,2025-06-23 12:00,0.537778,0,6,6,62,59,121,34,33,67,13,6,18,19.5,58.33,27.78,13.89,0.0,0.0,0.0,0.0,0.0
9000008577,2025-06-23 13:00,0.530833,0,4,4,60,87,147,34,31,64,21,30,51,22.0,32.35,50.0,11.76,0.0,0.0,2.94,0.0,2.94
9000008577,2025-06-23 14:00,0.543056,2,2,4,79,109,188,61,81,142,9,24,33,30.5,41.56,23.38,19.48,5.19,6.49,0.0,0.0,3.9
9000008577,2025-06-23 15:00,0.503333,0,2,2,68,108,177,38,114,152,6,8,14,26.0,22.08,45.45,27.27,2.6,1.3,0.0,1.3,0.0
9000008577,2025-06-23 16:00,0.483333,2,0,2,76,69,145,84,96,180,13,6,19,25.0,19.54,35.63,36.78,5.75,0.0,0.0,0.0,1.15
9000008577,2025-06-23 17:00,0.544722,0,7,7,106,86,192,53,37,90,7,5,13,23.5,18.37,53.06,26.53,2.04,0.0,0.0,0.0,0.0
9000008577,2025-06-23 18:00,0.596944,2,2,3,76,63,138,50,49,99,5,7,12,28.0,22.03,33.9,32.2,8.47,1.69,0.0,1.69,0.0
9000008577,2025-06-23 19:00,0.605,3,2,5,36,64,100,25,27,52,7,5,12,23.0,32.26,45.16,19.35,3.23,0.0,0.0,0.0,0.0
9000008577,2025-06-23 20:00,0.496111,0,0,0,32,36,68,17,30,47,0,3,3,24.0,13.04,69.57,13.04,4.35,0.0,0.0,0.0,4.35
9000008577,2025-06-24 05:00,0.237222,0,0,0,4,26,30,10,4,13,4,0,4,18.0,66.67,33.33,0.0,0.0,0.0,0.0,0.0,0.0
9000008577,2025-06-24 06:00,0.498333,2,0,2,24,27,52,5,10,15,0,5,5,27.0,37.5,25.0,37.5,0.0,0.0,0.0,0.0,0.0
9000008577,2025-06-24 07:00,0.456389,0,0,0,53,57,110,55,44,99,25,0,25,24.5,20.0,44.44,28.89,6.67,0.0,0.0,0.0,0.0
9000008577,2025-06-24 08:00,0.473611,2,0,2,81,40,121,50,51,102,19,2,21,27.5,16.67,33.33,47.92,4.17,0.0,0.0,0.0,0.0
9000008577,2025-06-24 09:00,0.572778,2,2,3,83,87,171,58,23,81,5,2,7,28.0,19.15,38.3,31.91,8.51,0.0,0.0,0.0,0.0
9000008577,2025-06-24 10:00,0.623889,2,5,6,82,83,165,23,24,47,3,2,5,27.0,27.59,37.93,27.59,6.9,0.0,0.0,0.0,0.0
9000008577,2025-06-24 11:00,0.574167,7,3,11,78,60,138,34,35,69,7,2,8,23.5,41.03,35.9,15.38,2.56,2.56,0.0,0.0,2.56
9000008577,2025-06-24 12:00,0.574444,2,2,4,73,40,113,44,35,80,8,12,21,19.5,41.3,45.65,10.87,0.0,0.0,0.0,0.0,2.17
9000008577,2025-06-24 13:00,0.654722,1,3,5,43,45,88,92,88,180,3,7,10,26.0,19.49,41.53,33.9,4.24,0.85,0.0,0.0,0.0
9000008577,2025-06-24 14:00,0.637778,3,0,3,61,81,142,84,83,168,11,16,27,23.0,27.1,52.34,16.82,3.74,0.0,0.0,0.0,0.93
9000008577,2025-06-24 15:00,0.571944,0,7,7,63,96,159,87,79,166,7,11,18,21.5,45.26,34.74,20.0,0.0,0.0,0.0,0.0,0.0
9000008577,2025-06-24 16:00,0.536944,0,4,4,46,39,86,93,87,180,11,10,20,29.0,22.68,18.56,47.42,9.28,3.09,0.0,0.0,0.0
9000008577,2025-06-24 17:00,0.566111,0,0,0,48,32,79,95,81,175,15,12,28,25.5,34.34,34.34,24.24,5.05,0.0,0.0,1.01,0.0
9000008577,2025-06-24 18:00,0.616389,0,2,2,52,68,120,49,50,99,11,6,18,25.0,31.15,32.79,27.87,1.64,1.64,0.0,0.0,4.92
9000008577,2025-06-24 19:00,0.579167,2,0,2,45,52,97,39,52,90,3,14,17,24.0,19.23,51.92,21.15,7.69,0.0,0.0,0.0,0.0
9000008577,2025-06-24 20:00,0.403333,0,0,0,13,22,35,41,16,57,2,5,7,23.0,30.43,47.83,21.74,0.0,4.35,0.0,0.0,0.0
9000008577,2025-06-25 05:00,0.013056,0,0,0,0,0,0,0,0,0,0,0,0,,0.0,0.0,0.0,0.0,0.0,0.0,0.0,0.0
9000008577,2025-06-25 06:00,0.213889,5,0,5,13,19,32,9,9,18,0,0,0,18.5,0.0,100.0,0.0,0.0,0.0,0.0,0.0,0.0
9000008577,2025-06-25 07:00,0.511944,0,2,2,32,24,56,70,40,110,3,4,7,24.0,17.86,50.0,25.0,5.36,0.0,0.0,0.0,0.0
9000008577,2025-06-25 08:00,0.5725,13,17,29,80,21,100,105,32,138,12,11,23,27.5,13.92,41.77,35.44,8.86,0.0,0.0,0.0,0.0
9000008577,2025-06-25 09:00,0.609722,22,7,29,77,20,97,95,39,134,8,5,13,28.0,28.05,29.27,31.71,9.76,1.22,0.0,0.0,0.0
9000008577,2025-06-25 10:00,0.616667,16,8,24,56,36,93,51,32,83,13,8,21,27.0,37.25,21.57,29.41,9.8,0.0,0.0,0.0,1.96
9000008577,2025-06-25 11:00,0.580278,9,12,20,57,44,101,38,7,45,15,3,18,18.5,61.54,26.92,11.54,0.0,0.0,0.0,0.0,0.0
9000008577,2025-06-25 12:00,0.556944,4,5,9,46,54,101,16,34,51,11,22,33,29.0,53.57,21.43,10.71,0.0,10.71,0.0,0.0,3.57
9000008577,2025-06-25 13:00,0.546111,7,5,12,59,76,136,46,35,80,14,14,28,25.5,50.0,20.45,22.73,4.55,0.0,2.27,0.0,0.0
9000008577,2025-06-25 14:00,0.5675,23,9,32,62,74,136,49,60,109,21,10,32,20.0,51.61,33.87,12.9,0.0,1.61,0.0,0.0,0.0
9000008577,2025-06-25 15:00,0.550278,7,18,25,59,78,138,84,79,163,11,9,20,25.0,31.11,34.44,26.67,4.44,2.22,0.0,0.0,0.0
9000008577,2025-06-25 16:00,0.5175,15,12,27,87,54,142,85,54,138,8,18,25,24.5,38.89,25.0,34.72,0.0,0.0,1.39,0.0,0.0
9000008577,2025-06-25 17:00,0.566389,11,11,21,44,41,85,74,69,143,9,9,18,28.5,19.75,33.33,38.27,8.64,0.0,0.0,0.0,0.0
9000008577,2025-06-25 18:00,0.583889,27,15,42,22,28,50,64,40,104,5,16,20,23.0,28.33,48.33,18.33,5.0,0.0,0.0,0.0,0.0
9000008577,2025-06-25 19:00,0.569167,17,21,39,18,21,39,46,62,108,7,12,19,23.5,27.87,47.54,18.03,4.92,1.64,0.0,0.0,0.0
9000008577,2025-06-25 20:00,0.517778,19,28,47,6,9,15,47,49,97,2,3,5,20.5,20.0,62.0,18.0,0.0,0.0,0.0,0.0,0.0
9000008577,2025-06-26 05:00,0.341944,2,3,5,2,9,10,3,0,3,0,0,0,24.0,0.0,0.0,100.0,0.0,0.0,0.0,0.0,0.0
9000008577,2025-06-26 06:00,0.510278,3,6,9,9,7,16,8,6,14,19,10,29,24.0,0.0,28.57,71.43,0.0,0.0,0.0,0.0,0.0
9000008577,2025-06-26 07:00,0.504167,9,15,24,34,37,72,41,33,74,3,6,9,26.0,16.22,32.43,51.35,0.0,0.0,0.0,0.0,0.0
9000008577,2025-06-26 08:00,0.591667,14,33,48,68,23,92,74,21,96,5,11,16,23.5,28.07,47.37,21.05,3.51,0.0,0.0,0.0,0.0
9000008577,2025-06-26 09:00,0.599722,3,13,17,73,48,122,45,26,71,12,5,17,22.0,37.21,44.19,11.63,4.65,2.33,0.0,0.0,0.0
9000008577,2025-06-26 10:00,0.595833,7,9,16,61,51,112,43,54,98,3,7,10,24.5,34.48,29.31,34.48,1.72,1.72,0.0,0.0,0.0
9000008577,2025-06-26 11:00,0.613889,8,8,17,59,39,97,74,42,116,10,5,14,26.0,29.58,42.25,25.35,2.82,1.41,0.0,0.0,0.0
9000008577,2025-06-26 12:00,0.629167,16,16,31,30,29,59,41,46,88,19,18,37,19.5,25.45,61.82,10.91,1.82,0.0,0.0,0.0,0.0
9000008577,2025-06-26 13:00,0.594167,12,10,22,33,43,76,45,66,112,5,32,37,21.0,33.33,50.0,10.61,4.55,1.52,0.0,0.0,0.0
9000008577,2025-06-26 14:00,0.481944,15,14,30,94,95,189,68,74,143,4,8,12,26.5,34.78,30.43,28.99,5.8,0.0,0.0,0.0,0.0
9000008577,2025-06-26 15:00,0.465556,28,11,38,96,86,182,79,122,200,0,11,11,26.0,34.41,39.78,19.35,7.53,0.0,1.08,0.0,0.0
9000008577,2025-06-26 16:00,0.555833,15,13,27,70,72,141,64,71,136,11,5,16,27.5,16.0,33.33,42.67,8.0,0.0,0.0,0.0,0.0
9000008577,2025-06-26 17:00,0.605556,10,13,23,38,28,66,66,64,131,5,2,7,26.5,36.71,30.38,25.32,5.06,2.53,0.0,0.0,0.0
9000008577,2025-06-26 18:00,0.419167,13,20,34,49,14,63,62,63,125,15,9,24,24.0,26.92,38.46,30.77,3.85,0.0,0.0,0.0,0.0
9000008577,2025-06-26 19:00,0.441667,17,19,36,17,32,49,53,92,145,0,9,9,27.5,6.25,32.81,59.38,3.12,0.0,0.0,0.0,0.0
9000008577,2025-06-26 20:00,0.2825,9,14,23,31,41,71,67,35,102,0,0,0,23.0,10.34,65.52,27.59,0.0,0.0,0.0,0.0,0.0
9000008577,2025-06-27 05:00,0.288333,0,0,0,2,5,7,4,5,9,0,0,0,19.0,0.0,100.0,0.0,0.0,0.0,0.0,0.0,0.0
9000008577,2025-06-27 06:00,0.363889,0,5,5,17,19,36,8,10,18,3,4,6,19.5,66.67,33.33,16.67,0.0,0.0,0.0,0.0,0.0
9000008577,2025-06-27 07:00,0.463611,2,7,9,36,41,77,53,23,76,2,0,2,18.0,48.57,45.71,8.57,0.0,0.0,0.0,0.0,0.0
9000008577,2025-06-27 08:00,0.471944,4,12,16,53,46,99,76,31,108,5,6,11,25.0,37.25,31.37,21.57,7.84,0.0,0.0,0.0,0.0
9000008577,2025-06-27 09:00,0.560833,0,9,9,39,30,69,65,30,95,10,4,14,18.0,58.49,35.85,5.66,0.0,1.89,0.0,0.0,0.0
9000008577,2025-06-27 10:00,0.561667,14,9,22,75,54,129,30,22,52,0,3,3,19.0,34.48,55.17,10.34,0.0,0.0,0.0,0.0,0.0
9000008577,2025-06-27 11:00,0.580556,9,5,14,53,24,77,70,36,107,10,4,14,17.5,53.23,40.32,6.45,0.0,0.0,0.0,0.0,0.0
9000008577,2025-06-27 12:00,0.585833,19,5,24,41,36,77,102,80,182,14,5,19,21.0,39.62,43.4,16.98,0.94,0.0,0.0,0.0,0.0
9000008577,2025-06-27 13:00,0.611667,16,23,39,82,75,157,105,72,177,10,11,21,23.5,31.48,42.59,25.0,0.93,0.0,0.0,0.0,0.0
9000008577,2025-06-27 14:00,0.595833,5,10,15,101,119,220,72,61,133,7,16,23,23.0,46.84,35.44,8.86,5.06,2.53,0.0,1.27,0.0
9000008577,2025-06-27 15:00,0.622778,15,11,26,71,48,119,63,99,163,11,13,24,20.0,44.55,41.58,12.87,0.99,0.0,0.0,0.0,0.99
9000008577,2025-06-27 16:00,0.621944,24,19,43,45,60,105,108,72,180,1,8,10,22.0,32.14,46.43,19.64,1.79,0.0,0.0,0.0,0.0
9000008577,2025-06-27 17:00,0.620278,10,19,29,66,37,103,61,45,106,10,11,21,23.0,31.82,42.42,19.7,4.55,0.0,0.0,0.0,1.52
9000008577,2025-06-27 18:00,0.656944,21,12,34,47,34,80,92,61,153,9,6,15,22.5,28.0,50.0,21.0,1.0,0.0,0.0,0.0,0.0
9000008577,2025-06-27 19:00,0.641389,27,18,45,45,37,82,57,73,130,8,15,23,24.5,22.62,41.67,27.38,5.95,0.0,0.0,0.0,1.19
9000008577,2025-06-27 20:00,0.300278,22,3,25,45,29,75,23,28,50,0,2,2,31.0,33.33,46.67,6.67,13.33,6.67,0.0,0.0,0.0
9000008577,2025-06-28 05:00,0.313333,3,3,6,7,6,13,9,3,12,0,0,0,42.0,0.0,50.0,25.0,0.0,25.0,0.0,0.0,0.0
9000008577,2025-06-28 06:00,0.496944,4,0,4,3,8,11,7,3,10,0,0,0,23.5,20.0,40.0,40.0,0.0,0.0,0.0,0.0,0.0
9000008577,2025-06-28 07:00,0.519167,5,4,10,2,10,12,3,7,10,0,0,0,28.0,0.0,40.0,80.0,0.0,0.0,0.0,0.0,0.0
9000008577,2025-06-28 08:00,0.551389,12,5,17,17,17,33,18,14,32,0,3,3,26.0,47.06,29.41,23.53,0.0,0.0,0.0,0.0,0.0
9000008577,2025-06-28 09:00,0.567222,2,11,13,28,21,49,23,23,45,4,3,7,24.5,15.38,46.15,26.92,11.54,0.0,0.0,0.0,0.0
9000008577,2025-06-28 10:00,0.564722,9,0,9,41,42,84,23,18,42,2,13,15,30.5,34.78,21.74,26.09,17.39,0.0,0.0,0.0,0.0
9000008577,2025-06-28 11:00,0.5125,4,16,19,85,76,161,33,14,47,8,12,20,25.5,37.5,41.67,16.67,4.17,0.0,0.0,0.0,0.0
9000008577,2025-06-28 12:00,0.479444,12,11,23,70,83,152,80,15,95,13,20,33,19.0,57.78,28.89,6.67,4.44,0.0,0.0,0.0,0.0
9000008577,2025-06-28 13:00,0.515556,6,11,17,72,114,186,45,51,95,12,14,25,26.5,53.06,22.45,14.29,6.12,4.08,0.0,0.0,0.0
9000008577,2025-06-28 14:00,0.495556,8,8,16,78,109,187,51,55,105,4,6,10,25.0,26.92,36.54,26.92,3.85,1.92,1.92,0.0,1.92
9000008577,2025-06-28 15:00,0.473056,27,17,44,119,107,226,70,51,121,0,2,2,25.5,50.88,22.81,19.3,1.75,0.0,1.75,1.75,1.75
9000008577,2025-06-28 16:00,0.524722,9,7,17,97,52,150,71,66,138,4,8,12,24.5,30.56,37.5,29.17,4.17,0.0,0.0,0.0,0.0
9000008577,2025-06-28 17:00,0.564722,18,12,30,60,62,122,85,43,127,5,4,9,24.5,25.0,41.67,26.39,6.94,0.0,0.0,0.0,0.0
9000008577,2025-06-28 18:00,0.6325,25,24,49,103,58,161,45,46,91,2,2,3,26.0,15.79,43.86,33.33,3.51,1.75,0.0,0.0,1.75
9000008577,2025-06-28 19:00,0.6375,24,17,41,72,48,121,47,45,93,2,5,6,24.5,28.81,35.59,28.81,5.08,1.69,0.0,0.0,0.0
9000008577,2025-06-28 20:00,0.4175,30,11,41,36,40,76,38,56,93,6,2,8,26.0,28.21,38.46,33.33,0.0,0.0,0.0,0.0,0.0
9000008577,2025-06-29 05:00,0.340556,2,0,2,0,0,0,9,0,9,0,0,0,77.0,0.0,0.0,33.33,33.33,33.33,0.0,0.0,33.33
9000008577,2025-06-29 06:00,0.378333,2,3,5,2,6,8,2,0,2,0,2,2,29.0,0.0,0.0,100.0,0.0,0.0,0.0,0.0,0.0
9000008577,2025-06-29 07:00,0.4275,5,8,13,2,21,22,0,8,8,0,2,2,27.5,33.33,33.33,66.67,0.0,0.0,0.0,0.0,0.0
9000008577,2025-06-29 08:00,0.571111,2,4,5,12,21,33,7,6,14,0,2,2,28.0,25.0,25.0,50.0,0.0,0.0,0.0,0.0,0.0
9000008577,2025-06-29 09:00,0.469167,0,0,0,14,20,33,11,15,26,4,0,4,27.0,50.0,25.0,25.0,8.33,0.0,0.0,0.0,0.0
9000008577,2025-06-29 10:00,0.564444,0,2,2,34,23,57,5,13,18,19,4,23,46.5,50.0,10.0,10.0,10.0,20.0,0.0,0.0,0.0
9000008577,2025-06-29 11:00,0.553611,6,7,13,50,32,81,7,6,13,2,9,11,5.0,85.71,14.29,0.0,0.0,0.0,0.0,0.0,0.0
9000008577,2025-06-29 12:00,0.581111,7,2,8,38,33,71,24,29,53,5,0,5,23.5,54.84,22.58,19.35,0.0,0.0,0.0,0.0,3.23
9000008577,2025-06-29 13:00,0.591667,15,8,23,29,25,54,18,10,28,2,10,12,20.0,64.71,17.65,5.88,5.88,0.0,0.0,0.0,0.0
9000008577,2025-06-29 14:00,0.543333,9,9,18,51,38,89,19,36,55,8,9,17,30.5,53.33,16.67,13.33,16.67,0.0,0.0,0.0,0.0
9000008577,2025-06-29 15:00,0.488056,6,8,14,66,42,108,37,48,85,2,0,2,28.0,35.71,23.81,33.33,7.14,0.0,0.0,2.38,0.0
9000008577,2025-06-29 16:00,0.508333,6,4,10,59,18,77,72,29,101,2,2,4,28.5,29.41,33.33,27.45,5.88,3.92,0.0,1.96,0.0
9000008577,2025-06-29 17:00,0.593611,12,17,28,25,17,42,86,35,121,0,3,3,24.5,31.94,36.11,29.17,2.78,0.0,0.0,0.0,0.0
9000008577,2025-06-29 18:00,0.491944,5,10,15,38,36,74,51,29,80,5,3,8,29.0,28.21,35.9,23.08,12.82,0.0,0.0,0.0,0.0
9000008577,2025-06-29 19:00,0.295556,10,13,23,61,23,84,40,20,60,3,0,3,24.0,16.67,55.56,22.22,0.0,0.0,0.0,0.0,0.0
9000008577,2025-06-29 20:00,0.188611,19,27,46,74,84,158,20,13,33,7,7,13,19.0,33.33,66.67,16.67,0.0,0.0,0.0,0.0,0.0
9000008577,2025-06-30 05:00,0.416667,0,4,4,2,4,6,0,8,8,0,0,0,18.5,0.0,100.0,0.0,0.0,0.0,0.0,0.0,0.0
9000008577,2025-06-30 06:00,0.416667,6,2,8,23,8,31,20,10,30,0,4,4,28.5,16.67,25.0,50.0,8.33,0.0,0.0,0.0,0.0
9000008577,2025-06-30 07:00,0.469722,8,22,30,35,21,56,56,43,99,2,13,15,28.0,10.64,31.91,46.81,6.38,2.13,0.0,0.0,0.0
9000008577,2025-06-30 08:00,0.6325,27,35,62,112,59,170,36,39,76,2,10,11,27.0,14.58,25.0,56.25,4.17,0.0,0.0,0.0,0.0
9000008577,2025-06-30 09:00,0.543611,8,10,18,113,47,160,54,18,72,3,10,13,22.5,41.03,38.46,20.51,2.56,0.0,0.0,0.0,0.0
9000008577,2025-06-30 10:00,0.548056,2,11,13,115,36,151,113,63,176,18,17,36,22.0,28.12,50.0,20.83,1.04,0.0,0.0,0.0,0.0
9000008577,2025-06-30 11:00,0.5575,6,16,22,140,80,221,32,29,60,7,7,13,16.0,67.65,26.47,5.88,0.0,0.0,0.0,0.0,0.0
9000008577,2025-06-30 12:00,0.511389,4,8,11,48,72,120,28,28,56,12,16,28,20.0,58.62,27.59,10.34,0.0,0.0,3.45,0.0,0.0
9000008577,2025-06-30 13:00,0.4975,16,6,22,84,86,171,40,39,79,8,12,20,23.5,56.41,23.08,17.95,2.56,0.0,0.0,0.0,0.0
9000008577,2025-06-30 14:00,0.472222,13,15,27,105,123,228,84,79,162,4,8,13,23.0,32.47,45.45,16.88,3.9,1.3,0.0,0.0,0.0
9000008577,2025-06-30 15:00,0.446389,13,16,30,106,127,233,55,83,138,0,0,0,22.5,50.0,29.03,19.35,1.61,0.0,0.0,0.0,0.0
9000008577,2025-06-30 16:00,0.491389,12,22,34,77,65,141,54,23,77,0,8,8,29.0,42.11,21.05,23.68,7.89,5.26,0.0,0.0,0.0
9000008577,2025-06-30 17:00,0.661111,19,12,31,50,32,81,99,70,169,6,9,15,26.5,8.04,37.5,46.43,6.25,1.79,0.0,0.0,0.0
9000008577,2025-06-30 18:00,0.682778,26,15,41,50,55,105,76,44,119,6,10,16,24.5,13.58,40.74,43.21,3.7,0.0,0.0,0.0,0.0
9000008577,2025-06-30 19:00,0.700556,19,20,39,40,48,87,51,57,108,3,3,6,24.0,9.21,60.53,28.95,1.32,0.0,0.0,0.0,0.0
9000008577,2025-06-30 20:00,0.420833,27,25,52,31,18,49,46,38,85,0,6,6,24.5,2.78,50.0,38.89,8.33,0.0,0.0,0.0,0.0
9000008577,2025-07-01 05:00,0.315,2,33,35,0,2,2,8,5,13,2,0,2,25.0,0.0,50.0,50.0,0.0,0.0,0.0,0.0,0.0
9000008577,2025-07-01 06:00,0.393611,5,13,18,17,10,27,17,15,32,2,2,4,27.5,15.38,53.85,30.77,0.0,0.0,0.0,0.0,0.0
9000008577,2025-07-01 07:00,0.406389,14,16,30,14,15,29,85,37,122,6,9,15,26.5,20.41,32.65,38.78,6.12,0.0,0.0,0.0,0.0
9000008577,2025-07-01 08:00,0.584444,21,24,45,115,31,147,70,35,105,9,7,16,27.0,16.39,39.34,37.7,6.56,0.0,0.0,0.0,0.0
9000008577,2025-07-01 09:00,0.560833,14,16,31,158,64,222,51,20,71,3,0,3,18.5,45.0,45.0,10.0,0.0,0.0,0.0,0.0,0.0
9000008577,2025-07-01 10:00,0.550278,2,4,6,90,59,149,35,17,52,10,2,12,23.0,27.59,37.93,34.48,0.0,0.0,0.0,0.0,0.0
9000008577,2025-07-01 11:00,0.556111,7,9,16,86,104,190,29,29,58,4,4,7,9.5,87.5,0.0,9.38,3.12,0.0,0.0,0.0,0.0
9000008577,2025-07-01 12:00,0.517778,12,12,23,46,84,130,39,39,78,23,29,53,23.0,57.5,20.0,20.0,2.5,0.0,0.0,0.0,0.0
9000008577,2025-07-01 13:00,0.500278,6,8,14,96,117,213,22,47,69,10,16,26,20.0,55.88,29.41,14.71,0.0,0.0,0.0,0.0,0.0
9000008577,2025-07-01 14:00,0.465556,0,4,4,112,140,253,61,123,184,10,2,12,22.5,43.53,34.12,18.82,3.53,0.0,0.0,0.0,0.0
9000008577,2025-07-01 15:00,0.447222,22,21,44,100,104,204,69,89,158,0,4,4,23.5,33.8,42.25,19.72,5.63,0.0,0.0,0.0,0.0
9000008577,2025-07-01 16:00,0.503611,17,12,29,71,61,132,39,42,82,4,4,7,26.0,19.51,29.27,51.22,0.0,0.0,0.0,0.0,0.0
9000008577,2025-07-01 17:00,0.691111,28,18,45,54,28,82,82,70,152,9,13,22,27.5,5.71,36.19,50.48,5.71,0.95,0.0,0.0,0.0
9000008577,2025-07-01 18:00,0.721667,28,15,43,40,42,83,83,43,126,4,14,18,25.5,17.58,46.15,32.97,3.3,0.0,0.0,0.0,0.0
9000008577,2025-07-01 19:00,0.774444,29,19,48,24,23,48,98,87,186,3,12,14,25.5,4.17,52.08,41.67,1.39,0.69,0.0,0.0,0.0
9000008577,2025-07-01 20:00,0.315556,20,17,37,29,51,81,20,29,49,4,2,6,24.0,0.0,56.25,43.75,0.0,0.0,0.0,0.0,0.0
9000008577,2025-07-02 05:00,0.133889,0,0,0,0,9,9,0,6,6,0,0,0,24.0,0.0,0.0,100.0,0.0,0.0,0.0,0.0,0.0
9000008577,2025-07-02 06:00,0.410278,5,2,7,5,17,22,13,5,18,2,5,7,30.0,0.0,57.14,28.57,14.29,0.0,0.0,0.0,0.0
9000008577,2025-07-02 07:00,0.429167,2,21,23,50,20,70,69,18,86,2,8,10,26.0,16.22,29.73,54.05,0.0,0.0,0.0,0.0,0.0
9000008577,2025-07-02 08:00,0.536667,12,34,45,80,36,116,68,28,95,4,9,12,26.0,17.65,47.06,31.37,1.96,0.0,0.0,0.0,1.96
9000008577,2025-07-02 09:00,0.637222,10,12,22,61,39,101,45,38,83,6,5,11,19.0,45.28,43.4,7.55,3.77,0.0,0.0,0.0,0.0
9000008577,2025-07-02 10:00,0.625556,6,5,11,66,40,105,25,43,68,5,16,20,22.0,23.26,55.81,23.26,0.0,0.0,0.0,0.0,0.0
9000008577,2025-07-02 11:00,0.542778,9,6,15,92,68,161,17,15,31,6,4,9,27.5,58.82,11.76,17.65,11.76,0.0,0.0,0.0,0.0
9000008577,2025-07-02 12:00,0.534444,9,9,19,57,91,148,53,52,105,6,11,17,20.0,46.43,39.29,10.71,0.0,0.0,0.0,0.0,3.57
9000008577,2025-07-02 13:00,0.505556,14,18,31,83,109,192,32,53,85,2,12,14,20.5,32.56,51.16,11.63,2.33,0.0,0.0,0.0,2.33
9000008577,2025-07-02 14:00,0.500833,20,18,38,66,141,208,32,60,92,10,12,22,20.5,43.48,41.3,13.04,2.17,0.0,0.0,0.0,0.0
9000008577,2025-07-02 15:00,0.454167,35,11,46,82,97,179,22,48,70,0,2,2,26.0,21.88,40.62,28.12,6.25,0.0,3.12,0.0,0.0
9000008577,2025-07-02 16:00,0.517222,14,11,25,54,35,89,40,40,80,6,10,17,27.0,26.83,43.9,24.39,4.88,0.0,0.0,0.0,0.0
9000008577,2025-07-02 17:00,0.710278,27,8,35,35,21,56,56,54,109,3,14,17,25.0,6.49,42.86,48.05,1.3,1.3,0.0,0.0,0.0
9000008577,2025-07-02 18:00,0.709722,18,10,28,29,31,60,53,31,84,3,6,8,25.5,10.0,35.0,50.0,5.0,0.0,0.0,0.0,0.0
9000008577,2025-07-02 19:00,0.763056,22,26,49,20,26,46,54,38,92,0,10,10,24.5,8.57,48.57,41.43,1.43,0.0,0.0,0.0,0.0
9000008577,2025-07-02 20:00,0.505,30,18,48,25,24,50,72,57,129,3,7,10,28.0,6.15,55.38,26.15,10.77,1.54,0.0,0.0,0.0
9000008577,2025-07-03 05:00,0.200556,0,4,4,6,12,17,6,6,11,0,4,4,8.5,100.0,0.0,0.0,0.0,0.0,0.0,0.0,0.0
9000008577,2025-07-03 06:00,0.378889,3,3,6,20,8,28,13,14,27,0,3,3,63.0,40.0,20.0,20.0,0.0,0.0,0.0,10.0,10.0
9000008577,2025-07-03 07:00,0.263333,9,11,20,44,13,56,65,34,98,0,4,4,26.0,26.92,30.77,34.62,7.69,0.0,0.0,0.0,0.0
9000008577,2025-07-03 08:00,0.501389,7,15,22,80,40,120,82,46,129,10,10,19,25.0,23.44,37.5,31.25,4.69,1.56,0.0,0.0,0.0
9000008577,2025-07-03 09:00,0.652222,5,11,15,66,14,80,107,44,152,17,8,25,24.0,24.24,46.46,22.22,5.05,2.02,0.0,0.0,0.0
9000008577,2025-07-03 10:00,0.460278,19,13,31,77,43,120,49,43,92,6,2,7,29.5,19.05,38.1,30.95,7.14,4.76,0.0,0.0,2.38
9000008577,2025-07-03 11:00,0.556111,12,9,21,67,40,107,33,52,85,8,17,24,20.5,33.33,50.0,12.5,4.17,0.0,0.0,0.0,0.0
9000008577,2025-07-03 12:00,0.623611,8,11,19,75,65,140,72,56,128,10,27,37,26.5,31.25,45.0,12.5,10.0,0.0,0.0,0.0,1.25
9000008577,2025-07-03 13:00,0.596111,15,15,30,37,47,84,40,53,93,17,25,42,19.0,36.36,52.73,9.09,0.0,0.0,0.0,1.82,0.0
9000008577,2025-07-03 14:00,0.608333,11,7,19,109,81,190,76,62,138,12,7,19,27.0,42.86,29.76,15.48,5.95,0.0,3.57,1.19,1.19
9000008577,2025-07-03 15:00,0.498611,19,14,32,106,80,186,82,98,180,0,8,8,25.5,26.67,33.33,31.11,6.67,2.22,1.11,0.0,0.0
9000008577,2025-07-03 16:00,0.465833,15,13,28,81,74,155,85,42,127,5,17,22,26.0,28.81,35.59,32.2,5.08,0.0,0.0,0.0,0.0
9000008577,2025-07-03 17:00,0.621389,19,28,47,53,48,101,125,78,202,10,24,34,27.0,16.67,39.68,38.1,2.38,1.59,0.79,0.0,0.79
9000008577,2025-07-03 18:00,0.673056,22,14,36,55,28,82,74,79,153,4,10,15,24.5,8.74,42.72,44.66,3.88,0.0,0.0,0.0,0.0
9000008577,2025-07-03 19:00,0.564722,33,19,52,23,36,60,90,96,187,2,11,13,23.0,15.24,58.1,24.76,0.95,0.0,0.0,0.0,0.0
9000008577,2025-07-03 20:00,0.2375,20,12,31,21,21,42,50,60,110,8,0,8,23.5,15.38,50.0,23.08,7.69,0.0,0.0,0.0,0.0
9000008577,2025-07-04 05:00,0.163889,0,0,0,0,0,0,9,5,13,0,0,0,39.0,0.0,0.0,50.0,50.0,0.0,0.0,0.0,0.0
9000008577,2025-07-04 06:00,0.385833,0,8,8,8,4,12,14,9,23,0,8,8,35.5,0.0,11.11,77.78,22.22,0.0,0.0,0.0,0.0
9000008577,2025-07-04 07:00,0.630278,9,26,36,26,20,45,55,30,85,4,6,10,26.5,18.52,25.93,50.0,3.7,1.85,0.0,0.0,0.0
9000008577,2025-07-04 08:00,0.549444,12,10,22,80,54,134,53,20,73,4,19,23,24.0,15.0,50.0,32.5,2.5,0.0,0.0,0.0,0.0
9000008577,2025-07-04 09:00,0.489722,9,13,22,78,42,119,28,51,80,5,1,6,20.5,35.9,48.72,12.82,2.56,0.0,0.0,0.0,0.0
9000008577,2025-07-04 10:00,0.603056,3,8,11,95,69,164,28,35,62,7,3,10,24.5,36.84,31.58,26.32,2.63,0.0,0.0,0.0,2.63
9000008577,2025-07-04 11:00,0.548611,11,7,18,84,55,139,40,20,60,11,5,16,27.5,42.42,18.18,30.3,3.03,0.0,0.0,0.0,6.06
9000008577,2025-07-04 12:00,0.548889,13,7,20,69,70,139,41,26,67,16,9,25,42.0,35.14,10.81,27.03,10.81,2.7,2.7,2.7,8.11
9000008577,2025-07-04 13:00,0.526667,12,17,29,91,87,179,41,59,100,12,5,17,24.5,41.51,32.08,18.87,7.55,0.0,0.0,0.0,1.89
9000008577,2025-07-04 14:00,0.493611,10,8,18,117,103,220,64,80,145,8,20,28,20.5,57.75,26.76,9.86,2.82,0.0,0.0,0.0,2.82
9000008577,2025-07-04 15:00,0.485833,13,6,19,94,122,216,48,62,110,2,2,4,24.5,44.44,29.63,18.52,3.7,0.0,0.0,0.0,1.85
9000008577,2025-07-04 16:00,0.503056,16,10,26,106,70,176,62,56,118,4,8,12,24.5,20.34,52.54,25.42,1.69,0.0,0.0,0.0,1.69
9000008577,2025-07-04 17:00,0.671389,15,22,36,39,26,65,81,70,151,8,15,22,27.5,11.88,40.59,40.59,6.93,0.0,0.0,0.0,0.0
9000008577,2025-07-04 18:00,0.688333,22,21,43,58,55,114,49,74,123,6,13,19,24.5,9.41,45.88,40.0,2.35,1.18,0.0,0.0,1.18
9000008577,2025-07-04 19:00,0.719722,25,21,46,31,40,71,60,95,155,3,4,7,24.5,16.96,44.64,34.82,3.57,0.0,0.0,0.0,0.0
9000008577,2025-07-04 20:00,0.463889,16,7,24,20,19,39,107,135,243,5,5,10,24.0,11.5,53.98,33.63,0.88,0.0,0.0,0.0,0.0
9000008577,2025-07-05 05:00,0.3425,0,3,3,3,0,3,6,3,9,0,3,3,33.0,0.0,66.67,0.0,33.33,0.0,0.0,0.0,0.0
9000008577,2025-07-05 06:00,0.416667,3,0,3,1,1,3,3,0,3,1,1,3,19.0,0.0,100.0,0.0,0.0,0.0,0.0,0.0,0.0
9000008577,2025-07-05 07:00,0.545556,0,3,3,0,10,10,6,6,12,6,2,8,29.5,14.29,14.29,71.43,14.29,0.0,0.0,0.0,0.0
9000008577,2025-07-05 08:00,0.469444,5,11,16,16,13,29,16,12,28,0,1,1,23.0,23.08,38.46,38.46,0.0,0.0,0.0,0.0,0.0
9000008577,2025-07-05 09:00,0.628056,8,8,16,32,17,50,13,18,31,0,0,0,28.0,26.32,36.84,26.32,10.53,0.0,0.0,0.0,0.0
9000008577,2025-07-05 10:00,0.592778,6,3,10,42,19,61,39,37,76,5,9,14,27.0,20.0,42.22,33.33,4.44,0.0,0.0,0.0,0.0
9000008577,2025-07-05 11:00,0.578889,8,12,20,69,86,155,27,19,47,2,7,9,26.5,25.93,33.33,33.33,7.41,0.0,0.0,0.0,0.0
9000008577,2025-07-05 12:00,0.630833,19,21,40,43,36,79,52,47,98,3,9,13,23.0,29.03,43.55,22.58,4.84,0.0,0.0,0.0,0.0
9000008577,2025-07-05 13:00,0.563056,11,7,18,62,66,128,23,50,73,9,9,18,17.5,51.22,41.46,4.88,0.0,2.44,0.0,0.0,0.0
9000008577,2025-07-05 14:00,0.533333,22,13,35,61,70,131,86,52,138,8,2,10,21.5,43.24,37.84,17.57,1.35,0.0,0.0,0.0,0.0
9000008577,2025-07-05 15:00,0.638611,16,16,33,70,44,115,73,66,140,3,8,11,23.0,40.45,38.2,16.85,4.49,1.12,0.0,0.0,0.0
9000008577,2025-07-05 16:00,0.716111,13,19,32,32,22,54,150,47,197,10,4,14,26.0,25.53,39.72,27.66,6.38,0.71,0.0,0.0,0.0
9000008577,2025-07-05 17:00,0.656667,9,12,22,51,27,78,74,71,145,5,6,11,25.5,15.79,35.79,42.11,5.26,0.0,0.0,0.0,1.05
9000008577,2025-07-05 18:00,0.679444,10,6,16,31,42,72,91,62,153,0,6,6,30.0,25.0,22.12,38.46,8.65,2.88,2.88,0.0,0.0
9000008577,2025-07-05 19:00,0.728611,15,11,26,26,19,45,59,60,119,0,1,1,26.0,16.09,33.33,42.53,8.05,0.0,0.0,0.0,0.0
9000008577,2025-07-05 20:00,0.359444,16,30,46,28,11,39,86,57,143,3,3,5,26.5,21.15,32.69,36.54,7.69,1.92,0.0,0.0,0.0
9000008577,2025-07-06 05:00,0.251111,3,0,3,0,0,0,0,3,3,5,3,8,29.0,0.0,0.0,100.0,0.0,0.0,0.0,0.0,0.0
9000008577,2025-07-06 06:00,0.311389,3,0,3,0,0,0,0,5,5,0,0,0,4.0,100.0,0.0,0.0,0.0,0.0,0.0,0.0,0.0
9000008577,2025-07-06 07:00,0.599167,3,1,4,5,2,8,0,4,4,0,7,7,33.0,0.0,100.0,0.0,50.0,0.0,0.0,0.0,0.0
9000008577,2025-07-06 08:00,0.612778,3,1,4,7,12,20,5,13,18,0,2,2,22.5,27.27,45.45,27.27,0.0,0.0,0.0,0.0,0.0
9000008577,2025-07-06 09:00,0.701111,6,9,14,31,18,50,9,13,21,0,1,1,31.5,13.33,26.67,40.0,20.0,0.0,0.0,0.0,0.0
9000008577,2025-07-06 10:00,0.687222,7,5,12,25,27,51,16,6,21,0,0,0,32.0,0.0,26.67,53.33,20.0,0.0,0.0,0.0,0.0
9000008577,2025-07-06 11:00,0.613056,7,17,23,32,31,63,19,24,43,0,3,3,21.5,62.96,18.52,14.81,3.7,0.0,0.0,0.0,0.0
9000008577,2025-07-06 12:00,0.526944,5,5,11,49,43,91,14,27,42,4,4,7,22.0,54.55,27.27,13.64,4.55,0.0,0.0,0.0,0.0
9000008577,2025-07-06 13:00,0.525556,16,15,31,75,34,109,17,10,27,0,2,2,18.0,57.14,35.71,0.0,0.0,0.0,0.0,7.14,0.0
9000008577,2025-07-06 14:00,0.563333,16,23,39,46,53,99,43,42,85,1,7,9,24.0,25.0,35.42,37.5,0.0,2.08,0.0,0.0,0.0
9000008577,2025-07-06 15:00,0.669722,18,16,34,41,36,77,31,36,67,1,0,1,27.5,8.89,53.33,28.89,8.89,0.0,0.0,0.0,0.0
9000008577,2025-07-06 16:00,0.617778,13,20,32,46,46,93,49,31,80,2,3,5,20.5,36.73,46.94,14.29,2.04,0.0,0.0,0.0,0.0
9000008577,2025-07-06 17:00,0.655278,29,23,52,75,32,107,38,28,66,0,5,5,30.0,6.98,46.51,32.56,11.63,2.33,0.0,0.0,0.0
9000008577,2025-07-06 18:00,0.671111,16,15,31,98,34,132,30,74,104,0,5,5,27.0,14.29,52.86,24.29,7.14,1.43,0.0,0.0,0.0
9000008577,2025-07-06 19:00,0.414167,20,11,32,51,53,104,31,30,61,0,0,0,22.5,36.0,32.0,32.0,0.0,0.0,0.0,0.0,0.0
9000008577,2025-07-06 20:00,0.038889,0,0,0,0,51,51,103,0,103,0,0,0,14.0,0.0,100.0,0.0,0.0,0.0,0.0,0.0,0.0
9000008577,2025-07-07 05:00,0.235556,12,6,17,6,6,11,12,3,15,0,0,0,36.0,0.0,0.0,100.0,33.33,0.0,0.0,0.0,0.0
9000008577,2025-07-07 06:00,0.533611,8,15,23,14,13,27,14,20,34,2,2,4,27.0,5.56,33.33,61.11,5.56,0.0,0.0,0.0,0.0
9000008577,2025-07-07 07:00,0.280278,10,12,22,38,15,53,118,43,161,10,7,17,24.5,22.22,44.44,28.89,4.44,0.0,0.0,0.0,0.0
9000008577,2025-07-07 08:00,0.323611,6,3,9,87,57,144,39,55,94,6,6,11,24.5,13.33,60.0,20.0,3.33,3.33,0.0,0.0,0.0
9000008577,2025-07-07 09:00,0.473611,0,3,3,105,53,159,51,31,83,0,2,2,20.5,41.03,43.59,12.82,0.0,2.56,0.0,0.0,2.56
9000008577,2025-07-07 10:00,0.473056,0,3,3,99,101,200,51,46,97,5,0,5,22.5,50.0,32.61,17.39,0.0,0.0,0.0,0.0,4.35
9000008577,2025-07-07 11:00,0.568333,6,9,15,77,25,102,54,74,129,6,19,25,23.5,31.51,45.21,23.29,1.37,0.0,0.0,0.0,0.0
9000008577,2025-07-07 12:00,0.602222,21,22,43,80,51,131,79,64,144,0,5,5,23.5,34.88,37.21,23.26,1.16,0.0,0.0,0.0,2.33
9000008577,2025-07-07 13:00,0.677222,12,10,22,68,53,121,52,62,114,3,18,21,24.0,35.06,40.26,20.78,0.0,2.6,1.3,0.0,0.0
9000008577,2025-07-07 14:00,0.645833,18,14,32,50,59,109,76,127,202,9,25,34,25.5,24.43,38.93,29.01,4.58,0.76,0.76,0.0,0.76
9000008577,2025-07-07 15:00,0.463056,22,13,35,100,112,212,51,89,140,0,4,4,23.5,38.46,35.38,20.0,4.62,1.54,0.0,0.0,0.0
9000008577,2025-07-07 16:00,0.5175,21,4,25,77,56,133,74,87,160,11,16,27,25.0,25.3,37.35,31.33,3.61,3.61,0.0,0.0,0.0
9000008577,2025-07-07 17:00,0.305556,17,5,22,35,28,63,89,52,141,7,15,21,31.0,30.23,32.56,20.93,6.98,4.65,2.33,0.0,2.33
9000008577,2025-07-07 18:00,0.555833,31,21,53,36,31,67,92,58,151,4,12,17,27.0,14.29,40.48,38.1,5.95,0.0,1.19,0.0,0.0
9000008577,2025-07-07 19:00,0.431389,27,13,40,31,22,53,52,31,83,9,10,19,25.5,27.78,47.22,13.89,8.33,2.78,0.0,0.0,0.0
9000008577,2025-07-07 20:00,0.2,8,19,27,11,14,25,67,48,115,3,22,25,23.0,0.0,65.22,34.78,0.0,0.0,0.0,0.0,0.0
9000008577,2025-07-08 06:00,0.551389,2,11,13,8,7,15,20,23,43,1,1,3,24.0,41.67,37.5,20.83,0.0,0.0,0.0,0.0,4.17
9000008577,2025-07-08 07:00,0.533611,6,8,15,21,13,34,76,35,111,8,3,11,23.5,27.12,42.37,28.81,0.0,0.0,0.0,0.0,1.69
9000008577,2025-07-08 08:00,0.465278,3,14,17,59,34,93,118,38,156,10,4,14,26.0,47.22,26.39,19.44,5.56,1.39,0.0,0.0,0.0
9000008577,2025-07-08 09:00,0.557778,4,13,17,88,33,121,80,42,122,22,7,29,23.5,35.29,44.12,11.76,7.35,0.0,1.47,0.0,0.0
9000008577,2025-07-08 10:00,0.564167,12,4,16,50,33,84,78,55,132,16,16,32,25.5,32.0,36.0,26.67,4.0,1.33,0.0,0.0,0.0
9000008577,2025-07-08 11:00,0.568056,7,20,26,61,40,101,63,54,117,12,5,17,21.5,41.79,40.3,11.94,2.99,0.0,0.0,0.0,1.49
9000008577,2025-07-08 12:00,0.616944,19,15,34,86,47,132,41,38,79,22,11,34,21.5,30.61,51.02,18.37,0.0,0.0,0.0,0.0,0.0
9000008577,2025-07-08 13:00,0.673056,12,15,27,55,68,124,52,55,107,13,16,29,18.5,56.94,31.94,9.72,1.39,0.0,0.0,0.0,0.0
9000008577,2025-07-08 14:00,0.582222,20,14,34,42,48,90,22,31,53,8,9,17,19.5,29.03,61.29,9.68,3.23,0.0,0.0,0.0,0.0
9000008577,2025-07-08 15:00,0.611944,23,16,38,63,77,140,106,144,250,0,2,2,24.0,23.53,43.79,28.1,2.61,0.65,1.31,0.0,0.0
9000008577,2025-07-08 16:00,0.656667,16,9,25,29,24,53,106,161,267,14,15,29,26.5,25.14,37.71,29.14,6.86,0.57,0.0,0.0,0.0
9000008577,2025-07-08 17:00,0.668333,25,14,39,37,31,68,98,70,169,9,20,28,24.0,14.16,45.13,38.05,2.65,0.0,0.0,0.0,0.0
9000008577,2025-07-08 18:00,0.686389,15,18,32,41,22,63,97,80,177,9,10,19,24.5,14.75,45.9,34.43,4.92,0.0,0.0,0.0,0.0
9000008577,2025-07-08 19:00,0.621944,22,13,35,42,33,75,53,70,123,3,14,17,23.5,18.18,54.55,25.97,2.6,0.0,0.0,0.0,0.0
9000008577,2025-07-08 20:00,0.283056,16,13,29,33,27,60,57,75,132,0,7,7,25.0,5.41,51.35,37.84,2.7,0.0,2.7,0.0,0.0
9000008577,2025-07-09 05:00,0.071667,0,0,0,0,0,0,0,18,18,0,0,0,28.5,0.0,0.0,0.0,0.0,0.0,0.0,0.0,0.0
9000008577,2025-07-09 06:00,0.397778,4,9,13,13,17,30,29,14,42,0,0,0,27.5,17.65,41.18,47.06,0.0,0.0,0.0,0.0,0.0
9000008577,2025-07-09 07:00,0.516111,2,9,11,28,33,61,69,31,100,8,5,13,25.0,21.15,32.69,40.38,3.85,0.0,0.0,0.0,0.0
9000008577,2025-07-09 08:00,0.390556,4,14,19,53,25,79,72,38,110,2,6,8,26.5,11.63,44.19,37.21,6.98,0.0,0.0,0.0,0.0
9000008577,2025-07-09 09:00,0.510833,15,26,41,48,37,85,100,34,134,5,4,9,26.5,27.54,33.33,36.23,2.9,0.0,0.0,0.0,0.0
9000008577,2025-07-09 10:00,0.648611,16,10,26,20,20,40,83,66,150,4,26,30,26.0,13.4,47.42,30.93,7.22,0.0,0.0,0.0,1.03
9000008577,2025-07-09 11:00,0.565833,17,12,29,42,27,68,81,79,160,5,16,22,25.5,21.98,39.56,31.87,4.4,0.0,1.1,0.0,0.0
9000008577,2025-07-09 12:00,0.576667,24,13,37,23,18,42,98,110,207,6,13,18,23.5,27.73,42.02,28.57,0.84,0.0,0.0,0.0,0.84
9000008577,2025-07-09 13:00,0.690833,22,25,46,27,23,50,70,100,170,9,13,22,21.0,40.68,41.53,17.8,0.0,0.0,0.0,0.0,0.0
9000008577,2025-07-09 14:00,0.634722,13,13,26,38,33,71,85,161,246,14,11,25,21.0,28.21,55.13,15.38,0.64,0.64,0.64,0.0,0.0
9000008577,2025-07-09 15:00,0.589167,13,5,18,34,34,67,139,132,271,2,5,7,23.0,37.5,38.12,19.38,3.12,0.0,0.62,0.0,1.25
9000008577,2025-07-09 16:00,0.630278,17,26,43,16,36,52,156,155,311,2,10,11,25.0,18.37,51.02,25.0,4.59,0.51,0.0,0.0,0.51
9000008577,2025-07-09 17:00,0.600833,28,15,43,47,17,63,110,90,200,7,2,8,24.0,29.17,45.0,23.33,1.67,0.83,0.0,0.0,0.0
9000008577,2025-07-09 18:00,0.660833,20,18,39,24,20,44,63,89,152,8,7,15,20.5,47.0,36.0,17.0,0.0,0.0,0.0,0.0,0.0
9000008577,2025-07-09 19:00,0.7025,17,14,31,24,19,43,57,85,142,7,7,14,23.5,12.12,64.65,21.21,1.01,2.02,0.0,0.0,0.0
9000008577,2025-07-09 20:00,0.545278,40,23,62,22,12,34,48,78,126,1,9,10,24.5,23.53,36.76,38.24,1.47,0.0,0.0,0.0,0.0
9000008577,2025-07-10 05:00,0.168889,0,3,3,0,3,3,3,0,3,0,0,0,19.0,0.0,100.0,0.0,0.0,0.0,0.0,0.0,0.0
9000008577,2025-07-10 06:00,0.445278,11,15,26,18,22,41,20,6,27,0,4,4,29.0,0.0,50.0,41.67,8.33,0.0,0.0,0.0,0.0
9000008577,2025-07-10 07:00,0.493889,11,13,24,21,13,34,57,50,107,4,5,8,27.5,0.0,47.17,47.17,5.66,0.0,0.0,0.0,0.0
9000008577,2025-07-10 08:00,0.655833,12,10,22,14,26,40,127,41,168,26,15,41,29.0,18.18,26.36,43.64,11.82,0.91,0.0,0.0,0.0
9000008577,2025-07-10 09:00,0.641389,11,8,18,62,40,102,34,31,65,16,6,22,25.0,23.81,52.38,19.05,2.38,2.38,0.0,0.0,0.0
9000008577,2025-07-10 10:00,0.607778,5,7,12,18,76,94,11,34,46,0,0,0,37.0,25.0,25.0,25.0,14.29,7.14,3.57,0.0,0.0
9000008577,2025-07-10 11:00,0.649722,5,8,12,32,69,101,20,61,80,0,2,2,38.5,19.23,21.15,38.46,9.62,5.77,5.77,1.92,0.0
9000008577,2025-07-10 12:00,0.638889,12,17,29,36,76,112,47,80,127,9,10,19,25.5,18.52,44.44,25.93,3.7,2.47,3.7,0.0,1.23
9000008577,2025-07-10 13:00,0.408889,9,21,30,65,48,113,77,80,157,6,6,12,27.5,17.19,46.88,25.0,7.81,0.0,1.56,0.0,1.56
9000008577,2025-07-10 14:00,0.463889,15,8,23,46,39,85,129,115,245,21,42,62,23.5,15.79,50.88,30.7,1.75,0.88,0.0,0.0,0.0
9000008577,2025-07-10 15:00,0.707222,18,20,38,31,30,61,82,135,217,13,43,56,25.5,29.41,33.33,32.68,3.92,0.65,0.0,0.0,0.0
9000008577,2025-07-10 16:00,0.661111,25,11,36,35,25,61,110,106,216,18,23,41,25.0,14.69,42.66,37.76,4.2,0.0,0.0,0.0,0.7
9000008577,2025-07-10 17:00,0.703333,24,28,53,18,13,31,114,115,229,23,10,33,24.5,11.8,46.58,39.75,1.86,0.0,0.0,0.0,0.0
9000008577,2025-07-10 18:00,0.7475,36,28,65,15,22,36,112,101,213,23,15,38,25.0,6.92,44.65,44.03,4.4,0.0,0.0,0.0,0.0
9000008577,2025-07-10 19:00,0.740278,13,19,32,11,15,26,56,74,129,15,24,39,25.5,12.5,40.62,37.5,9.38,0.0,0.0,0.0,0.0
9000008577,2025-07-10 20:00,0.389167,0,0,0,24,7,31,35,40,75,4,11,15,22.5,3.45,72.41,24.14,3.45,0.0,0.0,0.0,0.0
9000008577,2025-07-11 05:00,0.043889,0,0,0,0,0,0,23,0,23,0,23,23,14.0,0.0,100.0,0.0,0.0,0.0,0.0,0.0,0.0
9000008577,2025-07-11 06:00,0.491389,3,5,9,6,11,17,9,11,21,0,5,5,32.5,0.0,30.0,40.0,30.0,0.0,0.0,0.0,0.0
9000008577,2025-07-11 07:00,0.416389,4,9,13,16,12,27,87,36,123,10,5,15,29.5,17.65,25.49,47.06,9.8,1.96,0.0,0.0,0.0
9000008577,2025-07-11 08:00,0.423611,8,6,14,24,12,36,95,38,133,8,6,13,28.5,10.71,19.64,62.5,8.93,0.0,0.0,0.0,0.0
9000008577,2025-07-11 09:00,0.683611,9,15,23,23,29,52,98,51,149,9,15,24,24.0,11.76,57.84,25.49,2.94,1.96,0.0,0.0,0.0
9000008577,2025-07-11 10:00,0.663889,18,18,36,23,24,47,89,57,146,4,9,13,27.0,7.22,43.3,44.33,4.12,1.03,0.0,0.0,0.0
9000008577,2025-07-11 11:00,0.601667,8,8,16,59,45,104,71,45,116,19,6,25,22.0,32.86,45.71,18.57,2.86,0.0,0.0,0.0,0.0
9000008577,2025-07-11 12:00,0.566389,15,15,30,48,36,84,109,92,201,39,13,52,22.5,33.33,42.98,21.93,0.88,0.0,0.0,0.0,0.88
9000008577,2025-07-11 13:00,0.626389,10,16,25,51,43,94,89,104,194,29,19,48,24.0,25.62,43.8,26.45,4.13,0.0,0.0,0.0,0.0
9000008577,2025-07-11 14:00,0.703333,26,11,37,32,31,62,134,172,306,41,20,61,26.5,17.21,40.0,37.67,4.19,0.47,0.93,0.0,0.0
9000008577,2025-07-11 15:00,0.667222,22,10,33,27,26,52,117,187,303,20,10,30,24.0,15.84,46.53,34.16,3.47,0.0,0.0,0.0,0.0
9000008577,2025-07-11 16:00,0.694167,16,17,33,51,29,80,108,101,208,16,22,38,25.5,8.97,44.14,42.07,4.83,0.0,0.0,0.0,0.0
9000008577,2025-07-11 17:00,0.459722,4,17,20,43,33,76,59,87,146,6,17,23,25.0,28.36,23.88,43.28,4.48,0.0,0.0,0.0,0.0
9000008577,2025-07-11 18:00,0.28,23,15,38,27,19,46,82,56,138,0,12,12,26.0,23.08,46.15,20.51,2.56,7.69,0.0,0.0,0.0
9000008577,2025-07-11 19:00,0.3525,43,23,66,33,23,56,83,104,187,15,3,18,24.5,25.76,46.97,25.76,3.03,0.0,0.0,0.0,0.0
9000008577,2025-07-11 20:00,0.038611,26,0,26,52,26,78,26,129,155,0,0,0,22.5,0.0,66.67,33.33,0.0,0.0,0.0,0.0,0.0
9000008577,2025-07-12 07:00,0.091389,10,10,21,0,0,0,11,10,22,0,10,10,23.5,0.0,50.0,50.0,0.0,0.0,0.0,0.0,0.0
9000008577,2025-07-12 08:00,0.282222,3,6,8,0,6,6,40,16,57,0,3,3,24.0,0.0,68.75,37.5,0.0,0.0,0.0,0.0,0.0
9000008577,2025-07-12 09:00,0.443889,12,14,26,12,15,28,47,32,79,2,2,3,28.0,17.14,51.43,20.0,8.57,5.71,0.0,0.0,0.0
9000008577,2025-07-12 10:00,0.630833,17,17,34,14,16,29,50,44,94,7,9,16,24.0,3.39,38.98,55.93,1.69,0.0,0.0,0.0,0.0
9000008577,2025-07-12 11:00,0.629722,21,20,41,11,16,28,71,79,150,10,7,17,25.0,14.74,43.16,37.89,4.21,1.05,0.0,0.0,0.0
9000008577,2025-07-12 12:00,0.644167,26,18,44,13,10,23,95,86,181,5,7,12,25.5,17.09,37.61,39.32,2.56,0.85,0.85,0.0,0.85
9000008577,2025-07-12 13:00,0.677222,25,15,40,19,23,42,114,62,176,19,17,36,28.0,10.08,40.34,39.5,6.72,3.36,0.0,0.0,0.0
9000008577,2025-07-12 14:00,0.721667,24,14,37,39,17,56,120,69,189,11,18,29,27.5,15.44,37.5,39.71,5.15,0.0,1.47,0.0,0.74
9000008577,2025-07-12 15:00,0.698611,21,24,45,23,28,51,134,107,241,14,17,31,24.5,12.5,51.19,32.14,2.98,1.19,0.0,0.0,0.0
9000008577,2025-07-12 16:00,0.688333,19,13,31,25,19,44,129,67,196,10,10,20,27.0,21.48,34.81,35.56,7.41,0.74,0.0,0.0,0.0
9000008577,2025-07-12 17:00,0.660278,19,11,30,33,14,47,82,88,170,11,6,17,27.0,23.89,32.74,32.74,9.73,0.88,0.0,0.0,0.0
9000008577,2025-07-12 18:00,0.502778,13,7,20,18,37,55,87,104,190,16,11,27,27.5,6.25,35.42,52.08,5.21,0.0,0.0,0.0,0.0
9000008577,2025-07-12 19:00,0.2875,11,37,48,8,20,28,69,76,145,17,18,35,27.0,16.67,40.48,33.33,9.52,0.0,0.0,0.0,0.0
9000008577,2025-07-13 06:00,0.109444,18,0,18,0,0,0,0,0,0,0,9,9,,0.0,0.0,0.0,0.0,0.0,0.0,0.0,0.0
9000008577,2025-07-13 07:00,0.221389,7,0,7,7,0,7,5,3,7,0,0,0,23.0,0.0,50.0,50.0,0.0,0.0,0.0,0.0,0.0
9000008577,2025-07-13 08:00,0.368611,2,2,5,11,2,14,2,4,6,2,4,7,27.5,0.0,50.0,100.0,0.0,0.0,0.0,0.0,0.0
9000008577,2025-07-13 09:00,0.449167,8,5,13,4,9,12,15,25,40,1,1,3,29.0,27.78,33.33,27.78,11.11,0.0,0.0,0.0,0.0
9000008577,2025-07-13 10:00,0.642778,14,3,18,14,6,20,19,14,32,3,2,5,28.0,28.57,38.1,23.81,9.52,0.0,0.0,0.0,0.0
9000008577,2025-07-13 11:00,0.595278,13,12,25,8,12,20,15,20,35,3,7,10,23.5,42.86,19.05,38.1,0.0,0.0,0.0,0.0,0.0
9000008577,2025-07-13 12:00,0.579722,18,10,28,14,14,28,27,22,49,4,3,7,24.5,21.43,46.43,32.14,3.57,0.0,0.0,0.0,0.0
9000008577,2025-07-13 13:00,0.603889,8,13,21,10,5,15,28,23,51,18,7,25,24.5,29.03,35.48,32.26,3.23,0.0,0.0,0.0,0.0
9000008577,2025-07-13 14:00,0.658056,6,14,20,6,14,20,50,47,97,2,6,8,23.5,21.88,48.44,29.69,0.0,0.0,0.0,0.0,0.0
9000008577,2025-07-13 15:00,0.570278,12,11,23,33,16,49,29,63,92,3,8,10,24.0,19.23,38.46,40.38,1.92,0.0,0.0,0.0,0.0
9000008577,2025-07-13 16:00,0.5925,8,21,28,23,21,44,60,53,113,3,2,5,25.0,2.99,46.27,44.78,4.48,1.49,0.0,0.0,0.0
9000008577,2025-07-13 17:00,0.635556,18,19,38,22,12,34,52,64,116,3,13,16,25.5,15.07,45.21,34.25,5.48,0.0,0.0,0.0,0.0
9000008577,2025-07-13 18:00,0.735,23,23,46,13,5,19,54,47,100,5,16,21,25.0,5.41,45.95,41.89,5.41,0.0,0.0,0.0,0.0
9000008577,2025-07-13 19:00,0.414167,25,17,42,16,11,27,73,47,120,2,6,9,24.5,10.0,56.0,30.0,4.0,0.0,0.0,0.0,0.0
9000008577,2025-07-13 20:00,0.424722,10,20,31,16,3,19,35,33,68,0,12,12,26.5,17.24,24.14,58.62,3.45,0.0,0.0,0.0,0.0
9000008577,2025-07-14 05:00,0.108333,9,0,9,9,0,9,9,0,9,0,28,28,14.0,0.0,100.0,0.0,0.0,0.0,0.0,0.0,0.0
9000008577,2025-07-14 06:00,0.438889,3,11,14,8,8,16,24,13,37,0,3,3,29.5,0.0,56.25,37.5,12.5,0.0,0.0,0.0,0.0
9000008577,2025-07-14 07:00,0.513333,9,10,19,5,11,16,81,39,120,9,12,21,27.5,6.45,37.1,50.0,4.84,0.0,0.0,0.0,0.0
9000008577,2025-07-14 08:00,0.585278,18,18,36,15,11,26,121,58,179,26,11,37,27.0,10.48,23.81,61.9,2.86,0.0,0.0,0.0,0.0
9000008577,2025-07-14 09:00,0.661111,5,12,17,51,18,68,81,41,122,13,17,30,26.0,23.46,30.86,39.51,4.94,0.0,0.0,0.0,0.0
9000008577,2025-07-14 10:00,0.661111,9,12,21,30,15,45,85,52,137,6,9,15,27.0,7.78,31.11,54.44,5.56,1.11,0.0,0.0,0.0
9000008577,2025-07-14 11:00,0.625278,9,8,17,31,34,65,70,37,107,22,7,29,24.5,35.82,35.82,28.36,0.0,0.0,0.0,0.0,0.0
9000008577,2025-07-14 12:00,0.645,18,12,30,22,26,48,80,68,148,31,25,56,24.5,34.74,29.47,30.53,3.16,0.0,1.05,0.0,1.05
9000008577,2025-07-14 13:00,0.545556,13,20,33,63,53,116,42,63,105,11,20,31,24.5,33.33,33.33,31.58,0.0,1.75,0.0,0.0,0.0
9000008577,2025-07-14 14:00,0.554444,9,4,13,75,60,135,58,123,181,14,15,29,29.0,27.0,23.0,37.0,3.0,5.0,3.0,0.0,2.0
9000008577,2025-07-14 15:00,0.546944,22,13,35,81,29,109,66,131,196,2,11,13,27.0,18.69,42.99,30.84,7.48,0.0,0.93,0.0,0.0
9000008577,2025-07-14 16:00,0.716667,29,13,42,32,24,56,85,127,212,28,25,53,26.0,9.87,42.76,40.79,5.92,0.0,0.0,0.0,0.0
9000008577,2025-07-14 17:00,0.758056,33,22,55,22,20,42,94,125,219,9,17,27,26.5,15.06,38.55,40.36,5.42,0.0,0.0,0.0,0.6
9000008577,2025-07-14 18:00,0.746111,37,35,72,33,20,53,78,74,152,7,21,28,25.0,8.85,52.21,35.4,2.65,0.0,0.0,0.0,0.88
9000008577,2025-07-14 19:00,0.774444,40,17,57,17,20,36,63,63,126,14,16,30,26.5,4.08,47.96,44.9,3.06,0.0,0.0,0.0,0.0
9000008577,2025-07-14 20:00,0.452222,23,30,53,25,11,35,68,55,123,3,0,3,27.5,1.79,41.07,51.79,7.14,0.0,0.0,0.0,0.0
9000008577,2025-07-15 05:00,0.080278,0,0,0,0,0,0,12,0,12,0,12,12,24.0,0.0,0.0,100.0,0.0,0.0,0.0,0.0,0.0
9000008577,2025-07-15 06:00,0.388611,2,6,8,2,2,4,33,22,55,0,4,4,29.5,9.52,23.81,57.14,9.52,0.0,0.0,0.0,0.0
9000008577,2025-07-15 07:00,0.021389,0,0,0,47,0,47,47,47,94,47,47,94,23.5,0.0,50.0,50.0,0.0,0.0,0.0,0.0,0.0
9000008577,2025-07-16 05:00,0.045,0,0,0,22,0,22,0,67,67,0,0,0,24.0,0.0,33.33,66.67,0.0,0.0,0.0,0.0,0.0
9000008577,2025-07-16 06:00,0.251111,9,0,9,0,18,18,26,18,44,0,9,9,30.0,0.0,36.36,45.45,9.09,0.0,0.0,0.0,0.0
9000008577,2025-07-16 07:00,0.4325,4,26,31,50,18,68,78,46,124,12,13,25,27.5,16.67,33.33,44.44,7.41,0.0,0.0,0.0,0.0
9000008577,2025-07-16 08:00,0.519444,13,21,35,62,39,100,96,44,140,9,7,16,26.5,23.29,30.14,43.84,5.48,0.0,0.0,0.0,0.0
9000008577,2025-07-16 09:00,0.609722,4,13,18,49,28,77,59,22,81,22,9,31,28.0,8.16,46.94,36.73,8.16,0.0,0.0,0.0,0.0
9000008577,2025-07-16 10:00,0.594444,10,13,24,18,15,33,105,83,187,22,11,33,24.0,29.73,45.05,22.52,3.6,0.0,0.0,0.0,0.0
9000008577,2025-07-16 11:00,0.731389,18,21,38,19,14,33,93,64,157,26,14,40,26.0,14.78,43.48,35.65,4.35,0.87,0.0,0.0,0.87
9000008577,2025-07-16 12:00,0.692778,18,24,42,26,28,54,58,82,140,17,9,26,24.0,24.74,41.24,29.9,2.06,0.0,0.0,0.0,0.0
9000008577,2025-07-16 13:00,0.538611,17,17,33,86,61,147,24,38,62,19,8,27,23.0,48.48,30.3,18.18,0.0,0.0,0.0,0.0,3.03
9000008577,2025-07-16 14:00,0.538056,12,10,22,37,38,75,101,79,181,12,18,30,24.5,27.84,32.99,36.08,2.06,0.0,0.0,0.0,1.03
9000008577,2025-07-16 15:00,0.39,10,20,30,14,26,41,104,155,259,34,20,54,25.0,19.8,41.58,32.67,3.96,0.99,0.0,0.0,0.0
9000008577,2025-07-16 16:00,0.726389,35,17,51,10,7,17,147,120,267,12,23,36,28.0,7.73,32.99,52.06,6.7,0.0,0.52,0.0,0.0
9000008577,2025-07-16 17:00,0.749722,27,25,52,20,20,40,98,108,207,9,24,33,24.5,9.03,52.9,34.84,3.23,0.0,0.0,0.0,0.0
9000008577,2025-07-16 18:00,0.301111,15,0,15,18,10,28,117,96,213,15,14,28,24.5,0.0,54.69,42.19,3.12,0.0,0.0,0.0,0.0
9000008577,2025-07-16 19:00,0.770556,27,16,42,18,13,32,72,83,155,6,11,17,24.5,14.29,47.06,35.29,1.68,0.84,0.0,0.0,0.0
9000008577,2025-07-16 20:00,0.435278,18,18,36,10,12,22,43,46,88,8,17,25,25.0,7.89,47.37,42.11,2.63,0.0,0.0,0.0,0.0
9000008577,2025-07-17 05:00,0.085556,0,0,0,0,15,15,15,44,59,0,0,0,27.0,0.0,60.0,40.0,0.0,0.0,0.0,0.0,0.0
9000008577,2025-07-17 06:00,0.413889,3,9,12,1,1,3,14,23,38,0,2,2,26.0,12.5,37.5,50.0,0.0,0.0,0.0,0.0,0.0
9000008577,2025-07-17 07:00,0.365556,5,15,19,27,14,40,75,45,120,22,5,27,28.0,2.27,38.64,56.82,4.55,0.0,0.0,0.0,0.0
9000008577,2025-07-17 08:00,0.515278,10,17,27,80,35,115,96,68,164,7,5,12,25.0,12.94,36.47,45.88,2.35,1.18,0.0,0.0,1.18
9000008577,2025-07-17 09:00,0.668611,13,18,31,22,16,39,138,78,216,36,4,41,26.5,10.42,43.06,42.36,4.86,0.0,0.0,0.0,0.0
9000008577,2025-07-17 10:00,0.657222,11,21,32,30,34,64,89,62,151,15,24,39,25.0,16.16,45.45,30.3,8.08,0.0,0.0,0.0,0.0
9000008577,2025-07-17 11:00,0.639167,8,20,28,40,35,75,88,69,157,14,3,17,25.5,19.0,36.0,41.0,4.0,0.0,0.0,0.0,0.0
9000008577,2025-07-17 12:00,0.653611,20,8,28,66,39,105,92,59,152,11,15,26,22.5,24.24,55.56,19.19,1.01,0.0,1.01,0.0,0.0
9000008577,2025-07-17 13:00,0.672222,33,19,52,33,42,75,73,70,143,12,7,19,27.0,8.33,36.46,51.04,3.12,0.0,0.0,1.04,0.0
9000008577,2025-07-17 14:00,0.674167,18,6,24,46,72,118,137,107,244,15,10,25,25.5,9.09,47.88,40.61,1.82,0.0,0.0,0.0,0.61
9000008577,2025-07-17 15:00,0.615833,26,18,43,51,34,85,118,152,269,11,20,31,24.5,9.64,51.2,33.13,6.02,0.0,0.0,0.0,0.0
9000008577,2025-07-17 16:00,0.380833,28,16,44,42,42,84,137,141,278,14,9,24,25.5,11.32,40.57,44.34,4.72,0.0,0.0,0.0,0.0
9000008577,2025-07-17 17:00,0.314167,21,18,39,42,34,76,68,115,184,6,29,35,25.0,15.52,37.93,43.1,5.17,0.0,0.0,0.0,0.0
9000008577,2025-07-17 18:00,0.430278,29,35,64,31,17,48,102,102,204,8,2,10,27.5,4.55,40.91,50.0,4.55,0.0,0.0,1.14,0.0
9000008577,2025-07-17 19:00,0.385556,23,20,43,9,6,15,111,68,179,17,9,27,28.0,4.35,33.33,53.62,7.25,0.0,1.45,0.0,0.0
9000008577,2025-07-17 20:00,0.2525,18,6,24,6,12,18,53,50,104,3,3,6,29.0,11.54,19.23,53.85,11.54,0.0,0.0,0.0,0.0
9000008577,2025-07-18 05:00,0.082222,12,0,12,0,0,0,0,12,12,0,12,12,19.0,0.0,100.0,0.0,0.0,0.0,0.0,0.0,0.0
9000008577,2025-07-18 06:00,0.559722,3,20,22,4,17,21,11,18,30,5,4,10,26.0,17.65,47.06,41.18,0.0,0.0,0.0,0.0,0.0
9000008577,2025-07-18 07:00,0.611667,12,18,29,12,6,17,65,47,112,18,0,18,28.0,0.0,26.09,69.57,4.35,0.0,0.0,0.0,0.0
9000008577,2025-07-18 08:00,0.629444,5,19,24,33,12,45,86,52,138,13,21,34,26.5,5.75,45.98,43.68,3.45,0.0,0.0,0.0,0.0
9000008577,2025-07-18 09:00,0.708333,15,20,35,19,14,33,75,52,126,18,17,35,25.5,12.22,36.67,48.89,2.22,0.0,0.0,0.0,0.0
9000008577,2025-07-18 10:00,0.613611,10,8,18,31,24,54,69,60,128,15,13,28,25.0,12.66,40.51,41.77,5.06,0.0,0.0,0.0,0.0
9000008577,2025-07-18 11:00,0.509444,2,12,14,27,26,53,50,70,120,21,8,28,26.5,24.59,40.98,26.23,6.56,0.0,0.0,0.0,0.0
9000008577,2025-07-18 12:00,0.683333,15,17,33,37,22,59,95,70,165,18,24,42,24.5,14.29,54.46,26.79,3.57,0.0,0.89,0.0,0.0
9000008577,2025-07-18 13:00,0.733889,28,18,46,19,17,37,112,81,193,30,19,49,26.5,11.27,43.66,42.96,2.11,0.7,0.0,0.0,0.0
9000008577,2025-07-18 14:00,0.764167,23,24,47,26,12,38,148,175,323,17,20,37,28.0,5.67,33.2,51.82,6.88,1.62,0.0,0.0,0.81
9000008577,2025-07-18 15:00,0.672778,30,27,57,24,34,58,147,132,279,25,26,51,24.0,17.02,49.47,30.32,2.66,0.0,0.0,0.0,0.0
9000008577,2025-07-18 16:00,0.633056,11,28,39,31,27,59,119,86,205,23,9,32,26.0,20.77,33.85,39.23,6.15,0.77,0.0,0.0,0.0
9000008577,2025-07-18 17:00,0.692778,24,16,40,29,17,46,113,84,197,15,7,23,24.5,6.62,47.06,40.44,5.15,0.74,0.0,0.0,0.0
9000008577,2025-07-18 18:00,0.751667,23,22,44,18,21,39,123,110,234,24,12,36,25.5,11.36,40.91,43.18,3.98,0.0,0.0,0.0,0.0
9000008577,2025-07-18 19:00,0.768889,37,24,60,12,16,27,90,80,170,13,18,31,25.0,9.16,41.98,45.8,2.29,0.0,0.0,0.0,0.0
9000008577,2025-07-18 20:00,0.465278,12,24,35,13,2,16,65,43,108,16,9,25,24.5,10.0,52.0,36.0,4.0,0.0,0.0,0.0,0.0
9000008577,2025-07-19 05:00,0.0875,0,0,0,0,7,7,0,0,0,0,0,0,,0.0,0.0,0.0,0.0,0.0,0.0,0.0,0.0
9000008577,2025-07-19 06:00,0.424444,2,0,2,0,3,3,9,7,16,0,10,10,31.0,0.0,57.14,28.57,14.29,0.0,0.0,0.0,0.0
9000008577,2025-07-19 07:00,0.298333,3,3,6,6,6,12,6,12,17,0,6,6,30.5,0.0,20.0,80.0,20.0,0.0,0.0,0.0,0.0
9000008577,2025-07-19 08:00,0.579167,10,5,15,16,13,28,17,16,33,2,11,13,29.0,0.0,31.58,57.89,10.53,0.0,0.0,0.0,0.0
9000008577,2025-07-19 09:00,0.506944,17,19,37,20,6,26,14,14,28,3,5,8,27.0,7.14,42.86,42.86,7.14,0.0,0.0,0.0,0.0
9000008577,2025-07-19 10:00,0.625833,16,14,30,26,29,55,64,48,112,5,11,16,24.5,14.29,38.57,45.71,1.43,0.0,0.0,0.0,0.0
9000008577,2025-07-19 11:00,0.555833,18,9,27,54,51,105,45,45,90,4,7,11,22.0,38.0,42.0,18.0,0.0,2.0,0.0,0.0,0.0
9000008577,2025-07-19 12:00,0.565,16,10,26,31,29,61,65,62,127,5,7,12,16.0,75.0,18.06,5.56,1.39,0.0,0.0,0.0,0.0
9000008577,2025-07-19 13:00,0.511111,25,4,29,60,51,111,25,23,48,12,10,22,19.0,56.0,36.0,8.0,0.0,0.0,0.0,0.0,0.0
9000008577,2025-07-19 14:00,0.486111,2,6,8,57,45,102,50,79,128,4,6,10,23.5,41.94,29.03,25.81,3.23,0.0,0.0,0.0,0.0
9000008577,2025-07-19 15:00,0.529722,11,17,28,63,42,105,58,82,140,10,2,12,26.5,9.46,44.59,41.89,2.7,1.35,0.0,0.0,0.0
9000008577,2025-07-19 16:00,0.583611,16,8,23,39,20,59,89,62,151,18,14,32,25.5,11.36,52.27,28.41,6.82,0.0,0.0,0.0,1.14
9000008577,2025-07-19 17:00,0.668333,22,24,46,36,29,64,92,65,156,12,11,23,25.5,18.27,40.38,31.73,8.65,0.0,0.0,0.0,0.96
9000008577,2025-07-19 18:00,0.734444,23,33,56,20,23,43,79,77,155,15,15,30,26.5,7.89,46.49,42.11,4.39,0.0,0.0,0.0,0.0
9000008577,2025-07-19 19:00,0.7625,25,22,47,19,16,35,83,80,163,13,8,21,23.5,15.32,56.45,25.0,3.23,0.0,0.0,0.0,0.0
9000008577,2025-07-19 20:00,0.383333,28,35,63,12,2,14,65,80,145,8,8,17,22.0,3.57,75.0,19.64,3.57,0.0,0.0,0.0,0.0
9000008577,2025-07-20 05:00,0.150556,0,0,0,0,0,0,7,7,13,0,0,0,19.0,0.0,100.0,0.0,0.0,0.0,0.0,0.0,0.0
9000008577,2025-07-20 06:00,0.529722,1,0,1,2,0,2,3,5,8,2,3,5,28.5,25.0,0.0,100.0,0.0,0.0,0.0,0.0,0.0
9000008577,2025-07-20 07:00,0.278889,0,0,0,0,0,0,10,3,13,0,3,3,28.5,0.0,25.0,75.0,0.0,0.0,0.0,0.0,0.0
9000008577,2025-07-20 08:00,0.571389,1,9,11,3,5,8,6,19,25,0,8,8,23.0,14.29,42.86,35.71,0.0,0.0,0.0,0.0,0.0
9000008577,2025-07-20 09:00,0.6775,4,10,15,6,9,15,24,21,44,0,1,1,27.0,10.0,30.0,56.67,3.33,0.0,0.0,0.0,0.0
9000008577,2025-07-20 10:00,0.596111,5,7,12,10,29,39,20,26,47,2,6,8,24.5,0.0,57.14,39.29,3.57,0.0,0.0,0.0,0.0
9000008577,2025-07-20 11:00,0.559167,2,2,4,26,37,63,29,20,49,2,6,7,21.5,44.44,37.04,14.81,3.7,0.0,0.0,0.0,0.0
9000008577,2025-07-20 12:00,0.528611,6,9,15,13,13,26,43,41,84,4,2,6,20.5,65.91,20.45,11.36,4.55,0.0,0.0,0.0,0.0
9000008577,2025-07-20 13:00,0.520556,9,33,42,64,35,99,12,21,33,6,6,12,20.5,52.94,29.41,17.65,0.0,0.0,0.0,0.0,0.0
9000008577,2025-07-20 14:00,0.525,12,12,25,32,23,55,44,36,79,6,2,9,24.0,50.0,21.43,28.57,2.38,0.0,0.0,0.0,0.0
9000008577,2025-07-20 15:00,0.475833,17,4,20,61,38,98,52,30,82,0,6,6,25.5,20.51,38.46,35.9,5.13,0.0,0.0,0.0,0.0
9000008577,2025-07-20 16:00,0.685,17,14,32,9,6,14,51,61,112,3,6,9,26.0,14.29,36.36,45.45,3.9,0.0,0.0,0.0,0.0
9000008577,2025-07-20 17:00,0.684722,15,20,35,6,7,14,89,55,144,4,0,4,26.5,6.06,40.4,48.48,3.03,2.02,0.0,0.0,0.0
9000008577,2025-07-20 18:00,0.747778,33,11,44,11,26,36,101,52,154,11,3,13,26.5,6.09,44.35,45.22,4.35,0.0,0.0,0.0,0.0
9000008577,2025-07-20 19:00,0.738333,26,11,37,15,15,30,79,70,149,11,10,21,23.5,12.73,52.73,33.64,1.82,0.0,0.0,0.0,0.0
9000008577,2025-07-20 20:00,0.271111,3,0,3,6,20,26,80,51,131,13,0,13,27.0,5.71,60.0,20.0,11.43,0.0,0.0,0.0,0.0
9000008577,2025-07-21 06:00,0.268889,0,4,4,0,0,0,30,37,67,4,11,15,29.5,0.0,38.89,50.0,11.11,0.0,0.0,0.0,0.0
9000008577,2025-07-21 07:00,0.571389,7,16,23,18,27,45,77,31,108,9,10,18,27.0,6.45,29.03,59.68,4.84,0.0,0.0,0.0,0.0
9000008577,2025-07-21 08:00,0.594444,14,27,41,11,1,13,136,69,206,15,14,29,27.5,7.38,36.89,48.36,7.38,0.0,0.0,0.0,0.0
9000008577,2025-07-21 09:00,0.754444,9,24,33,14,15,29,109,61,170,18,9,28,24.5,14.06,44.53,39.06,2.34,0.0,0.0,0.0,0.0
9000008577,2025-07-21 10:00,0.691389,21,14,36,24,10,34,104,69,174,10,7,17,26.0,18.33,44.17,30.83,5.0,0.83,0.0,0.0,0.83
9000008577,2025-07-21 11:00,0.700556,16,11,28,13,12,25,81,67,148,15,18,33,27.0,6.73,46.15,40.38,4.81,0.96,0.0,0.0,0.0
9000008577,2025-07-21 12:00,0.649722,14,16,30,22,17,39,105,104,209,15,25,41,24.5,14.71,38.97,41.91,2.21,1.47,0.0,0.0,0.0
9000008577,2025-07-21 13:00,0.712222,13,9,21,31,26,56,101,86,187,23,34,57,27.0,12.78,41.35,38.35,5.26,0.0,1.5,0.0,0.75
9000008577,2025-07-21 14:00,0.519167,9,11,20,31,23,54,111,116,227,29,30,59,27.5,19.49,34.75,38.14,5.08,0.0,1.69,0.0,0.85
9000008577,2025-07-21 15:00,0.494167,17,5,22,27,10,37,147,114,261,24,25,49,27.0,18.6,41.86,31.01,5.43,0.0,1.55,0.0,1.55
9000008577,2025-07-21 16:00,0.597222,28,24,53,13,10,23,119,99,218,18,21,39,26.5,11.54,40.0,46.15,2.31,0.0,0.0,0.0,0.0
9000008577,2025-07-21 17:00,0.462778,20,21,41,11,20,30,103,74,177,17,7,24,27.5,13.41,36.59,41.46,8.54,0.0,0.0,0.0,0.0
9000008577,2025-07-22 06:00,0.150278,6,0,6,0,0,0,0,13,13,7,7,14,28.5,0.0,50.0,50.0,0.0,0.0,0.0,0.0,0.0
9000008577,2025-07-22 07:00,0.358889,7,12,19,20,25,45,70,27,97,8,15,23,23.5,14.29,57.14,31.43,0.0,0.0,0.0,0.0,0.0
9000008577,2025-07-22 08:00,0.318333,13,25,38,41,46,87,79,44,123,15,0,15,28.0,10.26,35.9,51.28,2.56,0.0,0.0,0.0,0.0
9000008577,2025-07-22 09:00,0.409722,5,7,12,37,18,55,65,34,99,26,15,41,25.0,39.02,17.07,34.15,2.44,2.44,0.0,0.0,4.88
9000008577,2025-07-22 10:00,0.555,5,7,11,39,40,80,86,39,125,15,19,34,25.5,33.33,33.33,23.19,8.7,0.0,1.45,0.0,0.0
9000008577,2025-07-22 11:00,0.572222,3,5,9,59,52,111,92,64,156,9,9,18,24.5,42.7,32.58,21.35,4.49,0.0,0.0,0.0,0.0
9000008577,2025-07-22 12:00,0.528056,8,13,20,56,37,94,46,47,93,2,6,8,24.5,53.06,24.49,10.2,0.0,6.12,2.04,2.04,2.04
9000008577,2025-07-22 13:00,0.270278,20,0,20,43,62,105,75,84,159,20,17,37,24.5,25.58,30.23,39.53,0.0,4.65,4.65,0.0,0.0
9000008577,2025-07-22 14:00,0.469444,20,18,39,41,26,67,129,121,249,16,18,35,23.5,17.95,47.86,33.33,0.85,0.85,0.0,0.0,0.0
9000008577,2025-07-22 15:00,0.498056,17,14,31,32,50,82,109,143,252,7,18,25,26.5,17.46,41.27,34.13,7.14,0.79,0.0,0.0,0.0
9000008577,2025-07-22 16:00,0.576667,10,10,20,49,28,76,103,136,239,7,17,24,25.0,23.91,37.68,33.33,5.07,0.0,0.0,0.0,0.0
9000008577,2025-07-22 17:00,0.633889,12,21,33,19,15,34,97,92,188,13,25,38,26.0,16.81,45.38,33.61,1.68,1.68,0.84,0.0,0.0
9000008577,2025-07-22 18:00,0.52,14,21,35,30,19,48,93,57,150,15,8,22,26.5,19.23,37.18,39.74,3.85,0.0,0.0,0.0,0.0
9000008577,2025-07-22 19:00,0.228333,21,8,29,17,31,48,37,75,112,9,66,75,23.0,3.85,73.08,23.08,3.85,0.0,0.0,0.0,0.0
9000008577,2025-07-22 20:00,0.141111,16,21,37,42,0,42,64,26,90,5,16,21,23.5,0.0,61.54,38.46,0.0,0.0,0.0,0.0,0.0
9000008577,2025-07-23 06:00,0.174167,0,18,18,12,33,45,18,26,44,6,0,6,21.5,12.5,62.5,25.0,0.0,0.0,0.0,0.0,0.0
9000008577,2025-07-23 07:00,0.296389,3,16,19,28,17,44,66,31,96,4,3,8,29.0,17.24,17.24,51.72,6.9,3.45,0.0,0.0,0.0
9000008577,2025-07-23 08:00,0.331667,4,43,47,67,14,81,62,45,107,2,9,11,40.5,11.43,45.71,20.0,5.71,17.14,0.0,0.0,0.0
9000008577,2025-07-23 09:00,0.502222,9,18,27,26,34,60,95,38,133,10,13,24,26.0,8.96,50.75,34.33,5.97,0.0,0.0,0.0,0.0
9000008577,2025-07-23 10:00,0.545,16,10,26,13,9,22,99,78,176,13,13,26,26.0,10.42,45.83,43.75,2.08,0.0,0.0,0.0,0.0
9000008577,2025-07-23 11:00,0.415,22,10,32,30,25,55,98,112,210,23,26,49,24.0,9.2,56.32,31.03,4.6,0.0,0.0,0.0,0.0
9000008577,2025-07-23 12:00,0.6125,16,18,34,30,29,59,79,76,155,11,21,32,23.5,11.58,53.68,31.58,3.16,0.0,0.0,0.0,0.0
9000008577,2025-07-23 13:00,0.476944,17,15,32,20,25,45,97,110,207,4,20,24,29.5,8.08,30.3,49.49,9.09,3.03,0.0,0.0,1.01
9000008577,2025-07-23 14:00,0.536667,25,22,47,23,11,34,124,133,257,23,15,38,27.5,10.14,38.41,46.38,4.35,0.72,0.0,0.0,0.72
9000008577,2025-07-23 15:00,0.263611,32,37,69,3,24,27,123,99,222,21,29,50,24.5,10.34,46.55,37.93,3.45,0.0,1.72,0.0,0.0
9000008577,2025-07-23 16:00,0.285,18,11,29,21,20,41,100,101,201,9,54,62,24.0,10.53,52.63,33.33,1.75,1.75,0.0,0.0,0.0
9000008577,2025-07-23 17:00,0.411389,19,4,24,31,25,56,63,79,142,15,21,35,29.0,23.73,25.42,37.29,6.78,6.78,0.0,0.0,0.0
9000008577,2025-07-23 18:00,0.387778,29,31,60,19,7,26,81,73,153,11,20,31,25.0,20.34,30.51,44.07,5.08,0.0,1.69,0.0,0.0
9000008577,2025-07-23 19:00,0.313889,23,9,32,11,11,22,57,59,116,9,6,15,27.5,2.78,30.56,66.67,2.78,0.0,0.0,0.0,0.0
9000008577,2025-07-24 06:00,0.303056,7,13,19,0,2,2,10,29,39,2,18,21,28.0,0.0,41.67,58.33,0.0,0.0,0.0,0.0,0.0
9000008577,2025-07-24 07:00,0.561667,6,14,20,13,1,15,37,21,58,10,10,19,24.5,6.06,51.52,42.42,0.0,0.0,0.0,0.0,0.0
9000008577,2025-07-24 08:00,0.715833,18,21,39,10,7,17,107,45,152,15,8,24,27.5,16.51,31.19,45.87,6.42,0.0,0.0,0.0,0.0
9000008577,2025-07-24 09:00,0.638611,14,26,40,23,7,31,65,52,116,5,11,16,24.5,10.81,55.41,31.08,1.35,1.35,1.35,0.0,0.0
9000008577,2025-07-24 10:00,0.62,12,17,28,13,14,27,96,90,187,9,7,16,27.5,12.07,37.93,43.1,5.17,0.0,0.0,0.86,0.0
9000008577,2025-07-24 11:00,0.666389,14,3,17,24,18,42,70,76,146,24,12,36,28.5,19.59,29.9,40.21,8.25,2.06,0.0,0.0,0.0
9000008577,2025-07-24 12:00,0.649444,14,14,28,25,12,37,99,84,183,25,9,34,26.0,20.17,42.86,28.57,7.56,1.68,0.0,0.0,0.0
9000008577,2025-07-24 13:00,0.6925,26,32,58,25,11,36,114,75,189,30,10,40,24.0,17.56,49.62,27.48,5.34,0.0,0.0,0.0,0.0
9000008577,2025-07-24 14:00,0.725833,23,18,41,19,8,27,141,127,268,18,18,35,26.0,22.56,42.05,29.23,5.64,0.51,0.0,0.0,0.0
9000008577,2025-07-24 15:00,0.6725,13,28,41,19,23,42,130,185,315,15,16,31,26.0,17.45,38.21,39.15,4.25,0.47,0.47,0.0,0.0
9000008577,2025-07-24 16:00,0.711667,22,25,47,13,19,31,144,120,263,20,15,35,26.5,13.37,39.57,42.25,4.28,0.53,0.53,0.0,0.0
9000008577,2025-07-24 17:00,0.770556,34,18,52,26,8,34,118,91,209,9,12,21,25.0,16.15,39.13,39.75,3.11,0.62,0.0,0.0,1.24
9000008577,2025-07-24 18:00,0.778611,29,33,63,13,14,27,107,76,182,12,19,31,27.5,7.75,39.44,45.07,5.63,1.41,0.0,0.0,0.7
9000008577,2025-07-24 19:00,0.770833,31,34,65,18,22,41,73,65,138,12,18,30,24.5,12.26,42.45,41.51,3.77,0.0,0.0,0.0,0.0
9000008577,2025-07-24 20:00,0.303056,60,24,84,24,18,41,25,41,66,4,34,38,22.0,10.0,60.0,25.0,0.0,0.0,0.0,0.0,0.0
9000008577,2025-07-25 07:00,0.018611,0,0,0,0,0,0,107,54,161,0,0,0,33.0,0.0,33.33,33.33,33.33,0.0,0.0,0.0,0.0
9000008577,2025-07-25 08:00,0.470278,9,21,30,11,6,17,75,51,126,0,6,6,24.5,11.86,55.93,28.81,3.39,0.0,0.0,0.0,0.0
9000008577,2025-07-25 09:00,0.341111,13,7,20,8,10,18,101,53,153,14,6,20,24.5,13.46,46.15,38.46,3.85,0.0,0.0,0.0,0.0
9000008577,2025-07-25 10:00,0.562778,6,10,16,29,32,61,51,86,137,8,8,16,28.0,25.97,33.77,35.06,5.19,1.3,0.0,0.0,0.0
9000008577,2025-07-25 11:00,0.609167,8,6,15,22,28,50,71,75,146,9,10,18,25.0,28.09,28.09,39.33,3.37,1.12,0.0,0.0,0.0
9000008577,2025-07-25 12:00,0.616667,10,6,16,33,13,46,125,91,216,15,24,39,24.5,12.03,49.62,34.59,3.01,0.75,0.0,0.0,0.0
9000008577,2025-07-25 13:00,0.673889,16,26,42,19,18,37,141,85,227,25,16,41,23.0,24.84,49.02,22.22,4.58,0.0,0.0,0.0,0.0
9000008577,2025-07-25 14:00,0.662778,30,32,62,21,18,40,105,144,250,12,23,35,25.0,24.24,44.85,30.3,0.61,0.61,0.0,0.0,0.0
9000008577,2025-07-25 15:00,0.620833,21,18,39,18,21,39,108,182,290,16,21,37,25.0,25.56,33.33,37.22,3.89,0.0,0.0,0.0,0.0
9000008577,2025-07-25 16:00,0.565278,11,5,16,24,24,49,112,88,201,3,19,22,24.0,26.55,35.4,32.74,4.42,0.0,0.0,0.0,0.0
9000008577,2025-07-25 17:00,0.698333,17,8,26,22,10,32,85,68,153,8,10,19,24.0,36.45,31.78,26.17,4.67,0.0,0.0,0.0,0.93
9000008577,2025-07-25 18:00,0.712222,18,13,31,17,13,30,76,55,130,17,8,25,25.0,23.66,33.33,40.86,1.08,1.08,0.0,0.0,0.0
9000008577,2025-07-25 19:00,0.662222,12,31,44,17,18,36,60,94,154,10,30,40,24.5,17.65,48.04,31.37,2.94,0.0,0.0,0.0,0.0
9000008577,2025-07-25 20:00,0.278056,13,22,35,9,0,9,43,26,69,6,8,14,24.0,0.0,52.63,47.37,5.26,0.0,0.0,0.0,0.0
9000008577,2025-07-26 06:00,0.409444,3,3,6,0,0,0,9,5,14,3,5,8,36.0,16.67,0.0,50.0,16.67,0.0,0.0,0.0,0.0
9000008577,2025-07-26 07:00,0.576944,3,7,9,0,0,0,13,12,25,1,0,1,23.0,7.14,57.14,35.71,0.0,0.0,0.0,0.0,0.0
9000008577,2025-07-26 08:00,0.33,4,4,8,0,2,2,2,10,12,0,2,2,25.5,25.0,50.0,50.0,0.0,0.0,0.0,0.0,0.0
9000008577,2025-07-26 09:00,0.639444,11,6,17,3,8,10,28,23,51,4,4,8,26.5,9.38,43.75,40.62,6.25,3.12,0.0,0.0,0.0
9000008577,2025-07-26 10:00,0.721111,12,22,35,3,11,14,40,57,97,1,4,6,29.0,11.43,21.43,55.71,10.0,0.0,0.0,0.0,1.43
9000008577,2025-07-26 11:00,0.728889,10,14,24,9,11,21,58,49,108,0,3,3,28.0,12.66,35.44,43.04,8.86,0.0,0.0,1.27,0.0
9000008577,2025-07-26 12:00,0.723889,23,19,43,15,20,35,60,66,126,6,15,20,25.5,5.49,49.45,38.46,4.4,2.2,0.0,0.0,0.0
9000008577,2025-07-26 13:00,0.735833,14,23,37,16,15,31,83,61,144,17,18,35,27.0,13.21,33.02,45.28,6.6,1.89,0.0,0.0,0.0
9000008577,2025-07-26 14:00,0.743611,22,20,42,22,11,32,102,101,204,10,6,15,30.0,7.95,34.44,43.05,13.91,0.66,0.66,0.0,0.0
9000008577,2025-07-26 15:00,0.711111,24,17,40,7,27,34,75,75,150,10,10,20,26.0,8.41,49.53,37.38,4.67,0.0,0.0,0.0,0.0
9000008577,2025-07-26 16:00,0.644167,19,13,32,22,19,41,95,59,154,6,7,13,28.0,20.2,30.3,40.4,8.08,0.0,0.0,0.0,1.01
9000008577,2025-07-26 17:00,0.715556,11,13,24,10,11,21,88,54,142,7,10,17,28.0,6.86,39.22,45.1,7.84,0.98,0.0,0.0,0.0
9000008577,2025-07-26 18:00,0.766667,12,20,31,13,5,18,81,65,146,9,8,17,29.0,3.57,32.14,52.68,10.71,0.89,0.0,0.0,0.0
9000008577,2025-07-26 19:00,0.781944,17,19,36,6,5,11,68,69,137,1,5,6,26.5,6.54,35.51,53.27,3.74,0.93,0.0,0.0,0.0
9000008577,2025-07-26 20:00,0.497778,23,31,55,5,8,13,46,74,121,2,0,2,26.5,3.33,40.0,51.67,3.33,0.0,0.0,0.0,0.0
9000008577,2025-07-27 06:00,0.426667,1,3,4,0,1,1,3,7,10,0,0,0,30.0,0.0,25.0,75.0,25.0,0.0,0.0,0.0,0.0
9000008577,2025-07-27 07:00,0.297222,0,0,0,0,4,4,3,6,9,0,7,7,27.5,0.0,66.67,33.33,0.0,0.0,0.0,0.0,0.0
9000008577,2025-07-27 08:00,0.761944,7,5,12,3,1,4,5,8,13,0,0,0,31.5,10.0,50.0,20.0,20.0,0.0,0.0,0.0,0.0
9000008577,2025-07-27 09:00,0.783056,6,13,19,0,1,1,6,15,22,0,0,0,27.5,0.0,47.06,52.94,0.0,0.0,0.0,0.0,0.0
9000008577,2025-07-27 10:00,0.691111,3,4,7,9,12,20,16,20,36,2,3,4,26.0,20.0,36.0,36.0,8.0,0.0,0.0,0.0,0.0
9000008577,2025-07-27 11:00,0.651944,9,9,18,9,16,25,24,31,55,0,5,5,24.0,25.0,25.0,44.44,5.56,0.0,0.0,0.0,0.0
9000008577,2025-07-27 12:00,0.672778,11,12,23,7,4,12,33,23,57,4,4,9,26.0,26.32,21.05,47.37,7.89,0.0,0.0,0.0,0.0
9000008577,2025-07-27 13:00,0.614722,5,14,19,16,10,26,28,31,59,3,7,10,22.5,63.89,16.67,16.67,2.78,0.0,0.0,0.0,0.0
9000008577,2025-07-27 14:00,0.686389,20,22,42,10,16,26,38,51,90,3,4,7,28.0,24.59,31.15,34.43,8.2,0.0,0.0,0.0,0.0
9000008577,2025-07-27 15:00,0.598333,13,20,33,20,23,43,44,40,84,3,3,6,27.0,10.0,56.0,30.0,4.0,0.0,0.0,0.0,0.0
9000008577,2025-07-27 16:00,0.558889,17,17,34,35,17,51,42,42,84,4,4,8,26.0,10.64,44.68,36.17,6.38,2.13,0.0,0.0,0.0
9000008577,2025-07-27 17:00,0.693611,13,14,27,9,10,18,54,58,112,0,4,4,28.5,10.26,32.05,50.0,5.13,2.56,0.0,0.0,0.0
9000008577,2025-07-27 18:00,0.770833,12,17,29,13,13,26,53,41,95,0,7,7,25.0,23.29,32.88,39.73,4.11,0.0,0.0,0.0,0.0
9000008577,2025-07-27 19:00,0.536389,21,14,35,13,8,21,44,57,101,0,1,1,24.5,1.85,64.81,24.07,9.26,0.0,0.0,0.0,0.0
9000008577,2025-07-27 20:00,0.124722,0,22,22,0,32,32,51,37,88,0,15,15,23.5,18.18,63.64,18.18,0.0,0.0,0.0,0.0,0.0
9000008577,2025-07-28 06:00,0.365278,0,7,7,5,2,7,20,22,42,2,4,6,31.0,0.0,46.67,33.33,20.0,0.0,0.0,0.0,0.0
9000008577,2025-07-28 07:00,0.606944,8,10,19,3,1,4,59,34,94,8,3,11,28.0,3.51,24.56,66.67,5.26,0.0,0.0,0.0,0.0
9000008577,2025-07-28 08:00,0.400833,10,17,27,16,11,27,63,32,95,10,1,12,25.5,10.53,44.74,42.11,2.63,0.0,0.0,0.0,0.0
9000008577,2025-07-28 09:00,0.621944,10,10,21,13,13,27,61,57,119,3,13,16,25.5,4.05,43.24,41.89,8.11,1.35,0.0,0.0,0.0
9000008577,2025-07-28 10:00,0.675833,7,9,16,21,19,40,75,56,132,10,9,19,29.0,5.62,30.34,52.81,10.11,0.0,0.0,0.0,1.12
9000008577,2025-07-28 11:00,0.6525,3,15,18,17,21,38,58,53,111,8,12,20,27.5,26.03,30.14,36.99,6.85,0.0,0.0,0.0,0.0
9000008577,2025-07-28 12:00,0.641667,15,8,23,14,15,30,72,42,114,13,11,24,26.5,32.88,30.14,30.14,4.11,0.0,1.37,1.37,0.0
9000008577,2025-07-28 13:00,0.671111,15,19,34,28,20,48,62,51,113,3,12,15,28.0,26.32,23.68,42.11,6.58,0.0,0.0,1.32,0.0
9000008577,2025-07-28 14:00,0.618056,21,16,37,34,13,48,80,113,193,8,11,19,23.0,44.54,31.09,21.01,2.52,0.0,0.0,0.0,0.84
9000008577,2025-07-28 15:00,0.676944,22,10,32,17,9,26,83,85,169,9,13,22,28.0,13.16,37.72,40.35,8.77,0.0,0.0,0.0,0.0
9000008577,2025-07-28 16:00,0.57,11,9,19,42,30,72,82,81,164,5,7,12,29.5,20.43,23.66,44.09,10.75,1.08,1.08,0.0,0.0
9000008577,2025-07-28 17:00,0.681111,15,20,35,16,17,33,79,68,147,6,4,10,27.5,26.0,27.0,39.0,7.0,0.0,0.0,0.0,1.0
9000008577,2025-07-28 18:00,0.688333,20,16,36,20,17,38,65,54,119,4,10,15,24.0,21.95,42.68,32.93,1.22,0.0,0.0,0.0,1.22
9000008577,2025-07-28 19:00,0.706389,13,16,28,23,24,47,51,53,104,0,8,8,26.0,5.48,43.84,49.32,0.0,1.37,0.0,0.0,0.0
9000008577,2025-07-28 20:00,0.196111,23,4,27,30,11,41,42,53,95,7,8,15,28.0,5.26,31.58,57.89,5.26,0.0,0.0,0.0,0.0
9000008577,2025-07-29 05:00,0.065556,0,0,0,0,0,0,0,15,15,0,0,0,24.0,0.0,0.0,100.0,0.0,0.0,0.0,0.0,0.0
9000008577,2025-07-29 06:00,0.285833,0,0,0,8,0,8,20,3,23,0,6,6,32.5,0.0,14.29,57.14,28.57,0.0,0.0,0.0,0.0
9000008577,2025-07-29 07:00,0.433056,0,11,11,22,11,33,27,15,42,4,12,16,31.5,33.33,33.33,16.67,22.22,0.0,0.0,0.0,0.0
9000008577,2025-07-29 08:00,0.616667,1,9,10,19,11,30,34,32,65,13,8,21,32.0,30.0,20.0,32.5,12.5,2.5,0.0,2.5,0.0
9000008577,2025-07-29 09:00,0.496111,4,8,12,24,6,31,32,37,69,10,13,23,26.5,23.53,26.47,44.12,0.0,0.0,0.0,0.0,2.94
9000008577,2025-07-29 10:00,0.63,7,3,10,27,25,52,24,35,58,8,8,16,24.5,27.03,27.03,43.24,2.7,0.0,0.0,0.0,0.0
9000008577,2025-07-29 11:00,0.626111,6,8,14,28,29,56,59,59,118,11,6,17,23.5,40.54,35.14,21.62,4.05,0.0,0.0,0.0,0.0
9000008577,2025-07-29 12:00,0.617222,13,18,31,21,34,55,46,66,112,5,7,12,24.0,30.43,33.33,30.43,5.8,0.0,0.0,0.0,0.0
9000008577,2025-07-29 13:00,0.620278,11,18,29,31,19,50,52,83,134,0,10,10,25.0,36.14,33.73,28.92,1.2,0.0,0.0,0.0,0.0
9000008577,2025-07-29 14:00,0.561944,7,7,14,53,41,94,62,98,160,12,5,17,27.5,37.78,25.56,25.56,6.67,1.11,0.0,1.11,1.11
9000008577,2025-07-29 15:00,0.631667,17,8,25,25,14,40,83,106,189,7,8,15,27.0,16.67,39.17,37.5,6.67,0.0,0.0,0.0,0.83
9000008577,2025-07-29 16:00,0.676389,11,8,19,32,12,44,80,98,179,1,6,7,29.0,7.44,28.1,53.72,9.09,1.65,0.0,0.0,0.0
9000008577,2025-07-29 17:00,0.678889,22,12,34,20,13,33,60,88,148,3,10,13,27.5,14.0,33.0,46.0,7.0,0.0,0.0,0.0,0.0
9000008577,2025-07-29 18:00,0.722778,19,26,46,19,18,36,72,65,137,3,8,11,27.0,24.24,26.26,41.41,6.06,1.01,0.0,0.0,0.0
9000008577,2025-07-29 19:00,0.6075,23,22,45,29,19,47,50,69,119,0,10,10,27.0,4.17,47.22,43.06,5.56,0.0,0.0,0.0,0.0
9000008577,2025-07-29 20:00,0.208611,18,10,28,41,22,63,119,36,155,0,0,0,24.0,3.12,50.0,40.62,6.25,0.0,0.0,0.0,0.0
9000008577,2025-07-30 06:00,0.428056,3,8,11,8,6,14,5,22,27,0,2,2,24.5,0.0,50.0,50.0,0.0,0.0,0.0,0.0,0.0
9000008577,2025-07-30 07:00,0.344167,6,6,11,18,12,30,53,32,85,0,4,4,29.0,3.45,24.14,58.62,10.34,0.0,0.0,0.0,0.0
9000008577,2025-07-30 08:00,0.334167,3,20,23,27,3,30,48,42,91,0,4,4,28.0,10.0,43.33,40.0,6.67,0.0,0.0,0.0,0.0
9000008577,2025-07-30 09:00,0.427222,6,18,24,48,25,73,22,51,73,6,2,7,25.0,25.81,51.61,22.58,0.0,0.0,0.0,0.0,0.0
9000008577,2025-07-30 10:00,0.570833,4,3,7,50,21,71,21,49,69,2,7,8,24.5,32.5,37.5,22.5,2.5,0.0,0.0,2.5,2.5
9000008577,2025-07-30 11:00,0.565,9,9,18,48,64,112,50,20,69,2,4,5,23.5,46.15,28.21,23.08,2.56,0.0,0.0,0.0,0.0
9000008577,2025-07-30 12:00,0.534722,13,11,24,47,39,86,37,37,74,4,8,12,21.0,56.41,25.64,17.95,0.0,0.0,0.0,0.0,0.0
9000008577,2025-07-30 13:00,0.553889,23,7,31,65,31,96,32,47,79,5,9,14,27.5,29.55,25.0,36.36,2.27,4.55,0.0,0.0,2.27
9000008577,2025-07-30 14:00,0.586111,20,8,28,44,41,85,64,87,151,12,7,19,27.5,30.34,30.34,31.46,6.74,1.12,0.0,0.0,0.0
9000008577,2025-07-30 15:00,0.473889,8,22,30,63,51,114,53,75,128,2,5,7,26.5,24.59,31.15,36.07,6.56,0.0,0.0,0.0,0.0
9000008577,2025-07-30 16:00,0.521667,11,8,20,56,34,91,63,88,151,0,7,7,26.0,31.65,32.91,34.18,1.27,0.0,0.0,0.0,0.0
9000008577,2025-07-30 17:00,0.671667,19,5,24,21,18,39,78,74,152,5,6,10,28.0,22.55,29.41,37.25,5.88,3.92,0.0,0.0,0.0
9000008577,2025-07-30 18:00,0.707222,18,24,42,17,13,29,66,68,134,0,8,8,26.0,9.47,43.16,43.16,3.16,0.0,1.05,0.0,0.0
9000008577,2025-07-30 19:00,0.696389,16,17,33,17,13,30,46,47,93,1,7,9,23.0,18.46,50.77,27.69,3.08,0.0,0.0,0.0,0.0
9000008577,2025-07-30 20:00,0.091111,11,11,22,33,0,33,33,44,77,11,11,22,23.5,14.29,28.57,57.14,0.0,0.0,0.0,0.0,0.0
9000008577,2025-07-31 06:00,0.417778,6,11,16,5,12,17,8,22,30,0,7,7,30.5,7.69,15.38,61.54,15.38,0.0,0.0,0.0,0.0
9000008577,2025-07-31 07:00,0.496389,1,14,16,4,4,8,34,32,66,4,3,7,27.5,27.27,12.12,57.58,3.03,0.0,0.0,0.0,0.0
9000008577,2025-07-31 08:00,0.567778,3,9,12,17,10,27,75,35,110,2,7,9,27.5,9.52,38.1,44.44,7.94,0.0,0.0,0.0,0.0
9000008577,2025-07-31 09:00,0.665278,7,18,25,34,23,57,51,38,89,9,6,15,24.0,15.25,40.68,44.07,0.0,0.0,0.0,0.0,0.0
9000008577,2025-07-31 10:00,0.633056,8,2,10,30,22,52,49,40,89,6,8,14,25.5,16.07,46.43,32.14,5.36,0.0,0.0,0.0,0.0
9000008577,2025-07-31 11:00,0.654444,6,8,14,17,31,47,43,63,106,8,6,14,23.0,28.57,41.43,27.14,1.43,0.0,0.0,0.0,0.0
9000008577,2025-07-31 12:00,0.662778,14,14,27,18,15,33,68,101,169,11,18,29,28.0,25.89,33.93,30.36,5.36,2.68,0.89,0.89,0.0
9000008577,2025-07-31 13:00,0.570556,24,12,36,15,17,33,80,95,174,10,28,38,24.0,13.13,46.46,38.38,2.02,0.0,0.0,0.0,0.0
9000008577,2025-07-31 14:00,0.658333,18,12,30,37,26,63,68,102,170,9,18,28,29.0,30.36,24.11,34.82,8.93,0.89,0.89,0.89,0.0
9000008577,2025-07-31 15:00,0.586944,3,9,13,44,32,77,76,64,140,7,11,18,23.5,31.71,43.9,18.29,2.44,3.66,0.0,0.0,0.0
9000008577,2025-07-31 16:00,0.623056,11,2,13,39,38,76,76,86,162,8,14,22,27.5,22.77,36.63,33.66,3.96,0.99,0.0,0.0,0.99
9000008577,2025-07-31 17:00,0.660556,19,22,42,24,12,36,92,87,179,6,8,14,27.0,22.88,33.9,33.05,7.63,1.69,0.85,0.0,0.0
9000008577,2025-07-31 18:00,0.68,25,18,42,24,16,40,63,81,144,1,3,4,28.5,17.35,32.65,39.8,9.18,0.0,0.0,0.0,1.02
9000008577,2025-07-31 19:00,0.572222,15,18,33,16,6,22,60,55,115,2,5,6,29.0,6.06,24.24,59.09,9.09,1.52,0.0,0.0,0.0
9000008577,2025-08-01 06:00,0.219444,9,3,13,7,4,11,15,19,34,4,9,13,24.5,28.57,42.86,28.57,0.0,14.29,0.0,0.0,0.0
9000008577,2025-08-01 07:00,0.403056,0,2,2,13,11,24,24,13,36,2,2,3,32.0,0.0,33.33,46.67,26.67,0.0,0.0,0.0,0.0
9000008577,2025-08-01 08:00,0.725278,14,17,31,10,10,19,40,44,84,7,13,20,27.0,16.39,31.15,44.26,8.2,0.0,0.0,0.0,0.0
9000008577,2025-08-01 09:00,0.608333,12,10,21,30,26,56,54,22,76,4,14,18,27.5,21.74,32.61,41.3,4.35,0.0,0.0,0.0,0.0
9000008577,2025-08-01 10:00,0.682778,7,7,15,13,15,28,51,54,106,12,4,16,27.0,13.89,45.83,34.72,4.17,1.39,0.0,0.0,0.0
9000008577,2025-08-01 11:00,0.687222,6,13,19,20,17,38,80,54,134,4,13,17,26.0,28.26,36.96,34.78,0.0,0.0,0.0,0.0,0.0
9000008577,2025-08-01 12:00,0.653333,17,15,32,32,15,47,55,51,107,9,25,34,23.5,48.57,25.71,18.57,1.43,1.43,1.43,0.0,1.43
9000008577,2025-08-01 13:00,0.554722,11,17,27,23,39,62,53,75,128,12,9,21,24.5,26.76,40.85,26.76,5.63,0.0,0.0,0.0,1.41
9000008577,2025-08-01 14:00,0.546389,23,25,48,44,25,69,123,119,242,3,23,26,25.0,16.67,40.15,38.64,3.03,0.0,0.0,0.0,0.76
9000008577,2025-08-01 15:00,0.625,8,19,28,35,28,63,69,75,144,3,11,14,25.5,28.89,36.67,27.78,6.67,0.0,0.0,0.0,0.0
9000008577,2025-08-01 16:00,0.688333,9,16,25,25,12,36,74,81,155,12,12,24,28.0,13.08,35.51,42.06,8.41,0.0,0.93,0.0,0.0
9000008577,2025-08-01 17:00,0.716667,18,19,38,67,24,91,33,56,89,4,7,11,32.5,37.5,15.62,28.12,10.94,3.12,1.56,1.56,1.56
9000008577,2025-08-01 18:00,0.685278,16,27,44,67,35,102,41,66,107,0,2,2,30.0,27.03,28.38,28.38,8.11,2.7,1.35,1.35,1.35
9000008577,2025-08-01 19:00,0.691667,17,32,49,45,37,82,14,58,72,0,1,1,30.0,16.0,44.0,26.0,14.0,0.0,0.0,0.0,0.0
9000008577,2025-08-01 20:00,0.2275,9,18,26,41,12,53,23,44,67,6,0,6,34.5,0.0,26.67,26.67,46.67,6.67,0.0,6.67,0.0
9000008577,2025-08-02 06:00,0.076667,22,0,22,0,0,0,22,0,22,0,0,0,38.5,50.0,0.0,0.0,50.0,0.0,0.0,0.0,0.0
9000008577,2025-08-02 07:00,0.494444,3,4,7,8,4,11,6,12,18,5,8,12,28.0,22.22,22.22,66.67,0.0,0.0,0.0,0.0,0.0
9000008577,2025-08-02 08:00,0.516944,3,7,9,9,7,16,62,16,78,0,4,4,83.5,12.5,22.5,17.5,0.0,12.5,5.0,2.5,20.0
9000008577,2025-08-02 09:00,0.541667,3,15,18,5,9,14,16,23,39,4,4,8,27.0,23.81,14.29,57.14,4.76,0.0,0.0,0.0,0.0
9000008577,2025-08-02 10:00,0.587222,2,7,8,7,16,22,39,33,72,2,3,5,26.5,33.33,26.19,33.33,7.14,0.0,0.0,0.0,0.0
9000008577,2025-08-02 11:00,0.61,8,16,25,11,16,28,44,51,95,10,0,10,31.5,37.93,22.41,20.69,15.52,0.0,0.0,0.0,3.45
9000008577,2025-08-02 12:00,0.636111,12,9,22,19,28,48,52,25,77,3,14,17,26.0,30.61,38.78,22.45,6.12,2.04,0.0,0.0,0.0
9000008577,2025-08-02 13:00,0.652222,16,12,28,22,22,44,29,28,57,7,21,29,24.0,35.14,40.54,18.92,5.41,2.7,0.0,0.0,0.0
9000008577,2025-08-02 14:00,0.660556,14,12,26,22,27,48,55,59,114,3,13,16,25.0,14.67,40.0,38.67,6.67,0.0,1.33,0.0,0.0
9000008577,2025-08-02 15:00,0.496667,2,12,14,43,46,89,63,37,100,0,4,4,24.5,24.0,44.0,26.0,4.0,0.0,0.0,2.0,0.0
9000008577,2025-08-02 16:00,0.567222,10,18,28,35,22,57,62,43,105,4,11,15,27.5,22.03,38.98,27.12,8.47,3.39,0.0,0.0,0.0
9000008577,2025-08-02 17:00,0.680833,12,21,32,6,7,13,69,40,109,7,12,19,28.0,4.05,28.38,58.11,6.76,1.35,0.0,1.35,0.0
9000008577,2025-08-02 18:00,0.714444,11,15,27,7,21,28,63,55,118,1,3,4,26.5,20.24,33.33,40.48,5.95,0.0,0.0,0.0,0.0
9000008577,2025-08-02 19:00,0.517222,25,13,38,8,12,20,103,39,142,1,9,10,27.5,28.77,39.73,19.18,1.37,1.37,1.37,2.74,4.11
9000008577,2025-08-02 20:00,0.153889,21,8,29,33,0,33,60,41,101,0,0,0,21.5,12.5,68.75,25.0,0.0,0.0,0.0,0.0,0.0
9000008577,2025-08-03 06:00,0.215,0,3,3,0,3,3,3,0,3,0,6,6,14.0,0.0,100.0,0.0,0.0,0.0,0.0,0.0,0.0
9000008577,2025-08-03 07:00,0.333611,3,0,3,3,0,3,10,8,18,0,0,0,23.0,0.0,50.0,33.33,0.0,0.0,0.0,0.0,0.0
9000008577,2025-08-03 08:00,0.371389,8,5,12,2,0,2,9,19,28,2,2,3,29.0,18.18,18.18,54.55,9.09,0.0,0.0,0.0,0.0
9000008577,2025-08-03 09:00,0.278889,7,15,22,0,4,4,27,15,43,0,0,0,28.0,8.33,25.0,66.67,0.0,0.0,0.0,0.0,0.0
9000008577,2025-08-03 10:00,0.388611,17,8,25,2,6,8,17,16,33,0,9,9,23.5,23.08,23.08,53.85,0.0,0.0,0.0,0.0,0.0
9000008577,2025-08-03 11:00,0.546389,6,6,12,5,5,10,25,28,53,0,6,6,28.0,20.69,24.14,51.72,3.45,0.0,0.0,0.0,0.0
9000008577,2025-08-03 12:00,0.663889,15,17,32,9,14,23,27,27,54,10,3,14,27.0,33.33,27.78,33.33,2.78,2.78,0.0,0.0,0.0
9000008577,2025-08-03 13:00,0.6625,13,18,31,14,7,21,41,44,85,2,2,3,28.0,12.5,32.14,48.21,3.57,1.79,1.79,0.0,0.0
9000008577,2025-08-03 14:00,0.675,27,9,36,18,6,23,36,49,85,3,0,3,27.5,21.05,31.58,38.6,7.02,1.75,0.0,0.0,0.0
9000008577,2025-08-03 15:00,0.711389,22,17,39,7,17,24,49,29,78,0,3,3,27.0,12.5,41.07,42.86,3.57,0.0,0.0,0.0,0.0
9000008577,2025-08-03 16:00,0.703333,18,11,29,16,13,29,70,38,109,0,4,4,27.0,28.57,27.27,35.06,6.49,2.6,0.0,0.0,0.0
9000008577,2025-08-03 17:00,0.499722,16,14,30,17,23,40,58,29,87,4,7,11,26.0,18.6,39.53,37.21,2.33,2.33,0.0,0.0,0.0
9000008577,2025-08-03 18:00,0.422222,12,14,26,12,2,14,31,47,78,2,5,7,26.5,15.15,27.27,57.58,0.0,0.0,0.0,0.0,0.0
9000008577,2025-08-03 19:00,0.356944,9,3,12,7,5,12,33,70,103,0,2,2,23.5,13.51,62.16,27.03,0.0,0.0,0.0,0.0,0.0
9000008577,2025-08-03 20:00,0.098611,10,20,30,10,0,10,30,0,30,0,0,0,24.0,33.33,0.0,66.67,0.0,0.0,0.0,0.0,0.0
9000008577,2025-08-04 06:00,0.090278,0,11,11,0,0,0,11,11,22,0,0,0,23.5,0.0,50.0,50.0,0.0,0.0,0.0,0.0,0.0
9000008577,2025-08-04 07:00,0.268056,0,9,9,3,10,13,27,30,57,0,10,10,29.0,26.67,33.33,33.33,6.67,6.67,0.0,0.0,0.0
9000008577,2025-08-04 08:00,0.607778,11,14,25,27,21,48,55,34,89,5,11,15,25.5,24.07,33.33,37.04,7.41,0.0,0.0,0.0,0.0
9000008577,2025-08-04 09:00,0.584167,7,6,13,12,9,21,59,47,106,0,19,19,24.0,16.13,51.61,25.81,1.61,1.61,1.61,0.0,0.0
9000008577,2025-08-04 10:00,0.593333,6,9,15,19,19,38,57,53,110,4,5,9,26.5,27.69,30.77,36.92,3.08,1.54,0.0,0.0,0.0
9000008577,2025-08-04 11:00,0.641944,11,18,29,17,29,46,40,39,78,8,17,25,24.5,32.0,42.0,20.0,8.0,0.0,0.0,0.0,0.0
9000008577,2025-08-04 12:00,0.594444,19,14,32,23,7,30,56,82,138,10,10,20,24.5,24.39,42.68,26.83,6.1,0.0,0.0,0.0,1.22
9000008577,2025-08-04 13:00,0.550278,6,5,11,44,26,70,43,46,88,3,17,21,21.0,69.39,12.24,12.24,4.08,0.0,0.0,0.0,0.0
9000008577,2025-08-04 14:00,0.693333,17,17,35,14,12,26,89,85,174,7,17,24,30.5,9.09,33.88,41.32,9.09,1.65,2.48,0.0,2.48
9000008577,2025-08-04 15:00,0.515,19,13,33,42,55,97,45,58,103,4,2,6,27.0,20.75,35.85,37.74,5.66,1.89,0.0,0.0,0.0
9000008577,2025-08-04 16:00,0.488056,7,4,11,44,25,69,55,54,108,2,14,16,24.0,28.3,43.4,22.64,1.89,1.89,1.89,0.0,0.0
9000008577,2025-08-04 17:00,0.666667,23,15,38,18,7,25,57,63,119,7,17,24,23.0,28.75,41.25,26.25,3.75,0.0,0.0,0.0,0.0
9000008577,2025-08-04 18:00,0.693333,24,9,33,40,9,48,71,37,108,3,16,19,26.5,30.67,34.67,34.67,1.33,0.0,0.0,0.0,0.0
9000008577,2025-08-04 19:00,0.592778,20,31,51,11,22,33,27,46,73,4,8,12,26.5,4.65,53.49,41.86,2.33,0.0,0.0,0.0,0.0
9000008577,2025-08-04 20:00,0.086389,12,0,12,12,23,35,46,58,104,0,0,0,24.0,0.0,66.67,33.33,0.0,0.0,0.0,0.0,0.0
9000008577,2025-08-05 07:00,0.158889,0,13,13,13,12,25,19,6,25,0,6,6,29.0,0.0,25.0,75.0,0.0,0.0,0.0,0.0,0.0
9000008577,2025-08-05 08:00,0.512222,7,21,28,17,14,31,72,40,112,6,9,15,29.5,12.28,36.84,36.84,14.04,1.75,0.0,0.0,0.0
9000008577,2025-08-05 09:00,0.563056,27,26,54,10,0,10,57,34,90,8,6,14,25.0,35.29,37.25,25.49,3.92,0.0,0.0,0.0,0.0
9000008577,2025-08-05 10:00,0.502778,23,25,48,28,12,40,41,33,74,0,9,9,22.0,16.22,59.46,24.32,0.0,0.0,0.0,0.0,0.0
9000008577,2025-08-05 11:00,0.5425,8,10,17,29,28,57,54,44,98,8,15,23,27.0,15.09,26.42,50.94,3.77,3.77,0.0,0.0,0.0
9000008577,2025-08-05 12:00,0.7375,11,22,32,8,15,23,80,53,133,12,11,23,27.0,12.24,37.76,41.84,8.16,0.0,0.0,0.0,0.0
9000008577,2025-08-05 13:00,0.663889,26,10,36,17,15,32,49,65,113,21,15,36,28.0,13.33,30.67,45.33,9.33,1.33,0.0,0.0,0.0
9000008577,2025-08-05 14:00,0.671389,18,11,29,7,8,15,71,49,120,21,13,34,28.5,6.17,37.04,48.15,7.41,1.23,0.0,0.0,1.23
9000008577,2025-08-05 15:00,0.710278,22,17,39,7,8,15,87,75,162,20,13,32,27.5,13.91,34.78,43.48,5.22,1.74,0.87,0.0,0.0
9000008577,2025-08-05 16:00,0.565,6,12,18,32,30,62,75,81,156,8,13,22,29.0,18.18,29.55,40.91,10.23,0.0,0.0,0.0,0.0
9000008577,2025-08-05 17:00,0.703889,13,13,26,10,18,28,74,72,146,10,18,28,27.5,13.59,39.81,37.86,5.83,1.94,0.0,0.0,0.97
9000008577,2025-08-05 18:00,0.697778,0,3,3,3,9,12,62,59,121,10,3,13,28.0,11.9,35.71,46.43,4.76,1.19,0.0,0.0,0.0
9000008577,2025-08-05 19:00,0.710278,3,4,7,11,8,19,52,44,95,0,23,23,26.0,10.29,35.29,52.94,1.47,0.0,0.0,0.0,0.0
9000008577,2025-08-05 20:00,0.345,2,0,2,0,2,2,29,44,73,9,7,15,30.0,4.0,40.0,44.0,12.0,0.0,0.0,4.0,0.0
9000008577,2025-08-06 06:00,0.384722,2,3,5,10,0,10,7,4,11,4,4,8,32.0,0.0,25.0,50.0,25.0,0.0,0.0,0.0,0.0
9000008577,2025-08-06 07:00,0.464722,5,0,5,2,4,6,36,15,51,12,9,21,25.0,8.33,25.0,58.33,12.5,0.0,0.0,0.0,0.0
9000008577,2025-08-06 08:00,0.713611,6,20,25,9,15,24,38,13,51,22,31,53,27.5,8.33,33.33,50.0,5.56,2.78,0.0,0.0,0.0
9000008577,2025-08-06 09:00,0.654722,5,20,24,16,5,20,20,21,41,27,14,41,27.5,18.52,22.22,51.85,7.41,0.0,0.0,0.0,0.0
9000008577,2025-08-06 10:00,0.591111,5,2,7,42,24,66,26,20,46,16,14,30,30.5,22.22,25.93,37.04,11.11,3.7,0.0,0.0,0.0
9000008577,2025-08-06 11:00,0.589722,7,5,12,25,24,49,53,32,85,14,12,26,26.5,48.0,20.0,24.0,8.0,2.0,0.0,0.0,0.0
9000008577,2025-08-06 12:00,0.609444,5,8,13,21,10,31,23,38,61,15,24,39,24.5,48.65,27.03,21.62,2.7,0.0,0.0,0.0,0.0
9000008577,2025-08-06 13:00,0.644722,16,12,28,9,23,33,34,42,76,16,20,36,27.0,22.45,32.65,36.73,8.16,0.0,0.0,0.0,0.0
9000008577,2025-08-06 14:00,0.598056,19,8,27,20,10,30,40,70,110,13,7,20,28.5,25.76,27.27,34.85,9.09,3.03,0.0,0.0,0.0
9000008577,2025-08-06 15:00,0.6325,31,10,40,34,31,65,74,57,131,14,16,30,26.5,18.07,32.53,46.99,3.61,0.0,0.0,0.0,0.0
9000008577,2025-08-06 16:00,0.553333,13,7,19,52,24,76,75,73,147,4,16,20,25.5,11.11,41.98,38.27,8.64,0.0,0.0,0.0,0.0
9000008577,2025-08-06 17:00,0.706667,33,20,53,16,24,40,91,65,156,6,11,17,26.0,7.27,35.45,52.73,3.64,0.91,0.0,0.0,0.0
9000008577,2025-08-06 18:00,0.741667,26,35,61,15,19,34,82,76,158,1,7,8,28.0,12.82,31.62,47.86,6.84,0.85,0.0,0.0,0.0
9000008577,2025-08-06 19:00,0.6075,28,32,60,21,23,44,43,39,82,3,4,7,24.5,10.0,56.0,32.0,0.0,0.0,0.0,2.0,0.0
9000008577,2025-08-06 20:00,0.188889,16,16,32,5,32,37,69,58,127,0,5,5,28.0,4.17,41.67,45.83,8.33,0.0,0.0,0.0,0.0
9000008577,2025-08-07 06:00,0.399167,5,3,8,0,3,3,14,6,20,5,7,11,23.5,12.5,62.5,37.5,0.0,0.0,0.0,0.0,0.0
9000008577,2025-08-07 07:00,0.640556,5,16,21,0,7,7,17,20,37,8,11,18,30.0,8.7,26.09,52.17,17.39,0.0,0.0,0.0,0.0
9000008577,2025-08-07 08:00,0.744167,7,14,20,6,8,14,41,22,63,7,18,24,28.5,10.64,27.66,53.19,6.38,2.13,0.0,0.0,0.0
9000008577,2025-08-07 09:00,0.72,8,8,17,26,21,47,49,24,72,17,8,25,24.5,9.62,55.77,28.85,3.85,1.92,0.0,0.0,0.0
9000008577,2025-08-07 10:00,0.679722,4,10,15,10,12,22,33,30,62,18,27,44,28.5,0.0,26.19,66.67,7.14,0.0,0.0,0.0,0.0
9000008577,2025-08-07 11:00,0.690833,4,7,11,4,10,14,68,43,112,12,7,19,25.5,9.09,50.65,33.77,6.49,0.0,0.0,0.0,0.0
9000008577,2025-08-07 12:00,0.645,18,16,34,13,14,28,46,45,91,19,9,28,23.5,37.29,25.42,35.59,1.69,0.0,0.0,0.0,0.0
9000008577,2025-08-07 13:00,0.595556,14,17,30,25,34,59,39,67,106,5,8,13,23.0,38.1,38.1,23.81,0.0,0.0,0.0,0.0,0.0
9000008577,2025-08-07 14:00,0.521111,11,23,35,58,48,106,65,54,119,11,2,13,29.0,25.81,33.87,27.42,9.68,3.23,0.0,0.0,0.0
9000008577,2025-08-07 15:00,0.4925,12,6,18,49,41,90,75,36,111,6,4,9,26.0,23.64,34.55,36.36,7.27,0.0,0.0,0.0,0.0
9000008577,2025-08-07 16:00,0.576944,10,16,26,17,23,40,82,49,131,6,9,15,27.0,14.67,41.33,33.33,9.33,1.33,0.0,0.0,0.0
9000008577,2025-08-07 17:00,0.7325,10,10,19,12,22,34,68,98,167,6,10,15,29.5,4.92,34.43,47.54,11.48,1.64,0.0,0.0,0.0
9000008577,2025-08-07 18:00,0.749444,13,13,27,13,29,43,72,77,150,7,5,12,28.5,9.82,33.04,46.43,9.82,0.89,0.0,0.0,0.0
9000008577,2025-08-07 19:00,0.5725,20,15,35,16,15,31,42,45,86,6,1,8,27.0,0.0,44.0,48.0,8.0,0.0,0.0,0.0,0.0
9000008577,2025-08-07 20:00,0.1075,28,37,65,9,0,9,56,65,121,0,0,0,27.0,0.0,69.23,30.77,0.0,0.0,0.0,0.0,0.0
9000008577,2025-08-08 06:00,0.275278,0,15,15,0,0,0,19,28,47,0,8,8,33.5,0.0,53.85,15.38,23.08,7.69,0.0,0.0,0.0
9000008577,2025-08-08 07:00,0.559167,3,9,12,4,8,12,13,24,37,7,20,28,29.5,9.52,23.81,57.14,14.29,0.0,0.0,0.0,0.0
9000008577,2025-08-08 08:00,0.7675,4,17,21,5,13,18,35,26,61,7,6,13,32.0,4.26,25.53,48.94,21.28,0.0,0.0,0.0,0.0
9000008577,2025-08-08 09:00,0.678611,15,6,21,9,4,14,56,30,85,10,18,28,29.0,13.79,43.1,31.03,12.07,0.0,0.0,0.0,0.0
9000008577,2025-08-08 10:00,0.658333,5,11,15,8,9,17,58,40,98,10,8,18,27.0,21.88,37.5,37.5,3.12,0.0,0.0,0.0,0.0
9000008577,2025-08-08 11:00,0.6875,6,6,12,12,9,20,49,48,97,14,3,17,27.5,8.96,44.78,37.31,5.97,2.99,0.0,0.0,0.0
9000008577,2025-08-08 12:00,0.641944,14,22,36,28,31,59,67,28,95,14,9,24,26.0,9.84,45.9,34.43,8.2,1.64,0.0,0.0,0.0
9000008577,2025-08-08 13:00,0.6425,17,6,22,19,22,41,72,77,149,11,14,25,25.5,31.25,36.46,29.17,4.17,0.0,0.0,0.0,0.0
9000008577,2025-08-08 14:00,0.636944,19,16,35,11,11,22,75,124,199,8,14,22,28.0,14.17,34.65,43.31,6.3,0.79,0.79,0.0,0.0
9000008577,2025-08-08 15:00,0.581667,20,17,37,27,31,59,80,48,128,5,9,15,25.0,22.67,42.67,32.0,2.67,0.0,0.0,0.0,0.0
9000008577,2025-08-08 16:00,0.676667,20,7,27,22,22,44,85,71,156,7,9,16,25.5,18.87,38.68,34.91,6.6,0.0,0.94,0.0,0.0
9000008577,2025-08-08 17:00,0.724167,11,23,35,7,18,25,79,47,126,3,8,11,29.0,12.09,30.77,45.05,10.99,1.1,0.0,0.0,0.0
9000008577,2025-08-08 18:00,0.743056,27,17,44,11,9,20,81,54,134,8,4,12,28.5,10.0,32.0,47.0,9.0,1.0,1.0,0.0,0.0
9000008577,2025-08-08 19:00,0.758056,8,20,28,8,12,20,55,59,115,0,4,4,25.0,12.64,48.28,34.48,2.3,1.15,0.0,0.0,1.15
9000008577,2025-08-08 20:00,0.085556,12,23,35,0,12,12,70,47,117,0,0,0,27.5,30.0,20.0,50.0,0.0,0.0,0.0,0.0,0.0
9000008577,2025-08-09 06:00,0.291944,0,0,0,4,4,8,0,9,9,2,15,17,33.5,0.0,0.0,66.67,66.67,0.0,0.0,0.0,0.0
9000008577,2025-08-09 07:00,0.269444,6,0,6,0,0,0,0,27,27,0,3,3,24.5,0.0,28.57,71.43,0.0,0.0,0.0,0.0,0.0
9000008577,2025-08-09 08:00,0.556944,3,4,7,8,2,10,17,12,29,3,12,15,27.5,0.0,50.0,50.0,0.0,0.0,0.0,0.0,0.0
9000008577,2025-08-09 09:00,0.622222,4,12,16,19,9,28,23,15,39,3,11,14,29.0,0.0,33.33,58.33,8.33,4.17,0.0,0.0,0.0
9000008577,2025-08-09 10:00,0.680833,3,4,7,6,16,22,33,34,66,0,9,9,29.0,13.33,40.0,33.33,8.89,4.44,0.0,0.0,0.0
9000008577,2025-08-09 11:00,0.677778,0,1,1,20,37,58,38,23,62,0,10,10,29.5,14.29,28.57,42.86,11.9,2.38,0.0,0.0,0.0
9000008577,2025-08-09 12:00,0.6225,2,2,3,5,10,14,59,56,115,3,2,5,23.5,38.89,33.33,22.22,4.17,0.0,0.0,0.0,1.39
9000008577,2025-08-09 13:00,0.576667,0,2,2,14,11,26,56,56,112,2,2,3,23.0,59.38,17.19,18.75,3.12,1.56,0.0,0.0,0.0
9000008577,2025-08-09 14:00,0.529722,4,2,5,52,31,82,38,34,71,0,8,8,27.5,18.42,28.95,44.74,7.89,0.0,0.0,0.0,0.0
9000008577,2025-08-09 15:00,0.509167,0,0,0,36,21,57,48,38,86,4,0,4,27.5,20.45,38.64,40.91,2.27,0.0,0.0,0.0,0.0
9000008577,2025-08-09 16:00,0.578611,2,0,2,15,9,23,58,56,115,9,10,19,28.5,7.58,48.48,33.33,9.09,0.0,0.0,0.0,0.0
9000008577,2025-08-09 17:00,0.750278,0,0,0,1,5,7,52,65,117,8,5,13,29.5,2.27,31.82,52.27,11.36,1.14,0.0,0.0,1.14
9000008577,2025-08-09 18:00,0.77,0,3,3,9,6,16,47,47,94,1,0,1,29.0,4.17,26.39,58.33,9.72,1.39,0.0,0.0,0.0
9000008577,2025-08-09 19:00,0.793611,3,0,3,6,3,9,55,32,87,0,1,1,29.0,4.35,39.13,43.48,11.59,0.0,0.0,0.0,1.45
9000008577,2025-08-09 20:00,0.086389,0,0,0,0,0,0,35,93,127,0,0,0,28.0,0.0,45.45,54.55,0.0,0.0,0.0,0.0,0.0
9000008577,2025-08-10 06:00,0.458333,0,0,0,0,0,0,2,6,8,3,0,3,27.0,0.0,25.0,75.0,0.0,0.0,0.0,0.0,0.0
9000008577,2025-08-10 07:00,0.326667,0,0,0,0,0,0,6,8,14,0,4,4,28.0,0.0,20.0,80.0,0.0,0.0,0.0,0.0,0.0
9000008577,2025-08-10 08:00,0.526667,1,2,3,7,0,7,9,14,23,0,6,6,35.0,16.67,16.67,33.33,33.33,0.0,0.0,0.0,0.0
9000008577,2025-08-10 09:00,0.684722,3,9,11,10,6,16,7,10,17,4,7,11,21.0,33.33,50.0,16.67,0.0,0.0,0.0,0.0,0.0
9000008577,2025-08-10 10:00,0.648889,4,0,4,11,14,25,16,14,29,3,6,9,25.5,10.53,42.11,42.11,5.26,0.0,0.0,0.0,0.0
9000008577,2025-08-10 11:00,0.609722,0,3,3,15,13,28,26,18,44,5,5,10,22.5,51.85,25.93,18.52,0.0,0.0,0.0,0.0,3.7
9000008577,2025-08-10 12:00,0.583056,9,7,16,8,12,20,28,16,44,3,11,14,28.0,57.69,11.54,19.23,3.85,7.69,0.0,0.0,0.0
9000008577,2025-08-10 13:00,0.6425,8,11,19,13,17,30,22,26,48,6,16,22,34.0,29.03,16.13,32.26,16.13,3.23,0.0,0.0,3.23
9000008577,2025-08-10 14:00,0.629444,13,9,22,18,20,37,21,28,49,3,5,8,29.0,29.03,25.81,32.26,12.9,0.0,0.0,0.0,0.0
9000008577,2025-08-10 15:00,0.558889,2,7,9,38,18,56,25,18,43,0,0,0,26.5,29.17,16.67,50.0,0.0,0.0,4.17,0.0,0.0
9000008577,2025-08-10 16:00,0.546389,10,4,14,9,15,24,30,37,67,4,0,4,28.5,16.22,43.24,35.14,10.81,0.0,0.0,0.0,0.0
9000008577,2025-08-10 17:00,0.709722,7,7,14,4,8,13,53,27,81,1,1,3,28.0,14.04,38.6,36.84,10.53,0.0,0.0,0.0,0.0
9000008577,2025-08-10 18:00,0.763056,13,18,31,9,14,24,55,25,80,5,10,16,25.0,1.64,49.18,42.62,6.56,0.0,0.0,0.0,0.0
9000008577,2025-08-10 19:00,0.628611,12,15,26,20,18,37,26,21,47,1,14,15,24.5,6.67,56.67,36.67,3.33,0.0,0.0,0.0,0.0
9000008577,2025-08-11 10:00,0.491944,4,0,4,31,35,66,47,26,73,4,16,20,24.0,8.33,55.56,36.11,0.0,0.0,0.0,0.0,0.0
9000008577,2025-08-11 11:00,0.581111,7,12,19,29,19,48,63,47,110,7,13,20,27.0,23.44,31.25,40.62,3.12,1.56,0.0,0.0,0.0
9000008577,2025-08-11 12:00,0.531944,15,20,35,19,19,38,67,75,142,2,9,11,18.5,73.33,14.67,10.67,1.33,0.0,0.0,0.0,0.0
9000008577,2025-08-11 13:00,0.573611,13,8,20,25,19,43,22,38,61,11,9,20,22.0,60.0,20.0,14.29,2.86,0.0,2.86,0.0,0.0
9000008577,2025-08-11 14:00,0.513056,23,7,30,65,47,112,30,57,87,0,8,8,24.0,26.67,35.56,37.78,0.0,0.0,0.0,0.0,0.0
9000008577,2025-08-11 15:00,0.492222,21,17,37,61,50,111,24,48,72,2,6,8,23.5,36.11,22.22,41.67,0.0,0.0,0.0,0.0,0.0
9000008577,2025-08-11 16:00,0.568333,14,5,19,45,19,65,54,31,85,1,11,13,28.5,20.83,22.92,47.92,6.25,2.08,0.0,0.0,0.0
9000008577,2025-08-11 17:00,0.746667,20,22,42,15,8,23,69,62,131,8,11,19,27.0,12.24,27.55,52.04,6.12,0.0,0.0,0.0,1.02
9000008577,2025-08-11 18:00,0.775833,22,12,33,13,9,22,71,52,122,7,8,14,30.5,16.84,28.42,38.95,14.74,1.05,0.0,0.0,0.0
9000008577,2025-08-11 19:00,0.652778,25,17,43,10,5,15,68,51,119,4,4,8,27.5,2.56,39.74,50.0,5.13,0.0,1.28,0.0,0.0
9000008577,2025-08-11 20:00,0.194722,16,16,31,8,8,15,50,67,117,0,0,0,33.5,4.35,26.09,52.17,17.39,0.0,0.0,0.0,0.0
9000008577,2025-08-12 06:00,0.262778,12,0,12,2,2,3,6,0,6,0,0,0,29.0,0.0,0.0,100.0,0.0,0.0,0.0,0.0,0.0
9000008577,2025-08-12 07:00,0.389444,2,10,12,2,8,10,28,25,53,8,16,25,26.5,9.52,28.57,61.9,0.0,4.76,0.0,0.0,0.0
9000008577,2025-08-12 08:00,0.556667,4,23,28,11,7,18,50,17,66,3,18,20,27.5,18.92,18.92,56.76,5.41,0.0,0.0,0.0,0.0
9000008577,2025-08-12 09:00,0.702222,22,15,37,13,12,25,24,10,34,7,11,18,25.0,0.0,62.5,29.17,8.33,0.0,0.0,0.0,0.0
9000008577,2025-08-12 10:00,0.679167,2,6,7,15,11,25,32,21,53,7,25,32,28.0,11.11,38.89,41.67,5.56,0.0,2.78,0.0,0.0
9000008577,2025-08-12 11:00,0.565833,6,11,16,29,16,45,37,41,78,16,14,30,24.0,15.91,43.18,38.64,2.27,0.0,0.0,0.0,0.0
9000008577,2025-08-12 12:00,0.514722,16,2,18,13,29,42,56,39,95,6,15,21,10.0,85.71,8.16,4.08,2.04,0.0,0.0,0.0,0.0
9000008577,2025-08-12 13:00,0.490278,24,26,50,26,30,56,53,44,97,6,14,20,17.0,74.47,17.02,6.38,2.13,0.0,0.0,0.0,0.0
9000008577,2025-08-12 14:00,0.470833,13,9,21,64,55,119,15,32,46,4,13,17,29.5,22.73,22.73,40.91,13.64,0.0,0.0,0.0,0.0
9000008577,2025-08-12 15:00,0.529444,17,19,35,36,40,76,57,44,101,4,4,8,25.0,20.37,38.89,40.74,0.0,0.0,0.0,0.0,0.0
9000008577,2025-08-12 16:00,0.610556,5,14,19,25,23,48,67,52,120,7,7,13,28.5,5.48,39.73,45.21,9.59,0.0,0.0,0.0,0.0
9000008577,2025-08-12 17:00,0.736389,27,19,46,15,15,30,71,70,141,7,10,17,27.5,5.77,42.31,44.23,6.73,0.0,0.0,0.0,0.96
9000008577,2025-08-12 18:00,0.756389,32,19,50,20,20,40,71,48,119,7,4,10,28.0,7.78,34.44,47.78,6.67,1.11,1.11,0.0,1.11
9000008577,2025-08-12 19:00,0.716111,30,32,62,9,15,24,56,42,99,4,10,13,24.5,8.45,45.07,42.25,1.41,0.0,0.0,0.0,1.41
9000008577,2025-08-12 20:00,0.105556,19,28,47,0,19,19,28,85,114,0,19,19,27.5,8.33,50.0,41.67,0.0,0.0,0.0,0.0,0.0
9000008577,2025-08-13 06:00,0.334722,3,9,12,2,0,2,17,8,25,2,8,10,29.5,0.0,25.0,75.0,12.5,0.0,0.0,0.0,0.0
9000008577,2025-08-13 07:00,0.485556,8,17,26,6,3,9,23,15,38,5,4,8,33.5,5.56,22.22,33.33,38.89,0.0,0.0,0.0,0.0
9000008577,2025-08-13 08:00,0.757778,7,13,20,3,9,12,33,20,53,13,20,33,28.0,22.5,20.0,52.5,5.0,0.0,0.0,0.0,0.0
9000008577,2025-08-13 09:00,0.729167,10,9,19,11,18,29,32,19,51,18,14,31,24.5,10.81,43.24,43.24,0.0,2.7,0.0,0.0,0.0
9000008577,2025-08-13 10:00,0.700556,10,11,21,19,13,32,48,33,81,8,13,21,28.0,10.53,42.11,36.84,8.77,1.75,0.0,0.0,0.0
9000008577,2025-08-13 11:00,0.633611,8,8,15,16,11,27,46,44,90,3,16,20,26.5,22.81,35.09,38.6,1.75,1.75,0.0,0.0,0.0
9000008577,2025-08-13 12:00,0.586111,9,19,27,29,26,55,41,63,104,8,12,20,22.0,52.46,26.23,16.39,3.28,1.64,0.0,0.0,0.0
9000008577,2025-08-13 13:00,0.426944,21,13,34,26,25,51,66,20,87,8,14,22,14.0,78.38,13.51,10.81,0.0,0.0,0.0,0.0,0.0
9000008577,2025-08-13 14:00,0.498056,19,28,47,63,44,106,30,51,81,4,6,10,29.0,17.5,35.0,35.0,10.0,2.5,0.0,0.0,0.0
9000008577,2025-08-13 15:00,0.529444,25,14,39,46,52,97,49,70,119,6,6,12,27.0,7.94,36.51,55.56,0.0,0.0,0.0,0.0,0.0
9000008577,2025-08-13 16:00,0.568889,12,10,22,36,18,54,52,44,96,2,9,11,32.0,7.27,36.36,34.55,16.36,0.0,0.0,0.0,1.82
9000008577,2025-08-13 17:00,0.763889,21,24,45,17,8,25,63,55,118,5,7,12,28.0,3.33,34.44,54.44,6.67,1.11,0.0,0.0,0.0
9000008577,2025-08-13 18:00,0.776389,26,21,46,15,15,31,63,53,116,6,14,21,27.5,11.11,37.78,44.44,5.56,1.11,0.0,0.0,0.0
9000008577,2025-08-13 19:00,0.613889,18,19,37,8,12,20,39,32,71,4,4,8,28.5,2.27,31.82,56.82,9.09,2.27,0.0,0.0,0.0
9000008577,2025-08-14 06:00,0.370556,7,6,13,5,0,5,15,5,20,2,22,24,30.0,0.0,14.29,71.43,0.0,14.29,0.0,0.0,0.0
9000008577,2025-08-14 07:00,0.355833,6,14,20,8,11,20,20,20,40,0,11,11,24.0,21.43,35.71,42.86,0.0,0.0,0.0,0.0,0.0
9000008577,2025-08-14 08:00,0.519167,9,13,22,26,10,36,37,19,56,5,6,12,29.5,13.79,17.24,58.62,13.79,0.0,0.0,0.0,0.0
9000008577,2025-08-14 09:00,0.736111,8,10,18,22,13,35,45,19,64,0,13,13,25.0,2.13,31.91,59.57,6.38,0.0,0.0,0.0,0.0
9000008577,2025-08-14 10:00,0.727222,4,10,14,10,11,21,37,28,65,6,10,15,28.5,0.0,25.53,65.96,8.51,0.0,0.0,0.0,0.0
9000008577,2025-08-14 11:00,0.659444,12,9,21,40,11,51,36,44,81,6,17,23,25.0,18.87,41.51,35.85,1.89,1.89,0.0,0.0,0.0
9000008577,2025-08-14 12:00,0.5925,12,15,27,18,27,45,57,46,103,2,8,10,18.5,63.93,27.87,8.2,0.0,0.0,0.0,0.0,0.0
9000008577,2025-08-14 13:00,0.557222,14,18,32,23,35,57,46,39,85,7,7,14,22.5,65.96,10.64,21.28,2.13,0.0,0.0,0.0,0.0
9000008577,2025-08-14 14:00,0.513611,25,21,46,40,21,61,50,65,115,2,18,20,25.0,10.17,50.85,35.59,1.69,1.69,0.0,0.0,0.0
9000008577,2025-08-14 15:00,0.566389,34,16,50,30,22,52,40,51,91,9,12,21,27.0,7.84,39.22,50.98,1.96,0.0,0.0,0.0,0.0
9000008577,2025-08-14 16:00,0.66,15,10,24,11,12,23,47,37,84,16,9,25,29.5,3.64,21.82,60.0,12.73,0.0,1.82,0.0,0.0
9000008577,2025-08-14 17:00,0.78,24,24,48,6,9,15,67,50,117,6,18,24,27.0,9.89,43.96,38.46,5.49,2.2,0.0,0.0,0.0
9000008577,2025-08-14 18:00,0.781389,27,21,48,5,14,19,84,48,132,10,10,20,26.0,5.83,35.92,56.31,1.94,0.0,0.0,0.0,0.0
9000008577,2025-08-14 19:00,0.660556,53,21,74,8,16,24,58,40,98,3,5,8,28.5,6.15,27.69,60.0,4.62,3.08,0.0,0.0,0.0
9000008577,2025-08-15 06:00,0.127778,0,8,8,0,0,0,24,61,85,0,0,0,23.0,63.64,18.18,27.27,0.0,0.0,0.0,0.0,0.0
9000008577,2025-08-15 07:00,0.341111,3,6,9,3,3,6,29,15,44,3,9,12,31.0,0.0,13.33,66.67,20.0,0.0,0.0,0.0,0.0
9000008577,2025-08-15 08:00,0.334444,10,9,18,8,2,10,27,40,68,5,13,18,27.5,4.35,30.43,65.22,4.35,0.0,0.0,0.0,0.0
9000008577,2025-08-15 09:00,0.641111,7,13,20,14,6,21,37,35,72,11,22,33,25.5,0.0,52.17,47.83,2.17,0.0,0.0,0.0,0.0
9000008577,2025-08-15 10:00,0.739444,11,1,12,10,15,25,37,31,68,9,18,27,25.0,4.0,38.0,52.0,6.0,0.0,0.0,0.0,0.0
9000008577,2025-08-15 11:00,0.632222,5,10,14,31,23,53,49,38,87,20,22,43,26.5,20.0,21.82,54.55,3.64,0.0,0.0,0.0,0.0
9000008577,2025-08-15 12:00,0.602222,21,3,24,18,18,37,64,66,130,10,9,19,17.0,73.08,17.95,6.41,2.56,0.0,0.0,0.0,0.0
9000008577,2025-08-15 13:00,0.604722,13,17,29,28,28,56,49,64,113,13,20,33,21.5,60.29,19.12,19.12,0.0,0.0,0.0,0.0,1.47
9000008577,2025-08-15 14:00,0.593611,15,23,38,28,27,55,52,92,144,5,28,32,31.5,9.41,36.47,35.29,15.29,2.35,0.0,0.0,1.18
9000008577,2025-08-15 15:00,0.5975,24,17,41,30,29,58,60,57,118,7,8,15,29.0,12.86,32.86,42.86,11.43,1.43,0.0,0.0,0.0
9000008577,2025-08-15 16:00,0.641944,8,13,21,20,21,41,79,48,127,10,8,18,28.0,2.47,32.1,59.26,3.7,0.0,0.0,1.23,1.23
9000008577,2025-08-15 17:00,0.763889,22,16,38,12,9,21,69,38,107,8,11,18,28.0,4.88,36.59,51.22,4.88,1.22,1.22,0.0,0.0
9000008577,2025-08-15 18:00,0.7525,12,24,36,15,1,16,72,39,110,8,25,33,26.5,1.2,42.17,54.22,2.41,0.0,0.0,0.0,0.0
9000008577,2025-08-15 19:00,0.558056,15,8,23,17,10,27,75,25,100,1,10,11,26.0,1.79,46.43,48.21,3.57,0.0,0.0,0.0,0.0
9000008577,2025-08-16 06:00,0.135,0,0,0,0,0,0,7,0,7,0,7,7,14.0,0.0,100.0,0.0,0.0,0.0,0.0,0.0,0.0
9000008577,2025-08-16 07:00,0.57,5,5,10,2,2,4,3,4,7,4,0,4,32.5,0.0,0.0,75.0,25.0,0.0,0.0,0.0,0.0
9000008577,2025-08-16 08:00,0.699722,4,6,10,1,1,3,8,5,12,0,4,4,31.5,0.0,33.33,44.44,22.22,0.0,0.0,0.0,0.0
9000008577,2025-08-16 09:00,0.768889,12,13,25,1,1,3,23,13,36,4,5,9,29.0,0.0,46.43,42.86,7.14,3.57,0.0,0.0,0.0
9000008577,2025-08-16 10:00,0.756111,5,13,18,5,7,12,32,33,65,1,8,9,28.0,6.12,40.82,44.9,8.16,0.0,0.0,0.0,0.0
9000008577,2025-08-16 11:00,0.693889,8,10,18,11,6,17,39,47,87,10,11,21,25.0,1.67,46.67,45.0,5.0,0.0,0.0,1.67,0.0
9000008577,2025-08-16 12:00,0.626944,10,6,16,16,11,27,28,30,58,9,32,41,19.5,55.56,30.56,13.89,0.0,0.0,0.0,0.0,0.0
9000008577,2025-08-16 13:00,0.574167,10,11,21,12,5,18,46,28,74,5,13,18,23.5,42.86,35.71,19.05,2.38,0.0,0.0,0.0,0.0
9000008577,2025-08-16 14:00,0.540556,5,9,14,24,21,45,44,64,109,6,0,6,28.5,18.64,42.37,27.12,6.78,0.0,3.39,0.0,1.69
9000008577,2025-08-16 15:00,0.528889,5,15,20,50,46,96,29,27,56,5,4,9,21.5,37.93,41.38,20.69,0.0,0.0,0.0,0.0,0.0
9000008577,2025-08-16 16:00,0.600833,1,2,3,15,12,27,44,39,82,5,3,8,28.5,18.0,30.0,46.0,6.0,0.0,0.0,0.0,0.0
9000008577,2025-08-16 17:00,0.670556,6,16,22,16,4,21,55,70,125,7,6,13,29.5,13.1,14.29,59.52,9.52,2.38,0.0,0.0,1.19
9000008577,2025-08-16 18:00,0.689444,14,12,26,10,10,20,53,45,98,5,9,14,27.5,14.71,36.76,41.18,5.88,1.47,0.0,0.0,0.0
9000008577,2025-08-16 19:00,0.302222,6,18,24,10,12,22,41,32,72,2,18,20,30.0,0.0,36.36,45.45,9.09,9.09,0.0,0.0,0.0
9000008577,2025-08-17 06:00,0.126944,0,0,0,0,0,0,0,0,0,0,0,0,,0.0,0.0,0.0,0.0,0.0,0.0,0.0,0.0
9000008577,2025-08-17 07:00,0.455556,0,6,6,0,5,5,6,10,16,3,2,5,25.0,28.57,14.29,57.14,0.0,0.0,0.0,0.0,0.0
9000008577,2025-08-17 08:00,0.540278,1,0,1,4,6,10,9,8,16,2,3,5,28.5,11.11,44.44,44.44,0.0,0.0,0.0,0.0,0.0
9000008577,2025-08-17 09:00,0.598611,3,5,7,6,3,9,9,9,18,0,6,6,27.0,9.09,0.0,90.91,0.0,0.0,0.0,0.0,0.0
9000008577,2025-08-17 10:00,0.654722,3,3,6,6,3,9,14,17,30,11,3,14,30.0,30.0,35.0,20.0,15.0,0.0,0.0,0.0,0.0
9000008577,2025-08-17 11:00,0.6675,4,3,7,12,7,19,12,25,37,2,3,5,31.5,36.0,36.0,12.0,12.0,0.0,4.0,0.0,0.0
9000008577,2025-08-17 12:00,0.620556,7,6,12,7,10,17,26,36,62,1,6,8,29.5,26.32,42.11,18.42,7.89,2.63,0.0,0.0,2.63
9000008577,2025-08-17 13:00,0.641944,11,4,15,29,6,35,35,25,59,0,5,5,28.0,28.95,31.58,26.32,10.53,0.0,0.0,2.63,0.0
9000008577,2025-08-17 14:00,0.531944,9,12,21,39,30,69,10,33,43,0,0,0,24.0,0.0,52.17,43.48,4.35,0.0,0.0,0.0,0.0
9000008577,2025-08-17 15:00,0.615556,11,10,21,17,29,46,29,29,58,3,0,3,28.5,2.78,36.11,47.22,5.56,5.56,0.0,0.0,0.0
9000008577,2025-08-17 16:00,0.668056,6,10,17,17,8,25,52,41,93,0,1,1,30.0,9.68,40.32,35.48,11.29,1.61,1.61,0.0,0.0
9000008577,2025-08-17 17:00,0.723889,17,4,21,6,14,19,40,38,79,3,3,6,28.0,7.02,38.6,43.86,10.53,0.0,0.0,0.0,0.0
9000008577,2025-08-17 18:00,0.7425,16,5,21,9,15,24,52,34,86,8,7,15,26.0,18.75,42.19,32.81,4.69,1.56,0.0,0.0,0.0
9000008577,2025-08-17 19:00,0.353333,8,11,19,13,12,25,66,32,98,0,7,7,26.5,5.71,28.57,62.86,0.0,0.0,0.0,0.0,0.0
9000008577,2025-08-18 06:00,0.2175,4,0,4,0,8,8,18,4,22,4,5,9,46.0,0.0,40.0,20.0,20.0,20.0,0.0,0.0,0.0
9000008577,2025-08-18 07:00,0.4775,0,7,7,6,9,15,26,27,53,7,11,17,27.0,8.0,28.0,64.0,0.0,0.0,0.0,0.0,0.0
9000008577,2025-08-18 08:00,0.771389,9,13,22,8,5,13,30,25,55,12,8,19,28.0,19.05,21.43,54.76,4.76,0.0,0.0,0.0,0.0
9000008577,2025-08-18 09:00,0.733889,11,18,29,15,23,38,34,11,45,17,21,39,24.5,6.06,42.42,51.52,0.0,0.0,0.0,0.0,0.0
9000008577,2025-08-18 10:00,0.661667,9,0,9,18,14,32,29,41,69,17,26,42,24.5,17.39,32.61,47.83,2.17,0.0,0.0,0.0,0.0
9000008577,2025-08-18 11:00,0.56,5,4,9,39,38,77,36,23,59,5,18,23,27.0,36.36,33.33,24.24,6.06,0.0,0.0,0.0,0.0
9000008577,2025-08-18 12:00,0.482778,10,10,20,17,19,35,61,38,99,4,9,13,17.0,70.83,18.75,6.25,4.17,0.0,0.0,0.0,0.0
9000008577,2025-08-18 13:00,0.495833,14,15,29,23,37,60,48,51,99,6,10,16,20.5,59.18,22.45,16.33,0.0,0.0,0.0,0.0,0.0
9000008577,2025-08-18 14:00,0.547778,18,33,51,37,42,79,46,35,80,11,6,17,27.0,15.91,34.09,38.64,9.09,0.0,0.0,0.0,2.27
9000008577,2025-08-18 15:00,0.602778,19,14,33,27,39,66,60,71,131,3,5,8,28.0,22.78,29.11,39.24,3.8,2.53,1.27,0.0,0.0
9000008577,2025-08-18 16:00,0.681944,9,13,22,15,23,38,73,53,126,3,10,13,28.5,15.12,36.05,39.53,6.98,1.16,0.0,1.16,0.0
9000008577,2025-08-18 17:00,0.734444,26,20,46,12,15,28,84,56,140,1,26,27,27.0,8.82,38.24,46.08,4.9,0.98,0.98,0.0,0.0
9000008577,2025-08-18 18:00,0.739167,19,13,32,15,12,27,55,48,103,3,8,11,28.0,6.58,42.11,42.11,7.89,1.32,0.0,0.0,0.0
9000008577,2025-08-18 19:00,0.510833,27,19,46,11,19,30,62,46,107,1,7,8,27.5,10.91,36.36,47.27,5.45,0.0,0.0,0.0,0.0
9000008577,2025-08-19 06:00,0.331111,2,5,7,0,0,0,24,6,31,0,9,9,30.0,0.0,10.0,80.0,10.0,0.0,0.0,0.0,0.0
9000008577,2025-08-19 07:00,0.513056,1,13,14,1,6,7,24,11,35,4,8,12,26.5,5.56,38.89,61.11,0.0,0.0,0.0,0.0,0.0
9000008577,2025-08-19 08:00,0.762222,12,16,28,7,8,14,38,31,70,12,12,24,32.0,0.0,30.19,50.94,18.87,1.89,0.0,0.0,0.0
9000008577,2025-08-19 09:00,0.724722,17,16,33,15,18,33,43,32,75,14,18,32,24.5,9.26,42.59,44.44,1.85,1.85,0.0,0.0,0.0
9000008577,2025-08-19 10:00,0.510278,0,4,4,26,17,44,38,16,53,7,20,27,28.5,0.0,44.44,48.15,11.11,0.0,0.0,0.0,0.0
9000008577,2025-08-19 11:00,0.570278,4,4,7,53,21,74,33,33,66,2,19,21,24.5,23.68,44.74,26.32,5.26,0.0,0.0,0.0,0.0
9000008577,2025-08-19 12:00,0.5075,13,25,39,21,8,29,53,61,113,8,18,26,20.0,63.79,18.97,13.79,1.72,0.0,0.0,0.0,0.0
9000008577,2025-08-19 13:00,0.514167,16,14,31,33,34,67,26,43,69,2,12,14,21.0,71.43,11.43,11.43,2.86,0.0,0.0,0.0,2.86
9000008577,2025-08-19 14:00,0.540278,22,10,33,50,36,86,31,59,90,2,10,12,26.0,12.24,42.86,38.78,4.08,2.04,0.0,0.0,2.04
9000008577,2025-08-19 15:00,0.536111,14,31,45,49,73,122,34,33,66,5,9,14,26.0,19.44,41.67,33.33,5.56,0.0,0.0,0.0,0.0
9000008577,2025-08-19 16:00,0.643056,12,17,29,18,32,49,66,64,130,4,9,14,27.5,5.95,23.81,65.48,4.76,0.0,0.0,0.0,0.0
9000008577,2025-08-19 17:00,0.762778,22,13,35,12,16,28,50,47,97,7,13,20,29.0,2.7,41.89,44.59,10.81,0.0,0.0,0.0,0.0
9000008577,2025-08-19 18:00,0.764444,30,24,54,8,14,22,70,55,124,4,12,16,24.0,21.05,33.68,42.11,3.16,0.0,0.0,0.0,0.0
9000008577,2025-08-19 19:00,0.403333,18,35,53,11,3,14,67,47,114,1,9,10,24.5,21.74,32.61,39.13,4.35,0.0,0.0,0.0,0.0
9000008577,2025-08-20 06:00,0.183056,0,0,0,0,5,5,5,11,17,0,0,0,32.5,0.0,33.33,33.33,33.33,0.0,0.0,0.0,0.0
9000008577,2025-08-20 07:00,0.345833,2,9,12,28,11,38,6,15,21,0,0,0,24.5,14.29,42.86,42.86,14.29,0.0,0.0,0.0,0.0
9000008577,2025-08-20 08:00,0.690556,4,19,23,1,13,15,35,29,64,15,15,31,25.5,27.27,31.82,38.64,2.27,0.0,0.0,0.0,0.0
9000008577,2025-08-20 09:00,0.712222,10,11,21,24,11,35,17,17,34,14,13,27,28.5,62.5,16.67,8.33,4.17,4.17,0.0,0.0,4.17
9000008577,2025-08-20 10:00,0.735556,8,11,19,15,6,20,52,35,87,11,15,26,26.5,10.94,35.94,46.88,4.69,0.0,0.0,0.0,1.56
9000008577,2025-08-20 11:00,0.631111,9,6,15,28,19,48,50,48,98,8,8,16,27.0,40.32,25.81,29.03,3.23,0.0,0.0,1.61,0.0
9000008577,2025-08-20 12:00,0.5675,7,7,14,19,18,37,35,48,83,0,11,11,19.5,68.09,17.02,12.77,0.0,0.0,0.0,0.0,2.13
9000008577,2025-08-20 13:00,0.579444,11,16,27,13,26,39,47,59,106,4,12,15,21.0,55.74,26.23,16.39,0.0,0.0,0.0,0.0,0.0
9000008577,2025-08-20 14:00,0.546111,25,21,46,55,40,95,62,49,111,5,9,14,34.0,26.23,32.79,22.95,13.11,0.0,1.64,3.28,1.64
9000008577,2025-08-20 15:00,0.638056,11,7,18,34,14,48,56,87,143,6,4,11,26.5,21.74,33.7,36.96,7.61,0.0,0.0,0.0,0.0
9000008577,2025-08-20 16:00,0.663611,14,21,35,14,22,36,77,61,138,6,15,21,28.5,10.99,30.77,48.35,9.89,1.1,0.0,0.0,0.0
9000008577,2025-08-20 17:00,0.757778,20,18,38,17,12,29,88,69,157,0,9,9,26.0,10.92,38.66,42.86,7.56,0.0,0.0,0.0,0.0
9000008577,2025-08-20 18:00,0.757778,34,17,51,17,16,33,54,63,118,4,4,8,25.0,5.62,39.33,52.81,1.12,1.12,0.0,0.0,0.0
9000008577,2025-08-20 19:00,0.620833,31,9,40,8,22,30,60,30,90,5,7,12,31.0,1.79,53.57,26.79,10.71,1.79,5.36,0.0,0.0
9000008577,2025-08-21 06:00,0.215,3,5,8,5,3,8,42,3,44,0,0,0,28.5,0.0,20.0,70.0,10.0,0.0,0.0,0.0,10.0
9000008577,2025-08-21 07:00,0.392222,9,14,23,11,8,20,14,14,28,2,6,7,27.5,9.09,27.27,45.45,9.09,0.0,0.0,0.0,0.0
9000008577,2025-08-21 08:00,0.451944,6,12,19,15,18,33,47,11,58,6,12,18,33.0,7.69,15.38,50.0,26.92,3.85,0.0,0.0,0.0
9000008577,2025-08-21 09:00,0.496944,11,15,26,22,22,43,22,23,46,5,14,19,28.5,0.0,39.13,56.52,4.35,0.0,0.0,0.0,0.0
9000008577,2025-08-21 10:00,0.636944,4,10,14,20,13,33,44,39,83,0,17,17,25.0,15.09,45.28,37.74,1.89,0.0,0.0,0.0,0.0
9000008577,2025-08-21 11:00,0.578611,7,5,12,28,17,45,43,31,74,2,23,24,24.0,20.93,51.16,23.26,2.33,0.0,0.0,0.0,2.33
9000008577,2025-08-21 12:00,0.501111,8,4,12,14,28,41,59,33,92,6,12,18,20.0,73.91,10.87,6.52,4.35,2.17,0.0,0.0,2.17
9000008577,2025-08-21 13:00,0.507222,12,13,24,35,16,51,44,52,96,2,10,12,18.0,69.39,20.41,8.16,0.0,0.0,0.0,0.0,2.04
9000008577,2025-08-21 14:00,0.533889,20,17,38,69,29,97,36,57,93,3,14,18,27.5,12.0,44.0,36.0,8.0,2.0,0.0,0.0,0.0
9000008577,2025-08-21 15:00,0.566944,17,10,27,50,38,88,49,37,86,6,5,11,27.5,16.33,34.69,42.86,6.12,0.0,0.0,0.0,0.0
9000008577,2025-08-21 16:00,0.658611,20,7,27,17,15,32,78,55,133,11,10,20,26.0,9.09,30.68,53.41,2.27,3.41,0.0,0.0,0.0
9000008577,2025-08-21 17:00,0.752778,17,23,40,11,15,25,65,57,122,13,17,31,26.5,18.48,31.52,42.39,6.52,1.09,0.0,0.0,0.0
9000008577,2025-08-21 18:00,0.753889,20,24,44,16,17,33,74,57,131,0,8,8,28.0,11.11,33.33,47.47,8.08,0.0,0.0,0.0,0.0
9000008577,2025-08-21 19:00,0.245556,39,16,55,19,7,26,35,47,82,0,10,10,28.0,5.0,20.0,70.0,5.0,0.0,0.0,0.0,0.0
9000008577,2025-08-22 06:00,0.126944,6,0,6,24,0,24,23,0,23,42,18,60,42.0,0.0,33.33,33.33,33.33,33.33,0.0,0.0,0.0
9000008577,2025-08-22 07:00,0.575556,9,11,20,13,4,17,28,17,45,1,8,10,30.0,0.0,38.46,50.0,15.38,0.0,0.0,0.0,0.0
9000008577,2025-08-22 08:00,0.573611,6,13,19,11,8,20,26,24,51,2,15,17,28.0,0.0,27.59,65.52,6.9,0.0,0.0,0.0,0.0
9000008577,2025-08-22 09:00,0.631667,16,15,31,14,12,26,35,35,69,0,21,21,25.5,6.82,36.36,59.09,0.0,0.0,0.0,0.0,0.0
9000008577,2025-08-22 10:00,0.673611,7,4,11,24,6,30,43,28,70,3,4,7,31.0,12.77,40.43,29.79,17.02,2.13,0.0,0.0,0.0
9000008577,2025-08-22 11:00,0.469167,2,21,23,26,23,48,50,55,105,9,14,23,31.5,28.57,26.53,26.53,14.29,0.0,0.0,0.0,6.12
9000008577,2025-08-22 12:00,0.551111,11,11,22,11,13,24,61,47,108,14,18,32,23.5,41.67,30.0,25.0,1.67,0.0,0.0,0.0,0.0
9000008577,2025-08-22 13:00,0.523333,21,21,41,24,17,40,29,50,79,9,28,36,25.0,19.51,39.02,36.59,4.88,0.0,0.0,0.0,0.0
9000008577,2025-08-22 14:00,0.705556,20,21,41,27,16,42,74,111,185,14,13,27,29.0,9.92,32.82,45.04,10.69,0.0,0.76,0.0,0.0
9000008577,2025-08-22 15:00,0.722778,22,16,38,14,7,21,79,73,152,8,5,14,26.5,12.73,40.91,43.64,2.73,0.0,0.0,0.0,0.0
9000008577,2025-08-22 16:00,0.755,12,9,21,13,7,20,83,81,164,5,12,17,29.5,4.84,29.84,53.23,12.1,0.0,0.0,0.0,0.0
9000008577,2025-08-22 17:00,0.754722,21,21,42,9,4,13,86,64,149,9,7,16,28.0,3.54,33.63,56.64,5.31,0.88,0.0,0.0,0.0
9000008577,2025-08-22 18:00,0.669722,22,23,45,18,13,32,62,54,116,7,9,16,25.0,11.54,39.74,39.74,5.13,1.28,1.28,0.0,0.0
9000008577,2025-08-22 19:00,0.077778,13,0,13,0,0,0,64,39,103,0,26,26,32.0,0.0,37.5,37.5,25.0,0.0,0.0,0.0,0.0
9000008577,2025-08-23 06:00,0.110278,8,0,8,0,0,0,8,8,15,0,0,0,23.5,0.0,50.0,50.0,0.0,0.0,0.0,0.0,0.0
9000008577,2025-08-23 07:00,0.5475,2,4,6,2,1,3,6,2,8,6,0,6,37.0,0.0,20.0,40.0,20.0,0.0,0.0,0.0,0.0
9000008577,2025-08-23 08:00,0.584167,2,7,9,8,1,9,15,10,25,0,7,7,26.5,26.67,40.0,33.33,6.67,0.0,0.0,0.0,0.0
9000008577,2025-08-23 09:00,0.6875,3,13,16,13,6,19,29,19,48,4,1,6,30.0,18.18,21.21,45.45,12.12,0.0,0.0,3.03,0.0
9000008577,2025-08-23 10:00,0.682222,7,6,13,7,13,20,35,29,65,13,3,16,29.0,15.91,27.27,45.45,9.09,2.27,0.0,0.0,0.0
9000008577,2025-08-23 11:00,0.653056,5,4,9,16,14,30,26,24,49,6,8,14,24.5,25.0,40.62,31.25,3.12,0.0,0.0,0.0,0.0
9000008577,2025-08-23 12:00,0.66,9,12,21,8,9,18,43,33,76,11,13,24,28.5,32.0,32.0,24.0,8.0,0.0,2.0,2.0,0.0
9000008577,2025-08-23 13:00,0.519722,8,7,15,14,6,20,66,55,120,10,7,17,29.5,23.81,25.4,34.92,4.76,6.35,3.17,0.0,0.0
9000008577,2025-08-23 14:00,0.653611,16,12,28,23,17,40,93,62,155,4,9,13,29.0,19.8,23.76,45.54,9.9,0.99,0.0,0.99,0.0
9000008577,2025-08-23 15:00,0.622222,22,16,38,21,25,46,83,75,159,5,8,12,28.0,16.16,27.27,47.47,8.08,1.01,0.0,0.0,0.0
9000008577,2025-08-23 16:00,0.745556,25,17,43,15,12,27,84,110,194,8,16,24,29.0,8.28,33.79,48.28,8.97,0.0,0.69,0.0,0.0
9000008577,2025-08-23 17:00,0.751944,17,12,29,11,11,21,62,65,127,4,7,11,29.0,5.21,34.38,48.96,11.46,0.0,0.0,0.0,0.0
9000008577,2025-08-23 18:00,0.753889,15,13,28,9,8,17,65,53,118,4,5,9,28.0,2.25,33.71,57.3,6.74,0.0,0.0,0.0,0.0
9000008577,2025-08-23 19:00,0.388056,22,34,55,7,9,16,73,79,153,6,2,8,29.5,1.69,27.12,59.32,13.56,0.0,0.0,0.0,0.0
9000008577,2025-08-24 06:00,0.135556,0,7,7,0,0,0,7,7,15,0,0,0,24.0,0.0,0.0,100.0,0.0,0.0,0.0,0.0,0.0
9000008577,2025-08-24 07:00,0.518611,0,0,0,2,5,8,7,10,17,0,5,5,34.0,0.0,22.22,33.33,33.33,0.0,0.0,11.11,0.0
9000008577,2025-08-24 08:00,0.563056,4,8,12,1,3,4,6,14,19,6,1,7,27.0,36.36,27.27,45.45,0.0,0.0,0.0,0.0,0.0
9000008577,2025-08-24 09:00,0.633333,5,13,19,3,0,3,21,16,38,0,8,8,25.0,0.0,33.33,62.5,0.0,0.0,0.0,0.0,0.0
9000008577,2025-08-24 10:00,0.661389,9,6,15,11,12,23,18,6,24,4,6,10,33.5,25.0,25.0,25.0,12.5,12.5,0.0,0.0,0.0
9000008577,2025-08-24 11:00,0.554722,2,2,4,13,26,38,20,20,40,0,9,9,24.0,50.0,31.82,4.55,0.0,9.09,0.0,0.0,4.55
9000008577,2025-08-24 12:00,0.546389,12,4,16,8,8,16,34,37,72,0,11,11,21.0,61.54,20.51,10.26,2.56,2.56,0.0,0.0,0.0
9000008577,2025-08-24 13:00,0.529444,6,16,22,10,11,21,34,35,69,7,0,7,25.0,35.14,21.62,35.14,5.41,0.0,0.0,0.0,2.7
9000008577,2025-08-24 14:00,0.616389,13,7,20,19,10,29,50,27,77,5,8,14,27.0,25.0,18.75,52.08,2.08,0.0,2.08,0.0,0.0
9000008577,2025-08-24 15:00,0.7275,23,22,45,8,13,21,29,53,82,4,4,8,30.0,6.67,30.0,48.33,11.67,0.0,1.67,0.0,1.67
9000008577,2025-08-24 16:00,0.716667,10,14,24,8,10,18,54,35,89,6,10,15,27.0,15.62,32.81,45.31,4.69,1.56,0.0,0.0,0.0
9000008577,2025-08-24 17:00,0.3625,29,15,43,20,15,35,41,43,83,4,0,4,25.0,13.33,43.33,40.0,0.0,0.0,0.0,0.0,3.33
9000008577,2025-08-24 18:00,0.675,12,16,28,18,18,37,42,35,77,3,0,3,28.5,11.54,30.77,51.92,5.77,0.0,0.0,0.0,1.92
9000008577,2025-08-24 19:00,0.416667,27,8,36,7,8,15,49,27,76,0,2,2,32.5,0.0,31.25,43.75,21.88,3.12,0.0,0.0,0.0
9000008577,2025-08-25 06:00,0.160833,0,25,25,0,0,0,31,12,44,0,25,25,45.0,0.0,0.0,42.86,28.57,14.29,14.29,0.0,0.0
9000008577,2025-08-25 07:00,0.638611,5,12,18,0,6,6,39,16,56,4,9,13,28.0,5.56,30.56,58.33,8.33,0.0,0.0,0.0,0.0
9000008577,2025-08-25 08:00,0.395278,10,30,40,6,6,12,58,32,91,0,9,9,28.5,2.78,44.44,44.44,5.56,2.78,0.0,0.0,0.0
9000008577,2025-08-25 09:00,0.762222,12,21,33,3,5,8,79,36,115,4,10,14,27.0,6.9,39.08,50.57,1.15,0.0,0.0,0.0,2.3
9000008577,2025-08-25 10:00,0.736111,15,8,23,7,4,11,63,58,121,18,11,29,27.5,12.36,34.83,44.94,7.87,0.0,0.0,0.0,0.0
9000008577,2025-08-25 11:00,0.755,20,19,38,9,7,16,66,66,132,12,13,25,28.0,8.0,42.0,41.0,7.0,2.0,0.0,0.0,0.0
9000008577,2025-08-25 12:00,0.736389,20,19,39,23,4,27,62,60,122,11,23,34,26.5,16.67,36.67,41.11,3.33,2.22,0.0,0.0,0.0
9000008577,2025-08-25 13:00,0.730833,14,26,40,11,8,19,54,47,100,7,13,19,24.5,34.25,32.88,31.51,0.0,1.37,0.0,0.0,0.0
9000008577,2025-08-25 14:00,0.657222,9,11,20,41,12,53,79,77,156,5,17,21,27.5,11.65,34.95,44.66,8.74,0.0,0.0,0.0,0.0
9000008577,2025-08-25 15:00,0.722778,12,4,17,17,23,40,77,83,160,4,19,24,27.5,16.38,33.62,43.97,5.17,0.86,0.0,0.0,0.0
9000008577,2025-08-25 16:00,0.691944,13,27,40,14,16,30,76,78,154,10,8,18,27.0,20.56,32.71,41.12,4.67,0.93,0.0,0.0,0.0
9000008577,2025-08-25 17:00,0.696667,22,16,37,18,13,31,66,54,119,8,11,20,24.0,26.51,38.55,32.53,1.2,1.2,0.0,0.0,0.0
9000008577,2025-08-25 18:00,0.728611,23,23,47,19,4,23,70,66,136,5,8,14,28.5,21.21,36.36,31.31,4.04,2.02,0.0,0.0,5.05
9000008577,2025-08-25 19:00,0.363611,40,40,80,11,10,20,74,60,133,0,13,13,21.0,22.45,59.18,18.37,0.0,0.0,0.0,0.0,0.0
9000008577,2025-08-26 06:00,0.217778,4,13,17,0,10,10,27,19,47,21,6,27,34.5,10.0,20.0,40.0,40.0,0.0,0.0,0.0,0.0
9000008577,2025-08-26 07:00,0.781389,9,6,15,2,1,4,37,20,58,8,10,18,31.5,2.22,15.56,62.22,20.0,0.0,0.0,0.0,0.0
9000008577,2025-08-26 08:00,0.5875,11,14,24,11,25,36,58,30,88,1,9,11,28.5,7.69,34.62,48.08,9.62,0.0,0.0,0.0,0.0
9000008577,2025-08-26 09:00,0.770278,11,17,28,21,5,26,52,31,82,5,10,16,26.0,6.35,39.68,50.79,3.17,0.0,0.0,0.0,0.0
9000008577,2025-08-26 10:00,0.688056,6,13,19,24,21,44,28,23,51,4,12,16,25.5,28.57,31.43,40.0,0.0,0.0,0.0,0.0,0.0
9000008577,2025-08-26 11:00,0.644722,6,5,11,21,13,34,58,45,104,9,11,20,25.0,41.79,31.34,19.4,2.99,2.99,0.0,0.0,0.0
9000008577,2025-08-26 12:00,0.610833,10,12,21,19,18,37,70,62,132,6,11,18,21.0,50.62,33.33,13.58,1.23,1.23,0.0,0.0,1.23
9000008577,2025-08-26 13:00,0.534722,28,23,51,18,11,29,42,64,106,6,16,22,23.5,26.32,45.61,19.3,5.26,1.75,0.0,0.0,1.75
9000008577,2025-08-26 14:00,0.521389,25,15,40,34,44,79,51,79,130,10,14,23,24.5,19.12,38.24,41.18,1.47,0.0,0.0,0.0,0.0
9000008577,2025-08-26 15:00,0.628056,21,19,40,32,43,75,65,69,134,2,8,10,25.0,19.05,44.05,33.33,3.57,0.0,0.0,0.0,0.0
9000008577,2025-08-26 16:00,0.714722,18,9,26,10,13,23,76,92,168,6,17,23,26.0,20.83,39.17,34.17,5.0,0.83,0.0,0.0,0.0
9000008577,2025-08-26 17:00,0.756111,34,21,56,13,15,28,87,77,164,5,29,34,27.0,11.29,27.42,54.03,6.45,0.81,0.0,0.0,0.0
9000008577,2025-08-26 18:00,0.781111,28,24,53,11,1,13,74,58,132,8,14,22,25.0,9.71,43.69,44.66,1.94,0.0,0.0,0.0,0.0
9000008577,2025-08-26 19:00,0.263611,23,21,44,58,37,95,57,47,104,0,21,21,25.0,3.7,62.96,25.93,7.41,0.0,0.0,0.0,0.0
9000008577,2025-08-27 06:00,0.192222,7,4,11,11,7,18,15,8,24,0,4,4,33.5,20.0,0.0,40.0,40.0,0.0,0.0,0.0,0.0
9000008577,2025-08-27 07:00,0.556111,9,13,22,14,8,21,31,31,63,6,4,10,30.5,2.86,22.86,57.14,14.29,2.86,0.0,0.0,0.0
9000008577,2025-08-27 08:00,0.671389,4,26,30,10,13,23,55,26,81,10,10,20,29.0,12.96,22.22,53.7,11.11,0.0,1.85,0.0,0.0
9000008577,2025-08-27 09:00,0.657778,14,12,25,25,16,41,48,42,90,3,14,17,25.0,15.25,47.46,32.2,5.08,0.0,0.0,0.0,0.0
9000008577,2025-08-27 10:00,0.72,7,10,17,8,8,17,51,43,94,12,19,32,27.5,10.29,38.24,47.06,4.41,0.0,0.0,0.0,0.0
9000008577,2025-08-27 11:00,0.731944,21,14,34,5,4,9,54,46,100,12,11,23,27.0,5.48,41.1,45.21,8.22,0.0,0.0,0.0,0.0
9000008577,2025-08-27 12:00,0.553333,15,11,27,8,10,17,73,38,111,11,14,25,17.0,65.57,26.23,8.2,0.0,0.0,0.0,0.0,0.0
9000008577,2025-08-27 13:00,0.499444,21,26,47,18,25,43,47,50,97,6,20,26,24.0,40.82,32.65,26.53,0.0,0.0,0.0,0.0,0.0
9000008577,2025-08-27 14:00,0.5625,12,20,32,29,31,60,69,87,156,8,7,16,26.0,10.23,37.5,50.0,1.14,0.0,1.14,0.0,0.0
9000008577,2025-08-27 15:00,0.663333,17,18,35,27,39,66,52,77,129,7,23,30,27.5,23.26,32.56,33.72,9.3,0.0,0.0,0.0,0.0
9000008577,2025-08-27 16:00,0.706389,16,14,29,13,20,33,94,110,204,1,14,16,28.5,14.58,30.56,45.14,9.03,0.0,0.0,0.0,0.69
9000008577,2025-08-27 17:00,0.751944,20,17,38,21,8,29,88,69,156,8,12,20,27.5,15.25,40.68,35.59,7.63,0.0,0.0,0.0,0.0
9000008577,2025-08-27 18:00,0.740833,34,31,65,11,12,23,85,59,144,11,8,19,27.5,19.63,38.32,29.91,6.54,0.93,0.0,0.93,3.74
9000008577,2025-08-27 19:00,0.186389,29,40,69,11,36,47,43,98,141,14,0,14,23.0,11.54,50.0,38.46,0.0,0.0,0.0,0.0,0.0
9000008577,2025-08-28 07:00,0.261389,3,11,14,0,3,3,34,16,50,5,3,8,28.0,7.69,30.77,69.23,0.0,0.0,0.0,0.0,0.0
9000008577,2025-08-28 08:00,0.460278,6,18,24,15,10,25,67,24,92,8,12,20,24.5,21.43,28.57,47.62,2.38,0.0,0.0,0.0,0.0
9000008577,2025-08-28 09:00,0.508333,11,27,38,14,21,35,31,19,50,2,2,4,28.0,4.0,44.0,44.0,12.0,0.0,0.0,0.0,0.0
9000008577,2025-08-28 10:00,0.306389,11,9,20,12,4,16,51,38,88,11,2,12,28.0,7.41,29.63,59.26,0.0,7.41,0.0,0.0,0.0
9000008577,2025-08-28 11:00,0.282778,9,20,29,13,5,19,75,79,154,18,17,35,26.5,27.91,27.91,37.21,6.98,0.0,0.0,0.0,0.0
9000008577,2025-08-28 12:00,0.346667,15,22,36,29,18,47,74,65,139,4,18,22,26.0,8.33,29.17,58.33,4.17,0.0,0.0,0.0,0.0
9000008577,2025-08-28 13:00,0.497222,16,18,34,8,10,19,45,98,143,14,30,44,26.5,15.49,47.89,28.17,8.45,0.0,0.0,0.0,0.0
9000008577,2025-08-28 14:00,0.377222,10,12,22,13,15,27,67,61,128,16,20,36,27.5,8.33,37.5,45.83,8.33,0.0,0.0,0.0,0.0
9000008577,2025-08-28 15:00,0.35,24,11,35,16,7,23,83,81,163,12,25,37,26.5,1.75,38.6,54.39,3.51,0.0,0.0,0.0,1.75
9000008577,2025-08-28 16:00,0.429444,11,27,37,19,13,32,147,104,251,4,16,20,28.0,8.33,12.96,71.3,1.85,4.63,0.93,0.0,0.0
9000008577,2025-08-28 17:00,0.45,32,18,50,14,15,29,67,119,186,14,8,22,27.5,14.29,30.95,46.43,2.38,2.38,0.0,0.0,3.57
9000008577,2025-08-28 18:00,0.451667,23,13,36,18,17,35,67,92,159,0,19,19,26.0,4.17,48.61,38.89,5.56,1.39,0.0,0.0,0.0
9000008577,2025-08-28 19:00,0.184444,33,12,46,0,16,16,36,36,72,0,4,4,26.5,7.69,30.77,53.85,7.69,0.0,0.0,0.0,0.0
9000008577,2025-08-29 10:00,0.0725,14,0,14,0,0,0,97,97,193,14,14,28,24.5,7.14,21.43,71.43,0.0,0.0,0.0,0.0,0.0
9000008577,2025-08-29 11:00,0.185833,16,32,47,0,0,0,48,100,148,9,32,40,25.0,0.0,37.04,55.56,3.7,0.0,0.0,0.0,0.0
9000008577,2025-08-29 12:00,0.010833,0,0,0,0,0,0,0,0,0,0,0,0,,0.0,0.0,0.0,0.0,0.0,0.0,0.0,0.0
9000008577,2025-08-29 15:00,0.108611,11,17,29,0,6,6,57,23,80,0,23,23,30.0,0.0,11.11,66.67,11.11,0.0,0.0,0.0,0.0
9000008577,2025-08-30 15:00,0.113889,5,60,65,0,5,5,219,43,262,0,60,60,25.5,3.33,20.0,76.67,3.33,0.0,0.0,0.0,0.0
9000008577,2025-08-31 09:00,0.140278,6,9,15,15,0,15,6,12,17,0,0,0,27.5,0.0,50.0,50.0,0.0,0.0,0.0,0.0,0.0
9000008577,2025-09-01 06:00,0.046389,0,0,0,43,22,65,0,0,0,0,0,0,,0.0,0.0,0.0,0.0,0.0,0.0,0.0,0.0
9000008577,2025-09-01 07:00,0.044167,0,0,0,45,23,68,23,23,45,23,0,23,18.5,0.0,100.0,0.0,0.0,0.0,0.0,0.0,0.0
9000008577,2025-09-01 14:00,0.086667,46,35,81,23,0,23,69,162,231,23,23,46,22.5,15.0,60.0,25.0,0.0,0.0,0.0,0.0,0.0
9000008577,2025-09-01 18:00,0.029444,136,136,272,34,0,34,204,238,442,0,0,0,27.5,7.69,30.77,53.85,7.69,0.0,0.0,0.0,0.0
9000008577,2025-09-03 10:00,0.016667,0,180,180,180,240,420,240,180,420,0,60,60,20.0,0.0,85.71,14.29,0.0,0.0,0.0,0.0,0.0
9000008577,2025-09-04 09:00,0.147222,31,0,31,37,16,52,52,43,95,0,5,5,24.5,7.14,28.57,71.43,0.0,0.0,0.0,0.0,0.0
9000008577,2025-09-05 14:00,0.101389,59,20,79,0,10,10,108,217,325,0,20,20,26.5,15.15,30.3,48.48,6.06,0.0,0.0,0.0,0.0
9000008577,2025-09-05 15:00,0.047778,0,0,0,21,0,21,126,63,188,0,21,21,31.5,22.22,11.11,44.44,22.22,0.0,0.0,0.0,0.0
9000008577,2025-09-05 16:00,0.141667,27,17,44,32,5,37,71,123,194,5,5,10,28.0,25.93,29.63,40.74,7.41,0.0,0.0,0.0,0.0
9000008577,2025-09-06 09:00,0.1075,11,11,22,11,0,11,77,0,77,0,11,11,24.0,12.5,37.5,62.5,0.0,0.0,0.0,0.0,0.0
9000008577,2025-09-06 13:00,0.14,6,0,6,73,11,84,30,38,68,0,16,16,20.0,66.67,11.11,11.11,0.0,0.0,0.0,0.0,0.0
9000008577,2025-09-06 17:00,0.091667,0,0,0,0,0,0,22,22,44,0,0,0,27.0,50.0,25.0,25.0,0.0,0.0,0.0,0.0,0.0
9000008577,2025-09-07 17:00,0.1475,12,31,43,6,14,20,70,59,129,6,0,6,29.5,10.53,21.05,63.16,10.53,0.0,0.0,0.0,0.0
9000008577,2025-09-08 10:00,0.097222,0,10,10,41,10,51,0,82,82,0,21,21,25.0,0.0,25.0,75.0,0.0,0.0,0.0,0.0,0.0
9000008577,2025-09-08 18:00,0.081944,24,49,73,12,0,12,85,146,232,0,37,37,28.0,0.0,57.89,31.58,5.26,0.0,0.0,0.0,5.26
9000008577,2025-09-09 16:00,0.136389,29,45,74,10,0,10,114,73,187,5,5,10,24.5,4.0,48.0,48.0,4.0,0.0,0.0,0.0,0.0
9000008577,2025-09-09 18:00,0.136111,28,30,58,16,10,26,69,134,203,0,18,18,24.0,17.86,50.0,32.14,0.0,0.0,0.0,0.0,0.0
9000008577,2025-09-10 14:00,0.05,40,0,40,100,80,180,220,240,460,20,0,20,30.5,21.74,39.13,21.74,17.39,0.0,0.0,0.0,0.0
9000008577,2025-09-11 10:00,0.118889,0,0,0,10,10,20,40,74,114,34,25,60,19.5,0.0,92.86,7.14,0.0,0.0,0.0,0.0,0.0
9000008577,2025-09-11 14:00,0.163056,9,18,27,32,32,64,83,132,215,14,19,33,27.5,11.43,40.0,40.0,8.57,0.0,0.0,0.0,0.0
9000008577,2025-09-13 14:00,0.101944,0,10,10,29,29,59,20,78,98,0,0,0,28.5,10.0,20.0,60.0,0.0,0.0,10.0,0.0,0.0
9000008577,2025-09-13 15:00,0.124444,0,5,5,53,90,143,15,141,156,0,0,0,30.5,15.79,26.32,42.11,10.53,5.26,0.0,5.26,0.0
9000008577,2025-09-14 16:00,0.156389,0,0,0,24,10,34,87,78,165,9,0,9,28.0,0.0,23.08,69.23,3.85,3.85,0.0,0.0,0.0
9000008577,2025-09-16 13:00,0.128056,4,4,9,52,4,57,70,31,102,18,9,27,14.5,38.46,61.54,0.0,0.0,0.0,0.0,0.0,0.0
9000008577,2025-09-17 08:00,0.073611,0,9,9,9,0,9,140,35,175,31,0,31,24.0,15.38,46.15,38.46,7.69,0.0,0.0,0.0,0.0
9000008577,2025-09-22 10:00,0.180833,6,13,19,6,0,6,63,43,106,19,18,37,29.5,0.0,52.63,31.58,10.53,0.0,0.0,0.0,0.0
9000008577,2025-09-22 14:00,0.076389,65,39,105,52,26,79,105,301,406,13,39,52,27.0,0.0,45.16,51.61,3.23,0.0,0.0,0.0,0.0
9000008577,2025-09-22 15:00,0.105833,28,47,76,19,19,38,123,76,198,9,19,28,26.5,9.52,42.86,42.86,4.76,0.0,0.0,0.0,0.0
9000008577,2025-09-22 16:00,0.043333,69,69,138,46,46,92,392,185,577,46,92,138,28.5,20.0,36.0,32.0,12.0,0.0,0.0,0.0,0.0
9000008577,2025-09-23 12:00,0.217778,20,8,28,15,26,40,66,60,127,14,33,47,10.5,82.14,10.71,0.0,0.0,0.0,0.0,0.0,7.14
9000008577,2025-09-23 14:00,0.157222,0,17,17,34,19,52,85,159,244,37,5,42,26.5,15.79,34.21,42.11,5.26,2.63,0.0,0.0,0.0
9000008577,2025-09-23 15:00,0.075556,13,13,26,13,53,66,26,53,79,13,13,26,23.0,0.0,66.67,33.33,0.0,0.0,0.0,0.0,0.0
9000008577,2025-09-25 15:00,0.1225,5,10,15,59,49,108,152,133,285,0,20,20,26.5,8.57,48.57,42.86,0.0,0.0,0.0,0.0,0.0
9000008577,2025-09-26 08:00,0.111944,27,36,63,18,18,36,116,89,205,0,27,27,29.5,4.35,43.48,39.13,8.7,4.35,0.0,0.0,0.0
9000008577,2025-09-26 09:00,0.0425,30,20,49,39,0,39,59,30,88,0,0,0,31.5,0.0,25.0,50.0,25.0,0.0,0.0,0.0,0.0
9000008577,2025-09-26 16:00,0.166667,26,5,31,36,13,49,102,153,255,26,23,49,28.5,13.95,41.86,37.21,9.3,0.0,0.0,0.0,0.0
9000008577,2025-09-28 07:00,0.1,0,0,0,0,10,10,20,20,40,0,10,10,32.0,50.0,0.0,25.0,25.0,0.0,0.0,0.0,0.0
9000008577,2025-09-28 14:00,0.117222,30,5,36,41,25,66,15,31,46,0,0,0,21.5,0.0,80.0,20.0,0.0,0.0,0.0,0.0,0.0
9000008577,2025-09-28 15:00,0.126944,0,76,76,41,5,46,202,29,231,5,0,5,26.5,10.34,34.48,51.72,3.45,3.45,0.0,0.0,0.0
9000008577,2025-09-29 10:00,0.110556,0,0,0,37,5,43,32,46,78,11,71,81,28.5,0.0,22.22,77.78,0.0,0.0,0.0,0.0,0.0
9000008577,2025-10-01 12:00,0.150278,10,7,17,116,35,152,17,99,116,0,0,0,29.0,41.18,11.76,29.41,11.76,0.0,0.0,0.0,0.0
9000008577,2025-10-02 09:00,0.074722,27,68,96,59,9,68,146,80,226,0,9,9,25.5,0.0,64.71,41.18,0.0,0.0,0.0,0.0,0.0
9000008577,2025-10-04 12:00,0.139444,10,5,16,10,32,43,26,79,105,0,5,5,26.0,20.0,26.67,53.33,0.0,0.0,0.0,0.0,0.0
9000008577,2025-10-05 14:00,0.143333,31,16,47,11,5,16,67,73,140,10,16,26,27.5,10.0,35.0,45.0,10.0,0.0,0.0,0.0,0.0
9000008577,2025-10-07 14:00,0.238333,43,38,81,0,15,15,79,168,247,4,38,42,24.5,16.95,45.76,32.2,5.08,0.0,0.0,0.0,0.0
9000008577,2025-10-08 11:00,0.086111,0,6,6,0,0,0,13,45,58,6,0,6,19.5,20.0,80.0,20.0,0.0,0.0,0.0,0.0,0.0
9000008577,2025-10-13 09:00,0.078056,13,26,38,90,13,102,141,0,141,38,26,64,26.5,18.18,45.45,27.27,9.09,0.0,0.0,0.0,0.0
9000008577,2025-10-13 10:00,0.055556,0,0,0,36,18,54,324,54,378,54,18,72,24.5,14.29,33.33,52.38,0.0,0.0,0.0,0.0,0.0
9000008577,2025-10-13 13:00,0.093056,43,11,54,54,64,118,129,54,183,11,43,54,23.0,29.41,35.29,35.29,0.0,0.0,0.0,0.0,0.0
9000008577,2025-10-13 14:00,0.151667,26,34,60,0,9,9,131,42,172,5,31,36,28.5,11.54,26.92,46.15,11.54,0.0,0.0,0.0,0.0
9000008577,2025-10-13 15:00,0.1525,49,19,68,57,48,105,125,123,248,10,67,77,28.0,15.79,26.32,47.37,7.89,0.0,0.0,0.0,0.0
9000008577,2025-10-13 17:00,0.167222,51,46,97,9,17,26,109,121,230,53,26,78,23.5,10.53,60.53,23.68,5.26,0.0,0.0,0.0,0.0
9000008577,2025-10-14 15:00,0.062222,15,50,65,17,17,35,189,50,239,15,30,45,24.5,13.33,46.67,33.33,6.67,0.0,0.0,0.0,0.0
9000008577,2025-10-16 09:00,0.100556,6,18,24,0,6,6,326,96,422,6,0,6,30.0,0.0,23.81,61.9,14.29,0.0,0.0,0.0,0.0
9000008577,2025-10-16 11:00,0.160278,6,19,25,6,0,6,112,100,212,37,25,62,30.0,11.76,20.59,52.94,11.76,2.94,0.0,0.0,0.0
9000008577,2025-10-16 14:00,0.098056,20,31,51,10,51,61,173,112,286,51,20,71,25.0,17.86,35.71,39.29,7.14,0.0,0.0,0.0,0.0
9000008577,2025-10-16 15:00,0.142778,15,27,42,21,21,42,187,154,342,52,38,90,28.0,16.33,38.78,34.69,6.12,0.0,0.0,0.0,2.04
9000008577,2025-10-17 14:00,0.081389,37,49,86,37,25,61,184,197,381,12,12,25,29.0,16.13,41.94,29.03,9.68,0.0,0.0,0.0,3.23
9000008577,2025-10-18 09:00,0.110278,24,41,64,0,6,6,22,46,69,0,11,11,28.5,0.0,37.5,62.5,0.0,0.0,0.0,0.0,0.0
9000008577,2025-10-18 17:00,0.135,61,42,103,44,0,44,263,131,394,44,15,59,24.5,16.98,32.08,50.94,1.89,0.0,0.0,0.0,0.0
9000008577,2025-10-20 08:00,0.076389,13,0,13,0,0,0,26,13,39,0,0,0,32.5,0.0,33.33,33.33,33.33,0.0,0.0,0.0,0.0
9000008577,2025-10-22 10:00,0.063611,0,16,16,47,63,110,173,110,283,16,31,47,28.0,22.22,22.22,44.44,11.11,0.0,0.0,0.0,0.0
9000008577,2025-10-22 13:00,0.118056,65,90,155,5,5,10,206,31,237,36,10,46,27.0,17.86,32.14,46.43,0.0,0.0,3.57,0.0,0.0
9000008577,2025-10-22 14:00,0.106111,104,31,135,6,6,12,308,64,372,31,0,31,29.0,7.69,23.08,58.97,10.26,0.0,0.0,0.0,0.0
9000008577,2025-10-23 12:00,0.090556,0,22,22,33,0,33,88,44,133,33,22,55,24.5,0.0,25.0,75.0,0.0,0.0,0.0,0.0,0.0
9000008577,2025-10-23 13:00,0.048611,41,21,62,21,21,41,165,62,226,21,62,82,24.0,9.09,45.45,45.45,0.0,0.0,0.0,0.0,0.0
9000008577,2025-10-24 16:00,0.084722,83,24,106,24,0,24,330,71,401,24,24,47,28.0,0.0,61.76,32.35,5.88,0.0,0.0,0.0,0.0
9000008577,2025-10-25 08:00,0.058333,34,17,51,0,0,0,0,0,0,0,0,0,,0.0,0.0,0.0,0.0,0.0,0.0,0.0,0.0
9000008577,2025-10-25 09:00,0.231111,35,36,71,7,11,18,39,33,72,4,21,25,30.0,11.76,17.65,58.82,17.65,0.0,0.0,0.0,0.0
9000008577,2025-10-25 16:00,0.153889,29,10,39,15,10,24,210,157,367,15,15,29,28.0,12.5,32.14,48.21,5.36,0.0,1.79,0.0,0.0
9000008577,2025-10-27 13:00,0.13,9,18,27,0,37,37,276,92,368,18,13,31,29.0,41.67,18.75,29.17,4.17,0.0,2.08,0.0,8.33
9000008577,2025-10-27 14:00,0.090278,33,33,66,44,11,55,199,33,233,0,11,11,25.0,0.0,33.33,61.9,4.76,0.0,0.0,0.0,0.0
9000008577,2025-10-28 09:00,0.084722,0,12,12,0,0,0,47,35,83,0,0,0,28.0,14.29,14.29,71.43,0.0,0.0,0.0,0.0,0.0
9000008577,2025-10-29 13:00,0.118611,10,40,50,31,10,41,115,60,175,5,54,59,31.5,4.76,33.33,42.86,23.81,0.0,0.0,0.0,0.0
9000008577,2025-10-30 11:00,0.031111,129,64,193,0,96,96,675,257,932,193,129,321,26.0,10.34,34.48,51.72,3.45,0.0,0.0,0.0,0.0
9000008577,2025-10-30 12:00,0.081389,12,0,12,37,12,49,246,86,332,12,25,37,27.5,7.41,25.93,62.96,3.7,0.0,0.0,0.0,0.0
9000008577,2025-11-06 16:00,0.058056,34,52,86,17,17,34,276,189,465,0,0,0,30.0,3.7,40.74,40.74,11.11,3.7,0.0,0.0,0.0
9000008577,2025-11-07 08:00,0.100556,24,18,42,6,6,12,144,54,197,0,30,30,28.0,0.0,40.0,60.0,0.0,0.0,0.0,0.0,0.0
9000008577,2025-11-09 11:00,0.110278,0,16,16,5,0,5,76,11,87,11,5,16,28.0,0.0,40.0,50.0,20.0,0.0,0.0,0.0,0.0
9000008577,2025-11-09 12:00,0.081944,12,24,37,0,24,24,73,24,98,0,0,0,39.0,0.0,25.0,50.0,12.5,12.5,0.0,0.0,0.0
9000008577,2025-11-09 13:00,0.0825,48,24,73,0,0,0,73,61,133,0,12,12,26.0,9.09,27.27,63.64,0.0,0.0,0.0,0.0,0.0
9000008577,2025-11-10 08:00,0.085833,0,0,0,22,7,29,116,7,124,0,0,0,24.0,9.09,18.18,72.73,0.0,0.0,0.0,0.0,0.0
9000008577,2025-11-10 09:00,0.098333,0,0,0,14,19,33,146,61,207,59,19,78,23.5,10.0,65.0,20.0,5.0,0.0,0.0,0.0,0.0
9000008577,2025-11-10 11:00,0.051944,0,0,0,0,39,39,116,96,212,58,19,77,26.0,9.09,72.73,18.18,0.0,0.0,0.0,0.0,0.0
9000008577,2025-11-10 14:00,0.117778,0,0,0,20,10,30,128,49,177,5,49,54,23.5,4.76,71.43,14.29,4.76,0.0,0.0,4.76,0.0
9000008577,2025-11-11 11:00,0.087222,0,0,0,34,0,34,103,103,206,23,69,92,19.0,33.33,55.56,11.11,0.0,0.0,0.0,0.0,0.0
9000008577,2025-11-11 12:00,0.058889,0,0,0,0,0,0,136,85,221,0,17,17,32.5,23.08,38.46,15.38,23.08,0.0,0.0,0.0,0.0
9000008577,2025-11-11 13:00,0.075,27,27,53,0,0,0,80,133,213,0,27,27,19.5,18.75,68.75,12.5,0.0,0.0,0.0,0.0,0.0
9000008577,2025-11-12 11:00,0.077222,52,13,65,26,0,26,39,26,65,0,52,52,23.0,40.0,20.0,40.0,0.0,0.0,0.0,0.0,0.0
9000008577,2025-11-12 12:00,0.078889,25,0,25,0,0,0,51,51,101,51,0,51,19.5,25.0,62.5,12.5,0.0,0.0,0.0,0.0,0.0
9000008577,2025-11-12 13:00,0.100278,20,30,50,0,10,10,110,80,189,20,60,80,25.5,15.79,47.37,31.58,5.26,0.0,0.0,0.0,0.0
9000008577,2025-11-12 14:00,0.043056,46,23,70,0,23,23,70,116,186,46,23,70,24.5,0.0,50.0,50.0,0.0,0.0,0.0,0.0,0.0
9000008577,2025-11-13 10:00,0.138333,10,25,34,12,12,23,98,12,110,25,31,56,24.5,20.0,33.33,53.33,0.0,0.0,0.0,0.0,0.0
9000008577,2025-11-14 09:00,0.084722,12,24,35,12,0,12,142,106,248,12,12,24,27.5,9.52,42.86,42.86,4.76,0.0,0.0,0.0,0.0
9000008577,2025-11-14 10:00,0.050833,20,39,59,0,0,0,98,0,98,0,39,39,28.0,0.0,40.0,60.0,0.0,0.0,0.0,0.0,0.0
9000008577,2025-11-15 12:00,0.0975,21,31,51,10,10,21,123,10,133,0,21,21,27.5,38.46,15.38,38.46,7.69,0.0,0.0,0.0,0.0
9000008577,2025-11-15 13:00,0.054444,18,0,18,55,0,55,147,110,257,0,18,18,18.5,35.71,57.14,7.14,0.0,0.0,0.0,0.0,0.0
9000008577,2025-11-16 09:00,0.089444,7,7,14,0,0,0,0,14,14,0,0,0,28.5,0.0,0.0,0.0,0.0,0.0,0.0,0.0,0.0
9000008577,2025-11-17 08:00,0.059444,12,39,51,0,0,0,160,53,213,26,26,53,28.0,0.0,38.46,69.23,0.0,0.0,0.0,0.0,0.0
9000008577,2025-11-17 13:00,0.095278,52,52,105,21,31,52,126,73,199,10,10,21,25.5,31.58,21.05,42.11,5.26,0.0,0.0,0.0,0.0
9000008577,2025-11-17 14:00,0.254444,38,65,103,42,10,53,162,267,430,19,36,55,24.0,16.51,46.79,33.03,1.83,0.92,0.0,0.0,0.0
9000008577,2025-11-19 09:00,0.108333,9,9,18,28,0,28,138,55,194,28,9,37,27.5,9.52,38.1,47.62,0.0,4.76,0.0,0.0,0.0
9000008577,2025-11-19 10:00,0.164167,7,0,7,13,0,13,51,34,84,10,0,10,15.5,35.71,57.14,7.14,0.0,0.0,0.0,0.0,0.0
9000008577,2025-11-20 09:00,0.111944,20,49,69,10,10,20,138,45,182,0,0,0,32.0,10.0,20.0,45.0,25.0,0.0,0.0,0.0,0.0
9000008577,2025-11-20 13:00,0.069444,29,29,58,58,29,86,115,86,202,29,29,58,23.5,0.0,42.86,57.14,0.0,0.0,0.0,0.0,0.0
9000008577,2025-11-21 08:00,0.035556,0,28,28,0,56,56,309,0,309,0,0,0,28.0,18.18,36.36,45.45,0.0,0.0,0.0,0.0,0.0
9000008577,2025-11-21 09:00,0.059444,0,17,17,34,17,50,50,67,118,17,0,17,30.0,0.0,28.57,57.14,0.0,14.29,0.0,0.0,0.0
9000008577,2025-11-21 12:00,0.079722,25,38,63,13,13,25,138,25,163,13,0,13,25.0,38.46,30.77,15.38,7.69,7.69,0.0,0.0,0.0
9000008577,2025-11-23 08:00,0.096389,6,6,12,6,0,6,0,0,0,0,0,0,,0.0,0.0,0.0,0.0,0.0,0.0,0.0,0.0
9000008577,2025-11-23 09:00,0.061389,0,0,0,0,0,0,16,0,16,0,0,0,19.0,0.0,100.0,0.0,0.0,0.0,0.0,0.0,0.0
9000008577,2025-11-23 12:00,0.086111,12,23,35,23,0,23,35,35,70,0,0,0,28.0,0.0,50.0,50.0,0.0,0.0,0.0,0.0,0.0
9000008577,2025-11-23 13:00,0.124167,30,25,55,12,6,18,66,54,120,0,6,6,24.0,6.67,40.0,53.33,0.0,0.0,0.0,0.0,0.0
9000008577,2025-11-23 14:00,0.1025,33,39,72,6,6,13,85,112,197,0,0,0,21.5,45.0,30.0,20.0,0.0,0.0,0.0,0.0,0.0
9000008577,2025-11-24 11:00,0.096111,21,10,31,21,0,21,94,42,135,42,0,42,25.0,15.38,61.54,23.08,0.0,0.0,0.0,0.0,0.0
9000008577,2025-11-24 12:00,0.148889,41,7,47,0,0,0,80,106,186,7,35,42,28.0,10.71,57.14,21.43,3.57,3.57,0.0,0.0,3.57
9000008577,2025-11-25 08:00,0.066667,0,30,30,0,45,45,60,15,75,0,30,30,16.0,60.0,40.0,0.0,0.0,0.0,0.0,0.0,0.0
9000008577,2025-11-26 11:00,0.063333,16,32,47,0,0,0,95,95,189,32,0,32,25.5,8.33,33.33,58.33,0.0,0.0,0.0,0.0,0.0
9000008577,2025-11-26 13:00,0.085278,70,35,106,35,0,35,176,117,293,23,12,35,23.5,16.0,52.0,32.0,0.0,0.0,0.0,0.0,0.0
9000008577,2025-11-27 15:00,0.165833,29,0,29,6,6,12,107,64,171,12,29,41,29.5,14.29,46.43,28.57,10.71,0.0,0.0,0.0,3.57
9000008577,2025-11-28 13:00,0.616111,32,23,55,9,8,17,158,142,300,23,44,67,26.0,13.51,38.38,42.16,5.41,0.54,0.0,0.0,0.0
9000008577,2025-11-28 14:00,0.778333,44,33,77,5,12,17,185,167,352,26,89,114,24.5,2.55,55.11,37.96,2.92,0.73,0.0,0.0,0.73
9000008577,2025-11-28 15:00,0.408889,41,46,88,9,16,25,217,163,380,18,28,46,25.0,10.97,46.45,41.29,1.29,0.0,0.0,0.0,0.0
9000008577,2025-11-29 08:00,0.354444,4,17,21,18,0,18,9,7,16,2,15,17,24.5,16.67,50.0,33.33,16.67,0.0,0.0,0.0,0.0
9000008577,2025-11-29 09:00,0.563056,10,21,30,4,4,9,38,30,69,2,7,9,30.0,2.56,23.08,58.97,15.38,0.0,0.0,0.0,0.0
9000008577,2025-11-29 10:00,0.488056,13,28,41,6,3,9,60,35,94,3,6,9,29.5,10.87,34.78,41.3,8.7,4.35,0.0,0.0,0.0
9000008577,2025-11-29 11:00,0.655833,28,26,53,19,13,32,84,36,120,8,19,27,29.5,15.19,24.05,45.57,11.39,1.27,0.0,0.0,1.27
9000008577,2025-11-29 12:00,0.785278,39,36,75,27,14,41,106,61,167,11,9,20,27.0,7.63,45.8,40.46,5.34,0.0,0.76,0.0,0.0
9000008577,2025-11-29 13:00,0.703333,29,35,64,65,24,89,181,62,243,24,24,48,28.0,5.26,39.77,45.03,8.19,1.17,0.0,0.0,0.58
9000008577,2025-11-29 14:00,0.580556,23,28,51,10,13,23,306,86,392,24,16,41,25.5,11.01,41.85,43.17,3.52,0.44,0.0,0.0,0.0
9000008577,2025-11-29 15:00,0.283611,6,10,15,55,0,55,259,117,376,11,14,25,29.0,13.08,35.51,38.32,12.15,0.0,0.0,0.0,0.0
9000008577,2025-11-30 08:00,0.566944,0,1,1,1,0,1,5,14,19,1,0,1,27.5,0.0,9.09,81.82,0.0,0.0,0.0,0.0,0.0
9000008577,2025-11-30 09:00,0.786389,6,8,14,5,6,11,25,24,49,4,9,13,28.0,5.13,35.9,53.85,5.13,0.0,0.0,0.0,0.0
9000008577,2025-11-30 10:00,0.792778,9,11,20,11,5,16,30,38,68,1,8,9,27.5,12.96,46.3,31.48,7.41,1.85,0.0,0.0,0.0
9000008577,2025-11-30 11:00,0.768889,13,12,25,10,7,17,35,26,61,4,9,13,19.5,34.04,53.19,10.64,0.0,0.0,0.0,0.0,2.13
9000008577,2025-11-30 12:00,0.791667,15,18,33,6,8,14,49,48,97,1,6,8,27.0,7.79,38.96,50.65,2.6,0.0,0.0,0.0,0.0
9000008577,2025-11-30 13:00,0.789167,30,21,52,4,13,16,77,47,124,9,3,11,26.5,5.1,34.69,54.08,6.12,0.0,0.0,0.0,0.0
9000008577,2025-11-30 14:00,0.794722,21,19,40,6,5,11,92,81,173,5,4,9,25.0,8.03,48.18,39.42,3.65,0.73,0.0,0.0,0.0
9000008577,2025-11-30 15:00,0.416667,23,19,42,9,15,24,188,105,293,11,6,16,24.5,5.74,50.82,37.7,3.28,2.46,0.0,0.0,0.0
9000008577,2025-12-01 08:00,0.408333,12,12,24,0,5,5,157,46,203,6,8,14,29.0,10.84,22.89,54.22,9.64,1.2,0.0,0.0,1.2
9000008577,2025-12-01 09:00,0.700556,13,28,41,43,14,57,181,42,223,31,3,34,26.5,16.67,32.05,47.44,3.21,0.64,0.0,0.0,0.0
9000008577,2025-12-01 10:00,0.738056,8,19,27,5,7,12,95,46,141,11,15,26,23.5,25.0,49.04,21.15,4.81,0.0,0.0,0.0,0.0
9000008577,2025-12-01 11:00,0.790278,23,29,52,14,5,19,143,87,230,28,26,54,24.5,6.04,49.45,40.11,3.85,0.0,0.0,0.0,0.55
9000008577,2025-12-01 12:00,0.791389,24,21,45,13,10,23,109,100,209,29,30,59,25.0,13.33,46.06,37.58,3.03,0.0,0.0,0.0,0.0
9000008577,2025-12-01 13:00,0.781389,22,26,47,5,12,17,164,106,271,22,45,67,24.5,17.06,49.29,27.01,6.64,0.0,0.0,0.0,0.0
9000008577,2025-12-01 14:00,0.785,26,23,48,12,13,24,140,108,249,20,42,62,24.5,15.9,41.03,38.97,2.56,1.03,0.0,0.0,0.51
9000008577,2025-12-01 15:00,0.586667,31,27,58,66,19,86,365,83,448,21,23,44,19.0,41.44,48.29,9.51,0.38,0.0,0.0,0.0,0.38
9000008577,2025-12-02 08:00,0.4075,9,39,48,21,13,34,187,47,234,20,6,26,27.5,16.84,34.74,44.21,4.21,0.0,0.0,0.0,1.05
9000008577,2025-12-02 09:00,0.435556,19,8,28,22,17,39,158,62,220,17,19,37,25.0,11.46,39.58,42.71,6.25,0.0,0.0,0.0,0.0
9000008577,2025-12-02 10:00,0.478333,4,16,20,10,10,20,143,71,214,11,11,22,24.0,23.3,43.69,31.07,1.94,0.0,0.0,0.0,0.0
9000008577,2025-12-02 11:00,0.449722,5,9,14,3,12,16,120,86,207,10,15,25,23.5,22.58,47.31,31.18,0.0,0.0,0.0,0.0,0.0
9000008577,2025-12-02 12:00,0.435,13,13,27,12,21,33,94,60,154,11,28,40,27.0,8.96,44.78,43.28,5.97,0.0,0.0,0.0,0.0
9000008577,2025-12-02 13:00,0.7075,25,21,47,23,13,36,130,94,224,26,24,50,24.5,22.78,38.61,32.91,3.8,0.63,0.0,0.0,0.0
9000008577,2025-12-02 14:00,0.492778,25,26,51,25,14,38,98,83,180,25,32,57,24.5,19.1,47.19,32.58,2.25,0.0,0.0,0.0,0.0
9000008577,2025-12-02 15:00,0.251389,26,29,55,17,4,21,143,148,292,21,22,44,24.5,15.07,39.73,41.1,2.74,0.0,0.0,0.0,0.0
9000008577,2025-12-03 08:00,0.400278,5,25,30,22,4,26,79,45,125,18,5,24,29.0,6.0,30.0,50.0,10.0,2.0,0.0,0.0,0.0
9000008577,2025-12-03 09:00,0.771389,16,40,56,3,10,13,141,50,191,16,10,26,27.5,10.2,41.5,40.14,7.48,0.68,0.0,0.0,0.0
9000008577,2025-12-03 10:00,0.783056,20,9,30,10,11,22,74,62,136,21,15,36,25.5,9.43,51.89,33.96,5.66,0.0,0.0,0.0,0.0
9000008577,2025-12-03 11:00,0.791111,18,21,39,5,0,5,86,71,157,24,11,35,27.0,6.45,41.94,45.16,6.45,0.0,0.0,0.0,0.0
9000008577,2025-12-03 12:00,0.790278,21,49,71,13,12,25,107,70,177,22,25,47,26.0,9.29,42.86,42.14,5.71,0.0,0.0,0.0,0.0
9000008577,2025-12-03 13:00,0.788056,33,24,57,14,5,19,144,122,266,34,40,74,26.5,9.05,45.71,38.1,6.67,0.48,0.0,0.0,0.0
9000008577,2025-12-03 14:00,0.780278,18,23,41,8,15,23,123,116,239,27,26,52,24.5,17.11,47.59,29.95,3.74,0.0,0.0,0.0,1.07
9000008577,2025-12-03 15:00,0.204167,29,14,43,12,16,28,130,119,248,10,20,30,24.5,7.84,41.18,45.1,3.92,0.0,0.0,0.0,0.0
9000008577,2025-12-04 08:00,0.420556,13,23,36,5,14,19,146,55,201,21,7,27,28.5,3.57,32.14,57.14,5.95,1.19,0.0,0.0,0.0
9000008577,2025-12-04 09:00,0.722778,19,25,43,4,6,10,144,40,184,39,7,46,27.5,10.53,39.85,41.35,6.77,0.75,0.0,0.0,0.0
9000008577,2025-12-04 10:00,0.760833,16,21,36,5,8,13,208,62,270,46,21,67,23.5,25.24,46.6,23.79,2.91,0.49,0.0,0.0,0.97
9000008577,2025-12-04 11:00,0.759722,25,18,43,44,9,53,136,67,203,40,36,75,19.0,34.42,54.55,11.04,0.65,0.0,0.0,0.0,0.0
9000008577,2025-12-04 12:00,0.785833,20,22,42,6,6,13,158,114,272,45,36,80,24.5,8.41,50.93,37.85,2.8,0.0,0.0,0.0,0.0
9000008577,2025-12-04 13:00,0.782222,33,32,65,18,6,24,175,119,294,30,32,63,24.5,25.22,38.26,33.48,2.61,0.0,0.0,0.0,0.43
9000008577,2025-12-04 14:00,0.781944,41,35,75,10,9,19,185,93,278,40,22,61,27.5,6.91,40.55,45.16,5.53,0.92,0.0,0.46,0.46
9000008577,2025-12-04 15:00,0.350556,40,25,65,10,23,33,189,100,288,20,31,51,24.0,10.89,46.53,38.61,3.96,0.0,0.0,0.0,0.0
9000008577,2025-12-05 08:00,0.075556,0,26,26,13,13,26,66,53,119,13,13,26,26.5,11.11,44.44,44.44,0.0,0.0,0.0,0.0,0.0
9000008577,2025-12-05 09:00,0.453056,12,7,19,10,7,17,166,50,216,12,12,24,24.0,18.37,51.02,29.59,1.02,0.0,0.0,0.0,1.02
9000008577,2025-12-05 10:00,0.458333,8,10,18,4,3,7,146,107,253,21,8,28,24.0,8.62,56.03,31.03,3.45,0.0,0.0,0.0,0.0
9000008577,2025-12-05 11:00,0.581667,3,9,12,9,5,13,189,63,253,31,14,45,25.0,10.88,46.26,40.14,2.04,0.68,0.0,0.0,0.0
9000008577,2025-12-05 12:00,0.628056,9,9,18,8,4,12,173,78,251,23,23,47,25.0,19.62,42.41,32.28,4.43,0.63,0.0,0.0,0.0
9000008577,2025-12-05 13:00,0.437778,5,22,26,12,11,23,200,160,360,20,23,42,24.5,15.92,47.13,30.57,5.73,0.64,0.0,0.0,0.0
9000008577,2025-12-05 14:00,0.690556,14,7,21,11,3,14,151,115,267,29,25,54,25.0,3.26,47.28,45.65,3.8,0.0,0.0,0.0,0.0
9000008577,2025-12-05 15:00,0.044167,45,0,45,0,0,0,68,181,249,23,0,23,26.0,0.0,54.55,45.45,0.0,0.0,0.0,0.0,0.0
9000008577,2025-12-06 08:00,0.453611,10,5,15,5,0,5,35,19,54,3,3,6,26.0,12.5,37.5,45.83,4.17,0.0,0.0,0.0,0.0
9000008577,2025-12-06 09:00,0.786389,10,22,32,1,1,3,37,29,66,5,6,11,28.0,1.92,34.62,55.77,5.77,1.92,0.0,0.0,0.0
9000008577,2025-12-06 10:00,0.7875,19,34,53,14,8,21,38,57,95,20,14,34,27.5,12.0,36.0,45.33,5.33,1.33,0.0,0.0,0.0
9000008577,2025-12-06 11:00,0.793333,30,15,45,4,6,10,79,48,127,10,13,23,19.5,30.0,57.0,13.0,0.0,0.0,0.0,0.0,0.0
9000008577,2025-12-06 12:00,0.795,15,20,35,9,14,22,115,70,185,11,14,25,25.0,4.08,46.26,44.9,4.08,0.68,0.0,0.0,0.0
9000008577,2025-12-06 13:00,0.769167,29,22,51,8,13,21,229,116,344,39,30,69,25.5,10.94,40.38,43.77,4.53,0.38,0.0,0.0,0.0
9000008577,2025-12-06 14:00,0.779722,23,27,50,34,9,43,228,89,317,40,31,71,24.0,11.74,48.58,37.25,2.02,0.4,0.0,0.0,0.0
9000008577,2025-12-06 15:00,0.485556,12,12,24,8,9,17,326,125,451,24,31,55,27.0,7.76,35.62,52.51,4.57,0.0,0.0,0.0,0.46
9000008577,2025-12-07 08:00,0.199722,0,49,49,0,0,0,7,0,7,4,0,4,19.0,0.0,100.0,0.0,0.0,0.0,0.0,0.0,0.0
9000008577,2025-12-07 09:00,0.601944,4,12,16,3,2,6,18,20,37,1,3,5,31.5,27.27,4.55,50.0,13.64,4.55,0.0,0.0,0.0
9000008577,2025-12-07 10:00,0.793056,14,20,34,1,8,9,21,29,51,3,9,11,26.0,5.0,30.0,60.0,5.0,0.0,0.0,0.0,0.0
9000008577,2025-12-07 11:00,0.781944,17,15,32,1,5,6,37,43,80,3,0,3,28.5,3.17,49.21,38.1,7.94,1.59,0.0,0.0,0.0
9000008577,2025-12-07 12:00,0.778056,24,23,48,15,10,26,51,41,93,4,4,8,28.0,1.39,38.89,52.78,5.56,1.39,0.0,0.0,0.0
9000008577,2025-12-07 13:00,0.775278,18,6,24,6,10,17,88,65,153,8,4,12,27.5,13.56,34.75,45.76,5.93,0.0,0.0,0.0,0.0
9000008577,2025-12-07 14:00,0.784722,14,27,41,14,6,20,102,62,164,10,4,14,26.5,12.4,41.09,43.41,3.1,0.0,0.0,0.0,0.0
9000008577,2025-12-07 15:00,0.486111,39,26,65,2,3,5,110,62,172,5,3,9,29.5,8.33,28.57,50.0,11.9,1.19,0.0,0.0,0.0
9000008577,2025-12-08 08:00,0.206389,46,21,67,22,18,40,101,66,167,53,41,94,27.0,23.53,29.41,50.0,0.0,0.0,0.0,0.0,0.0
9000008577,2025-12-08 09:00,0.585,17,31,48,71,14,85,144,34,178,17,25,42,26.0,10.58,44.23,42.31,2.88,0.0,0.0,0.0,0.0
9000008577,2025-12-08 10:00,0.656667,7,22,28,46,6,52,73,50,124,25,22,46,23.0,27.16,49.38,23.46,1.23,0.0,0.0,0.0,0.0
9000008577,2025-12-08 11:00,0.683889,18,25,42,40,25,65,77,47,124,20,27,47,14.0,64.71,31.76,2.35,1.18,0.0,0.0,0.0,0.0
9000008577,2025-12-08 12:00,0.7675,28,21,48,60,28,88,110,83,193,21,22,43,23.5,15.54,50.68,31.76,1.35,0.68,0.0,0.0,0.0
9000008577,2025-12-08 13:00,0.774444,37,41,79,9,12,21,123,107,230,14,24,39,25.0,6.18,45.51,43.82,3.93,0.56,0.0,0.0,0.0
9000008577,2025-12-08 14:00,0.773333,40,30,69,9,14,23,130,138,269,17,19,36,26.0,16.35,35.58,40.38,6.25,1.44,0.0,0.0,0.0
9000008577,2025-12-08 15:00,0.315556,37,30,67,13,27,39,113,153,266,21,56,76,24.0,15.48,48.81,30.95,3.57,0.0,0.0,0.0,1.19
9000008577,2025-12-11 08:00,0.359167,10,27,37,7,2,10,132,60,193,24,10,34,27.0,20.29,31.88,37.68,8.7,0.0,0.0,0.0,1.45
9000008577,2025-12-11 09:00,0.780833,23,37,60,10,9,19,142,59,201,28,18,46,24.0,17.2,43.31,36.94,2.55,0.0,0.0,0.0,0.0
9000008577,2025-12-11 10:00,0.723889,18,13,31,11,7,18,77,53,130,22,22,45,21.0,36.17,45.74,18.09,0.0,0.0,0.0,0.0,0.0
9000008577,2025-12-11 11:00,0.776667,17,19,36,23,10,33,99,67,166,22,31,52,26.5,13.18,43.41,37.21,4.65,0.0,0.78,0.0,0.78
9000008577,2025-12-11 12:00,0.779167,28,23,51,14,14,28,97,79,176,26,22,48,23.0,25.55,48.18,24.09,2.19,0.0,0.0,0.0,0.0
9000008577,2025-12-11 13:00,0.777222,26,26,51,23,18,41,130,121,251,19,36,55,24.0,11.79,50.26,34.87,3.08,0.0,0.0,0.0,0.0
9000008577,2025-12-11 14:00,0.774722,43,31,73,14,14,28,170,125,295,31,32,63,24.5,8.33,52.63,35.96,3.07,0.0,0.0,0.0,0.44
9000008577,2025-12-11 15:00,0.664167,47,40,87,13,11,24,182,140,322,22,34,56,23.5,13.55,55.14,30.37,1.4,0.0,0.0,0.0,0.0
9000008577,2025-12-12 08:00,0.295556,3,18,21,4,2,5,230,19,249,14,9,22,24.5,0.0,75.34,19.18,4.11,0.0,0.0,0.0,0.0
9000008577,2025-12-12 09:00,0.644444,21,35,56,25,6,30,79,53,132,17,20,37,25.0,2.35,57.65,37.65,1.18,1.18,0.0,0.0,0.0
9000008577,2025-12-12 10:00,0.796667,21,31,53,3,4,6,83,49,132,19,20,39,25.5,1.9,52.38,40.95,4.76,0.0,0.0,0.0,0.0
9000008577,2025-12-12 11:00,0.719444,34,25,59,33,11,45,119,51,170,25,31,55,23.5,13.11,55.74,28.69,1.64,0.0,0.0,0.0,0.82
9000008577,2025-12-12 12:00,0.572222,26,15,41,29,36,65,164,48,212,20,50,70,25.0,11.57,53.72,26.45,5.79,0.83,0.0,2.48,0.0
9000008577,2025-12-12 13:00,0.771667,25,22,47,25,19,44,141,106,247,41,59,101,24.0,14.14,57.07,26.18,2.09,0.0,0.52,0.0,0.0
9000008577,2025-12-12 14:00,0.471944,20,35,55,8,25,33,220,114,334,52,31,83,23.0,19.62,55.06,24.68,1.27,0.0,0.0,0.0,0.0
9000008577,2025-12-12 15:00,0.299444,28,41,69,14,7,20,109,117,225,24,24,48,25.0,8.96,41.79,44.78,4.48,0.0,0.0,0.0,0.0
9000008577,2025-12-13 08:00,0.170556,4,8,12,11,40,51,24,23,47,0,22,22,24.0,37.5,25.0,50.0,0.0,0.0,0.0,0.0,0.0
9000008577,2025-12-13 09:00,0.325278,6,3,9,9,22,31,30,39,69,9,4,13,29.5,0.0,31.82,54.55,13.64,0.0,0.0,0.0,0.0
9000008577,2025-12-13 10:00,0.792778,16,31,48,8,10,18,56,49,105,15,10,25,28.0,4.82,30.12,57.83,7.23,0.0,0.0,0.0,0.0
9000008577,2025-12-13 11:00,0.788889,25,33,58,4,9,13,74,62,136,14,16,30,27.5,0.93,34.58,58.88,5.61,0.0,0.0,0.0,0.0
9000008577,2025-12-13 12:00,0.783611,34,34,69,12,4,15,105,75,180,26,15,41,27.0,2.84,46.81,43.97,4.96,0.71,0.0,0.0,0.71
9000008577,2025-12-13 13:00,0.780556,26,26,51,23,17,39,132,45,176,23,31,54,25.0,18.84,40.58,36.96,2.9,0.0,0.72,0.0,0.0
9000008577,2025-12-13 14:00,0.780833,19,24,44,11,17,28,194,71,265,32,29,61,23.5,7.73,61.84,27.54,2.42,0.48,0.0,0.0,0.0
9000008577,2025-12-13 15:00,0.289167,10,36,47,31,8,39,246,96,342,44,28,73,23.5,7.07,56.57,35.35,1.01,0.0,0.0,0.0,0.0
9000008577,2025-12-14 08:00,0.230833,12,3,15,0,3,3,10,11,21,0,5,5,29.5,0.0,20.0,80.0,20.0,0.0,0.0,0.0,0.0
9000008577,2025-12-14 09:00,0.508056,14,12,26,3,9,12,12,19,31,3,0,3,26.5,6.25,25.0,56.25,0.0,6.25,0.0,0.0,0.0
9000008577,2025-12-14 10:00,0.781667,6,19,26,9,8,17,22,32,54,5,8,13,24.0,4.76,59.52,33.33,2.38,0.0,0.0,0.0,0.0
9000008577,2025-12-14 11:00,0.755278,29,17,47,12,22,34,37,41,78,5,11,16,23.5,16.95,49.15,32.2,1.69,0.0,0.0,0.0,0.0
9000008577,2025-12-14 12:00,0.751667,12,26,38,13,12,25,89,51,140,11,7,18,28.0,15.24,33.33,42.86,6.67,1.9,0.0,0.0,0.0
9000008577,2025-12-14 13:00,0.750278,25,29,55,15,11,25,56,68,124,9,3,12,26.5,7.53,45.16,40.86,6.45,0.0,0.0,0.0,0.0
9000008577,2025-12-14 14:00,0.755556,30,31,61,16,13,29,99,70,170,12,3,15,27.5,4.69,42.19,43.75,8.59,0.0,0.78,0.0,0.0
9000008577,2025-12-14 15:00,0.461667,30,34,63,7,5,12,84,66,150,3,10,13,25.0,4.35,52.17,36.23,7.25,0.0,0.0,0.0,0.0
9000008577,2025-12-15 08:00,0.301667,8,24,32,17,8,25,130,122,252,38,29,68,24.0,5.26,56.58,32.89,1.32,2.63,0.0,0.0,0.0
9000008577,2025-12-15 09:00,0.7825,22,40,61,10,15,26,145,49,193,23,14,37,23.5,19.87,49.67,27.15,3.31,0.0,0.0,0.0,0.0
9000008577,2025-12-15 10:00,0.719722,23,18,41,25,21,46,102,65,167,20,11,31,19.5,40.83,47.5,11.67,0.83,0.0,0.0,0.0,0.0
9000008577,2025-12-15 11:00,0.714167,19,23,43,44,16,60,52,46,98,19,13,32,21.5,37.14,45.71,12.86,2.86,1.43,1.43,0.0,0.0
9000008577,2025-12-15 12:00,0.781667,23,39,63,12,11,23,72,103,175,10,9,19,25.0,7.3,45.99,40.88,5.11,0.73,0.0,0.0,0.0
9000008577,2025-12-15 13:00,0.781389,43,38,81,9,5,14,150,128,277,28,23,51,23.5,9.22,59.45,29.95,1.38,0.0,0.0,0.0,0.0
9000008577,2025-12-15 14:00,0.79,35,28,64,22,14,36,130,107,238,33,33,66,24.5,9.57,53.72,31.91,4.26,0.53,0.0,0.0,0.0
9000008577,2025-12-15 15:00,0.520556,15,29,45,6,9,15,158,126,284,25,22,47,24.0,19.59,52.7,23.65,3.38,0.0,0.0,0.0,0.68
9000008577,2025-12-16 08:00,0.166944,23,33,56,5,0,5,122,63,185,32,17,50,26.0,9.68,38.71,51.61,3.23,0.0,0.0,0.0,0.0
9000008577,2025-12-16 09:00,0.788889,11,35,47,21,13,33,140,49,190,43,22,65,25.5,8.0,40.67,46.0,4.67,0.67,0.0,0.0,0.0
9000008577,2025-12-16 10:00,0.734167,19,15,34,8,14,22,81,62,144,19,35,53,19.0,37.14,53.33,10.48,0.0,0.0,0.0,0.0,0.0
9000008577,2025-12-16 11:00,0.723611,24,26,49,24,24,48,73,41,114,29,17,46,15.5,57.83,37.35,6.02,0.0,0.0,0.0,0.0,0.0
9000008577,2025-12-16 12:00,0.774167,48,22,69,12,17,29,91,63,154,14,21,35,26.0,19.17,39.17,35.0,6.67,0.0,0.0,0.0,0.0
9000008577,2025-12-16 13:00,0.7875,22,31,52,10,8,18,98,103,201,33,36,69,23.5,18.99,53.16,25.32,2.53,0.0,0.0,0.0,0.0
9000008577,2025-12-16 14:00,0.642222,34,25,59,19,14,33,141,101,242,38,20,57,24.5,14.74,46.79,33.97,2.56,0.64,0.0,0.0,1.28
9000008577,2025-12-16 15:00,0.263333,42,20,62,18,24,42,191,77,269,31,28,60,23.5,16.9,54.93,19.72,5.63,1.41,1.41,1.41,0.0
9000008577,2025-12-17 08:00,0.303611,14,33,47,4,27,31,107,68,175,20,9,29,27.5,3.77,35.85,52.83,5.66,1.89,0.0,0.0,0.0
9000008577,2025-12-17 09:00,0.788611,19,34,53,20,11,32,106,51,157,32,19,51,28.0,8.87,40.32,42.74,4.84,0.81,0.0,0.0,2.42
9000008577,2025-12-17 10:00,0.74,16,18,34,39,16,55,64,37,100,15,16,31,27.5,28.38,39.19,22.97,1.35,1.35,6.76,0.0,1.35
9000008577,2025-12-17 11:00,0.728056,23,27,50,15,17,32,41,55,96,21,29,49,13.5,68.57,28.57,2.86,0.0,0.0,0.0,0.0,0.0
9000008577,2025-12-17 12:00,0.788611,28,33,61,23,18,40,141,94,234,23,19,41,24.5,20.54,44.86,29.19,4.86,0.54,0.0,0.0,0.0
9000008577,2025-12-17 13:00,0.781944,32,29,61,4,4,8,130,81,211,32,44,76,25.0,9.09,46.67,41.21,3.03,0.0,0.0,0.0,0.0
9000008577,2025-12-17 14:00,0.783889,23,31,54,6,5,11,117,143,260,33,40,73,24.0,17.16,48.53,31.86,2.45,0.0,0.0,0.0,0.0
9000008577,2025-12-17 15:00,0.5925,32,29,60,8,19,27,140,162,303,51,38,89,26.5,10.06,45.25,36.31,8.38,0.0,0.0,0.0,0.56
9000008577,2025-12-18 08:00,0.103611,10,36,46,10,0,10,107,60,167,18,0,18,27.5,11.76,11.76,76.47,0.0,0.0,0.0,0.0,0.0
9000008577,2025-12-18 09:00,0.793333,14,25,39,8,6,14,123,53,176,33,16,49,28.0,4.29,40.0,45.71,9.29,0.0,0.71,0.0,0.0
9000008577,2025-12-18 10:00,0.759167,19,22,41,12,4,16,106,60,166,19,13,32,23.5,21.43,46.03,32.54,0.79,0.0,0.0,0.0,0.0
9000008577,2025-12-18 11:00,0.738056,21,18,39,28,5,33,76,64,140,31,32,63,16.0,42.72,45.63,9.71,0.0,0.97,0.0,0.0,0.97
9000008577,2025-12-18 12:00,0.782778,29,33,63,29,11,41,112,75,187,27,13,39,24.0,4.11,58.9,32.19,5.48,0.0,0.0,0.0,0.0
9000008577,2025-12-18 13:00,0.783889,44,37,81,11,5,17,153,110,262,33,31,64,27.0,9.27,42.44,43.9,3.9,0.49,0.0,0.0,0.0
9000008577,2025-12-18 14:00,0.774722,41,37,79,21,9,30,154,101,254,44,35,79,24.5,16.24,45.18,36.04,2.54,0.0,0.0,0.0,0.0
9000008577,2025-12-18 15:00,0.388889,31,38,69,21,8,28,129,150,279,49,28,77,24.0,18.52,44.44,35.19,1.85,0.0,0.0,0.0,0.0
9000008577,2025-12-19 08:00,0.4225,10,23,33,7,2,9,77,56,133,12,5,17,29.5,10.71,37.5,39.29,10.71,3.57,0.0,0.0,0.0
9000008577,2025-12-19 09:00,0.722222,12,16,29,10,11,21,84,45,129,19,5,24,26.5,5.38,43.01,44.09,5.38,1.08,0.0,0.0,0.0
9000008577,2025-12-19 10:00,0.790556,22,24,46,6,11,18,87,73,160,16,19,35,27.5,11.02,40.94,40.16,7.09,0.79,0.0,0.0,0.0
9000008577,2025-12-19 11:00,0.786111,22,27,48,11,14,25,134,82,215,43,26,69,26.0,5.92,48.52,39.64,5.33,0.0,0.0,0.0,0.59
9000008577,2025-12-19 12:00,0.718056,30,25,55,15,10,25,146,74,221,57,37,94,28.0,6.96,44.94,39.24,7.59,1.27,0.0,0.0,0.0
9000008577,2025-12-19 13:00,0.71,31,30,61,18,7,25,195,156,352,45,26,71,26.0,14.8,42.8,38.0,4.0,0.0,0.0,0.0,0.4
9000008577,2025-12-19 14:00,0.708611,34,20,54,6,25,32,157,127,283,47,34,82,24.5,16.42,43.78,37.31,2.99,0.0,0.0,0.0,0.0
9000008577,2025-12-19 15:00,0.326389,37,24,60,14,20,34,140,94,234,21,22,43,23.0,15.79,52.63,31.58,0.0,1.32,0.0,0.0,0.0
9000008577,2025-12-20 08:00,0.349722,6,8,14,3,0,3,15,17,32,3,11,14,26.0,18.18,27.27,54.55,0.0,0.0,0.0,0.0,0.0
9000008577,2025-12-20 09:00,0.795833,18,18,35,5,7,12,12,26,39,14,5,19,28.5,3.23,38.71,45.16,12.9,0.0,0.0,0.0,0.0
9000008577,2025-12-20 10:00,0.783889,14,31,45,6,6,13,46,46,92,15,6,22,29.0,20.83,26.39,40.28,8.33,4.17,0.0,0.0,0.0
9000008577,2025-12-20 11:00,0.780833,25,22,47,19,9,28,56,32,88,8,13,21,25.5,15.94,49.28,27.54,5.8,0.0,0.0,0.0,1.45
9000008577,2025-12-20 12:00,0.781389,21,23,44,18,27,45,99,56,155,22,15,37,25.5,8.26,53.72,34.71,3.31,0.0,0.0,0.0,0.0
9000008577,2025-12-20 13:00,0.771667,19,35,54,13,17,30,158,82,240,36,13,49,24.5,8.65,54.05,33.51,2.7,1.08,0.0,0.0,0.0
9000008577,2025-12-20 14:00,0.776667,35,24,59,9,12,21,160,87,248,26,20,46,25.0,11.98,44.27,38.54,4.69,0.52,0.0,0.0,0.0
9000008577,2025-12-20 15:00,0.525,21,23,44,10,11,21,215,61,276,28,12,39,24.5,39.31,17.93,39.31,3.45,0.69,0.0,0.0,0.0
9000008577,2025-12-21 08:00,0.033333,0,0,0,0,0,0,0,0,0,0,0,0,,0.0,0.0,0.0,0.0,0.0,0.0,0.0,0.0
9000008577,2025-12-21 09:00,0.720278,8,14,21,1,4,6,15,14,30,2,5,7,31.0,9.52,19.05,57.14,19.05,0.0,0.0,0.0,0.0
9000008577,2025-12-21 10:00,0.73,16,13,30,3,3,6,22,21,43,1,1,3,31.0,12.9,32.26,38.71,12.9,0.0,3.23,0.0,0.0
9000008577,2025-12-21 11:00,0.795,6,21,28,3,4,6,38,43,80,3,4,6,29.0,9.38,34.38,45.31,10.94,0.0,0.0,0.0,0.0
9000008577,2025-12-21 12:00,0.775556,21,28,49,1,9,10,44,46,90,6,13,19,28.5,4.29,47.14,37.14,10.0,1.43,0.0,0.0,0.0
9000008577,2025-12-21 13:00,0.62,31,15,46,8,0,8,67,51,118,1,14,15,28.5,4.11,42.47,42.47,9.59,0.0,0.0,0.0,0.0
9000008577,2025-12-21 14:00,0.688056,22,16,38,7,13,20,58,50,109,9,7,16,28.0,13.33,32.0,42.67,10.67,1.33,0.0,0.0,0.0
9000008577,2025-12-21 15:00,0.120833,8,8,17,0,0,0,50,58,108,0,8,8,30.0,15.38,30.77,38.46,15.38,0.0,0.0,0.0,0.0
9000008577,2025-12-22 09:00,0.502222,8,9,17,3,3,6,68,39,106,10,9,20,27.5,18.87,32.08,43.4,5.66,1.89,0.0,0.0,0.0
9000008577,2025-12-22 10:00,0.655556,11,14,26,8,2,10,96,51,147,35,13,48,28.0,7.29,31.25,53.12,6.25,1.04,0.0,0.0,0.0
9000008577,2025-12-22 11:00,0.789722,21,23,44,5,8,13,107,87,194,13,25,38,27.0,9.15,40.52,46.41,3.92,0.0,0.0,0.0,0.0
9000008577,2025-12-22 12:00,0.720278,22,30,52,21,15,36,105,65,170,21,33,54,27.5,10.57,39.84,43.9,4.07,2.44,0.0,0.0,0.0
9000008577,2025-12-22 13:00,0.788611,30,19,49,10,11,22,167,124,291,34,30,64,28.5,10.92,31.88,48.47,8.3,0.44,0.0,0.0,0.0
9000008577,2025-12-22 14:00,0.545278,25,19,44,51,16,66,220,117,337,25,17,43,27.5,11.96,34.78,45.65,5.98,1.09,0.54,0.0,0.0
9000008577,2025-12-23 08:00,0.178056,11,6,17,22,17,39,73,11,84,17,11,28,37.0,6.67,6.67,53.33,26.67,0.0,0.0,0.0,6.67
9000008577,2025-12-23 09:00,0.406389,9,20,29,11,7,17,46,29,75,9,8,16,28.5,23.33,36.67,26.67,6.67,3.33,0.0,0.0,0.0
9000008577,2025-12-23 10:00,0.286389,0,14,14,11,3,13,96,50,146,19,28,46,31.0,7.14,30.95,47.62,16.67,0.0,0.0,0.0,2.38
9000008577,2025-12-23 11:00,0.3625,7,17,24,20,8,28,141,44,186,19,4,23,27.0,16.42,37.31,40.3,5.97,0.0,0.0,0.0,0.0
9000008577,2025-12-23 12:00,0.416667,13,13,26,44,44,88,109,81,191,34,10,44,27.0,13.92,32.91,50.63,2.53,0.0,0.0,0.0,0.0
9000008577,2025-12-23 13:00,0.5125,11,18,29,41,19,60,196,94,290,13,17,30,26.0,23.49,32.89,41.61,1.34,0.0,0.0,0.0,0.0
9000008577,2025-12-23 14:00,0.474722,8,20,28,14,12,26,156,160,316,22,20,42,25.5,28.0,30.67,36.67,4.0,0.0,0.67,0.0,0.0
9000008577,2025-12-23 15:00,0.271389,21,23,45,40,26,66,247,89,336,25,30,55,28.5,15.38,23.08,52.75,8.79,0.0,0.0,0.0,0.0
9000008577,2025-12-24 08:00,0.254167,0,8,8,15,3,18,30,21,51,3,17,21,36.5,7.69,15.38,38.46,46.15,0.0,0.0,0.0,0.0
9000008577,2025-12-24 09:00,0.379444,4,3,7,27,12,38,29,29,58,0,12,12,26.0,9.09,40.91,45.45,0.0,4.55,0.0,0.0,0.0
9000008577,2025-12-24 10:00,0.730278,8,9,17,19,8,27,42,47,89,9,7,16,24.5,26.15,33.85,38.46,3.08,0.0,0.0,0.0,0.0
9000008577,2025-12-24 11:00,0.688889,4,12,17,9,10,19,46,34,81,18,11,29,14.5,50.91,49.09,0.0,1.82,0.0,0.0,0.0,0.0
9000008577,2025-12-24 12:00,0.779444,17,23,40,31,13,44,99,61,160,5,5,10,28.0,5.6,31.2,56.8,3.2,3.2,0.0,0.0,0.0
9000008577,2025-12-24 13:00,0.7875,18,19,37,16,8,24,105,61,166,9,25,34,27.5,12.98,35.88,41.98,9.16,0.0,0.0,0.0,0.0
9000008577,2025-12-24 14:00,0.793333,18,19,36,23,21,44,88,101,189,8,19,26,25.5,16.0,36.0,43.33,4.67,0.0,0.0,0.0,0.0
9000008577,2025-12-24 15:00,0.525,23,19,43,7,5,12,73,62,136,8,18,27,27.5,4.23,38.03,49.3,8.45,0.0,0.0,0.0,0.0
9000008577,2025-12-25 08:00,0.369444,8,7,15,0,2,2,10,20,30,0,0,0,29.5,9.09,27.27,54.55,18.18,0.0,0.0,0.0,0.0
9000008577,2025-12-25 09:00,0.795833,5,6,11,0,3,3,5,10,15,0,1,1,36.0,0.0,41.67,41.67,8.33,8.33,0.0,0.0,0.0
9000008577,2025-12-25 10:00,0.738889,5,4,9,1,0,1,11,11,21,1,0,1,27.5,25.0,37.5,31.25,6.25,0.0,0.0,0.0,0.0
9000008577,2025-12-25 11:00,0.679444,7,1,9,1,3,4,6,10,16,0,4,4,11.0,81.82,18.18,0.0,0.0,0.0,0.0,0.0,0.0
9000008577,2025-12-25 12:00,0.7825,13,8,20,12,9,21,25,22,47,0,1,1,26.0,5.41,40.54,45.95,8.11,0.0,0.0,0.0,0.0
9000008577,2025-12-25 13:00,0.796389,10,16,27,4,3,6,42,32,74,0,1,1,28.0,16.95,37.29,35.59,10.17,0.0,0.0,0.0,0.0
9000008577,2025-12-25 14:00,0.787222,14,16,30,1,8,9,36,36,71,1,3,4,25.0,7.14,41.07,46.43,5.36,0.0,0.0,0.0,0.0
9000008577,2025-12-25 15:00,0.571389,21,26,47,4,3,7,35,61,95,0,3,3,28.0,9.26,42.59,37.04,11.11,0.0,0.0,0.0,0.0
9000008577,2025-12-26 08:00,0.333611,0,0,0,4,0,4,3,4,6,0,5,5,18.0,50.0,50.0,0.0,0.0,0.0,0.0,0.0,0.0
9000008577,2025-12-26 09:00,0.798889,10,9,19,1,0,1,7,10,18,0,2,2,26.5,7.14,50.0,42.86,0.0,0.0,0.0,0.0,0.0
9000008577,2025-12-26 10:00,0.743056,5,5,11,4,0,4,15,12,27,1,5,6,26.0,20.0,30.0,50.0,0.0,0.0,0.0,0.0,0.0
9000008577,2025-12-26 11:00,0.679167,3,9,12,11,3,14,19,13,32,1,4,6,16.0,63.64,27.27,9.09,0.0,0.0,0.0,0.0,0.0
9000008577,2025-12-26 12:00,0.783056,14,17,31,8,3,10,29,32,61,1,0,1,32.0,29.17,18.75,33.33,14.58,2.08,2.08,0.0,0.0
9000008577,2025-12-26 13:00,0.792778,24,19,43,3,1,4,68,54,122,4,3,6,29.0,3.12,40.62,45.83,8.33,3.12,0.0,0.0,0.0
9000008577,2025-12-26 14:00,0.785278,19,18,37,5,1,6,64,51,115,4,11,15,26.0,17.78,40.0,36.67,5.56,0.0,0.0,0.0,0.0
9000008577,2025-12-26 15:00,0.598611,11,15,27,4,1,5,127,48,175,5,5,10,23.0,59.05,20.0,19.05,2.86,0.95,0.0,0.0,0.0
9000008577,2025-12-27 08:00,0.126944,16,8,24,0,8,8,16,24,39,0,0,0,31.0,0.0,60.0,20.0,20.0,0.0,0.0,0.0,0.0
9000008577,2025-12-27 09:00,0.508333,15,6,20,4,3,6,14,13,27,3,6,8,26.0,7.14,50.0,42.86,0.0,0.0,0.0,0.0,0.0
9000008577,2025-12-27 10:00,0.790556,13,13,25,4,8,11,24,18,42,3,5,8,23.5,36.36,30.3,33.33,0.0,0.0,0.0,0.0,0.0
9000008577,2025-12-27 11:00,0.716667,15,19,34,11,7,18,55,29,85,5,6,10,25.5,9.84,49.18,36.07,4.92,0.0,0.0,0.0,0.0
9000008577,2025-12-27 12:00,0.733056,22,14,36,3,0,3,62,50,112,6,12,18,26.5,4.88,52.44,40.24,3.66,0.0,0.0,0.0,0.0
9000008577,2025-12-27 13:00,0.656389,14,9,23,2,0,2,94,59,153,12,14,26,29.5,4.95,32.67,51.49,11.88,0.0,0.0,0.0,0.0
9000008577,2025-12-27 14:00,0.528889,20,9,29,18,2,20,172,85,257,11,7,18,29.0,15.44,31.62,41.91,9.56,0.74,0.0,0.0,0.0
9000008577,2025-12-27 15:00,0.295556,15,31,46,26,2,29,213,54,267,0,2,2,26.0,5.06,50.63,36.71,3.8,1.27,1.27,1.27,0.0
9000008577,2025-12-28 08:00,0.201111,3,7,10,0,0,0,73,6,78,0,67,67,15.0,6.25,93.75,0.0,12.5,0.0,0.0,0.0,0.0
9000008577,2025-12-28 09:00,0.379167,8,8,15,0,0,0,6,14,20,5,0,5,28.0,12.5,25.0,75.0,0.0,0.0,0.0,0.0,0.0
9000008577,2025-12-28 10:00,0.529167,4,3,7,0,3,3,18,8,26,3,3,6,25.0,50.0,28.57,14.29,7.14,0.0,0.0,0.0,0.0
9000008577,2025-12-28 11:00,0.69,3,1,4,4,2,6,15,15,30,2,3,5,13.5,57.14,42.86,0.0,0.0,0.0,0.0,0.0,0.0
9000008577,2025-12-28 12:00,0.777778,13,15,28,18,8,26,30,24,54,3,4,6,31.0,4.76,23.81,54.76,9.52,7.14,0.0,0.0,0.0
9000008577,2025-12-28 13:00,0.799444,14,14,28,10,11,21,41,31,73,0,4,4,28.5,1.72,32.76,55.17,8.62,1.72,0.0,0.0,0.0
9000008577,2025-12-28 14:00,0.798611,20,19,39,4,4,7,44,44,88,2,1,4,30.5,2.86,28.57,52.86,14.29,1.43,0.0,0.0,0.0
9000008577,2025-12-28 15:00,0.690556,27,18,45,4,8,12,72,45,118,1,3,4,30.5,0.0,34.57,49.38,11.11,3.7,1.23,0.0,0.0
9000008577,2025-12-29 08:00,0.186389,4,18,21,4,11,14,32,14,46,4,4,7,29.0,11.11,44.44,33.33,11.11,0.0,0.0,0.0,0.0
9000008577,2025-12-29 09:00,0.484722,8,6,13,0,10,10,54,32,86,10,5,15,32.5,0.0,26.19,52.38,21.43,2.38,0.0,0.0,0.0
9000008577,2025-12-29 10:00,0.493611,9,14,23,17,7,23,71,51,122,8,13,21,26.5,28.33,33.33,31.67,6.67,0.0,0.0,0.0,1.67
9000008577,2025-12-29 11:00,0.770556,29,18,46,35,24,58,71,54,125,4,9,13,29.0,9.38,35.42,42.71,9.38,2.08,0.0,0.0,1.04
9000008577,2025-12-29 12:00,0.769167,21,25,46,47,31,77,99,71,170,9,4,13,29.5,10.69,29.01,46.56,12.98,0.76,0.0,0.0,0.0
9000008577,2025-12-29 13:00,0.766944,26,12,37,17,12,29,159,121,280,10,14,25,28.5,21.4,23.72,45.58,7.44,0.47,0.47,0.93,0.47
9000008577,2025-12-29 14:00,0.733889,31,17,48,22,5,27,179,113,292,10,15,26,27.0,21.96,27.1,44.39,6.07,0.0,0.0,0.0,0.0
9000008577,2025-12-29 15:00,0.295833,23,15,38,28,8,35,227,64,291,10,10,20,27.5,9.3,30.23,53.49,5.81,1.16,1.16,0.0,0.0
9000008577,2025-12-30 08:00,0.166667,0,5,5,0,0,0,52,11,63,8,13,21,32.0,0.0,10.0,80.0,20.0,0.0,0.0,0.0,0.0
9000008577,2025-12-30 09:00,0.346667,6,13,18,6,3,9,24,32,56,10,15,25,29.5,10.53,26.32,47.37,10.53,0.0,0.0,0.0,0.0
9000008577,2025-12-30 10:00,0.433889,4,8,12,25,8,33,24,39,63,12,33,45,17.0,59.26,44.44,0.0,0.0,0.0,0.0,0.0,0.0
9000008577,2025-12-30 11:00,0.705278,9,7,16,7,16,23,31,36,67,16,9,24,19.0,42.55,44.68,8.51,0.0,0.0,0.0,0.0,4.26
9000008577,2025-12-30 12:00,0.742222,23,20,43,30,17,47,113,67,180,5,7,12,29.5,13.43,31.34,43.28,11.19,0.75,0.0,0.0,0.0
9000008577,2025-12-30 13:00,0.723056,16,22,39,27,15,42,191,108,300,22,30,52,23.0,24.42,47.93,25.35,2.3,0.0,0.0,0.0,0.0
9000008577,2025-12-30 14:00,0.734444,23,31,54,27,19,46,238,98,336,28,27,55,24.0,23.89,43.32,29.15,2.83,0.4,0.0,0.0,0.4
9000008577,2025-12-30 15:00,0.666667,14,26,40,16,17,33,233,80,313,24,16,39,25.0,11.48,47.37,38.76,1.91,0.96,0.0,0.0,0.0
9000008577,2025-12-31 08:00,0.118056,0,0,0,15,0,15,12,15,27,0,0,0,26.5,66.67,0.0,33.33,0.0,0.0,0.0,0.0,0.0
9000008577,2025-12-31 09:00,0.686389,5,12,18,0,9,9,27,13,40,10,3,13,23.0,21.43,57.14,14.29,3.57,0.0,0.0,0.0,3.57
9000008577,2025-12-31 10:00,0.768889,14,33,47,9,1,10,40,35,76,5,1,6,22.0,46.55,32.76,17.24,3.45,0.0,0.0,0.0,0.0
9000008577,2025-12-31 11:00,0.786944,25,24,49,4,4,8,61,46,107,11,8,19,26.0,4.76,36.9,57.14,1.19,0.0,0.0,0.0,0.0
9000008577,2025-12-31 12:00,0.795833,13,28,40,15,5,20,63,50,113,5,14,19,26.5,12.22,41.11,41.11,2.22,2.22,1.11,0.0,0.0
9000008577,2025-12-31 13:00,0.778056,22,18,40,4,3,6,115,67,183,8,13,21,27.0,8.45,30.99,54.93,4.23,0.7,0.7,0.0,0.0
9000008577,2025-12-31 14:00,0.578333,22,33,55,5,16,21,102,100,201,3,7,9,28.5,8.62,30.17,53.45,6.03,1.72,0.0,0.0,0.0
9000008577,2025-12-31 15:00,0.123611,42,0,42,20,14,34,107,116,223,20,6,25,27.0,25.0,25.0,42.86,7.14,0.0,3.57,0.0,0.0
9000008577,2026-01-01 08:00,0.039722,50,0,50,0,0,0,25,25,50,0,0,0,23.5,0.0,50.0,50.0,0.0,0.0,0.0,0.0,0.0
9000008577,2026-01-01 09:00,0.539722,0,1,1,6,7,13,5,12,17,0,0,0,26.0,22.22,33.33,44.44,0.0,0.0,0.0,0.0,0.0
9000008577,2026-01-01 10:00,0.489722,0,12,12,0,0,0,2,9,11,0,0,0,28.0,0.0,33.33,66.67,0.0,0.0,0.0,0.0,0.0
9000008577,2026-01-01 11:00,0.646111,4,5,9,4,2,7,15,12,27,0,1,1,29.5,0.0,35.29,52.94,11.76,0.0,0.0,0.0,0.0
9000008577,2026-01-01 12:00,0.658889,6,4,10,5,1,6,22,21,43,0,0,0,30.0,3.57,32.14,46.43,14.29,0.0,0.0,0.0,0.0
9000008577,2026-01-01 13:00,0.716111,24,20,44,7,7,14,28,33,61,4,1,5,31.5,2.33,27.91,48.84,18.6,0.0,0.0,0.0,0.0
9000008577,2026-01-01 14:00,0.450556,31,15,46,4,8,12,42,38,81,0,2,2,28.0,2.78,27.78,63.89,2.78,5.56,0.0,0.0,0.0
9000008577,2026-01-01 15:00,0.130833,4,8,12,8,0,8,12,19,31,4,0,4,29.0,0.0,50.0,25.0,0.0,0.0,0.0,0.0,0.0
9000008577,2026-01-02 08:00,0.214167,0,9,9,6,12,18,9,26,35,3,15,18,29.5,12.5,25.0,62.5,12.5,0.0,0.0,0.0,0.0
9000008577,2026-01-02 09:00,0.350556,17,8,25,13,18,31,39,20,59,5,15,19,28.5,23.81,23.81,52.38,4.76,0.0,0.0,0.0,0.0
9000008577,2026-01-02 10:00,0.293889,0,11,11,26,12,38,34,44,77,16,11,27,24.5,21.74,21.74,60.87,0.0,0.0,0.0,0.0,0.0
9000008577,2026-01-02 11:00,0.401944,9,13,23,7,11,17,73,53,126,5,21,26,23.0,25.49,41.18,33.33,0.0,0.0,0.0,0.0,0.0
9000008577,2026-01-02 12:00,0.261389,18,24,42,15,7,22,176,53,229,10,16,26,25.5,25.0,28.33,40.0,5.0,0.0,0.0,0.0,0.0
9000008577,2026-01-02 13:00,0.220278,25,20,45,8,20,28,196,91,286,11,11,23,26.5,12.7,42.86,39.68,3.17,1.59,0.0,0.0,0.0
9000008577,2026-01-02 14:00,0.58,33,20,52,21,9,30,140,75,215,9,12,21,26.5,11.2,36.8,44.0,3.2,3.2,0.0,0.0,0.0
9000008577,2026-01-02 15:00,0.272778,44,22,66,14,15,29,119,62,181,11,11,22,29.0,8.16,26.53,55.1,10.2,0.0,0.0,0.0,0.0
9000008577,2026-01-03 08:00,0.063611,0,0,0,0,8,8,0,0,0,8,8,16,,0.0,0.0,0.0,0.0,0.0,0.0,0.0,0.0
9000008577,2026-01-03 09:00,0.621944,5,13,18,8,2,10,15,11,25,2,2,4,25.0,12.5,25.0,50.0,0.0,0.0,0.0,0.0,6.25
9000008577,2026-01-03 10:00,0.746389,5,13,18,3,1,4,26,32,58,1,4,5,18.0,46.51,44.19,9.3,0.0,0.0,0.0,0.0,0.0
9000008577,2026-01-03 11:00,0.746944,15,13,28,3,3,5,31,28,59,1,7,8,18.0,45.45,45.45,2.27,4.55,0.0,2.27,0.0,0.0
9000008577,2026-01-03 12:00,0.769722,15,23,39,14,8,22,54,52,106,5,4,9,23.5,15.85,54.88,26.83,2.44,0.0,0.0,0.0,0.0
9000008577,2026-01-03 13:00,0.778333,24,23,47,8,13,20,75,38,113,6,8,14,22.5,15.91,56.82,27.27,0.0,0.0,0.0,0.0,0.0
9000008577,2026-01-03 14:00,0.770278,23,35,58,17,12,29,119,57,176,14,11,25,23.5,21.32,50.74,25.0,1.47,0.0,0.0,0.0,1.47
9000008577,2026-01-03 15:00,0.464722,36,7,43,12,36,48,110,75,185,5,3,9,22.0,20.93,58.14,12.79,4.65,1.16,0.0,1.16,0.0
9000008577,2026-01-04 08:00,0.461944,6,20,26,6,0,6,0,1,1,0,4,4,29.0,0.0,0.0,100.0,0.0,0.0,0.0,0.0,0.0
9000008577,2026-01-04 09:00,0.578889,3,12,16,3,3,6,9,8,17,0,7,7,25.5,10.0,40.0,60.0,10.0,0.0,0.0,0.0,0.0
9000008577,2026-01-04 10:00,0.748333,12,7,19,1,1,3,28,19,47,1,3,4,24.5,8.57,45.71,42.86,2.86,0.0,0.0,0.0,0.0
9000008577,2026-01-04 11:00,0.766944,25,22,47,4,5,9,21,21,42,3,4,6,26.5,6.25,59.38,28.12,3.12,0.0,3.12,0.0,0.0
9000008577,2026-01-04 12:00,0.782222,23,20,43,6,6,13,32,37,69,5,5,10,29.0,3.7,35.19,50.0,1.85,1.85,1.85,0.0,5.56
9000008577,2026-01-04 13:00,0.790278,16,15,31,4,4,8,70,45,115,1,6,8,28.0,3.3,39.56,49.45,5.49,1.1,0.0,1.1,0.0
9000008577,2026-01-04 14:00,0.79,33,28,61,3,3,5,59,43,103,3,9,11,27.5,12.35,28.4,49.38,2.47,3.7,0.0,0.0,3.7
9000008577,2026-01-04 15:00,0.619167,23,37,60,6,1,8,73,50,123,0,10,10,25.5,3.95,55.26,31.58,6.58,0.0,0.0,0.0,1.32
9000008577,2026-01-05 08:00,0.173333,32,32,64,0,4,4,111,36,146,8,4,11,33.0,16.0,36.0,20.0,20.0,0.0,4.0,0.0,4.0
9000008577,2026-01-05 09:00,0.596944,18,30,48,3,6,9,133,53,186,6,10,17,25.0,19.82,43.24,35.14,1.8,0.0,0.0,0.0,0.0
9000008577,2026-01-05 10:00,0.788056,22,23,45,1,5,6,93,66,158,16,23,39,28.5,12.8,37.6,39.2,8.8,1.6,0.0,0.0,0.0
9000008577,2026-01-05 11:00,0.782222,29,27,56,26,6,32,107,45,152,24,14,38,24.0,16.81,56.3,21.85,5.04,0.0,0.0,0.0,0.0
9000008577,2026-01-05 12:00,0.759167,28,17,45,29,34,63,116,66,181,14,7,21,28.5,12.41,37.96,41.61,5.84,0.73,0.73,1.46,0.0
9000008577,2026-01-05 13:00,0.783056,33,31,64,3,6,9,105,90,195,19,29,48,25.5,3.92,45.75,47.06,2.61,0.65,0.0,0.0,0.0
9000008577,2026-01-05 14:00,0.783889,36,24,60,19,6,25,129,109,238,8,35,42,23.5,28.34,43.32,26.74,1.6,0.0,0.0,0.0,0.0
9000008577,2026-01-05 15:00,0.760278,34,34,68,20,8,28,95,123,218,5,37,42,24.5,15.06,48.19,32.53,3.01,1.2,0.0,0.0,0.0
9000008577,2026-01-05 16:00,0.021389,94,0,94,0,0,0,94,187,281,0,47,47,25.5,0.0,50.0,50.0,0.0,0.0,0.0,0.0,0.0
9000008577,2026-01-06 08:00,0.282222,18,34,52,27,13,40,120,62,182,5,16,21,28.5,0.0,25.49,68.63,3.92,0.0,0.0,0.0,0.0
9000008577,2026-01-06 09:00,0.782778,23,27,50,8,5,13,93,56,150,23,9,32,27.0,7.69,45.3,41.03,5.98,0.0,0.0,0.0,0.0
9000008577,2026-01-06 10:00,0.720278,18,26,44,7,8,15,111,71,182,12,9,21,27.0,6.11,51.91,34.35,6.87,0.76,0.0,0.0,0.0
9000008577,2026-01-06 11:00,0.780833,22,22,44,13,6,19,81,47,128,5,10,15,24.0,15.0,53.0,28.0,4.0,0.0,0.0,0.0,0.0
9000008577,2026-01-06 12:00,0.791667,33,20,53,8,8,15,89,61,150,6,1,8,23.5,14.29,56.3,26.89,2.52,0.0,0.0,0.0,0.0
9000008577,2026-01-06 13:00,0.797778,26,23,49,6,9,15,85,79,164,16,20,37,24.0,12.21,56.49,25.95,3.82,0.0,0.76,0.0,0.76
9000008577,2026-01-06 14:00,0.779167,35,27,62,18,11,29,135,118,253,14,21,35,24.0,17.26,50.76,29.95,2.03,0.0,0.0,0.0,0.0
9000008577,2026-01-06 15:00,0.773056,31,33,64,22,5,27,157,113,269,23,26,49,26.5,10.1,39.9,44.71,4.33,0.48,0.0,0.0,0.48
9000008577,2026-01-06 16:00,0.080278,37,25,62,12,37,50,137,125,262,12,0,12,39.5,4.76,28.57,38.1,14.29,0.0,0.0,4.76,9.52
9000008577,2026-01-07 08:00,0.299444,10,21,31,16,3,19,58,47,105,5,5,10,45.5,16.13,19.35,41.94,6.45,6.45,6.45,0.0,0.0
9000008577,2026-01-07 09:00,0.714444,15,39,54,12,7,20,99,38,137,12,16,28,25.0,11.22,43.88,34.69,9.18,0.0,1.02,0.0,0.0
9000008577,2026-01-07 10:00,0.708333,15,11,26,26,20,47,65,36,101,15,12,27,27.0,30.99,33.8,29.58,2.82,1.41,0.0,0.0,0.0
9000008577,2026-01-07 11:00,0.694167,4,7,11,21,26,46,54,21,75,14,43,58,15.0,61.54,36.54,0.0,0.0,0.0,0.0,1.92,0.0
9000008577,2026-01-07 12:00,0.751389,20,24,44,42,18,59,81,51,132,9,11,20,28.0,15.15,43.43,34.34,8.08,0.0,0.0,0.0,0.0
9000008577,2026-01-07 13:00,0.789167,28,19,47,10,8,18,106,57,163,18,11,29,25.5,6.98,43.41,44.19,4.65,0.78,0.0,0.0,0.0
9000008577,2026-01-07 14:00,0.783611,28,24,52,22,17,39,93,94,188,13,34,47,24.5,13.61,42.18,40.14,3.4,0.68,0.0,0.0,0.0
9000008577,2026-01-07 15:00,0.790278,34,35,69,6,6,13,145,116,261,19,23,42,26.0,8.7,38.65,49.28,3.38,0.0,0.0,0.0,0.0
9000008577,2026-01-07 16:00,0.050556,20,0,20,40,40,79,178,178,356,0,20,20,30.5,5.56,27.78,50.0,11.11,5.56,0.0,0.0,0.0
9000008577,2026-01-08 08:00,0.376389,24,27,50,8,8,16,93,40,133,5,3,8,28.0,8.0,34.0,52.0,6.0,0.0,0.0,0.0,0.0
9000008577,2026-01-08 09:00,0.725278,28,23,50,8,3,11,89,40,129,19,4,23,26.0,10.75,40.86,44.09,3.23,1.08,0.0,0.0,0.0
9000008577,2026-01-08 10:00,0.798611,23,16,39,3,4,6,73,55,128,17,13,30,27.0,6.86,44.12,42.16,5.88,0.98,0.0,0.0,0.0
9000008577,2026-01-08 11:00,0.7925,13,16,29,5,3,8,117,57,174,20,26,47,27.5,12.32,47.1,31.88,8.7,0.0,0.0,0.0,0.0
9000008577,2026-01-08 12:00,0.783889,28,32,60,20,5,26,97,60,157,15,14,29,27.5,12.2,37.4,43.9,5.69,0.81,0.0,0.0,0.0
9000008577,2026-01-08 13:00,0.791111,19,23,42,4,10,14,101,81,182,22,28,49,26.5,9.03,47.22,36.81,6.94,0.0,0.0,0.0,0.0
9000008577,2026-01-08 14:00,0.785833,36,19,55,6,8,14,104,82,185,19,26,45,25.0,10.27,50.68,34.25,2.05,1.37,0.0,0.0,0.68
9000008577,2026-01-08 15:00,0.710833,21,31,52,5,12,17,156,134,289,26,38,64,23.5,20.39,48.06,30.1,1.94,0.0,0.0,0.0,0.0
9000008577,2026-01-08 16:00,0.047222,42,21,64,0,0,0,233,127,360,0,21,21,19.5,17.65,70.59,11.76,0.0,0.0,0.0,0.0,0.0
9000008577,2026-01-09 08:00,0.380556,13,24,37,2,9,11,75,36,110,4,6,10,32.5,9.52,45.24,23.81,14.29,0.0,0.0,0.0,7.14
9000008577,2026-01-09 09:00,0.719722,22,28,50,7,6,12,55,31,86,6,22,28,24.0,12.9,61.29,22.58,1.61,0.0,1.61,0.0,0.0
9000008577,2026-01-09 10:00,0.785,20,30,51,1,3,4,70,52,123,8,13,20,24.5,5.21,55.21,36.46,1.04,1.04,0.0,0.0,1.04
9000008577,2026-01-09 11:00,0.720278,22,10,32,4,3,7,93,45,137,19,8,27,24.5,13.13,45.45,36.36,4.04,1.01,0.0,0.0,0.0
9000008577,2026-01-09 12:00,0.791111,29,35,64,1,4,5,82,53,135,13,20,33,27.0,15.89,31.78,47.66,4.67,0.0,0.0,0.0,0.0
9000008577,2026-01-09 13:00,0.7925,28,33,61,4,3,6,165,76,241,34,14,48,26.5,5.76,48.69,41.36,3.14,0.52,0.0,0.0,0.52
9000008577,2026-01-09 14:00,0.790278,24,29,53,0,6,6,109,81,190,22,22,43,24.5,9.33,49.33,38.67,2.0,0.0,0.67,0.0,0.0
9000008577,2026-01-09 15:00,0.778611,36,45,81,4,3,6,106,73,179,8,13,21,24.5,5.0,49.29,41.43,3.57,0.0,0.0,0.0,0.71
9000008577,2026-01-10 08:00,0.38,4,7,11,0,4,4,14,18,32,4,5,9,30.5,0.0,50.0,25.0,8.33,8.33,0.0,0.0,0.0
9000008577,2026-01-10 09:00,0.723611,10,15,25,3,6,8,31,24,55,5,6,11,26.0,2.5,50.0,45.0,2.5,0.0,0.0,0.0,0.0
9000008577,2026-01-10 10:00,0.730278,10,17,27,1,3,4,25,31,55,1,6,7,22.5,40.0,40.0,22.5,0.0,0.0,0.0,0.0,0.0
9000008577,2026-01-10 11:00,0.6475,13,12,25,3,8,11,18,28,46,4,20,24,13.5,73.33,26.67,0.0,0.0,0.0,0.0,0.0,0.0
9000008577,2026-01-10 12:00,0.771944,12,16,27,27,14,41,51,26,77,6,12,18,25.0,22.03,27.12,45.76,0.0,1.69,3.39,0.0,0.0
9000008577,2026-01-10 13:00,0.745556,29,25,54,16,14,30,94,48,142,10,10,21,29.0,5.66,34.91,48.11,6.6,1.89,0.0,0.94,1.89
9000008577,2026-01-10 14:00,0.791111,34,32,66,6,6,13,146,76,222,16,6,22,28.5,9.09,40.34,40.34,7.95,0.57,0.57,0.57,0.57
9000008577,2026-01-10 15:00,0.7775,24,37,61,9,4,13,156,79,235,15,12,27,27.0,15.85,37.16,39.34,6.56,0.0,0.55,0.0,0.55
9000008577,2026-01-10 16:00,0.095,32,42,74,32,11,42,242,95,337,0,0,0,25.5,18.75,46.88,25.0,6.25,0.0,3.12,0.0,0.0
9000008577,2026-01-11 08:00,0.268333,4,5,9,0,3,3,0,8,8,0,4,4,33.0,0.0,100.0,0.0,50.0,0.0,0.0,0.0,0.0
9000008577,2026-01-11 09:00,0.733056,1,11,12,2,2,4,15,15,30,1,0,1,24.5,22.73,22.73,50.0,4.55,0.0,0.0,0.0,0.0
9000008577,2026-01-11 10:00,0.723889,7,13,20,1,3,4,7,18,25,3,4,7,20.0,44.44,38.89,16.67,0.0,0.0,0.0,0.0,0.0
9000008577,2026-01-11 11:00,0.635556,6,13,20,2,10,11,17,20,37,3,12,15,14.0,62.5,37.5,0.0,0.0,0.0,0.0,0.0,0.0
9000008577,2026-01-11 12:00,0.774167,19,10,30,8,5,13,37,31,68,6,3,9,24.5,9.43,37.74,47.17,3.77,1.89,0.0,0.0,0.0
9000008577,2026-01-11 13:00,0.780833,28,19,48,8,10,18,45,49,94,5,8,13,28.0,1.37,36.99,54.79,6.85,0.0,0.0,0.0,0.0
9000008577,2026-01-11 14:00,0.784444,33,18,51,9,14,23,66,50,116,3,5,8,25.0,10.99,45.05,37.36,6.59,0.0,0.0,0.0,0.0
9000008577,2026-01-11 15:00,0.737778,25,53,78,12,9,21,65,64,129,6,7,13,24.0,8.42,47.37,42.11,2.11,0.0,0.0,0.0,0.0
9000008577,2026-01-11 16:00,0.166667,30,36,66,24,18,42,78,60,138,0,0,0,26.0,13.04,39.13,43.48,0.0,4.35,0.0,0.0,0.0
9000008577,2026-01-12 08:00,0.253056,15,29,43,0,7,7,124,46,171,21,22,43,30.5,4.65,25.58,55.81,9.3,6.98,0.0,0.0,0.0
9000008577,2026-01-12 09:00,0.571944,11,18,28,9,3,11,95,53,148,10,16,26,27.5,18.82,28.24,43.53,8.24,1.18,0.0,0.0,0.0
9000008577,2026-01-12 10:00,0.7925,18,28,45,5,3,8,99,59,158,20,16,37,27.0,17.6,38.4,40.8,3.2,0.0,0.0,0.0,0.0
9000008577,2026-01-12 11:00,0.799444,19,22,41,2,2,5,96,60,156,11,19,30,25.0,9.6,50.4,37.6,2.4,0.0,0.0,0.0,0.0
9000008577,2026-01-12 12:00,0.786944,19,20,39,8,4,12,90,71,161,10,22,32,25.0,5.51,47.24,42.52,4.72,0.0,0.0,0.0,0.0
9000008577,2026-01-12 13:00,0.788333,39,28,67,4,5,9,78,53,131,20,20,41,25.0,5.83,52.43,38.83,1.94,0.97,0.0,0.0,0.0
9000008577,2026-01-12 14:00,0.791944,36,37,73,14,4,18,133,95,228,28,26,54,24.0,14.36,44.75,37.57,2.76,0.55,0.0,0.0,0.0
9000008577,2026-01-12 15:00,0.641667,34,31,65,13,7,20,133,140,272,19,35,54,22.0,19.43,57.14,22.29,1.71,0.0,0.0,0.0,0.0
9000008577,2026-01-12 16:00,0.058333,51,34,86,0,17,17,206,137,343,17,17,34,18.5,55.0,35.0,10.0,0.0,0.0,0.0,0.0,0.0
9000008577,2026-01-13 08:00,0.44,14,22,36,8,2,10,99,28,127,15,8,23,24.5,7.14,57.14,30.36,5.36,0.0,0.0,0.0,1.79
9000008577,2026-01-13 09:00,0.657778,10,20,31,13,4,17,113,48,161,25,11,36,24.0,6.6,55.66,33.02,1.89,0.0,0.94,0.94,0.94
9000008577,2026-01-13 10:00,0.7875,13,14,27,3,4,6,51,43,94,19,10,29,24.0,1.35,54.05,43.24,1.35,0.0,0.0,0.0,0.0
9000008577,2026-01-13 11:00,0.786111,15,15,31,12,3,14,67,42,109,24,22,46,25.5,6.98,53.49,38.37,1.16,0.0,0.0,0.0,0.0
9000008577,2026-01-13 12:00,0.783611,29,33,63,17,13,30,70,46,116,28,31,58,25.0,12.09,43.96,40.66,2.2,1.1,0.0,0.0,0.0
9000008577,2026-01-13 13:00,0.797222,16,16,32,8,4,11,92,78,170,20,49,69,24.5,3.7,58.52,35.56,0.74,0.74,0.0,0.0,0.74
9000008577,2026-01-13 14:00,0.783333,23,26,48,3,4,6,118,92,210,13,43,56,23.5,4.88,62.2,30.49,1.83,0.0,0.0,0.0,0.61
9000008577,2026-01-13 15:00,0.596944,32,21,53,28,18,46,143,138,280,22,15,37,27.5,7.78,46.71,40.12,5.99,0.0,0.0,0.0,0.0
9000008577,2026-01-14 08:00,0.164167,8,11,19,4,45,49,200,87,287,34,0,34,28.5,2.13,10.64,80.85,6.38,0.0,0.0,0.0,0.0
9000008577,2026-01-14 09:00,0.519722,13,25,38,12,13,25,118,67,185,35,4,38,26.0,8.33,40.62,46.88,2.08,2.08,0.0,0.0,0.0
9000008577,2026-01-14 10:00,0.574444,21,25,46,9,3,13,107,42,149,30,14,44,28.0,8.14,33.72,50.0,6.98,1.16,0.0,0.0,0.0
9000008577,2026-01-14 11:00,0.623056,11,17,27,11,5,16,72,76,148,27,19,46,24.5,14.13,46.74,36.96,2.17,1.09,0.0,0.0,0.0
9000008577,2026-01-14 12:00,0.640556,26,33,59,6,8,13,102,84,185,32,26,57,24.5,16.81,47.9,31.93,3.36,0.0,0.0,0.0,0.0
9000008577,2026-01-14 13:00,0.436667,16,17,33,26,10,36,106,69,175,14,12,27,27.0,6.58,46.05,46.05,1.32,0.0,0.0,0.0,0.0
9000008577,2026-01-14 14:00,0.648611,15,14,28,4,3,7,113,99,212,36,20,56,29.0,11.68,29.2,48.18,10.22,0.73,0.0,0.0,0.0
9000008577,2026-01-14 15:00,0.516111,28,15,43,24,10,34,153,187,340,29,31,61,26.5,7.95,42.05,43.75,4.55,1.14,0.0,0.57,1.14
9000008577,2026-01-14 16:00,0.098889,10,30,40,0,10,10,71,61,131,40,10,51,23.5,30.77,38.46,23.08,7.69,0.0,0.0,0.0,0.0
9000008577,2026-01-15 08:00,0.138333,22,11,33,11,16,27,130,22,152,48,5,54,29.5,0.0,38.1,52.38,14.29,0.0,0.0,0.0,0.0
9000008577,2026-01-15 09:00,0.463333,14,22,35,7,7,14,127,64,191,21,17,38,28.0,5.62,41.57,48.31,3.37,2.25,0.0,0.0,0.0
9000008577,2026-01-15 10:00,0.791111,22,18,39,3,1,4,97,65,162,14,16,30,26.5,3.12,51.56,39.06,4.69,1.56,0.0,0.0,0.0
9000008577,2026-01-15 11:00,0.788889,19,23,42,15,1,16,65,78,143,11,18,29,27.5,11.5,44.25,36.28,7.96,0.0,0.0,0.0,0.0
9000008577,2026-01-15 12:00,0.790278,30,23,53,5,4,9,91,71,162,20,10,30,26.5,9.38,39.06,47.66,3.12,0.78,0.0,0.0,0.0
9000008577,2026-01-15 13:00,0.784167,30,29,59,13,4,17,94,87,181,33,27,60,28.0,9.15,40.14,42.25,5.63,2.82,0.0,0.0,0.0
9000008577,2026-01-15 14:00,0.792778,20,20,40,11,6,18,123,112,235,27,28,54,26.5,10.22,38.17,46.24,4.3,1.08,0.0,0.0,0.0
9000008577,2026-01-15 15:00,0.791389,34,16,50,11,3,14,191,158,349,35,44,80,28.0,8.33,37.68,43.12,10.14,0.72,0.0,0.0,0.0
9000008577,2026-01-15 16:00,0.163889,18,55,73,6,6,12,226,189,415,31,31,61,27.5,4.41,29.41,61.76,2.94,0.0,1.47,0.0,0.0
9000008577,2026-01-16 08:00,0.271944,20,24,44,8,9,17,109,62,172,7,5,12,29.5,2.13,31.91,53.19,10.64,2.13,0.0,0.0,0.0
9000008577,2026-01-16 09:00,0.657222,20,23,43,10,9,19,83,39,122,13,37,50,24.0,17.5,46.25,33.75,1.25,0.0,0.0,0.0,0.0
9000008577,2026-01-16 10:00,0.748611,9,10,20,13,9,23,45,43,88,27,20,47,27.0,30.3,28.79,34.85,4.55,1.52,0.0,0.0,0.0
9000008577,2026-01-16 11:00,0.678056,7,6,13,25,33,58,86,64,150,39,22,62,13.5,60.4,39.6,0.0,0.0,0.0,0.0,0.0,0.0
9000008577,2026-01-16 12:00,0.76,30,18,49,20,12,31,142,50,192,25,22,47,28.0,20.55,29.45,40.41,7.53,1.37,0.68,0.0,0.0
9000008577,2026-01-16 13:00,0.774167,29,32,61,49,25,74,151,108,260,29,50,79,25.0,9.45,48.76,37.31,2.99,0.5,0.0,0.0,1.0
9000008577,2026-01-16 14:00,0.783056,37,26,63,9,8,17,160,114,274,35,49,83,24.5,10.28,50.0,36.92,3.27,0.0,0.0,0.0,0.0
9000008577,2026-01-16 15:00,0.786111,48,41,89,9,15,24,134,140,273,17,34,51,27.0,11.16,36.28,46.98,5.12,0.47,0.0,0.0,0.0
9000008577,2026-01-16 16:00,0.116389,34,26,60,26,34,60,129,95,223,17,9,26,24.5,15.38,46.15,34.62,3.85,0.0,0.0,0.0,0.0
9000008577,2026-01-17 08:00,0.202222,15,24,39,0,7,7,15,16,30,0,0,0,27.0,0.0,50.0,66.67,0.0,0.0,0.0,0.0,0.0
9000008577,2026-01-17 09:00,0.515278,7,10,17,4,1,5,37,37,74,1,2,3,30.0,0.0,23.68,63.16,15.79,0.0,0.0,0.0,0.0
9000008577,2026-01-17 10:00,0.600278,15,16,31,8,7,15,55,48,103,3,5,8,29.5,1.61,41.94,41.94,12.9,0.0,0.0,0.0,0.0
9000008577,2026-01-17 11:00,0.577222,12,22,34,13,6,19,59,54,113,20,4,24,30.0,6.15,29.23,50.77,15.38,0.0,0.0,0.0,0.0
9000008577,2026-01-17 12:00,0.728889,18,15,33,6,2,8,104,62,166,21,9,30,27.5,13.22,33.88,45.45,5.79,0.83,0.0,0.0,0.0
9000008577,2026-01-17 13:00,0.718333,37,28,66,7,5,12,208,97,305,41,11,53,27.0,8.22,47.03,38.36,4.57,1.37,0.0,0.0,0.46
9000008577,2026-01-17 14:00,0.595556,32,33,65,6,7,12,196,106,301,29,16,44,25.5,7.78,50.56,38.33,2.78,0.56,0.0,0.0,0.0
9000008577,2026-01-17 15:00,0.507778,37,16,53,3,9,12,282,106,388,40,54,94,24.5,20.3,47.72,28.43,2.03,1.02,0.0,0.0,0.0
9000008577,2026-01-18 08:00,0.286389,3,6,10,7,0,7,10,7,17,0,0,0,36.0,0.0,20.0,60.0,20.0,0.0,0.0,0.0,0.0
9000008577,2026-01-18 09:00,0.271667,12,7,19,0,0,0,20,10,31,4,0,4,28.5,0.0,37.5,62.5,0.0,0.0,0.0,0.0,0.0
9000008577,2026-01-18 10:00,0.321111,4,5,9,2,13,15,27,11,38,2,7,9,29.5,8.33,33.33,50.0,8.33,0.0,0.0,0.0,0.0
9000008577,2026-01-18 11:00,0.658611,22,18,40,3,6,9,24,30,54,8,15,24,24.0,31.43,28.57,34.29,0.0,0.0,0.0,2.86,0.0
9000008577,2026-01-18 12:00,0.755833,9,19,28,4,3,7,46,32,78,5,3,8,27.0,25.42,42.37,22.03,8.47,0.0,0.0,0.0,1.69
9000008577,2026-01-18 13:00,0.788611,33,18,51,27,14,41,66,41,107,5,5,10,28.0,9.52,34.52,46.43,7.14,1.19,1.19,0.0,0.0
9000008577,2026-01-18 14:00,0.794444,35,21,57,9,11,20,82,57,139,13,13,25,26.5,7.27,36.36,52.73,3.64,0.0,0.0,0.0,0.0
9000008577,2026-01-18 15:00,0.793333,28,26,54,2,13,15,79,63,142,8,10,18,25.5,13.27,33.63,48.67,4.42,0.0,0.0,0.0,0.0
9000008577,2026-01-18 16:00,0.245,50,17,68,2,2,5,94,63,157,7,0,7,24.5,0.0,63.16,31.58,2.63,0.0,0.0,0.0,0.0
9000008577,2026-01-19 08:00,0.391111,6,12,17,8,2,10,327,21,348,31,31,62,29.5,1.47,15.44,77.21,4.41,2.21,0.0,0.0,0.74
9000008577,2026-01-19 09:00,0.718333,11,27,38,25,0,25,78,22,101,52,37,89,28.0,5.56,33.33,51.39,6.94,1.39,0.0,0.0,0.0
9000008577,2026-01-19 10:00,0.692222,11,12,23,11,7,18,69,45,113,44,26,70,22.0,64.56,15.19,17.72,1.27,1.27,0.0,0.0,0.0
9000008577,2026-01-19 11:00,0.574722,13,7,19,24,19,42,68,73,141,40,19,59,14.5,54.32,45.68,1.23,0.0,0.0,0.0,0.0,0.0
9000008577,2026-01-19 12:00,0.733611,16,20,37,22,19,41,69,65,135,10,18,27,22.5,29.29,48.48,21.21,1.01,1.01,0.0,0.0,0.0
9000008577,2026-01-19 13:00,0.785833,19,15,34,22,22,43,108,64,172,39,44,84,24.5,14.81,53.33,28.89,2.22,0.0,0.74,0.0,0.0
9000008577,2026-01-19 14:00,0.783333,19,13,32,8,12,19,137,68,205,45,49,94,24.0,16.88,51.25,30.0,1.25,0.62,0.0,0.0,0.0
9000008577,2026-01-19 15:00,0.793056,24,26,50,14,11,25,140,146,286,69,38,107,24.5,6.17,58.59,30.84,3.52,0.44,0.44,0.0,0.0
9000008577,2026-01-19 16:00,0.238333,17,34,50,8,9,17,110,96,206,42,46,88,24.0,6.12,69.39,20.41,4.08,0.0,0.0,0.0,0.0
9000008577,2026-01-20 08:00,0.592222,9,30,40,8,4,12,102,51,152,47,29,76,28.0,6.67,32.22,54.44,5.56,2.22,0.0,0.0,0.0
9000008577,2026-01-20 09:00,0.781111,17,29,46,17,12,28,59,41,100,32,18,50,23.5,26.92,43.59,25.64,3.85,0.0,0.0,0.0,0.0
9000008577,2026-01-20 10:00,0.700556,4,4,9,9,11,20,83,53,136,31,8,39,21.0,52.08,30.21,15.62,2.08,0.0,0.0,0.0,0.0
9000008577,2026-01-20 11:00,0.577778,6,13,19,30,24,54,60,49,109,12,18,30,14.5,68.25,30.16,1.59,0.0,0.0,0.0,0.0,0.0
9000008577,2026-01-20 12:00,0.760556,17,20,37,12,9,21,76,42,118,17,14,31,24.5,18.89,36.67,40.0,4.44,0.0,0.0,0.0,0.0
9000008577,2026-01-20 13:00,0.773056,35,23,58,14,17,31,79,97,176,21,10,31,27.0,8.82,41.18,44.12,4.41,1.47,0.0,0.0,0.0
9000008577,2026-01-20 14:00,0.789167,28,21,49,6,9,15,110,121,231,39,41,80,25.5,15.93,42.86,36.81,3.3,0.55,0.0,0.0,0.0
9000008577,2026-01-20 15:00,0.788333,31,18,48,9,9,18,148,99,247,69,77,146,23.5,7.69,62.56,28.21,1.54,0.0,0.0,0.0,0.0
9000008577,2026-01-20 16:00,0.360278,21,25,47,3,11,14,166,115,280,8,9,17,24.5,24.75,38.61,31.68,3.96,0.99,0.0,0.0,0.0
9000008577,2026-01-21 08:00,0.337778,24,2,26,2,9,11,94,96,191,30,16,46,28.5,3.08,35.38,53.85,9.23,0.0,0.0,0.0,0.0
9000008577,2026-01-21 09:00,0.569444,5,11,16,58,31,89,70,42,112,42,14,56,24.0,15.62,46.88,26.56,9.38,0.0,0.0,0.0,0.0
9000008577,2026-01-21 10:00,0.672778,7,7,15,16,18,35,54,35,89,18,22,40,21.5,60.0,21.67,18.33,0.0,0.0,0.0,0.0,0.0
9000008577,2026-01-21 11:00,0.575278,3,2,5,43,22,66,82,43,125,23,32,55,15.5,54.17,40.28,4.17,1.39,0.0,0.0,0.0,0.0
9000008577,2026-01-21 12:00,0.746389,18,20,38,19,19,38,57,51,108,24,5,29,24.5,30.0,31.25,33.75,3.75,2.5,0.0,0.0,0.0
9000008577,2026-01-21 13:00,0.775,30,24,54,27,13,40,67,54,122,22,25,47,24.0,17.02,52.13,27.66,2.13,0.0,0.0,0.0,1.06
9000008577,2026-01-21 14:00,0.796389,30,25,56,13,13,25,100,86,185,31,46,78,24.0,13.51,51.35,29.05,5.41,0.0,0.0,0.0,0.0
9000008577,2026-01-21 15:00,0.784444,24,26,50,15,6,22,151,129,280,35,80,115,23.0,10.96,60.27,27.4,1.37,0.0,0.0,0.0,0.0
9000008577,2026-01-21 16:00,0.188333,19,16,35,12,12,25,46,87,133,10,17,27,25.0,4.0,68.0,24.0,4.0,0.0,0.0,0.0,0.0
9000008577,2026-01-22 08:00,0.318611,12,5,18,5,15,20,77,40,117,11,5,16,27.5,16.22,27.03,48.65,10.81,0.0,0.0,0.0,0.0
9000008577,2026-01-22 09:00,0.787222,22,20,42,52,22,74,111,64,174,17,25,42,24.5,10.95,49.64,36.5,2.92,0.0,0.0,0.0,0.0
9000008577,2026-01-22 10:00,0.7075,4,8,13,21,8,29,69,63,132,13,17,30,21.0,46.24,35.48,18.28,0.0,0.0,0.0,0.0,0.0
9000008577,2026-01-22 11:00,0.661667,8,12,19,28,20,48,71,55,126,20,19,39,16.0,57.83,38.55,4.82,0.0,0.0,0.0,0.0,0.0
9000008577,2026-01-22 12:00,0.7475,16,7,23,36,12,48,63,40,103,20,43,63,21.5,40.26,38.96,18.18,1.3,0.0,0.0,0.0,1.3
9000008577,2026-01-22 13:00,0.789722,12,20,32,15,12,27,101,79,179,25,24,49,24.5,21.83,43.66,28.17,4.93,1.41,0.0,0.0,0.0
9000008577,2026-01-22 14:00,0.7875,23,13,36,10,9,19,161,139,299,19,38,57,25.0,13.98,48.73,33.05,3.39,0.0,0.0,0.0,0.42
9000008577,2026-01-22 15:00,0.782222,32,22,53,14,18,32,142,142,284,34,32,66,24.0,20.72,46.85,27.93,4.05,0.45,0.0,0.0,0.0
9000008577,2026-01-22 16:00,0.331111,19,25,44,7,19,26,140,126,266,28,11,39,26.0,13.64,45.45,37.5,3.41,0.0,0.0,0.0,0.0
9000008577,2026-01-23 08:00,0.180833,0,16,16,4,4,7,91,117,208,0,0,0,29.0,7.89,36.84,42.11,10.53,0.0,0.0,0.0,0.0
9000008577,2026-01-23 09:00,0.698333,14,25,39,16,10,25,127,61,188,24,13,36,26.0,11.36,43.94,42.42,2.27,0.0,0.0,0.0,0.0
9000008577,2026-01-23 10:00,0.7875,15,14,29,9,8,16,84,58,143,15,17,32,28.0,12.5,39.29,38.39,9.82,0.0,0.0,0.0,0.0
9000008577,2026-01-23 11:00,0.786944,14,22,36,5,3,8,107,59,166,29,10,39,28.0,12.21,33.59,45.8,7.63,0.0,0.76,0.0,0.0
9000008577,2026-01-23 12:00,0.789722,15,26,42,34,8,42,190,75,265,20,20,41,27.5,13.88,32.06,46.41,7.18,0.0,0.48,0.0,0.0
9000008577,2026-01-23 13:00,0.785556,19,19,38,26,15,41,191,164,355,20,27,47,27.5,10.39,35.84,46.59,7.17,0.0,0.0,0.0,0.0
9000008577,2026-01-23 14:00,0.794167,25,24,50,18,10,28,190,208,398,10,24,34,28.0,6.65,40.51,44.94,7.28,0.32,0.0,0.0,0.32
9000008577,2026-01-23 15:00,0.781667,28,22,50,10,13,23,184,140,325,10,15,26,27.0,8.66,42.13,41.73,6.69,0.39,0.39,0.0,0.0
9000008577,2026-01-23 16:00,0.115,0,0,0,9,9,17,139,61,200,26,0,26,33.0,17.39,30.43,34.78,17.39,0.0,0.0,0.0,0.0
9000008577,2026-01-24 08:00,0.253333,8,4,12,0,4,4,16,27,43,8,8,15,32.0,9.09,18.18,54.55,9.09,9.09,0.0,0.0,0.0
9000008577,2026-01-24 09:00,0.574444,7,22,29,9,13,22,15,35,50,2,0,2,31.5,6.9,34.48,37.93,20.69,0.0,0.0,0.0,0.0
9000008577,2026-01-24 10:00,0.639167,11,16,27,7,12,20,26,30,56,0,2,2,32.5,13.89,19.44,47.22,11.11,0.0,2.78,0.0,5.56
9000008577,2026-01-24 11:00,0.721111,25,20,46,11,14,25,75,51,127,1,1,3,28.0,4.4,36.26,51.65,4.4,1.1,0.0,0.0,2.2
9000008577,2026-01-24 12:00,0.803333,11,12,23,15,9,24,93,69,162,3,1,4,29.0,13.08,28.46,46.15,10.0,2.31,0.0,0.0,0.0
9000008577,2026-01-24 13:00,0.785556,13,9,22,45,16,60,169,85,255,4,5,9,30.0,7.5,36.0,42.0,13.5,0.5,0.0,0.0,0.5
9000008577,2026-01-24 14:00,0.783056,19,13,32,25,8,33,233,117,349,13,19,32,26.5,16.12,34.07,42.49,6.96,0.37,0.0,0.0,0.0
9000008577,2026-01-24 15:00,0.801111,16,25,41,10,7,17,227,96,323,20,10,30,28.0,9.65,32.05,50.58,5.79,1.54,0.0,0.0,0.39
9000008577,2026-01-24 16:00,0.0925,32,22,54,0,0,0,173,195,368,11,22,32,24.5,5.88,44.12,47.06,2.94,0.0,0.0,0.0,0.0
9000008577,2026-01-25 08:00,0.317778,2,11,13,5,0,5,5,19,24,0,5,5,23.5,12.5,62.5,25.0,12.5,0.0,0.0,0.0,0.0
9000008577,2026-01-25 09:00,0.569444,2,3,5,6,4,10,12,21,32,2,6,8,29.0,11.11,27.78,44.44,11.11,0.0,0.0,0.0,0.0
9000008577,2026-01-25 10:00,0.800833,6,5,11,3,4,6,34,20,54,0,2,2,26.5,4.65,48.84,39.53,6.98,0.0,0.0,0.0,0.0
9000008577,2026-01-25 11:00,0.789444,9,10,19,6,3,9,32,32,64,1,5,6,27.5,2.0,46.0,48.0,4.0,0.0,0.0,0.0,0.0
9000008577,2026-01-25 12:00,0.795,11,15,26,1,1,3,51,38,89,6,6,13,27.5,14.08,43.66,33.8,7.04,0.0,0.0,0.0,1.41
9000008577,2026-01-25 13:00,0.760556,12,9,21,8,9,17,44,56,100,4,4,7,24.5,17.11,36.84,42.11,3.95,0.0,0.0,0.0,0.0
9000008577,2026-01-25 14:00,0.754722,8,12,20,10,3,13,86,59,144,11,11,22,28.0,10.09,35.78,44.04,11.01,0.0,0.0,0.0,0.0
9000008577,2026-01-25 15:00,0.6525,11,17,27,6,4,10,79,44,123,11,1,12,28.5,6.25,40.0,43.75,8.75,0.0,0.0,0.0,0.0
9000008577,2026-01-25 16:00,0.039722,0,0,0,25,25,50,76,76,151,0,0,0,25.5,33.33,50.0,16.67,0.0,0.0,0.0,0.0,0.0
9000008577,2026-01-26 08:00,0.209444,8,56,64,3,5,8,135,15,150,3,5,8,19.5,3.12,84.38,12.5,0.0,0.0,0.0,0.0,0.0
9000008577,2026-01-26 09:00,0.434444,8,18,27,6,2,8,126,32,158,19,20,39,22.0,7.25,69.57,24.64,0.0,0.0,0.0,0.0,0.0
9000008577,2026-01-26 10:00,0.655556,24,15,39,3,5,9,77,51,128,12,11,24,23.0,13.1,61.9,25.0,1.19,0.0,0.0,0.0,0.0
9000008577,2026-01-26 11:00,0.54,15,16,30,9,4,13,79,73,151,26,10,36,23.0,19.51,52.44,26.83,0.0,0.0,0.0,0.0,0.0
9000008577,2026-01-26 12:00,0.476389,16,12,28,15,5,20,111,77,188,7,11,18,22.5,28.89,46.67,23.33,1.11,0.0,0.0,0.0,0.0
9000008577,2026-01-26 13:00,0.517778,13,8,21,7,8,14,91,50,141,13,22,36,22.5,20.55,54.79,21.92,1.37,0.0,0.0,0.0,0.0
9000008577,2026-01-26 14:00,0.445278,13,16,29,9,3,11,93,89,182,20,9,29,23.5,20.99,51.85,27.16,0.0,0.0,0.0,0.0,0.0
9000008577,2026-01-26 15:00,0.390556,10,10,20,5,4,9,129,121,250,19,16,35,23.5,8.16,57.14,33.67,0.0,0.0,0.0,0.0,0.0
9000008577,2026-01-26 16:00,0.039167,0,0,0,26,26,51,51,153,204,26,0,26,22.0,12.5,62.5,25.0,0.0,0.0,0.0,0.0,0.0
9000008577,2026-01-27 08:00,0.367778,14,22,35,10,11,21,165,52,218,26,18,44,24.0,6.25,62.5,27.5,2.5,0.0,0.0,0.0,1.25
9000008577,2026-01-27 09:00,0.5825,16,20,36,10,10,20,71,37,108,14,4,17,24.0,7.94,53.97,39.68,0.0,0.0,0.0,0.0,0.0
9000008577,2026-01-27 10:00,0.6825,12,12,24,6,6,12,71,61,132,17,21,38,23.5,10.0,62.22,27.78,0.0,1.11,0.0,0.0,0.0
9000008577,2026-01-27 11:00,0.800556,14,21,35,10,3,12,87,55,142,28,24,51,23.0,14.16,57.52,26.55,1.77,0.0,0.0,0.0,0.0
9000008577,2026-01-27 12:00,0.795833,18,11,29,6,10,16,69,66,135,25,34,59,22.5,17.76,58.88,20.56,2.8,0.0,0.0,0.0,0.0
9000008577,2026-01-27 13:00,0.779444,14,20,35,6,0,6,89,89,177,27,28,55,23.5,19.57,55.07,23.19,2.17,0.0,0.0,0.0,0.0
9000008577,2026-01-27 14:00,0.790556,25,25,51,10,8,18,139,128,268,15,25,40,24.0,8.96,58.96,29.25,2.83,0.0,0.0,0.0,0.0
9000008577,2026-01-27 15:00,0.774722,26,27,53,8,12,19,123,119,242,22,18,40,24.0,16.04,50.8,30.48,2.14,0.53,0.0,0.0,0.0
9000008577,2026-01-27 16:00,0.328889,23,27,50,8,12,19,131,76,208,23,21,44,26.0,8.82,36.76,52.94,1.47,0.0,0.0,0.0,0.0
9000008577,2026-01-28 08:00,0.300833,6,14,19,6,5,11,110,49,159,22,17,39,26.0,4.17,39.58,52.08,4.17,2.08,0.0,0.0,0.0
9000008577,2026-01-28 09:00,0.713056,9,29,39,9,4,13,110,55,165,35,12,46,26.0,3.39,44.92,46.61,4.24,0.85,0.0,0.0,0.0
9000008577,2026-01-28 10:00,0.706944,19,12,31,10,3,13,62,52,113,19,10,30,27.0,1.25,51.25,40.0,7.5,0.0,0.0,0.0,0.0
9000008577,2026-01-28 11:00,0.794167,19,20,39,1,3,4,102,58,160,21,15,36,26.5,14.17,37.8,43.31,4.72,0.0,0.0,0.0,0.0
9000008577,2026-01-28 12:00,0.7875,20,30,51,17,6,23,93,66,159,24,15,39,25.0,4.8,44.0,45.6,5.6,0.0,0.0,0.0,0.0
9000008577,2026-01-28 13:00,0.792778,29,23,52,13,7,20,104,105,208,20,30,50,24.5,11.52,50.3,33.33,3.64,0.0,0.61,0.0,0.61
9000008577,2026-01-28 14:00,0.793333,43,20,63,4,5,9,116,142,259,20,29,49,24.5,5.85,51.71,40.98,1.46,0.0,0.0,0.0,0.0
9000008577,2026-01-28 15:00,0.783611,41,23,64,8,3,10,147,154,301,23,21,44,25.0,9.75,43.64,41.53,5.08,0.0,0.0,0.0,0.0
9000008577,2026-01-28 16:00,0.128611,31,23,54,16,16,31,93,93,187,23,16,39,27.0,8.33,41.67,50.0,0.0,0.0,0.0,0.0,0.0
9000008577,2026-01-29 08:00,0.091667,22,22,44,0,11,11,196,76,273,11,22,33,30.5,4.0,20.0,60.0,16.0,0.0,0.0,0.0,0.0
9000008577,2026-01-29 09:00,0.743333,15,26,41,13,4,18,133,64,197,24,17,41,26.5,13.61,41.5,38.78,5.44,0.68,0.0,0.0,0.0
9000008577,2026-01-29 10:00,0.721389,12,20,32,6,4,10,103,55,157,26,16,42,26.0,23.01,34.51,38.05,2.65,0.0,1.77,0.0,0.0
9000008577,2026-01-29 11:00,0.789444,27,16,43,23,9,32,85,62,147,11,23,34,26.0,11.21,43.1,37.93,6.03,0.86,0.86,0.0,0.0
9000008577,2026-01-29 12:00,0.783611,22,29,51,10,2,13,111,73,184,10,15,25,25.0,20.83,37.5,38.19,2.78,0.69,0.0,0.0,0.0
9000008577,2026-01-29 13:00,0.776389,30,20,51,13,10,24,113,94,207,13,17,30,27.0,15.53,37.89,39.13,5.59,1.24,0.0,0.0,0.62
9000008577,2026-01-29 14:00,0.780278,28,22,50,28,8,36,140,146,286,17,12,28,26.5,9.42,40.36,43.5,6.73,0.0,0.0,0.0,0.0
9000008577,2026-01-29 15:00,0.616667,26,23,49,45,5,50,169,160,329,11,31,42,23.5,10.34,53.69,34.48,0.99,0.0,0.0,0.0,0.0
9000008577,2026-01-29 16:00,0.045278,22,22,44,199,66,265,88,110,199,0,0,0,9.5,88.89,11.11,0.0,0.0,0.0,0.0,0.0,0.0
9000008577,2026-01-30 08:00,0.285833,22,14,36,21,8,29,112,45,157,9,6,15,26.0,15.56,42.22,35.56,2.22,2.22,0.0,0.0,0.0
9000008577,2026-01-30 09:00,0.776389,14,23,37,3,1,4,119,42,162,29,9,39,24.5,13.49,43.65,39.68,2.38,0.79,0.0,0.0,0.0
9000008577,2026-01-30 10:00,0.781389,14,27,41,6,5,12,99,66,165,23,18,41,24.0,13.18,45.74,37.98,3.1,0.0,0.0,0.0,0.0
9000008577,2026-01-30 11:00,0.791389,36,20,56,4,4,8,131,86,217,24,19,43,25.5,15.12,43.02,36.05,5.81,0.0,0.0,0.0,0.0
9000008577,2026-01-30 12:00,0.786667,25,33,59,35,13,48,194,65,259,17,13,29,24.5,15.2,48.04,33.82,2.94,0.0,0.0,0.0,0.0
9000008577,2026-01-30 13:00,0.781667,28,38,67,17,12,28,183,154,336,27,17,44,23.5,16.73,56.65,22.43,3.8,0.38,0.0,0.0,0.0
9000008577,2026-01-30 14:00,0.791944,20,14,34,13,6,19,149,142,292,24,38,62,24.5,7.36,54.11,36.8,1.73,0.0,0.0,0.0,0.0
9000008577,2026-01-30 15:00,0.791944,16,10,27,19,8,26,110,123,232,29,29,58,23.5,24.46,47.83,24.46,2.72,0.0,0.0,0.0,0.54
9000008577,2026-01-30 16:00,0.498611,39,33,72,12,3,14,120,88,208,14,17,31,20.5,14.42,69.23,15.38,0.96,0.0,0.0,0.0,0.0
9000008577,2026-01-31 08:00,0.184444,17,10,28,0,0,0,10,16,27,0,0,0,21.0,80.0,0.0,20.0,0.0,0.0,0.0,0.0,0.0
9000008577,2026-01-31 09:00,0.3375,3,9,12,12,12,23,34,13,47,9,8,17,23.5,68.75,6.25,18.75,6.25,0.0,0.0,0.0,0.0
9000008577,2026-01-31 10:00,0.728611,26,35,61,4,3,7,46,33,79,10,11,21,26.0,13.79,39.66,41.38,3.45,0.0,0.0,0.0,0.0
9000008577,2026-01-31 11:00,0.789167,30,30,61,6,2,9,67,64,131,9,17,25,24.0,20.39,47.57,28.16,3.88,0.0,0.0,0.0,0.0
9000008577,2026-01-31 12:00,0.796944,31,30,62,2,1,4,106,65,171,20,13,33,23.5,13.24,57.35,27.94,0.74,0.74,0.0,0.0,0.0
9000008577,2026-01-31 13:00,0.776944,23,26,49,3,4,6,135,64,200,17,14,31,28.0,10.97,47.1,31.61,9.68,0.65,0.0,0.0,0.0
9000008577,2026-01-31 14:00,0.788056,20,24,44,36,15,51,206,87,294,18,28,46,23.0,6.06,63.2,29.87,1.3,0.0,0.0,0.0,0.0
9000008577,2026-01-31 15:00,0.788333,31,29,60,15,4,19,219,71,291,26,22,48,24.0,11.35,53.28,32.31,1.75,0.44,0.44,0.0,0.44
9000008577,2026-01-31 16:00,0.508333,25,20,45,3,7,10,202,65,267,15,16,31,25.0,5.88,40.44,49.26,3.68,0.0,0.0,0.0,0.74
9000008577,2026-02-01 08:00,0.441389,4,6,9,2,2,3,0,4,4,2,6,7,33.5,50.0,0.0,0.0,50.0,0.0,0.0,0.0,0.0
9000008577,2026-02-01 09:00,0.426667,4,8,12,4,2,6,11,21,32,0,0,0,31.5,7.69,23.08,46.15,23.08,0.0,0.0,0.0,0.0
9000008577,2026-02-01 10:00,0.425278,9,9,18,4,2,6,18,18,36,0,0,0,23.5,20.0,53.33,26.67,0.0,0.0,0.0,0.0,0.0
9000008577,2026-02-01 11:00,0.792778,18,10,28,0,4,4,29,32,60,3,9,11,27.5,4.17,41.67,47.92,6.25,0.0,0.0,0.0,0.0
9000008577,2026-02-01 12:00,0.719167,13,20,32,1,5,6,49,25,74,3,5,8,26.0,3.77,39.62,50.94,5.66,0.0,0.0,0.0,0.0
9000008577,2026-02-01 13:00,0.789167,42,31,73,3,9,11,52,58,110,10,10,20,24.5,22.99,40.23,33.33,2.3,1.15,0.0,0.0,0.0
9000008577,2026-02-01 14:00,0.786944,19,24,43,11,8,19,57,51,108,9,8,16,24.0,11.76,48.24,35.29,4.71,0.0,0.0,0.0,0.0
9000008577,2026-02-01 15:00,0.303611,14,20,34,8,13,22,44,24,68,3,0,3,25.5,23.81,33.33,42.86,4.76,0.0,0.0,0.0,0.0
9000008577,2026-02-01 16:00,0.233889,17,31,48,4,26,30,97,66,164,0,0,0,23.0,15.79,55.26,28.95,0.0,0.0,0.0,0.0,0.0
9000008577,2026-02-02 08:00,0.669444,14,27,41,10,1,11,158,49,207,35,16,51,27.0,12.32,34.78,48.55,4.35,0.0,0.0,0.0,0.0
9000008577,2026-02-02 09:00,0.788611,18,42,60,10,2,13,202,52,254,29,10,39,26.0,18.5,40.0,37.0,4.0,0.5,0.0,0.0,0.0
9000008577,2026-02-02 10:00,0.778333,29,21,50,13,8,20,158,62,221,32,22,54,24.5,13.37,47.09,36.63,2.91,0.0,0.0,0.0,0.0
9000008577,2026-02-02 11:00,0.779444,27,27,54,15,6,22,185,78,263,25,32,56,24.0,14.15,56.1,26.83,2.93,0.0,0.0,0.0,0.0
9000008577,2026-02-02 12:00,0.775556,29,35,64,3,7,9,153,89,242,33,33,67,23.0,25.53,47.34,26.6,0.53,0.0,0.0,0.0,0.0
9000008577,2026-02-02 13:00,0.791944,27,23,49,31,14,45,178,115,294,34,34,69,24.5,26.18,40.77,29.18,3.86,0.0,0.0,0.0,0.0
9000008577,2026-02-02 14:00,0.787222,29,24,53,3,1,4,204,150,354,30,22,52,24.0,15.47,50.72,32.37,1.44,0.0,0.0,0.0,0.36
9000008577,2026-02-02 15:00,0.775556,36,36,72,17,6,23,230,130,360,45,30,75,25.5,11.43,44.64,39.29,3.93,0.36,0.0,0.0,0.36
9000008577,2026-02-02 16:00,0.360833,42,34,75,12,18,29,172,189,361,40,5,45,26.0,6.92,43.08,44.62,5.38,0.0,0.0,0.0,0.0
9000008577,2026-02-03 08:00,0.525833,18,16,34,6,4,9,80,42,123,14,12,26,27.5,3.08,27.69,61.54,7.69,0.0,0.0,0.0,0.0
9000008577,2026-02-03 09:00,0.795833,20,30,50,6,1,7,112,46,158,20,21,41,25.5,6.35,46.83,40.48,5.56,0.79,0.0,0.0,0.0
9000008577,2026-02-03 10:00,0.791667,17,27,43,3,4,6,88,61,149,15,9,24,26.5,10.17,36.44,46.61,4.24,2.54,0.0,0.0,0.0
9000008577,2026-02-03 11:00,0.795278,12,19,31,4,8,11,93,57,149,24,14,38,24.0,10.92,51.26,34.45,3.36,0.0,0.0,0.0,0.0
9000008577,2026-02-03 12:00,0.797222,29,21,50,10,9,19,102,65,166,21,27,48,24.0,9.77,56.39,31.58,2.26,0.0,0.0,0.0,0.0
9000008577,2026-02-03 13:00,0.793333,21,24,45,8,3,10,95,75,170,19,25,44,24.5,7.41,54.07,34.81,3.7,0.0,0.0,0.0,0.0
9000008577,2026-02-03 14:00,0.776111,34,43,76,20,9,30,106,96,202,9,9,18,24.5,19.75,42.04,31.85,4.46,1.27,0.0,0.0,0.64
9000008577,2026-02-03 15:00,0.781944,26,22,47,20,5,25,127,114,241,15,40,55,23.5,18.09,46.81,32.45,2.13,0.0,0.0,0.0,0.53
9000008577,2026-02-03 16:00,0.583056,24,41,65,6,8,14,150,84,234,18,19,37,23.5,9.56,57.35,30.88,0.74,0.74,0.0,0.0,0.74
9000008577,2026-02-04 07:00,0.064444,0,16,16,0,0,0,16,31,47,0,0,0,19.0,0.0,100.0,0.0,0.0,0.0,0.0,0.0,0.0
9000008577,2026-02-04 08:00,0.789722,18,26,44,5,1,6,93,36,128,15,14,29,23.5,7.92,57.43,29.7,4.95,0.0,0.0,0.0,0.0
9000008577,2026-02-04 09:00,0.786111,6,24,30,4,6,10,94,50,144,32,9,41,23.5,8.85,58.41,32.74,0.0,0.0,0.0,0.0,0.0
9000008577,2026-02-04 10:00,0.783889,15,22,37,0,4,4,66,41,107,20,20,41,23.0,19.05,58.33,21.43,1.19,0.0,0.0,0.0,0.0
9000008577,2026-02-04 11:00,0.793889,24,14,38,3,1,4,93,66,159,11,13,24,24.0,12.7,56.35,30.16,0.79,0.0,0.0,0.0,0.0
9000008577,2026-02-04 12:00,0.781944,31,26,56,5,1,6,114,68,182,9,10,19,23.0,39.44,35.92,22.54,2.11,0.0,0.0,0.0,0.0
9000008577,2026-02-04 13:00,0.782222,39,24,63,7,9,16,91,70,161,14,18,32,25.5,13.49,47.62,36.51,2.38,0.0,0.0,0.0,0.0
9000008577,2026-02-04 14:00,0.788056,24,23,47,0,4,4,94,107,201,23,27,49,22.5,24.68,51.27,20.25,3.16,0.0,0.0,0.0,0.63
9000008577,2026-02-04 15:00,0.788056,18,27,44,9,3,11,124,84,208,19,23,42,24.0,25.61,41.46,31.1,1.83,0.0,0.0,0.0,0.0
9000008577,2026-02-04 16:00,0.615556,26,23,49,5,4,9,148,87,235,25,13,38,24.0,5.52,59.31,33.79,1.38,0.0,0.0,0.0,0.0
