segment_id,date_local,uptime,ped_lft,ped_rgt,ped_total,bike_lft,bike_rgt,bike_total,car_lft,car_rgt,car_total,heavy_lft,heavy_rgt,heavy_total,v85,car_speed0,car_speed10,car_speed20,car_speed30,car_speed40,car_speed50,car_speed60,car_speed70
9000008552,2025-04-16 06:00,0.614167,9,1,11,4,7,11,50,45,95,0,0,0,27.5,13.56,42.37,30.51,6.78,0.0,0.0,0.0,5.08
9000008552,2025-04-16 07:00,0.782778,10,6,17,15,10,25,98,50,148,0,0,0,23.0,24.14,47.41,26.72,1.72,0.0,0.0,0.0,0.0
9000008552,2025-04-16 08:00,0.783056,9,5,14,29,17,46,176,76,252,0,0,0,25.5,11.62,44.44,37.88,5.05,0.0,1.01,0.0,0.0
9000008552,2025-04-16 09:00,0.572222,19,14,34,69,33,102,135,89,224,0,0,0,27.0,14.06,46.09,28.91,10.16,0.78,0.0,0.0,0.0
9000008552,2025-04-16 10:00,0.716944,18,21,39,21,18,39,190,82,273,0,0,0,24.0,19.39,46.94,29.59,3.06,0.51,0.0,0.0,0.0
9000008552,2025-04-16 11:00,0.750278,1,5,7,60,48,108,131,85,216,0,0,0,29.0,8.64,42.59,35.8,9.88,1.23,0.62,0.62,0.62
9000008552,2025-04-16 12:00,0.733611,7,4,11,86,36,122,128,83,211,0,0,0,27.5,16.13,44.52,27.74,7.74,1.94,0.65,0.0,1.94
9000008552,2025-04-16 13:00,0.131944,0,0,0,61,61,121,83,45,129,0,0,0,28.5,11.76,52.94,23.53,0.0,0.0,0.0,0.0,11.76
9000008552,2025-04-16 14:00,0.56,0,3,3,100,48,148,88,109,197,0,0,0,24.5,38.18,37.27,14.55,2.73,3.64,0.91,0.0,0.91
9000008552,2025-04-16 15:00,0.711944,1,3,4,126,50,175,86,96,182,0,0,0,21.0,25.58,57.36,15.5,0.0,0.0,0.0,0.0,0.78
9000008552,2025-04-16 16:00,0.768611,1,4,5,56,23,79,155,94,248,0,0,0,16.5,41.88,52.88,4.19,0.52,0.0,0.0,0.0,0.52
9000008552,2025-04-16 17:00,0.750556,16,5,22,37,8,45,191,142,333,0,0,0,16.5,52.0,43.6,4.0,0.0,0.0,0.0,0.0,0.4
9000008552,2025-04-16 18:00,0.751944,24,38,62,39,59,98,142,114,256,0,0,0,19.5,44.27,43.23,10.94,1.04,0.52,0.0,0.0,0.0
9000008552,2025-04-16 19:00,0.756389,24,26,51,46,63,109,137,88,225,0,0,0,23.0,19.41,56.47,21.76,1.18,0.0,0.59,0.0,1.18
9000008552,2025-04-17 06:00,0.553333,13,9,22,3,8,11,68,57,126,0,0,0,24.0,15.94,44.93,34.78,2.9,1.45,0.0,0.0,0.0
9000008552,2025-04-17 07:00,0.797778,10,4,14,15,13,28,114,41,155,0,0,0,23.0,13.71,59.68,26.61,0.0,0.0,0.0,0.0,0.0
9000008552,2025-04-17 08:00,0.777222,10,11,22,32,19,52,126,66,192,0,0,0,23.0,19.46,51.68,28.19,0.0,0.0,0.0,0.0,0.67
9000008552,2025-04-17 09:00,0.780556,19,15,35,21,24,45,160,72,232,0,0,0,23.5,13.26,55.25,29.28,1.1,0.55,0.55,0.0,0.0
9000008552,2025-04-17 10:00,0.783889,14,22,36,37,19,56,153,95,247,0,0,0,25.0,14.95,45.88,32.99,5.67,0.0,0.0,0.52,0.0
9000008552,2025-04-17 11:00,0.761111,6,1,8,46,21,67,172,107,279,0,0,0,30.5,15.09,30.19,39.15,8.49,3.77,0.47,1.42,1.42
9000008552,2025-04-17 12:00,0.762222,9,1,10,99,25,124,102,150,252,0,0,0,31.5,5.73,31.77,44.79,11.98,4.17,0.52,0.52,0.52
9000008552,2025-04-17 13:00,0.6975,7,3,11,67,21,88,200,120,320,0,0,0,29.0,18.39,37.22,32.29,6.73,2.24,2.24,0.0,0.9
9000008552,2025-04-17 14:00,0.718889,0,6,6,58,35,93,240,160,400,0,0,0,24.0,22.22,50.35,25.0,1.04,0.69,0.0,0.0,1.04
9000008552,2025-04-17 15:00,0.759444,14,12,26,51,45,96,178,136,314,0,0,0,21.5,36.97,44.12,16.39,1.68,0.42,0.0,0.0,0.42
9000008552,2025-04-17 16:00,0.7625,8,7,15,55,38,93,159,151,309,0,0,0,20.0,36.02,49.58,14.41,0.0,0.0,0.0,0.0,0.0
9000008552,2025-04-17 17:00,0.765278,14,13,28,50,40,90,228,128,356,0,0,0,18.5,38.97,52.57,7.72,0.0,0.0,0.0,0.74,0.0
9000008552,2025-04-17 18:00,0.765278,36,29,65,65,56,121,208,145,353,0,0,0,21.5,25.19,56.3,17.04,1.11,0.0,0.37,0.0,0.0
9000008552,2025-04-17 19:00,0.712222,23,25,48,46,60,106,172,141,312,0,0,0,22.5,17.57,60.36,19.37,1.35,0.45,0.45,0.9,0.0
9000008552,2025-04-17 20:00,0.039722,0,0,0,0,50,50,50,126,176,0,0,0,29.5,0.0,28.57,57.14,14.29,0.0,0.0,0.0,0.0
9000008552,2025-04-18 06:00,0.292222,3,0,3,5,10,16,26,3,28,0,0,0,23.5,12.5,62.5,25.0,0.0,0.0,0.0,0.0,0.0
9000008552,2025-04-18 07:00,0.794444,0,1,1,1,4,5,23,20,43,0,0,0,27.0,8.82,44.12,41.18,5.88,0.0,0.0,0.0,0.0
9000008552,2025-04-18 08:00,0.79,3,3,5,4,5,9,30,18,48,0,0,0,22.0,23.68,52.63,21.05,0.0,2.63,0.0,0.0,0.0
9000008552,2025-04-18 09:00,0.795,4,6,10,9,9,18,34,26,60,0,0,0,27.5,12.5,27.08,52.08,6.25,2.08,0.0,0.0,0.0
9000008552,2025-04-18 10:00,0.796389,4,9,13,11,14,25,53,55,108,0,0,0,24.0,17.44,48.84,26.74,5.81,1.16,0.0,0.0,0.0
9000008552,2025-04-18 11:00,0.790278,10,10,20,14,24,38,66,63,129,0,0,0,24.5,11.76,48.04,32.35,6.86,0.0,0.0,0.0,0.98
9000008552,2025-04-18 12:00,0.777222,14,10,24,30,14,44,107,106,212,0,0,0,26.5,7.27,53.94,32.12,4.24,1.21,0.61,0.0,0.61
9000008552,2025-04-18 13:00,0.770833,5,19,25,22,18,40,126,69,194,0,0,0,25.5,8.0,52.0,34.0,3.33,1.33,0.0,0.67,0.67
9000008552,2025-04-18 14:00,0.785278,10,19,29,37,25,62,163,106,269,0,0,0,26.0,11.37,49.76,31.28,3.32,2.37,0.95,0.0,0.95
9000008552,2025-04-18 15:00,0.785833,17,13,29,18,26,44,126,104,231,0,0,0,25.0,11.6,44.75,41.44,1.1,1.1,0.0,0.0,0.0
9000008552,2025-04-18 16:00,0.772222,18,19,38,28,38,66,139,113,252,0,0,0,24.5,10.31,53.09,31.96,2.58,0.52,0.52,0.52,0.52
9000008552,2025-04-18 17:00,0.791111,9,6,15,48,34,82,148,81,229,0,0,0,22.5,20.44,53.59,24.86,1.1,0.0,0.0,0.0,0.0
9000008552,2025-04-18 18:00,0.778611,20,18,38,25,27,52,124,103,228,0,0,0,24.5,19.21,50.85,24.29,4.52,0.56,0.56,0.0,0.0
9000008552,2025-04-18 19:00,0.611944,10,26,36,20,50,70,103,65,168,0,0,0,26.0,16.5,41.75,32.04,2.91,1.94,0.0,0.0,6.8
9000008552,2025-04-19 06:00,0.096111,21,0,21,0,0,0,21,10,31,0,0,0,18.0,33.33,66.67,0.0,0.0,0.0,0.0,0.0,0.0
9000008552,2025-04-19 07:00,0.755833,8,4,12,5,1,7,36,35,70,0,0,0,27.5,15.09,20.75,60.38,5.66,0.0,0.0,0.0,0.0
9000008552,2025-04-19 08:00,0.787778,6,6,13,4,3,6,44,41,85,0,0,0,29.0,13.43,28.36,44.78,11.94,0.0,0.0,1.49,0.0
9000008552,2025-04-19 09:00,0.791111,6,11,18,21,9,30,70,66,135,0,0,0,28.5,8.41,40.19,42.06,4.67,0.93,0.93,0.93,1.87
9000008552,2025-04-19 10:00,0.755833,8,9,17,21,26,47,81,75,156,0,0,0,28.5,18.64,33.9,36.44,4.24,0.85,2.54,0.0,3.39
9000008552,2025-04-19 11:00,0.780556,9,13,22,26,17,42,119,102,221,0,0,0,25.0,15.7,49.42,29.65,4.07,1.16,0.0,0.0,0.0
9000008552,2025-04-19 12:00,0.779167,17,4,21,14,19,34,191,135,326,0,0,0,27.0,16.93,48.43,23.62,2.76,1.57,1.18,1.57,3.54
9000008552,2025-04-19 13:00,0.774444,26,14,41,17,19,36,238,107,345,0,0,0,24.5,17.6,53.93,22.47,4.49,0.75,0.37,0.0,0.37
9000008552,2025-04-19 14:00,0.765556,13,21,34,48,25,73,217,144,361,0,0,0,26.0,15.22,41.3,37.68,5.43,0.36,0.0,0.0,0.0
9000008552,2025-04-19 15:00,0.785,17,20,37,37,19,56,225,128,353,0,0,0,26.0,12.64,47.29,33.57,5.42,0.72,0.36,0.0,0.36
9000008552,2025-04-19 16:00,0.774722,6,15,22,25,18,43,207,158,365,0,0,0,27.0,12.37,45.94,34.28,5.65,0.0,0.71,0.35,0.71
9000008552,2025-04-19 17:00,0.78,5,13,18,27,19,46,159,103,262,0,0,0,25.5,11.27,50.49,33.33,4.9,0.0,0.0,0.0,0.0
9000008552,2025-04-19 18:00,0.778333,13,18,31,27,23,50,153,134,287,0,0,0,25.5,8.07,55.16,30.04,4.48,0.9,0.0,0.45,0.9
9000008552,2025-04-19 19:00,0.560833,16,19,35,23,38,61,100,78,178,0,0,0,28.0,14.0,46.0,31.0,4.0,3.0,1.0,1.0,0.0
9000008552,2025-04-20 06:00,0.766667,4,0,4,0,0,0,21,9,30,0,0,0,24.0,13.04,47.83,34.78,4.35,0.0,0.0,0.0,0.0
9000008552,2025-04-20 07:00,0.801667,0,0,0,4,3,6,22,21,44,0,0,0,26.5,20.0,34.29,37.14,5.71,0.0,0.0,2.86,0.0
9000008552,2025-04-20 08:00,0.792778,4,5,9,4,1,5,29,18,47,0,0,0,26.5,16.22,37.84,40.54,5.41,0.0,0.0,0.0,0.0
9000008552,2025-04-20 09:00,0.790833,0,1,1,11,4,15,33,41,73,0,0,0,24.5,12.07,46.55,39.66,1.72,0.0,0.0,0.0,0.0
9000008552,2025-04-20 10:00,0.792222,13,8,20,9,5,14,35,45,81,0,0,0,27.5,7.81,37.5,46.88,6.25,0.0,0.0,1.56,0.0
9000008552,2025-04-20 11:00,0.793611,0,0,0,14,8,21,62,51,112,0,0,0,34.5,13.48,20.22,38.2,21.35,4.49,1.12,0.0,1.12
9000008552,2025-04-20 12:00,0.795556,8,3,10,19,13,31,85,86,171,0,0,0,34.0,5.15,16.18,52.94,18.38,4.41,0.0,0.0,2.94
9000008552,2025-04-20 13:00,0.7875,8,1,9,37,24,61,71,66,137,0,0,0,31.5,7.41,25.93,49.07,12.04,2.78,0.0,1.85,0.93
9000008552,2025-04-20 14:00,0.781111,4,1,5,45,51,96,80,55,135,0,0,0,22.0,44.76,34.29,17.14,3.81,0.0,0.0,0.0,0.0
9000008552,2025-04-20 15:00,0.786944,0,0,0,92,57,149,42,63,105,0,0,0,23.5,34.94,36.14,24.1,3.61,1.2,0.0,0.0,0.0
9000008552,2025-04-20 16:00,0.695,1,0,1,51,37,88,80,60,140,0,0,0,18.5,40.21,50.52,8.25,0.0,1.03,0.0,0.0,0.0
9000008552,2025-04-20 17:00,0.7775,6,3,9,9,5,14,121,104,225,0,0,0,19.0,37.14,50.86,12.0,0.0,0.0,0.0,0.0,0.0
9000008552,2025-04-20 18:00,0.756389,10,12,22,23,24,47,122,87,208,0,0,0,20.5,26.58,56.96,14.56,0.63,0.0,0.63,0.63,0.0
9000008552,2025-04-20 19:00,0.788333,23,14,37,34,38,72,104,88,192,0,0,0,24.5,11.26,53.64,31.13,3.31,0.66,0.0,0.0,0.0
9000008552,2025-04-20 20:00,0.145556,27,14,41,41,89,131,124,82,206,0,0,0,23.5,6.67,60.0,26.67,6.67,0.0,0.0,0.0,0.0
9000008552,2025-04-21 06:00,0.538611,2,3,6,2,2,4,19,15,34,0,0,0,29.5,33.33,27.78,22.22,16.67,0.0,0.0,0.0,0.0
9000008552,2025-04-21 07:00,0.7925,4,0,4,1,1,2,19,23,42,0,0,0,26.0,24.24,33.33,39.39,3.03,0.0,0.0,0.0,0.0
9000008552,2025-04-21 08:00,0.802778,6,1,8,8,3,10,27,15,42,0,0,0,24.5,26.47,32.35,29.41,8.82,0.0,0.0,0.0,2.94
9000008552,2025-04-21 09:00,0.793889,3,6,9,10,8,18,35,24,59,0,0,0,23.5,17.02,48.94,31.91,2.13,0.0,0.0,0.0,0.0
9000008552,2025-04-21 10:00,0.788889,9,1,10,6,9,15,54,36,90,0,0,0,28.5,8.45,45.07,35.21,8.45,1.41,1.41,0.0,0.0
9000008552,2025-04-21 11:00,0.761667,3,7,9,13,8,21,67,71,138,0,0,0,29.5,8.57,30.48,48.57,7.62,1.9,0.0,0.0,2.86
9000008552,2025-04-21 12:00,0.795,4,3,6,26,16,43,73,70,143,0,0,0,28.0,19.3,39.47,29.82,10.53,0.88,0.0,0.0,0.0
9000008552,2025-04-21 13:00,0.775556,9,19,28,27,22,49,97,58,155,0,0,0,24.5,9.17,50.0,34.17,5.0,0.83,0.83,0.0,0.0
9000008552,2025-04-21 14:00,0.785,9,9,18,19,22,41,93,88,181,0,0,0,25.5,7.75,45.07,42.96,3.52,0.7,0.0,0.0,0.0
9000008552,2025-04-21 15:00,0.783611,17,13,29,28,28,56,115,91,205,0,0,0,25.5,11.18,45.34,34.78,6.21,1.24,0.0,0.62,0.62
9000008552,2025-04-21 16:00,0.099167,20,20,40,30,30,61,121,61,182,0,0,0,24.0,11.11,55.56,27.78,0.0,5.56,0.0,0.0,0.0
9000008552,2025-04-23 05:00,0.005278,0,0,0,0,0,0,0,0,0,0,0,0,,0.0,0.0,0.0,0.0,0.0,0.0,0.0,0.0
9000008552,2025-04-23 06:00,0.6775,4,3,7,6,9,15,58,35,93,0,0,0,23.5,42.86,31.75,22.22,3.17,0.0,0.0,0.0,0.0
9000008552,2025-04-23 07:00,0.635833,20,0,20,22,20,43,99,53,152,0,0,0,21.0,29.9,52.58,15.46,2.06,0.0,0.0,0.0,0.0
9000008552,2025-04-23 08:00,0.658889,12,6,18,40,19,59,140,77,217,0,0,0,24.0,14.69,52.45,29.37,2.1,0.0,0.7,0.7,0.0
9000008552,2025-04-23 09:00,0.659167,18,8,26,39,17,56,153,80,233,0,0,0,22.5,18.3,58.17,22.88,0.65,0.0,0.0,0.0,0.0
9000008552,2025-04-23 10:00,0.625278,13,17,30,28,16,44,147,90,237,0,0,0,24.0,10.81,55.41,30.41,3.38,0.0,0.0,0.0,0.0
9000008552,2025-04-23 11:00,0.648333,3,6,9,32,14,46,115,117,232,0,0,0,24.5,15.33,50.0,26.0,8.0,0.67,0.0,0.0,0.0
9000008552,2025-04-23 12:00,0.521389,3,2,5,43,22,64,130,105,235,0,0,0,23.5,26.83,43.9,25.2,1.63,0.0,0.81,0.0,0.81
9000008552,2025-04-23 13:00,0.640833,7,17,24,35,26,61,137,104,241,0,0,0,22.5,16.88,57.79,22.73,1.3,0.65,0.0,0.0,0.65
9000008552,2025-04-23 14:00,0.643056,11,16,26,30,19,48,194,126,320,0,0,0,23.0,28.64,47.09,21.36,1.94,0.0,0.49,0.0,0.49
9000008552,2025-04-23 15:00,0.651667,24,25,49,54,38,92,167,156,323,0,0,0,24.0,21.33,46.92,27.96,2.84,0.47,0.0,0.0,0.47
9000008552,2025-04-23 16:00,0.604167,8,12,20,35,34,69,181,141,322,0,0,0,22.5,26.15,50.77,19.49,2.56,0.0,0.0,0.51,0.0
9000008552,2025-04-23 17:00,0.629722,17,26,43,51,50,101,179,135,314,0,0,0,21.5,15.66,66.67,13.64,2.02,1.52,0.0,0.51,0.0
9000008552,2025-04-23 18:00,0.6475,17,40,57,40,60,100,151,114,265,0,0,0,25.5,13.37,51.16,30.23,1.74,1.16,0.58,0.0,1.74
9000008552,2025-04-23 19:00,0.7375,19,27,47,45,68,113,116,110,226,0,0,0,23.5,13.77,58.68,20.96,2.99,0.6,0.6,1.2,0.6
9000008552,2025-04-23 20:00,0.219167,8,0,8,58,30,88,82,100,182,0,0,0,25.5,22.5,50.0,27.5,2.5,0.0,0.0,0.0,0.0
9000008552,2025-04-24 06:00,0.786944,3,2,5,9,9,18,65,49,114,0,0,0,25.0,23.6,43.82,30.34,2.25,0.0,0.0,0.0,0.0
9000008552,2025-04-24 07:00,0.793889,14,4,18,11,16,28,96,59,155,0,0,0,23.0,21.14,52.03,25.2,0.81,0.81,0.0,0.0,0.0
9000008552,2025-04-24 08:00,0.787222,21,6,28,39,22,61,163,76,239,0,0,0,22.5,16.4,59.79,21.69,1.06,0.0,0.0,0.0,0.53
9000008552,2025-04-24 09:00,0.786944,11,23,34,20,24,45,135,107,242,0,0,0,22.5,18.42,57.37,22.63,1.05,0.0,0.0,0.0,0.53
9000008552,2025-04-24 10:00,0.792222,13,11,24,20,18,38,146,113,259,0,0,0,24.5,15.12,50.24,29.76,2.93,1.46,0.0,0.0,0.49
9000008552,2025-04-24 11:00,0.78,6,5,12,32,12,44,179,115,294,0,0,0,27.0,19.57,41.74,30.87,4.78,0.43,0.87,0.0,1.74
9000008552,2025-04-24 12:00,0.646944,5,5,10,45,15,60,133,136,270,0,0,0,28.0,12.07,41.38,36.78,8.05,1.15,0.0,0.0,0.57
9000008552,2025-04-24 13:00,0.7625,12,0,12,58,23,81,163,120,283,0,0,0,25.5,15.81,45.12,30.23,5.12,0.47,1.86,0.93,0.93
9000008552,2025-04-24 14:00,0.711944,15,9,24,40,42,82,161,149,309,0,0,0,23.0,20.0,57.27,18.18,2.27,0.91,0.45,0.0,0.45
9000008552,2025-04-24 15:00,0.775833,6,13,19,71,36,107,211,134,344,0,0,0,20.0,30.71,54.31,14.61,0.0,0.0,0.0,0.0,0.37
9000008552,2025-04-24 16:00,0.780556,7,11,18,43,35,77,160,127,287,0,0,0,20.5,28.57,55.36,16.07,0.0,0.0,0.0,0.0,0.0
9000008552,2025-04-24 17:00,0.764167,36,39,75,37,68,104,187,135,322,0,0,0,20.0,27.64,58.54,12.2,1.22,0.0,0.0,0.0,0.0
9000008552,2025-04-24 18:00,0.772778,21,36,57,70,71,141,176,127,303,0,0,0,22.5,19.23,56.84,22.65,0.85,0.0,0.0,0.0,0.43
9000008552,2025-04-24 19:00,0.78,37,32,69,51,43,95,129,130,259,0,0,0,24.5,9.9,56.44,30.69,2.48,0.5,0.0,0.0,0.5
9000008552,2025-04-24 20:00,0.088611,11,34,45,79,45,124,102,102,203,0,0,0,20.5,16.67,66.67,16.67,0.0,0.0,0.0,0.0,0.0
9000008552,2025-04-25 06:00,0.587778,8,7,15,7,8,15,41,50,90,0,0,0,27.5,20.75,32.08,45.28,1.89,0.0,0.0,0.0,0.0
9000008552,2025-04-25 07:00,0.785556,12,4,15,13,8,20,73,57,130,0,0,0,23.5,17.65,53.92,25.49,2.94,0.0,0.0,0.0,0.0
9000008552,2025-04-25 08:00,0.785833,30,5,35,32,22,53,144,73,217,0,0,0,22.5,14.04,57.89,27.49,0.58,0.0,0.0,0.0,0.0
9000008552,2025-04-25 09:00,0.788056,14,8,22,33,34,67,115,103,218,0,0,0,23.5,31.98,41.86,22.09,3.49,0.58,0.0,0.0,0.0
9000008552,2025-04-25 10:00,0.776389,10,10,20,40,22,62,121,99,220,0,0,0,24.0,22.22,47.37,25.15,3.51,1.75,0.0,0.0,0.0
9000008552,2025-04-25 11:00,0.780833,9,5,14,28,9,37,175,123,298,0,0,0,27.5,12.45,45.92,32.19,6.87,1.29,0.0,0.43,0.86
9000008552,2025-04-25 12:00,0.783333,13,9,22,22,9,31,207,160,367,0,0,0,27.0,14.63,41.81,35.89,5.92,0.35,0.0,0.0,1.39
9000008552,2025-04-25 13:00,0.753611,9,1,11,60,29,89,156,98,254,0,0,0,29.0,20.31,35.42,32.81,6.77,1.04,0.52,1.04,2.08
9000008552,2025-04-25 14:00,0.746667,4,0,4,89,47,136,173,118,291,0,0,0,25.0,43.78,30.88,17.05,4.61,1.84,0.46,0.0,1.38
9000008552,2025-04-25 15:00,0.779444,4,0,4,37,39,76,188,133,322,0,0,0,18.5,49.8,40.24,7.57,1.2,0.0,0.0,0.0,1.2
9000008552,2025-04-25 16:00,0.764444,3,5,8,46,29,75,270,141,411,0,0,0,19.5,40.13,46.82,13.06,0.0,0.0,0.0,0.0,0.0
9000008552,2025-04-25 17:00,0.186111,11,11,21,21,32,54,188,156,344,0,0,0,19.5,25.0,62.5,12.5,0.0,0.0,0.0,0.0,0.0
9000008552,2025-04-26 05:00,0.047222,0,0,0,0,0,0,0,42,42,0,0,0,23.5,0.0,50.0,50.0,0.0,0.0,0.0,0.0,0.0
9000008552,2025-04-26 06:00,0.764722,2,1,3,3,3,5,32,31,63,0,0,0,26.0,50.0,18.75,31.25,2.08,0.0,0.0,0.0,0.0
9000008552,2025-04-26 07:00,0.727778,4,4,8,1,4,6,27,47,74,0,0,0,25.0,40.74,22.22,35.19,1.85,0.0,0.0,0.0,0.0
9000008552,2025-04-26 08:00,0.769444,1,1,3,5,3,8,38,40,78,0,0,0,28.5,6.67,33.33,48.33,10.0,1.67,0.0,0.0,0.0
9000008552,2025-04-26 09:00,0.758056,5,5,10,8,8,16,70,62,132,0,0,0,25.5,12.0,44.0,39.0,4.0,1.0,0.0,0.0,0.0
9000008552,2025-04-26 10:00,0.781389,9,12,21,23,27,50,102,86,187,0,0,0,26.0,12.33,48.63,32.88,5.48,0.0,0.0,0.68,0.0
9000008552,2025-04-26 11:00,0.758056,4,3,7,20,15,34,77,91,168,0,0,0,30.0,13.39,44.09,27.56,9.45,1.57,1.57,0.79,1.57
9000008552,2025-04-26 12:00,0.764722,1,3,4,47,16,63,132,94,227,0,0,0,35.0,13.29,32.95,30.64,11.56,2.89,2.89,2.31,3.47
9000008552,2025-04-26 13:00,0.774722,4,4,8,43,23,66,131,96,227,0,0,0,38.0,9.66,31.25,30.68,16.48,5.68,3.98,1.14,1.14
9000008552,2025-04-26 14:00,0.770556,0,0,0,66,53,120,169,102,270,0,0,0,22.0,50.0,32.69,11.06,1.44,2.4,1.44,0.0,0.96
9000008552,2025-04-26 15:00,0.795,1,0,1,37,42,78,211,120,331,0,0,0,19.0,41.06,48.29,9.13,1.14,0.0,0.0,0.0,0.38
9000008552,2025-04-26 16:00,0.763889,4,4,8,44,36,81,221,137,358,0,0,0,18.5,31.14,60.44,7.69,0.0,0.0,0.0,0.0,0.73
9000008552,2025-04-26 17:00,0.710556,0,5,5,40,14,54,182,140,321,0,0,0,18.5,36.84,52.63,8.77,0.88,0.0,0.0,0.0,0.88
9000008552,2025-04-26 18:00,0.739444,14,25,39,52,52,104,187,117,303,0,0,0,22.0,29.46,49.11,19.64,1.79,0.0,0.0,0.0,0.0
9000008552,2025-04-26 19:00,0.787222,19,25,45,33,43,76,188,130,318,0,0,0,20.5,21.2,62.4,14.8,0.8,0.4,0.0,0.0,0.4
9000008552,2025-04-26 20:00,0.324444,3,15,18,23,31,54,198,127,325,0,0,0,22.0,17.14,61.9,20.95,0.0,0.0,0.0,0.0,0.95
9000008552,2025-04-27 05:00,0.081111,12,0,12,0,0,0,0,25,25,0,0,0,33.5,0.0,50.0,0.0,50.0,0.0,0.0,0.0,0.0
9000008552,2025-04-27 06:00,0.687222,3,4,7,0,3,3,18,13,31,0,0,0,25.0,28.57,33.33,28.57,4.76,0.0,0.0,0.0,4.76
9000008552,2025-04-27 07:00,0.738611,1,1,3,3,1,4,28,26,54,0,0,0,23.5,45.0,27.5,27.5,0.0,0.0,0.0,0.0,0.0
9000008552,2025-04-27 08:00,0.794722,1,3,4,0,2,2,18,28,45,0,0,0,28.0,13.89,36.11,44.44,5.56,0.0,0.0,0.0,0.0
9000008552,2025-04-27 09:00,0.753056,9,3,12,13,16,29,44,33,77,0,0,0,24.0,22.41,46.55,24.14,5.17,0.0,0.0,1.72,0.0
9000008552,2025-04-27 10:00,0.7875,6,10,17,13,18,30,67,60,127,0,0,0,26.0,12.0,40.0,42.0,4.0,2.0,0.0,0.0,0.0
9000008552,2025-04-27 11:00,0.778056,0,4,4,23,13,36,59,50,109,0,0,0,38.5,9.41,27.06,36.47,14.12,7.06,3.53,0.0,2.35
9000008552,2025-04-27 12:00,0.774444,1,0,1,18,26,44,83,72,154,0,0,0,34.5,7.56,23.53,42.02,17.65,5.04,1.68,1.68,1.68
9000008552,2025-04-27 13:00,0.768611,8,0,8,24,35,58,75,65,139,0,0,0,39.5,10.28,28.04,28.04,19.63,9.35,2.8,0.93,0.93
9000008552,2025-04-27 14:00,0.765278,3,3,5,63,42,105,100,67,167,0,0,0,19.0,64.84,21.88,10.16,1.56,0.0,0.0,0.0,1.56
9000008552,2025-04-27 15:00,0.783333,2,1,4,32,49,80,115,105,220,0,0,0,20.5,44.19,40.12,13.37,1.16,0.58,0.0,0.0,0.58
9000008552,2025-04-27 16:00,0.775278,0,1,1,62,43,105,121,98,219,0,0,0,22.0,18.82,60.0,21.18,0.0,0.0,0.0,0.0,0.0
9000008552,2025-04-27 17:00,0.729444,7,6,13,32,17,49,118,115,234,0,0,0,17.5,42.35,50.59,7.06,0.0,0.0,0.0,0.0,0.0
9000008552,2025-04-27 18:00,0.743889,13,12,25,52,37,89,121,83,204,0,0,0,24.0,19.87,48.34,27.15,3.31,0.0,0.0,0.0,1.99
9000008552,2025-04-27 19:00,0.795,15,18,33,48,35,83,143,127,270,0,0,0,22.5,14.42,60.47,23.26,1.4,0.0,0.0,0.0,0.47
9000008552,2025-04-27 20:00,0.325,12,6,18,23,26,49,137,118,255,0,0,0,24.0,13.25,62.65,20.48,3.61,0.0,0.0,0.0,1.2
9000008552,2025-04-28 05:00,0.082222,12,12,24,0,0,0,61,12,73,0,0,0,30.5,0.0,50.0,33.33,16.67,0.0,0.0,0.0,0.0
9000008552,2025-04-28 06:00,0.747778,1,5,7,7,5,12,39,33,71,17,15,33,22.0,60.38,20.75,18.87,1.89,0.0,0.0,0.0,0.0
9000008552,2025-04-28 07:00,0.741111,7,4,11,30,22,52,121,44,166,5,17,23,22.0,37.4,42.28,17.89,2.44,0.0,0.0,0.81,0.0
9000008552,2025-04-28 08:00,0.775278,18,9,27,59,35,94,202,65,267,18,27,45,23.5,10.14,59.42,27.54,2.42,0.0,0.0,0.0,0.48
9000008552,2025-04-28 09:00,0.743889,21,23,44,36,27,63,160,65,225,20,35,55,22.5,29.17,48.21,20.83,0.0,0.0,0.6,0.0,0.6
9000008552,2025-04-28 10:00,0.78,18,22,40,30,19,49,116,64,180,30,29,59,23.5,9.93,58.16,29.08,2.13,0.0,0.71,0.0,0.0
9000008552,2025-04-28 11:00,0.766389,4,1,5,30,21,51,120,80,200,16,21,37,30.0,12.42,41.18,32.03,8.5,1.96,3.27,0.0,1.31
9000008552,2025-04-28 12:00,0.764722,0,3,3,21,17,38,137,94,232,9,17,26,36.0,5.65,36.72,34.46,12.99,6.21,1.69,0.56,1.69
9000008552,2025-04-28 13:00,0.7425,0,1,1,62,36,98,105,70,176,12,13,25,39.0,15.38,26.92,30.77,13.08,4.62,3.08,2.31,3.85
9000008552,2025-04-28 14:00,0.742222,1,1,3,100,75,175,98,79,177,11,28,39,23.5,43.18,31.06,18.18,3.79,0.76,1.52,0.0,0.76
9000008552,2025-04-28 15:00,0.753056,8,4,12,87,49,136,155,112,267,19,51,70,19.0,53.23,34.83,11.44,0.0,0.0,0.0,0.0,0.5
9000008552,2025-04-28 16:00,0.765278,5,1,7,64,27,92,146,86,232,40,38,79,19.5,37.08,49.44,12.36,0.56,0.56,0.0,0.0,0.0
9000008552,2025-04-28 17:00,0.7,15,10,25,23,23,45,132,122,253,20,22,42,19.5,32.77,55.93,10.17,1.13,0.0,0.0,0.0,0.0
9000008552,2025-04-28 18:00,0.733889,11,24,35,59,57,116,130,129,259,4,50,54,23.0,21.58,51.05,26.32,1.58,0.0,0.0,0.0,0.0
9000008552,2025-04-28 19:00,0.783889,22,29,51,55,54,109,119,93,213,15,25,41,23.5,17.37,59.28,20.36,1.8,0.0,0.0,0.6,0.6
9000008552,2025-04-28 20:00,0.275833,44,16,61,45,40,85,145,90,235,11,20,32,24.5,3.08,69.23,21.54,1.54,1.54,0.0,1.54,0.0
9000008552,2025-04-29 05:00,0.133611,15,0,15,0,0,0,52,22,75,0,7,7,27.5,0.0,40.0,50.0,10.0,0.0,0.0,0.0,0.0
9000008552,2025-04-29 06:00,0.769444,3,8,10,3,4,7,58,22,80,11,20,30,25.5,48.39,25.81,16.13,6.45,1.61,0.0,0.0,1.61
9000008552,2025-04-29 07:00,0.744167,7,9,16,19,39,58,109,58,166,15,25,40,22.5,37.1,39.52,20.97,0.0,0.0,0.81,0.81,0.81
9000008552,2025-04-29 08:00,0.761944,22,5,27,55,43,99,242,71,313,33,31,64,23.5,16.74,53.97,24.69,2.51,0.42,0.0,0.0,1.26
9000008552,2025-04-29 09:00,0.783889,15,9,24,41,26,66,237,87,324,44,19,63,23.0,16.14,58.66,22.83,1.57,0.0,0.0,0.39,0.39
9000008552,2025-04-29 10:00,0.78,13,21,34,32,25,57,178,83,261,38,27,65,23.5,21.08,52.45,23.04,1.47,0.98,0.49,0.0,0.0
9000008552,2025-04-29 11:00,0.767778,4,4,8,33,24,56,140,128,268,21,20,40,28.0,11.65,40.78,38.35,6.31,2.43,0.49,0.0,0.0
9000008552,2025-04-29 12:00,0.773611,8,8,16,35,27,62,148,126,274,13,13,26,30.0,14.62,40.57,30.66,10.38,3.3,0.47,0.0,0.47
9000008552,2025-04-29 13:00,0.775833,7,1,8,66,38,104,108,94,202,17,35,51,28.5,17.83,42.68,26.11,7.01,3.18,1.27,0.64,1.27
9000008552,2025-04-29 14:00,0.759722,4,7,11,113,66,179,179,86,265,11,12,22,18.5,56.22,33.33,5.97,2.99,1.0,0.0,0.0,0.5
9000008552,2025-04-29 15:00,0.758056,5,12,17,76,63,139,170,114,285,31,37,68,19.5,44.91,42.13,12.04,0.93,0.46,0.0,0.0,0.0
9000008552,2025-04-29 16:00,0.737778,5,24,30,61,49,110,154,92,246,64,36,99,22.0,19.89,58.56,19.89,0.55,0.55,0.0,0.0,0.55
9000008552,2025-04-29 17:00,0.711667,17,14,31,42,28,71,123,124,247,39,20,59,19.0,32.57,57.14,9.71,0.57,0.0,0.0,0.0,0.0
9000008552,2025-04-29 18:00,0.735833,17,28,45,52,67,119,137,87,224,29,30,59,21.5,34.55,46.06,16.36,1.21,1.21,0.0,0.0,0.61
9000008552,2025-04-29 19:00,0.783889,40,27,66,61,61,122,130,92,222,17,24,41,22.5,20.11,58.05,20.69,1.15,0.0,0.0,0.0,0.0
9000008552,2025-04-29 20:00,0.345833,23,36,60,40,46,86,126,109,235,15,6,21,24.0,3.7,65.43,25.93,2.47,1.23,2.47,0.0,0.0
9000008552,2025-04-30 05:00,0.119722,0,8,8,8,8,17,42,17,58,8,25,33,25.0,14.29,42.86,28.57,14.29,0.0,0.0,0.0,0.0
9000008552,2025-04-30 06:00,0.778333,6,8,14,9,5,14,49,19,68,18,18,36,23.0,37.74,32.08,26.42,3.77,0.0,0.0,0.0,0.0
9000008552,2025-04-30 07:00,0.779167,13,14,27,26,30,55,130,59,190,22,35,56,23.5,12.84,55.41,26.35,3.38,0.0,0.0,0.0,1.35
9000008552,2025-04-30 08:00,0.752778,23,11,33,63,37,100,156,60,216,21,25,46,23.0,11.73,61.73,22.84,3.09,0.0,0.0,0.0,0.62
9000008552,2025-04-30 09:00,0.756944,18,20,38,38,45,83,170,82,253,44,27,70,23.0,13.09,60.73,25.65,0.52,0.0,0.0,0.0,0.0
9000008552,2025-04-30 10:00,0.753611,18,16,34,38,28,65,144,81,224,33,32,65,23.0,25.44,48.52,21.3,4.14,0.0,0.0,0.59,0.0
9000008552,2025-04-30 11:00,0.703611,1,6,7,61,13,74,153,106,259,18,11,29,28.5,19.78,31.87,36.26,8.24,1.65,0.55,2.2,0.0
9000008552,2025-04-30 12:00,0.725278,7,4,11,54,33,87,242,135,377,10,14,23,28.0,20.88,42.49,25.27,6.23,1.1,1.1,0.37,2.2
9000008552,2025-04-30 13:00,0.753611,14,3,17,56,49,105,207,127,334,15,17,32,30.0,12.7,41.67,30.95,10.32,1.59,0.79,0.79,1.19
9000008552,2025-04-30 14:00,0.751111,1,4,5,99,91,189,137,114,252,28,24,52,25.0,49.74,29.1,10.05,4.23,4.23,0.53,0.53,1.59
9000008552,2025-04-30 15:00,0.713333,1,4,6,52,39,91,104,98,202,47,53,100,21.0,48.61,34.03,12.5,1.39,0.69,0.0,0.0,2.78
9000008552,2025-04-30 16:00,0.731111,15,12,27,65,55,120,177,119,296,78,36,114,20.0,34.72,51.39,13.43,0.46,0.0,0.0,0.0,0.0
9000008552,2025-04-30 17:00,0.681667,10,12,22,26,26,52,146,111,257,62,37,99,18.0,39.43,54.29,6.29,0.0,0.0,0.0,0.0,0.0
9000008552,2025-04-30 18:00,0.725833,26,12,38,65,65,130,175,72,247,52,59,111,21.5,35.75,45.81,17.32,0.56,1.12,0.0,0.0,0.0
9000008552,2025-04-30 19:00,0.776667,23,45,68,58,72,130,164,133,296,36,28,65,22.5,28.7,48.7,19.57,0.87,0.43,0.87,0.0,0.87
9000008552,2025-04-30 20:00,0.261111,36,46,82,73,77,150,138,79,217,27,52,79,23.0,10.53,61.4,28.07,0.0,0.0,0.0,1.75,1.75
9000008552,2025-05-01 05:00,0.21,3,0,3,0,0,0,10,8,18,5,3,8,23.5,0.0,50.0,50.0,0.0,0.0,0.0,0.0,0.0
9000008552,2025-05-01 06:00,0.729444,2,7,8,3,0,3,10,11,21,1,5,6,22.5,60.0,20.0,26.67,0.0,0.0,0.0,0.0,0.0
9000008552,2025-05-01 07:00,0.758333,1,1,3,0,3,3,22,25,47,8,7,14,24.5,36.11,36.11,27.78,0.0,0.0,0.0,0.0,0.0
9000008552,2025-05-01 08:00,0.764167,5,4,9,7,5,12,28,14,42,8,11,18,29.5,9.38,25.0,53.12,12.5,0.0,0.0,0.0,0.0
9000008552,2025-05-01 09:00,0.7675,10,7,17,9,17,26,36,53,89,7,7,13,27.5,7.35,45.59,38.24,7.35,0.0,0.0,0.0,1.47
9000008552,2025-05-01 10:00,0.767222,12,12,24,6,19,26,43,46,89,7,12,19,28.5,8.82,44.12,36.76,5.88,2.94,1.47,0.0,0.0
9000008552,2025-05-01 11:00,0.763333,8,3,11,16,25,41,62,83,144,9,5,14,35.0,2.73,24.55,49.09,17.27,5.45,0.91,0.0,0.0
9000008552,2025-05-01 12:00,0.783611,4,9,13,18,19,37,98,80,179,5,13,18,31.5,3.57,30.0,47.86,13.57,2.14,2.14,0.0,0.71
9000008552,2025-05-01 13:00,0.758611,7,3,9,66,51,117,94,52,145,5,11,16,31.5,5.45,37.27,38.18,14.55,0.91,1.82,0.91,0.91
9000008552,2025-05-01 14:00,0.776111,3,5,8,60,60,120,95,46,141,10,23,33,22.5,28.44,48.62,19.27,2.75,1.83,0.0,0.0,0.0
9000008552,2025-05-01 15:00,0.757222,7,11,17,42,40,82,90,58,147,24,21,45,20.5,40.54,44.14,14.41,1.8,0.0,0.0,0.0,0.0
9000008552,2025-05-01 16:00,0.736389,17,7,24,42,36,79,154,69,223,24,26,50,21.5,14.02,67.07,17.68,1.22,0.0,0.0,0.0,0.0
9000008552,2025-05-01 17:00,0.653333,12,17,29,38,41,79,224,85,308,49,17,66,19.0,43.28,46.27,10.45,0.0,0.0,0.0,0.0,0.0
9000008552,2025-05-01 18:00,0.7575,13,26,39,33,46,79,142,89,231,12,33,45,25.0,20.0,41.71,34.29,2.86,0.57,0.0,0.0,0.57
9000008552,2025-05-01 19:00,0.789722,32,18,49,48,48,96,94,71,165,14,28,42,25.0,4.62,58.46,31.54,4.62,0.0,0.77,0.0,0.0
9000008552,2025-05-01 20:00,0.374444,11,13,24,57,54,110,94,120,214,7,14,21,32.0,7.5,58.75,16.25,11.25,1.25,1.25,0.0,5.0
9000008552,2025-05-02 05:00,0.097222,10,0,10,21,0,21,41,10,51,10,10,21,21.0,20.0,60.0,20.0,0.0,0.0,0.0,0.0,0.0
9000008552,2025-05-02 06:00,0.793333,3,14,16,6,1,8,37,33,69,14,18,32,27.0,27.27,27.27,38.18,5.45,0.0,0.0,0.0,1.82
9000008552,2025-05-02 07:00,0.775,4,4,8,20,6,27,40,26,66,14,17,31,23.5,9.8,58.82,29.41,1.96,0.0,0.0,0.0,0.0
9000008552,2025-05-02 08:00,0.7525,12,5,17,16,13,29,88,41,129,21,17,39,25.0,4.12,51.55,36.08,7.22,1.03,0.0,0.0,0.0
9000008552,2025-05-02 09:00,0.778056,18,12,30,28,23,51,91,55,146,22,26,48,26.0,4.39,53.51,37.72,3.51,0.0,0.88,0.0,0.0
9000008552,2025-05-02 10:00,0.780556,15,18,33,24,13,37,92,71,163,21,28,49,24.0,8.66,54.33,34.65,2.36,0.0,0.0,0.0,0.0
9000008552,2025-05-02 11:00,0.775556,4,10,14,30,25,55,158,105,263,19,27,46,30.0,12.75,31.86,40.69,8.82,1.96,1.47,0.98,1.47
9000008552,2025-05-02 12:00,0.760833,1,3,4,39,22,62,194,130,324,14,13,27,31.0,9.31,38.87,34.82,12.55,2.83,0.81,0.4,0.4
9000008552,2025-05-02 13:00,0.728611,9,10,19,90,57,148,119,87,205,19,13,33,32.0,4.67,40.67,36.0,14.67,1.33,1.33,0.67,1.33
9000008552,2025-05-02 14:00,0.736667,10,7,16,108,57,164,137,95,232,26,37,62,25.5,32.75,39.18,20.47,4.68,0.58,0.58,1.17,0.58
9000008552,2025-05-02 15:00,0.745833,6,11,16,42,40,82,157,89,246,32,39,71,24.5,18.58,49.73,27.32,2.73,0.0,0.0,0.0,1.64
9000008552,2025-05-02 16:00,0.755556,14,17,32,57,34,91,155,94,249,58,40,98,22.0,18.09,61.17,18.62,2.13,0.0,0.0,0.0,0.0
9000008552,2025-05-02 17:00,0.746944,13,24,37,41,32,73,138,72,210,42,32,74,20.5,27.39,56.05,16.56,0.0,0.0,0.0,0.0,0.0
9000008552,2025-05-02 18:00,0.723889,27,25,52,63,47,110,169,119,288,14,19,33,23.5,20.57,52.63,23.44,3.35,0.0,0.0,0.0,0.0
9000008552,2025-05-02 19:00,0.253056,16,8,24,86,24,110,175,58,233,2,10,12,24.0,18.64,54.24,18.64,8.47,0.0,0.0,0.0,0.0
9000008552,2025-05-02 20:00,0.046389,43,0,43,151,43,194,22,172,194,0,22,22,29.5,0.0,11.11,77.78,11.11,0.0,0.0,0.0,0.0
9000008552,2025-05-03 05:00,0.206944,2,0,2,0,2,2,22,7,30,2,12,15,20.5,33.33,50.0,16.67,0.0,0.0,0.0,0.0,0.0
9000008552,2025-05-03 06:00,0.796944,1,1,2,9,2,11,23,26,49,5,14,19,27.5,12.82,41.03,35.9,7.69,2.56,0.0,0.0,0.0
9000008552,2025-05-03 07:00,0.792778,3,4,6,3,1,4,30,23,53,5,11,16,24.5,9.52,50.0,38.1,0.0,0.0,0.0,0.0,2.38
9000008552,2025-05-03 08:00,0.7825,8,0,8,13,5,18,55,29,85,9,5,14,24.0,9.09,62.12,25.76,1.52,0.0,0.0,0.0,1.52
9000008552,2025-05-03 09:00,0.761944,5,7,12,13,21,34,73,52,125,11,18,29,26.5,3.16,56.84,36.84,1.05,0.0,0.0,0.0,1.05
9000008552,2025-05-03 10:00,0.775833,10,5,16,22,21,42,114,66,180,14,15,30,25.0,14.39,45.32,36.69,3.6,0.0,0.0,0.0,0.0
9000008552,2025-05-03 11:00,0.771389,8,4,12,35,27,62,135,98,234,14,12,26,28.0,6.11,33.89,53.89,5.0,1.11,0.0,0.0,0.56
9000008552,2025-05-03 12:00,0.749167,0,1,1,59,23,82,153,131,284,11,11,21,29.0,13.15,33.33,40.85,5.16,2.82,1.88,0.47,1.88
9000008552,2025-05-03 13:00,0.763333,12,4,15,78,50,128,157,93,250,12,20,31,26.5,16.23,43.46,31.94,4.71,0.52,1.57,0.0,1.57
9000008552,2025-05-03 14:00,0.764167,25,18,43,76,50,126,189,94,283,29,20,49,23.5,20.83,56.02,18.52,3.7,0.46,0.0,0.0,0.46
9000008552,2025-05-03 15:00,0.780833,18,28,46,46,44,90,235,120,356,15,29,45,23.0,12.59,61.87,21.94,2.52,0.72,0.0,0.0,0.36
9000008552,2025-05-03 16:00,0.765556,17,38,55,38,36,74,243,124,367,25,21,46,25.5,19.93,46.62,28.11,4.27,1.07,0.0,0.0,0.0
9000008552,2025-05-03 17:00,0.777778,14,26,40,59,53,112,217,122,338,17,19,36,25.0,15.21,47.53,31.56,4.56,0.38,0.0,0.0,0.76
9000008552,2025-05-03 18:00,0.785556,17,17,33,50,30,80,171,124,295,11,15,27,24.5,15.09,50.43,28.88,4.31,0.0,0.86,0.0,0.43
9000008552,2025-05-03 19:00,0.771389,16,18,34,34,40,74,160,106,266,13,16,29,26.0,9.27,49.76,33.66,3.41,1.46,0.0,0.49,1.95
9000008552,2025-05-03 20:00,0.039722,50,25,76,25,25,50,101,101,201,25,0,25,29.0,0.0,50.0,37.5,0.0,0.0,12.5,0.0,0.0
9000008552,2025-05-04 05:00,0.175,0,0,0,0,0,0,4,9,13,8,0,8,43.0,0.0,100.0,0.0,0.0,50.0,0.0,0.0,0.0
9000008552,2025-05-04 06:00,0.791944,3,6,9,3,3,5,11,21,33,4,11,15,30.5,3.85,34.62,46.15,7.69,0.0,3.85,0.0,3.85
9000008552,2025-05-04 07:00,0.7925,1,6,8,0,1,1,23,18,40,6,5,11,28.5,3.12,31.25,56.25,3.12,3.12,0.0,0.0,3.12
9000008552,2025-05-04 08:00,0.779167,3,4,6,9,8,17,27,19,47,3,10,13,29.5,8.33,41.67,36.11,8.33,0.0,2.78,2.78,0.0
9000008552,2025-05-04 09:00,0.752778,0,6,6,16,5,21,32,32,64,7,5,12,31.0,8.33,37.5,37.5,12.5,4.17,0.0,0.0,0.0
9000008552,2025-05-04 10:00,0.774167,5,9,14,23,12,35,54,36,90,9,4,13,29.5,11.43,35.71,38.57,8.57,2.86,1.43,0.0,1.43
9000008552,2025-05-04 11:00,0.771667,9,9,18,27,32,60,71,59,131,9,14,23,28.0,9.9,41.58,39.6,6.93,0.99,0.0,0.0,0.99
9000008552,2025-05-04 12:00,0.7625,9,13,22,33,22,55,87,95,181,5,10,16,30.5,10.14,36.23,37.68,8.7,2.17,2.17,0.0,2.9
9000008552,2025-05-04 13:00,0.759722,9,12,21,68,14,83,92,59,151,6,20,26,34.5,9.57,38.26,33.91,9.57,6.09,0.87,0.87,0.87
9000008552,2025-05-04 14:00,0.772222,17,13,30,35,35,70,100,82,181,13,25,38,27.5,8.57,50.71,30.71,7.14,1.43,1.43,0.0,0.0
9000008552,2025-05-04 15:00,0.784444,23,24,47,40,24,64,144,97,241,8,19,27,26.0,7.94,52.91,31.75,6.88,0.0,0.53,0.0,0.0
9000008552,2025-05-04 16:00,0.739444,9,4,13,31,21,52,111,78,190,26,25,51,22.5,10.0,67.14,18.57,3.57,0.0,0.0,0.0,0.71
9000008552,2025-05-04 17:00,0.746667,11,5,16,37,27,64,132,86,219,20,20,40,24.5,14.11,57.06,25.15,1.84,0.0,0.0,0.0,1.23
9000008552,2025-05-04 18:00,0.751389,4,24,28,36,25,61,88,90,177,11,15,25,28.0,12.78,39.1,40.6,6.02,0.75,0.0,0.75,0.75
9000008552,2025-05-04 19:00,0.767222,9,29,38,20,37,56,110,85,194,12,12,23,25.5,3.36,59.06,31.54,6.04,0.0,0.67,0.0,0.0
9000008552,2025-05-04 20:00,0.275,18,28,46,23,24,47,72,72,143,12,19,31,26.5,12.82,48.72,30.77,7.69,0.0,0.0,0.0,0.0
9000008552,2025-05-05 05:00,0.329722,3,3,5,4,3,6,27,11,38,14,18,32,27.5,0.0,46.15,46.15,7.69,0.0,0.0,0.0,0.0
9000008552,2025-05-05 06:00,0.595556,10,9,19,5,17,22,55,49,104,13,27,40,27.0,8.06,38.71,43.55,4.84,1.61,1.61,0.0,1.61
9000008552,2025-05-05 07:00,0.788056,18,14,32,18,25,43,127,52,179,28,25,54,24.5,13.48,51.77,32.62,2.13,0.0,0.0,0.0,0.0
9000008552,2025-05-05 08:00,0.7725,27,11,39,45,26,71,196,54,251,50,29,79,24.0,7.22,59.79,30.93,1.55,0.0,0.0,0.52,0.0
9000008552,2025-05-05 09:00,0.775278,14,17,31,44,18,62,189,94,283,57,35,91,22.5,12.79,62.1,25.11,0.0,0.0,0.0,0.0,0.0
9000008552,2025-05-05 10:00,0.760278,14,14,29,32,16,48,150,84,234,28,33,60,24.0,16.85,48.31,32.02,2.25,0.0,0.56,0.0,0.0
9000008552,2025-05-05 11:00,0.758333,4,1,5,32,9,41,124,109,233,13,5,18,30.0,7.34,36.72,40.68,11.3,2.82,0.0,0.0,1.13
9000008552,2025-05-05 12:00,0.756944,1,1,3,50,17,67,148,114,261,16,12,28,36.5,12.63,33.33,31.82,10.61,4.55,2.53,2.53,2.02
9000008552,2025-05-05 13:00,0.709444,3,0,3,60,52,112,149,95,244,11,14,25,34.0,13.87,29.48,35.26,13.87,2.31,2.89,0.0,2.89
9000008552,2025-05-05 14:00,0.732222,1,0,1,68,49,118,134,71,204,22,26,48,20.5,42.0,41.33,12.67,1.33,0.0,0.67,0.67,0.67
9000008552,2025-05-05 15:00,0.730833,4,11,15,74,53,127,123,114,237,22,57,79,23.5,39.88,36.42,19.65,2.31,0.58,0.58,0.0,0.58
9000008552,2025-05-05 16:00,0.741944,12,13,25,60,35,96,162,98,260,8,35,43,24.0,14.51,51.81,28.5,2.59,2.07,0.0,0.0,0.0
9000008552,2025-05-05 17:00,0.6625,12,10,22,83,33,117,107,111,218,12,18,30,23.0,22.76,53.79,18.62,2.76,0.69,0.0,0.69,0.69
9000008552,2025-05-05 18:00,0.757222,18,16,34,47,58,105,126,71,198,9,15,24,24.0,18.0,51.33,25.33,2.0,1.33,0.0,0.67,1.33
9000008552,2025-05-05 19:00,0.783056,14,29,43,54,56,110,98,102,200,5,22,27,24.5,8.92,52.23,35.03,2.55,1.27,0.0,0.0,0.0
9000008552,2025-05-05 20:00,0.434722,27,12,39,31,25,56,57,75,132,10,15,25,26.0,8.77,63.16,24.56,3.51,1.75,1.75,0.0,0.0
9000008552,2025-05-06 05:00,0.170278,6,0,6,18,0,18,23,6,29,12,23,35,31.0,0.0,60.0,20.0,20.0,0.0,0.0,0.0,0.0
9000008552,2025-05-06 06:00,0.71,0,3,3,7,0,7,48,33,81,4,15,19,20.5,56.14,28.07,15.79,0.0,0.0,0.0,0.0,0.0
9000008552,2025-05-06 07:00,0.726389,6,5,11,21,16,37,123,65,188,7,25,31,21.0,36.03,47.06,15.44,1.47,0.0,0.0,0.0,0.74
9000008552,2025-05-06 08:00,0.755833,17,15,32,110,28,138,180,81,261,12,16,28,24.5,13.71,52.28,27.92,5.58,0.51,0.0,0.0,0.51
9000008552,2025-05-06 09:00,0.752222,12,9,21,65,25,90,235,88,323,28,24,52,21.5,16.05,65.43,16.87,0.82,0.41,0.41,0.0,0.0
9000008552,2025-05-06 10:00,0.721944,15,7,22,46,17,63,148,98,246,18,28,46,25.0,14.61,49.44,30.9,3.37,0.0,0.0,0.56,1.12
9000008552,2025-05-06 11:00,0.703611,3,1,4,40,17,57,107,119,226,16,16,32,27.0,15.72,46.54,30.19,6.29,0.0,0.63,0.63,0.0
9000008552,2025-05-06 12:00,0.462778,2,0,2,31,11,42,127,114,241,4,9,13,28.5,13.51,34.23,40.54,8.11,2.7,0.9,0.9,0.9
9000008552,2025-05-07 06:00,0.773889,5,3,8,6,11,17,62,30,92,18,17,35,24.0,30.99,38.03,26.76,2.82,0.0,0.0,0.0,1.41
9000008552,2025-05-07 07:00,0.780833,8,9,17,30,29,59,135,46,181,5,24,29,22.0,18.31,61.27,18.31,1.41,0.0,0.0,0.0,0.7
9000008552,2025-05-07 08:00,0.766111,23,1,25,68,25,93,127,97,224,10,22,32,22.5,16.37,59.06,21.64,1.75,0.58,0.58,0.0,0.0
9000008552,2025-05-07 09:00,0.783611,13,17,29,60,29,89,160,77,236,20,27,47,23.5,16.76,56.76,24.32,1.62,0.54,0.0,0.0,0.0
9000008552,2025-05-07 10:00,0.766667,10,12,22,45,25,70,138,80,218,18,28,47,23.5,20.36,52.1,25.15,2.4,0.6,0.0,0.0,0.0
9000008552,2025-05-07 11:00,0.749722,4,5,9,35,12,47,135,95,229,13,20,33,27.5,11.05,44.19,34.88,4.65,3.49,0.58,1.16,0.0
9000008552,2025-05-07 12:00,0.71,4,3,7,43,9,51,147,114,261,15,16,30,25.5,18.38,47.03,25.95,4.86,1.08,1.08,1.08,0.0
9000008552,2025-05-07 13:00,0.758333,5,3,8,58,43,101,138,95,234,13,10,23,28.5,9.04,42.94,35.59,5.65,3.39,2.26,0.0,1.13
9000008552,2025-05-07 14:00,0.743333,1,3,4,122,44,167,125,112,238,27,31,58,21.5,38.42,43.5,13.56,2.82,0.56,0.56,0.0,0.56
9000008552,2025-05-07 15:00,0.731944,1,0,1,67,55,122,156,120,277,16,37,53,21.0,38.92,43.35,15.76,1.97,0.0,0.0,0.0,0.0
9000008552,2025-05-07 16:00,0.756944,5,5,10,73,57,130,216,159,375,26,41,67,21.5,15.85,65.14,17.25,1.41,0.35,0.0,0.0,0.0
9000008552,2025-05-07 17:00,0.763056,10,25,35,80,26,106,225,171,396,14,29,43,19.5,33.11,54.97,10.6,0.33,0.0,0.33,0.0,0.99
9000008552,2025-05-07 18:00,0.752778,22,37,59,74,71,145,190,123,314,10,29,39,22.5,25.85,50.42,22.46,1.27,0.0,0.42,0.0,0.0
9000008552,2025-05-07 19:00,0.777778,27,30,56,59,73,132,152,109,261,12,21,32,24.5,12.81,52.22,31.03,2.46,0.49,0.0,0.0,0.99
9000008552,2025-05-07 20:00,0.515,30,29,59,36,41,77,90,113,203,4,6,11,27.0,3.81,43.81,45.71,5.71,0.0,0.0,0.0,0.95
9000008552,2025-05-08 05:00,0.200278,0,0,0,0,0,0,5,20,25,0,0,0,26.0,40.0,0.0,60.0,0.0,0.0,0.0,0.0,0.0
9000008552,2025-05-08 06:00,0.739722,0,1,1,5,1,6,18,15,33,1,7,8,23.5,50.0,25.0,25.0,0.0,0.0,0.0,0.0,0.0
9000008552,2025-05-08 07:00,0.741944,1,1,3,5,1,6,16,24,40,3,4,7,25.5,33.33,40.0,23.33,0.0,0.0,0.0,0.0,3.33
9000008552,2025-05-08 08:00,0.795833,3,0,3,11,9,20,26,25,52,2,8,10,27.5,7.32,46.34,36.59,9.76,0.0,0.0,0.0,0.0
9000008552,2025-05-08 09:00,0.766944,9,4,13,21,13,34,34,25,59,1,10,12,24.5,8.89,53.33,33.33,4.44,0.0,0.0,0.0,0.0
9000008552,2025-05-08 10:00,0.714722,4,6,10,33,23,56,46,41,87,7,3,10,30.0,4.84,45.16,35.48,11.29,1.61,0.0,0.0,1.61
9000008552,2025-05-08 11:00,0.768889,6,13,19,22,23,46,51,50,100,1,14,15,32.5,2.6,36.36,38.96,18.18,3.9,0.0,0.0,0.0
9000008552,2025-05-08 12:00,0.7725,6,9,16,19,35,54,93,54,148,4,16,19,26.0,11.4,44.74,36.84,4.39,0.0,0.88,0.0,1.75
9000008552,2025-05-08 13:00,0.757222,1,4,5,41,32,73,41,48,89,5,10,16,35.0,14.71,26.47,38.24,7.35,5.88,1.47,2.94,2.94
9000008552,2025-05-08 14:00,0.770278,10,9,19,46,27,73,82,80,162,10,7,17,28.5,6.4,40.0,43.2,6.4,0.8,1.6,0.8,0.8
9000008552,2025-05-08 15:00,0.774722,9,14,23,36,27,63,96,76,172,19,12,31,25.0,4.51,50.38,39.1,4.51,1.5,0.0,0.0,0.0
9000008552,2025-05-08 16:00,0.771667,13,23,36,32,39,71,93,63,157,8,12,19,27.0,2.48,47.93,42.98,4.96,0.83,0.0,0.0,0.83
9000008552,2025-05-08 17:00,0.775556,14,17,31,34,45,79,126,66,192,8,19,27,27.0,4.7,56.38,32.89,4.7,0.0,0.67,0.0,0.67
9000008552,2025-05-08 18:00,0.781667,19,35,54,45,41,85,127,68,195,3,9,12,25.0,11.84,48.68,34.87,3.95,0.0,0.66,0.0,0.0
9000008552,2025-05-08 19:00,0.776389,15,24,40,45,49,94,104,79,183,4,14,18,24.5,5.63,63.38,25.35,5.63,0.0,0.0,0.0,0.0
9000008552,2025-05-08 20:00,0.295833,23,15,38,33,30,63,109,61,170,5,5,10,25.5,6.0,46.0,46.0,2.0,0.0,0.0,0.0,0.0
9000008552,2025-05-09 05:00,0.106944,8,0,8,0,29,29,46,17,62,21,8,29,20.0,14.29,71.43,14.29,0.0,0.0,0.0,0.0,0.0
9000008552,2025-05-09 06:00,0.702222,5,4,9,7,1,8,29,34,63,8,17,25,22.5,55.56,17.78,24.44,0.0,0.0,0.0,0.0,0.0
9000008552,2025-05-09 07:00,0.732778,4,4,8,20,14,34,96,42,138,7,15,22,18.5,54.46,36.63,7.92,0.0,0.0,0.0,0.99,0.0
9000008552,2025-05-09 08:00,0.560278,14,1,15,66,26,91,80,65,145,1,12,14,26.0,22.22,44.44,29.63,2.47,0.0,0.0,0.0,1.23
9000008552,2025-05-09 09:00,0.738611,18,11,29,63,20,84,106,83,188,14,15,29,25.0,7.91,51.8,36.69,2.88,0.72,0.0,0.0,0.0
9000008552,2025-05-09 10:00,0.751389,15,0,15,48,21,69,142,101,243,9,16,25,24.5,18.03,45.36,29.51,4.92,0.55,0.0,0.55,1.09
9000008552,2025-05-09 11:00,0.728056,0,4,4,29,8,37,92,69,161,10,11,20,29.5,17.09,33.33,35.9,8.55,3.42,0.85,0.0,0.85
9000008552,2025-05-09 12:00,0.714444,3,3,6,42,18,60,116,119,235,9,11,20,32.5,10.71,40.48,30.95,7.74,4.76,1.19,0.0,4.17
9000008552,2025-05-09 13:00,0.750833,5,3,8,75,47,122,115,102,217,4,3,7,29.5,10.43,41.1,34.97,9.2,1.84,0.61,0.0,1.84
9000008552,2025-05-09 14:00,0.742222,1,7,8,72,38,110,104,82,186,53,14,66,26.0,33.33,35.51,24.64,2.17,1.45,0.72,1.45,0.72
9000008552,2025-05-09 15:00,0.728333,4,12,17,55,34,89,115,111,226,27,21,47,24.0,28.05,42.07,21.95,3.66,0.61,1.83,0.0,1.22
9000008552,2025-05-09 16:00,0.751944,7,28,34,48,36,84,180,94,274,48,19,67,22.0,17.96,60.19,19.9,1.46,0.0,0.0,0.0,0.49
9000008552,2025-05-09 17:00,0.741667,7,19,25,46,31,77,156,76,231,27,31,58,20.0,25.73,59.06,11.11,2.34,0.0,0.0,0.0,1.75
9000008552,2025-05-09 18:00,0.7625,20,21,41,52,36,89,182,95,277,23,17,40,23.5,15.17,56.4,26.54,1.9,0.0,0.0,0.0,0.0
9000008552,2025-05-09 19:00,0.775,26,25,50,51,50,102,145,103,248,16,21,36,24.0,12.5,57.81,25.0,4.17,0.0,0.52,0.0,0.52
9000008552,2025-05-09 20:00,0.488889,17,27,44,27,61,88,107,78,185,12,22,34,24.0,6.59,62.64,28.57,2.2,0.0,1.1,0.0,0.0
9000008552,2025-05-10 06:00,0.541389,2,0,2,0,2,2,35,29,64,6,9,15,20.5,68.57,17.14,17.14,0.0,0.0,0.0,0.0,0.0
9000008552,2025-05-10 07:00,0.755556,0,0,0,4,1,5,33,24,57,8,11,18,20.5,51.16,32.56,16.28,0.0,0.0,0.0,0.0,0.0
9000008552,2025-05-10 08:00,0.76,4,5,9,17,12,29,42,47,89,12,12,24,24.5,20.59,39.71,30.88,5.88,0.0,0.0,0.0,2.94
9000008552,2025-05-10 09:00,0.772778,9,4,13,40,18,58,124,62,186,18,21,39,26.0,9.03,43.75,40.97,6.25,0.0,0.0,0.0,0.0
9000008552,2025-05-10 10:00,0.785833,14,14,28,20,33,53,148,104,252,31,51,82,27.0,9.6,45.96,37.37,5.05,1.01,0.0,0.0,1.01
9000008552,2025-05-10 11:00,0.770556,7,17,23,37,31,68,162,122,283,26,25,51,27.0,14.68,37.61,39.45,7.8,0.46,0.0,0.0,0.0
9000008552,2025-05-10 12:00,0.766389,6,14,21,57,26,83,206,126,332,28,18,46,27.5,8.63,53.33,29.02,7.84,0.0,0.0,0.0,1.18
9000008552,2025-05-10 13:00,0.772222,13,10,23,81,43,124,313,154,467,26,29,54,24.0,13.57,54.29,29.36,1.94,0.55,0.0,0.0,0.28
9000008552,2025-05-10 14:00,0.770278,5,10,15,35,30,65,248,152,399,25,25,49,24.0,19.81,49.68,26.95,2.92,0.65,0.0,0.0,0.0
9000008552,2025-05-10 15:00,0.770833,1,1,3,40,25,65,211,103,314,61,46,106,20.5,44.21,40.08,14.46,1.24,0.41,0.0,0.0,0.0
9000008552,2025-05-10 16:00,0.725833,6,11,16,28,27,55,239,85,324,46,32,78,22.0,13.62,63.4,20.85,0.43,0.43,0.43,0.43,0.43
9000008552,2025-05-10 17:00,0.710833,15,14,28,38,26,64,172,123,295,31,31,62,25.5,19.52,50.0,23.33,4.29,0.95,0.48,0.0,1.43
9000008552,2025-05-10 18:00,0.749444,12,13,25,47,21,68,225,119,344,76,31,106,23.5,23.64,50.39,21.71,2.33,0.78,0.0,0.0,0.78
9000008552,2025-05-10 19:00,0.770556,25,27,52,30,65,95,166,151,316,25,31,56,23.5,12.3,55.74,28.28,3.28,0.0,0.0,0.0,0.41
9000008552,2025-05-10 20:00,0.586944,21,15,36,36,49,85,195,111,306,17,19,36,24.5,10.56,57.22,26.67,2.22,0.0,0.56,0.56,2.22
9000008552,2025-05-11 07:00,0.791389,3,3,5,0,0,0,15,14,29,6,9,15,27.0,0.0,47.83,47.83,4.35,0.0,0.0,0.0,0.0
9000008552,2025-05-11 08:00,0.738056,3,3,5,13,10,23,38,20,58,11,8,19,24.5,20.93,48.84,25.58,0.0,0.0,0.0,2.33,2.33
9000008552,2025-05-11 09:00,0.755833,4,3,7,27,4,31,34,37,72,5,8,13,27.0,5.56,46.3,42.59,0.0,3.7,0.0,0.0,1.85
9000008552,2025-05-11 10:00,0.7625,7,3,9,29,21,49,80,54,133,10,5,16,28.5,0.98,41.18,49.02,7.84,0.0,0.98,0.0,0.0
9000008552,2025-05-11 11:00,0.756667,4,3,6,20,12,32,84,72,156,7,8,14,33.5,4.24,27.97,47.46,12.71,4.24,1.69,0.85,0.85
9000008552,2025-05-11 12:00,0.749444,3,1,4,36,12,48,135,107,242,6,3,8,36.0,7.18,22.1,40.33,20.44,5.52,1.66,0.0,3.31
9000008552,2025-05-11 13:00,0.762222,0,0,0,63,47,111,109,90,199,8,5,13,39.0,1.32,29.61,40.79,15.13,7.24,2.63,1.97,1.32
9000008552,2025-05-11 14:00,0.756944,0,3,3,91,45,135,153,131,283,5,23,28,21.5,50.0,31.31,14.95,3.27,0.47,0.0,0.0,0.0
9000008552,2025-05-11 15:00,0.703889,5,0,5,37,33,70,190,129,319,39,49,88,20.5,37.33,46.22,14.22,0.89,0.0,0.44,0.0,0.89
9000008552,2025-05-11 16:00,0.692778,0,1,1,52,44,96,304,67,371,68,16,83,19.5,26.07,61.48,10.12,0.78,0.39,0.0,0.39,0.39
9000008552,2025-05-11 17:00,0.683611,2,0,2,22,25,47,182,149,331,50,20,71,22.0,29.2,49.56,19.03,1.77,0.44,0.0,0.0,0.44
9000008552,2025-05-11 18:00,0.740833,1,3,4,31,31,62,200,90,290,31,36,67,23.0,25.58,51.16,20.93,0.93,0.0,0.47,0.0,0.47
9000008552,2025-05-11 19:00,0.790556,3,6,9,37,49,86,168,146,315,28,29,57,24.0,7.23,55.82,34.14,2.81,0.0,0.0,0.0,0.0
9000008552,2025-05-11 20:00,0.604444,3,4,6,25,43,67,115,139,254,12,10,22,25.0,10.39,51.95,30.52,5.84,0.0,0.65,0.0,0.0
9000008552,2025-05-12 06:00,0.547778,2,0,2,5,4,9,42,47,89,14,26,39,17.0,73.47,18.37,8.16,0.0,0.0,0.0,0.0,0.0
9000008552,2025-05-12 07:00,0.698611,3,9,11,11,23,34,140,52,192,19,33,52,17.5,64.18,26.87,6.72,1.49,0.0,0.0,0.0,0.75
9000008552,2025-05-12 08:00,0.667222,6,3,9,87,23,110,166,78,243,26,10,36,21.0,51.85,31.48,14.2,1.85,0.0,0.0,0.0,1.23
9000008552,2025-05-12 09:00,0.720278,4,4,8,67,25,92,162,88,250,27,28,55,23.5,26.67,46.11,23.89,2.22,0.56,0.0,0.0,0.56
9000008552,2025-05-12 10:00,0.705,1,4,6,58,26,83,108,89,197,20,10,30,25.0,7.91,53.96,33.09,5.04,0.0,0.0,0.0,0.0
9000008552,2025-05-12 11:00,0.721944,7,3,10,37,19,57,156,108,264,13,22,34,28.5,9.95,46.07,32.98,7.33,2.62,1.05,0.52,0.0
9000008552,2025-05-12 12:00,0.743056,7,1,8,34,11,45,177,105,281,16,16,32,29.0,12.92,42.58,31.58,6.7,1.91,0.96,0.96,2.39
9000008552,2025-05-12 13:00,0.730556,8,1,10,73,36,108,148,86,234,10,25,35,30.0,21.64,39.77,23.39,8.19,3.51,1.75,0.58,1.17
9000008552,2025-05-12 14:00,0.730278,1,3,4,88,55,142,132,111,243,27,27,55,21.0,42.94,38.98,17.51,0.56,0.0,0.0,0.0,0.0
9000008552,2025-05-12 15:00,0.727222,7,8,15,55,52,107,125,100,226,44,33,78,21.5,32.32,47.56,19.51,0.61,0.0,0.0,0.0,0.0
9000008552,2025-05-12 16:00,0.713611,13,13,25,48,45,93,122,81,203,39,32,72,21.0,23.45,58.62,15.86,0.0,0.0,0.0,0.69,1.38
9000008552,2025-05-12 17:00,0.683056,16,13,30,54,21,75,148,103,251,27,22,49,18.5,31.4,60.47,7.56,0.58,0.0,0.0,0.0,0.0
9000008552,2025-05-12 18:00,0.752778,19,21,40,43,60,102,134,100,234,24,20,44,21.0,31.82,50.57,15.34,1.7,0.57,0.0,0.0,0.0
9000008552,2025-05-12 19:00,0.793611,21,37,58,52,56,109,116,96,212,14,28,42,22.5,8.33,66.67,23.81,1.79,0.0,0.0,0.0,0.0
9000008552,2025-05-12 20:00,0.549167,37,26,63,68,69,138,107,119,225,16,14,30,24.5,9.68,55.65,32.26,2.42,0.0,0.0,0.0,0.81
9000008552,2025-05-13 05:00,0.390278,2,0,2,0,0,0,29,20,50,5,13,18,29.5,0.0,42.11,47.37,10.53,0.0,0.0,0.0,5.26
9000008552,2025-05-13 06:00,0.728611,0,0,0,5,4,9,40,24,63,13,22,35,22.0,47.83,30.43,19.57,0.0,0.0,0.0,0.0,0.0
9000008552,2025-05-13 07:00,0.701111,1,1,3,11,11,22,143,64,207,10,17,27,19.0,55.86,33.1,9.66,0.69,0.69,0.0,0.0,0.0
9000008552,2025-05-13 08:00,0.678056,1,4,6,122,43,165,256,83,339,30,21,50,19.0,60.0,27.83,10.0,0.87,0.0,0.87,0.0,0.43
9000008552,2025-05-13 09:00,0.723056,7,11,18,164,14,178,261,69,330,43,28,71,19.0,34.73,55.23,8.37,0.84,0.0,0.42,0.0,0.84
9000008552,2025-05-13 10:00,0.739722,8,8,16,38,9,47,145,77,222,35,24,59,24.0,12.8,57.32,25.61,2.44,0.61,0.0,0.0,1.22
9000008552,2025-05-13 11:00,0.748056,6,1,7,20,10,31,156,102,258,16,18,34,29.0,8.29,41.45,38.86,7.25,2.59,0.52,0.0,1.04
9000008552,2025-05-13 12:00,0.733333,6,1,7,40,23,63,172,83,255,12,14,26,27.5,17.11,41.18,32.62,5.35,2.67,0.53,0.53,0.0
9000008552,2025-05-13 13:00,0.750833,8,4,12,85,24,109,88,92,180,8,8,16,33.5,3.7,36.3,39.26,12.59,5.19,2.22,0.74,0.0
9000008552,2025-05-13 14:00,0.753056,0,4,4,151,41,192,118,93,211,12,9,21,18.0,55.35,37.74,5.66,0.63,0.0,0.0,0.0,0.63
9000008552,2025-05-13 15:00,0.707778,6,7,13,86,33,119,142,125,267,14,28,42,20.0,38.62,47.09,12.7,0.0,0.0,0.0,0.0,1.06
9000008552,2025-05-13 16:00,0.730556,20,18,38,71,67,138,139,116,255,36,27,63,22.5,13.98,63.44,21.51,1.61,0.0,0.0,0.0,0.0
9000008552,2025-05-13 17:00,0.698333,16,34,50,50,37,88,178,105,282,25,17,42,19.5,32.99,54.82,10.66,1.52,0.0,0.0,0.0,0.51
9000008552,2025-05-13 18:00,0.748333,12,37,50,50,36,86,133,69,202,10,18,28,23.0,25.83,51.66,21.85,0.66,0.0,0.0,0.0,0.0
9000008552,2025-05-13 19:00,0.786389,34,29,63,47,66,113,133,102,235,10,20,31,22.5,12.97,64.32,20.54,1.08,0.0,0.54,0.0,0.54
9000008552,2025-05-13 20:00,0.556667,21,28,49,65,66,131,101,102,203,11,11,22,24.0,9.73,58.41,29.2,3.54,0.0,0.0,0.0,0.0
9000008552,2025-05-14 05:00,0.397778,2,8,10,3,0,3,40,20,60,5,18,23,28.5,0.0,33.33,54.17,12.5,0.0,0.0,0.0,0.0
9000008552,2025-05-14 06:00,0.793889,5,6,11,14,8,21,49,16,66,20,22,42,24.5,0.0,53.85,42.31,1.92,0.0,0.0,1.92,0.0
9000008552,2025-05-14 07:00,0.768333,14,8,22,38,20,58,128,60,187,11,23,35,22.5,17.36,61.81,18.06,2.78,0.0,0.69,0.0,0.0
9000008552,2025-05-14 08:00,0.714722,6,11,17,38,28,66,170,82,253,18,22,41,23.0,34.25,43.09,18.78,2.21,0.0,0.0,1.1,0.55
9000008552,2025-05-14 09:00,0.767222,8,8,16,67,22,90,147,78,225,18,21,39,25.0,13.87,48.55,32.37,4.05,0.0,0.58,0.0,0.58
9000008552,2025-05-14 10:00,0.7675,8,10,18,29,22,51,153,74,227,21,29,50,24.5,9.77,54.6,31.03,4.6,0.0,0.0,0.0,0.0
9000008552,2025-05-14 11:00,0.723611,3,4,7,40,25,65,156,65,221,19,23,43,27.5,10.0,47.5,31.25,5.62,1.88,1.25,0.62,1.88
9000008552,2025-05-14 12:00,0.76,3,0,3,25,4,29,123,105,228,13,22,35,30.0,12.14,37.57,35.26,9.83,2.31,0.58,0.0,2.31
9000008552,2025-05-14 13:00,0.750278,4,4,8,75,34,109,112,101,214,4,13,18,31.5,20.0,36.25,27.5,8.75,3.12,1.88,0.62,1.88
9000008552,2025-05-14 14:00,0.756944,0,0,0,75,52,127,103,64,167,14,45,59,19.0,57.14,31.75,10.32,0.79,0.0,0.0,0.0,0.0
9000008552,2025-05-14 15:00,0.720833,1,1,3,57,36,93,90,47,137,24,70,93,22.5,26.26,52.53,17.17,4.04,0.0,0.0,0.0,0.0
9000008552,2025-05-14 16:00,0.741389,5,11,16,34,34,67,102,86,189,7,32,39,22.0,25.71,51.43,22.86,0.0,0.0,0.0,0.0,0.0
9000008552,2025-05-14 17:00,0.723333,10,22,32,43,51,94,134,96,231,17,34,51,22.0,31.14,50.3,14.97,2.4,1.2,0.0,0.0,0.6
9000008552,2025-05-14 18:00,0.750278,24,34,58,87,78,165,160,70,229,9,70,80,20.0,20.93,65.7,12.79,0.0,0.0,0.58,0.0,0.0
9000008552,2025-05-14 19:00,0.780556,21,37,58,50,68,118,135,63,197,13,30,42,22.0,17.53,61.04,20.13,1.3,0.0,0.0,0.0,0.0
9000008552,2025-05-14 20:00,0.555556,16,15,31,63,55,118,119,76,195,7,11,18,24.0,5.56,64.81,24.07,2.78,1.85,0.93,0.0,0.0
9000008552,2025-05-15 07:00,0.6625,4,6,10,15,21,36,112,73,185,15,28,43,17.0,58.2,33.61,7.38,0.82,0.0,0.0,0.0,0.82
9000008552,2025-05-15 08:00,0.739167,5,5,11,62,24,86,97,66,164,6,16,22,27.0,33.88,37.19,20.66,4.13,2.48,0.0,0.0,2.48
9000008552,2025-05-15 09:00,0.735,10,5,15,121,36,157,111,96,208,0,19,19,30.5,22.88,35.95,25.49,9.15,3.27,1.31,0.0,1.31
9000008552,2025-05-15 10:00,0.707222,4,6,10,76,23,98,120,121,242,7,17,24,32.5,12.87,29.24,38.6,11.7,3.51,0.58,0.58,2.92
9000008552,2025-05-15 11:00,0.728889,4,6,10,63,19,82,83,99,181,4,15,19,32.0,15.91,32.58,34.85,6.82,5.3,2.27,0.0,2.27
9000008552,2025-05-15 12:00,0.751111,3,5,8,76,25,102,138,94,232,8,16,24,35.0,13.22,30.46,35.63,10.34,2.87,1.72,1.72,4.6
9000008552,2025-05-15 13:00,0.768333,7,10,17,105,32,138,90,82,172,4,39,43,27.5,23.48,42.42,23.48,6.82,1.52,0.0,1.52,0.76
9000008552,2025-05-15 14:00,0.738611,10,14,23,62,33,95,145,98,243,27,49,76,20.5,31.28,52.51,13.41,1.68,0.56,0.0,0.0,0.56
9000008552,2025-05-15 15:00,0.702778,1,3,4,46,23,68,100,100,199,40,41,81,22.0,30.71,47.86,19.29,1.43,0.0,0.0,0.0,0.71
9000008552,2025-05-15 16:00,0.690833,6,4,10,52,43,95,170,114,284,37,30,67,23.5,21.94,53.06,20.41,3.06,0.0,0.51,0.0,1.02
9000008552,2025-05-15 17:00,0.714167,10,17,26,60,37,97,136,117,253,33,18,52,27.0,21.55,37.02,32.6,4.97,1.66,1.1,0.55,0.55
9000008552,2025-05-15 18:00,0.682222,14,18,32,64,25,89,187,102,289,37,25,62,24.0,23.35,47.21,22.34,3.05,1.52,1.02,0.0,1.52
9000008552,2025-05-15 19:00,0.741111,23,25,48,48,58,106,122,88,209,16,16,32,24.0,14.19,55.48,26.45,3.87,0.0,0.0,0.0,0.0
9000008552,2025-05-15 20:00,0.546944,24,37,60,38,44,82,96,80,176,13,9,22,24.0,8.33,59.38,29.17,3.12,0.0,0.0,0.0,0.0
9000008552,2025-05-16 05:00,0.2425,15,0,15,2,12,15,22,22,44,5,7,12,29.5,0.0,18.18,72.73,9.09,9.09,0.0,0.0,0.0
9000008552,2025-05-16 07:00,0.773333,15,5,21,18,15,33,103,52,155,19,28,48,23.5,6.67,63.33,25.83,3.33,0.83,0.0,0.0,0.0
9000008552,2025-05-16 08:00,0.756667,11,8,19,65,41,106,132,50,182,42,27,69,20.0,25.36,60.87,13.04,0.72,0.0,0.0,0.0,0.0
9000008552,2025-05-16 09:00,0.781667,14,9,23,40,21,60,141,87,228,25,28,54,24.0,14.04,48.88,33.71,2.25,0.0,0.0,0.0,1.12
9000008552,2025-05-16 10:00,0.788056,15,26,41,38,20,58,190,71,260,34,37,71,23.5,11.22,57.56,29.76,1.46,0.0,0.0,0.0,0.0
9000008552,2025-05-16 11:00,0.756944,19,14,33,56,22,78,156,76,233,28,37,64,24.5,21.02,45.45,31.82,1.14,0.0,0.0,0.0,0.57
9000008552,2025-05-16 12:00,0.735,10,7,16,45,34,79,165,137,302,18,35,53,26.0,15.32,45.05,32.43,4.5,1.8,0.45,0.0,0.45
9000008552,2025-05-16 13:00,0.731667,7,8,15,78,30,107,160,101,261,22,26,48,28.5,25.65,36.13,27.75,6.28,2.62,0.0,1.05,0.52
9000008552,2025-05-16 14:00,0.739722,15,11,25,90,24,115,171,164,335,18,21,39,26.5,14.11,47.18,29.44,4.44,1.61,0.81,0.81,1.61
9000008552,2025-05-16 15:00,0.727222,5,7,12,42,34,77,159,129,288,60,23,84,25.5,14.83,47.37,32.06,3.35,0.96,0.96,0.0,0.48
9000008552,2025-05-16 16:00,0.7025,4,15,19,49,32,81,92,84,176,50,33,83,23.0,17.74,57.26,20.16,2.42,0.0,0.0,1.61,0.81
9000008552,2025-05-16 17:00,0.659722,3,19,22,64,33,97,125,104,229,25,24,49,19.0,44.37,43.05,10.6,1.32,0.0,0.0,0.0,0.66
9000008552,2025-05-16 18:00,0.721944,16,22,38,63,37,100,128,80,208,5,19,25,24.0,20.0,48.67,28.67,0.67,0.67,0.0,0.0,1.33
9000008552,2025-05-16 19:00,0.765,19,21,40,56,34,91,157,103,260,8,14,22,24.5,15.08,51.26,30.15,2.51,1.01,0.0,0.0,0.0
9000008552,2025-05-16 20:00,0.499444,23,20,44,57,41,98,100,107,207,7,17,23,24.5,10.68,53.4,33.01,2.91,0.0,0.0,0.0,0.0
9000008552,2025-05-17 06:00,0.739722,5,5,11,5,4,9,23,22,45,7,9,16,27.5,12.12,33.33,45.45,9.09,0.0,0.0,0.0,0.0
9000008552,2025-05-17 07:00,0.684722,0,4,4,6,1,7,34,31,65,13,7,21,26.0,45.45,25.0,25.0,2.27,2.27,0.0,0.0,0.0
9000008552,2025-05-17 08:00,0.694444,4,15,19,23,4,27,54,34,88,7,9,16,24.5,26.23,40.98,29.51,3.28,0.0,1.64,0.0,0.0
9000008552,2025-05-17 09:00,0.723056,8,8,17,41,21,62,71,84,155,17,23,39,27.0,23.21,35.71,34.82,4.46,1.79,0.89,0.0,0.0
9000008552,2025-05-17 10:00,0.756944,20,15,34,53,33,85,126,70,196,22,27,50,26.5,17.57,41.22,33.78,6.08,0.68,0.0,0.68,0.0
9000008552,2025-05-17 11:00,0.7275,13,14,26,45,45,90,144,127,271,30,29,59,28.0,12.18,38.07,40.61,6.6,2.03,0.0,0.51,0.0
9000008552,2025-05-17 12:00,0.723333,7,3,10,75,25,100,203,126,329,19,32,51,32.5,15.13,34.03,33.61,6.72,5.04,1.26,0.84,3.36
9000008552,2025-05-17 13:00,0.717778,3,7,10,71,32,103,218,130,348,35,25,60,28.5,17.6,38.0,32.8,6.0,2.0,0.8,0.8,1.6
9000008552,2025-05-17 14:00,0.724444,8,12,20,118,30,149,233,113,345,40,32,72,25.5,31.6,40.8,19.6,4.0,1.2,0.8,0.0,2.0
9000008552,2025-05-17 15:00,0.761111,8,17,25,54,37,91,284,131,416,29,24,53,23.5,35.76,36.71,24.37,1.58,0.63,0.0,0.0,0.95
9000008552,2025-05-17 16:00,0.762222,12,25,37,47,21,68,223,133,356,71,31,102,23.5,32.1,43.91,18.45,4.43,0.74,0.0,0.0,0.37
9000008552,2025-05-17 17:00,0.759444,16,32,48,20,33,53,342,116,458,48,33,81,22.5,25.29,51.44,20.4,2.01,0.29,0.0,0.0,0.57
9000008552,2025-05-17 18:00,0.783333,13,24,37,27,38,65,322,147,469,29,37,66,25.0,22.89,39.78,33.51,3.27,0.27,0.0,0.0,0.27
9000008552,2025-05-17 19:00,0.776111,13,25,38,37,40,77,152,150,301,27,39,66,24.5,16.67,47.86,31.2,3.85,0.0,0.0,0.0,0.43
9000008552,2025-05-17 20:00,0.6075,17,6,23,32,22,54,171,120,291,13,11,24,25.0,9.6,45.2,40.68,4.52,0.0,0.0,0.0,0.0
9000008552,2025-05-18 05:00,0.085556,12,0,12,0,0,0,12,0,12,0,0,0,29.0,0.0,0.0,100.0,0.0,0.0,0.0,0.0,0.0
9000008552,2025-05-18 06:00,0.2,0,0,0,0,0,0,10,20,30,5,10,15,70.5,0.0,33.33,50.0,0.0,0.0,0.0,0.0,16.67
9000008552,2025-05-18 07:00,0.795556,3,2,5,1,3,4,21,16,38,5,5,10,32.0,3.33,30.0,46.67,20.0,0.0,0.0,0.0,0.0
9000008552,2025-05-18 08:00,0.783889,0,4,4,9,4,13,14,22,36,8,10,18,33.0,10.71,28.57,39.29,10.71,7.14,0.0,3.57,0.0
9000008552,2025-05-18 09:00,0.780556,0,0,0,9,14,23,51,47,99,5,13,18,28.5,20.78,24.68,46.75,7.79,0.0,0.0,0.0,0.0
9000008552,2025-05-18 10:00,0.730278,0,5,5,26,26,52,53,66,119,5,9,15,34.5,8.05,19.54,50.57,16.09,2.3,2.3,1.15,0.0
9000008552,2025-05-18 11:00,0.684444,5,4,9,52,17,70,55,84,139,6,7,13,34.0,7.37,25.26,41.05,14.74,8.42,0.0,0.0,1.05
9000008552,2025-05-18 12:00,0.7225,1,3,4,43,23,66,124,133,257,22,26,48,33.0,9.14,29.03,43.01,10.22,4.3,1.61,1.08,1.61
9000008552,2025-05-18 13:00,0.746111,8,10,18,70,33,103,181,131,312,8,20,28,30.0,11.64,32.76,40.52,12.93,1.72,0.0,0.0,0.43
9000008552,2025-05-18 14:00,0.762778,8,16,24,39,28,67,151,145,295,20,13,33,27.5,9.78,36.89,44.44,7.11,0.89,0.0,0.0,0.89
9000008552,2025-05-18 15:00,0.750278,11,4,14,31,16,47,135,142,277,20,21,41,28.0,12.5,41.35,37.02,6.25,0.96,1.44,0.0,0.48
9000008552,2025-05-18 16:00,0.7825,15,22,37,31,37,68,178,143,321,10,18,28,28.0,6.77,43.43,40.24,7.17,1.99,0.4,0.0,0.0
9000008552,2025-05-18 17:00,0.768056,17,18,35,41,16,57,248,122,370,39,27,66,24.0,11.62,53.52,30.99,2.11,0.35,0.0,0.7,0.7
9000008552,2025-05-18 18:00,0.7825,10,28,38,23,27,50,178,143,321,15,14,29,25.0,5.58,49.8,39.84,3.98,0.8,0.0,0.0,0.0
9000008552,2025-05-18 19:00,0.783889,22,20,42,24,22,46,122,134,256,14,18,32,27.5,3.48,48.76,39.3,6.97,1.49,0.0,0.0,0.0
9000008552,2025-05-18 20:00,0.299722,9,6,15,9,17,26,98,120,218,8,39,46,27.0,3.08,52.31,38.46,3.08,4.62,0.0,0.0,0.0
9000008552,2025-05-19 06:00,0.55,7,7,14,5,8,13,56,33,89,14,14,28,31.0,6.12,42.86,32.65,16.33,2.04,0.0,0.0,0.0
9000008552,2025-05-19 07:00,0.763056,7,4,10,22,25,48,151,61,212,26,34,60,24.0,18.52,50.62,28.4,1.85,0.0,0.0,0.0,1.23
9000008552,2025-05-19 08:00,0.774722,10,4,14,43,23,66,192,92,284,27,21,48,23.0,11.36,60.0,25.45,2.73,0.45,0.0,0.0,0.0
9000008552,2025-05-19 09:00,0.765278,17,3,20,65,21,86,186,75,260,25,27,52,23.5,13.07,56.28,27.64,1.51,0.0,0.0,0.5,1.01
9000008552,2025-05-19 10:00,0.768056,17,9,26,37,23,60,129,105,234,43,25,67,25.0,11.11,44.44,40.56,2.78,0.56,0.0,0.0,0.56
9000008552,2025-05-19 11:00,0.776111,14,6,21,39,21,60,111,75,186,18,40,58,24.5,15.97,54.17,25.69,2.78,0.69,0.0,0.0,0.69
9000008552,2025-05-19 12:00,0.753056,15,21,36,39,22,61,166,87,253,34,41,75,23.0,22.51,51.31,24.08,1.05,0.0,0.52,0.0,0.52
9000008552,2025-05-19 13:00,0.776944,12,18,30,35,28,63,165,91,257,41,26,67,24.0,13.5,51.5,30.0,4.0,0.0,0.0,0.0,0.5
9000008552,2025-05-19 14:00,0.766389,13,27,40,43,43,86,185,126,311,43,37,80,23.5,27.31,46.22,22.69,2.94,0.42,0.0,0.84,0.0
9000008552,2025-05-19 15:00,0.763611,19,22,41,39,49,88,203,129,332,31,50,81,24.0,21.65,48.43,25.2,2.76,0.39,0.0,0.39,0.79
9000008552,2025-05-19 16:00,0.764722,21,19,40,43,51,94,199,164,362,31,18,50,24.0,13.36,51.62,32.13,2.53,0.36,0.0,0.0,0.0
9000008552,2025-05-19 17:00,0.749722,8,24,32,50,36,86,159,107,265,21,21,43,24.5,20.6,45.23,30.15,4.02,0.0,0.0,0.0,0.0
9000008552,2025-05-19 18:00,0.772778,14,19,34,49,49,99,170,111,282,18,19,38,25.0,11.47,52.75,30.73,4.59,0.46,0.0,0.0,0.0
9000008552,2025-05-19 19:00,0.779722,28,41,69,53,44,96,131,100,231,12,14,26,24.0,7.22,60.56,27.78,3.33,1.11,0.0,0.0,0.0
9000008552,2025-05-19 20:00,0.615556,19,32,51,64,35,99,119,73,192,10,6,17,26.5,3.39,52.54,40.68,2.54,0.0,0.0,0.0,0.85
9000008552,2025-05-20 05:00,0.435,10,0,10,2,0,2,32,10,42,2,10,12,28.0,5.56,27.78,61.11,5.56,0.0,0.0,0.0,0.0
9000008552,2025-05-20 06:00,0.561389,5,3,8,3,2,5,45,27,72,14,17,32,23.0,41.46,34.15,26.83,0.0,0.0,0.0,0.0,0.0
9000008552,2025-05-20 07:00,0.657778,6,8,14,15,20,35,126,38,165,35,21,56,12.5,78.7,17.59,1.85,0.0,0.0,0.93,0.0,0.93
9000008552,2025-05-20 08:00,0.682222,6,6,12,35,34,69,165,42,207,26,22,49,12.5,78.17,19.01,2.11,0.7,0.0,0.7,0.0,0.0
9000008552,2025-05-20 09:00,0.728333,15,19,34,95,29,124,102,80,182,11,27,39,23.5,28.03,44.7,25.0,1.52,0.0,0.76,0.0,0.0
9000008552,2025-05-20 10:00,0.688611,23,11,35,59,19,78,132,81,213,10,18,28,24.0,6.12,59.86,31.97,2.04,0.0,0.0,0.0,0.0
9000008552,2025-05-20 11:00,0.711111,0,7,7,58,17,75,111,100,211,18,16,34,28.0,9.33,45.33,34.67,6.67,2.0,0.67,1.33,0.0
9000008552,2025-05-20 12:00,0.720833,4,3,7,73,22,95,97,132,229,15,15,31,29.5,14.55,36.97,35.15,6.67,3.03,1.21,0.61,1.82
9000008552,2025-05-20 13:00,0.707222,10,8,19,75,43,118,91,81,172,8,25,33,31.5,17.21,29.51,36.07,8.2,3.28,0.82,0.82,4.1
9000008552,2025-05-20 14:00,0.71,17,10,27,69,37,106,155,90,245,13,23,36,20.0,61.49,24.14,12.07,0.57,1.15,0.0,0.0,0.57
9000008552,2025-05-20 15:00,0.704722,10,16,25,86,48,134,142,104,246,37,44,81,21.0,42.2,39.88,15.03,1.16,0.58,0.0,0.0,1.16
9000008552,2025-05-20 16:00,0.675278,12,22,33,48,40,88,149,81,230,25,25,50,23.5,18.71,57.42,18.06,1.94,1.29,1.29,0.0,1.29
9000008552,2025-05-20 17:00,0.698056,13,36,49,34,29,62,114,154,267,17,24,41,22.0,32.62,47.59,16.58,2.67,1.07,0.0,0.0,0.0
9000008552,2025-05-20 18:00,0.725833,16,37,53,71,46,117,136,86,221,8,25,33,21.0,27.33,54.66,14.29,0.62,0.62,0.62,0.0,1.24
9000008552,2025-05-20 19:00,0.776389,18,28,47,48,58,106,139,90,229,13,26,39,22.5,8.43,69.1,19.66,0.0,1.12,0.56,0.56,0.56
9000008552,2025-05-20 20:00,0.785278,20,33,54,42,52,94,111,62,173,9,34,43,22.5,8.82,70.59,19.12,1.47,0.0,0.0,0.0,0.0
9000008552,2025-05-20 21:00,0.014722,0,0,0,136,0,136,68,204,272,0,0,0,22.0,0.0,75.0,25.0,0.0,0.0,0.0,0.0,0.0
9000008552,2025-05-21 05:00,0.477778,5,2,7,3,0,3,29,16,45,9,5,14,30.0,0.0,28.57,57.14,14.29,0.0,4.76,0.0,0.0
9000008552,2025-05-21 06:00,0.793889,13,8,20,11,11,23,48,38,86,19,15,34,29.0,4.41,45.59,36.76,7.35,2.94,1.47,0.0,1.47
9000008552,2025-05-21 07:00,0.743611,10,12,23,39,35,73,99,61,160,14,30,44,24.0,25.21,47.06,21.85,5.04,0.0,0.0,0.0,1.68
9000008552,2025-05-21 08:00,0.697778,12,11,23,40,38,78,221,52,273,28,24,52,16.0,67.54,27.23,4.71,0.0,0.0,0.0,0.0,0.52
9000008552,2025-05-21 09:00,0.707222,18,11,30,136,26,162,157,78,235,9,25,34,22.5,42.17,35.54,20.48,1.2,0.0,0.0,0.0,0.6
9000008552,2025-05-21 10:00,0.675278,13,18,31,70,19,89,86,95,182,12,18,30,24.5,6.5,56.1,31.71,3.25,0.81,0.0,0.0,0.81
9000008552,2025-05-21 11:00,0.668611,6,3,9,57,32,89,109,84,193,6,17,22,27.0,6.98,49.61,33.33,8.53,0.78,0.0,0.0,0.78
9000008552,2025-05-21 12:00,0.725278,4,5,9,36,24,59,111,119,230,11,19,30,28.5,8.98,35.33,45.51,8.38,1.8,0.0,0.0,0.0
9000008552,2025-05-21 13:00,0.729722,1,0,1,80,45,125,92,100,191,14,15,29,28.0,16.43,34.29,40.71,7.14,0.71,0.0,0.0,0.71
9000008552,2025-05-21 14:00,0.739444,7,4,11,95,32,128,139,101,240,29,26,54,23.0,53.11,26.55,14.12,2.26,2.26,0.0,0.0,1.69
9000008552,2025-05-21 15:00,0.770278,12,14,26,46,38,83,150,73,223,20,26,46,22.0,19.19,59.88,18.6,1.16,0.58,0.0,0.0,0.58
9000008552,2025-05-21 16:00,0.687778,25,21,46,81,69,150,164,91,255,15,38,52,19.5,29.71,57.71,12.0,0.57,0.0,0.0,0.0,0.0
9000008552,2025-05-21 17:00,0.704444,20,33,52,43,45,88,156,112,268,29,24,53,19.5,36.51,51.32,10.58,0.53,0.0,0.0,0.0,1.59
9000008552,2025-05-21 18:00,0.753333,24,33,56,52,58,110,114,76,189,7,23,30,23.5,27.27,46.85,23.78,0.7,0.7,0.0,0.0,0.7
9000008552,2025-05-21 19:00,0.781389,23,36,59,46,65,112,115,69,184,14,26,40,24.5,4.86,62.5,25.69,2.08,2.08,1.39,0.69,0.69
9000008552,2025-05-21 20:00,0.67,37,21,57,43,56,99,99,87,186,9,16,25,23.5,5.65,62.1,30.65,0.81,0.81,0.0,0.0,0.0
9000008552,2025-05-22 05:00,0.386111,6,0,6,9,0,9,17,14,31,6,14,21,25.0,8.33,41.67,41.67,0.0,8.33,0.0,0.0,0.0
9000008552,2025-05-22 06:00,0.795556,5,9,14,10,10,20,45,25,71,20,34,54,24.0,10.71,41.07,48.21,0.0,0.0,0.0,0.0,0.0
9000008552,2025-05-22 07:00,0.786111,18,14,32,15,17,32,138,54,191,19,30,50,24.0,16.56,52.98,28.48,1.32,0.0,0.0,0.0,0.66
9000008552,2025-05-22 08:00,0.745,11,7,18,66,31,97,128,61,189,28,27,55,21.5,25.53,56.03,17.73,1.42,0.0,0.0,0.0,0.0
9000008552,2025-05-22 09:00,0.040833,24,0,24,24,24,49,171,49,220,24,24,49,23.0,33.33,44.44,22.22,0.0,0.0,0.0,0.0,0.0
9000008552,2025-05-22 10:00,0.579444,0,9,9,37,25,62,74,84,158,18,46,65,28.5,8.7,29.35,48.91,7.61,1.09,2.17,0.0,1.09
9000008552,2025-05-22 11:00,0.781389,17,21,37,27,19,46,107,97,204,28,18,46,24.5,8.12,48.75,38.75,3.12,0.0,0.0,1.25,0.0
9000008552,2025-05-22 12:00,0.769167,12,34,46,51,30,81,138,117,255,34,26,60,25.0,18.37,44.9,31.63,2.55,1.53,0.51,0.0,0.51
9000008552,2025-05-22 13:00,0.737778,3,7,10,81,43,124,89,104,193,15,24,39,29.5,17.61,33.8,35.21,8.45,2.82,1.41,0.0,1.41
9000008552,2025-05-22 14:00,0.715278,1,14,15,98,65,163,158,78,236,14,31,45,20.0,42.01,43.2,9.47,1.78,0.59,0.59,0.59,1.18
9000008552,2025-05-22 15:00,0.69,3,8,11,42,26,68,119,74,193,26,35,61,21.5,30.83,48.87,18.8,0.0,0.0,0.0,0.75,0.75
9000008552,2025-05-22 16:00,0.706944,10,16,27,48,33,81,121,69,191,34,33,67,24.5,22.96,46.67,25.19,2.96,0.0,0.74,0.0,1.48
9000008552,2025-05-22 17:00,0.716389,12,21,33,48,44,93,138,85,224,23,28,51,23.0,11.88,63.12,22.5,1.25,0.62,0.0,0.0,0.62
9000008552,2025-05-22 18:00,0.694167,16,13,29,62,38,100,126,85,211,10,33,43,22.0,29.93,50.34,17.01,2.04,0.68,0.0,0.0,0.0
9000008552,2025-05-22 19:00,0.774722,26,24,51,53,50,103,132,80,212,13,27,40,23.5,6.1,64.02,26.22,2.44,0.0,0.0,0.0,1.22
9000008552,2025-05-22 20:00,0.6625,13,21,34,40,49,89,86,91,177,7,11,17,24.0,5.13,58.97,34.19,2.56,0.0,0.0,0.0,0.0
9000008552,2025-05-23 05:00,0.670278,4,4,8,5,3,7,16,16,32,3,13,16,34.5,4.76,33.33,42.86,9.52,4.76,0.0,0.0,4.76
9000008552,2025-05-23 06:00,0.733056,0,3,3,5,3,8,43,26,69,17,17,34,24.0,42.0,24.0,28.0,6.0,0.0,2.0,0.0,0.0
9000008552,2025-05-23 07:00,0.651389,0,5,5,33,15,49,104,39,142,27,28,55,14.5,59.14,38.71,1.08,0.0,0.0,0.0,1.08,0.0
9000008552,2025-05-23 08:00,0.662222,2,2,3,69,36,106,107,80,187,27,57,84,21.0,60.48,22.58,11.29,5.65,0.0,0.0,0.0,0.0
9000008552,2025-05-23 09:00,0.676944,7,9,16,115,33,147,116,81,198,26,16,42,33.0,24.63,35.07,21.64,8.21,5.22,0.75,3.73,0.75
9000008552,2025-05-23 10:00,0.676667,17,7,25,69,35,104,109,67,176,10,19,29,25.0,21.85,47.9,21.01,7.56,0.0,0.84,0.0,0.84
9000008552,2025-05-23 11:00,0.685556,9,9,17,41,22,63,144,103,248,12,18,29,29.0,19.41,37.65,30.59,7.06,1.76,1.76,1.18,0.59
9000008552,2025-05-23 12:00,0.716111,13,14,27,69,21,89,146,85,231,29,33,63,26.0,27.71,39.76,23.49,6.63,1.81,0.0,0.0,0.6
9000008552,2025-05-23 13:00,0.744722,5,5,11,66,26,91,111,134,245,29,15,44,30.0,17.03,31.32,36.81,7.69,4.4,2.2,0.0,0.55
9000008552,2025-05-23 14:00,0.736111,12,12,24,77,27,103,163,114,277,29,31,60,24.5,25.98,40.2,27.94,4.9,0.49,0.0,0.0,0.49
9000008552,2025-05-23 15:00,0.708056,8,12,21,38,24,62,108,83,191,25,43,68,25.0,16.3,50.37,25.19,3.7,2.22,0.0,0.74,1.48
9000008552,2025-05-23 16:00,0.703056,10,12,22,41,33,74,180,116,295,18,26,44,24.0,20.77,49.28,23.19,3.38,1.45,0.97,0.97,0.0
9000008552,2025-05-23 17:00,0.765833,15,29,44,48,30,78,172,70,242,15,21,36,23.0,20.97,54.84,19.89,3.23,0.54,0.0,0.54,0.54
9000008552,2025-05-23 18:00,0.750833,20,29,49,41,45,86,168,135,303,15,23,37,23.5,17.11,50.44,29.39,1.32,0.88,0.0,0.0,0.44
9000008552,2025-05-23 19:00,0.792222,34,39,73,40,34,74,135,85,220,14,16,30,24.0,8.05,56.9,32.18,2.87,0.0,0.0,0.0,0.0
9000008552,2025-05-23 20:00,0.7775,24,31,55,28,49,77,107,95,202,12,18,30,24.5,10.83,56.69,29.3,1.91,0.64,0.0,0.0,0.64
9000008552,2025-05-23 21:00,0.069722,14,29,43,57,43,100,129,158,287,14,29,43,27.5,10.0,45.0,35.0,5.0,5.0,0.0,0.0,0.0
9000008552,2025-05-24 05:00,0.553611,5,1,6,4,0,4,30,22,52,7,7,14,27.0,0.0,48.28,44.83,0.0,6.9,0.0,0.0,0.0
9000008552,2025-05-24 06:00,0.78,1,3,4,5,2,7,28,15,43,4,14,18,24.0,20.59,44.12,35.29,0.0,0.0,0.0,0.0,0.0
9000008552,2025-05-24 07:00,0.6925,1,3,4,3,3,6,30,22,52,6,6,11,17.0,50.0,41.67,2.78,5.56,0.0,0.0,0.0,0.0
9000008552,2025-05-24 08:00,0.7025,1,1,3,8,10,18,52,33,85,1,15,16,18.0,61.67,26.67,5.0,5.0,0.0,0.0,0.0,1.67
9000008552,2025-05-24 09:00,0.703611,3,3,6,33,8,41,49,106,155,10,17,28,29.0,14.68,27.52,44.95,4.59,0.92,1.83,0.0,4.59
9000008552,2025-05-24 10:00,0.712778,6,3,8,36,37,72,168,99,267,18,17,35,28.0,12.63,41.58,36.32,6.84,1.05,0.0,0.0,1.58
9000008552,2025-05-24 11:00,0.713611,6,3,8,81,34,116,123,110,233,5,17,22,33.0,12.65,31.93,34.34,13.25,3.61,1.81,0.6,1.81
9000008552,2025-05-24 12:00,0.675833,6,7,13,60,29,89,149,144,293,17,25,42,25.0,9.6,46.97,37.37,4.04,1.01,0.51,0.0,0.0
9000008552,2025-05-24 13:00,0.664167,0,0,0,128,30,158,111,119,230,11,18,29,31.0,22.88,28.1,32.68,9.8,3.27,1.96,0.0,1.31
9000008552,2025-05-24 14:00,0.729722,4,3,7,122,44,165,114,92,206,8,36,44,27.0,40.67,28.67,20.0,3.33,2.67,0.67,0.67,3.33
9000008552,2025-05-24 15:00,0.721111,4,4,8,28,20,48,100,59,160,30,46,77,21.5,28.7,51.3,17.39,1.74,0.0,0.0,0.0,0.0
9000008552,2025-05-24 16:00,0.734167,3,9,12,49,25,74,148,130,278,38,34,72,25.0,29.41,36.76,28.43,3.92,0.0,0.49,0.0,0.49
9000008552,2025-05-24 17:00,0.6875,7,12,19,32,33,65,159,125,283,45,28,73,23.0,27.69,45.13,24.62,1.03,0.0,0.51,0.0,0.51
9000008552,2025-05-24 18:00,0.726944,13,16,30,62,40,102,200,148,348,17,26,43,23.5,17.39,50.59,29.25,1.58,0.0,0.79,0.0,0.0
9000008552,2025-05-24 19:00,0.765278,30,21,51,65,62,127,182,138,320,17,26,43,23.0,15.1,55.51,28.16,1.22,0.0,0.0,0.0,0.0
9000008552,2025-05-24 20:00,0.734444,21,29,50,23,44,67,143,182,325,10,15,25,27.0,9.66,46.64,36.13,7.14,0.42,0.0,0.0,0.0
9000008552,2025-05-25 05:00,0.665556,4,1,5,1,2,4,19,16,36,2,5,7,28.5,0.0,20.83,70.83,8.33,0.0,0.0,0.0,0.0
9000008552,2025-05-25 06:00,0.787222,1,4,5,4,3,6,24,23,47,9,9,18,28.0,5.41,40.54,48.65,5.41,0.0,0.0,0.0,0.0
9000008552,2025-05-25 07:00,0.786944,0,0,0,1,2,4,18,17,34,4,9,13,27.5,0.0,37.04,55.56,7.41,0.0,0.0,0.0,0.0
9000008552,2025-05-25 08:00,0.798611,5,4,9,1,6,7,14,17,31,6,11,18,27.0,0.0,44.0,48.0,8.0,0.0,0.0,0.0,0.0
9000008552,2025-05-25 09:00,0.78,5,3,8,5,6,12,40,46,86,8,8,16,29.0,1.49,38.81,49.25,8.96,0.0,1.49,0.0,0.0
9000008552,2025-05-25 10:00,0.783889,5,5,10,10,14,24,68,46,113,6,8,14,28.5,12.36,32.58,44.94,7.87,0.0,0.0,1.12,1.12
9000008552,2025-05-25 11:00,0.79,8,11,19,14,20,34,64,77,141,5,10,15,29.5,4.5,26.13,56.76,10.81,0.9,0.0,0.0,0.9
9000008552,2025-05-25 12:00,0.789444,4,10,14,33,29,62,109,140,248,9,14,23,28.0,5.1,40.82,45.41,7.14,1.02,0.0,0.0,0.51
9000008552,2025-05-25 13:00,0.774444,13,14,27,22,26,48,147,129,276,8,17,24,28.5,5.61,38.79,45.79,8.41,1.4,0.0,0.0,0.0
9000008552,2025-05-25 14:00,0.773889,18,5,23,36,8,44,216,167,383,9,13,22,28.0,10.14,35.14,45.61,7.43,1.01,0.68,0.0,0.0
9000008552,2025-05-25 15:00,0.769722,13,9,22,22,19,42,181,159,340,6,20,26,29.0,11.07,35.88,42.37,8.78,0.76,0.76,0.0,0.38
9000008552,2025-05-25 16:00,0.595556,13,43,56,19,14,33,105,114,219,9,34,43,28.5,10.69,31.3,48.85,6.11,2.29,0.0,0.0,0.76
9000008552,2025-05-25 17:00,0.746389,3,20,23,45,21,67,170,141,311,4,19,23,29.5,12.93,31.03,42.24,9.91,2.16,0.43,0.43,0.86
9000008552,2025-05-25 18:00,0.774444,21,25,45,31,28,59,146,152,298,3,13,15,32.0,3.9,20.35,57.58,13.85,1.73,0.43,1.3,0.87
9000008552,2025-05-25 19:00,0.766111,13,8,21,38,26,64,94,134,228,7,10,17,29.0,5.71,33.71,50.29,9.14,0.57,0.57,0.0,0.0
9000008552,2025-05-25 20:00,0.648889,20,22,42,19,21,41,83,103,186,4,10,14,29.5,4.96,33.06,48.76,10.74,2.48,0.0,0.0,1.65
9000008552,2025-05-26 05:00,0.546944,5,3,8,15,1,16,28,24,51,5,18,23,33.5,14.29,39.29,25.0,10.71,3.57,0.0,7.14,0.0
9000008552,2025-05-26 06:00,0.717778,12,4,16,21,12,33,66,31,97,12,32,44,29.0,4.29,32.86,51.43,8.57,2.86,0.0,0.0,1.43
9000008552,2025-05-26 07:00,0.780556,17,13,29,32,21,53,134,66,200,12,22,34,29.0,5.13,38.46,42.95,8.33,2.56,0.64,0.64,0.64
9000008552,2025-05-26 08:00,0.775556,23,9,32,58,30,88,181,50,231,24,23,47,23.5,24.58,45.25,28.49,2.23,0.0,0.0,0.0,0.0
9000008552,2025-05-26 09:00,0.75,11,13,24,102,29,132,124,87,211,4,22,26,23.5,23.42,48.1,24.68,3.16,0.0,0.63,0.0,0.0
9000008552,2025-05-26 10:00,0.680278,4,6,10,73,19,93,107,79,186,9,14,23,28.5,11.9,42.86,33.33,7.94,2.38,0.79,0.79,0.79
9000008552,2025-05-26 11:00,0.681389,6,0,6,62,26,88,110,96,206,13,19,32,27.5,11.35,39.01,39.72,5.67,0.71,2.13,0.0,1.42
9000008552,2025-05-26 12:00,0.727222,5,4,9,97,40,137,79,81,160,12,20,33,29.0,8.62,36.21,43.1,5.17,1.72,0.0,2.59,2.59
9000008552,2025-05-26 13:00,0.7,0,4,4,84,30,115,79,76,154,1,21,22,30.0,12.96,39.81,32.41,6.48,3.7,2.78,0.0,1.85
9000008552,2025-05-26 14:00,0.685556,1,0,1,73,50,123,65,69,134,12,35,47,24.5,50.0,29.35,10.87,4.35,3.26,2.17,0.0,1.09
9000008552,2025-05-26 15:00,0.6925,1,12,13,54,33,87,125,77,202,26,43,69,22.0,35.71,42.86,19.29,0.71,0.0,0.0,0.0,0.71
9000008552,2025-05-26 16:00,0.661111,16,34,50,84,42,126,121,85,206,19,35,54,20.5,26.47,56.62,14.71,2.21,0.0,0.0,0.0,0.0
9000008552,2025-05-26 17:00,0.722222,24,27,52,54,44,98,142,98,240,13,38,52,22.5,23.56,54.6,18.97,1.72,0.0,0.57,0.0,0.57
9000008552,2025-05-26 18:00,0.755278,20,36,55,38,56,95,139,107,246,9,26,35,23.5,12.9,52.69,30.65,2.69,0.54,0.0,0.54,0.0
9000008552,2025-05-26 19:00,0.776667,19,25,44,49,50,99,147,115,263,8,23,31,25.0,12.25,51.47,30.39,4.9,0.49,0.0,0.0,0.0
9000008552,2025-05-26 20:00,0.778889,23,23,47,77,29,106,113,80,193,8,10,18,25.5,7.33,55.33,30.0,6.0,0.0,0.0,1.33,0.0
9000008552,2025-05-27 04:00,0.019167,0,0,0,0,0,0,0,104,104,0,0,0,18.5,0.0,100.0,0.0,0.0,0.0,0.0,0.0,0.0
9000008552,2025-05-27 05:00,0.729722,6,3,9,3,3,6,25,15,39,6,12,18,27.5,6.9,48.28,34.48,3.45,3.45,0.0,0.0,0.0
9000008552,2025-05-27 06:00,0.800556,5,2,7,11,15,26,57,30,88,26,27,54,26.5,2.86,44.29,50.0,2.86,0.0,0.0,0.0,0.0
9000008552,2025-05-27 07:00,0.771389,27,16,43,21,19,40,131,38,169,13,18,31,23.5,7.69,56.92,33.85,0.77,0.77,0.0,0.0,0.0
9000008552,2025-05-27 08:00,0.747222,8,8,16,55,36,91,132,56,188,7,24,31,23.0,23.4,53.9,15.6,4.96,0.0,0.0,0.71,1.42
9000008552,2025-05-27 09:00,0.782222,18,23,41,41,36,77,179,77,256,31,23,54,23.5,10.0,62.5,25.5,1.5,0.0,0.0,0.0,0.5
9000008552,2025-05-27 10:00,0.764444,12,13,25,20,16,35,119,74,194,16,29,44,24.0,18.24,47.3,27.7,6.76,0.0,0.0,0.0,0.0
9000008552,2025-05-27 11:00,0.746944,8,4,12,37,16,53,134,97,230,20,34,54,26.5,12.21,41.28,37.21,6.4,0.58,1.16,0.58,0.58
9000008552,2025-05-27 12:00,0.714444,5,4,9,53,26,79,120,113,233,15,18,33,30.0,10.84,44.58,30.12,10.84,1.2,1.2,0.6,0.6
9000008552,2025-05-27 13:00,0.7075,8,6,14,71,33,104,102,102,204,11,17,27,31.5,18.06,36.81,28.47,10.42,2.78,2.08,0.69,0.69
9000008552,2025-05-27 14:00,0.737778,4,8,12,89,20,110,118,97,215,18,27,45,27.5,22.78,41.77,25.32,6.96,1.27,0.0,0.63,1.27
9000008552,2025-05-27 15:00,0.759444,8,14,22,52,37,89,151,104,256,20,34,54,24.0,18.04,49.48,27.32,3.61,0.52,0.0,0.0,0.52
9000008552,2025-05-27 16:00,0.725,19,22,42,50,47,97,126,102,228,18,34,52,26.0,16.97,44.24,32.73,4.85,1.21,0.0,0.0,0.0
9000008552,2025-05-27 17:00,0.723333,10,29,39,56,50,106,134,108,242,12,18,30,24.0,20.0,48.0,28.57,2.86,0.0,0.0,0.0,0.57
9000008552,2025-05-27 18:00,0.721111,21,29,50,68,43,111,152,103,255,8,22,31,25.0,16.85,47.83,30.43,3.26,1.09,0.0,0.54,0.0
9000008552,2025-05-27 19:00,0.772222,3,5,8,48,43,90,99,98,197,5,17,22,27.0,7.89,46.05,34.87,9.21,1.97,0.0,0.0,0.0
9000008552,2025-05-27 20:00,0.730278,4,7,11,38,19,57,78,69,147,6,9,15,27.0,7.48,44.86,40.19,7.48,0.0,0.93,0.0,0.0
9000008552,2025-05-28 05:00,0.204167,3,0,3,3,0,3,5,21,26,7,10,16,33.5,0.0,0.0,80.0,20.0,20.0,0.0,0.0,0.0
9000008552,2025-05-28 06:00,0.798333,2,2,5,18,3,20,53,37,90,12,19,31,29.5,1.39,41.67,43.06,11.11,2.78,0.0,0.0,0.0
9000008552,2025-05-28 07:00,0.786667,3,3,5,38,13,51,114,52,166,8,20,28,29.5,3.82,42.75,39.69,6.11,3.82,0.0,0.0,3.82
9000008552,2025-05-28 08:00,0.775833,3,5,8,76,17,92,156,89,245,12,16,27,27.0,4.74,42.63,45.26,5.79,1.05,0.0,0.0,0.53
9000008552,2025-05-28 09:00,0.777778,4,5,9,89,9,98,160,99,259,17,32,49,26.0,13.43,45.27,37.81,1.99,1.0,0.0,0.0,1.0
9000008552,2025-05-28 10:00,0.775556,1,4,5,57,19,76,187,71,258,22,40,62,25.5,11.0,45.5,37.0,4.5,0.0,0.5,0.0,1.5
9000008552,2025-05-28 11:00,0.741111,3,4,7,58,19,77,112,102,215,23,23,46,24.5,21.38,42.77,30.19,1.89,1.89,0.0,0.63,0.63
9000008552,2025-05-28 12:00,0.731667,0,6,6,59,23,82,89,84,173,13,21,34,27.0,15.87,40.48,34.13,3.17,3.97,0.79,0.79,0.79
9000008552,2025-05-28 13:00,0.761667,4,9,13,63,37,100,114,92,206,12,20,31,32.0,10.19,38.85,33.12,13.38,1.27,0.64,0.64,2.55
9000008552,2025-05-28 14:00,0.7425,3,12,15,83,21,104,138,106,244,14,23,37,25.5,22.1,39.23,33.7,3.31,0.0,1.1,0.0,0.55
9000008552,2025-05-28 15:00,0.723889,14,18,31,98,35,133,128,102,230,25,40,65,28.5,28.14,31.74,29.34,5.39,1.8,0.6,0.6,2.4
9000008552,2025-05-28 16:00,0.754444,13,15,28,41,25,66,155,74,229,12,29,41,22.0,21.39,57.23,17.92,1.16,1.16,0.0,0.0,1.16
9000008552,2025-05-28 17:00,0.703056,12,10,22,56,38,94,118,73,190,24,47,70,23.0,35.82,39.55,20.9,2.24,0.0,0.0,0.75,0.75
9000008552,2025-05-28 18:00,0.737222,36,26,62,65,42,107,131,94,225,14,24,38,23.5,15.66,56.02,25.3,2.41,0.0,0.0,0.0,0.6
9000008552,2025-05-28 19:00,0.766389,18,23,42,36,54,90,142,80,222,8,18,26,24.0,11.76,55.88,29.41,2.35,0.59,0.0,0.0,0.0
9000008552,2025-05-28 20:00,0.770278,23,21,44,48,47,94,94,85,178,8,12,20,24.5,11.68,45.99,37.23,3.65,1.46,0.0,0.0,0.0
9000008552,2025-05-28 21:00,0.180278,33,11,44,44,33,78,105,39,144,11,11,22,27.0,3.85,61.54,30.77,3.85,0.0,0.0,0.0,0.0
9000008552,2025-05-29 05:00,0.569722,2,2,5,1,1,2,9,30,39,3,8,12,36.0,4.55,27.27,40.91,22.73,4.55,0.0,0.0,0.0
9000008552,2025-05-29 06:00,0.791389,1,0,1,5,1,6,16,18,34,2,9,11,28.0,0.0,22.22,70.37,3.7,0.0,0.0,0.0,3.7
9000008552,2025-05-29 07:00,0.791111,1,3,4,1,1,3,18,16,34,5,6,11,31.0,0.0,44.44,37.04,18.52,0.0,0.0,0.0,0.0
9000008552,2025-05-29 08:00,0.716389,0,0,0,17,13,29,22,28,50,3,20,22,24.5,47.22,30.56,11.11,5.56,2.78,2.78,0.0,0.0
9000008552,2025-05-29 09:00,0.706111,4,0,4,16,18,34,12,44,56,0,7,7,30.5,20.0,17.5,45.0,12.5,0.0,2.5,0.0,0.0
9000008552,2025-05-29 10:00,0.645556,3,8,11,45,6,51,40,43,84,3,5,8,31.0,9.26,22.22,51.85,12.96,1.85,1.85,0.0,0.0
9000008552,2025-05-29 11:00,0.652778,5,1,6,37,18,55,62,54,115,3,6,9,29.0,12.0,41.33,34.67,4.0,0.0,4.0,2.67,1.33
9000008552,2025-05-29 12:00,0.735556,5,4,9,51,21,72,50,85,136,0,13,13,36.0,14.0,30.0,36.0,9.0,6.0,1.0,2.0,2.0
9000008552,2025-05-29 13:00,0.729722,1,1,3,56,52,108,52,56,108,8,12,21,35.5,17.72,24.05,40.51,5.06,5.06,3.8,1.27,2.53
9000008552,2025-05-29 14:00,0.750556,3,3,5,40,30,70,77,78,155,9,8,17,24.5,26.72,40.52,27.59,3.45,0.0,0.86,0.86,0.0
9000008552,2025-05-29 15:00,0.731667,3,3,5,16,16,33,44,31,75,19,29,48,28.5,16.36,40.0,32.73,10.91,0.0,0.0,0.0,0.0
9000008552,2025-05-29 16:00,0.721667,15,7,23,36,27,63,56,70,126,13,29,41,24.0,15.38,54.95,24.18,3.3,1.1,0.0,2.2,0.0
9000008552,2025-05-29 17:00,0.684722,7,20,27,44,42,86,84,48,131,7,25,33,22.5,21.11,57.78,18.89,1.11,2.22,0.0,0.0,0.0
9000008552,2025-05-29 18:00,0.751667,12,17,29,44,46,90,89,87,176,9,13,23,24.5,8.33,54.55,31.82,2.27,1.52,0.76,0.0,0.76
9000008552,2025-05-29 19:00,0.784444,12,18,29,57,56,113,98,92,190,5,8,13,27.0,4.03,51.68,38.26,4.7,0.67,0.0,0.0,0.67
9000008552,2025-05-29 20:00,0.678611,6,20,26,34,52,86,75,81,156,5,10,15,29.0,4.72,45.28,38.68,9.43,1.89,0.0,0.0,0.94
9000008552,2025-05-29 21:00,0.045556,44,0,44,66,22,88,88,88,176,0,0,0,29.0,0.0,37.5,50.0,12.5,0.0,0.0,0.0,0.0
9000008552,2025-05-30 05:00,0.135556,0,0,0,11,0,11,23,38,61,16,16,32,120.5,0.0,25.0,50.0,0.0,0.0,0.0,0.0,25.0
9000008552,2025-05-30 06:00,0.399167,9,1,10,7,7,14,65,14,79,9,70,79,24.5,9.68,6.45,74.19,3.23,3.23,0.0,0.0,0.0
9000008552,2025-05-30 07:00,0.800556,6,1,8,14,4,18,40,29,69,9,19,28,31.0,3.64,29.09,50.91,9.09,3.64,1.82,1.82,0.0
9000008552,2025-05-30 08:00,0.780278,13,6,19,36,17,52,78,47,126,8,14,22,27.0,10.2,41.84,39.8,4.08,3.06,0.0,0.0,1.02
9000008552,2025-05-30 09:00,0.771667,14,10,25,40,12,52,101,73,173,18,19,38,27.5,2.99,43.28,46.27,5.22,1.49,0.0,0.0,0.75
9000008552,2025-05-30 10:00,0.765556,7,6,13,39,22,62,100,74,174,13,33,45,23.5,15.79,50.38,31.58,0.75,0.75,0.0,0.0,0.75
9000008552,2025-05-30 11:00,0.736944,3,1,4,71,33,103,77,93,171,11,30,41,27.5,14.29,36.51,39.68,5.56,1.59,2.38,0.0,0.0
9000008552,2025-05-30 12:00,0.722222,7,4,11,51,18,69,134,137,271,19,14,33,26.5,20.41,38.78,29.59,7.14,1.02,1.02,0.51,1.02
9000008552,2025-05-30 13:00,0.745278,5,16,22,54,41,95,153,77,230,21,24,45,26.0,10.53,51.46,30.99,5.26,0.58,0.0,0.58,0.58
9000008552,2025-05-30 14:00,0.722778,4,6,10,58,25,83,143,76,219,33,17,50,25.0,27.22,41.77,22.78,5.7,0.63,0.0,0.63,1.27
9000008552,2025-05-30 15:00,0.725,4,6,10,24,35,59,87,49,136,32,66,98,24.5,20.2,50.51,25.25,2.02,0.0,0.0,0.0,1.01
9000008552,2025-05-30 16:00,0.7025,6,7,13,39,24,63,97,71,168,17,32,49,26.0,24.58,44.07,24.58,3.39,0.85,0.0,1.69,0.85
9000008552,2025-05-30 17:00,0.675556,16,16,32,37,24,61,89,56,146,24,40,63,21.0,32.65,48.98,16.33,1.02,0.0,0.0,0.0,1.02
9000008552,2025-05-30 18:00,0.698611,14,11,25,30,30,60,125,107,232,15,31,45,24.0,18.52,46.91,32.1,2.47,0.0,0.0,0.0,0.0
9000008552,2025-05-30 19:00,0.759444,18,34,53,55,21,76,114,87,201,9,8,17,25.0,10.53,50.0,36.18,3.29,0.0,0.0,0.66,0.0
9000008552,2025-05-30 20:00,0.784722,23,19,42,34,36,70,83,81,164,6,15,22,26.5,5.43,45.74,38.76,8.53,0.0,0.78,0.0,0.78
9000008552,2025-05-30 21:00,0.168611,6,36,42,18,24,42,77,77,154,0,24,24,28.5,7.69,34.62,50.0,3.85,0.0,3.85,0.0,0.0
9000008552,2025-05-31 04:00,0.0575,0,17,17,0,0,0,52,17,70,17,0,17,32.0,0.0,0.0,75.0,25.0,0.0,0.0,0.0,0.0
9000008552,2025-05-31 05:00,0.800833,0,0,0,3,3,5,17,6,24,4,15,19,31.0,0.0,63.16,21.05,5.26,10.53,0.0,0.0,0.0
9000008552,2025-05-31 06:00,0.767222,0,6,6,1,1,3,23,21,45,4,14,18,23.5,23.53,41.18,35.29,0.0,0.0,0.0,0.0,0.0
9000008552,2025-05-31 07:00,0.794722,0,3,3,6,1,7,25,26,52,6,9,15,28.5,4.88,48.78,36.59,7.32,0.0,0.0,0.0,2.44
9000008552,2025-05-31 08:00,0.774722,1,3,4,15,9,24,37,26,63,4,10,14,26.5,10.2,53.06,30.61,6.12,0.0,0.0,0.0,0.0
9000008552,2025-05-31 09:00,0.773611,3,4,6,27,13,40,46,52,98,10,21,31,26.0,11.84,47.37,34.21,3.95,0.0,0.0,1.32,1.32
9000008552,2025-05-31 10:00,0.781667,1,3,4,19,17,36,88,77,165,13,14,27,27.0,4.65,46.51,42.64,3.1,0.78,0.0,1.55,0.78
9000008552,2025-05-31 11:00,0.745833,8,5,13,42,17,59,90,89,179,13,13,26,26.5,10.45,43.28,38.06,6.72,1.49,0.0,0.0,0.0
9000008552,2025-05-31 12:00,0.770833,9,10,19,42,35,77,128,110,238,38,23,61,27.5,14.21,36.61,42.08,6.01,0.55,0.0,0.0,0.55
9000008552,2025-05-31 13:00,0.753889,3,5,8,69,57,126,113,102,215,17,27,44,30.5,20.99,32.1,30.86,13.58,0.62,0.62,0.62,0.62
9000008552,2025-05-31 14:00,0.758056,3,3,5,39,26,66,143,87,230,28,29,57,28.0,22.29,40.0,25.71,5.14,4.0,0.57,1.14,0.57
9000008552,2025-05-31 15:00,0.747778,3,8,11,32,30,62,112,84,195,28,31,59,24.0,21.23,45.89,28.77,2.05,2.05,0.0,0.0,0.68
9000008552,2025-05-31 16:00,0.7575,4,9,13,22,22,45,110,63,173,18,21,39,23.0,20.61,53.44,21.37,3.05,0.0,0.0,0.0,1.53
9000008552,2025-05-31 17:00,0.748333,16,13,29,47,48,94,118,76,194,11,19,30,22.5,13.1,62.76,23.45,0.0,0.69,0.0,0.0,0.0
9000008552,2025-05-31 18:00,0.788333,23,24,47,46,65,110,132,96,228,5,18,23,24.5,10.56,52.22,32.78,3.33,1.11,0.0,0.0,0.0
9000008552,2025-05-31 19:00,0.789167,15,25,40,57,37,94,118,109,227,11,13,24,25.5,8.38,43.02,42.46,5.03,0.0,1.12,0.0,0.0
9000008552,2025-05-31 20:00,0.7825,11,21,32,38,31,69,119,109,227,10,13,23,25.0,11.24,50.56,35.39,2.25,0.0,0.0,0.0,0.56
9000008552,2025-05-31 21:00,0.148889,7,7,13,20,67,87,60,67,128,0,34,34,29.0,10.53,31.58,47.37,5.26,5.26,0.0,0.0,0.0
9000008552,2025-06-01 04:00,0.040278,0,0,0,0,0,0,25,50,74,25,0,25,32.5,0.0,33.33,33.33,33.33,0.0,0.0,0.0,0.0
9000008552,2025-06-01 05:00,0.298333,3,0,3,0,0,0,7,12,19,0,7,7,35.5,0.0,16.67,66.67,16.67,0.0,0.0,0.0,0.0
9000008552,2025-06-01 06:00,0.618611,0,0,0,2,0,2,12,19,31,3,3,6,31.5,36.84,15.79,36.84,5.26,0.0,5.26,0.0,5.26
9000008552,2025-06-01 07:00,0.777222,0,1,1,4,5,9,22,12,33,4,6,10,24.0,15.38,57.69,19.23,7.69,0.0,0.0,0.0,0.0
9000008552,2025-06-01 08:00,0.778333,0,1,1,10,14,25,13,13,26,5,10,15,26.0,0.0,50.0,50.0,0.0,0.0,0.0,0.0,0.0
9000008552,2025-06-01 09:00,0.796111,1,5,6,10,11,21,58,30,88,3,10,13,29.0,2.86,35.71,50.0,10.0,1.43,0.0,0.0,0.0
9000008552,2025-06-01 10:00,0.784722,5,8,13,24,23,47,41,55,95,5,8,13,28.5,2.67,32.0,58.67,6.67,0.0,0.0,0.0,0.0
9000008552,2025-06-01 11:00,0.776389,10,13,23,22,12,33,77,46,124,6,8,14,28.0,1.04,31.25,60.42,5.21,1.04,0.0,1.04,0.0
9000008552,2025-06-01 12:00,0.773611,14,8,22,30,22,52,83,69,151,6,9,15,28.0,1.71,32.48,59.83,2.56,0.0,0.85,1.71,0.85
9000008552,2025-06-01 13:00,0.742778,5,2,7,86,29,115,149,127,276,7,9,16,29.0,22.44,29.27,36.1,9.76,2.44,0.0,0.0,0.49
9000008552,2025-06-01 14:00,0.746667,3,1,4,40,24,64,217,97,314,16,20,36,23.5,34.47,40.0,21.28,2.98,0.43,0.43,0.43,0.0
9000008552,2025-06-01 15:00,0.774167,1,5,6,34,44,77,131,78,210,23,39,63,24.0,14.81,47.53,35.19,1.85,0.0,0.0,0.0,1.23
9000008552,2025-06-01 16:00,0.736944,7,8,15,27,31,58,70,61,131,20,32,53,24.5,12.37,51.55,34.02,1.03,0.0,1.03,0.0,0.0
9000008552,2025-06-01 17:00,0.7725,12,21,32,43,45,88,106,66,172,13,15,28,24.5,6.02,54.14,36.84,3.01,0.0,0.0,0.0,0.0
9000008552,2025-06-01 18:00,0.788889,13,36,48,29,46,75,144,85,229,10,19,29,25.5,4.42,40.88,49.72,4.42,0.0,0.55,0.0,0.0
9000008552,2025-06-01 19:00,0.789167,18,18,35,28,25,53,82,99,181,9,11,20,26.5,4.2,35.66,55.94,3.5,0.0,0.0,0.7,0.0
9000008552,2025-06-01 20:00,0.788889,11,18,29,26,36,62,92,78,171,10,10,20,25.5,5.93,51.11,36.3,6.67,0.0,0.0,0.0,0.0
9000008552,2025-06-01 21:00,0.176944,11,6,17,23,34,57,85,102,186,0,11,11,22.5,18.18,57.58,18.18,6.06,0.0,0.0,0.0,0.0
9000008552,2025-06-02 04:00,0.045556,0,0,0,0,0,0,22,0,22,0,0,0,24.0,0.0,0.0,100.0,0.0,0.0,0.0,0.0,0.0
9000008552,2025-06-02 05:00,0.735,4,3,7,5,2,8,20,19,39,4,16,20,27.5,6.9,37.93,48.28,3.45,3.45,0.0,0.0,0.0
9000008552,2025-06-02 06:00,0.795833,10,2,12,14,6,20,48,21,69,16,25,41,26.5,5.45,52.73,38.18,3.64,0.0,0.0,0.0,0.0
9000008552,2025-06-02 07:00,0.787222,11,5,17,19,22,41,138,52,191,17,22,38,24.5,8.0,47.33,40.67,2.0,0.67,0.67,0.0,0.67
9000008552,2025-06-02 08:00,0.755556,12,16,28,39,29,68,197,70,267,28,29,57,21.5,12.87,66.83,17.82,1.98,0.0,0.0,0.0,0.5
9000008552,2025-06-02 09:00,0.778611,12,19,31,48,27,74,229,69,299,43,17,59,22.5,18.88,58.37,18.88,3.0,0.43,0.0,0.0,0.0
9000008552,2025-06-02 10:00,0.779167,13,11,25,44,23,67,169,76,245,23,42,65,24.5,10.99,53.93,29.32,4.19,0.0,0.52,0.0,1.05
9000008552,2025-06-02 11:00,0.761944,8,11,18,34,29,63,130,80,210,31,34,66,27.0,9.38,47.5,36.25,4.38,0.0,1.25,0.0,1.25
9000008552,2025-06-02 12:00,0.780833,19,21,40,38,40,78,122,106,228,27,33,60,24.5,12.92,52.25,30.34,2.81,0.0,0.56,0.56,0.56
9000008552,2025-06-02 13:00,0.754444,12,16,28,32,20,52,121,113,234,25,25,50,29.5,15.25,36.72,34.46,9.6,2.26,0.0,0.56,1.13
9000008552,2025-06-02 14:00,0.766667,21,19,40,50,36,86,192,108,300,31,27,58,25.0,13.04,49.57,33.48,3.04,0.87,0.0,0.0,0.0
9000008552,2025-06-02 15:00,0.765278,14,9,23,45,39,84,189,105,294,27,38,65,24.0,21.78,49.78,23.11,3.56,0.89,0.44,0.0,0.44
9000008552,2025-06-02 16:00,0.7475,23,32,55,39,48,87,158,115,273,43,28,71,21.5,25.49,55.39,17.65,0.98,0.0,0.0,0.0,0.49
9000008552,2025-06-02 17:00,0.723333,22,30,52,47,32,79,121,108,229,12,35,47,24.0,13.25,57.83,25.9,2.41,0.0,0.6,0.0,0.0
9000008552,2025-06-02 18:00,0.726667,21,19,39,45,34,80,134,78,212,14,25,38,23.5,21.43,47.4,26.62,4.55,0.0,0.0,0.0,0.0
9000008552,2025-06-02 19:00,0.781389,23,43,67,47,53,100,119,81,200,14,13,27,24.0,4.49,58.33,34.62,1.92,0.0,0.0,0.0,0.64
9000008552,2025-06-02 20:00,0.782222,34,40,74,75,52,127,109,65,174,9,15,24,25.0,8.09,52.21,37.5,2.21,0.0,0.0,0.0,0.0
9000008552,2025-06-02 21:00,0.248889,7,18,25,20,41,61,58,66,124,5,10,15,26.5,3.23,48.39,41.94,6.45,3.23,0.0,0.0,0.0
9000008552,2025-06-03 04:00,0.040556,0,0,0,0,0,0,0,25,25,0,25,25,19.0,0.0,100.0,0.0,0.0,0.0,0.0,0.0,0.0
9000008552,2025-06-03 05:00,0.664167,8,1,10,5,3,8,19,17,36,4,19,23,29.0,8.33,41.67,45.83,8.33,4.17,0.0,0.0,0.0
9000008552,2025-06-03 06:00,0.753889,8,7,15,13,7,19,63,25,88,12,14,26,22.5,43.94,30.3,24.24,0.0,0.0,0.0,0.0,0.0
9000008552,2025-06-03 07:00,0.621111,3,3,7,24,13,37,117,51,168,18,18,35,15.0,63.46,34.62,0.96,0.0,0.0,1.92,0.0,0.0
9000008552,2025-06-03 08:00,0.687222,3,6,9,30,23,53,157,52,210,21,24,44,16.5,65.97,29.17,4.86,0.0,0.0,0.0,0.0,0.0
9000008552,2025-06-03 09:00,0.735556,7,8,15,100,51,151,148,90,239,19,29,48,24.5,23.86,46.02,26.14,3.98,0.57,0.0,0.0,0.0
9000008552,2025-06-03 10:00,0.729444,12,12,25,89,31,120,85,106,191,26,15,42,26.5,10.07,48.2,33.81,7.19,0.0,0.72,0.0,0.0
9000008552,2025-06-03 11:00,0.720278,7,7,14,75,36,111,121,115,236,11,20,31,29.0,8.82,41.76,37.06,10.59,0.59,0.0,0.0,1.18
9000008552,2025-06-03 12:00,0.688056,9,7,16,46,41,87,110,96,206,13,23,37,29.5,21.13,37.32,27.46,3.52,4.93,2.11,1.41,2.11
9000008552,2025-06-03 13:00,0.700278,6,6,12,60,38,97,101,117,218,14,21,35,29.0,28.1,32.03,26.14,9.8,3.27,0.0,0.0,0.65
9000008552,2025-06-03 14:00,0.706389,3,13,15,42,23,65,108,82,189,41,30,71,30.5,12.69,49.25,22.39,10.45,2.99,0.0,0.75,1.49
9000008552,2025-06-03 15:00,0.71,11,11,22,34,42,76,97,82,179,38,51,89,23.5,26.77,44.09,27.56,1.57,0.0,0.0,0.0,0.0
9000008552,2025-06-03 16:00,0.696667,7,26,33,35,28,63,67,57,124,29,42,70,25.5,16.28,47.67,27.91,5.81,1.16,1.16,1.16,0.0
9000008552,2025-06-03 17:00,0.693333,13,34,47,40,49,90,121,65,186,22,26,48,19.5,28.68,58.91,11.63,0.78,0.0,0.0,0.0,0.0
9000008552,2025-06-03 18:00,0.7375,16,38,54,64,45,109,112,96,207,8,23,31,22.0,32.03,46.41,20.26,1.31,0.0,0.0,0.0,0.0
9000008552,2025-06-03 19:00,0.774722,21,43,63,44,62,106,104,92,196,12,18,30,24.5,7.89,49.34,38.82,3.29,0.66,0.0,0.0,0.0
9000008552,2025-06-03 20:00,0.786944,32,43,75,63,56,119,97,74,171,10,10,20,24.5,6.72,53.73,35.07,2.99,0.75,0.0,0.0,0.75
9000008552,2025-06-03 21:00,0.128889,8,31,39,78,47,124,54,101,155,8,16,23,25.0,0.0,55.0,35.0,10.0,0.0,0.0,0.0,0.0
9000008552,2025-06-04 05:00,0.685,4,1,5,1,1,2,20,17,36,9,5,14,35.0,4.0,16.0,60.0,16.0,8.0,0.0,0.0,4.0
9000008552,2025-06-04 06:00,0.795278,9,8,16,13,10,23,58,21,79,18,19,37,25.0,4.76,41.27,47.62,4.76,1.59,0.0,0.0,0.0
9000008552,2025-06-04 07:00,0.780278,19,10,30,17,27,44,127,53,180,31,28,59,25.0,4.29,55.0,37.86,2.86,0.0,0.0,0.0,0.0
9000008552,2025-06-04 08:00,0.737222,8,4,12,43,44,87,87,48,135,38,34,72,23.0,15.15,58.59,25.25,2.02,0.0,0.0,0.0,0.0
9000008552,2025-06-04 09:00,0.764167,5,4,9,66,42,107,198,85,284,31,31,63,24.5,11.98,54.38,29.95,2.76,0.0,0.92,0.0,0.0
9000008552,2025-06-04 10:00,0.767222,14,20,34,42,20,62,126,85,211,13,28,40,26.5,14.2,46.91,32.72,4.32,1.23,0.0,0.0,0.62
9000008552,2025-06-04 11:00,0.751667,14,10,24,46,31,77,126,87,213,21,26,47,25.5,15.62,44.38,31.88,5.62,0.62,0.62,0.0,1.25
9000008552,2025-06-04 12:00,0.776111,9,22,31,31,30,61,116,101,216,33,34,67,23.0,23.21,47.02,27.98,1.79,0.0,0.0,0.0,0.0
9000008552,2025-06-04 13:00,0.783056,18,18,36,29,27,56,151,91,243,27,29,56,24.5,14.74,48.95,34.21,2.11,0.0,0.0,0.0,0.53
9000008552,2025-06-04 14:00,0.763056,9,18,28,33,41,74,161,93,254,34,26,60,24.0,13.4,56.7,25.77,2.06,0.52,0.0,1.03,0.0
9000008552,2025-06-04 15:00,0.758889,12,17,29,31,23,53,152,88,239,27,40,67,25.0,17.03,52.2,22.53,4.95,0.55,0.55,0.0,2.2
9000008552,2025-06-04 16:00,0.752778,9,23,32,48,35,82,182,112,294,32,31,62,24.5,14.03,47.96,32.58,4.07,0.45,0.0,0.0,0.9
9000008552,2025-06-04 17:00,0.760556,14,26,41,40,45,85,191,89,281,14,24,38,24.5,12.21,48.83,35.68,1.41,1.41,0.0,0.0,0.94
9000008552,2025-06-04 18:00,0.773056,17,41,58,47,54,102,139,121,260,13,25,38,27.0,8.46,40.3,44.78,4.98,0.5,0.5,0.5,0.0
9000008552,2025-06-04 19:00,0.782222,17,31,47,28,67,95,142,93,235,9,14,23,25.0,5.43,55.98,33.7,3.8,0.54,0.0,0.0,0.54
9000008552,2025-06-04 20:00,0.784444,35,51,86,50,70,120,81,78,159,4,14,18,24.5,6.45,49.19,38.71,3.23,0.81,0.81,0.0,0.81
9000008552,2025-06-04 21:00,0.134444,37,22,60,37,30,67,82,52,134,7,30,37,26.0,33.33,33.33,27.78,0.0,0.0,0.0,0.0,5.56
9000008552,2025-06-05 05:00,0.485278,0,3,3,0,2,2,14,13,27,6,4,11,29.0,0.0,46.15,38.46,7.69,0.0,0.0,0.0,0.0
9000008552,2025-06-05 06:00,0.788056,16,6,23,6,4,10,47,21,68,22,25,47,24.0,14.81,44.44,35.19,5.56,0.0,0.0,0.0,0.0
9000008552,2025-06-05 07:00,0.779444,14,9,23,29,10,40,123,49,172,13,18,31,24.5,16.42,50.75,28.36,2.24,1.49,0.75,0.0,0.0
9000008552,2025-06-05 08:00,0.7425,11,5,16,32,39,72,166,54,220,28,38,66,20.0,20.12,65.24,14.63,0.0,0.0,0.0,0.0,0.0
9000008552,2025-06-05 09:00,0.773333,10,16,26,59,52,111,148,63,211,37,30,67,23.5,17.18,56.44,22.09,3.07,0.0,0.61,0.0,0.61
9000008552,2025-06-05 10:00,0.763056,8,7,14,33,17,50,127,80,207,17,33,50,24.5,18.35,42.41,35.44,3.8,0.0,0.0,0.0,0.0
9000008552,2025-06-05 11:00,0.746944,5,7,12,37,34,71,114,104,219,21,32,54,25.5,15.85,40.24,37.8,4.88,0.0,0.61,0.0,0.0
9000008552,2025-06-05 12:00,0.757222,9,16,25,60,21,81,141,100,241,28,34,62,26.0,13.74,43.41,37.36,4.95,1.1,0.0,0.0,0.0
9000008552,2025-06-05 13:00,0.769167,9,16,25,56,34,90,147,95,242,17,36,53,24.5,11.29,51.61,31.18,4.84,1.08,0.0,0.0,0.0
9000008552,2025-06-05 14:00,0.770833,18,16,34,49,40,90,208,104,312,30,18,48,25.0,13.75,48.33,33.75,2.5,0.42,0.42,0.0,0.83
9000008552,2025-06-05 15:00,0.7275,11,22,33,63,44,107,209,107,316,36,22,58,25.0,20.43,40.87,31.74,4.78,0.0,0.87,0.0,1.3
9000008552,2025-06-05 16:00,0.741667,12,12,24,47,40,87,191,97,289,34,20,54,25.0,20.56,47.2,26.64,3.27,0.93,0.0,0.0,1.87
9000008552,2025-06-05 17:00,0.721944,7,11,18,62,46,107,116,120,236,12,34,47,23.5,23.39,45.03,29.82,1.75,0.0,0.0,0.0,0.58
9000008552,2025-06-05 18:00,0.757778,16,21,37,42,49,91,172,138,310,16,33,49,24.5,19.57,39.15,35.32,3.83,0.85,0.0,0.43,0.85
9000008552,2025-06-05 19:00,0.773611,15,25,40,42,63,105,124,181,304,9,38,47,26.0,7.2,40.68,47.03,3.81,0.85,0.0,0.0,0.0
9000008552,2025-06-05 20:00,0.465833,20,13,33,34,31,65,108,159,267,10,18,28,26.5,9.68,45.16,39.52,4.84,1.61,0.0,0.0,0.0
9000008552,2025-06-06 05:00,0.646389,2,1,3,3,1,5,36,48,84,6,4,11,28.5,1.82,32.73,56.36,7.27,0.0,0.0,0.0,0.0
9000008552,2025-06-06 06:00,0.781944,4,6,10,14,8,22,72,61,133,14,23,37,29.5,4.81,36.54,45.19,9.62,1.92,0.0,0.0,1.92
9000008552,2025-06-06 07:00,0.788611,14,13,27,10,6,16,112,51,163,11,18,29,28.5,1.56,43.75,44.53,7.81,0.78,0.0,0.0,1.56
9000008552,2025-06-06 08:00,0.463611,4,3,7,37,10,47,107,68,176,18,24,43,25.5,7.41,56.79,28.4,6.17,1.23,1.23,0.0,0.0
9000008552,2025-06-06 09:00,0.731944,4,12,16,73,39,112,108,81,190,19,33,52,24.0,17.99,40.29,37.41,3.6,0.72,0.0,0.0,0.0
9000008552,2025-06-06 10:00,0.743889,7,11,17,44,38,82,115,89,204,16,33,49,26.5,16.45,38.82,38.16,5.92,0.0,0.0,0.0,0.66
9000008552,2025-06-06 11:00,0.757222,9,12,21,29,49,78,116,105,221,33,51,84,27.5,14.37,42.51,34.13,6.59,1.2,0.6,0.6,0.6
9000008552,2025-06-06 12:00,0.738611,12,10,23,57,34,91,186,95,282,22,16,38,25.5,22.12,41.35,30.29,4.33,0.96,0.48,0.0,0.48
9000008552,2025-06-06 13:00,0.746667,5,5,11,75,24,99,127,106,232,24,23,47,28.0,14.94,44.83,28.74,7.47,1.15,1.15,0.57,0.57
9000008552,2025-06-06 14:00,0.711389,9,11,20,93,48,141,164,107,271,21,17,38,28.0,19.69,36.27,33.68,6.74,1.55,0.0,0.0,2.07
9000008552,2025-06-06 15:00,0.684444,14,12,26,78,69,147,114,76,190,46,36,83,24.0,21.54,46.92,30.0,1.54,0.0,0.0,0.77,0.0
9000008552,2025-06-06 16:00,0.706667,13,23,35,31,36,67,126,91,217,34,56,90,22.5,16.99,59.48,22.22,1.31,0.0,0.0,0.0,0.65
9000008552,2025-06-06 17:00,0.695556,22,23,44,56,48,104,166,90,256,36,38,74,20.5,33.71,50.56,14.04,0.56,0.0,0.0,0.0,1.12
9000008552,2025-06-06 18:00,0.724167,22,31,53,35,23,58,167,98,265,19,15,35,23.0,30.73,44.79,20.83,2.6,0.0,0.0,0.0,1.04
9000008552,2025-06-06 19:00,0.777778,40,26,66,66,44,110,143,74,217,19,36,56,22.5,18.93,55.62,23.08,1.18,0.0,0.59,0.0,0.59
9000008552,2025-06-06 20:00,0.783333,30,24,54,45,52,97,98,92,190,10,14,24,25.0,5.41,57.43,31.76,2.7,2.03,0.68,0.0,0.0
9000008552,2025-06-06 21:00,0.1825,33,11,44,49,44,93,71,110,181,11,33,44,27.5,0.0,33.33,60.61,3.03,0.0,0.0,3.03,0.0
9000008552,2025-06-07 05:00,0.624167,4,4,8,8,6,14,14,23,37,7,7,13,29.5,13.04,39.13,34.78,13.04,0.0,0.0,0.0,4.35
9000008552,2025-06-07 06:00,0.789722,5,1,6,2,0,2,15,13,28,11,11,23,27.0,27.27,36.36,31.82,0.0,4.55,0.0,0.0,0.0
9000008552,2025-06-07 07:00,0.735278,5,1,7,3,3,6,21,26,47,11,9,20,23.5,38.24,38.24,14.71,0.0,0.0,0.0,0.0,8.82
9000008552,2025-06-07 08:00,0.702222,0,0,0,7,11,18,28,17,46,8,9,17,23.5,31.25,40.62,21.88,3.12,3.12,0.0,0.0,0.0
9000008552,2025-06-07 09:00,0.738611,4,4,8,36,33,69,47,33,80,8,19,27,27.5,8.47,49.15,35.59,6.78,0.0,0.0,0.0,0.0
9000008552,2025-06-07 10:00,0.753889,5,11,16,32,17,49,58,57,115,12,25,37,26.5,8.14,44.19,44.19,3.49,0.0,1.16,0.0,0.0
9000008552,2025-06-07 11:00,0.741111,8,13,22,48,20,68,95,73,168,16,21,37,29.0,5.6,45.6,37.6,7.2,1.6,1.6,0.8,0.0
9000008552,2025-06-07 12:00,0.751389,15,23,38,37,31,69,105,92,197,12,35,47,24.0,10.81,54.05,34.46,0.68,0.0,0.0,0.0,0.0
9000008552,2025-06-07 13:00,0.739444,10,9,19,41,46,87,118,80,197,8,19,27,26.5,34.93,33.56,22.6,4.79,1.37,0.68,0.0,2.05
9000008552,2025-06-07 14:00,0.767222,18,14,32,30,38,69,143,95,238,18,22,40,24.5,13.11,48.63,34.97,3.28,0.55,0.0,0.0,0.0
9000008552,2025-06-07 15:00,0.735833,7,5,12,39,23,62,217,95,312,18,23,41,26.0,9.57,50.0,34.35,4.78,1.3,0.0,0.0,0.0
9000008552,2025-06-07 16:00,0.758611,8,17,25,32,15,46,110,86,196,24,34,58,25.0,8.78,47.97,35.81,6.76,0.68,0.0,0.0,0.0
9000008552,2025-06-07 17:00,0.753611,5,8,13,26,24,50,120,88,208,29,40,70,21.5,21.66,58.6,17.83,1.27,0.0,0.0,0.0,0.0
9000008552,2025-06-07 18:00,0.758611,16,9,25,41,39,80,141,83,223,34,24,58,22.5,20.71,54.44,24.26,0.0,0.59,0.0,0.0,0.0
9000008552,2025-06-07 19:00,0.573611,13,16,29,45,15,61,103,70,174,8,18,26,26.0,13.0,40.0,40.0,6.0,1.0,0.0,0.0,0.0
9000008552,2025-06-07 20:00,0.705278,9,21,30,35,25,60,109,121,229,7,23,30,27.0,3.7,45.06,44.44,4.32,1.23,0.0,0.62,1.23
9000008552,2025-06-07 21:00,0.085278,23,0,23,12,0,12,35,141,176,0,23,23,25.0,0.0,33.33,60.0,6.67,0.0,0.0,0.0,0.0
9000008552,2025-06-08 04:00,0.009167,0,0,0,0,0,0,109,0,109,0,0,0,24.0,0.0,0.0,100.0,0.0,0.0,0.0,0.0,0.0
9000008552,2025-06-08 05:00,0.595278,3,0,3,0,0,0,14,26,40,0,4,4,33.5,4.17,16.67,33.33,45.83,0.0,0.0,0.0,0.0
9000008552,2025-06-08 06:00,0.8,1,0,1,3,3,5,14,11,25,5,6,11,30.0,0.0,50.0,35.0,15.0,0.0,0.0,0.0,0.0
9000008552,2025-06-08 07:00,0.808056,0,0,0,3,0,3,21,11,32,3,14,16,32.5,3.85,26.92,42.31,23.08,3.85,0.0,0.0,0.0
9000008552,2025-06-08 08:00,0.781667,1,0,1,3,4,6,21,23,43,4,13,17,26.5,8.82,55.88,26.47,8.82,0.0,0.0,0.0,0.0
9000008552,2025-06-08 09:00,0.786667,4,4,8,8,4,11,29,22,51,8,9,17,28.0,2.5,25.0,62.5,10.0,0.0,0.0,0.0,0.0
9000008552,2025-06-08 10:00,0.726111,2,2,3,18,7,25,25,33,57,11,6,17,24.0,19.05,54.76,16.67,4.76,4.76,0.0,0.0,0.0
9000008552,2025-06-08 11:00,0.764444,5,7,12,14,9,23,53,51,104,5,15,21,29.5,0.0,37.5,48.75,12.5,1.25,0.0,0.0,0.0
9000008552,2025-06-08 12:00,0.757222,3,4,7,28,22,50,55,51,107,5,15,20,28.5,7.41,37.04,45.68,8.64,1.23,0.0,0.0,0.0
9000008552,2025-06-08 13:00,0.729722,8,1,10,25,22,47,57,45,102,4,8,12,30.0,8.11,32.43,45.95,9.46,4.05,0.0,0.0,1.35
9000008552,2025-06-08 14:00,0.745278,5,8,13,24,40,64,55,65,120,5,21,27,26.0,6.67,52.22,34.44,5.56,1.11,0.0,0.0,0.0
9000008552,2025-06-08 15:00,0.744167,7,9,16,35,28,63,75,62,137,11,17,28,25.5,16.67,31.37,49.02,2.94,0.0,0.0,0.0,0.0
9000008552,2025-06-08 16:00,0.771389,16,8,23,31,22,53,54,52,106,18,30,48,24.5,10.98,54.88,30.49,1.22,0.0,2.44,0.0,0.0
9000008552,2025-06-08 17:00,0.757778,13,24,37,38,23,61,110,77,188,16,19,34,25.5,5.63,47.89,39.44,4.93,1.41,0.0,0.0,0.7
9000008552,2025-06-08 18:00,0.73,12,14,26,22,27,49,89,66,155,3,19,22,24.0,7.08,54.87,31.86,4.42,0.0,0.88,0.88,0.0
9000008552,2025-06-08 19:00,0.735556,15,12,27,24,32,57,91,78,169,8,12,20,26.5,12.1,37.9,44.35,5.65,0.0,0.0,0.0,0.0
9000008552,2025-06-08 20:00,0.506111,12,15,27,37,26,63,90,88,178,11,14,25,28.0,12.22,37.78,40.0,4.44,1.11,1.11,0.0,1.11
9000008552,2025-06-08 21:00,0.045833,0,0,0,0,44,44,22,109,131,0,0,0,55.5,0.0,66.67,16.67,0.0,0.0,16.67,0.0,0.0
9000008552,2025-06-09 05:00,0.482778,0,14,14,2,0,2,6,10,16,9,8,17,28.5,25.0,37.5,37.5,12.5,0.0,0.0,0.0,0.0
9000008552,2025-06-09 06:00,0.776389,0,5,5,4,3,6,12,22,33,8,8,16,33.5,3.85,19.23,53.85,15.38,3.85,0.0,0.0,3.85
9000008552,2025-06-09 07:00,0.780833,3,0,3,3,3,5,14,12,26,4,8,11,27.5,5.0,35.0,50.0,5.0,0.0,5.0,0.0,0.0
9000008552,2025-06-09 08:00,0.768333,0,3,3,13,8,21,13,10,24,4,9,13,26.5,11.11,38.89,38.89,11.11,0.0,0.0,0.0,0.0
9000008552,2025-06-09 09:00,0.7575,5,5,10,12,13,25,29,25,54,5,4,9,27.5,9.76,43.9,36.59,4.88,0.0,2.44,0.0,2.44
9000008552,2025-06-09 10:00,0.76,7,14,21,16,19,35,41,38,79,9,5,14,27.5,0.0,48.33,51.67,0.0,0.0,0.0,0.0,0.0
9000008552,2025-06-09 11:00,0.773056,8,12,19,15,21,36,68,42,110,14,12,26,26.5,7.06,45.88,41.18,5.88,0.0,0.0,0.0,0.0
9000008552,2025-06-09 12:00,0.753889,8,7,15,29,19,48,54,61,115,4,23,27,28.0,16.09,34.48,41.38,6.9,1.15,0.0,0.0,0.0
9000008552,2025-06-09 13:00,0.734167,7,11,18,44,46,90,53,65,118,18,5,23,28.0,11.49,35.63,42.53,8.05,2.3,0.0,0.0,0.0
9000008552,2025-06-09 14:00,0.752778,9,9,19,36,29,65,69,55,123,11,25,36,27.0,12.9,47.31,29.03,4.3,4.3,0.0,1.08,1.08
9000008552,2025-06-09 15:00,0.750833,1,9,11,31,31,62,56,41,97,24,32,56,25.0,6.85,54.79,35.62,1.37,0.0,0.0,0.0,1.37
9000008552,2025-06-09 16:00,0.733056,8,19,28,38,44,82,66,57,123,12,46,58,24.0,8.89,53.33,35.56,1.11,0.0,0.0,0.0,0.0
9000008552,2025-06-09 17:00,0.723333,11,15,26,40,37,77,67,55,122,8,28,36,22.0,27.27,50.0,21.59,1.14,0.0,0.0,0.0,0.0
9000008552,2025-06-09 18:00,0.755556,9,20,29,42,34,77,103,69,171,12,16,28,25.5,8.46,51.54,30.77,8.46,0.0,0.0,0.0,0.77
9000008552,2025-06-09 19:00,0.779722,30,31,60,46,39,85,94,57,150,9,21,30,25.0,2.56,59.83,31.62,4.27,0.0,0.0,0.85,0.85
9000008552,2025-06-09 20:00,0.782778,24,26,50,50,47,97,114,102,216,14,18,32,23.5,13.61,59.76,24.85,1.78,0.0,0.0,0.0,0.0
9000008552,2025-06-09 21:00,0.3025,23,17,40,31,30,61,100,69,168,10,7,17,25.0,1.96,56.86,35.29,3.92,0.0,0.0,0.0,1.96
9000008552,2025-06-10 04:00,0.044167,0,0,0,0,0,0,23,23,45,0,0,0,23.5,0.0,50.0,50.0,0.0,0.0,0.0,0.0,0.0
9000008552,2025-06-10 05:00,0.728611,11,6,17,0,3,3,22,18,40,6,13,18,29.5,10.34,37.93,41.38,6.9,6.9,0.0,0.0,0.0
9000008552,2025-06-10 06:00,0.794167,11,10,22,11,8,19,47,21,68,15,24,39,27.0,5.56,33.33,55.56,1.85,3.7,0.0,0.0,0.0
9000008552,2025-06-10 07:00,0.785833,15,10,26,15,5,20,79,36,115,15,29,44,26.5,6.67,46.67,42.22,4.44,0.0,0.0,0.0,0.0
9000008552,2025-06-10 08:00,0.772222,32,14,46,45,30,74,107,61,168,23,17,40,24.0,7.69,57.69,30.77,3.85,0.0,0.0,0.0,0.0
9000008552,2025-06-10 09:00,0.090556,22,22,44,22,33,55,166,22,188,11,22,33,24.5,11.76,52.94,29.41,5.88,0.0,0.0,0.0,0.0
9000008552,2025-06-11 18:00,0.662778,27,48,75,52,52,104,128,88,215,17,26,43,21.0,34.97,46.85,15.38,1.4,0.0,0.7,0.0,0.7
9000008552,2025-06-11 19:00,0.778333,32,45,77,57,53,109,117,96,213,20,26,46,23.0,9.04,63.25,25.3,1.81,0.0,0.0,0.0,0.6
9000008552,2025-06-11 20:00,0.789167,28,44,72,62,67,129,73,79,152,5,14,19,26.0,2.5,53.33,39.17,4.17,0.83,0.0,0.0,0.0
9000008552,2025-06-11 21:00,0.339444,29,32,61,45,46,90,101,47,148,9,33,41,24.0,6.0,68.0,24.0,2.0,0.0,2.0,0.0,0.0
9000008552,2025-06-13 04:00,0.074167,0,0,0,0,13,13,13,13,27,0,0,0,18.5,0.0,100.0,0.0,0.0,0.0,0.0,0.0,0.0
9000008552,2025-06-13 05:00,0.729722,4,1,6,1,2,3,24,14,38,10,12,22,27.5,0.0,32.14,57.14,3.57,7.14,0.0,0.0,0.0
9000008552,2025-06-13 06:00,0.726389,7,7,13,8,4,12,30,21,51,15,21,36,23.5,45.95,29.73,27.03,0.0,0.0,0.0,0.0,0.0
9000008552,2025-06-13 07:00,0.563333,10,6,16,5,14,19,91,44,134,11,14,25,15.5,65.79,31.58,2.63,0.0,0.0,0.0,0.0,1.32
9000008552,2025-06-13 08:00,0.659722,9,13,22,30,19,49,114,45,159,24,28,53,16.0,65.71,31.43,1.9,0.95,0.0,0.0,0.0,0.0
9000008552,2025-06-13 09:00,0.703333,14,15,29,60,36,96,116,64,179,14,11,25,20.0,56.35,29.37,13.49,0.0,0.79,0.0,0.0,0.0
9000008552,2025-06-13 10:00,0.695,19,26,44,129,25,154,60,81,141,17,29,46,25.0,7.14,55.1,33.67,2.04,1.02,0.0,0.0,1.02
9000008552,2025-06-13 11:00,0.691667,7,20,28,54,20,75,94,95,189,38,33,71,26.0,8.4,44.27,41.98,5.34,0.0,0.0,0.0,0.0
9000008552,2025-06-13 12:00,0.551667,7,18,25,105,71,176,75,80,154,23,18,41,28.0,15.29,31.76,44.71,7.06,1.18,1.18,0.0,0.0
9000008552,2025-06-13 13:00,0.561944,2,7,9,80,50,130,107,110,217,21,13,34,24.5,53.28,20.49,22.13,4.1,0.0,0.0,0.0,0.0
9000008552,2025-06-13 14:00,0.699722,4,9,13,64,56,120,167,123,290,30,38,69,19.0,52.71,35.96,10.34,0.49,0.0,0.0,0.49,0.0
9000008552,2025-06-13 15:00,0.640556,5,6,11,78,61,139,186,111,298,44,22,65,23.0,26.7,50.79,18.85,3.14,0.0,0.0,0.0,0.52
9000008552,2025-06-13 16:00,0.615833,16,5,21,96,62,158,140,118,258,47,30,77,22.5,14.47,59.12,23.9,1.89,0.0,0.0,0.0,0.63
9000008552,2025-06-13 17:00,0.679722,9,7,16,63,63,126,120,93,213,26,26,52,22.5,15.17,62.76,20.69,0.69,0.0,0.0,0.0,0.69
9000008552,2025-06-13 18:00,0.749444,23,23,46,53,33,86,136,88,224,15,21,36,22.0,39.29,39.29,20.24,1.19,0.0,0.0,0.0,0.0
9000008552,2025-06-13 19:00,0.788333,28,46,74,55,65,120,101,95,197,25,27,52,24.5,8.39,49.03,39.35,0.65,1.29,0.0,0.0,1.29
9000008552,2025-06-13 20:00,0.7875,22,43,65,38,51,89,91,80,171,19,11,31,25.0,6.67,48.89,39.26,4.44,0.0,0.0,0.74,0.0
9000008552,2025-06-13 21:00,0.277222,31,37,68,42,43,85,80,71,151,16,17,34,24.0,4.76,61.9,23.81,4.76,2.38,0.0,0.0,2.38
9000008552,2025-06-14 04:00,0.138889,0,0,0,0,7,7,0,14,14,0,7,7,23.5,0.0,50.0,50.0,0.0,0.0,0.0,0.0,0.0
9000008552,2025-06-14 05:00,0.797222,1,3,4,4,4,8,19,18,36,5,5,10,28.0,3.45,41.38,48.28,6.9,0.0,0.0,0.0,0.0
9000008552,2025-06-14 06:00,0.755278,4,1,5,1,4,5,21,27,47,8,15,23,24.5,38.89,30.56,16.67,11.11,0.0,0.0,2.78,0.0
9000008552,2025-06-14 07:00,0.586944,0,2,2,2,6,9,36,31,67,11,18,30,17.5,48.72,48.72,2.56,0.0,0.0,0.0,0.0,0.0
9000008552,2025-06-14 08:00,0.691667,3,1,4,16,13,29,53,50,103,6,20,26,14.5,69.01,23.94,5.63,1.41,0.0,0.0,0.0,0.0
9000008552,2025-06-14 09:00,0.699444,8,9,16,27,17,43,83,76,158,3,26,29,23.5,27.93,42.34,25.23,3.6,0.0,0.0,0.0,0.0
9000008552,2025-06-14 10:00,0.699722,10,10,20,106,30,136,50,104,155,12,23,34,29.0,4.63,32.41,51.85,9.26,1.85,0.0,0.0,0.0
9000008552,2025-06-14 11:00,0.68,9,16,25,60,33,92,86,165,251,28,30,58,28.5,9.36,35.67,46.78,7.6,0.0,0.58,0.0,0.0
9000008552,2025-06-14 12:00,0.7125,10,23,32,93,46,139,131,150,281,29,14,43,28.0,9.5,33.5,49.0,6.0,1.5,0.0,0.0,0.5
9000008552,2025-06-14 13:00,0.737778,4,9,13,69,60,128,158,140,298,26,31,57,23.5,42.73,31.36,21.82,2.73,0.91,0.45,0.0,0.0
9000008552,2025-06-14 14:00,0.722778,8,4,13,57,44,102,179,172,350,28,32,59,21.0,48.22,35.18,13.04,2.77,0.4,0.0,0.0,0.4
9000008552,2025-06-14 15:00,0.641389,16,8,24,61,41,101,176,151,327,47,33,80,23.5,40.0,31.9,24.76,2.86,0.0,0.0,0.0,0.0
9000008552,2025-06-14 16:00,0.6175,25,32,57,43,40,84,155,128,282,28,26,54,25.0,13.22,48.28,35.63,2.87,0.0,0.0,0.0,0.57
9000008552,2025-06-14 17:00,0.670556,31,38,69,54,32,85,140,146,286,37,40,77,24.0,15.62,50.0,32.29,1.56,0.0,0.0,0.0,0.52
9000008552,2025-06-14 18:00,0.745278,14,12,26,34,31,65,140,110,250,23,26,49,23.5,38.71,32.26,25.81,2.69,0.54,0.0,0.0,0.0
9000008552,2025-06-14 19:00,0.780833,36,52,87,64,50,114,148,133,280,18,33,51,24.5,11.87,49.77,35.16,2.28,0.91,0.0,0.0,0.0
9000008552,2025-06-14 20:00,0.789167,30,29,59,42,39,81,153,162,316,24,29,53,24.5,8.84,47.79,39.76,3.61,0.0,0.0,0.0,0.0
9000008552,2025-06-14 21:00,0.2725,19,23,42,31,62,93,125,176,302,3,11,13,24.0,9.76,46.34,37.8,3.66,0.0,0.0,2.44,0.0
9000008552,2025-06-15 04:00,0.083333,0,0,0,0,0,0,48,36,84,0,0,0,30.0,0.0,14.29,71.43,0.0,0.0,0.0,0.0,14.29
9000008552,2025-06-15 05:00,0.733611,2,2,4,2,1,4,8,17,25,2,9,11,29.0,5.56,27.78,61.11,5.56,5.56,0.0,0.0,0.0
9000008552,2025-06-15 06:00,0.778889,3,0,3,0,0,0,14,8,22,3,3,5,24.5,5.88,47.06,41.18,5.88,0.0,0.0,0.0,0.0
9000008552,2025-06-15 07:00,0.745556,8,3,10,1,3,4,8,12,20,5,7,12,29.5,20.0,33.33,33.33,6.67,6.67,0.0,0.0,0.0
9000008552,2025-06-15 08:00,0.71,1,4,6,11,6,17,24,16,40,6,10,15,22.5,37.93,41.38,17.24,0.0,0.0,0.0,0.0,3.45
9000008552,2025-06-15 09:00,0.719722,1,3,4,8,11,20,43,47,90,3,10,12,27.0,24.62,35.38,33.85,3.08,1.54,0.0,0.0,0.0
9000008552,2025-06-15 10:00,0.7375,11,22,33,53,31,84,26,81,107,4,10,14,28.0,3.8,41.77,46.84,6.33,0.0,1.27,0.0,0.0
9000008552,2025-06-15 11:00,0.193611,3,8,11,79,11,90,136,43,180,8,5,14,28.5,2.86,11.43,85.71,2.86,0.0,0.0,0.0,0.0
9000008552,2025-06-15 17:00,0.267222,29,29,59,49,55,104,149,117,265,27,26,53,25.0,11.27,40.85,43.66,5.63,0.0,0.0,0.0,0.0
9000008552,2025-06-15 18:00,0.776667,16,17,32,39,31,69,158,142,300,20,19,39,24.5,11.59,47.21,35.19,4.72,0.86,0.43,0.0,0.0
9000008552,2025-06-15 19:00,0.451667,35,41,77,51,50,102,127,155,282,16,31,47,24.5,7.81,44.53,42.97,3.91,0.0,1.56,0.0,0.0
9000008552,2025-06-16 15:00,0.374722,6,2,7,22,11,33,74,74,148,62,91,152,27.0,20.0,30.91,50.91,0.0,0.0,0.0,0.0,0.0
9000008552,2025-06-16 16:00,0.734722,12,15,27,49,42,91,127,86,213,42,36,78,24.5,13.46,49.36,33.33,2.56,1.28,0.0,0.0,0.0
9000008552,2025-06-16 17:00,0.739722,28,30,58,41,37,77,137,98,235,34,23,57,25.5,14.37,47.13,35.06,2.87,0.0,0.0,0.0,0.57
9000008552,2025-06-16 18:00,0.698611,21,34,56,63,66,129,149,95,244,22,31,53,24.5,15.2,53.8,27.49,3.51,0.0,0.0,0.0,0.58
9000008552,2025-06-16 19:00,0.192222,31,47,78,57,52,109,161,161,323,16,10,26,21.5,6.45,74.19,16.13,1.61,1.61,0.0,0.0,0.0
9000008552,2025-06-16 20:00,0.779444,33,46,79,47,39,86,78,83,161,15,17,32,24.5,12.0,55.2,28.0,5.6,0.0,0.0,0.0,0.0
9000008552,2025-06-16 21:00,0.3675,14,43,57,35,46,81,62,79,141,8,13,21,24.0,9.62,46.15,44.23,0.0,0.0,0.0,0.0,0.0
9000008552,2025-06-17 04:00,0.055,0,0,0,0,0,0,18,0,18,18,0,18,29.0,0.0,0.0,100.0,0.0,0.0,0.0,0.0,0.0
9000008552,2025-06-17 05:00,0.666667,6,3,8,3,4,7,23,10,34,8,7,15,24.5,0.0,60.87,30.43,4.35,4.35,0.0,0.0,0.0
9000008552,2025-06-17 06:00,0.747222,7,8,15,4,5,9,54,38,92,12,12,24,20.0,44.12,41.18,11.76,1.47,1.47,0.0,0.0,0.0
9000008552,2025-06-17 07:00,0.638056,6,3,8,19,22,41,74,50,124,34,36,70,19.0,45.57,43.04,8.86,1.27,0.0,1.27,0.0,0.0
9000008552,2025-06-17 08:00,0.693333,7,1,9,66,50,117,119,48,167,39,27,66,18.0,48.7,44.35,6.96,0.0,0.0,0.0,0.0,0.0
9000008552,2025-06-17 09:00,0.717778,11,14,25,64,42,106,121,67,188,29,29,58,21.0,36.3,46.67,14.81,0.74,1.48,0.0,0.0,0.0
9000008552,2025-06-17 10:00,0.718056,14,14,28,135,24,159,67,92,159,7,20,27,24.5,10.53,50.88,35.09,1.75,0.0,0.0,1.75,0.0
9000008552,2025-06-17 11:00,0.711111,4,10,14,66,27,93,94,84,178,28,24,52,23.5,18.11,52.76,26.77,2.36,0.0,0.0,0.0,0.0
9000008552,2025-06-17 12:00,0.733889,8,12,20,72,29,100,93,102,195,33,18,51,23.5,29.37,44.06,22.38,3.5,0.0,0.0,0.0,0.7
9000008552,2025-06-17 13:00,0.759444,1,1,3,46,47,93,134,82,216,24,24,47,22.0,35.37,44.51,17.07,2.44,0.0,0.61,0.0,0.0
9000008552,2025-06-17 14:00,0.731667,4,3,7,50,37,88,160,94,255,29,38,67,19.5,47.85,39.78,11.29,1.08,0.0,0.0,0.0,0.0
9000008552,2025-06-17 15:00,0.261667,5,8,13,41,72,113,187,96,283,50,59,109,19.5,43.24,43.24,14.86,0.0,0.0,0.0,0.0,0.0
9000008552,2025-06-18 08:00,0.130833,8,0,8,54,46,99,206,84,290,15,8,23,14.5,71.05,28.95,0.0,0.0,0.0,0.0,0.0,0.0
9000008552,2025-06-18 09:00,0.721389,11,12,24,56,39,95,152,73,225,18,26,44,20.0,45.06,40.74,12.35,0.62,0.62,0.0,0.0,0.0
9000008552,2025-06-18 10:00,0.735833,16,18,34,98,15,113,59,97,156,11,30,41,26.5,7.83,47.83,38.26,5.22,0.0,0.87,0.0,0.0
9000008552,2025-06-18 11:00,0.733333,7,9,16,56,33,89,114,79,193,16,44,60,24.0,19.01,44.37,33.8,2.82,0.0,0.0,0.0,0.0
9000008552,2025-06-18 12:00,0.751389,9,16,25,74,43,117,112,69,181,23,31,53,26.5,15.44,49.26,29.41,5.15,0.74,0.0,0.0,0.0
9000008552,2025-06-18 13:00,0.734444,7,5,12,43,53,96,123,114,237,12,19,31,24.0,30.46,40.8,25.29,1.72,1.72,0.57,0.0,0.0
9000008552,2025-06-18 14:00,0.746111,1,7,8,39,32,71,116,84,199,33,34,67,22.5,24.83,52.35,21.48,1.34,0.0,0.0,0.0,0.0
9000008552,2025-06-18 15:00,0.720556,10,7,17,47,47,94,94,103,197,19,40,60,23.5,27.46,43.66,27.46,1.41,0.0,0.0,0.0,0.0
9000008552,2025-06-18 16:00,0.715833,6,18,24,59,42,100,118,93,211,30,25,56,23.5,19.87,52.98,24.5,2.65,0.0,0.0,0.0,0.66
9000008552,2025-06-18 17:00,0.727778,7,11,18,54,59,113,131,88,219,25,33,58,21.5,15.09,66.04,16.98,0.63,0.0,0.0,0.0,1.26
9000008552,2025-06-18 18:00,0.737778,7,7,14,60,45,104,167,91,258,25,34,59,23.0,15.26,58.42,25.79,0.0,0.53,0.0,0.0,0.0
9000008552,2025-06-18 19:00,0.7925,23,35,58,55,63,119,127,106,233,23,20,43,24.5,8.65,47.03,38.92,3.78,0.54,0.0,0.54,0.54
9000008552,2025-06-18 20:00,0.7775,23,32,55,58,53,111,106,80,186,12,27,39,24.5,6.94,51.39,36.11,4.17,1.39,0.0,0.0,0.0
9000008552,2025-06-18 21:00,0.218056,9,26,34,29,40,69,72,52,123,3,32,34,24.0,0.0,66.67,25.93,7.41,0.0,0.0,0.0,0.0
9000008552,2025-06-19 07:00,0.106389,0,0,0,0,9,9,94,75,169,9,38,47,18.5,50.0,44.44,5.56,0.0,0.0,0.0,0.0,0.0
9000008552,2025-06-19 08:00,0.644722,14,2,16,35,22,58,189,63,252,35,25,60,15.5,71.78,26.38,1.84,0.0,0.0,0.0,0.0,0.0
9000008552,2025-06-19 09:00,0.659722,2,3,5,78,36,114,121,58,178,4,13,18,21.5,44.07,38.14,11.86,2.54,1.69,1.69,0.0,0.0
9000008552,2025-06-19 10:00,0.639722,9,16,25,123,27,150,64,102,167,8,28,36,24.5,19.63,42.99,33.64,2.8,0.0,0.0,0.0,0.0
9000008552,2025-06-19 11:00,0.569167,9,3,12,58,12,70,100,108,208,14,21,34,27.5,10.92,46.22,33.61,5.88,0.84,0.0,0.0,2.52
9000008552,2025-06-19 12:00,0.6675,10,12,22,55,31,86,91,110,201,10,24,34,27.5,10.45,46.27,32.84,4.48,2.24,2.24,0.0,0.75
9000008552,2025-06-19 13:00,0.724167,3,3,6,43,43,86,76,96,172,12,21,33,29.0,18.4,37.6,29.6,7.2,4.0,1.6,0.0,0.8
9000008552,2025-06-19 14:00,0.694722,3,3,6,40,39,79,114,60,174,22,19,40,20.5,40.5,43.8,9.92,4.13,0.0,0.0,0.0,1.65
9000008552,2025-06-19 15:00,0.681944,9,9,18,48,31,79,136,102,239,36,47,83,24.5,23.31,44.17,27.61,1.84,0.61,0.0,0.61,1.84
9000008552,2025-06-19 16:00,0.661667,9,15,24,44,53,96,116,69,185,27,36,63,23.0,21.95,52.03,23.58,0.0,1.63,0.0,0.0,0.81
9000008552,2025-06-19 17:00,0.635,13,19,32,70,44,114,146,111,257,32,19,50,21.0,32.52,50.92,15.34,1.23,0.0,0.0,0.0,0.61
9000008552,2025-06-19 18:00,0.713889,6,16,21,39,44,83,107,53,159,18,28,46,21.5,36.84,44.74,15.79,2.63,0.0,0.0,0.0,0.88
9000008552,2025-06-19 19:00,0.773611,24,31,56,62,57,119,106,93,199,17,21,38,24.0,5.84,60.39,31.17,1.95,0.65,0.0,0.0,0.0
9000008552,2025-06-19 20:00,0.784444,16,19,36,46,54,100,116,77,193,18,9,27,24.5,4.64,56.29,31.79,6.62,0.0,0.0,0.0,0.66
9000008552,2025-06-20 04:00,0.074444,0,0,0,13,0,13,13,27,40,0,13,13,28.0,0.0,66.67,33.33,0.0,0.0,0.0,0.0,0.0
9000008552,2025-06-20 05:00,0.531944,7,0,7,7,4,11,20,15,35,11,9,20,27.0,10.53,26.32,57.89,5.26,0.0,0.0,0.0,0.0
9000008552,2025-06-20 06:00,0.754444,4,1,5,5,1,7,43,33,77,15,16,30,23.5,46.55,25.86,27.59,0.0,0.0,0.0,0.0,1.72
9000008552,2025-06-20 07:00,0.583333,17,10,27,15,18,34,98,58,156,24,14,37,15.0,57.14,41.76,1.1,0.0,0.0,0.0,0.0,0.0
9000008552,2025-06-20 08:00,0.667222,5,2,6,31,16,48,96,45,141,26,25,51,18.0,57.45,37.23,4.26,1.06,0.0,0.0,0.0,0.0
9000008552,2025-06-20 09:00,0.71,11,11,23,53,41,94,71,55,127,14,15,29,25.0,22.22,47.78,23.33,3.33,3.33,0.0,0.0,0.0
9000008552,2025-06-20 10:00,0.657222,12,14,26,85,28,114,90,105,195,12,28,40,27.0,8.59,48.44,34.38,4.69,1.56,0.0,0.0,2.34
9000008552,2025-06-20 11:00,0.666667,6,13,19,81,30,112,126,97,223,14,29,42,24.5,18.79,51.01,22.82,6.04,1.34,0.0,0.0,0.0
9000008552,2025-06-20 12:00,0.701667,1,13,15,93,47,140,88,118,206,19,25,43,28.0,16.55,42.07,31.03,6.9,0.69,2.07,0.0,1.38
9000008552,2025-06-20 13:00,0.74,3,6,8,93,64,157,118,119,238,13,21,34,25.5,40.91,28.98,25.0,4.55,0.0,0.0,0.0,0.57
9000008552,2025-06-20 14:00,0.681944,4,4,9,85,29,115,196,102,299,25,28,53,19.0,61.27,25.49,11.76,0.49,0.49,0.49,0.0,0.0
9000008552,2025-06-20 15:00,0.650556,9,8,17,88,55,144,146,101,247,29,28,57,22.0,44.1,32.92,21.12,0.62,0.62,0.62,0.0,0.0
9000008552,2025-06-20 16:00,0.605556,3,7,10,69,84,153,147,99,246,26,20,46,23.0,19.46,55.7,24.83,0.0,0.0,0.0,0.0,0.0
9000008552,2025-06-20 17:00,0.634444,15,17,32,67,65,132,148,130,277,21,26,47,20.0,26.7,57.95,13.64,1.14,0.0,0.0,0.0,0.57
9000008552,2025-06-20 18:00,0.728333,10,8,18,37,36,73,108,73,180,14,15,30,21.0,52.67,29.77,16.03,1.53,0.0,0.0,0.0,0.0
9000008552,2025-06-20 19:00,0.790556,39,41,80,58,53,111,125,105,230,11,20,32,23.0,7.14,63.19,29.12,0.55,0.0,0.0,0.0,0.0
9000008552,2025-06-20 20:00,0.783611,23,55,78,49,45,93,101,95,196,18,19,37,24.0,5.23,52.94,37.91,3.27,0.65,0.0,0.0,0.0
9000008552,2025-06-20 21:00,0.332222,29,30,59,50,45,95,83,93,175,16,15,31,25.5,6.9,55.17,32.76,3.45,0.0,0.0,0.0,0.0
9000008552,2025-06-21 04:00,0.080833,0,0,0,0,0,0,25,12,37,12,0,12,28.0,0.0,66.67,33.33,0.0,0.0,0.0,0.0,0.0
9000008552,2025-06-21 05:00,0.673611,6,1,7,6,4,10,16,18,34,7,8,15,27.0,4.35,52.17,34.78,8.7,0.0,0.0,0.0,0.0
9000008552,2025-06-21 06:00,0.758333,4,1,6,3,3,5,22,14,36,3,10,13,24.0,14.29,42.86,42.86,0.0,0.0,0.0,0.0,0.0
9000008552,2025-06-21 07:00,0.596111,2,2,3,1,1,3,25,24,49,6,7,13,15.5,55.17,37.93,6.9,0.0,0.0,0.0,0.0,0.0
9000008552,2025-06-21 08:00,0.68,4,2,6,9,0,9,35,22,57,6,10,16,18.5,61.54,28.21,7.69,0.0,0.0,0.0,0.0,2.56
9000008552,2025-06-21 09:00,0.7175,4,10,14,28,13,41,45,45,90,5,17,23,23.0,46.15,29.23,16.92,6.15,0.0,0.0,0.0,0.0
9000008552,2025-06-21 10:00,0.711667,13,18,31,56,25,82,69,66,135,8,11,20,23.5,4.17,62.5,33.33,0.0,0.0,0.0,0.0,0.0
9000008552,2025-06-21 11:00,0.727778,5,24,30,49,28,77,65,78,144,18,15,33,25.0,2.86,55.24,39.05,2.86,0.0,0.0,0.0,0.0
9000008552,2025-06-21 12:00,0.76,9,8,17,68,43,112,68,97,165,20,24,43,27.0,15.08,37.3,42.06,2.38,1.59,0.79,0.0,0.79
9000008552,2025-06-21 13:00,0.746667,1,4,5,54,62,115,149,92,241,21,13,35,21.0,43.33,38.89,16.67,1.11,0.0,0.0,0.0,0.0
9000008552,2025-06-21 14:00,0.758333,1,9,11,43,28,72,144,120,264,30,26,57,19.5,46.5,40.0,12.5,0.5,0.0,0.0,0.0,0.5
9000008552,2025-06-21 15:00,0.695833,4,12,16,64,53,117,156,125,281,30,13,44,21.0,23.59,58.97,16.41,1.03,0.0,0.0,0.0,0.0
9000008552,2025-06-21 16:00,0.687778,25,38,63,54,32,86,117,88,205,29,16,44,22.5,5.67,70.92,19.86,2.84,0.0,0.0,0.0,0.71
9000008552,2025-06-21 17:00,0.692222,13,29,42,54,43,97,121,94,215,17,20,37,22.5,16.11,61.74,19.46,2.01,0.0,0.0,0.0,0.67
9000008552,2025-06-21 18:00,0.740833,20,30,50,29,43,72,122,82,204,11,18,28,22.5,43.05,32.45,21.19,2.65,0.0,0.0,0.0,0.66
9000008552,2025-06-21 19:00,0.783889,23,36,59,37,47,84,118,97,215,22,24,46,24.0,7.14,57.74,30.36,3.57,0.6,0.0,0.0,0.6
9000008552,2025-06-21 20:00,0.788611,31,36,67,44,58,103,133,72,206,10,19,29,24.0,4.94,62.96,29.01,3.09,0.0,0.0,0.0,0.0
9000008552,2025-06-21 21:00,0.272222,32,27,60,49,25,74,92,127,219,9,3,11,24.0,0.0,58.33,40.0,3.33,0.0,0.0,0.0,0.0
9000008552,2025-06-22 04:00,0.1475,0,0,0,7,0,7,7,14,20,7,0,7,28.0,0.0,0.0,100.0,0.0,0.0,0.0,0.0,0.0
9000008552,2025-06-22 05:00,0.794722,6,3,9,4,1,5,8,16,24,3,13,15,27.5,5.26,31.58,63.16,0.0,0.0,0.0,0.0,0.0
9000008552,2025-06-22 06:00,0.757778,5,3,8,3,0,3,16,11,26,3,5,8,20.0,35.0,50.0,15.0,0.0,0.0,0.0,0.0,0.0
9000008552,2025-06-22 07:00,0.585278,2,3,5,3,8,11,20,22,42,5,7,12,17.0,62.5,29.17,4.17,0.0,0.0,0.0,0.0,4.17
9000008552,2025-06-22 08:00,0.681944,1,4,6,4,9,13,22,26,48,9,13,22,19.0,60.61,27.27,12.12,0.0,0.0,0.0,0.0,0.0
9000008552,2025-06-22 09:00,0.713889,3,3,6,34,8,42,43,38,81,3,5,8,20.5,29.31,55.17,12.07,1.72,0.0,0.0,0.0,1.72
9000008552,2025-06-22 10:00,0.680556,10,12,22,47,21,68,35,57,93,3,4,7,24.5,12.7,49.21,36.51,1.59,0.0,0.0,0.0,0.0
9000008552,2025-06-22 11:00,0.659722,8,18,26,53,30,83,56,63,119,8,6,14,25.5,14.1,42.31,39.74,3.85,0.0,0.0,0.0,1.28
9000008552,2025-06-22 12:00,0.741944,5,8,14,59,30,88,61,91,152,5,10,15,25.5,3.54,51.33,37.17,7.08,0.0,0.0,0.0,0.0
9000008552,2025-06-22 13:00,0.747222,3,9,12,50,36,86,90,64,154,9,5,15,20.5,42.61,41.74,13.04,2.61,0.0,0.0,0.0,0.0
9000008552,2025-06-22 14:00,0.749722,7,4,11,24,28,52,104,92,196,8,3,11,21.5,39.46,40.14,19.73,0.68,0.0,0.0,0.0,0.0
9000008552,2025-06-22 15:00,0.706389,8,17,25,27,34,61,71,75,146,13,14,27,24.0,15.53,42.72,38.83,2.91,0.0,0.0,0.0,0.0
9000008552,2025-06-22 16:00,0.769722,18,27,45,35,43,78,79,60,139,14,8,22,23.5,3.74,65.42,28.97,1.87,0.0,0.0,0.0,0.0
9000008552,2025-06-22 17:00,0.735278,12,16,28,38,23,61,95,80,175,11,14,25,22.0,17.83,63.57,16.28,2.33,0.0,0.78,0.0,0.0
9000008552,2025-06-22 18:00,0.756944,5,21,26,41,33,74,125,78,203,11,11,21,21.0,35.29,47.06,16.99,0.65,0.0,0.0,0.0,0.0
9000008552,2025-06-22 19:00,0.780833,17,13,30,48,60,108,102,69,171,18,14,32,25.5,27.61,41.04,28.36,2.24,0.75,0.0,0.0,0.0
9000008552,2025-06-22 20:00,0.781111,10,23,33,31,60,91,162,112,273,26,18,43,25.0,6.1,59.62,29.58,4.23,0.47,0.0,0.0,0.0
9000008552,2025-06-22 21:00,0.366389,23,8,31,61,42,104,107,114,221,13,14,26,22.5,12.35,62.96,22.22,1.23,0.0,0.0,0.0,0.0
9000008552,2025-06-23 07:00,0.328056,4,4,8,10,17,27,113,44,157,38,15,53,14.5,65.38,30.77,1.92,0.0,0.0,0.0,0.0,1.92
9000008552,2025-06-23 08:00,0.667778,6,0,6,60,30,90,111,76,188,28,19,48,16.5,60.0,36.0,2.4,1.6,0.0,0.0,0.0,0.0
9000008552,2025-06-23 09:00,0.703056,7,4,12,57,41,98,118,72,190,31,27,58,19.5,52.24,33.58,11.94,1.49,0.0,0.0,0.0,0.0
9000008552,2025-06-23 10:00,0.704722,4,17,21,77,30,107,90,78,169,18,21,39,23.5,11.76,58.82,26.89,0.0,0.84,0.84,0.0,0.84
9000008552,2025-06-23 11:00,0.736667,8,18,26,52,34,86,89,83,172,13,34,47,25.0,12.6,49.61,35.43,1.57,0.79,0.0,0.0,0.0
9000008552,2025-06-23 12:00,0.566944,18,39,56,37,37,74,104,76,180,28,43,71,23.0,22.55,50.98,24.51,1.96,0.0,0.0,0.0,0.0
9000008552,2025-06-23 14:00,0.195278,5,10,15,20,46,67,118,77,195,31,31,61,24.5,13.16,42.11,34.21,0.0,5.26,0.0,0.0,5.26
9000008552,2025-06-23 15:00,0.756389,8,9,17,33,22,55,120,69,189,32,36,67,25.0,15.38,55.24,25.17,2.8,0.7,0.0,0.0,0.7
9000008552,2025-06-23 16:00,0.638889,10,6,16,56,32,88,129,93,222,26,23,50,22.5,23.94,51.41,23.94,0.0,0.0,0.0,0.0,0.7
9000008552,2025-06-23 17:00,0.734722,11,18,29,70,46,116,157,84,241,24,8,32,24.0,14.69,53.11,27.12,4.52,0.56,0.0,0.0,0.56
9000008552,2025-06-23 18:00,0.120278,0,0,0,8,17,25,83,50,133,25,33,58,33.0,31.25,37.5,12.5,6.25,6.25,0.0,0.0,6.25
9000008552,2025-06-24 04:00,0.080833,0,0,0,12,12,25,12,12,25,12,0,12,28.5,0.0,50.0,50.0,0.0,0.0,0.0,0.0,0.0
9000008552,2025-06-24 05:00,0.590278,8,3,11,3,0,3,31,26,58,11,12,23,29.0,0.0,32.35,58.82,5.88,0.0,0.0,0.0,2.94
9000008552,2025-06-24 06:00,0.788889,14,5,19,8,11,19,35,24,60,27,28,54,26.0,6.38,40.43,48.94,4.26,0.0,0.0,0.0,0.0
9000008552,2025-06-24 07:00,0.780833,18,8,26,31,22,53,123,44,167,28,29,58,26.0,8.46,53.85,32.31,3.85,0.0,0.77,0.0,0.77
9000008552,2025-06-24 08:00,0.788333,22,15,37,52,38,90,160,73,233,33,32,65,23.0,16.85,57.61,22.28,3.26,0.0,0.0,0.0,0.0
9000008552,2025-06-24 09:00,0.113056,27,0,27,53,18,71,168,80,248,27,27,53,22.5,3.57,71.43,25.0,0.0,0.0,0.0,0.0,0.0
9000008552,2025-06-24 13:00,0.273333,28,27,55,39,19,59,97,74,171,19,14,33,23.5,6.38,48.94,44.68,0.0,0.0,0.0,0.0,0.0
9000008552,2025-06-24 14:00,0.779444,10,23,33,31,39,69,199,96,295,41,38,79,23.0,13.04,60.43,23.48,3.04,0.0,0.0,0.0,0.0
9000008552,2025-06-24 15:00,0.769444,13,23,36,44,47,91,167,110,277,46,45,91,24.5,14.55,53.52,27.7,3.76,0.0,0.0,0.0,0.47
9000008552,2025-06-24 16:00,0.733333,7,15,22,57,34,91,90,91,181,39,46,85,23.0,21.05,51.13,22.56,3.76,0.0,0.0,0.0,0.75
9000008552,2025-06-24 17:00,0.726389,9,18,28,47,45,92,127,72,199,43,19,62,22.5,21.38,51.72,24.14,1.38,0.69,0.0,0.0,0.69
9000008552,2025-06-24 18:00,0.751667,12,22,34,49,60,109,156,95,251,18,19,36,24.5,8.99,55.03,30.16,4.76,0.0,0.0,0.0,1.06
9000008552,2025-06-24 19:00,0.767222,18,18,36,38,40,78,136,84,220,14,15,29,24.0,12.43,52.66,31.95,2.37,0.0,0.0,0.0,0.0
9000008552,2025-06-24 20:00,0.770833,13,22,35,46,52,98,86,67,153,13,13,26,24.5,7.63,58.47,30.51,3.39,0.85,0.0,0.0,0.0
9000008552,2025-06-24 21:00,0.196667,0,13,13,53,56,110,71,102,174,0,10,10,23.5,14.71,52.94,32.35,0.0,0.0,0.0,0.0,0.0
9000008552,2025-06-25 05:00,0.124444,21,0,21,25,0,25,5,72,77,0,5,5,24.5,0.0,30.0,80.0,0.0,0.0,0.0,0.0,0.0
9000008552,2025-06-25 06:00,0.138889,11,0,11,0,5,5,65,32,97,0,5,5,27.0,7.14,50.0,35.71,7.14,0.0,0.0,0.0,0.0
9000008552,2025-06-25 18:00,0.699444,13,7,20,61,31,92,124,60,184,24,33,57,23.5,25.58,50.39,19.38,3.1,0.78,0.78,0.0,0.0
9000008552,2025-06-25 19:00,0.769722,10,34,44,44,60,104,105,89,194,14,19,34,24.0,4.67,60.67,30.67,4.0,0.0,0.0,0.0,0.0
9000008552,2025-06-25 20:00,0.793611,10,17,27,29,43,72,91,85,175,11,18,29,24.5,5.04,58.27,32.37,2.16,1.44,0.0,0.0,0.72
9000008552,2025-06-25 21:00,0.338056,16,54,70,44,44,88,70,54,123,0,8,8,27.5,4.76,50.0,40.48,0.0,4.76,0.0,0.0,2.38
9000008552,2025-06-26 14:00,0.104167,0,5,5,37,58,95,222,291,513,11,16,26,19.5,49.06,39.62,1.89,0.0,0.0,0.0,0.0,9.43
9000008552,2025-06-26 15:00,0.518056,8,6,13,52,29,81,158,107,264,25,54,79,22.0,19.71,58.39,19.71,1.46,0.0,0.0,0.0,0.0
9000008552,2025-06-26 16:00,0.682778,16,17,33,34,49,83,99,91,190,25,44,69,23.0,13.85,58.46,25.38,0.77,0.77,0.77,0.0,0.0
9000008552,2025-06-26 17:00,0.696667,5,11,17,41,41,82,86,67,153,32,22,54,24.5,23.58,44.34,26.42,2.83,0.94,0.0,0.0,1.89
9000008552,2025-06-26 18:00,0.704444,10,24,34,76,28,104,148,99,248,19,17,36,24.5,17.14,46.29,30.29,4.0,2.29,0.0,0.0,0.57
9000008552,2025-06-26 19:00,0.775278,26,54,80,62,42,105,120,67,187,18,26,44,24.0,7.59,51.03,37.24,4.14,0.0,0.0,0.0,0.0
9000008552,2025-06-26 20:00,0.791111,17,25,42,34,40,75,95,87,182,10,14,24,24.0,6.25,61.81,26.39,4.17,1.39,0.0,0.0,0.0
9000008552,2025-06-26 21:00,0.246389,9,27,36,40,31,70,64,105,169,9,21,30,26.0,4.76,50.0,35.71,2.38,0.0,4.76,4.76,0.0
9000008552,2025-06-27 04:00,0.031389,0,0,0,0,0,0,0,32,32,0,0,0,29.0,0.0,0.0,100.0,0.0,0.0,0.0,0.0,0.0
9000008552,2025-06-27 05:00,0.524444,8,0,8,3,2,5,29,28,57,7,8,14,29.0,0.0,33.33,53.33,13.33,0.0,0.0,0.0,0.0
9000008552,2025-06-27 06:00,0.786667,8,5,13,13,6,19,38,24,62,13,19,32,24.5,0.0,57.14,38.78,4.08,0.0,0.0,0.0,0.0
9000008552,2025-06-27 07:00,0.747778,8,3,11,16,23,39,82,44,126,12,25,37,23.0,12.77,57.45,27.66,2.13,0.0,0.0,1.06,0.0
9000008552,2025-06-27 08:00,0.738333,14,9,23,41,20,61,122,67,189,29,27,56,24.5,10.71,56.43,30.0,2.86,0.0,0.0,0.0,0.0
9000008552,2025-06-27 09:00,0.725556,15,11,26,45,43,88,59,48,107,22,30,52,23.0,16.67,62.82,16.67,1.28,0.0,1.28,0.0,1.28
9000008552,2025-06-27 10:00,0.755278,8,10,18,47,32,79,101,89,189,27,28,55,25.0,9.79,49.65,35.66,2.8,1.4,0.0,0.7,0.0
9000008552,2025-06-27 11:00,0.720556,11,12,24,59,25,84,105,106,211,29,28,57,23.5,13.16,52.63,30.92,1.97,0.66,0.0,0.0,0.66
9000008552,2025-06-27 12:00,0.720833,12,28,41,49,28,77,133,86,219,30,31,61,24.5,24.05,39.24,33.54,1.9,0.63,0.63,0.0,0.0
9000008552,2025-06-27 13:00,0.762222,13,16,29,47,30,78,119,131,250,40,47,88,28.5,10.53,38.95,40.0,8.42,1.58,0.53,0.53,0.0
9000008552,2025-06-27 14:00,0.691111,4,3,7,68,45,113,105,60,166,31,37,67,24.0,28.07,46.49,22.81,1.75,0.88,0.0,0.0,0.88
9000008552,2025-06-27 15:00,0.731944,7,10,16,65,29,94,123,67,190,22,26,48,24.0,16.55,48.2,33.09,2.16,0.0,0.0,0.0,0.0
9000008552,2025-06-27 16:00,0.756667,12,14,26,56,33,89,143,74,218,20,29,49,25.5,17.58,43.64,32.12,4.85,0.0,0.0,0.0,1.82
9000008552,2025-06-27 17:00,0.699167,6,23,28,43,34,77,137,82,219,16,36,51,23.5,26.8,45.1,24.18,2.61,0.0,1.31,0.0,0.0
9000008552,2025-06-27 18:00,0.74,13,13,27,62,41,103,122,80,202,8,16,24,23.0,10.74,63.76,23.49,2.01,0.67,0.0,0.0,0.0
9000008552,2025-06-27 19:00,0.734444,23,21,44,74,39,114,143,102,246,12,22,34,24.5,13.89,47.22,33.89,3.33,0.56,0.56,0.56,0.0
9000008552,2025-06-27 20:00,0.510278,7,19,26,76,35,111,90,96,186,9,13,23,25.5,8.42,44.21,44.21,1.05,1.05,2.11,0.0,0.0
9000008552,2025-06-27 21:00,0.144722,29,14,43,63,25,88,55,57,112,12,12,23,23.5,18.75,50.0,37.5,0.0,0.0,0.0,0.0,0.0
9000008552,2025-06-28 04:00,0.081389,0,0,0,0,0,0,0,0,0,0,0,0,,0.0,0.0,0.0,0.0,0.0,0.0,0.0,0.0
9000008552,2025-06-28 05:00,0.615278,1,3,4,3,1,4,19,20,39,6,5,11,31.0,4.17,37.5,41.67,16.67,0.0,0.0,0.0,0.0
9000008552,2025-06-28 06:00,0.565,2,3,5,11,0,11,17,13,30,1,15,16,27.0,29.41,41.18,35.29,0.0,0.0,0.0,0.0,0.0
9000008552,2025-06-28 07:00,0.609444,0,0,0,6,2,8,16,32,48,8,9,17,19.5,41.38,44.83,10.34,0.0,0.0,0.0,0.0,0.0
9000008552,2025-06-28 08:00,0.77,4,3,6,13,8,21,39,39,78,8,26,34,25.0,13.33,53.33,26.67,6.67,0.0,0.0,0.0,0.0
9000008552,2025-06-28 09:00,0.748056,6,3,9,38,23,61,51,44,95,9,25,35,26.0,9.86,50.7,29.58,5.63,0.0,0.0,0.0,2.82
9000008552,2025-06-28 10:00,0.662222,6,8,14,65,33,98,47,65,112,3,9,12,29.5,9.46,45.95,31.08,9.46,2.7,0.0,1.35,0.0
9000008552,2025-06-28 11:00,0.684722,4,10,15,79,22,101,66,87,153,13,16,29,27.0,8.57,40.95,42.86,3.81,2.86,0.0,0.0,0.95
9000008552,2025-06-28 12:00,0.6975,16,10,26,120,42,162,59,108,166,11,13,24,27.5,15.52,35.34,42.24,6.9,0.0,0.0,0.0,0.0
9000008552,2025-06-28 13:00,0.735833,3,3,5,58,39,97,93,107,200,10,16,26,28.5,31.97,31.29,24.49,8.16,2.04,1.36,0.0,0.68
9000008552,2025-06-28 14:00,0.695833,1,7,9,60,41,100,101,86,188,11,30,41,21.5,44.62,38.46,11.54,4.62,0.0,0.0,0.0,0.77
9000008552,2025-06-28 15:00,0.705833,3,11,14,43,52,95,116,86,203,27,27,54,22.5,41.96,36.36,17.48,4.2,0.0,0.0,0.0,0.0
9000008552,2025-06-28 16:00,0.663611,18,14,32,57,42,99,112,68,180,12,28,40,21.0,14.29,67.23,16.81,0.84,0.0,0.0,0.0,0.0
9000008552,2025-06-28 17:00,0.615833,26,14,40,36,31,67,97,52,149,13,20,34,20.5,29.67,53.85,13.19,1.1,0.0,0.0,0.0,1.1
9000008552,2025-06-28 18:00,0.779167,20,31,51,58,67,124,158,97,255,17,8,24,23.5,9.55,62.31,24.62,2.01,0.5,0.5,0.0,0.5
9000008552,2025-06-28 19:00,0.769444,25,43,68,51,66,117,128,91,219,12,10,22,25.0,5.33,52.66,37.87,3.55,0.59,0.0,0.0,0.0
9000008552,2025-06-28 20:00,0.743611,25,19,44,39,44,84,126,120,247,9,14,24,24.5,16.85,48.91,28.26,5.43,0.54,0.0,0.0,0.0
9000008552,2025-06-28 21:00,0.3025,30,14,44,37,54,91,126,106,232,8,15,23,24.5,1.43,57.14,35.71,4.29,1.43,0.0,0.0,0.0
9000008552,2025-06-29 04:00,0.085278,23,0,23,12,23,35,12,23,35,0,0,0,28.0,0.0,33.33,66.67,0.0,0.0,0.0,0.0,0.0
9000008552,2025-06-29 05:00,0.793889,3,4,6,3,1,4,14,13,26,4,8,11,28.0,0.0,33.33,66.67,0.0,0.0,0.0,0.0,0.0
9000008552,2025-06-29 06:00,0.736667,3,1,4,3,7,10,8,18,25,7,4,11,25.0,21.05,47.37,26.32,5.26,0.0,0.0,0.0,0.0
9000008552,2025-06-29 07:00,0.598333,2,7,8,2,5,6,14,17,31,3,3,7,14.0,55.56,50.0,0.0,0.0,0.0,0.0,0.0,0.0
9000008552,2025-06-29 08:00,0.677778,1,2,3,3,16,19,9,20,29,3,28,31,18.5,55.0,35.0,5.0,5.0,0.0,0.0,0.0,0.0
9000008552,2025-06-29 09:00,0.706111,6,7,12,22,18,40,20,32,52,6,5,11,20.5,30.56,52.78,11.11,0.0,0.0,5.56,0.0,0.0
9000008552,2025-06-29 10:00,0.669444,0,3,3,33,23,56,34,33,67,9,7,16,29.0,0.0,48.89,40.0,6.67,2.22,2.22,0.0,0.0
9000008552,2025-06-29 11:00,0.660278,4,10,15,61,24,85,54,58,111,2,11,12,31.0,4.05,33.78,43.24,12.16,2.7,1.35,0.0,1.35
9000008552,2025-06-29 12:00,0.7275,3,4,7,38,22,60,66,79,146,7,4,11,24.0,15.09,51.89,27.36,5.66,0.0,0.0,0.0,0.0
9000008552,2025-06-29 13:00,0.708611,5,10,15,48,23,71,59,69,128,13,6,18,28.0,10.0,43.33,37.78,6.67,1.11,1.11,1.11,0.0
9000008552,2025-06-29 14:00,0.718889,10,3,13,22,28,50,62,75,137,11,59,70,23.0,33.33,42.42,17.17,3.03,2.02,1.01,0.0,0.0
9000008552,2025-06-29 15:00,0.723333,6,8,14,29,27,56,56,68,123,14,44,58,23.5,28.09,42.7,25.84,1.12,1.12,0.0,0.0,1.12
9000008552,2025-06-29 16:00,0.644722,4,1,6,31,24,55,75,60,135,13,20,33,22.0,12.64,64.37,21.84,0.0,1.15,0.0,0.0,0.0
9000008552,2025-06-29 17:00,0.722222,13,18,31,29,35,64,87,69,155,12,19,32,23.0,13.39,64.29,18.75,3.57,0.0,0.0,0.0,0.89
9000008552,2025-06-29 18:00,0.699722,9,10,19,27,46,73,104,71,175,13,24,38,23.5,14.63,56.91,27.64,0.81,0.0,0.0,0.0,0.0
9000008552,2025-06-29 19:00,0.775278,22,25,47,42,40,82,99,54,153,8,23,31,22.5,17.65,60.5,17.65,2.52,1.68,0.0,0.0,0.0
9000008552,2025-06-29 20:00,0.788056,13,23,36,29,41,70,76,92,169,6,10,16,23.5,6.77,59.4,31.58,2.26,0.0,0.0,0.0,0.0
9000008552,2025-06-29 21:00,0.362222,8,22,30,33,33,66,74,85,159,3,6,9,26.5,15.52,46.55,34.48,3.45,0.0,0.0,0.0,0.0
9000008552,2025-06-30 04:00,0.048056,0,0,0,21,0,21,0,0,0,0,0,0,,0.0,0.0,0.0,0.0,0.0,0.0,0.0,0.0
9000008552,2025-06-30 05:00,0.671389,7,4,10,3,3,6,16,17,33,7,8,15,26.5,4.55,63.64,36.36,0.0,0.0,0.0,0.0,0.0
9000008552,2025-06-30 06:00,0.731111,4,4,8,10,3,12,44,26,69,16,20,36,23.0,45.1,31.37,19.61,3.92,0.0,0.0,0.0,0.0
9000008552,2025-06-30 07:00,0.569722,5,5,11,12,16,28,103,63,166,19,9,28,11.5,82.11,14.74,3.16,0.0,0.0,0.0,0.0,0.0
9000008552,2025-06-30 08:00,0.696111,3,3,6,19,26,44,111,52,163,22,23,45,13.5,71.68,27.43,0.88,0.0,0.0,0.0,0.0,0.0
9000008552,2025-06-30 09:00,0.695,9,11,20,91,49,140,100,52,152,19,20,39,18.5,59.43,28.3,11.32,0.94,0.0,0.0,0.0,0.0
9000008552,2025-06-30 10:00,0.675556,16,19,36,142,25,167,55,112,167,18,21,38,24.5,15.93,43.36,37.17,2.65,0.88,0.0,0.0,0.0
9000008552,2025-06-30 11:00,0.653889,12,20,32,109,37,145,69,104,173,11,20,31,25.5,15.93,46.9,32.74,4.42,0.0,0.0,0.0,0.0
9000008552,2025-06-30 12:00,0.673611,5,13,18,111,48,158,64,137,201,15,28,43,27.5,13.97,37.5,39.71,7.35,0.0,0.74,0.0,0.0
9000008552,2025-06-30 13:00,0.731111,3,15,18,51,37,88,129,103,233,14,13,26,28.0,43.53,27.06,17.65,8.82,2.35,1.18,0.0,0.0
9000008552,2025-06-30 14:00,0.731389,1,8,10,62,28,90,153,128,281,15,26,41,20.5,49.76,34.63,12.68,2.44,0.98,0.0,0.0,0.0
9000008552,2025-06-30 15:00,0.664444,6,6,12,76,47,122,170,131,301,24,32,56,21.0,35.5,46.5,17.5,0.5,0.0,0.0,0.0,0.0
9000008552,2025-06-30 16:00,0.631944,20,42,63,77,43,120,141,106,246,29,22,51,23.0,29.49,46.79,19.87,1.92,0.64,0.64,0.0,0.0
9000008552,2025-06-30 17:00,0.629167,12,19,30,76,71,147,160,92,252,37,16,53,20.5,31.01,53.16,15.19,0.0,0.0,0.0,0.0,0.63
9000008552,2025-06-30 18:00,0.713056,8,14,22,45,43,88,112,74,186,13,16,29,22.5,48.87,27.82,18.05,4.51,0.0,0.0,0.0,0.75
9000008552,2025-06-30 19:00,0.781111,18,31,49,76,64,140,113,65,178,19,26,45,23.5,12.23,59.71,28.06,0.72,0.0,0.0,0.0,0.0
9000008552,2025-06-30 20:00,0.791111,20,40,61,66,45,111,99,82,181,11,11,23,24.5,4.2,55.24,35.66,4.2,0.0,0.0,0.7,0.0
9000008552,2025-06-30 21:00,0.368056,18,16,35,30,44,74,70,42,112,11,5,16,28.0,7.32,53.66,31.71,0.0,0.0,2.44,0.0,7.32
9000008552,2025-07-01 04:00,0.121389,0,0,0,8,0,8,0,33,33,8,0,8,27.0,0.0,50.0,50.0,0.0,0.0,0.0,0.0,0.0
9000008552,2025-07-01 05:00,0.386944,3,6,9,0,3,3,12,38,50,11,15,26,31.0,5.26,26.32,47.37,10.53,5.26,0.0,0.0,0.0
9000008552,2025-07-01 06:00,0.593056,4,1,5,10,2,11,41,15,56,16,13,30,23.0,27.27,45.45,30.3,0.0,0.0,0.0,0.0,0.0
9000008552,2025-07-01 07:00,0.570833,7,5,12,22,15,38,126,47,172,12,23,35,9.5,87.76,12.24,1.02,0.0,0.0,0.0,0.0,0.0
9000008552,2025-07-01 08:00,0.689167,3,1,4,53,15,67,142,47,189,26,19,46,15.0,74.62,22.31,1.54,0.0,0.0,0.0,0.0,1.54
9000008552,2025-07-01 09:00,0.745,5,12,17,62,39,101,161,71,232,12,27,39,18.5,57.23,33.53,6.94,0.58,0.0,0.58,0.0,1.16
9000008552,2025-07-01 10:00,0.708056,7,18,25,128,20,148,52,82,134,10,14,24,26.5,18.95,44.21,31.58,2.11,1.05,0.0,0.0,2.11
9000008552,2025-07-01 11:00,0.714722,10,8,18,81,22,103,66,77,143,22,33,56,25.0,14.71,46.08,32.35,6.86,0.0,0.0,0.0,0.0
9000008552,2025-07-01 12:00,0.710278,7,13,20,93,28,121,88,114,202,18,14,32,29.0,16.08,36.36,36.36,8.39,0.7,0.0,0.0,2.1
9000008552,2025-07-01 13:00,0.749444,5,11,16,58,41,99,114,126,239,8,17,25,29.0,33.52,30.73,22.91,8.94,1.68,0.56,1.68,0.0
9000008552,2025-07-01 14:00,0.738889,1,5,7,52,33,84,126,97,223,26,22,47,20.0,53.94,31.52,12.73,1.21,0.61,0.0,0.0,0.0
9000008552,2025-07-01 15:00,0.659167,1,2,3,81,45,126,145,107,252,18,38,57,21.0,43.98,38.55,16.87,0.0,0.0,0.0,0.0,0.0
9000008552,2025-07-01 16:00,0.619722,11,21,32,78,81,158,104,66,170,18,27,45,23.0,30.48,43.81,20.95,3.81,0.0,0.0,0.0,0.95
9000008552,2025-07-01 17:00,0.622778,5,19,24,82,58,140,111,97,208,19,34,53,21.0,26.15,55.38,16.15,1.54,0.0,0.0,0.0,0.0
9000008552,2025-07-01 18:00,0.703889,7,13,20,60,34,94,129,85,214,11,23,34,21.0,47.02,35.1,17.88,0.66,0.0,0.0,0.0,0.0
9000008552,2025-07-01 19:00,0.745556,8,35,43,62,64,126,140,63,204,26,38,63,22.0,15.13,63.82,19.74,0.0,0.0,0.66,0.0,0.66
9000008552,2025-07-01 20:00,0.778056,13,28,41,53,54,107,98,89,187,15,32,48,22.5,15.17,57.93,24.83,1.38,0.0,0.0,0.0,0.69
9000008552,2025-07-01 21:00,0.416667,3,20,23,32,47,79,96,81,177,2,10,12,26.5,6.76,37.84,52.7,1.35,0.0,1.35,0.0,0.0
9000008552,2025-07-02 04:00,0.071944,14,0,14,0,0,0,0,42,42,14,0,14,28.0,0.0,0.0,100.0,0.0,0.0,0.0,0.0,0.0
9000008552,2025-07-02 05:00,0.365278,9,0,9,0,7,7,12,9,21,4,14,19,22.5,12.5,62.5,37.5,0.0,0.0,0.0,0.0,0.0
9000008552,2025-07-02 06:00,0.608889,10,8,18,7,5,12,33,27,61,15,19,34,23.0,35.14,35.14,27.03,0.0,0.0,0.0,0.0,2.7
9000008552,2025-07-02 07:00,0.576389,10,8,19,11,12,22,112,48,160,7,19,26,13.5,75.0,23.91,1.09,0.0,0.0,0.0,0.0,0.0
9000008552,2025-07-02 08:00,0.674444,6,7,13,49,16,65,83,64,146,13,31,44,15.0,74.75,23.23,2.02,0.0,0.0,0.0,0.0,0.0
9000008552,2025-07-02 09:00,0.740278,16,12,28,65,42,107,123,90,213,7,19,26,19.5,56.33,29.75,12.03,1.27,0.0,0.0,0.0,0.63
9000008552,2025-07-02 10:00,0.694167,4,10,14,121,24,145,46,75,121,9,25,33,23.5,9.52,60.71,27.38,2.38,0.0,0.0,0.0,0.0
9000008552,2025-07-02 11:00,0.6975,9,16,25,100,20,120,84,94,179,7,16,23,27.0,14.4,46.4,29.6,4.0,4.0,0.8,0.0,0.8
9000008552,2025-07-02 12:00,0.698889,4,6,10,94,24,118,94,106,200,25,21,46,28.0,19.29,39.29,30.0,8.57,1.43,0.0,0.0,0.71
9000008552,2025-07-02 13:00,0.719444,4,6,10,72,37,109,109,112,221,10,22,32,25.5,35.85,36.48,20.13,3.77,2.52,0.63,0.63,0.0
9000008552,2025-07-02 14:00,0.719444,1,6,7,35,33,68,124,116,240,24,10,34,23.0,37.79,38.37,18.02,3.49,1.74,0.58,0.0,0.0
9000008552,2025-07-02 15:00,0.663333,3,5,8,76,49,125,95,117,212,9,26,35,22.5,23.4,49.65,26.24,1.42,0.0,0.0,0.0,0.0
9000008552,2025-07-02 16:00,0.631389,9,25,34,88,58,147,84,60,143,30,19,49,24.0,18.68,51.65,28.57,0.0,1.1,0.0,0.0,0.0
9000008552,2025-07-02 17:00,0.602778,5,7,12,35,56,92,111,83,194,23,24,47,23.5,16.24,56.41,24.79,1.71,0.0,0.0,0.0,0.85
9000008552,2025-07-02 18:00,0.6975,7,12,19,38,45,84,106,76,181,10,16,26,23.5,46.03,28.57,23.02,1.59,0.0,0.0,0.79,0.0
9000008552,2025-07-02 19:00,0.787778,22,31,52,57,55,112,103,90,193,10,19,29,26.0,4.61,48.03,44.08,2.63,0.66,0.0,0.0,0.0
9000008552,2025-07-02 20:00,0.773611,23,23,46,52,53,105,106,102,208,16,17,32,25.0,4.35,51.55,36.65,5.59,0.0,0.62,0.62,0.62
9000008552,2025-07-02 21:00,0.260556,10,22,33,20,27,48,144,80,224,10,10,20,29.5,6.9,58.62,22.41,5.17,1.72,1.72,5.17,3.45
9000008552,2025-07-03 04:00,0.116111,9,0,9,0,0,0,9,0,9,17,0,17,24.0,0.0,0.0,100.0,0.0,0.0,0.0,0.0,0.0
9000008552,2025-07-03 05:00,0.725833,6,3,9,6,5,11,26,18,45,11,13,25,31.5,0.0,34.38,53.12,12.5,3.12,0.0,0.0,0.0
9000008552,2025-07-03 06:00,0.720556,4,5,9,11,13,23,46,22,68,17,24,40,28.0,20.41,32.65,38.78,10.2,0.0,0.0,0.0,0.0
9000008552,2025-07-03 07:00,0.776944,7,3,9,28,19,48,98,54,152,15,32,48,23.5,15.25,56.78,24.58,2.54,0.0,0.85,0.0,0.0
9000008552,2025-07-03 08:00,0.768056,8,3,10,52,28,80,182,81,263,31,32,63,23.5,19.31,48.51,29.21,1.98,0.5,0.0,0.5,0.0
9000008552,2025-07-03 09:00,0.520278,8,8,16,66,20,86,252,80,332,25,20,45,24.0,23.12,52.02,17.92,4.62,1.16,1.16,0.0,1.16
9000008552,2025-07-03 10:00,0.774167,3,10,13,30,23,53,158,87,244,22,19,41,27.5,8.47,44.97,37.57,6.35,1.06,0.53,0.0,1.06
9000008552,2025-07-03 11:00,0.751389,7,15,21,31,23,53,142,87,229,22,28,50,24.5,15.7,53.49,25.0,2.91,1.16,0.0,1.16,0.58
9000008552,2025-07-03 12:00,0.733611,7,9,16,64,27,92,138,97,235,32,34,66,24.5,13.95,48.84,34.3,3.49,0.0,0.0,0.0,0.0
9000008552,2025-07-03 13:00,0.696389,3,8,11,69,39,108,80,111,192,25,39,64,29.0,17.16,35.82,33.58,7.46,2.24,0.0,2.24,0.75
9000008552,2025-07-03 14:00,0.728056,3,8,11,56,26,82,88,80,168,33,43,76,26.0,23.77,36.07,31.15,4.92,0.82,1.64,0.0,1.64
9000008552,2025-07-03 15:00,0.680556,2,1,3,49,34,83,106,51,158,30,47,77,25.0,29.91,37.38,25.23,2.8,0.93,0.0,0.0,2.8
9000008552,2025-07-03 16:00,0.611667,10,8,18,101,55,156,144,99,243,27,29,56,23.0,25.5,47.65,26.17,0.0,0.0,0.0,0.0,0.67
9000008552,2025-07-03 17:00,0.609722,8,10,18,76,46,121,133,126,259,36,26,62,20.0,38.61,46.84,12.66,1.27,0.0,0.0,0.0,0.0
9000008552,2025-07-03 18:00,0.719444,10,10,19,36,40,77,125,72,197,11,17,28,20.5,54.23,29.58,14.08,2.11,0.0,0.0,0.0,0.0
9000008552,2025-07-03 19:00,0.779722,15,22,38,59,59,118,136,97,233,5,22,27,25.0,14.29,48.9,31.32,3.85,0.0,0.55,0.55,0.55
9000008552,2025-07-03 20:00,0.776944,8,18,26,58,54,112,125,83,209,15,8,23,24.0,3.7,63.58,30.25,1.85,0.0,0.0,0.62,0.0
9000008552,2025-07-03 21:00,0.321944,0,8,8,58,44,102,96,92,188,16,18,34,24.5,3.33,51.67,41.67,1.67,0.0,0.0,0.0,0.0
9000008552,2025-07-04 04:00,0.025556,0,0,0,0,0,0,0,39,39,0,0,0,19.0,0.0,100.0,0.0,0.0,0.0,0.0,0.0,0.0
9000008552,2025-07-04 05:00,0.259167,11,0,11,0,0,0,24,28,52,4,4,8,24.5,7.69,23.08,69.23,0.0,0.0,0.0,0.0,0.0
9000008552,2025-07-04 06:00,0.778056,5,5,10,6,5,11,41,23,64,20,18,38,24.0,22.0,36.0,40.0,2.0,0.0,0.0,0.0,0.0
9000008552,2025-07-04 07:00,0.662222,2,3,5,21,17,39,99,39,138,9,20,30,19.5,38.04,48.91,13.04,1.09,0.0,0.0,0.0,0.0
9000008552,2025-07-04 08:00,0.758889,13,9,22,38,40,77,164,76,240,29,25,54,23.5,10.99,59.34,28.02,1.65,0.55,0.0,0.0,0.0
9000008552,2025-07-04 09:00,0.7,16,6,22,50,21,72,104,50,153,26,20,47,22.5,25.23,52.34,21.5,0.93,0.0,0.0,0.0,0.93
9000008552,2025-07-04 10:00,0.673333,6,9,15,56,24,80,71,91,163,10,18,28,28.5,13.64,38.18,34.55,6.36,2.73,0.91,0.0,2.73
9000008552,2025-07-04 11:00,0.705278,4,13,17,65,28,93,111,78,189,21,11,33,33.5,12.78,37.59,29.32,12.03,2.26,3.01,1.5,2.26
9000008552,2025-07-04 12:00,0.653889,3,9,12,72,21,93,96,130,225,12,12,24,37.0,15.65,30.61,31.97,10.2,5.44,1.36,1.36,3.4
9000008552,2025-07-04 13:00,0.675,3,10,13,92,49,141,85,133,217,22,21,43,24.5,18.37,42.86,32.65,4.08,0.68,0.0,0.0,1.36
9000008552,2025-07-04 14:00,0.6725,3,9,12,86,59,145,101,68,169,13,27,40,21.0,47.37,35.96,12.28,2.63,0.88,0.0,0.0,0.88
9000008552,2025-07-04 15:00,0.682222,3,6,9,72,50,121,91,53,143,18,53,70,22.0,42.86,37.76,15.31,2.04,1.02,1.02,0.0,0.0
9000008552,2025-07-04 16:00,0.636667,6,10,16,100,63,163,137,113,250,13,25,38,22.5,17.61,60.38,20.75,0.63,0.63,0.0,0.0,0.0
9000008552,2025-07-04 17:00,0.643056,7,3,10,106,51,157,114,141,255,9,40,49,23.5,17.07,52.44,28.05,1.22,0.0,0.0,0.0,1.22
9000008552,2025-07-04 18:00,0.7125,4,8,13,41,32,73,102,156,258,6,30,35,24.0,42.39,28.26,27.72,0.0,0.0,0.0,0.54,1.09
9000008552,2025-07-04 19:00,0.776944,17,27,44,62,64,126,115,172,287,14,41,55,25.5,7.62,44.39,42.6,4.93,0.0,0.0,0.45,0.0
9000008552,2025-07-04 20:00,0.781389,14,37,51,44,56,100,99,138,237,13,32,45,24.5,9.73,51.89,33.51,3.24,1.08,0.0,0.0,0.54
9000008552,2025-07-04 21:00,0.36,5,8,13,48,45,92,103,89,192,8,7,16,24.5,4.35,49.28,37.68,2.9,2.9,0.0,0.0,2.9
9000008552,2025-07-05 04:00,0.040278,25,0,25,25,0,25,99,0,99,25,0,25,112.0,0.0,25.0,25.0,0.0,0.0,0.0,0.0,50.0
9000008552,2025-07-05 05:00,0.555556,5,3,7,0,3,3,8,22,30,4,11,15,29.0,0.0,17.65,76.47,11.76,0.0,0.0,0.0,0.0
9000008552,2025-07-05 06:00,0.754722,1,3,4,4,4,8,26,13,39,8,7,15,26.5,30.0,26.67,40.0,3.33,3.33,0.0,0.0,0.0
9000008552,2025-07-05 07:00,0.65,6,6,12,8,2,9,26,22,48,8,8,15,14.0,64.52,35.48,0.0,0.0,0.0,0.0,0.0,0.0
9000008552,2025-07-05 08:00,0.705,3,3,6,13,6,18,38,33,71,0,4,4,18.0,56.0,38.0,6.0,0.0,0.0,0.0,0.0,0.0
9000008552,2025-07-05 09:00,0.746944,9,4,13,23,13,36,57,47,104,4,14,18,24.0,29.49,46.15,15.38,6.41,0.0,1.28,0.0,1.28
9000008552,2025-07-05 10:00,0.74,9,15,24,60,24,84,67,65,131,9,17,27,26.0,4.12,54.64,38.14,1.03,1.03,1.03,0.0,0.0
9000008552,2025-07-05 11:00,0.743333,7,12,19,35,21,56,101,94,195,21,23,44,26.5,2.76,43.45,50.34,2.76,0.69,0.0,0.0,0.0
9000008552,2025-07-05 12:00,0.759722,16,22,38,46,33,79,150,104,254,13,22,36,25.0,5.7,48.19,39.9,6.22,0.0,0.0,0.0,0.0
9000008552,2025-07-05 13:00,0.753056,7,11,17,81,28,109,69,97,166,8,19,26,29.0,12.0,31.2,44.8,8.8,1.6,0.8,0.0,0.8
9000008552,2025-07-05 14:00,0.758333,1,8,9,57,38,95,103,112,216,10,16,26,25.0,20.12,45.73,28.66,3.05,1.83,0.0,0.0,0.0
9000008552,2025-07-05 15:00,0.778056,25,27,52,40,26,66,172,96,268,17,23,40,24.0,10.53,50.72,36.36,1.91,0.48,0.0,0.0,0.0
9000008552,2025-07-05 16:00,0.765556,26,22,48,43,31,74,163,81,244,10,20,30,24.0,11.23,55.08,29.95,3.21,0.0,0.0,0.0,0.53
9000008552,2025-07-05 17:00,0.698056,10,6,15,29,14,42,85,43,128,19,30,49,23.5,22.47,49.44,24.72,2.25,0.0,0.0,0.0,2.25
9000008552,2025-07-05 18:00,0.726667,15,7,22,44,33,77,98,88,186,8,21,29,26.0,17.04,40.0,36.3,3.7,2.22,0.74,0.0,0.0
9000008552,2025-07-05 19:00,0.758056,25,26,51,41,49,90,114,88,202,11,16,26,24.5,11.11,56.86,27.45,3.92,0.0,0.0,0.0,0.65
9000008552,2025-07-05 20:00,0.778056,15,30,45,36,41,77,114,113,227,5,11,17,25.0,12.99,45.2,35.59,4.52,0.56,0.0,0.56,0.56
9000008552,2025-07-05 21:00,0.333056,11,18,28,25,47,72,84,123,207,3,10,14,26.5,1.45,42.03,52.17,1.45,1.45,0.0,0.0,1.45
9000008552,2025-07-06 05:00,0.538611,1,0,1,1,0,1,15,9,24,4,5,9,24.5,0.0,38.46,69.23,0.0,0.0,0.0,0.0,0.0
9000008552,2025-07-06 06:00,0.793056,0,4,4,1,4,5,15,15,30,8,8,15,28.0,8.33,20.83,66.67,4.17,0.0,0.0,0.0,0.0
9000008552,2025-07-06 07:00,0.763889,0,3,3,4,3,6,12,7,18,6,11,16,29.5,28.57,28.57,28.57,14.29,0.0,0.0,0.0,0.0
9000008552,2025-07-06 08:00,0.725278,0,1,1,10,8,18,10,19,29,3,13,15,23.5,33.33,33.33,33.33,0.0,0.0,0.0,0.0,0.0
9000008552,2025-07-06 09:00,0.784167,3,3,5,15,12,27,42,22,64,5,9,14,25.5,10.0,44.0,40.0,6.0,0.0,0.0,0.0,0.0
9000008552,2025-07-06 10:00,0.771667,12,8,19,25,22,47,55,50,106,5,8,13,28.5,3.66,39.02,48.78,8.54,0.0,1.22,0.0,0.0
9000008552,2025-07-06 11:00,0.778056,3,14,17,18,24,42,60,66,126,5,13,18,28.5,2.04,28.57,58.16,9.18,1.02,1.02,0.0,0.0
9000008552,2025-07-06 12:00,0.756111,10,3,13,38,20,58,86,94,180,7,10,17,28.5,8.82,38.97,42.65,5.88,1.47,0.74,1.47,0.0
9000008552,2025-07-06 13:00,0.751111,1,11,12,55,24,79,61,75,136,8,4,12,32.0,12.75,23.53,44.12,17.65,1.96,0.0,0.0,0.0
9000008552,2025-07-06 14:00,0.768056,14,9,23,23,53,77,78,95,173,12,22,34,24.0,24.81,40.6,31.58,0.75,0.75,0.0,0.0,1.5
9000008552,2025-07-06 15:00,0.782778,26,29,55,44,44,88,96,86,182,13,17,30,25.5,6.34,50.7,35.21,7.75,0.0,0.0,0.0,0.0
9000008552,2025-07-06 16:00,0.781389,11,19,31,37,33,70,81,62,143,8,19,27,24.5,11.61,47.32,37.5,1.79,0.89,0.0,0.0,0.89
9000008552,2025-07-06 17:00,0.770556,18,30,48,39,43,82,134,93,228,10,9,19,24.0,6.86,53.71,37.14,1.14,0.0,0.57,0.0,0.57
9000008552,2025-07-06 18:00,0.7775,27,21,48,41,50,91,122,93,215,5,16,21,25.0,7.19,52.1,38.32,1.8,0.6,0.0,0.0,0.0
9000008552,2025-07-06 19:00,0.775278,19,32,51,37,42,80,117,95,213,14,12,26,24.5,7.27,52.73,36.36,3.64,0.0,0.0,0.0,0.0
9000008552,2025-07-06 20:00,0.5275,12,9,21,34,33,66,104,121,225,1,8,9,24.5,11.76,49.58,36.13,0.84,0.84,0.0,0.0,0.0
9000008552,2025-07-06 21:00,0.045556,44,44,88,66,44,110,110,22,132,0,22,22,22.5,0.0,66.67,33.33,0.0,0.0,0.0,0.0,0.0
9000008552,2025-07-07 05:00,0.365,6,0,6,0,8,8,21,23,43,8,15,23,27.0,6.25,43.75,43.75,12.5,0.0,0.0,0.0,0.0
9000008552,2025-07-07 06:00,0.728056,11,8,18,15,4,19,42,39,81,25,27,52,28.5,5.08,37.29,50.85,8.47,0.0,0.0,0.0,0.0
9000008552,2025-07-07 07:00,0.780833,8,15,23,21,23,44,124,36,160,20,22,42,24.0,4.8,58.4,36.0,0.0,0.0,0.0,0.0,0.8
9000008552,2025-07-07 08:00,0.771667,35,13,48,54,30,84,154,85,239,14,31,46,24.5,10.27,49.19,36.22,3.24,0.0,0.0,0.0,0.54
9000008552,2025-07-07 09:00,0.756111,24,21,45,41,16,57,150,73,223,29,21,50,24.5,8.88,58.58,26.63,4.14,0.59,0.59,0.59,0.0
9000008552,2025-07-07 10:00,0.729167,12,7,19,44,27,72,127,73,200,15,34,49,23.5,21.23,45.89,31.51,1.37,0.0,0.0,0.0,0.0
9000008552,2025-07-07 11:00,0.743056,11,15,26,38,23,60,98,94,192,24,27,51,26.0,9.79,48.95,34.27,3.5,2.1,0.7,0.0,0.0
9000008552,2025-07-07 12:00,0.759167,26,30,56,34,13,47,97,90,187,26,24,50,28.0,11.27,40.85,40.14,7.75,0.0,0.0,0.0,0.0
9000008552,2025-07-07 13:00,0.759167,28,26,54,69,34,103,93,79,172,29,33,62,24.0,9.92,59.54,27.48,2.29,0.76,0.0,0.0,0.0
9000008552,2025-07-07 14:00,0.755,15,12,26,26,33,59,93,104,197,27,29,56,23.5,9.4,56.38,32.89,1.34,0.0,0.0,0.0,0.0
9000008552,2025-07-07 15:00,0.685556,6,9,15,44,30,74,116,80,196,18,44,61,23.0,30.6,46.27,19.4,2.24,0.0,0.0,0.0,1.49
9000008552,2025-07-07 16:00,0.6675,15,24,39,58,40,99,111,107,218,24,44,68,23.0,23.29,51.37,23.97,0.0,0.0,0.0,0.0,0.68
9000008552,2025-07-07 17:00,0.738611,21,32,54,47,34,81,176,146,321,20,24,44,25.5,10.97,53.59,31.65,2.95,0.84,0.0,0.0,0.0
9000008552,2025-07-07 18:00,0.768611,26,64,90,39,42,81,155,83,238,20,21,41,26.5,8.2,43.17,42.08,4.92,0.0,0.0,0.0,1.09
9000008552,2025-07-07 19:00,0.785833,29,34,64,48,48,97,88,86,174,19,15,34,25.0,9.49,53.28,32.12,2.92,0.73,0.0,0.0,1.46
9000008552,2025-07-07 20:00,0.784722,22,40,62,37,27,64,85,93,178,12,9,21,24.5,6.43,57.86,32.86,0.71,0.71,0.0,0.71,0.71
9000008552,2025-07-07 21:00,0.213333,15,30,45,45,58,102,160,80,240,40,2,42,22.5,3.92,70.59,25.49,0.0,0.0,0.0,1.96,0.0
9000008552,2025-07-08 05:00,0.314722,10,0,10,7,5,12,15,15,29,3,20,22,27.0,0.0,22.22,77.78,0.0,0.0,0.0,0.0,0.0
9000008552,2025-07-08 06:00,0.676667,18,8,26,9,8,17,43,30,73,15,19,34,28.5,8.0,40.0,42.0,6.0,6.0,0.0,0.0,2.0
9000008552,2025-07-08 07:00,0.773611,19,6,26,34,19,53,128,46,175,47,19,66,25.0,5.93,47.41,39.26,5.19,0.74,0.0,0.74,0.74
9000008552,2025-07-08 08:00,0.763611,21,13,34,66,24,89,211,60,271,55,25,80,23.0,22.71,49.76,25.12,1.45,0.97,0.0,0.0,0.0
9000008552,2025-07-08 09:00,0.711111,15,5,21,85,45,130,76,61,137,37,35,72,24.5,34.02,38.14,22.68,1.03,1.03,0.0,0.0,3.09
9000008552,2025-07-08 10:00,0.671667,6,10,17,64,48,112,105,105,210,19,12,31,25.5,15.6,50.35,26.95,4.96,2.13,0.0,0.0,0.0
9000008552,2025-07-08 11:00,0.719167,8,10,18,53,20,73,111,108,219,10,25,35,25.5,14.56,48.73,29.75,5.06,0.63,0.63,0.0,0.63
9000008552,2025-07-08 12:00,0.735278,13,16,29,60,34,94,117,114,231,20,19,39,25.0,17.65,45.88,28.24,7.06,0.0,0.0,0.0,0.59
9000008552,2025-07-08 13:00,0.760833,18,17,35,35,35,71,106,92,198,33,36,68,24.5,12.58,50.33,31.79,3.31,0.66,0.0,0.66,0.66
9000008552,2025-07-08 14:00,0.745,8,8,16,42,27,68,83,94,177,40,19,59,25.0,17.42,47.73,27.27,3.03,1.52,1.52,0.0,1.52
9000008552,2025-07-08 15:00,0.738333,23,23,46,51,34,86,126,99,225,32,17,49,24.5,13.86,51.81,25.3,6.63,1.81,0.6,0.0,0.0
9000008552,2025-07-08 16:00,0.737222,15,38,53,26,42,68,153,106,259,43,30,73,23.5,16.75,57.59,22.51,2.09,0.52,0.0,0.52,0.52
9000008552,2025-07-08 17:00,0.636944,21,37,57,33,41,74,160,103,263,20,35,55,18.5,36.31,53.57,10.12,0.0,0.6,0.0,0.0,0.0
9000008552,2025-07-08 18:00,0.688333,13,10,23,40,31,71,101,100,201,16,25,41,21.0,41.3,41.3,14.49,2.17,0.0,0.0,0.0,0.0
9000008552,2025-07-08 19:00,0.761389,22,38,60,51,58,109,85,109,194,18,24,42,24.0,3.38,64.86,28.38,2.7,0.68,0.0,0.0,0.0
9000008552,2025-07-08 20:00,0.783889,24,34,58,49,61,111,98,87,185,14,9,23,25.0,6.21,58.62,31.72,3.45,0.69,0.0,0.0,0.0
9000008552,2025-07-08 21:00,0.236111,20,25,46,8,18,25,56,106,162,10,5,15,25.0,10.53,47.37,42.11,0.0,0.0,0.0,0.0,2.63
9000008552,2025-07-09 05:00,0.448611,6,4,10,7,2,9,14,13,26,4,2,6,24.5,0.0,33.33,66.67,0.0,0.0,0.0,0.0,0.0
9000008552,2025-07-09 06:00,0.755833,9,4,13,15,5,20,57,34,92,17,24,41,25.5,7.25,49.28,37.68,4.35,0.0,0.0,1.45,0.0
9000008552,2025-07-09 07:00,0.768889,8,1,9,32,14,46,99,40,139,20,17,37,24.0,5.61,60.75,29.91,1.87,0.0,0.93,0.0,0.93
9000008552,2025-07-09 08:00,0.763333,12,17,29,54,30,84,145,80,226,25,16,41,25.5,6.98,58.72,27.33,5.81,0.58,0.58,0.0,0.0
9000008552,2025-07-09 09:00,0.773889,16,10,26,38,31,69,127,66,192,39,28,67,24.5,8.05,58.39,30.2,2.01,0.0,0.67,0.0,0.67
9000008552,2025-07-09 10:00,0.762778,19,18,38,29,31,59,132,93,225,19,33,52,24.5,13.95,44.19,37.79,2.91,0.0,0.58,0.0,0.0
9000008552,2025-07-09 11:00,0.75,20,25,45,42,18,60,104,112,216,26,30,56,26.0,12.96,48.77,34.57,3.09,0.62,0.0,0.0,0.0
9000008552,2025-07-09 12:00,0.765556,23,22,46,64,30,94,92,95,187,27,26,54,26.5,8.39,51.75,33.57,4.9,0.0,0.0,0.0,1.4
9000008552,2025-07-09 13:00,0.7575,23,26,49,32,24,56,117,100,217,25,10,36,27.0,12.8,37.8,40.85,6.71,0.61,0.0,0.0,1.22
9000008552,2025-07-09 14:00,0.751389,18,8,26,52,30,81,113,102,215,41,46,87,24.0,26.54,39.51,30.86,1.23,0.62,0.0,0.0,1.23
9000008552,2025-07-09 15:00,0.747222,17,33,50,54,28,82,115,96,210,32,34,66,23.5,21.66,49.68,24.2,2.55,0.64,0.64,0.0,0.64
9000008552,2025-07-09 16:00,0.749444,15,40,55,77,63,140,163,108,271,19,32,51,23.0,21.67,51.23,26.6,0.0,0.0,0.0,0.0,0.49
9000008552,2025-07-09 17:00,0.727222,21,25,45,85,48,133,160,124,284,13,14,27,24.0,10.68,53.88,33.98,0.49,0.0,0.0,0.49,0.49
9000008552,2025-07-09 18:00,0.656389,16,20,35,59,26,85,133,116,249,15,12,27,23.0,11.04,60.12,26.99,0.61,0.61,0.0,0.0,0.61
9000008552,2025-07-09 19:00,0.758056,32,26,59,78,58,136,113,92,205,11,11,22,23.5,15.48,58.06,23.87,1.29,0.0,0.65,0.0,0.65
9000008552,2025-07-09 20:00,0.771111,31,36,67,54,41,95,76,94,171,9,9,18,24.5,8.4,53.44,32.82,3.82,0.76,0.76,0.0,0.0
9000008552,2025-07-09 21:00,0.1875,7,32,39,53,39,92,92,124,215,11,4,14,24.5,10.0,42.5,50.0,0.0,0.0,0.0,0.0,2.5
9000008552,2025-07-10 05:00,0.531111,5,2,7,12,6,18,15,16,31,5,10,15,26.5,0.0,43.75,56.25,6.25,0.0,0.0,0.0,6.25
9000008552,2025-07-10 06:00,0.602222,8,3,10,7,7,14,26,28,55,10,21,31,24.5,18.18,36.36,42.42,3.03,0.0,0.0,0.0,0.0
9000008552,2025-07-10 07:00,0.771389,18,12,30,23,21,44,83,58,142,25,19,44,24.0,10.09,55.05,30.28,4.59,0.0,0.0,0.0,0.0
9000008552,2025-07-10 08:00,0.779444,24,23,47,45,42,87,140,60,200,44,31,74,22.5,20.51,55.77,21.79,1.28,0.0,0.64,0.0,0.0
9000008552,2025-07-10 09:00,0.716667,13,14,27,56,39,96,76,60,135,25,34,59,24.5,27.84,44.33,21.65,3.09,0.0,0.0,1.03,1.03
9000008552,2025-07-10 10:00,0.648611,17,17,34,116,22,138,90,91,181,9,31,41,26.5,25.64,35.04,33.33,5.13,0.85,0.0,0.0,0.0
9000008552,2025-07-10 11:00,0.516111,4,14,18,34,21,54,62,80,142,27,35,62,25.5,20.55,34.25,35.62,6.85,0.0,0.0,2.74,0.0
9000008552,2025-07-10 12:00,0.713333,22,17,39,59,17,76,139,94,233,29,28,57,25.5,23.49,41.57,27.71,3.01,2.41,0.6,0.6,0.6
9000008552,2025-07-10 13:00,0.734444,13,27,40,43,26,69,146,112,257,34,34,68,26.5,18.52,42.33,31.22,6.35,1.59,0.0,0.0,0.0
9000008552,2025-07-10 14:00,0.767222,17,21,38,34,17,51,179,127,306,42,26,68,25.5,16.6,37.45,41.28,4.26,0.0,0.43,0.0,0.0
9000008552,2025-07-10 15:00,0.76,24,47,70,48,40,88,174,117,291,32,29,60,26.0,15.84,43.44,35.75,4.07,0.9,0.0,0.0,0.0
9000008552,2025-07-10 16:00,0.775556,22,50,72,46,36,83,182,107,289,35,31,66,23.5,12.95,58.93,24.55,3.12,0.0,0.45,0.0,0.0
9000008552,2025-07-10 17:00,0.780278,32,51,83,46,40,86,181,113,294,34,28,63,23.0,14.41,58.95,22.71,3.06,0.44,0.44,0.0,0.0
9000008552,2025-07-10 18:00,0.766667,25,51,76,44,69,113,141,122,263,29,16,44,25.0,7.92,49.01,37.62,5.45,0.0,0.0,0.0,0.0
9000008552,2025-07-10 19:00,0.766944,30,29,59,59,60,118,103,89,191,18,12,30,24.5,4.76,59.18,33.33,2.04,0.68,0.0,0.0,0.0
9000008552,2025-07-10 20:00,0.776944,24,23,48,42,56,98,84,65,149,10,10,21,23.0,10.34,63.79,21.55,1.72,0.0,0.86,0.0,0.86
9000008552,2025-07-10 21:00,0.131667,23,8,30,30,91,122,91,106,197,23,23,46,25.0,0.0,46.15,46.15,7.69,0.0,0.0,0.0,0.0
9000008552,2025-07-11 05:00,0.281111,13,3,16,0,3,3,3,33,37,6,6,13,32.0,0.0,30.0,50.0,30.0,0.0,0.0,0.0,0.0
9000008552,2025-07-11 06:00,0.799167,8,9,16,4,13,16,37,22,60,11,20,31,25.5,14.58,35.42,45.83,4.17,0.0,0.0,0.0,0.0
9000008552,2025-07-11 07:00,0.738056,19,3,22,36,16,52,76,33,109,22,19,41,23.5,31.25,43.75,20.0,2.5,0.0,1.25,1.25,1.25
9000008552,2025-07-11 08:00,0.673056,12,9,20,43,22,64,122,51,173,31,16,47,19.0,45.3,46.15,7.69,0.85,0.0,0.0,0.0,0.0
9000008552,2025-07-11 09:00,0.773889,12,21,32,55,42,98,122,62,184,18,30,48,23.0,30.99,42.96,24.65,0.7,0.7,0.0,0.0,0.0
9000008552,2025-07-11 10:00,0.78,22,19,41,62,33,95,119,98,217,15,29,45,24.5,14.2,46.75,35.5,2.37,0.59,0.59,0.0,0.0
9000008552,2025-07-11 11:00,0.741944,13,13,26,71,23,94,129,98,227,18,20,38,29.5,11.31,41.07,33.93,9.52,1.79,0.0,0.0,2.98
9000008552,2025-07-11 12:00,0.741389,7,11,17,72,31,103,147,106,253,15,18,33,24.5,26.06,42.02,26.6,5.32,0.0,0.0,0.53,0.0
9000008552,2025-07-11 13:00,0.739722,11,18,28,59,32,91,125,99,224,46,32,78,24.5,24.1,38.55,33.13,1.81,1.81,0.6,0.0,0.0
9000008552,2025-07-11 14:00,0.732222,15,32,47,48,31,79,203,146,349,58,11,69,26.0,22.75,37.65,33.73,3.92,1.57,0.0,0.0,0.39
9000008552,2025-07-11 15:00,0.759722,35,18,53,37,48,85,200,117,317,51,30,81,22.5,24.07,51.45,21.99,2.07,0.0,0.0,0.0,0.41
9000008552,2025-07-11 16:00,0.720556,17,25,42,47,35,82,142,114,256,42,19,61,24.0,17.3,47.03,29.73,3.78,0.54,0.54,0.0,0.54
9000008552,2025-07-11 17:00,0.7175,18,25,43,57,53,110,129,99,228,43,24,67,25.5,12.8,46.95,34.76,3.05,1.83,0.61,0.0,0.0
9000008552,2025-07-11 18:00,0.739444,31,27,58,64,43,107,169,104,273,25,23,48,24.5,10.89,49.01,35.15,3.96,0.5,0.0,0.0,0.5
9000008552,2025-07-11 19:00,0.768611,33,31,64,30,47,77,131,98,228,16,25,40,24.5,7.39,53.41,35.8,3.41,0.0,0.0,0.0,0.0
9000008552,2025-07-11 20:00,0.519167,11,33,45,26,28,54,110,105,216,22,24,45,27.0,16.07,41.96,32.14,8.93,0.89,0.0,0.0,0.0
9000008552,2025-07-12 06:00,0.261389,0,3,3,6,3,9,17,11,29,9,11,20,26.0,14.29,28.57,28.57,0.0,0.0,0.0,0.0,0.0
9000008552,2025-07-12 07:00,0.3575,2,0,2,2,3,5,30,46,76,15,6,21,28.0,0.0,25.93,66.67,7.41,7.41,0.0,0.0,0.0
9000008552,2025-07-12 08:00,0.392222,4,4,7,6,4,10,27,23,50,20,4,23,27.5,10.53,21.05,57.89,5.26,0.0,0.0,0.0,0.0
9000008552,2025-07-12 09:00,0.681389,13,11,24,6,1,8,72,52,124,15,14,29,25.5,4.71,34.12,60.0,1.18,1.18,0.0,0.0,0.0
9000008552,2025-07-12 10:00,0.771944,10,5,15,12,16,27,75,60,135,21,6,27,29.0,0.96,41.35,45.19,11.54,0.96,0.0,0.0,0.0
9000008552,2025-07-12 11:00,0.774722,12,14,26,28,15,44,108,88,196,30,22,52,29.5,7.89,34.21,45.39,9.87,1.32,1.32,0.0,0.0
9000008552,2025-07-12 12:00,0.762778,13,18,31,16,20,35,121,98,220,25,18,43,27.5,5.99,35.33,50.9,7.19,0.6,0.0,0.0,0.6
9000008552,2025-07-12 13:00,0.7475,11,21,32,43,27,70,141,83,224,25,8,33,27.0,7.19,38.92,48.5,2.99,1.2,0.6,0.0,0.6
9000008552,2025-07-12 14:00,0.761389,34,32,66,29,25,54,201,103,304,18,22,41,25.5,10.34,45.26,41.38,1.72,1.29,0.0,0.0,0.0
9000008552,2025-07-12 15:00,0.759444,20,34,54,27,24,51,191,121,312,15,12,26,26.5,8.86,42.62,43.04,4.22,0.0,0.0,0.0,1.27
9000008552,2025-07-12 16:00,0.768611,21,10,31,33,26,59,169,125,294,10,14,25,28.5,7.96,40.71,39.38,8.41,2.65,0.0,0.0,0.88
9000008552,2025-07-12 17:00,0.755,17,28,45,40,31,71,167,120,287,13,15,28,25.5,12.96,41.67,40.28,4.17,0.0,0.46,0.0,0.46
9000008552,2025-07-12 18:00,0.765278,18,46,64,54,17,71,136,141,277,13,22,35,25.5,12.26,41.51,41.98,2.83,0.94,0.47,0.0,0.0
9000008552,2025-07-12 19:00,0.770556,19,37,56,48,18,66,146,105,252,18,23,41,26.0,6.19,45.36,43.3,4.64,0.0,0.0,0.0,0.52
9000008552,2025-07-12 20:00,0.267778,20,22,42,20,7,27,160,62,222,7,10,17,28.5,5.0,43.33,36.67,5.0,1.67,0.0,0.0,6.67
9000008552,2025-07-13 05:00,0.2825,7,0,7,0,0,0,7,0,7,7,3,11,28.5,0.0,0.0,100.0,0.0,0.0,0.0,0.0,0.0
9000008552,2025-07-13 06:00,0.396389,5,0,5,15,7,22,26,16,42,2,16,18,34.0,0.0,17.65,64.71,5.88,11.76,0.0,0.0,0.0
9000008552,2025-07-13 07:00,0.519444,4,3,7,9,5,14,17,25,42,4,13,17,29.0,9.09,27.27,54.55,9.09,0.0,0.0,0.0,0.0
9000008552,2025-07-13 08:00,0.786944,3,9,11,5,4,9,19,22,41,9,10,19,28.5,3.12,21.88,68.75,6.25,0.0,0.0,0.0,0.0
9000008552,2025-07-13 09:00,0.786111,8,7,15,6,0,6,38,36,74,3,4,7,30.0,0.0,37.93,46.55,13.79,0.0,0.0,0.0,1.72
9000008552,2025-07-13 10:00,0.767222,9,10,20,21,12,33,48,34,82,6,9,16,28.5,6.35,31.75,53.97,4.76,1.59,0.0,0.0,1.59
9000008552,2025-07-13 11:00,0.748056,9,20,30,20,9,29,65,67,132,7,12,19,30.0,10.2,25.51,50.0,14.29,1.02,0.0,0.0,0.0
9000008552,2025-07-13 12:00,0.722778,7,15,22,20,15,36,62,68,130,10,11,21,27.0,6.38,39.36,47.87,6.38,0.0,0.0,0.0,0.0
9000008552,2025-07-13 13:00,0.755,6,9,16,35,22,57,62,70,133,12,15,26,31.5,5.0,34.0,43.0,13.0,2.0,1.0,0.0,2.0
9000008552,2025-07-13 14:00,0.716389,15,11,26,20,31,50,87,75,162,17,25,42,26.5,11.21,42.24,40.52,5.17,0.86,0.0,0.0,0.0
9000008552,2025-07-13 15:00,0.729722,7,7,14,33,19,51,61,78,140,32,34,66,24.5,12.75,45.1,37.25,4.9,0.0,0.0,0.98,0.0
9000008552,2025-07-13 16:00,0.724444,8,21,29,38,25,63,86,70,157,18,25,43,24.0,17.7,50.44,27.43,2.65,0.88,0.0,0.0,1.77
9000008552,2025-07-13 17:00,0.723056,10,22,32,26,38,64,71,91,162,8,25,33,23.5,8.55,63.25,27.35,0.85,0.0,0.0,0.0,0.0
9000008552,2025-07-13 18:00,0.761111,20,25,45,35,43,78,81,79,161,32,15,47,24.5,16.39,54.1,27.87,0.82,0.0,0.0,0.82,0.82
9000008552,2025-07-13 19:00,0.776667,12,21,32,27,31,58,93,89,182,15,10,26,26.0,4.26,52.48,36.88,4.96,0.0,1.42,0.0,0.0
9000008552,2025-07-13 20:00,0.785833,17,31,47,36,34,70,79,112,191,6,10,17,25.0,5.33,48.67,40.67,4.0,0.67,0.0,0.0,0.67
9000008552,2025-07-13 21:00,0.085833,12,47,58,12,23,35,58,105,163,0,0,0,29.5,0.0,57.14,28.57,14.29,0.0,0.0,0.0,0.0
9000008552,2025-07-14 05:00,0.4725,8,0,8,2,9,11,23,14,38,11,12,23,24.0,0.0,61.11,44.44,0.0,0.0,0.0,0.0,0.0
9000008552,2025-07-14 06:00,0.788611,19,8,27,4,8,11,32,33,64,18,34,52,26.5,11.76,56.86,21.57,7.84,1.96,0.0,0.0,0.0
9000008552,2025-07-14 07:00,0.765,13,9,22,30,13,43,90,42,132,13,16,29,24.0,7.92,53.47,37.62,0.0,0.0,0.0,0.99,0.0
9000008552,2025-07-14 08:00,0.732778,23,18,41,38,40,78,151,81,233,22,24,45,23.0,13.53,58.24,26.47,1.18,0.0,0.59,0.0,0.0
9000008552,2025-07-14 09:00,0.744444,17,16,34,74,51,125,103,81,183,12,27,39,19.5,30.88,56.62,11.76,0.0,0.74,0.0,0.0,0.0
9000008552,2025-07-14 10:00,0.727778,19,18,37,67,28,94,94,68,162,27,22,49,27.0,7.63,47.46,37.29,5.93,0.85,0.0,0.0,0.85
9000008552,2025-07-14 11:00,0.7375,11,12,23,46,29,75,107,69,177,25,28,53,26.0,9.23,43.85,40.77,3.08,0.77,0.77,0.77,0.77
9000008552,2025-07-14 12:00,0.721667,18,23,42,53,22,75,100,122,222,35,21,55,27.5,17.5,45.0,30.0,3.75,0.62,1.25,0.62,1.25
9000008552,2025-07-14 13:00,0.707778,4,11,15,58,44,102,94,113,207,22,28,50,27.5,20.55,36.99,34.25,5.48,0.68,0.0,1.37,1.37
9000008552,2025-07-14 14:00,0.702778,6,6,11,53,57,110,94,88,182,17,44,61,24.5,34.38,39.06,17.19,3.91,2.34,2.34,0.0,0.78
9000008552,2025-07-14 15:00,0.686944,19,6,25,32,25,57,50,59,109,20,41,61,26.0,20.0,48.0,22.67,4.0,1.33,1.33,0.0,1.33
9000008552,2025-07-14 16:00,0.735,19,28,47,46,41,87,140,107,247,18,24,42,23.5,12.09,59.34,21.98,4.4,0.55,0.0,1.1,0.55
9000008552,2025-07-14 17:00,0.737222,17,41,58,62,31,93,92,90,181,20,38,58,22.0,23.13,55.97,17.91,2.99,0.0,0.0,0.0,0.0
9000008552,2025-07-14 18:00,0.728056,20,39,59,42,44,86,140,106,246,9,15,25,22.5,29.61,48.04,21.79,0.56,0.0,0.0,0.0,0.56
9000008552,2025-07-14 19:00,0.775556,31,51,82,48,34,82,129,86,215,14,18,32,24.0,12.57,53.29,31.14,2.4,0.0,0.0,0.0,0.6
9000008552,2025-07-14 20:00,0.768056,24,44,68,46,31,77,101,80,182,12,8,20,24.5,6.43,50.71,38.57,2.14,0.71,0.0,0.71,0.71
9000008552,2025-07-14 21:00,0.176389,17,17,34,28,45,74,91,85,176,6,11,17,24.0,6.45,51.61,38.71,0.0,0.0,0.0,0.0,3.23
9000008552,2025-07-15 05:00,0.498333,8,0,8,4,12,15,18,9,27,7,10,17,39.0,0.0,23.08,61.54,7.69,0.0,7.69,7.69,0.0
9000008552,2025-07-15 06:00,0.786944,13,6,19,13,6,19,42,27,69,22,22,44,29.0,0.0,46.3,42.59,11.11,0.0,0.0,0.0,0.0
9000008552,2025-07-15 07:00,0.786111,18,10,28,13,15,28,118,56,174,21,18,38,23.5,10.95,54.74,31.39,1.46,0.0,0.0,0.0,0.73
9000008552,2025-07-15 08:00,0.773056,22,19,41,48,32,80,163,72,235,19,25,44,25.0,7.14,56.59,31.87,3.3,1.1,0.0,0.0,0.0
9000008552,2025-07-15 09:00,0.781389,22,14,36,31,23,54,185,98,284,45,28,73,25.0,14.41,48.2,32.43,3.6,1.35,0.0,0.0,0.0
9000008552,2025-07-15 10:00,0.767222,25,15,39,39,14,54,125,82,207,42,33,75,24.5,15.09,54.09,28.3,1.89,0.0,0.0,0.0,0.63
9000008552,2025-07-15 11:00,0.785833,13,23,36,39,17,56,109,104,214,26,34,60,24.0,12.5,50.0,35.71,1.79,0.0,0.0,0.0,0.0
9000008552,2025-07-15 12:00,0.785556,37,37,74,33,27,60,124,131,255,44,29,74,23.0,14.0,57.0,27.5,1.5,0.0,0.0,0.0,0.0
9000008552,2025-07-15 13:00,0.753889,7,12,18,26,37,63,132,100,232,29,24,53,26.0,16.57,38.86,38.29,2.86,1.71,0.57,0.0,0.57
9000008552,2025-07-15 14:00,0.77,18,33,51,25,34,59,163,134,297,32,42,74,25.5,12.66,46.72,38.86,1.75,0.0,0.0,0.0,0.0
9000008552,2025-07-15 15:00,0.739167,24,24,49,57,34,91,121,111,232,39,32,72,22.5,16.86,58.14,23.26,1.74,0.0,0.0,0.0,0.0
9000008552,2025-07-15 16:00,0.746667,7,12,19,43,44,87,122,79,201,40,25,65,24.0,19.33,52.67,23.33,2.67,0.0,0.0,0.67,2.0
9000008552,2025-07-15 17:00,0.744722,17,17,34,64,51,115,109,101,211,27,23,50,23.5,15.29,57.32,24.84,2.55,0.0,0.0,0.0,0.0
9000008552,2025-07-15 18:00,0.734444,16,37,53,48,78,125,138,94,232,19,15,34,24.5,8.82,57.06,29.41,4.12,0.59,0.0,0.0,0.0
9000008552,2025-07-15 19:00,0.765833,24,50,73,52,59,111,99,95,195,16,13,29,24.0,14.77,50.34,31.54,3.36,0.0,0.0,0.0,0.0
9000008552,2025-07-15 20:00,0.654722,22,34,56,36,41,78,100,110,209,8,7,15,24.0,3.65,50.36,44.53,0.73,0.73,0.0,0.0,0.73
9000008552,2025-07-16 05:00,0.594722,3,3,5,1,8,9,15,13,28,8,13,21,24.5,5.88,52.94,35.29,5.88,0.0,0.0,0.0,0.0
9000008552,2025-07-16 06:00,0.774444,12,5,17,14,5,19,34,33,68,8,23,31,23.0,17.31,53.85,23.08,3.85,0.0,0.0,0.0,1.92
9000008552,2025-07-16 07:00,0.663889,10,9,19,14,10,24,80,45,125,36,28,65,17.5,38.55,54.22,8.43,0.0,0.0,0.0,0.0,0.0
9000008552,2025-07-16 08:00,0.696667,11,17,28,58,53,112,121,48,169,21,17,38,18.5,35.59,55.93,9.32,0.0,0.0,0.0,0.0,0.0
9000008552,2025-07-16 09:00,0.736111,15,15,30,68,37,105,118,98,216,24,23,48,25.0,31.45,39.62,25.16,3.77,0.0,0.0,0.0,0.0
9000008552,2025-07-16 10:00,0.764167,25,33,57,37,31,68,112,76,188,31,22,53,25.0,11.11,52.08,31.94,2.78,1.39,0.0,0.0,0.69
9000008552,2025-07-16 11:00,0.778611,23,15,39,23,26,49,108,103,211,31,31,62,24.0,6.71,57.32,34.15,1.83,0.0,0.0,0.0,0.0
9000008552,2025-07-16 12:00,0.772778,24,28,53,46,30,75,100,110,210,25,23,48,26.5,6.79,45.06,40.74,6.17,0.62,0.0,0.0,0.62
9000008552,2025-07-16 13:00,0.731389,8,5,14,71,44,115,107,141,247,16,16,33,27.5,12.15,42.54,36.46,3.87,1.1,1.66,0.0,2.21
9000008552,2025-07-16 14:00,0.753611,5,24,29,40,29,69,148,114,262,33,15,48,24.0,18.18,52.02,26.26,2.02,0.51,0.51,0.0,0.51
9000008552,2025-07-16 15:00,0.774722,33,39,72,40,34,73,182,120,302,40,26,66,26.0,15.38,47.44,31.62,5.56,0.0,0.0,0.0,0.0
9000008552,2025-07-16 16:00,0.776389,18,24,42,53,42,95,134,126,260,39,25,63,25.0,13.86,46.04,35.64,4.46,0.0,0.0,0.0,0.0
9000008552,2025-07-16 17:00,0.758611,21,42,63,49,34,83,147,123,269,30,31,61,22.5,17.65,61.27,19.12,0.98,0.0,0.0,0.0,0.98
9000008552,2025-07-16 18:00,0.703889,14,34,48,87,37,124,81,129,210,14,17,31,21.5,45.27,35.14,16.89,1.35,0.0,0.0,0.0,1.35
9000008552,2025-07-16 19:00,0.762222,33,42,75,60,69,130,101,100,201,18,14,33,24.0,20.92,42.48,33.33,1.96,0.65,0.0,0.65,0.0
9000008552,2025-07-16 20:00,0.774722,30,44,74,55,47,101,74,76,150,8,18,26,27.0,3.42,48.72,41.03,6.84,0.0,0.0,0.0,0.0
9000008552,2025-07-16 21:00,0.249722,27,32,59,43,21,64,86,86,171,3,3,5,29.5,11.63,34.88,39.53,13.95,0.0,0.0,0.0,0.0
9000008552,2025-07-17 05:00,0.494444,8,0,8,2,0,2,15,19,34,17,11,27,33.5,0.0,29.41,41.18,17.65,0.0,0.0,0.0,5.88
9000008552,2025-07-17 06:00,0.726389,17,4,21,11,6,17,44,22,66,23,22,45,24.0,14.58,62.5,20.83,2.08,0.0,0.0,0.0,2.08
9000008552,2025-07-17 07:00,0.691389,14,4,19,22,14,36,74,67,140,32,25,56,21.5,28.87,52.58,15.46,2.06,1.03,0.0,0.0,0.0
9000008552,2025-07-17 08:00,0.737778,19,24,42,69,49,118,113,59,171,49,15,64,23.5,19.84,54.76,21.43,4.76,0.0,0.0,0.0,0.0
9000008552,2025-07-17 09:00,0.780556,27,24,51,33,35,68,136,82,218,60,28,88,23.0,14.71,58.24,24.12,1.76,1.18,0.0,0.0,0.0
9000008552,2025-07-17 10:00,0.755556,24,26,50,20,25,45,123,73,196,33,33,66,25.0,10.14,55.41,27.7,6.08,0.0,0.0,0.68,0.0
9000008552,2025-07-17 11:00,0.7725,6,14,21,19,13,32,105,97,202,28,27,55,24.0,10.26,53.85,34.62,1.28,0.0,0.0,0.0,0.0
9000008552,2025-07-17 12:00,0.776111,20,37,57,49,31,80,127,103,230,32,33,66,26.0,13.41,44.13,38.55,2.23,0.56,0.0,0.0,1.12
9000008552,2025-07-17 13:00,0.763611,14,33,47,26,25,51,128,105,233,38,26,64,27.0,16.85,39.33,36.52,5.06,2.25,0.0,0.0,0.0
9000008552,2025-07-17 14:00,0.768611,19,27,47,35,32,67,200,128,327,47,22,69,25.0,11.9,49.6,34.52,2.78,0.4,0.0,0.0,0.4
9000008552,2025-07-17 15:00,0.755556,20,29,49,50,33,83,173,150,323,51,30,82,27.0,18.85,45.08,28.28,6.15,1.23,0.0,0.41,0.0
9000008552,2025-07-17 16:00,0.774444,20,36,56,32,41,73,147,142,289,31,18,50,27.0,10.71,43.75,38.84,5.8,0.45,0.0,0.45,0.0
9000008552,2025-07-17 17:00,0.7625,19,31,50,37,46,83,186,130,316,29,24,52,26.5,14.11,41.91,39.42,2.9,0.83,0.41,0.41,0.0
9000008552,2025-07-17 18:00,0.766389,18,38,56,35,55,90,165,156,320,28,20,47,28.0,8.54,38.21,45.12,6.5,0.81,0.0,0.0,0.81
9000008552,2025-07-17 19:00,0.763056,34,38,72,22,48,70,146,107,253,18,7,25,27.0,6.22,42.49,44.56,4.15,1.55,0.52,0.0,0.52
9000008552,2025-07-17 20:00,0.548056,27,28,55,31,29,60,66,77,143,17,7,24,29.0,7.69,37.18,43.59,10.26,1.28,0.0,0.0,0.0
9000008552,2025-07-18 05:00,0.249167,16,2,18,0,0,0,6,16,23,4,10,15,29.0,0.0,50.0,33.33,0.0,0.0,0.0,0.0,16.67
9000008552,2025-07-18 06:00,0.774444,16,4,19,19,10,30,26,33,59,21,18,39,24.0,2.17,56.52,39.13,0.0,2.17,0.0,0.0,0.0
9000008552,2025-07-18 07:00,0.758333,14,4,18,32,30,62,76,41,117,43,16,59,24.0,11.24,52.81,31.46,3.37,0.0,0.0,1.12,0.0
9000008552,2025-07-18 08:00,0.76,14,7,21,42,40,82,106,70,176,43,24,67,25.5,9.7,52.24,30.6,5.97,0.0,0.0,0.75,0.75
9000008552,2025-07-18 09:00,0.769444,27,20,47,29,29,57,130,90,219,36,10,47,25.5,10.06,51.48,32.54,5.92,0.0,0.0,0.0,0.0
9000008552,2025-07-18 10:00,0.669444,17,11,28,69,26,95,82,121,203,28,28,57,26.5,8.09,43.38,41.18,3.68,1.47,0.74,0.74,0.0
9000008552,2025-07-18 11:00,0.594167,2,19,21,44,26,70,126,101,227,42,27,69,24.5,11.85,42.96,39.26,3.7,1.48,0.0,0.0,0.74
9000008552,2025-07-18 12:00,0.735833,22,27,49,57,30,87,134,124,258,40,24,65,23.5,26.32,44.21,25.26,3.68,0.53,0.0,0.0,0.0
9000008552,2025-07-18 13:00,0.765,30,36,66,47,48,96,161,112,273,40,18,59,24.5,15.79,48.8,31.58,3.83,0.0,0.0,0.0,0.0
9000008552,2025-07-18 14:00,0.774722,22,32,54,31,25,56,206,124,330,49,10,60,24.5,8.59,55.08,30.86,4.69,0.0,0.0,0.0,0.78
9000008552,2025-07-18 15:00,0.774444,27,22,49,34,49,83,155,107,262,61,26,87,23.0,17.24,55.67,23.65,2.46,0.49,0.0,0.0,0.49
9000008552,2025-07-18 16:00,0.758056,9,17,26,45,38,83,87,68,155,59,33,92,23.0,16.95,57.63,22.03,1.69,0.85,0.0,0.0,0.85
9000008552,2025-07-18 17:00,0.734722,24,26,50,49,35,84,152,129,282,49,15,64,20.0,28.5,57.49,14.01,0.0,0.0,0.0,0.0,0.0
9000008552,2025-07-18 18:00,0.729167,10,23,33,32,49,81,146,95,241,18,18,35,22.5,17.61,57.39,22.73,1.7,0.57,0.0,0.0,0.0
9000008552,2025-07-18 19:00,0.775278,35,32,67,48,24,73,109,117,226,27,14,41,24.5,8.0,55.43,33.71,2.29,0.0,0.57,0.0,0.0
9000008552,2025-07-18 20:00,0.789167,32,37,69,44,44,89,96,104,200,19,22,41,25.0,3.8,53.16,36.08,3.8,1.27,1.27,0.0,0.63
9000008552,2025-07-18 21:00,0.134722,0,20,20,12,4,16,119,95,214,12,4,16,28.5,6.9,13.79,72.41,6.9,3.45,0.0,0.0,0.0
9000008552,2025-07-19 05:00,0.479722,0,3,3,4,0,4,32,11,42,12,6,17,29.0,0.0,25.0,70.0,5.0,0.0,0.0,0.0,0.0
9000008552,2025-07-19 06:00,0.777778,1,5,6,5,9,14,17,24,41,9,17,25,27.0,18.75,31.25,40.62,3.12,3.12,0.0,3.12,0.0
9000008552,2025-07-19 07:00,0.653611,3,3,6,8,9,17,20,43,63,7,18,25,17.5,58.54,36.59,2.44,2.44,0.0,0.0,0.0,0.0
9000008552,2025-07-19 08:00,0.689444,6,3,9,12,13,25,42,30,72,15,12,27,18.5,66.0,24.0,8.0,0.0,0.0,0.0,0.0,2.0
9000008552,2025-07-19 09:00,0.74,10,12,22,42,25,67,50,57,107,9,16,26,26.0,29.11,34.18,31.65,5.06,0.0,0.0,0.0,0.0
9000008552,2025-07-19 10:00,0.718333,17,13,29,47,26,74,86,71,157,22,7,29,24.5,10.62,48.67,38.94,1.77,0.0,0.0,0.0,0.0
9000008552,2025-07-19 11:00,0.712778,5,12,18,28,27,55,109,96,205,17,9,25,25.0,9.59,39.04,45.89,4.11,0.68,0.0,0.68,0.0
9000008552,2025-07-19 12:00,0.698611,4,12,16,57,30,87,90,109,199,13,7,20,28.5,7.91,38.85,42.45,7.19,1.44,0.72,0.72,0.72
9000008552,2025-07-19 13:00,0.729722,5,10,15,99,29,128,89,107,196,22,10,32,28.0,9.79,39.86,40.56,8.39,1.4,0.0,0.0,0.0
9000008552,2025-07-19 14:00,0.726111,1,11,12,73,34,107,97,96,192,25,15,40,20.5,48.57,35.71,10.0,0.71,2.14,0.0,0.71,2.14
9000008552,2025-07-19 15:00,0.736111,12,11,23,38,20,58,107,96,204,73,19,92,22.0,24.0,54.67,18.67,2.0,0.0,0.0,0.67,0.0
9000008552,2025-07-19 16:00,0.74,5,12,18,34,18,51,77,58,135,74,14,88,22.5,15.0,61.0,23.0,1.0,0.0,0.0,0.0,0.0
9000008552,2025-07-19 17:00,0.711944,10,10,19,32,60,92,88,110,199,49,19,68,22.0,21.28,57.45,19.15,1.42,0.0,0.0,0.0,0.71
9000008552,2025-07-19 18:00,0.742222,15,20,35,31,31,62,59,84,144,37,16,53,22.5,34.58,44.86,20.56,0.0,0.0,0.0,0.0,0.0
9000008552,2025-07-19 19:00,0.791667,33,21,54,50,39,89,86,99,184,61,11,72,24.0,3.42,62.33,28.77,4.11,0.68,0.0,0.0,0.68
9000008552,2025-07-19 20:00,0.781111,31,33,64,33,42,76,96,100,196,58,9,67,24.5,4.58,56.21,35.95,2.61,0.65,0.0,0.0,0.0
9000008552,2025-07-19 21:00,0.099722,20,0,20,40,30,70,100,40,140,30,20,50,29.5,0.0,71.43,14.29,7.14,0.0,0.0,7.14,0.0
9000008552,2025-07-20 05:00,0.448611,0,0,0,3,7,10,13,8,22,8,3,12,32.5,0.0,40.0,40.0,30.0,0.0,0.0,0.0,0.0
9000008552,2025-07-20 06:00,0.776944,4,4,8,4,1,5,17,19,36,6,6,13,26.0,25.0,39.29,32.14,3.57,0.0,0.0,3.57,0.0
9000008552,2025-07-20 07:00,0.674722,0,0,0,1,1,3,29,15,44,7,4,12,17.5,66.67,20.0,6.67,3.33,0.0,3.33,0.0,0.0
9000008552,2025-07-20 08:00,0.663333,3,2,5,4,6,10,15,19,34,9,15,25,17.5,52.17,39.13,8.7,0.0,0.0,0.0,0.0,0.0
9000008552,2025-07-20 09:00,0.779444,9,7,16,14,12,26,42,33,75,9,9,18,24.0,11.86,47.46,37.29,3.39,0.0,0.0,0.0,0.0
9000008552,2025-07-20 10:00,0.743056,13,11,24,28,23,52,26,39,65,20,5,26,29.0,2.08,37.5,47.92,10.42,2.08,0.0,0.0,0.0
9000008552,2025-07-20 11:00,0.708333,7,12,19,42,33,75,52,57,109,6,12,18,30.0,2.6,32.47,50.65,11.69,1.3,0.0,0.0,1.3
9000008552,2025-07-20 12:00,0.680833,8,15,23,34,21,54,75,89,164,7,3,10,31.5,5.36,26.79,48.21,14.29,0.0,1.79,0.0,2.68
9000008552,2025-07-20 13:00,0.742778,12,11,23,46,40,86,70,95,166,15,10,24,27.0,6.5,44.72,44.72,2.44,0.81,0.0,0.81,0.0
9000008552,2025-07-20 14:00,0.758333,4,5,9,25,25,50,66,62,128,30,12,42,26.0,32.99,35.05,23.71,4.12,1.03,2.06,0.0,1.03
9000008552,2025-07-20 15:00,0.769722,7,14,21,30,22,52,67,86,153,68,12,80,24.5,11.86,48.31,37.29,2.54,0.0,0.0,0.0,0.0
9000008552,2025-07-20 16:00,0.777222,39,24,63,39,27,65,68,77,146,55,17,72,24.0,11.5,52.21,31.86,2.65,0.0,0.0,0.0,1.77
9000008552,2025-07-20 17:00,0.725278,7,7,14,37,32,69,83,71,154,30,16,47,22.5,25.23,52.25,21.62,0.9,0.0,0.0,0.0,0.0
9000008552,2025-07-20 18:00,0.749167,16,15,31,23,21,44,80,95,175,21,9,31,23.5,28.24,45.04,25.19,0.76,0.0,0.0,0.0,0.76
9000008552,2025-07-20 19:00,0.776944,16,26,41,45,27,72,113,85,198,48,14,62,23.0,14.29,59.74,24.03,1.3,0.0,0.65,0.0,0.0
9000008552,2025-07-20 20:00,0.7825,19,17,36,40,40,79,82,84,166,44,15,59,24.5,5.38,61.54,29.23,2.31,1.54,0.0,0.0,0.0
9000008552,2025-07-20 21:00,0.086111,12,12,23,12,46,58,139,93,232,23,12,35,25.0,15.0,50.0,30.0,5.0,0.0,0.0,0.0,0.0
9000008552,2025-07-21 05:00,0.311944,8,4,12,13,4,17,13,9,22,12,10,22,22.5,28.57,42.86,28.57,0.0,0.0,0.0,0.0,0.0
9000008552,2025-07-21 06:00,0.785833,6,9,15,11,10,22,32,29,61,29,28,57,30.0,10.42,31.25,43.75,8.33,4.17,0.0,2.08,0.0
9000008552,2025-07-21 07:00,0.784722,15,10,26,23,18,41,77,46,123,36,24,60,24.5,13.4,40.21,43.3,2.06,0.0,0.0,0.0,0.0
9000008552,2025-07-21 08:00,0.790278,25,25,51,19,24,43,142,79,220,58,24,82,24.0,5.17,62.07,28.16,2.87,0.57,0.0,0.0,1.15
9000008552,2025-07-21 09:00,0.781389,25,16,42,23,27,50,120,73,193,78,21,98,23.5,8.61,61.59,26.49,3.31,0.0,0.0,0.0,0.0
9000008552,2025-07-21 10:00,0.766944,21,27,48,25,22,47,110,83,193,54,26,80,24.0,6.76,54.73,34.46,4.05,0.0,0.0,0.0,0.0
9000008552,2025-07-21 11:00,0.781389,28,27,55,32,27,59,115,100,215,54,32,85,24.0,10.12,55.36,31.55,2.38,0.0,0.0,0.6,0.0
9000008552,2025-07-21 12:00,0.763333,12,22,34,22,38,61,98,93,190,55,29,84,24.0,9.66,52.41,34.48,2.07,0.69,0.0,0.0,0.0
9000008552,2025-07-21 13:00,0.763056,14,27,41,30,13,43,162,118,280,55,38,93,26.5,8.92,43.19,40.38,7.04,0.94,0.0,0.0,0.0
9000008552,2025-07-21 14:00,0.738333,8,17,25,47,25,72,171,146,317,39,27,66,27.5,12.82,38.46,41.88,5.56,0.85,0.0,0.0,0.43
9000008552,2025-07-21 15:00,0.765,18,20,38,28,33,60,193,132,325,54,18,72,25.0,20.08,43.78,29.72,4.82,0.4,0.0,0.0,1.2
9000008552,2025-07-21 16:00,0.728333,7,26,33,44,43,87,101,95,196,48,50,98,23.0,27.97,46.85,20.98,0.7,1.4,1.4,0.0,0.0
9000008552,2025-07-21 17:00,0.733333,27,29,55,33,32,65,144,105,248,39,14,52,25.5,13.19,48.35,32.97,4.4,0.55,0.55,0.0,0.55
9000008552,2025-07-21 18:00,0.396944,6,32,38,13,37,50,160,87,247,21,24,45,26.5,8.16,50.0,37.76,2.04,2.04,0.0,0.0,0.0
9000008552,2025-07-21 19:00,0.090278,0,18,18,24,18,41,112,100,213,0,0,0,26.0,5.26,42.11,52.63,0.0,0.0,0.0,0.0,0.0
9000008552,2025-07-21 20:00,0.091389,11,11,22,44,11,55,120,77,197,0,22,22,26.0,0.0,66.67,27.78,5.56,0.0,0.0,0.0,0.0
9000008552,2025-07-22 05:00,0.255,10,0,10,2,2,5,5,15,20,2,10,12,34.0,20.0,20.0,40.0,40.0,0.0,0.0,0.0,0.0
9000008552,2025-07-22 06:00,0.791111,8,5,13,9,4,13,29,32,61,19,28,47,26.5,4.17,41.67,50.0,2.08,0.0,0.0,0.0,2.08
9000008552,2025-07-22 07:00,0.787222,9,10,19,20,25,46,94,40,134,36,20,56,24.0,4.72,60.38,33.02,0.94,0.0,0.0,0.0,0.94
9000008552,2025-07-22 08:00,0.711111,14,8,22,62,34,96,126,70,196,44,18,62,24.0,13.67,54.68,23.74,4.32,2.16,0.72,0.0,0.72
9000008552,2025-07-22 09:00,0.678611,7,7,15,63,17,80,109,87,195,40,38,78,27.0,36.36,28.03,26.52,6.06,1.52,0.76,0.76,0.76
9000008552,2025-07-22 10:00,0.692778,10,13,23,80,25,105,77,62,139,39,23,62,29.0,17.71,33.33,35.42,9.38,3.12,0.0,0.0,1.04
9000008552,2025-07-22 11:00,0.66,9,10,19,72,30,102,122,101,223,30,21,50,28.0,20.41,34.01,35.37,6.8,1.36,1.36,0.68,0.0
9000008552,2025-07-22 12:00,0.630278,5,3,8,36,21,57,129,124,253,46,19,64,28.5,20.62,37.5,29.38,6.88,1.88,1.88,0.0,1.88
9000008552,2025-07-22 13:00,0.749722,17,15,32,30,32,62,96,111,206,38,33,71,26.5,14.19,40.65,40.0,5.16,0.65,0.0,0.0,0.0
9000008552,2025-07-22 14:00,0.758333,11,15,25,30,24,54,124,123,247,58,23,81,25.0,21.93,36.36,34.22,4.81,0.53,0.0,0.0,2.14
9000008552,2025-07-22 15:00,0.730833,11,11,22,37,27,64,142,123,265,49,25,74,28.0,15.46,40.21,34.02,7.73,0.52,0.52,0.0,1.03
9000008552,2025-07-22 16:00,0.757222,23,18,41,37,46,83,98,79,177,69,37,107,23.0,14.93,61.19,21.64,2.24,0.0,0.0,0.0,0.0
9000008552,2025-07-22 17:00,0.735,12,25,37,45,30,74,87,82,168,52,30,82,23.5,15.32,58.06,21.77,4.03,0.81,0.0,0.0,0.0
9000008552,2025-07-22 18:00,0.747222,16,21,38,58,43,101,113,105,217,42,23,65,24.5,11.11,55.56,29.63,3.7,0.0,0.0,0.0,0.0
9000008552,2025-07-22 19:00,0.771389,21,21,41,43,41,84,105,108,212,50,18,68,25.0,6.1,51.22,37.2,3.66,0.61,0.61,0.61,0.0
9000008552,2025-07-22 20:00,0.708056,22,26,48,28,37,65,71,84,154,17,16,34,24.5,6.42,59.63,29.36,2.75,2.75,0.0,0.0,0.0
9000008552,2025-07-23 05:00,0.022778,0,0,0,44,0,44,0,0,0,44,0,44,,0.0,0.0,0.0,0.0,0.0,0.0,0.0,0.0
9000008552,2025-07-23 06:00,0.378889,3,2,5,17,9,25,37,63,101,21,28,50,26.5,2.63,42.11,50.0,2.63,0.0,0.0,2.63,0.0
9000008552,2025-07-23 07:00,0.636944,17,7,24,22,7,29,101,65,166,32,23,55,25.0,8.49,35.85,51.89,3.77,0.0,0.0,0.0,0.0
9000008552,2025-07-23 08:00,0.777778,24,20,45,26,17,42,151,86,237,45,18,63,25.5,11.96,48.37,33.15,4.89,0.54,0.0,0.0,1.09
9000008552,2025-07-23 09:00,0.782778,27,25,52,23,15,38,153,82,235,68,25,93,27.0,4.89,48.37,40.22,4.35,2.17,0.0,0.0,0.0
9000008552,2025-07-23 10:00,0.771389,21,30,50,19,25,44,106,103,209,60,44,104,26.0,8.7,46.58,39.75,4.35,0.0,0.0,0.0,0.62
9000008552,2025-07-23 11:00,0.780833,19,22,41,22,19,41,127,104,230,59,24,83,25.0,16.67,42.78,37.78,1.67,0.56,0.0,0.0,0.56
9000008552,2025-07-23 12:00,0.763333,27,34,61,33,10,43,125,126,250,39,33,72,27.5,12.57,40.31,38.22,6.81,1.57,0.0,0.0,0.52
9000008552,2025-07-23 13:00,0.785278,17,27,43,15,14,29,113,92,205,39,30,70,27.0,15.53,37.89,40.37,4.97,0.62,0.0,0.0,0.62
9000008552,2025-07-23 14:00,0.761111,24,30,54,17,28,45,175,110,286,51,24,75,24.0,26.27,43.78,25.81,2.76,0.46,0.0,0.46,0.46
9000008552,2025-07-23 15:00,0.7625,31,25,56,26,26,53,130,134,264,50,30,80,26.0,15.92,41.79,38.81,3.48,0.0,0.0,0.0,0.0
9000008552,2025-07-23 16:00,0.7725,17,36,53,27,37,65,160,107,267,66,18,84,26.0,14.01,45.89,33.82,5.8,0.0,0.0,0.48,0.0
9000008552,2025-07-23 17:00,0.729722,16,41,58,44,46,90,137,108,245,29,25,54,26.0,12.29,45.25,35.75,4.47,0.0,1.12,0.56,0.0
9000008552,2025-07-23 18:00,0.775833,19,43,63,30,26,56,115,114,228,30,17,46,28.0,5.08,44.63,41.24,5.08,1.69,0.56,0.56,1.13
9000008552,2025-07-23 19:00,0.741389,11,26,36,35,27,62,85,94,179,30,11,41,26.5,10.53,36.09,46.62,6.77,0.0,0.0,0.0,0.0
9000008552,2025-07-23 20:00,0.220278,8,48,56,40,33,72,85,75,159,8,8,16,31.0,8.57,37.14,40.0,8.57,2.86,5.71,0.0,0.0
9000008552,2025-07-24 05:00,0.367222,8,3,11,5,9,15,15,27,42,15,21,35,38.0,0.0,40.0,20.0,20.0,0.0,0.0,0.0,13.33
9000008552,2025-07-24 06:00,0.598056,11,4,16,5,4,9,37,23,60,22,22,44,26.0,8.33,52.78,27.78,8.33,2.78,0.0,0.0,0.0
9000008552,2025-07-24 07:00,0.786389,13,6,19,17,11,28,60,38,98,28,19,47,25.0,11.69,49.35,35.06,2.6,1.3,0.0,0.0,0.0
9000008552,2025-07-24 08:00,0.772778,11,10,22,36,25,61,122,79,201,43,17,59,26.5,9.03,49.03,33.55,7.1,1.29,0.0,0.0,0.0
9000008552,2025-07-24 09:00,0.776111,19,17,36,32,30,62,110,82,192,47,31,78,24.5,8.72,55.7,30.2,5.37,0.0,0.0,0.0,0.0
9000008552,2025-07-24 10:00,0.733056,7,4,11,34,29,64,93,69,163,31,31,62,24.5,24.37,36.97,33.61,1.68,1.68,0.84,0.0,0.84
9000008552,2025-07-24 11:00,0.738333,7,4,11,40,12,52,100,105,205,72,23,95,25.5,17.22,45.03,31.79,5.3,0.0,0.66,0.66,0.0
9000008552,2025-07-24 12:00,0.748333,1,4,5,40,13,53,118,86,204,43,39,82,24.5,18.3,47.71,26.8,5.23,0.0,1.31,0.0,0.65
9000008552,2025-07-24 13:00,0.767778,8,4,12,47,33,79,139,117,257,35,26,61,25.5,9.64,51.78,35.53,0.51,0.51,0.51,0.51,1.02
9000008552,2025-07-24 14:00,0.777222,5,10,15,39,30,68,192,124,316,46,23,70,23.5,17.96,53.47,25.71,1.63,0.41,0.82,0.0,0.0
9000008552,2025-07-24 15:00,0.776389,8,5,13,40,26,66,169,130,299,55,26,81,24.5,21.98,46.12,25.43,4.74,0.43,0.86,0.0,0.43
9000008552,2025-07-24 16:00,0.78,4,5,9,31,36,67,132,94,226,72,66,138,23.5,22.6,49.72,22.6,1.69,0.56,1.13,1.13,0.56
9000008552,2025-07-24 17:00,0.778056,8,8,15,58,50,108,133,131,264,45,34,79,23.5,14.08,58.74,25.73,0.49,0.49,0.0,0.49,0.0
9000008552,2025-07-24 18:00,0.784444,4,14,18,54,61,115,125,117,242,41,20,61,27.0,8.95,56.84,24.74,5.26,2.11,1.58,0.53,0.0
9000008552,2025-07-24 19:00,0.783611,9,6,15,42,50,92,98,113,211,43,18,61,24.5,8.48,52.12,30.3,5.45,1.82,1.21,0.61,0.0
9000008552,2025-07-24 20:00,0.789722,10,13,23,37,52,88,79,74,153,22,9,32,24.5,5.79,62.81,27.27,1.65,1.65,0.83,0.0,0.0
9000008552,2025-07-24 21:00,0.081944,24,24,49,24,24,49,61,73,134,0,12,12,26.5,0.0,54.55,36.36,9.09,0.0,0.0,0.0,0.0
9000008552,2025-07-25 06:00,0.531111,6,0,6,5,1,6,24,27,51,26,30,56,27.5,3.7,48.15,37.04,11.11,0.0,0.0,0.0,0.0
9000008552,2025-07-25 07:00,0.456389,8,6,15,10,8,17,62,32,94,31,12,43,24.5,2.33,44.19,51.16,0.0,0.0,0.0,0.0,2.33
9000008552,2025-07-25 08:00,0.790556,8,9,17,22,19,41,88,46,134,42,29,71,26.0,8.49,48.11,34.91,6.6,0.0,0.0,0.0,1.89
9000008552,2025-07-25 09:00,0.774722,17,9,26,28,17,45,99,79,177,50,34,84,25.5,11.68,52.55,31.39,3.65,0.0,0.73,0.0,0.0
9000008552,2025-07-25 10:00,0.749167,9,11,20,44,25,69,88,81,170,26,36,62,25.0,18.11,50.39,29.13,1.57,0.0,0.0,0.79,0.0
9000008552,2025-07-25 11:00,0.7625,4,9,13,41,24,64,82,105,187,40,35,75,24.5,11.89,51.75,30.07,2.1,2.8,0.7,0.0,0.7
9000008552,2025-07-25 12:00,0.775278,5,4,9,38,28,66,125,104,230,56,44,100,24.5,27.53,43.82,25.84,0.56,1.12,0.56,0.0,0.56
9000008552,2025-07-25 13:00,0.777222,4,4,8,23,23,46,129,82,211,62,28,91,24.0,9.15,61.59,25.0,3.05,0.0,0.61,0.61,0.0
9000008552,2025-07-25 14:00,0.766111,4,8,12,29,18,47,150,129,279,72,38,109,24.0,16.36,50.93,29.91,2.34,0.47,0.0,0.0,0.0
9000008552,2025-07-25 15:00,0.773333,3,3,5,31,48,80,105,114,219,82,45,127,23.0,13.02,59.17,25.44,2.37,0.0,0.0,0.0,0.0
9000008552,2025-07-25 16:00,0.7475,4,4,8,25,23,48,97,82,179,44,36,80,22.5,12.69,59.7,27.61,0.0,0.0,0.0,0.0,0.0
9000008552,2025-07-25 17:00,0.703611,10,3,13,38,27,64,76,80,157,45,38,82,22.0,22.73,58.18,17.27,2.73,0.0,0.0,0.0,0.0
9000008552,2025-07-25 18:00,0.710278,4,0,4,22,22,43,101,78,179,31,8,40,26.0,26.77,35.43,30.71,4.72,1.57,0.79,0.0,0.0
9000008552,2025-07-25 19:00,0.759167,4,9,13,32,44,75,95,97,193,50,24,74,24.0,6.16,59.59,32.19,1.37,0.68,0.0,0.0,0.0
9000008552,2025-07-25 20:00,0.786111,6,13,19,37,42,79,93,92,184,23,11,34,24.0,5.52,62.76,28.97,1.38,0.0,0.69,0.69,0.0
9000008552,2025-07-25 21:00,0.0925,11,0,11,22,32,54,32,108,141,0,22,22,30.0,0.0,46.15,38.46,7.69,0.0,7.69,0.0,0.0
9000008552,2025-07-26 05:00,0.241111,3,0,3,11,3,14,11,11,22,5,11,17,29.0,0.0,40.0,80.0,20.0,0.0,0.0,0.0,0.0
9000008552,2025-07-26 06:00,0.482778,3,10,13,3,6,9,17,5,22,11,10,21,28.5,0.0,60.0,40.0,10.0,0.0,0.0,0.0,0.0
9000008552,2025-07-26 07:00,0.788056,1,3,4,1,4,5,22,26,47,13,15,28,25.5,8.11,54.05,35.14,2.7,0.0,0.0,0.0,0.0
9000008552,2025-07-26 08:00,0.793333,3,3,5,6,4,10,25,29,54,13,11,24,25.5,6.98,51.16,39.53,2.33,0.0,0.0,0.0,0.0
9000008552,2025-07-26 09:00,0.788333,3,3,5,10,9,19,56,44,100,17,27,43,26.5,3.8,54.43,36.71,5.06,0.0,0.0,0.0,0.0
9000008552,2025-07-26 10:00,0.797222,8,10,18,21,24,45,68,79,147,16,19,35,25.0,9.4,48.72,37.61,3.42,0.85,0.0,0.0,0.0
9000008552,2025-07-26 11:00,0.781389,6,12,18,23,20,43,67,71,138,22,16,38,24.0,10.19,54.63,31.48,3.7,0.0,0.0,0.0,0.0
9000008552,2025-07-26 12:00,0.796389,4,8,11,25,27,53,94,89,183,27,20,48,25.0,10.27,47.26,39.73,2.74,0.0,0.0,0.0,0.0
9000008552,2025-07-26 13:00,0.789722,4,4,8,29,27,56,99,92,191,19,20,39,25.0,15.23,43.71,33.77,6.62,0.0,0.66,0.0,0.0
9000008552,2025-07-26 14:00,0.760833,9,14,24,26,30,57,125,140,265,40,20,59,27.0,7.43,45.05,41.09,4.95,0.0,0.5,0.0,0.99
9000008552,2025-07-26 15:00,0.780278,5,8,13,49,40,88,94,103,196,26,18,44,24.0,7.84,56.86,29.41,3.92,0.65,1.31,0.0,0.0
9000008552,2025-07-26 16:00,0.744722,7,5,12,29,33,63,86,108,194,27,32,59,25.0,9.72,50.69,34.72,3.47,1.39,0.0,0.0,0.69
9000008552,2025-07-26 17:00,0.740556,3,5,8,24,24,49,71,65,136,38,21,59,23.5,26.73,48.51,21.78,1.98,0.0,0.0,0.99,0.0
9000008552,2025-07-26 18:00,0.780833,13,9,22,25,24,50,121,100,220,21,10,31,25.5,10.47,50.0,34.3,4.65,0.58,0.0,0.0,0.0
9000008552,2025-07-26 19:00,0.776667,10,12,22,28,24,53,128,93,221,25,21,46,24.0,9.88,58.72,26.74,3.49,0.58,0.0,0.0,0.0
9000008552,2025-07-26 20:00,0.751944,9,8,17,23,27,50,89,108,197,14,15,28,25.0,4.05,50.68,41.22,2.03,0.68,0.68,0.0,0.0
9000008552,2025-07-26 21:00,0.120278,8,17,25,25,33,58,58,125,183,8,8,17,29.5,4.55,36.36,45.45,9.09,4.55,0.0,0.0,0.0
9000008552,2025-07-27 05:00,0.271944,0,0,0,8,3,10,17,20,37,5,3,8,32.0,0.0,30.0,50.0,20.0,0.0,0.0,0.0,0.0
9000008552,2025-07-27 06:00,0.790556,0,1,1,4,3,6,14,23,37,3,8,10,29.5,3.45,27.59,55.17,10.34,0.0,0.0,0.0,3.45
9000008552,2025-07-27 07:00,0.778889,0,0,0,1,1,3,19,18,37,8,10,18,20.0,20.69,65.52,13.79,0.0,0.0,0.0,0.0,0.0
9000008552,2025-07-27 08:00,0.779722,0,1,1,7,6,13,18,13,31,6,8,14,25.5,20.83,41.67,33.33,4.17,0.0,0.0,0.0,0.0
9000008552,2025-07-27 09:00,0.78,0,0,0,11,14,25,28,27,55,6,9,15,26.5,11.63,39.53,44.19,2.33,2.33,0.0,0.0,0.0
9000008552,2025-07-27 10:00,0.793611,4,5,9,11,19,30,38,36,74,15,13,28,26.0,3.45,36.21,58.62,1.72,0.0,0.0,0.0,0.0
9000008552,2025-07-27 11:00,0.783056,0,1,1,22,24,46,51,51,102,19,15,35,29.0,0.0,32.5,55.0,10.0,1.25,0.0,1.25,0.0
9000008552,2025-07-27 12:00,0.786111,3,5,8,15,21,37,65,60,125,18,8,25,26.0,3.06,42.86,51.02,2.04,0.0,1.02,0.0,0.0
9000008552,2025-07-27 13:00,0.758333,1,3,4,53,36,89,73,66,139,17,11,28,29.0,7.62,31.43,50.48,7.62,2.86,0.95,0.0,0.0
9000008552,2025-07-27 14:00,0.762778,4,3,7,21,33,54,68,59,127,19,13,32,28.0,12.37,44.33,34.02,8.25,1.03,0.0,0.0,0.0
9000008552,2025-07-27 15:00,0.764722,3,8,11,23,30,53,75,63,137,26,19,45,24.5,24.76,44.76,25.71,1.9,0.95,0.95,0.95,0.0
9000008552,2025-07-27 16:00,0.748611,1,4,5,40,29,69,59,71,130,16,17,33,24.0,4.12,64.95,26.8,3.09,0.0,0.0,0.0,1.03
9000008552,2025-07-27 17:00,0.740556,8,1,10,40,34,74,71,66,137,24,24,48,23.5,16.67,60.78,16.67,1.96,0.98,0.0,0.98,1.96
9000008552,2025-07-27 18:00,0.770278,9,6,16,35,32,67,98,96,194,16,15,31,26.0,2.68,55.7,36.91,2.68,0.67,0.0,0.0,1.34
9000008552,2025-07-27 19:00,0.783056,15,10,26,43,37,80,71,54,125,11,17,28,25.5,9.18,56.12,29.59,3.06,1.02,0.0,1.02,0.0
9000008552,2025-07-27 20:00,0.370833,16,2,18,25,36,62,71,70,141,20,21,41,31.5,17.31,42.31,25.0,3.85,0.0,5.77,5.77,0.0
9000008552,2025-07-28 05:00,0.081111,12,0,12,0,12,12,12,0,12,12,12,25,34.0,0.0,0.0,0.0,100.0,0.0,0.0,0.0,0.0
9000008552,2025-07-28 06:00,0.761389,2,1,4,8,7,15,41,34,75,19,20,39,29.0,5.26,29.82,54.39,8.77,0.0,0.0,0.0,1.75
9000008552,2025-07-28 07:00,0.786111,8,3,10,23,13,36,74,43,117,19,19,38,26.0,8.7,46.74,42.39,2.17,0.0,0.0,0.0,0.0
9000008552,2025-07-28 08:00,0.765833,7,4,11,30,34,64,77,62,139,34,21,55,25.0,17.76,49.53,27.1,3.74,0.93,0.0,0.0,0.0
9000008552,2025-07-28 09:00,0.768889,5,9,14,35,15,51,84,76,160,35,27,62,25.0,8.94,44.72,42.28,4.07,0.0,0.0,0.0,0.0
9000008552,2025-07-28 10:00,0.753611,0,4,4,32,20,52,89,69,158,37,26,63,25.5,11.76,42.02,40.34,5.88,0.0,0.0,0.0,0.0
9000008552,2025-07-28 11:00,0.725,7,4,11,31,26,57,76,85,160,23,25,47,28.0,12.93,44.83,32.76,7.76,0.86,0.0,0.86,0.0
9000008552,2025-07-28 12:00,0.692222,7,6,13,53,24,77,94,102,196,22,17,40,27.5,7.35,38.24,46.32,2.94,1.47,0.0,0.0,2.94
9000008552,2025-07-28 13:00,0.731944,5,4,10,47,26,73,90,97,186,34,23,57,28.5,13.97,38.97,35.29,6.62,2.21,0.74,0.74,2.21
9000008552,2025-07-28 14:00,0.731667,0,3,3,48,30,78,85,76,161,43,16,60,26.0,20.34,42.37,31.36,4.24,0.85,0.0,0.0,0.85
9000008552,2025-07-28 15:00,0.746944,12,6,18,31,23,54,123,75,197,40,24,64,24.0,23.13,44.9,25.85,5.44,0.0,0.68,0.0,0.0
9000008552,2025-07-28 16:00,0.697778,3,4,7,32,14,46,86,97,183,38,27,65,25.0,22.66,50.78,21.09,1.56,1.56,0.78,0.78,0.78
9000008552,2025-07-28 17:00,0.721667,7,4,11,45,32,77,74,93,167,53,14,66,24.0,14.05,57.02,23.97,2.48,1.65,0.0,0.0,0.0
9000008552,2025-07-28 18:00,0.741111,13,8,21,36,39,76,76,108,184,19,16,35,23.0,24.82,48.91,25.55,0.0,0.0,0.73,0.0,0.0
9000008552,2025-07-28 19:00,0.784722,5,15,20,43,48,91,100,73,173,20,19,40,23.5,7.35,66.18,23.53,2.94,0.0,0.0,0.0,0.0
9000008552,2025-07-28 20:00,0.77,8,6,15,73,41,114,79,65,144,9,10,19,24.0,7.21,59.46,30.63,0.9,0.0,0.0,0.0,0.9
9000008552,2025-07-29 05:00,0.302778,2,2,3,5,10,16,7,5,12,5,7,12,25.0,0.0,25.0,75.0,0.0,0.0,0.0,0.0,0.0
9000008552,2025-07-29 06:00,0.771111,4,0,4,14,9,24,48,20,68,26,25,51,24.0,18.87,47.17,30.19,1.89,0.0,0.0,0.0,0.0
9000008552,2025-07-29 07:00,0.745556,1,5,7,28,12,40,20,31,51,32,30,62,22.5,34.21,42.11,21.05,2.63,0.0,0.0,0.0,0.0
9000008552,2025-07-29 08:00,0.665278,2,2,3,53,19,72,56,59,115,16,11,26,25.0,28.95,34.21,27.63,5.26,2.63,1.32,0.0,0.0
9000008552,2025-07-29 09:00,0.683056,1,13,15,37,13,50,79,59,138,12,23,35,27.0,23.4,39.36,27.66,5.32,3.19,0.0,0.0,1.06
9000008552,2025-07-29 10:00,0.671667,3,3,6,51,22,73,88,82,170,16,10,27,29.5,15.79,29.82,42.11,4.39,3.51,0.88,0.88,2.63
9000008552,2025-07-29 11:00,0.722222,6,3,8,53,17,70,91,79,170,18,14,32,35.5,8.94,42.28,26.02,12.2,4.88,2.44,1.63,1.63
9000008552,2025-07-29 12:00,0.682778,4,4,8,26,22,48,80,84,165,26,25,52,41.0,10.71,40.18,27.68,5.36,10.71,0.0,0.89,4.46
9000008552,2025-07-29 13:00,0.767222,1,4,5,44,14,59,98,85,183,26,22,48,26.5,7.14,45.71,40.71,4.29,1.43,0.0,0.0,0.71
9000008552,2025-07-29 14:00,0.713056,1,0,1,30,39,69,56,59,115,24,25,50,25.5,32.93,43.9,14.63,3.66,4.88,0.0,0.0,0.0
9000008552,2025-07-29 15:00,0.749444,1,7,8,45,28,73,93,65,159,44,17,61,25.0,18.49,46.22,27.73,4.2,2.52,0.0,0.0,0.84
9000008552,2025-07-29 16:00,0.761667,6,12,18,41,38,79,113,77,190,42,20,62,24.0,16.55,50.34,28.28,2.76,1.38,0.0,0.69,0.0
9000008552,2025-07-29 17:00,0.658056,9,3,12,59,47,107,86,87,173,35,30,65,23.5,14.04,64.04,20.18,0.0,0.0,0.0,0.0,1.75
9000008552,2025-07-29 18:00,0.716111,0,4,4,54,41,95,116,98,214,22,19,42,23.0,20.26,55.56,19.61,3.92,0.0,0.0,0.0,0.65
9000008552,2025-07-29 19:00,0.780278,9,10,19,55,61,117,96,101,197,22,21,42,23.0,9.09,67.53,20.78,1.3,0.0,0.65,0.0,0.65
9000008552,2025-07-29 20:00,0.681389,4,6,10,37,38,74,89,89,179,10,14,25,23.5,4.92,70.49,22.95,0.82,0.82,0.0,0.82,0.0
9000008552,2025-07-30 05:00,0.323611,3,0,3,3,0,3,19,17,36,14,15,30,29.0,8.33,16.67,66.67,8.33,0.0,0.0,0.0,0.0
9000008552,2025-07-30 06:00,0.759444,1,1,3,5,3,8,39,25,64,17,21,38,25.0,28.57,32.65,36.73,0.0,2.04,0.0,0.0,0.0
9000008552,2025-07-30 07:00,0.709444,6,0,6,10,15,25,61,32,93,18,25,44,17.0,62.12,31.82,6.06,0.0,0.0,0.0,0.0,0.0
9000008552,2025-07-30 08:00,0.701667,4,8,13,38,21,60,70,69,139,17,20,37,25.0,39.18,34.02,20.62,3.09,1.03,1.03,1.03,1.03
9000008552,2025-07-30 09:00,0.711111,9,9,17,48,35,83,82,75,157,21,11,32,24.5,24.32,44.14,27.93,1.8,0.0,0.9,0.0,0.9
9000008552,2025-07-30 10:00,0.646389,6,3,9,48,32,80,79,72,151,13,15,28,28.0,10.2,41.84,37.76,3.06,2.04,1.02,0.0,3.06
9000008552,2025-07-30 11:00,0.639167,4,9,13,52,24,76,86,106,192,23,13,36,29.5,8.13,36.59,43.09,6.5,2.44,0.81,0.81,2.44
9000008552,2025-07-30 12:00,0.722778,10,9,18,32,19,51,85,78,164,22,15,38,29.5,8.47,29.66,47.46,11.02,0.0,0.0,0.85,1.69
9000008552,2025-07-30 13:00,0.735,8,11,19,44,22,66,81,99,180,15,23,38,29.5,12.78,39.1,33.83,8.27,3.76,0.75,0.0,1.5
9000008552,2025-07-30 14:00,0.685556,6,9,14,73,39,113,108,112,220,19,22,40,28.5,19.87,37.75,30.46,5.3,3.97,1.32,0.0,1.32
9000008552,2025-07-30 15:00,0.706667,8,3,11,59,25,84,93,89,182,17,32,50,23.0,49.61,30.23,12.4,4.65,0.78,0.78,0.0,1.55
9000008552,2025-07-30 16:00,0.691667,7,3,10,51,36,87,71,60,131,17,42,59,25.0,19.78,50.55,25.27,3.3,0.0,2.2,0.0,0.0
9000008552,2025-07-30 17:00,0.681389,4,4,9,72,29,101,78,78,156,23,26,50,25.5,15.09,53.77,28.3,2.83,0.0,0.0,0.0,0.0
9000008552,2025-07-30 18:00,0.731667,9,11,20,56,74,130,103,86,189,13,18,32,25.0,5.8,53.62,35.51,4.35,0.0,0.0,0.0,0.72
9000008552,2025-07-30 19:00,0.751389,17,21,39,56,55,111,89,79,168,15,13,28,23.5,4.72,62.99,29.92,1.57,0.0,0.79,0.0,0.0
9000008552,2025-07-30 20:00,0.503056,8,6,15,30,24,54,87,106,193,7,3,10,26.5,5.15,44.33,41.24,3.09,0.0,2.06,3.09,2.06
9000008552,2025-07-31 05:00,0.168611,6,0,6,0,0,0,18,6,24,12,18,30,42.0,25.0,25.0,25.0,0.0,25.0,0.0,0.0,0.0
9000008552,2025-07-31 06:00,0.593333,4,3,7,6,6,12,43,22,65,20,16,36,25.5,7.89,50.0,34.21,7.89,0.0,0.0,0.0,0.0
9000008552,2025-07-31 07:00,0.785278,6,6,13,5,10,15,41,27,68,31,33,64,23.5,11.32,54.72,30.19,3.77,0.0,0.0,0.0,0.0
9000008552,2025-07-31 08:00,0.790556,13,6,19,23,17,39,84,49,134,44,14,58,24.5,3.77,54.72,38.68,1.89,0.94,0.0,0.0,0.0
9000008552,2025-07-31 09:00,0.781389,6,4,10,27,26,53,86,61,147,28,22,50,25.5,9.57,52.17,33.91,3.48,0.87,0.0,0.0,0.0
9000008552,2025-07-31 10:00,0.723333,4,4,8,50,19,69,69,65,135,22,18,40,24.5,17.53,46.39,29.9,3.09,2.06,0.0,0.0,1.03
9000008552,2025-07-31 11:00,0.755,5,4,9,42,18,60,77,94,171,38,28,66,25.0,6.2,55.81,32.56,3.88,1.55,0.0,0.0,0.0
9000008552,2025-07-31 12:00,0.753056,7,12,18,24,20,44,129,105,233,32,27,59,27.0,12.5,44.89,36.36,4.55,1.14,0.0,0.0,0.57
9000008552,2025-07-31 13:00,0.771667,19,14,34,19,12,31,111,108,219,33,25,57,27.0,7.1,47.34,36.09,5.33,2.37,0.59,1.18,0.0
9000008552,2025-07-31 14:00,0.563333,4,9,12,41,18,59,96,92,188,44,25,69,27.5,10.38,45.28,36.79,6.6,0.94,0.0,0.0,0.0
9000008552,2025-07-31 18:00,0.385833,2,39,41,37,68,105,119,64,183,7,7,14,24.0,15.49,53.52,26.76,2.82,0.0,0.0,0.0,1.41
9000008552,2025-07-31 19:00,0.774167,4,0,4,27,48,75,135,95,229,12,6,18,25.0,6.18,61.24,26.97,3.93,0.56,0.0,0.0,1.12
9000008552,2025-07-31 20:00,0.432222,3,0,3,23,29,52,121,70,191,3,13,17,29.5,9.64,53.01,22.89,12.05,1.2,0.0,0.0,1.2
9000008552,2025-08-01 05:00,0.241667,2,0,2,12,17,29,22,29,51,2,29,32,52.0,0.0,16.67,58.33,0.0,0.0,25.0,0.0,0.0
9000008552,2025-08-01 06:00,0.768611,1,0,1,16,0,16,33,23,56,13,20,32,24.5,18.6,53.49,27.91,0.0,2.33,0.0,0.0,0.0
9000008552,2025-08-01 07:00,0.773056,3,1,4,15,11,26,57,36,93,8,21,28,23.5,27.78,43.06,26.39,2.78,0.0,0.0,0.0,1.39
9000008552,2025-08-01 08:00,0.775,5,1,6,21,19,40,84,48,131,12,26,37,25.5,18.63,51.96,23.53,2.94,1.96,0.98,0.0,0.0
9000008552,2025-08-01 09:00,0.706944,2,7,9,42,11,53,70,68,138,15,29,45,24.5,8.16,59.18,25.51,4.08,2.04,1.02,0.0,0.0
9000008552,2025-08-01 10:00,0.784167,3,3,5,28,31,59,91,83,173,18,18,36,24.5,11.76,49.26,34.56,3.68,0.0,0.0,0.0,0.74
9000008552,2025-08-01 11:00,0.781389,12,6,18,33,27,60,114,85,198,27,13,40,24.5,6.45,53.55,36.13,2.58,1.29,0.0,0.0,0.0
9000008552,2025-08-01 12:00,0.726944,10,4,14,43,22,65,114,99,213,18,16,34,26.0,13.55,41.29,41.29,2.58,0.0,0.0,1.29,0.0
9000008552,2025-08-01 13:00,0.733889,10,3,12,54,33,87,82,129,210,11,35,46,26.5,13.64,46.1,31.17,3.9,2.6,1.95,0.0,0.65
9000008552,2025-08-01 14:00,0.765833,3,8,10,26,22,49,179,92,272,42,27,69,25.0,15.87,46.15,32.21,4.33,0.48,0.0,0.96,0.0
9000008552,2025-08-01 15:00,0.756944,1,0,1,30,29,59,127,74,201,31,24,55,23.0,26.97,45.39,25.0,2.63,0.0,0.0,0.0,0.66
9000008552,2025-08-01 16:00,0.750278,1,3,4,40,25,65,79,91,170,31,23,53,23.0,21.88,50.78,25.0,2.34,0.0,0.0,0.0,0.0
9000008552,2025-08-01 17:00,0.701111,3,1,4,56,20,76,108,91,199,13,20,33,23.0,22.86,55.71,18.57,2.14,0.71,0.0,0.0,0.0
9000008552,2025-08-01 18:00,0.718889,4,6,10,35,33,68,93,84,177,11,11,22,23.5,33.07,40.16,22.83,1.57,0.79,0.79,0.0,0.0
9000008552,2025-08-01 19:00,0.774167,4,1,5,37,44,81,97,81,178,14,26,40,23.0,9.42,60.14,28.26,1.45,0.0,0.0,0.0,0.72
9000008552,2025-08-01 20:00,0.733333,0,1,1,39,43,82,81,93,174,3,13,15,23.5,2.34,67.19,25.78,2.34,0.78,0.78,0.0,0.0
9000008552,2025-08-02 05:00,0.071667,0,0,0,0,0,0,14,28,42,14,14,28,38.0,0.0,33.33,33.33,33.33,0.0,0.0,0.0,0.0
9000008552,2025-08-02 06:00,0.724722,3,1,4,8,3,11,21,27,49,6,11,17,29.0,2.86,48.57,34.29,14.29,0.0,0.0,0.0,0.0
9000008552,2025-08-02 07:00,0.695833,2,1,3,4,7,11,24,24,48,3,13,16,29.5,3.03,39.39,45.45,12.12,3.03,0.0,0.0,0.0
9000008552,2025-08-02 08:00,0.776944,1,3,4,10,4,14,44,27,71,6,3,9,29.5,0.0,32.73,54.55,9.09,1.82,0.0,0.0,1.82
9000008552,2025-08-02 09:00,0.719167,4,4,8,37,6,42,30,39,69,0,15,15,25.5,10.0,38.0,44.0,6.0,0.0,0.0,0.0,0.0
9000008552,2025-08-02 10:00,0.728056,0,3,3,29,8,37,44,50,94,10,15,25,26.5,14.71,38.24,42.65,2.94,0.0,1.47,0.0,0.0
9000008552,2025-08-02 11:00,0.695556,3,3,6,39,29,67,77,73,151,9,8,17,26.5,9.52,46.67,37.14,2.86,0.0,0.95,1.9,0.95
9000008552,2025-08-02 12:00,0.743611,3,0,3,35,23,58,93,61,154,15,20,35,26.5,11.4,43.86,37.72,5.26,1.75,0.0,0.0,0.88
9000008552,2025-08-02 13:00,0.730278,4,1,6,55,18,73,92,96,187,11,16,27,28.5,4.38,42.34,41.61,8.76,0.73,0.73,0.73,0.73
9000008552,2025-08-02 14:00,0.745,4,0,4,64,55,119,63,72,135,15,15,30,26.0,13.86,45.54,34.65,1.98,0.0,0.99,2.97,0.0
9000008552,2025-08-02 15:00,0.733056,1,0,1,39,20,60,90,63,153,14,18,31,20.0,33.93,50.89,15.18,0.0,0.0,0.0,0.0,0.0
9000008552,2025-08-02 16:00,0.737778,0,0,0,35,24,59,86,66,152,22,26,47,23.5,19.64,58.04,17.86,1.79,0.89,0.89,0.0,0.89
9000008552,2025-08-02 17:00,0.710278,4,0,4,38,33,71,87,61,148,13,23,36,23.0,18.1,57.14,22.86,1.9,0.0,0.0,0.0,0.95
9000008552,2025-08-02 18:00,0.7025,4,6,10,16,24,40,97,82,179,10,13,23,22.0,29.37,46.83,22.22,0.0,0.0,1.59,0.0,0.0
9000008552,2025-08-02 19:00,0.784722,3,4,6,47,33,80,86,61,147,14,10,24,23.5,7.76,65.52,24.14,1.72,0.0,0.0,0.0,0.0
9000008552,2025-08-02 20:00,0.643889,1,4,5,15,29,44,87,83,170,12,14,26,23.5,6.42,64.22,26.61,2.75,0.0,0.0,0.0,0.0
9000008552,2025-08-03 05:00,0.232778,0,0,0,0,6,6,10,26,35,0,0,0,32.0,0.0,37.5,37.5,25.0,0.0,0.0,0.0,0.0
9000008552,2025-08-03 06:00,0.721944,0,0,0,3,1,4,15,13,29,5,5,10,27.5,0.0,57.14,33.33,4.76,4.76,0.0,0.0,0.0
9000008552,2025-08-03 07:00,0.777222,0,0,0,3,4,6,8,13,21,6,15,22,26.5,18.75,31.25,43.75,6.25,0.0,0.0,0.0,0.0
9000008552,2025-08-03 08:00,0.785,0,0,0,4,1,5,19,10,29,8,6,14,31.0,13.04,34.78,34.78,17.39,0.0,0.0,0.0,0.0
9000008552,2025-08-03 09:00,0.797778,2,1,4,9,5,14,35,23,58,8,6,14,26.5,2.17,45.65,47.83,0.0,2.17,0.0,0.0,2.17
9000008552,2025-08-03 10:00,0.782222,3,0,3,13,9,22,39,45,84,8,13,20,26.0,4.55,39.39,46.97,9.09,0.0,0.0,0.0,0.0
9000008552,2025-08-03 11:00,0.756111,3,1,4,16,14,30,62,42,104,8,7,14,28.0,7.59,43.04,39.24,6.33,1.27,0.0,0.0,2.53
9000008552,2025-08-03 12:00,0.744444,1,4,5,11,24,35,61,55,116,8,4,12,29.5,5.81,41.86,38.37,9.3,2.33,2.33,0.0,0.0
9000008552,2025-08-03 13:00,0.766111,0,1,1,26,27,53,61,59,120,8,14,22,25.0,4.35,54.35,32.61,7.61,1.09,0.0,0.0,0.0
9000008552,2025-08-03 14:00,0.7825,8,1,9,31,25,55,62,62,123,11,20,32,27.0,6.25,42.71,44.79,4.17,1.04,0.0,1.04,0.0
9000008552,2025-08-03 15:00,0.775833,9,6,16,34,22,56,73,56,129,14,14,29,24.0,11.0,55.0,31.0,3.0,0.0,1.0,0.0,0.0
9000008552,2025-08-03 16:00,0.783333,8,4,12,42,18,60,123,66,189,17,8,24,25.0,8.11,49.32,35.81,4.73,1.35,0.0,0.0,0.68
9000008552,2025-08-03 17:00,0.780833,13,10,23,22,33,55,92,85,177,9,6,15,25.0,10.87,52.17,30.43,2.9,2.17,0.0,0.0,1.45
9000008552,2025-08-03 18:00,0.784722,17,14,31,23,28,51,87,79,166,9,14,23,28.0,2.31,53.85,32.31,7.69,3.08,0.0,0.0,0.77
9000008552,2025-08-03 19:00,0.78,8,3,10,28,37,65,76,68,144,13,12,24,25.0,7.14,47.32,38.39,5.36,0.89,0.0,0.0,0.89
9000008552,2025-08-03 20:00,0.551389,4,3,7,30,34,64,91,84,174,12,14,26,27.0,3.12,60.42,28.12,6.25,0.0,2.08,0.0,0.0
9000008552,2025-08-04 06:00,0.257778,3,8,12,17,22,38,30,17,47,30,30,60,28.0,0.0,50.0,41.67,8.33,0.0,0.0,0.0,0.0
9000008552,2025-08-04 07:00,0.726667,5,0,5,4,9,14,58,34,92,18,27,46,24.5,0.0,55.22,37.31,5.97,0.0,0.0,1.49,0.0
9000008552,2025-08-04 08:00,0.723333,6,9,14,21,8,29,80,51,130,13,29,42,25.0,12.77,31.91,48.94,4.26,1.06,0.0,0.0,1.06
9000008552,2025-08-04 09:00,0.766111,3,3,5,33,25,58,78,54,132,20,26,45,28.5,13.86,39.6,36.63,4.95,1.98,0.0,0.0,3.96
9000008552,2025-08-04 10:00,0.705278,0,3,3,35,13,48,79,61,140,17,24,40,27.5,11.22,35.71,45.92,6.12,0.0,0.0,0.0,1.02
9000008552,2025-08-04 11:00,0.769444,5,10,15,25,16,40,63,75,139,25,29,53,28.0,8.41,41.12,42.06,2.8,2.8,0.0,0.0,2.8
9000008552,2025-08-04 12:00,0.725,21,0,21,27,22,49,113,99,212,15,20,35,29.5,12.99,41.56,32.47,7.79,3.25,0.0,0.0,1.95
9000008552,2025-08-04 13:00,0.691944,3,0,3,42,17,59,81,90,171,7,13,20,41.5,17.8,17.8,32.2,16.1,6.78,2.54,1.69,5.08
9000008552,2025-08-04 14:00,0.641111,10,11,21,60,35,95,89,109,199,15,25,40,29.5,11.81,33.86,40.16,7.87,3.15,0.79,0.0,2.36
9000008552,2025-08-04 20:00,0.171389,3,0,3,64,21,86,34,46,80,0,12,12,27.5,14.29,42.86,42.86,7.14,0.0,0.0,0.0,0.0
9000008552,2025-08-05 05:00,0.033333,0,0,0,0,0,0,0,0,0,0,0,0,,0.0,0.0,0.0,0.0,0.0,0.0,0.0,0.0
9000008552,2025-08-05 06:00,0.585556,4,0,4,18,4,22,40,30,70,11,23,34,29.0,2.44,26.83,58.54,7.32,4.88,0.0,0.0,0.0
9000008552,2025-08-05 07:00,0.799722,4,4,8,14,9,23,58,26,84,21,31,52,26.0,8.96,38.81,47.76,4.48,0.0,0.0,0.0,0.0
9000008552,2025-08-05 08:00,0.779722,8,5,13,42,19,62,94,32,126,26,19,45,25.0,9.18,56.12,29.59,4.08,1.02,0.0,0.0,0.0
9000008552,2025-08-05 09:00,0.783333,8,3,10,35,15,50,87,51,138,17,18,34,23.5,11.11,51.85,33.33,2.78,0.0,0.0,0.93,0.0
9000008552,2025-08-05 10:00,0.771944,4,6,10,34,13,47,87,60,147,18,17,35,25.0,10.53,43.86,38.6,5.26,0.88,0.0,0.88,0.0
9000008552,2025-08-05 11:00,0.766667,7,12,18,17,12,29,109,103,212,13,38,51,26.0,14.11,45.4,34.97,4.29,0.0,0.61,0.0,0.0
9000008552,2025-08-05 12:00,0.768333,10,17,27,35,21,56,104,83,188,23,26,49,26.5,12.5,47.22,36.11,2.08,1.39,0.69,0.0,0.0
9000008552,2025-08-05 13:00,0.78,9,10,19,25,17,42,127,76,202,18,22,39,27.0,8.23,47.47,36.71,5.7,0.63,0.63,0.0,0.63
9000008552,2025-08-05 14:00,0.758889,8,8,16,40,29,69,150,79,229,21,23,44,24.0,9.77,57.47,30.46,1.72,0.57,0.0,0.0,0.0
9000008552,2025-08-05 15:00,0.786667,4,5,9,23,28,51,155,70,225,22,19,41,24.5,10.73,50.28,33.33,3.39,0.56,0.0,0.56,1.13
9000008552,2025-08-05 16:00,0.701389,2,3,4,41,35,76,70,60,129,23,27,50,23.0,10.99,63.74,24.18,1.1,0.0,1.1,0.0,0.0
9000008552,2025-08-05 17:00,0.739167,0,0,0,38,16,54,82,71,153,12,26,38,22.5,23.01,59.29,14.16,1.77,0.0,0.0,0.0,2.65
9000008552,2025-08-05 18:00,0.757778,3,0,3,30,41,71,96,73,169,7,15,21,20.5,32.81,50.0,17.19,0.0,0.0,0.0,0.0,0.0
9000008552,2025-08-05 19:00,0.783333,3,9,11,29,46,75,95,64,158,14,13,27,22.0,14.52,63.71,20.97,0.81,0.0,0.0,0.0,0.0
9000008552,2025-08-05 20:00,0.57,9,12,21,32,37,68,77,75,152,12,12,24,21.5,11.49,70.11,16.09,2.3,0.0,0.0,0.0,0.0
9000008552,2025-08-06 05:00,0.204167,0,0,0,0,0,0,12,18,31,3,3,6,31.0,0.0,16.67,66.67,16.67,0.0,0.0,0.0,0.0
9000008552,2025-08-06 06:00,0.711389,1,2,3,10,1,11,49,22,71,8,16,24,24.0,30.0,30.0,34.0,2.0,2.0,0.0,0.0,0.0
9000008552,2025-08-06 07:00,0.727778,1,0,1,16,8,24,75,26,101,10,11,20,18.0,58.11,33.78,5.41,0.0,0.0,0.0,0.0,1.35
9000008552,2025-08-06 08:00,0.774444,8,6,14,36,22,58,83,56,138,10,15,26,25.0,3.74,57.94,35.51,0.0,1.87,0.0,0.0,0.93
9000008552,2025-08-06 09:00,0.755556,15,11,25,25,21,46,84,52,136,19,25,44,24.5,12.62,47.57,31.07,2.91,0.97,0.97,0.0,2.91
9000008552,2025-08-06 10:00,0.755,8,10,18,31,16,46,98,66,164,11,16,26,25.0,8.06,54.03,33.87,1.61,1.61,0.0,0.0,0.81
9000008552,2025-08-06 11:00,0.645556,5,3,8,30,12,42,70,80,150,6,20,26,33.0,15.46,27.84,39.18,9.28,1.03,1.03,2.06,4.12
9000008552,2025-08-06 12:00,0.656667,5,0,5,36,31,67,62,75,137,5,11,15,33.0,7.78,35.56,35.56,14.44,3.33,2.22,1.11,0.0
9000008552,2025-08-06 13:00,0.722778,1,1,3,70,45,115,70,67,137,17,13,29,28.5,16.16,34.34,38.38,6.06,2.02,1.01,1.01,1.01
9000008552,2025-08-06 14:00,0.730556,6,6,12,68,17,85,94,75,169,8,36,44,27.0,24.19,38.71,28.23,4.84,1.61,0.81,0.0,0.81
9000008552,2025-08-06 15:00,0.760556,3,3,5,5,8,13,55,49,105,24,40,63,24.0,18.75,55.0,22.5,0.0,0.0,1.25,0.0,2.5
9000008552,2025-08-06 16:00,0.755,3,1,4,18,25,44,69,67,136,16,38,54,23.0,11.65,66.02,19.42,1.94,0.0,0.0,0.97,0.0
9000008552,2025-08-06 17:00,0.706111,4,1,6,58,18,76,131,95,225,20,20,40,20.0,21.38,64.78,13.21,0.0,0.63,0.0,0.0,0.0
9000008552,2025-08-06 18:00,0.735,12,8,20,42,35,77,101,71,172,4,8,12,19.0,50.79,38.1,10.32,0.79,0.0,0.0,0.0,0.79
9000008552,2025-08-06 19:00,0.783056,6,17,23,36,50,85,83,85,169,12,10,22,23.0,13.64,62.88,18.18,3.03,0.76,0.76,0.0,0.76
9000008552,2025-08-06 20:00,0.604444,8,6,14,42,23,65,76,123,199,4,4,8,43.5,15.0,43.33,10.0,12.5,6.67,5.83,7.5,0.0
9000008552,2025-08-07 12:00,0.009167,0,0,0,109,0,109,218,109,327,0,0,0,27.5,0.0,66.67,33.33,0.0,0.0,0.0,0.0,0.0
9000008552,2025-08-07 13:00,0.743889,5,8,14,51,16,67,88,87,175,9,21,31,28.5,16.15,36.15,36.92,9.23,1.54,0.0,0.0,0.77
9000008552,2025-08-07 14:00,0.731111,7,1,8,65,50,116,89,80,169,11,29,40,22.5,40.65,34.96,22.76,0.81,0.0,0.0,0.0,0.0
9000008552,2025-08-07 15:00,0.734167,3,1,4,57,36,93,74,68,142,11,33,43,21.0,41.35,42.31,11.54,0.96,0.0,0.0,0.96,2.88
9000008552,2025-08-07 16:00,0.738056,7,8,15,57,30,87,79,66,145,22,28,50,21.5,18.69,62.62,14.95,2.8,0.0,0.0,0.0,0.93
9000008552,2025-08-07 17:00,0.746389,7,3,9,37,29,67,111,91,202,23,36,59,19.5,23.84,62.91,12.58,0.66,0.0,0.0,0.0,0.0
9000008552,2025-08-07 18:00,0.717778,8,10,18,32,57,89,90,103,193,6,25,30,22.5,33.81,40.29,22.3,2.88,0.0,0.0,0.0,0.0
9000008552,2025-08-07 19:00,0.776667,8,17,24,46,51,98,81,86,167,13,12,24,23.5,11.54,57.69,26.92,1.54,0.0,0.0,1.54,0.77
9000008552,2025-08-07 20:00,0.534722,7,9,16,39,55,94,96,69,165,12,13,25,24.5,5.68,54.55,34.09,5.68,0.0,0.0,0.0,0.0
9000008552,2025-08-08 05:00,0.0825,12,0,12,0,12,12,24,24,48,12,0,12,33.5,0.0,0.0,50.0,50.0,0.0,0.0,0.0,0.0
9000008552,2025-08-08 06:00,0.798333,4,3,6,8,5,13,40,30,70,15,18,33,28.0,1.79,55.36,33.93,7.14,1.79,0.0,0.0,0.0
9000008552,2025-08-08 07:00,0.790278,1,4,5,17,15,33,44,28,72,19,18,37,24.0,12.28,49.12,35.09,3.51,0.0,0.0,0.0,0.0
9000008552,2025-08-08 08:00,0.787222,5,11,17,29,15,44,58,38,97,19,17,36,24.5,3.95,59.21,31.58,2.63,1.32,0.0,0.0,1.32
9000008552,2025-08-08 09:00,0.773611,5,8,13,20,20,39,88,67,155,19,14,33,24.5,8.33,50.83,36.67,3.33,0.0,0.0,0.0,0.83
9000008552,2025-08-08 10:00,0.739722,1,3,4,47,31,79,71,66,137,15,20,35,29.5,19.61,45.1,20.59,11.76,1.96,0.0,0.0,0.98
9000008552,2025-08-08 11:00,0.779722,9,8,17,27,14,41,87,68,155,27,23,50,27.5,9.09,37.19,43.8,5.79,0.83,1.65,0.0,1.65
9000008552,2025-08-08 12:00,0.775556,5,4,9,32,26,58,129,79,207,22,22,44,25.0,9.32,47.2,36.65,4.97,0.0,1.24,0.0,0.62
9000008552,2025-08-08 13:00,0.751389,4,3,7,45,18,63,95,103,197,8,19,27,29.0,6.76,37.84,43.24,10.14,1.35,0.0,0.0,0.68
9000008552,2025-08-08 14:00,0.781944,3,3,5,19,36,55,78,88,166,37,28,65,29.0,16.15,39.23,31.54,10.0,2.31,0.0,0.77,0.0
9000008552,2025-08-08 15:00,0.764722,4,0,4,10,12,22,84,52,136,50,41,90,21.0,40.38,42.31,15.38,0.0,0.96,0.0,0.0,0.96
9000008552,2025-08-08 16:00,0.769722,4,9,13,34,33,67,86,65,151,40,38,78,22.0,12.07,68.1,17.24,2.59,0.0,0.0,0.0,0.0
9000008552,2025-08-08 17:00,0.748889,3,4,7,24,21,45,92,64,156,23,28,51,22.5,26.5,49.57,21.37,2.56,0.0,0.0,0.0,0.0
9000008552,2025-08-08 18:00,0.764444,8,10,18,31,42,73,110,75,185,16,17,33,24.5,8.51,61.7,27.66,1.42,0.0,0.0,0.0,0.71
9000008552,2025-08-08 19:00,0.780556,21,9,29,45,33,78,93,85,178,15,13,28,24.5,6.47,49.64,41.01,2.16,0.0,0.0,0.0,0.72
9000008552,2025-08-08 20:00,0.587778,15,5,20,53,20,73,63,87,150,10,7,17,24.5,4.55,43.18,46.59,3.41,0.0,1.14,1.14,0.0
9000008552,2025-08-09 05:00,0.128056,0,8,8,16,0,16,31,23,55,0,16,16,34.5,14.29,42.86,14.29,28.57,0.0,0.0,0.0,0.0
9000008552,2025-08-09 06:00,0.695556,0,4,4,1,3,4,25,15,39,4,11,15,24.0,25.93,33.33,40.74,0.0,0.0,0.0,0.0,0.0
9000008552,2025-08-09 07:00,0.629444,0,0,0,3,0,3,22,21,43,6,7,13,21.0,55.56,25.93,18.52,0.0,0.0,0.0,0.0,0.0
9000008552,2025-08-09 08:00,0.575833,5,7,12,9,7,16,33,28,60,7,12,19,24.5,11.43,42.86,40.0,2.86,0.0,0.0,0.0,2.86
9000008552,2025-08-09 09:00,0.748056,11,7,17,15,15,30,52,40,93,9,9,19,24.5,5.8,46.38,47.83,0.0,0.0,0.0,0.0,0.0
9000008552,2025-08-09 10:00,0.783333,9,9,18,13,19,32,75,50,125,8,17,24,25.0,5.1,43.88,45.92,5.1,0.0,0.0,0.0,0.0
9000008552,2025-08-09 11:00,0.796667,6,9,15,32,16,48,95,80,174,20,12,33,28.0,5.76,34.53,50.36,5.76,0.72,0.72,1.44,0.0
9000008552,2025-08-09 12:00,0.777222,12,5,17,17,21,37,80,71,151,3,10,13,28.0,11.11,40.17,38.46,6.84,0.0,0.85,0.85,1.71
9000008552,2025-08-09 13:00,0.766667,8,5,13,53,24,77,82,77,158,14,17,31,29.0,8.2,37.7,41.8,8.2,2.46,0.0,0.82,0.82
9000008552,2025-08-09 14:00,0.763333,1,6,8,54,49,103,96,61,157,3,16,18,23.5,35.0,40.0,22.5,1.67,0.0,0.0,0.0,0.0
9000008552,2025-08-09 15:00,0.771944,3,5,8,26,32,58,91,70,160,12,18,30,22.0,47.58,33.87,17.74,0.0,0.81,0.0,0.0,0.0
9000008552,2025-08-09 16:00,0.766944,3,10,13,35,30,65,82,78,160,31,18,50,23.5,4.88,65.04,28.46,0.81,0.81,0.0,0.0,0.0
9000008552,2025-08-09 17:00,0.746111,5,1,7,26,15,40,97,95,192,16,8,24,22.5,13.29,61.54,23.08,2.1,0.0,0.0,0.0,0.0
9000008552,2025-08-09 18:00,0.765278,3,3,5,27,32,60,61,48,109,16,9,25,23.0,20.24,54.76,21.43,2.38,0.0,0.0,0.0,1.19
9000008552,2025-08-09 19:00,0.796389,13,11,24,30,43,73,94,61,156,11,13,24,23.0,8.06,64.52,25.0,1.61,0.0,0.0,0.0,0.81
9000008552,2025-08-09 20:00,0.454167,6,5,11,27,32,59,85,46,131,6,15,21,23.5,6.67,58.33,31.67,3.33,0.0,0.0,0.0,3.33
9000008552,2025-08-10 05:00,0.218056,5,3,8,3,0,3,8,8,15,3,0,3,70.5,0.0,0.0,33.33,66.67,0.0,0.0,33.33,33.33
9000008552,2025-08-10 06:00,0.774444,0,3,3,3,1,4,10,15,25,4,9,13,24.0,21.05,21.05,57.89,0.0,0.0,0.0,0.0,0.0
9000008552,2025-08-10 07:00,0.7425,0,1,1,7,1,8,12,11,23,3,3,5,19.5,58.82,29.41,5.88,5.88,0.0,0.0,0.0,0.0
9000008552,2025-08-10 08:00,0.719722,1,2,3,7,5,13,18,21,39,7,7,14,29.0,14.29,21.43,53.57,7.14,3.57,0.0,0.0,0.0
9000008552,2025-08-10 09:00,0.736389,0,4,4,16,11,26,23,18,41,5,4,9,27.5,13.33,40.0,40.0,3.33,0.0,0.0,3.33,0.0
9000008552,2025-08-10 10:00,0.762778,8,3,10,17,12,28,44,32,76,9,6,16,25.0,12.07,37.93,44.83,1.72,0.0,1.72,0.0,1.72
9000008552,2025-08-10 11:00,0.708333,3,1,4,52,25,77,48,51,99,7,6,13,35.5,7.14,21.43,38.57,24.29,2.86,0.0,4.29,1.43
9000008552,2025-08-10 12:00,0.697778,1,10,11,36,6,42,62,53,115,3,10,13,33.5,13.75,30.0,37.5,10.0,7.5,1.25,0.0,1.25
9000008552,2025-08-10 13:00,0.683611,1,6,7,66,26,92,61,56,117,19,9,27,34.0,5.0,37.5,35.0,12.5,2.5,0.0,3.75,3.75
9000008552,2025-08-10 14:00,0.741667,3,3,6,161,31,192,39,53,93,7,23,30,26.5,24.64,46.38,21.74,4.35,0.0,1.45,0.0,1.45
9000008552,2025-08-10 15:00,0.763056,0,0,0,14,22,36,58,41,100,11,17,28,19.5,53.95,32.89,11.84,1.32,0.0,0.0,0.0,0.0
9000008552,2025-08-10 16:00,0.745833,3,0,3,24,19,43,41,40,81,15,24,39,23.0,8.33,65.0,25.0,1.67,1.67,0.0,0.0,0.0
9000008552,2025-08-10 17:00,0.701944,1,1,3,21,27,48,65,52,117,18,35,54,21.5,14.63,65.85,18.29,0.0,1.22,0.0,0.0,0.0
9000008552,2025-08-10 18:00,0.734444,1,3,4,19,33,52,84,50,134,15,18,33,23.5,22.45,46.94,27.55,1.02,0.0,0.0,1.02,0.0
9000008552,2025-08-10 19:00,0.795278,4,4,8,42,25,68,81,68,148,15,11,27,24.0,2.54,60.17,33.9,3.39,0.0,0.0,0.0,0.0
9000008552,2025-08-11 10:00,0.588611,4,21,24,24,20,44,85,95,180,22,19,41,28.0,6.6,40.57,44.34,6.6,0.94,0.94,0.0,0.0
9000008552,2025-08-11 11:00,0.759722,8,6,14,22,20,42,107,70,177,20,20,39,27.5,13.43,38.06,39.55,6.72,0.75,0.0,0.75,0.75
9000008552,2025-08-11 12:00,0.755833,7,8,15,29,14,44,109,89,198,14,12,26,26.0,10.67,42.67,39.33,5.33,0.67,0.0,0.67,1.33
9000008552,2025-08-11 13:00,0.743611,5,3,8,31,36,67,74,69,143,6,11,16,29.5,6.6,33.02,47.17,8.49,2.83,0.0,0.0,1.89
9000008552,2025-08-11 14:00,0.741944,4,3,7,61,66,127,90,40,131,12,13,26,29.5,39.18,34.02,12.37,5.15,2.06,0.0,1.03,6.19
9000008552,2025-08-11 15:00,0.390556,3,5,8,8,13,21,154,89,243,10,15,26,17.5,69.47,22.11,7.37,1.05,0.0,0.0,0.0,0.0
9000008552,2025-08-12 09:00,0.26,9,12,21,21,17,39,89,61,150,12,20,32,21.5,5.13,74.36,17.95,0.0,0.0,0.0,0.0,0.0
9000008552,2025-08-12 10:00,0.767778,9,6,16,23,27,51,82,61,143,22,9,31,24.5,3.64,55.45,36.36,3.64,0.91,0.0,0.0,0.0
9000008552,2025-08-12 11:00,0.763056,1,5,7,21,18,39,92,84,176,21,20,41,28.5,2.99,41.04,46.27,5.97,3.73,0.0,0.0,0.0
9000008552,2025-08-12 12:00,0.737222,0,7,7,31,20,51,99,84,183,20,12,33,31.5,6.67,26.67,48.89,13.33,2.22,0.0,0.74,1.48
9000008552,2025-08-12 13:00,0.759722,7,4,11,49,36,85,67,84,151,13,7,20,36.5,8.7,25.22,38.26,19.13,5.22,0.87,0.87,1.74
9000008552,2025-08-12 14:00,0.758056,0,1,1,53,54,107,83,66,149,17,11,28,23.5,43.36,32.74,16.81,2.65,3.54,0.0,0.0,0.88
9000008552,2025-08-12 15:00,0.773333,0,0,0,28,32,61,68,84,152,37,36,74,21.5,50.0,29.66,18.64,0.85,0.0,0.0,0.0,0.0
9000008552,2025-08-12 16:00,0.763611,1,3,4,17,26,43,57,66,123,28,60,88,24.5,14.89,51.06,30.85,2.13,1.06,0.0,0.0,0.0
9000008552,2025-08-12 17:00,0.713056,1,3,4,17,8,25,102,87,189,8,28,37,20.5,15.56,68.15,14.07,2.22,0.0,0.0,0.0,0.0
9000008552,2025-08-12 18:00,0.746389,4,9,13,49,52,101,73,51,124,20,16,36,20.5,27.96,56.99,13.98,1.08,1.08,0.0,0.0,0.0
9000008552,2025-08-12 19:00,0.777222,12,18,30,38,59,97,58,70,128,19,12,31,24.5,12.12,58.59,26.26,1.01,1.01,0.0,0.0,1.01
9000008552,2025-08-12 20:00,0.429167,5,14,19,36,29,64,68,55,123,28,10,38,24.0,1.89,77.36,13.21,3.77,1.89,1.89,1.89,0.0
9000008552,2025-08-13 05:00,0.102778,0,10,10,0,0,0,0,29,29,19,10,29,29.0,0.0,33.33,66.67,0.0,0.0,0.0,0.0,0.0
9000008552,2025-08-13 06:00,0.768333,8,3,10,8,9,17,39,18,57,22,29,51,27.0,6.82,54.55,27.27,9.09,2.27,0.0,0.0,0.0
9000008552,2025-08-13 07:00,0.758056,7,1,8,13,13,26,39,32,70,22,12,34,21.0,52.83,32.08,15.09,0.0,1.89,0.0,0.0,0.0
9000008552,2025-08-13 08:00,0.774722,5,8,13,31,26,57,58,40,98,25,14,39,26.5,3.95,48.68,42.11,1.32,0.0,1.32,1.32,1.32
9000008552,2025-08-13 09:00,0.775556,16,6,22,34,36,70,71,53,124,18,22,40,24.5,9.38,59.38,27.08,2.08,1.04,0.0,0.0,1.04
9000008552,2025-08-13 10:00,0.740278,5,5,11,42,16,58,75,61,136,27,17,45,29.0,7.92,43.56,35.64,9.9,0.99,0.0,0.0,1.98
9000008552,2025-08-13 11:00,0.745833,4,4,8,20,26,46,76,74,151,12,19,31,29.5,8.04,34.82,44.64,9.82,2.68,0.0,0.0,0.89
9000008552,2025-08-13 12:00,0.765278,4,4,8,27,24,51,91,70,161,12,10,22,31.5,11.38,31.71,39.84,9.76,2.44,0.81,1.63,2.44
9000008552,2025-08-13 13:00,0.748611,8,7,15,59,31,90,80,64,144,9,17,26,29.5,10.19,41.67,35.19,10.19,0.0,0.93,0.0,1.85
9000008552,2025-08-13 14:00,0.757778,3,5,8,59,61,120,91,57,148,12,21,33,24.5,42.86,31.25,19.64,2.68,0.0,1.79,0.0,0.89
9000008552,2025-08-13 15:00,0.766944,4,3,7,60,32,92,100,81,181,22,41,63,21.0,43.88,38.13,16.55,0.72,0.0,0.0,0.0,0.0
9000008552,2025-08-13 16:00,0.729167,4,8,12,60,34,95,73,62,134,26,16,42,24.0,8.16,59.18,30.61,2.04,0.0,0.0,0.0,0.0
9000008552,2025-08-13 17:00,0.680833,3,9,11,51,20,71,68,94,163,22,11,33,21.5,15.32,64.86,16.22,2.7,0.0,0.0,0.0,0.0
9000008552,2025-08-13 18:00,0.752222,1,19,20,39,44,83,77,67,144,10,13,24,22.0,31.19,48.62,20.18,0.92,0.0,0.0,0.0,0.0
9000008552,2025-08-13 19:00,0.782222,9,12,21,41,64,105,75,60,135,24,26,50,23.0,5.66,67.92,23.58,1.89,0.0,0.0,0.0,0.94
9000008552,2025-08-13 20:00,0.415,5,12,17,34,44,78,51,59,111,15,10,25,28.5,4.35,32.61,58.7,2.17,2.17,0.0,2.17,0.0
9000008552,2025-08-14 05:00,0.068611,0,15,15,0,0,0,0,29,29,15,29,44,28.5,50.0,0.0,50.0,0.0,0.0,0.0,0.0,0.0
9000008552,2025-08-14 06:00,0.721111,4,1,6,4,8,12,40,26,66,9,20,29,25.5,25.0,41.67,27.08,4.17,2.08,0.0,0.0,0.0
9000008552,2025-08-14 07:00,0.761111,5,1,7,13,10,23,47,36,83,14,13,27,19.5,44.44,44.44,12.7,0.0,0.0,0.0,0.0,0.0
9000008552,2025-08-14 08:00,0.795,5,4,9,40,28,68,54,43,97,24,10,34,24.5,3.9,54.55,40.26,1.3,0.0,0.0,0.0,0.0
9000008552,2025-08-14 09:00,0.772222,6,7,13,47,17,64,50,58,109,14,23,38,24.5,7.14,51.19,35.71,3.57,1.19,0.0,0.0,1.19
9000008552,2025-08-14 10:00,0.794444,11,15,26,26,16,43,78,56,133,26,13,39,25.0,2.83,56.6,35.85,2.83,0.0,0.0,0.0,1.89
9000008552,2025-08-14 11:00,0.783611,8,9,16,30,17,47,81,66,147,14,13,27,28.5,4.35,40.87,45.22,7.83,1.74,0.0,0.0,0.0
9000008552,2025-08-14 12:00,0.786389,13,5,18,25,16,42,93,90,183,18,13,31,28.5,6.94,32.64,50.0,9.03,1.39,0.0,0.0,0.0
9000008552,2025-08-14 13:00,0.775556,14,5,20,41,40,81,95,76,171,12,21,32,28.0,4.51,42.86,41.35,6.77,1.5,0.0,0.0,3.01
9000008552,2025-08-14 14:00,0.7775,1,8,9,76,43,119,51,62,113,10,13,23,23.0,39.77,34.09,22.73,2.27,0.0,0.0,0.0,1.14
9000008552,2025-08-14 15:00,0.763333,5,1,7,68,40,108,62,63,125,4,19,23,22.0,42.71,35.42,18.75,1.04,0.0,0.0,0.0,1.04
9000008552,2025-08-14 16:00,0.759722,9,5,14,67,38,105,72,91,163,13,26,39,23.5,7.26,60.48,29.03,1.61,0.81,0.0,0.81,0.0
9000008552,2025-08-14 17:00,0.741667,9,10,19,58,21,79,82,104,186,4,15,19,20.0,13.77,71.74,14.49,0.72,0.0,0.0,0.0,0.0
9000008552,2025-08-14 18:00,0.744167,11,9,20,53,66,120,95,78,173,4,11,15,20.5,26.36,57.36,16.28,0.0,0.0,0.0,0.0,0.0
9000008552,2025-08-14 19:00,0.753333,8,15,22,57,65,122,81,86,167,5,12,17,25.0,3.17,57.94,34.13,3.97,0.79,0.0,0.0,0.0
9000008552,2025-08-14 20:00,0.303889,5,15,20,65,49,114,71,87,157,13,15,28,27.0,6.25,47.92,35.42,6.25,0.0,2.08,2.08,0.0
9000008552,2025-08-15 05:00,0.080833,0,0,0,25,0,25,37,25,62,12,0,12,26.0,0.0,20.0,80.0,0.0,0.0,0.0,0.0,0.0
9000008552,2025-08-15 06:00,0.793889,1,3,4,5,6,11,41,39,81,11,28,39,26.5,23.44,39.06,31.25,6.25,0.0,0.0,0.0,0.0
9000008552,2025-08-15 07:00,0.780833,5,4,9,8,10,18,49,25,73,10,17,27,19.0,43.86,45.61,8.77,0.0,0.0,1.75,0.0,0.0
9000008552,2025-08-15 08:00,0.799167,16,5,21,12,20,32,56,26,83,19,10,29,26.5,13.64,56.06,24.24,3.03,0.0,0.0,1.52,1.52
9000008552,2025-08-15 09:00,0.752778,8,12,20,25,21,46,60,49,109,31,19,50,23.5,19.51,47.56,30.49,2.44,0.0,0.0,0.0,0.0
9000008552,2025-08-15 10:00,0.793889,5,5,10,28,19,47,88,65,154,16,23,39,24.0,9.84,59.02,27.05,3.28,0.0,0.0,0.0,0.82
9000008552,2025-08-15 11:00,0.565556,9,5,14,27,27,53,76,51,127,7,9,16,33.5,8.33,36.11,34.72,15.28,2.78,2.78,0.0,0.0
9000008552,2025-08-15 12:00,0.047222,0,0,0,12,0,12,12,12,24,0,12,12,24.0,0.0,0.0,100.0,0.0,0.0,0.0,0.0,0.0
9000008552,2025-08-15 13:00,0.485833,3,0,3,15,8,22,40,31,71,5,10,15,40.0,5.88,20.59,35.29,26.47,14.71,2.94,0.0,0.0
9000008552,2025-08-15 14:00,0.319444,0,2,2,39,47,86,129,76,205,8,16,24,29.5,24.62,33.85,27.69,9.23,3.08,0.0,1.54,1.54
9000008552,2025-08-15 15:00,0.799444,3,0,3,24,38,61,98,95,193,27,34,61,22.5,33.77,44.81,18.83,2.6,0.0,0.0,0.0,0.0
9000008552,2025-08-15 16:00,0.780556,0,0,0,48,20,69,110,66,176,14,24,39,22.5,10.95,67.88,19.71,0.73,0.73,0.0,0.0,0.73
9000008552,2025-08-15 17:00,0.764444,4,4,8,37,13,50,94,86,181,18,14,33,21.5,31.88,48.55,15.94,3.62,0.0,0.0,0.0,0.0
9000008552,2025-08-15 18:00,0.770556,5,5,10,37,27,64,94,68,162,10,6,17,22.0,29.6,50.4,19.2,0.0,0.8,0.0,0.0,0.0
9000008552,2025-08-15 19:00,0.790278,19,9,28,36,45,80,94,70,164,9,6,15,24.0,7.69,56.92,32.31,2.31,0.0,0.0,0.0,0.77
9000008552,2025-08-15 20:00,0.319167,13,12,25,40,32,72,84,84,169,8,16,24,24.5,3.7,59.26,31.48,7.41,0.0,0.0,0.0,0.0
9000008552,2025-08-16 06:00,0.629444,4,4,8,0,3,3,19,9,28,9,9,18,27.5,0.0,50.0,44.44,5.56,0.0,0.0,0.0,0.0
9000008552,2025-08-16 07:00,0.793056,0,0,0,1,3,4,18,21,39,8,10,18,29.5,0.0,38.71,48.39,6.45,3.23,0.0,0.0,3.23
9000008552,2025-08-16 08:00,0.787222,1,1,3,4,8,11,25,30,56,11,15,27,26.5,2.27,54.55,36.36,6.82,0.0,0.0,0.0,0.0
9000008552,2025-08-16 09:00,0.795,8,6,14,19,14,33,35,40,76,13,20,33,28.5,0.0,35.0,56.67,8.33,0.0,0.0,0.0,0.0
9000008552,2025-08-16 10:00,0.790833,5,5,10,19,23,42,60,32,91,15,10,25,24.5,4.17,50.0,44.44,1.39,0.0,0.0,0.0,0.0
9000008552,2025-08-16 11:00,0.789444,8,10,18,28,32,59,69,65,133,18,22,39,24.5,4.76,49.52,37.14,6.67,0.95,0.95,0.0,0.0
9000008552,2025-08-16 12:00,0.696667,9,3,11,30,20,50,79,76,155,10,13,23,29.5,9.26,37.96,39.81,8.33,0.93,1.85,0.93,0.93
9000008552,2025-08-16 13:00,0.747222,16,7,23,34,26,59,101,62,162,7,17,24,26.5,12.4,44.63,33.06,7.44,1.65,0.0,0.83,0.83
9000008552,2025-08-16 14:00,0.764444,3,1,4,65,81,146,70,37,107,12,17,29,24.5,42.68,32.93,15.85,2.44,2.44,1.22,0.0,2.44
9000008552,2025-08-16 15:00,0.734444,0,1,1,23,28,51,79,76,156,24,22,46,20.5,44.74,38.6,14.04,0.0,1.75,0.0,0.0,0.88
9000008552,2025-08-16 16:00,0.755556,1,4,5,20,20,40,34,37,71,24,48,72,27.0,11.11,51.85,24.07,7.41,3.7,0.0,0.0,1.85
9000008552,2025-08-16 17:00,0.709167,1,0,1,13,10,22,52,65,116,31,20,50,21.5,21.95,57.32,17.07,2.44,1.22,0.0,0.0,0.0
9000008552,2025-08-16 18:00,0.753889,1,4,5,16,24,39,61,64,124,20,16,35,20.0,42.55,43.62,12.77,1.06,1.06,0.0,0.0,0.0
9000008552,2025-08-16 19:00,0.784722,6,2,9,45,38,83,74,79,153,27,12,38,24.0,6.67,54.17,34.17,3.33,0.83,0.0,0.83,0.0
9000008552,2025-08-16 20:00,0.345278,3,3,5,26,22,48,102,87,188,12,6,18,24.0,7.69,56.92,32.31,1.54,0.0,0.0,0.0,0.0
9000008552,2025-08-17 06:00,0.731944,1,0,1,3,1,4,16,14,30,4,8,12,29.0,9.09,27.27,50.0,4.55,0.0,0.0,0.0,4.55
9000008552,2025-08-17 07:00,0.779444,0,1,1,9,3,12,15,17,31,10,11,22,28.5,4.17,25.0,62.5,8.33,0.0,0.0,0.0,0.0
9000008552,2025-08-17 08:00,0.780833,1,1,3,8,4,12,26,13,39,9,8,17,29.0,6.67,26.67,53.33,13.33,0.0,0.0,0.0,0.0
9000008552,2025-08-17 09:00,0.751389,6,5,11,17,7,24,37,24,61,4,9,13,25.0,2.17,36.96,56.52,4.35,0.0,0.0,0.0,0.0
9000008552,2025-08-17 10:00,0.692778,1,7,9,10,19,29,43,53,96,6,6,12,28.0,13.43,32.84,44.78,5.97,2.99,0.0,0.0,0.0
9000008552,2025-08-17 11:00,0.723611,1,2,3,22,19,41,54,43,97,12,6,18,30.5,7.14,38.57,38.57,14.29,0.0,1.43,0.0,0.0
9000008552,2025-08-17 12:00,0.700833,0,3,3,19,19,38,43,56,99,8,6,14,29.0,7.25,33.33,50.72,5.8,1.45,1.45,0.0,1.45
9000008552,2025-08-17 13:00,0.756944,12,1,13,37,20,57,47,61,108,11,9,20,30.5,2.44,37.8,43.9,12.2,1.22,1.22,1.22,0.0
9000008552,2025-08-17 14:00,0.786944,0,3,3,40,61,100,76,22,98,8,5,13,21.5,50.65,29.87,18.18,1.3,0.0,0.0,0.0,0.0
9000008552,2025-08-17 15:00,0.769444,0,1,1,22,32,54,55,53,108,25,10,35,25.5,45.78,28.92,16.87,3.61,2.41,0.0,1.2,1.2
9000008552,2025-08-17 16:00,0.765833,1,0,1,18,20,38,36,47,83,51,18,69,25.5,14.06,57.81,18.75,7.81,0.0,0.0,0.0,1.56
9000008552,2025-08-17 17:00,0.736389,3,5,8,15,4,19,61,52,113,20,7,27,20.5,13.1,69.05,14.29,2.38,0.0,0.0,0.0,0.0
9000008552,2025-08-17 18:00,0.760278,0,8,8,37,26,63,69,48,118,21,13,34,25.0,14.61,50.56,30.34,3.37,2.25,0.0,0.0,0.0
9000008552,2025-08-17 19:00,0.794722,6,4,10,29,56,85,81,66,147,14,9,23,23.0,4.27,65.81,27.35,1.71,0.85,0.0,0.0,0.0
9000008552,2025-08-17 20:00,0.331111,4,3,6,40,25,66,73,66,138,6,14,20,28.0,4.35,39.13,45.65,6.52,2.17,0.0,0.0,0.0
9000008552,2025-08-18 05:00,0.008333,0,0,0,0,0,0,0,0,0,0,0,0,,0.0,0.0,0.0,0.0,0.0,0.0,0.0,0.0
9000008552,2025-08-18 06:00,0.766944,1,4,5,5,5,10,30,40,70,21,20,41,27.0,46.3,16.67,35.19,1.85,0.0,0.0,0.0,1.85
9000008552,2025-08-18 07:00,0.728889,14,8,22,13,7,20,39,20,60,7,24,31,20.0,41.86,44.19,11.63,0.0,2.33,0.0,0.0,0.0
9000008552,2025-08-18 08:00,0.790833,28,18,46,27,15,42,71,37,107,21,15,37,27.0,2.35,49.41,42.35,5.88,0.0,0.0,0.0,0.0
9000008552,2025-08-18 09:00,0.753889,13,12,25,31,19,49,76,37,113,15,24,38,23.0,29.41,48.24,15.29,5.88,1.18,0.0,0.0,0.0
9000008552,2025-08-18 10:00,0.766667,18,29,47,19,38,57,69,64,133,22,20,42,25.0,3.92,52.94,37.25,4.9,0.0,0.0,0.0,0.98
9000008552,2025-08-18 11:00,0.741389,12,15,27,41,23,64,77,44,121,12,12,24,29.0,11.11,41.11,36.67,5.56,3.33,2.22,0.0,1.11
9000008552,2025-08-18 12:00,0.706944,10,4,14,57,36,94,93,34,128,17,9,25,29.0,6.67,44.44,36.67,6.67,2.22,1.11,1.11,1.11
9000008552,2025-08-18 13:00,0.751944,4,4,8,44,36,80,60,46,106,5,5,11,41.5,8.75,25.0,36.25,12.5,11.25,5.0,0.0,1.25
9000008552,2025-08-18 14:00,0.723333,4,1,5,81,60,142,57,59,116,10,11,21,29.5,36.9,29.76,20.24,7.14,2.38,1.19,0.0,2.38
9000008552,2025-08-18 15:00,0.711667,3,8,11,36,37,73,78,66,144,28,17,45,22.0,37.25,44.12,15.69,1.96,0.0,0.98,0.0,0.98
9000008552,2025-08-18 16:00,0.736944,5,11,16,43,33,76,61,30,91,31,28,59,22.0,22.39,58.21,16.42,2.99,0.0,0.0,0.0,0.0
9000008552,2025-08-18 17:00,0.692222,4,12,16,59,11,70,89,88,177,33,23,56,21.5,22.76,58.54,16.26,0.0,1.63,0.0,0.0,0.81
9000008552,2025-08-18 18:00,0.727778,7,16,23,19,53,72,73,69,142,6,9,15,30.0,20.39,42.72,22.33,10.68,3.88,0.97,0.0,0.0
9000008552,2025-08-18 19:00,0.782778,18,33,51,59,58,117,88,73,161,4,9,13,32.0,7.94,38.1,36.51,8.73,2.38,3.97,0.79,1.59
9000008552,2025-08-18 20:00,0.345833,20,20,39,17,36,53,104,70,174,6,3,9,42.0,5.0,35.0,40.0,3.33,6.67,0.0,0.0,10.0
9000008552,2025-08-19 06:00,0.697778,3,10,13,7,6,13,34,24,57,7,10,17,25.5,35.0,17.5,47.5,0.0,0.0,0.0,0.0,0.0
9000008552,2025-08-19 07:00,0.747222,15,8,23,14,8,22,36,31,67,11,20,31,25.0,46.0,20.0,32.0,2.0,0.0,0.0,0.0,0.0
9000008552,2025-08-19 08:00,0.793333,23,6,29,33,28,60,86,33,118,16,13,29,26.5,7.45,48.94,39.36,2.13,0.0,1.06,0.0,1.06
9000008552,2025-08-19 09:00,0.775,27,23,50,18,27,45,84,50,134,19,17,36,23.5,25.0,50.0,23.08,0.96,0.96,0.0,0.0,0.0
9000008552,2025-08-19 10:00,0.760556,16,14,30,19,22,42,75,49,123,26,22,48,25.0,10.64,48.94,36.17,4.26,0.0,0.0,0.0,0.0
9000008552,2025-08-19 11:00,0.753333,7,6,12,31,29,60,81,43,124,10,8,18,28.0,12.77,35.11,42.55,6.38,2.13,2.13,0.0,0.0
9000008552,2025-08-19 12:00,0.724444,6,1,7,32,28,60,77,55,132,11,5,17,36.0,9.47,27.37,37.89,15.79,6.32,1.05,0.0,2.11
9000008552,2025-08-19 13:00,0.751389,5,4,9,35,43,77,68,61,129,4,13,18,39.0,6.19,25.77,35.05,20.62,7.22,1.03,1.03,3.09
9000008552,2025-08-19 14:00,0.757778,3,4,7,71,73,144,58,28,86,16,13,29,22.5,55.38,26.15,12.31,3.08,3.08,0.0,0.0,0.0
9000008552,2025-08-19 15:00,0.738333,4,4,8,57,33,89,109,88,197,34,28,62,19.5,54.48,33.1,11.03,1.38,0.0,0.0,0.0,0.0
9000008552,2025-08-19 16:00,0.685278,4,3,7,44,47,91,89,86,175,18,40,57,21.5,20.83,60.83,17.5,0.83,0.0,0.0,0.0,0.0
9000008552,2025-08-19 17:00,0.683333,3,15,18,37,21,57,81,116,196,45,26,71,19.5,18.66,68.66,12.69,0.0,0.0,0.0,0.0,0.0
9000008552,2025-08-19 18:00,0.695833,7,11,18,42,32,74,74,61,135,16,12,28,21.5,32.98,45.74,19.15,2.13,0.0,0.0,0.0,0.0
9000008552,2025-08-19 19:00,0.784722,24,28,52,51,55,105,71,43,115,26,18,43,23.0,7.78,62.22,27.78,2.22,0.0,0.0,0.0,0.0
9000008552,2025-08-19 20:00,0.250556,18,12,30,36,36,72,89,85,173,15,18,33,22.0,4.65,69.77,23.26,0.0,2.33,0.0,0.0,0.0
9000008552,2025-08-20 06:00,0.745833,14,7,21,13,3,16,30,21,50,18,20,38,24.5,28.95,36.84,28.95,5.26,0.0,0.0,0.0,2.63
9000008552,2025-08-20 07:00,0.761944,13,7,20,21,8,29,54,30,84,21,13,34,26.0,12.5,39.06,42.19,3.12,1.56,0.0,0.0,1.56
9000008552,2025-08-20 08:00,0.769167,13,8,21,27,23,50,70,48,118,21,30,50,29.0,2.2,52.75,32.97,7.69,2.2,1.1,0.0,1.1
9000008552,2025-08-20 09:00,0.739444,9,11,20,41,24,65,47,49,96,15,22,36,27.0,4.23,49.3,38.03,5.63,2.82,0.0,0.0,0.0
9000008552,2025-08-20 10:00,0.760278,11,10,21,40,21,61,70,72,142,21,48,69,27.0,8.33,46.3,37.04,3.7,1.85,0.0,0.0,2.78
9000008552,2025-08-20 11:00,0.756667,3,4,7,28,14,42,69,48,118,18,16,34,27.0,20.22,39.33,30.34,5.62,2.25,0.0,0.0,2.25
9000008552,2025-08-20 12:00,0.738333,11,9,20,38,20,58,95,96,191,7,20,27,30.0,4.96,30.5,50.35,9.22,2.13,1.42,0.0,1.42
9000008552,2025-08-20 13:00,0.693056,7,4,12,42,32,73,89,68,157,19,23,42,33.5,11.93,29.36,38.53,10.09,4.59,0.92,1.83,2.75
9000008552,2025-08-20 14:00,0.749444,5,8,13,88,59,146,79,35,114,22,14,37,24.5,38.37,32.56,24.42,2.33,1.16,0.0,0.0,1.16
9000008552,2025-08-20 15:00,0.760556,13,13,26,37,34,71,63,65,128,58,20,78,25.0,19.59,40.21,37.11,2.06,0.0,1.03,0.0,0.0
9000008552,2025-08-20 16:00,0.768333,12,27,39,23,35,59,54,56,110,49,21,70,26.0,10.59,50.59,31.76,4.71,0.0,1.18,0.0,1.18
9000008552,2025-08-20 17:00,0.763611,9,17,26,24,38,63,45,56,101,21,34,55,23.5,9.09,59.74,29.87,2.6,0.0,0.0,0.0,0.0
9000008552,2025-08-20 18:00,0.767778,5,19,25,40,45,85,57,54,111,27,36,63,23.0,12.94,62.35,20.0,3.53,0.0,0.0,0.0,1.18
9000008552,2025-08-20 19:00,0.782778,27,47,74,50,50,100,87,66,153,23,20,43,24.0,3.33,63.33,30.83,1.67,0.83,0.0,0.0,0.0
9000008552,2025-08-20 20:00,0.2775,31,24,56,42,68,110,80,67,148,0,12,12,23.5,4.88,65.85,24.39,0.0,0.0,0.0,4.88,0.0
9000008552,2025-08-21 06:00,0.585278,9,3,12,1,5,6,49,27,76,20,25,45,22.5,17.78,57.78,22.22,2.22,2.22,0.0,0.0,0.0
9000008552,2025-08-21 07:00,0.762222,14,3,17,8,6,14,58,25,83,16,12,27,24.5,44.44,31.75,20.63,3.17,0.0,0.0,0.0,1.59
9000008552,2025-08-21 08:00,0.796944,10,6,16,30,29,59,72,46,118,24,21,45,26.5,3.19,52.13,35.11,6.38,3.19,0.0,0.0,0.0
9000008552,2025-08-21 09:00,0.771389,14,12,26,31,13,44,91,69,159,17,19,36,23.0,23.58,51.22,22.76,1.63,0.0,0.0,0.0,0.81
9000008552,2025-08-21 10:00,0.759167,10,20,30,27,31,57,95,64,159,18,26,45,26.0,7.44,45.45,42.98,4.13,0.0,0.0,0.0,0.0
9000008552,2025-08-21 11:00,0.7575,5,7,12,34,20,54,94,63,157,10,17,28,29.5,5.88,42.86,38.66,10.08,0.84,0.0,0.84,1.68
9000008552,2025-08-21 12:00,0.717222,8,0,8,34,21,55,70,63,132,14,20,34,30.0,8.42,29.47,47.37,8.42,2.11,1.05,1.05,2.11
9000008552,2025-08-21 13:00,0.753056,5,4,9,53,39,92,81,55,136,7,16,23,28.5,4.9,35.29,48.04,11.76,0.0,0.0,0.0,0.0
9000008552,2025-08-21 14:00,0.765556,5,7,12,82,72,154,86,60,146,8,7,14,20.0,41.96,42.86,12.5,2.68,0.0,0.0,0.0,0.0
9000008552,2025-08-21 15:00,0.748056,5,4,9,79,37,116,99,70,170,10,32,41,19.5,59.06,27.56,11.81,0.79,0.0,0.79,0.0,0.0
9000008552,2025-08-21 16:00,0.685,0,3,3,90,34,124,80,73,153,16,23,39,19.5,20.0,67.62,11.43,0.95,0.0,0.0,0.0,0.0
9000008552,2025-08-21 17:00,0.657778,3,3,6,42,6,48,90,93,183,39,26,65,17.0,46.67,49.17,4.17,0.0,0.0,0.0,0.0,0.0
9000008552,2025-08-21 18:00,0.688056,9,13,21,39,38,77,82,65,147,5,14,20,22.5,37.62,39.6,17.82,1.98,0.99,0.0,0.0,0.99
9000008552,2025-08-21 19:00,0.784167,17,38,55,46,65,111,98,83,181,11,15,27,23.5,2.82,62.68,32.39,1.41,0.7,0.0,0.0,0.0
9000008552,2025-08-21 20:00,0.192222,16,21,36,57,42,99,73,62,135,10,10,21,24.0,7.69,50.0,38.46,0.0,0.0,0.0,0.0,3.85
9000008552,2025-08-22 06:00,0.608611,13,9,22,10,5,15,39,34,73,13,24,37,28.5,6.82,36.36,50.0,2.27,6.82,0.0,0.0,2.27
9000008552,2025-08-22 07:00,0.791944,9,6,15,15,6,21,38,34,72,17,11,28,27.0,7.02,52.63,33.33,5.26,1.75,0.0,0.0,0.0
9000008552,2025-08-22 08:00,0.784167,17,9,26,36,28,63,60,38,98,14,19,33,27.5,7.79,49.35,33.77,6.49,0.0,1.3,0.0,1.3
9000008552,2025-08-22 09:00,0.778333,10,10,20,35,28,63,70,54,124,15,10,26,24.5,11.46,50.0,34.38,2.08,0.0,1.04,0.0,1.04
9000008552,2025-08-22 10:00,0.726389,8,10,18,50,14,64,69,75,144,24,15,39,32.5,12.38,28.57,40.0,13.33,1.9,0.0,0.95,2.86
9000008552,2025-08-22 11:00,0.721389,8,0,8,43,15,59,77,64,141,17,17,33,30.5,8.82,41.18,34.31,10.78,0.98,2.94,0.0,0.98
9000008552,2025-08-22 12:00,0.725556,8,4,12,40,37,76,87,89,176,16,18,34,31.0,9.38,40.62,33.59,9.38,3.12,0.78,0.0,3.12
9000008552,2025-08-22 13:00,0.748889,9,9,19,68,40,108,60,111,171,4,24,27,33.5,5.47,25.78,46.09,14.84,2.34,0.0,2.34,3.12
9000008552,2025-08-22 14:00,0.759722,6,14,21,50,51,102,110,80,191,13,14,27,26.0,22.07,37.24,33.79,4.83,0.69,0.0,0.0,1.38
9000008552,2025-08-22 15:00,0.771667,5,14,19,50,32,83,98,80,178,16,40,56,24.5,13.14,45.26,37.96,2.92,0.0,0.0,0.73,0.0
9000008552,2025-08-22 16:00,0.788611,18,32,50,44,37,81,100,77,178,5,18,23,24.5,5.71,58.57,32.86,2.86,0.0,0.0,0.0,0.0
9000008552,2025-08-22 17:00,0.787778,23,29,52,49,40,89,125,84,209,13,22,34,24.0,7.88,60.0,30.3,1.82,0.0,0.0,0.0,0.0
9000008552,2025-08-22 18:00,0.783333,8,18,26,45,41,86,111,83,194,5,14,19,25.5,4.61,53.29,39.47,1.97,0.66,0.0,0.0,0.0
9000008552,2025-08-22 19:00,0.772222,14,20,35,32,30,62,92,74,166,7,7,13,26.0,7.03,46.88,39.06,6.25,0.0,0.0,0.0,0.78
9000008552,2025-08-22 20:00,0.024167,0,0,0,83,83,166,83,41,124,0,0,0,23.0,0.0,66.67,33.33,0.0,0.0,0.0,0.0,0.0
9000008552,2025-08-23 06:00,0.450556,3,2,4,3,3,5,17,14,31,8,15,23,23.5,0.0,50.0,50.0,0.0,0.0,0.0,0.0,0.0
9000008552,2025-08-23 07:00,0.730556,4,3,6,11,6,16,20,23,43,5,12,17,25.5,3.12,50.0,46.88,0.0,0.0,0.0,0.0,0.0
9000008552,2025-08-23 08:00,0.773611,1,6,8,13,4,17,43,22,65,4,6,10,29.5,8.0,46.0,32.0,10.0,2.0,0.0,0.0,2.0
9000008552,2025-08-23 09:00,0.751389,3,0,3,24,4,28,46,35,81,5,13,18,30.0,11.48,29.51,44.26,6.56,3.28,1.64,1.64,1.64
9000008552,2025-08-23 10:00,0.741667,1,5,7,24,23,47,44,57,101,6,16,22,29.0,9.33,29.33,49.33,5.33,5.33,0.0,1.33,0.0
9000008552,2025-08-23 11:00,0.738056,2,4,6,46,21,67,49,75,124,0,8,8,34.0,17.58,19.78,38.46,12.09,3.3,4.4,0.0,3.3
9000008552,2025-08-23 12:00,0.602778,6,4,9,26,15,41,65,42,107,10,6,15,28.5,10.77,33.85,46.15,6.15,3.08,0.0,0.0,1.54
9000008552,2025-08-23 13:00,0.761944,8,4,12,33,34,67,66,63,129,16,12,28,36.0,8.16,29.59,36.73,18.37,1.02,2.04,0.0,4.08
9000008552,2025-08-23 14:00,0.716667,10,7,17,35,16,51,129,87,216,25,17,41,28.5,21.94,32.9,34.84,7.1,1.94,0.65,0.65,0.65
9000008552,2025-08-23 15:00,0.755278,8,8,16,41,37,78,128,52,180,26,26,53,26.0,33.82,37.5,20.59,5.15,0.74,0.0,0.74,0.74
9000008552,2025-08-23 16:00,0.748889,7,25,31,25,9,34,106,71,177,22,19,40,24.5,32.33,36.09,28.57,3.01,0.0,0.0,0.0,0.0
9000008552,2025-08-23 17:00,0.721944,11,4,16,28,10,37,109,89,198,19,29,48,19.0,25.87,63.64,8.39,0.7,0.0,0.0,0.0,1.4
9000008552,2025-08-23 18:00,0.705556,7,14,21,29,20,49,76,63,140,10,13,23,22.5,29.29,51.52,14.14,5.05,0.0,0.0,0.0,1.01
9000008552,2025-08-23 19:00,0.790278,29,25,54,30,45,76,108,80,187,13,19,32,24.0,7.43,57.43,33.11,1.35,0.68,0.0,0.0,0.0
9000008552,2025-08-23 20:00,0.1225,16,33,49,49,33,82,139,114,253,24,8,33,24.0,6.45,61.29,22.58,9.68,0.0,0.0,0.0,0.0
9000008552,2025-08-24 06:00,0.269722,3,3,5,3,12,15,20,8,28,3,5,8,17.0,75.0,25.0,12.5,0.0,0.0,0.0,0.0,0.0
9000008552,2025-08-24 07:00,0.788056,0,6,6,3,0,3,8,10,18,1,8,9,25.0,7.14,50.0,42.86,0.0,0.0,0.0,0.0,0.0
9000008552,2025-08-24 08:00,0.798889,5,4,9,6,1,8,20,13,33,2,10,12,43.0,0.0,30.77,46.15,3.85,7.69,0.0,3.85,7.69
9000008552,2025-08-24 09:00,0.783611,8,4,12,4,10,14,23,23,46,6,10,17,26.0,8.33,50.0,41.67,0.0,0.0,0.0,0.0,0.0
9000008552,2025-08-24 10:00,0.765,12,14,26,5,8,13,48,33,81,8,5,13,29.5,9.68,30.65,46.77,8.06,4.84,0.0,0.0,0.0
9000008552,2025-08-24 11:00,0.725556,3,3,6,14,16,30,36,33,69,8,8,17,38.5,8.0,28.0,38.0,12.0,4.0,2.0,0.0,8.0
9000008552,2025-08-24 12:00,0.722778,4,1,6,19,14,33,43,44,87,6,11,17,31.0,9.52,26.98,46.03,15.87,0.0,1.59,0.0,0.0
9000008552,2025-08-24 13:00,0.711944,3,13,16,40,46,86,45,45,90,11,5,16,38.5,9.38,23.44,39.06,15.62,6.25,0.0,0.0,6.25
9000008552,2025-08-24 14:00,0.728333,7,3,10,29,30,59,39,48,87,11,14,25,27.0,15.87,41.27,31.75,6.35,0.0,3.17,0.0,1.59
9000008552,2025-08-24 15:00,0.776389,5,17,22,31,34,64,67,53,120,18,34,52,25.0,11.83,44.09,38.71,5.38,0.0,0.0,0.0,0.0
9000008552,2025-08-24 16:00,0.771389,17,23,40,30,35,65,83,66,149,8,7,14,24.5,6.09,52.17,40.0,0.87,0.0,0.87,0.0,0.0
9000008552,2025-08-24 17:00,0.7725,4,17,21,37,35,72,88,79,167,14,10,25,28.5,6.2,36.43,46.51,6.2,0.78,1.55,0.0,2.33
9000008552,2025-08-24 18:00,0.743333,4,16,20,39,35,74,78,62,140,23,9,32,24.5,12.5,46.15,32.69,5.77,1.92,0.0,0.0,0.96
9000008552,2025-08-24 19:00,0.788889,14,25,39,29,33,62,77,62,139,17,11,28,25.5,6.36,54.55,35.45,1.82,0.91,0.0,0.0,0.91
9000008552,2025-08-24 20:00,0.051389,0,0,0,19,39,58,117,58,175,0,19,19,24.5,0.0,55.56,33.33,11.11,0.0,0.0,0.0,0.0
9000008552,2025-08-25 06:00,0.524444,21,3,25,6,10,16,38,34,72,23,24,47,26.5,13.16,44.74,34.21,2.63,0.0,2.63,0.0,2.63
9000008552,2025-08-25 07:00,0.791111,15,4,19,14,8,22,64,26,91,23,30,53,26.0,2.78,66.67,22.22,5.56,1.39,0.0,0.0,1.39
9000008552,2025-08-25 08:00,0.783889,27,18,45,17,31,47,76,53,130,22,17,38,25.0,4.9,51.96,39.22,2.94,0.98,0.0,0.0,0.0
9000008552,2025-08-25 09:00,0.786667,21,25,47,37,27,64,82,60,142,33,28,61,24.5,6.25,58.04,30.36,4.46,0.0,0.0,0.0,0.89
9000008552,2025-08-25 10:00,0.795833,18,22,39,29,21,50,79,64,143,39,26,65,24.0,4.39,59.65,34.21,0.88,0.0,0.0,0.88,0.0
9000008552,2025-08-25 11:00,0.791944,11,24,35,29,27,55,87,68,155,47,36,83,25.5,8.94,46.34,41.46,3.25,0.0,0.0,0.0,0.0
9000008552,2025-08-25 12:00,0.778889,18,22,40,40,36,76,88,116,205,33,18,52,28.0,14.47,44.65,32.08,7.55,0.63,0.63,0.0,0.0
9000008552,2025-08-25 13:00,0.768333,5,12,17,46,23,69,86,90,176,26,25,51,26.0,11.85,42.96,37.04,5.93,0.74,0.74,0.74,0.0
9000008552,2025-08-25 14:00,0.766111,9,12,21,30,44,74,76,77,153,39,25,64,26.0,11.11,43.59,34.19,5.98,1.71,1.71,1.71,0.0
9000008552,2025-08-25 15:00,0.765833,9,17,26,23,30,53,83,81,164,37,30,67,25.0,9.52,57.14,28.57,3.97,0.0,0.0,0.0,0.79
9000008552,2025-08-25 16:00,0.728889,4,15,19,37,34,72,85,73,158,34,37,71,18.0,50.43,40.0,7.83,0.87,0.87,0.0,0.0,0.0
9000008552,2025-08-25 17:00,0.733333,0,10,10,27,1,29,87,114,202,38,34,72,18.5,31.08,61.49,6.08,0.68,0.0,0.0,0.0,0.68
9000008552,2025-08-25 18:00,0.720556,12,10,22,23,30,53,109,68,177,26,19,46,23.0,25.78,52.34,17.97,2.34,0.0,0.78,0.0,1.56
9000008552,2025-08-25 19:00,0.740556,17,24,41,44,51,95,86,77,162,19,20,39,25.0,6.67,60.0,25.83,3.33,1.67,0.83,0.0,1.67
9000008552,2025-08-25 20:00,0.039722,25,0,25,126,50,176,201,76,277,0,0,0,28.5,9.09,45.45,36.36,0.0,0.0,0.0,0.0,9.09
9000008552,2025-08-26 06:00,0.612778,6,6,13,9,8,16,53,21,74,13,18,30,30.0,4.44,33.33,48.89,6.67,6.67,0.0,0.0,2.22
9000008552,2025-08-26 07:00,0.781389,4,0,4,24,9,33,60,22,82,19,20,39,25.0,3.12,48.44,42.19,6.25,0.0,0.0,0.0,0.0
9000008552,2025-08-26 08:00,0.780833,10,4,14,40,36,76,87,63,150,19,13,32,24.5,5.98,49.57,38.46,2.56,2.56,0.0,0.0,0.85
9000008552,2025-08-26 09:00,0.770556,8,8,15,34,34,67,78,55,132,18,30,48,23.5,24.51,49.02,20.59,5.88,0.0,0.0,0.0,0.0
9000008552,2025-08-26 10:00,0.734722,8,28,37,30,22,52,96,75,170,18,15,33,30.0,5.6,40.0,40.0,8.8,2.4,0.8,2.4,0.0
9000008552,2025-08-26 11:00,0.549167,5,6,11,35,16,51,87,46,133,14,12,26,46.0,9.59,52.05,13.7,6.85,2.74,4.11,2.74,6.85
9000008552,2025-08-26 12:00,0.747222,4,1,6,25,20,45,76,65,140,8,18,26,32.5,15.24,32.38,36.19,8.57,5.71,0.95,1.9,0.0
9000008552,2025-08-26 13:00,0.760833,3,3,5,29,35,64,73,52,125,7,5,12,35.0,13.68,33.68,31.58,12.63,4.21,3.16,0.0,2.11
9000008552,2025-08-26 14:00,0.75,5,8,13,71,76,147,84,44,128,13,13,27,24.0,43.75,31.25,14.58,4.17,3.12,1.04,1.04,1.04
9000008552,2025-08-26 15:00,0.765556,3,3,5,60,47,107,100,75,174,30,18,48,19.0,48.12,40.6,11.28,0.0,0.0,0.0,0.0,0.0
9000008552,2025-08-26 16:00,0.7525,4,8,12,79,34,112,79,103,181,34,32,66,22.0,39.42,41.61,17.52,0.0,0.0,0.73,0.0,0.73
9000008552,2025-08-26 17:00,0.730278,9,12,22,52,11,62,115,140,255,35,15,51,20.5,31.72,52.15,15.05,0.54,0.0,0.0,0.0,0.54
9000008552,2025-08-26 18:00,0.750278,12,29,41,42,33,76,109,68,177,20,14,34,23.5,19.55,54.89,20.3,4.51,0.0,0.0,0.75,0.0
9000008552,2025-08-26 19:00,0.776389,16,28,44,40,56,96,78,84,162,13,14,27,24.5,7.14,55.56,29.37,3.97,1.59,1.59,0.79,0.0
9000008552,2025-08-26 20:00,0.022222,45,0,45,45,90,135,45,0,45,0,0,0,24.0,0.0,0.0,100.0,0.0,0.0,0.0,0.0,0.0
9000008552,2025-08-27 06:00,0.586944,7,7,14,9,5,14,46,34,80,22,24,46,28.5,8.51,34.04,46.81,6.38,2.13,0.0,0.0,2.13
9000008552,2025-08-27 07:00,0.788889,6,4,10,28,9,37,51,39,90,24,31,54,27.0,5.63,33.8,53.52,5.63,1.41,0.0,0.0,0.0
9000008552,2025-08-27 08:00,0.791944,6,9,15,37,27,63,72,41,113,30,18,48,25.5,12.22,46.67,37.78,3.33,0.0,0.0,0.0,0.0
9000008552,2025-08-27 09:00,0.769444,10,16,26,33,34,66,73,57,130,29,26,55,26.5,8.0,45.0,40.0,6.0,1.0,0.0,0.0,0.0
9000008552,2025-08-27 10:00,0.775556,11,12,22,27,15,43,82,69,152,31,36,67,25.5,11.02,49.15,33.05,3.39,0.85,1.69,0.0,0.85
9000008552,2025-08-27 11:00,0.781389,10,13,23,47,21,68,126,69,195,26,26,51,24.0,19.74,48.68,27.63,1.97,1.32,0.0,0.0,0.66
9000008552,2025-08-27 12:00,0.771389,6,1,8,23,19,42,87,99,187,14,14,29,31.5,6.94,34.03,43.06,12.5,2.08,0.0,0.69,1.39
9000008552,2025-08-27 13:00,0.765278,5,10,16,47,41,87,101,71,172,9,12,21,31.5,3.82,40.46,38.17,15.27,2.29,0.0,0.0,0.0
9000008552,2025-08-27 14:00,0.751389,0,9,9,93,74,168,96,56,152,5,22,28,27.0,31.3,25.22,33.04,7.83,1.74,0.0,0.0,0.87
9000008552,2025-08-27 15:00,0.754722,1,5,7,37,36,73,78,53,132,24,49,73,21.5,42.42,40.4,10.1,5.05,0.0,1.01,0.0,1.01
9000008552,2025-08-27 16:00,0.727778,12,13,26,46,20,66,72,77,149,47,30,77,21.0,41.28,42.2,11.93,1.83,0.92,0.0,0.0,1.83
9000008552,2025-08-27 17:00,0.757778,9,13,22,37,29,66,82,74,156,24,21,45,20.0,22.03,62.71,14.41,0.85,0.0,0.0,0.0,0.0
9000008552,2025-08-27 18:00,0.723056,11,24,35,65,65,129,114,65,179,10,13,23,21.5,26.36,55.04,15.5,2.33,0.78,0.0,0.0,0.0
9000008552,2025-08-27 19:00,0.743056,20,16,35,50,62,112,84,73,157,9,13,23,24.5,4.27,53.85,37.61,2.56,0.85,0.0,0.0,0.0
9000008552,2025-08-27 20:00,0.039722,0,25,25,50,126,176,76,76,151,0,25,25,28.5,0.0,50.0,50.0,0.0,0.0,0.0,0.0,0.0
9000008552,2025-08-28 06:00,0.347222,23,6,29,3,5,8,51,39,90,21,17,38,29.0,0.0,35.48,51.61,3.23,0.0,3.23,0.0,3.23
9000008552,2025-08-28 07:00,0.325,9,3,12,3,11,13,46,33,79,12,15,27,28.5,19.23,26.92,42.31,7.69,0.0,0.0,0.0,0.0
9000008552,2025-08-28 08:00,0.589722,22,19,41,34,18,52,107,47,155,20,16,36,26.5,10.99,52.75,31.87,2.2,0.0,2.2,0.0,0.0
9000008552,2025-08-28 09:00,0.788333,15,22,37,29,25,54,91,68,160,20,20,41,27.0,3.17,43.65,46.03,6.35,0.0,0.0,0.0,0.79
9000008552,2025-08-28 10:00,0.779444,18,15,33,30,22,52,79,62,141,22,21,42,25.0,8.18,49.09,40.0,2.73,0.0,0.0,0.0,0.0
9000008552,2025-08-28 11:00,0.781667,19,20,40,28,15,43,91,58,148,33,36,69,26.0,7.76,50.0,34.48,7.76,0.0,0.0,0.0,0.0
9000008552,2025-08-28 12:00,0.771944,14,13,27,30,17,47,96,80,176,18,31,50,28.0,11.76,41.91,36.03,8.09,1.47,0.0,0.74,0.0
9000008552,2025-08-28 13:00,0.785278,13,25,38,28,17,45,96,82,177,18,24,42,26.0,2.88,43.88,47.48,5.04,0.72,0.0,0.0,0.0
9000008552,2025-08-28 14:00,0.781389,16,28,45,23,33,56,128,97,226,44,18,63,26.0,10.23,48.3,34.09,5.68,0.57,0.0,0.0,1.14
9000008552,2025-08-28 15:00,0.7775,12,35,47,35,31,66,155,93,248,28,22,50,24.0,19.69,48.19,26.94,5.18,0.0,0.0,0.0,0.0
9000008552,2025-08-28 16:00,0.786389,19,35,54,39,32,71,151,104,256,24,23,47,24.5,6.47,51.74,38.81,1.99,0.5,0.0,0.0,0.0
9000008552,2025-08-28 17:00,0.786111,18,37,55,33,23,56,130,98,228,22,23,45,27.5,8.94,40.78,45.25,3.35,1.12,0.0,0.56,0.0
9000008552,2025-08-28 18:00,0.764722,24,51,75,34,35,69,124,105,229,16,10,26,27.5,7.43,40.57,43.43,7.43,0.57,0.57,0.0,0.0
9000008552,2025-08-28 19:00,0.615556,11,13,24,33,55,88,132,73,204,8,8,16,27.5,8.73,36.51,46.83,5.56,3.17,0.0,0.0,0.0
9000008552,2025-08-29 06:00,0.365833,0,5,5,2,4,6,64,34,98,13,25,37,31.5,0.0,38.89,38.89,22.22,0.0,0.0,0.0,0.0
9000008552,2025-08-29 07:00,0.798056,8,4,11,14,5,19,63,21,84,9,16,25,23.0,0.0,73.13,20.9,4.48,1.49,0.0,0.0,0.0
9000008552,2025-08-29 08:00,0.785278,12,3,14,17,23,40,93,59,152,14,14,28,26.5,8.4,47.9,36.13,5.88,0.84,0.84,0.0,0.0
9000008552,2025-08-29 09:00,0.7925,17,15,32,19,25,44,61,44,105,20,23,43,23.5,10.84,65.06,21.69,1.2,1.2,0.0,0.0,0.0
9000008552,2025-08-29 10:00,0.778056,15,27,43,21,18,39,104,48,152,29,21,50,24.0,13.56,52.54,31.36,2.54,0.0,0.0,0.0,0.0
9000008552,2025-08-29 11:00,0.776667,14,23,37,29,20,48,92,52,145,23,24,48,25.0,7.14,48.21,42.86,1.79,0.0,0.0,0.0,0.89
9000008552,2025-08-29 12:00,0.763056,18,29,48,50,21,71,120,122,242,24,14,38,28.5,5.98,42.39,40.76,7.61,1.09,1.09,0.0,0.54
9000008552,2025-08-29 13:00,0.779167,23,32,55,28,23,51,139,109,248,39,30,68,27.0,5.18,47.67,40.93,4.66,1.04,0.0,0.0,0.52
9000008552,2025-08-29 14:00,0.772778,21,27,48,34,27,61,107,96,203,23,31,54,25.0,15.29,46.5,31.85,3.82,1.91,0.0,0.0,0.64
9000008552,2025-08-29 15:00,0.775278,22,18,40,34,39,72,134,98,232,50,31,81,24.5,15.0,48.89,30.56,5.0,0.56,0.0,0.0,0.0
9000008552,2025-08-29 16:00,0.764444,25,14,39,39,24,62,110,69,179,27,30,57,22.5,20.44,56.93,19.71,2.19,0.0,0.0,0.0,0.73
9000008552,2025-08-29 17:00,0.788333,19,24,43,38,35,74,129,95,225,39,18,57,24.5,6.78,57.06,32.77,3.39,0.0,0.0,0.0,0.0
9000008552,2025-08-29 18:00,0.773056,16,40,56,51,43,94,133,89,222,30,17,47,24.0,6.98,61.05,28.49,2.91,0.0,0.58,0.0,0.0
9000008552,2025-08-29 19:00,0.742222,22,32,53,41,48,88,95,82,176,24,15,39,23.5,9.16,61.83,26.72,1.53,0.0,0.0,0.0,0.0
9000008552,2025-08-30 06:00,0.370556,3,3,5,8,0,8,28,24,52,5,13,18,28.0,0.0,31.58,63.16,5.26,0.0,0.0,0.0,0.0
9000008552,2025-08-30 07:00,0.801667,4,3,6,5,5,10,19,10,29,10,10,20,27.5,0.0,43.48,47.83,8.7,0.0,0.0,0.0,0.0
9000008552,2025-08-30 08:00,0.786389,9,3,11,6,6,13,22,33,55,9,1,10,26.0,2.33,48.84,48.84,0.0,0.0,0.0,0.0,0.0
9000008552,2025-08-30 09:00,0.776944,4,9,13,19,20,39,47,48,95,11,12,23,25.5,1.35,51.35,41.89,4.05,0.0,0.0,0.0,0.0
9000008552,2025-08-30 10:00,0.774167,13,14,27,40,25,65,62,61,123,13,12,25,25.0,8.42,43.16,46.32,1.05,1.05,0.0,0.0,0.0
9000008552,2025-08-30 11:00,0.767222,3,6,9,30,27,57,91,99,190,8,12,20,28.5,3.42,36.3,50.0,8.9,0.0,0.68,0.0,0.68
9000008552,2025-08-30 12:00,0.767778,7,8,14,40,21,61,121,94,215,5,13,18,29.5,7.27,36.36,42.42,9.7,1.21,1.21,0.0,1.82
9000008552,2025-08-30 13:00,0.753056,11,4,15,52,32,85,109,87,196,4,5,9,30.5,10.14,35.81,37.84,8.78,1.35,0.68,1.35,3.38
9000008552,2025-08-30 14:00,0.773611,17,23,40,61,32,93,143,95,238,35,23,58,24.5,10.87,55.98,27.17,4.89,0.0,0.0,0.54,1.09
9000008552,2025-08-30 15:00,0.779722,14,22,36,37,41,78,205,90,295,22,18,40,23.0,15.22,59.13,24.78,0.87,0.0,0.0,0.0,0.0
9000008552,2025-08-30 16:00,0.773611,18,20,38,52,39,91,140,114,254,29,14,43,24.5,16.24,45.69,31.98,2.54,2.54,0.51,0.0,0.51
9000008552,2025-08-30 17:00,0.748056,18,29,48,24,26,50,95,88,183,20,21,41,20.5,33.58,49.64,16.79,0.0,0.0,0.0,0.0,0.0
9000008552,2025-08-30 18:00,0.723611,17,8,26,29,34,63,125,83,208,7,21,28,21.5,24.67,56.67,12.67,3.33,1.33,0.67,0.0,0.0
9000008552,2025-08-30 19:00,0.669167,23,26,49,56,44,100,137,74,210,8,9,16,22.0,8.51,68.09,21.99,0.71,0.0,0.0,0.0,0.71
9000008552,2025-08-31 06:00,0.521667,2,3,5,3,0,3,7,13,19,6,3,9,27.5,0.0,40.0,60.0,0.0,0.0,0.0,0.0,0.0
9000008552,2025-08-31 07:00,0.795556,4,4,8,3,3,5,9,14,23,6,8,14,24.5,0.0,33.33,66.67,0.0,0.0,0.0,0.0,0.0
9000008552,2025-08-31 08:00,0.7975,3,9,11,10,3,13,24,19,42,8,10,17,31.5,0.0,29.41,52.94,14.71,0.0,2.94,0.0,0.0
9000008552,2025-08-31 09:00,0.739167,12,3,15,15,12,27,21,38,59,4,1,5,24.5,2.27,59.09,31.82,2.27,2.27,0.0,2.27,0.0
9000008552,2025-08-31 10:00,0.781111,11,15,27,23,9,32,38,42,81,5,11,17,26.0,4.76,41.27,47.62,6.35,0.0,0.0,0.0,0.0
9000008552,2025-08-31 11:00,0.74,8,8,16,14,24,38,60,41,101,7,7,13,29.5,5.33,29.33,53.33,8.0,2.67,0.0,0.0,1.33
9000008552,2025-08-31 12:00,0.777222,3,18,20,27,27,54,84,44,128,5,14,19,31.0,5.0,25.0,52.0,12.0,2.0,2.0,0.0,1.0
9000008552,2025-08-31 13:00,0.774167,7,6,13,34,37,71,76,59,135,4,8,11,31.5,4.81,31.73,45.19,14.42,0.0,0.96,0.96,1.92
9000008552,2025-08-31 14:00,0.706111,6,14,20,45,69,114,71,54,124,4,7,11,27.5,47.73,21.59,19.32,5.68,1.14,1.14,0.0,3.41
9000008552,2025-08-31 15:00,0.743056,3,4,7,71,59,130,44,36,80,7,15,21,19.0,59.32,28.81,10.17,1.69,0.0,0.0,0.0,0.0
9000008552,2025-08-31 16:00,0.746667,17,16,34,37,29,66,63,55,118,13,13,26,23.5,26.14,48.86,20.45,3.41,0.0,0.0,1.14,0.0
9000008552,2025-08-31 17:00,0.707778,10,13,23,27,8,35,116,59,176,15,18,34,14.0,65.32,31.45,3.23,0.0,0.0,0.0,0.0,0.0
9000008552,2025-08-31 18:00,0.686667,19,23,43,40,33,74,83,95,177,11,16,28,23.0,34.43,40.16,21.31,0.0,0.0,0.0,0.0,3.28
9000008552,2025-08-31 19:00,0.73,18,30,48,23,50,74,101,61,162,12,13,25,23.5,10.08,63.03,20.17,2.52,1.68,0.84,0.0,0.84
9000008552,2025-09-01 06:00,0.459722,13,16,29,11,7,19,49,27,77,18,28,46,26.5,2.86,57.14,34.29,2.86,0.0,2.86,2.86,0.0
9000008552,2025-09-01 07:00,0.784722,17,13,29,14,6,20,61,45,106,8,25,33,25.5,6.02,62.65,21.69,4.82,2.41,0.0,1.2,1.2
9000008552,2025-09-01 08:00,0.786667,29,23,52,41,37,77,102,50,151,14,17,30,23.5,12.61,57.14,27.73,0.84,0.84,0.84,0.0,0.0
9000008552,2025-09-01 09:00,0.731944,18,23,40,40,29,69,108,52,160,18,19,37,19.5,30.77,54.7,12.82,0.85,0.0,0.0,0.0,0.0
9000008552,2025-09-01 10:00,0.771111,25,32,57,27,31,58,83,75,158,16,29,45,25.0,10.66,51.64,34.43,3.28,0.0,0.0,0.0,0.0
9000008552,2025-09-01 11:00,0.785,12,14,26,28,22,50,121,89,210,18,22,40,27.5,13.33,44.24,33.33,4.24,2.42,1.21,0.61,0.61
9000008552,2025-09-01 12:00,0.785833,10,9,19,23,18,41,127,107,234,17,13,29,27.5,12.5,41.85,36.96,6.52,1.09,1.09,0.0,0.0
9000008552,2025-09-01 13:00,0.766389,3,12,14,36,34,71,131,100,231,9,12,21,30.0,5.08,38.42,41.81,10.73,2.82,0.56,0.0,1.13
9000008552,2025-09-01 14:00,0.708333,4,4,9,81,62,143,106,82,188,14,8,22,26.5,43.61,27.82,20.3,3.76,1.5,2.26,0.0,1.5
9000008552,2025-09-01 15:00,0.757222,7,13,20,57,50,108,92,79,171,26,37,64,20.5,45.74,38.76,13.18,3.1,0.0,0.0,0.0,0.0
9000008552,2025-09-01 16:00,0.730556,10,22,31,31,23,55,87,83,171,22,34,56,21.0,41.6,40.8,16.0,0.0,0.0,0.8,0.0,0.8
9000008552,2025-09-01 17:00,0.754444,22,28,50,29,31,60,109,72,181,26,28,54,19.0,32.85,57.66,8.76,0.0,0.0,0.0,0.0,1.46
9000008552,2025-09-01 18:00,0.786667,24,28,52,47,71,119,116,110,225,16,15,32,23.0,15.25,58.19,25.42,0.56,0.0,0.0,0.0,0.56
9000008552,2025-09-01 19:00,0.601111,13,18,31,70,88,158,86,110,195,5,9,14,29.5,9.4,43.59,34.19,13.68,0.0,0.0,0.0,0.0
9000008552,2025-09-02 07:00,0.587222,12,1,14,15,9,23,67,39,105,13,13,26,29.0,4.84,33.87,51.61,9.68,0.0,0.0,0.0,0.0
9000008552,2025-09-02 08:00,0.775278,21,19,40,37,12,49,103,44,147,16,19,35,25.5,10.53,49.12,32.46,6.14,1.75,0.0,0.0,0.0
9000008552,2025-09-02 09:00,0.788611,14,22,36,40,19,59,126,60,186,14,29,43,25.0,6.12,49.66,40.14,3.4,0.0,0.0,0.0,0.0
9000008552,2025-09-02 10:00,0.782778,22,15,37,33,14,47,115,84,199,23,22,45,24.5,8.33,51.92,33.97,4.49,0.0,0.0,0.0,1.28
9000008552,2025-09-02 11:00,0.783889,9,27,36,33,23,56,112,72,184,17,38,55,24.0,11.11,56.25,29.86,0.69,1.39,0.0,0.0,0.69
9000008552,2025-09-02 12:00,0.789167,31,38,69,38,16,54,94,74,167,15,18,33,26.5,9.85,53.03,30.3,6.06,0.76,0.0,0.0,0.0
9000008552,2025-09-02 13:00,0.784722,33,26,59,32,23,55,108,92,200,8,41,48,26.0,10.83,49.04,33.12,5.73,0.64,0.0,0.0,0.64
9000008552,2025-09-02 14:00,0.756111,19,21,40,67,16,83,160,89,249,18,38,57,24.5,24.47,42.55,28.72,2.66,1.06,0.0,0.0,0.53
9000008552,2025-09-02 15:00,0.763056,13,18,31,49,27,76,129,89,217,14,29,43,23.5,13.86,57.23,25.3,3.01,0.0,0.0,0.0,0.6
9000008552,2025-09-02 16:00,0.712222,15,25,41,50,55,106,84,105,189,20,20,40,24.0,26.87,43.28,25.37,2.99,0.75,0.0,0.0,0.75
9000008552,2025-09-02 17:00,0.711111,18,15,33,56,42,98,88,83,171,17,23,40,17.5,54.92,34.43,7.38,2.46,0.0,0.82,0.0,0.0
9000008552,2025-09-02 18:00,0.731111,7,25,32,41,33,74,145,100,245,15,21,36,22.0,28.49,50.84,16.2,2.23,0.56,0.56,0.56,0.0
9000008552,2025-09-02 19:00,0.376111,24,21,45,37,45,82,133,64,197,19,16,35,21.0,13.51,68.92,16.22,1.35,0.0,0.0,0.0,0.0
9000008552,2025-09-03 06:00,0.293056,16,0,16,2,12,13,66,36,102,17,9,27,25.5,6.67,63.33,30.0,3.33,0.0,0.0,0.0,0.0
9000008552,2025-09-03 07:00,0.785556,18,11,29,31,21,52,64,55,118,11,18,29,26.5,3.23,58.06,31.18,2.15,0.0,0.0,1.08,4.3
9000008552,2025-09-03 08:00,0.779444,29,28,58,40,51,91,132,55,187,18,13,31,23.0,10.96,63.01,19.86,3.42,0.0,1.37,0.0,1.37
9000008552,2025-09-03 09:00,0.738889,19,19,38,50,30,80,100,76,176,14,13,27,22.0,22.31,57.69,17.69,2.31,0.0,0.0,0.0,0.0
9000008552,2025-09-03 10:00,0.771389,21,27,48,28,31,59,125,61,186,13,23,36,23.5,16.08,49.65,32.17,1.4,0.0,0.0,0.0,0.7
9000008552,2025-09-03 11:00,0.773611,8,3,10,28,14,42,123,94,217,14,24,39,25.0,13.69,47.62,33.33,4.76,0.6,0.0,0.0,0.6
9000008552,2025-09-03 12:00,0.7425,1,1,3,27,20,47,105,110,216,7,23,30,29.0,16.88,45.62,25.0,10.62,1.88,0.62,0.0,0.62
9000008552,2025-09-03 13:00,0.705556,3,7,10,41,23,64,115,102,217,7,8,16,29.5,11.76,39.87,33.99,9.8,0.65,1.96,0.65,1.31
9000008552,2025-09-03 14:00,0.657222,9,5,14,109,56,165,39,87,126,8,15,23,27.0,18.07,31.33,38.55,3.61,3.61,0.0,2.41,1.2
9000008552,2025-09-03 15:00,0.671667,10,12,22,67,45,111,66,48,113,18,22,40,29.0,31.58,36.84,17.11,6.58,3.95,2.63,1.32,0.0
9000008552,2025-09-03 16:00,0.711111,1,21,22,46,50,96,90,67,157,20,24,44,24.0,52.68,25.89,15.18,3.57,0.89,1.79,0.0,0.89
9000008552,2025-09-03 17:00,0.696389,14,10,24,32,16,48,86,74,160,16,14,30,15.0,72.32,23.21,2.68,1.79,0.0,0.0,0.0,0.89
9000008552,2025-09-03 18:00,0.678333,22,17,39,55,52,107,121,71,193,13,19,32,19.0,42.75,45.8,8.4,1.53,2.29,0.0,0.0,0.0
9000008552,2025-09-03 19:00,0.636111,23,40,63,60,63,122,105,77,182,8,10,18,25.0,15.52,56.9,19.83,1.72,6.03,0.0,0.0,0.0
9000008552,2025-09-04 06:00,0.418889,7,44,51,27,7,33,27,19,46,12,34,46,27.5,10.53,57.89,15.79,5.26,0.0,0.0,0.0,5.26
9000008552,2025-09-04 07:00,0.789722,19,10,29,27,14,41,70,47,116,10,15,25,24.5,5.43,56.52,33.7,1.09,0.0,0.0,0.0,3.26
9000008552,2025-09-04 08:00,0.775278,35,28,63,32,43,75,117,68,186,18,12,30,25.0,13.89,50.69,29.86,3.47,0.69,0.0,0.0,1.39
9000008552,2025-09-04 09:00,0.768333,27,26,53,39,29,68,159,79,239,27,27,55,23.0,14.21,57.38,28.42,0.0,0.0,0.0,0.0,0.0
9000008552,2025-09-04 10:00,0.733889,18,29,46,33,26,58,128,94,222,16,21,37,24.0,7.36,56.44,34.97,0.61,0.0,0.0,0.61,0.0
9000008552,2025-09-04 11:00,0.757222,8,8,16,23,13,36,150,110,260,11,16,27,27.5,3.55,50.25,40.1,5.08,0.51,0.51,0.0,0.0
9000008552,2025-09-04 12:00,0.749167,5,5,11,44,20,64,127,117,244,19,14,33,30.0,8.74,42.08,33.88,6.01,2.73,2.19,2.19,1.64
9000008552,2025-09-04 13:00,0.770833,10,7,17,38,25,63,165,96,261,18,15,33,26.0,16.34,43.07,33.17,4.46,1.49,0.0,0.5,0.5
9000008552,2025-09-04 14:00,0.748889,3,8,11,71,57,128,97,64,161,11,17,28,24.0,35.54,39.67,17.36,4.96,0.0,1.65,0.83,0.0
9000008552,2025-09-04 15:00,0.72,10,14,23,88,79,167,85,42,128,11,36,47,20.5,52.17,31.52,10.87,2.17,1.09,0.0,0.0,2.17
9000008552,2025-09-04 16:00,0.736944,12,33,45,148,74,222,64,94,158,1,20,22,23.0,19.83,48.28,31.03,0.86,0.0,0.0,0.0,0.0
9000008552,2025-09-04 17:00,0.76,24,28,51,50,42,92,103,88,191,11,33,43,18.0,41.38,52.41,4.14,0.69,0.0,0.0,0.0,1.38
9000008552,2025-09-04 18:00,0.7625,24,47,71,71,67,138,114,88,202,4,16,20,23.5,12.99,58.44,24.68,3.9,0.0,0.0,0.0,0.0
9000008552,2025-09-04 19:00,0.47,18,44,62,61,55,117,69,70,139,4,24,27,23.0,7.69,67.69,16.92,4.62,0.0,0.0,0.0,1.54
9000008552,2025-09-05 06:00,0.183889,16,11,27,0,11,11,27,16,44,5,16,22,20.0,0.0,87.5,12.5,0.0,0.0,0.0,0.0,0.0
9000008552,2025-09-05 07:00,0.781111,10,4,14,28,13,41,61,38,99,8,22,30,28.0,8.97,43.59,39.74,6.41,0.0,0.0,0.0,1.28
9000008552,2025-09-05 08:00,0.761111,9,9,18,35,16,51,76,57,133,7,20,26,26.5,6.93,53.47,34.65,3.96,0.99,0.0,0.0,0.99
9000008552,2025-09-05 09:00,0.778333,14,14,28,39,24,63,103,59,162,15,22,37,24.5,15.08,47.62,32.54,4.76,0.0,0.0,0.0,0.0
9000008552,2025-09-05 10:00,0.785556,18,18,36,36,23,59,122,50,172,13,24,37,24.0,20.74,46.67,29.63,2.96,0.0,0.0,0.0,0.0
9000008552,2025-09-05 11:00,0.763889,10,14,25,40,25,65,130,96,226,6,18,24,25.0,12.72,50.29,28.32,4.62,1.16,1.73,0.0,0.58
9000008552,2025-09-05 12:00,0.757778,18,19,37,45,40,86,111,88,199,13,23,36,24.0,17.22,49.67,31.79,1.99,0.0,0.0,0.0,0.0
9000008552,2025-09-05 13:00,0.768056,12,14,26,37,22,59,160,124,283,23,23,47,27.5,10.55,40.37,40.83,5.96,0.46,0.46,0.0,1.38
9000008552,2025-09-05 14:00,0.773056,24,32,57,34,28,62,164,107,271,17,21,38,23.5,22.86,47.62,25.24,3.33,0.48,0.48,0.0,0.0
9000008552,2025-09-05 15:00,0.725833,5,12,18,60,46,107,82,68,149,25,34,59,22.5,40.37,41.28,14.68,0.0,1.83,0.0,0.92,0.92
9000008552,2025-09-05 16:00,0.736667,9,20,30,48,41,89,92,87,179,13,19,33,23.0,34.85,42.42,15.91,3.79,1.52,0.0,1.52,0.0
9000008552,2025-09-05 17:00,0.703056,13,14,27,22,16,37,122,84,205,23,29,51,13.5,71.53,28.47,0.0,0.0,0.0,0.0,0.0,0.0
9000008552,2025-09-05 18:00,0.703333,23,17,40,60,35,95,95,80,175,6,20,26,22.5,32.52,46.34,16.26,2.44,1.63,0.81,0.0,0.0
9000008552,2025-09-05 19:00,0.498611,20,28,48,43,65,108,160,105,265,11,19,29,22.5,12.88,65.91,17.42,2.27,0.0,0.76,0.0,0.76
9000008552,2025-09-06 06:00,0.120556,0,0,0,10,0,10,38,0,38,7,48,55,22.0,0.0,80.0,20.0,0.0,0.0,0.0,0.0,0.0
9000008552,2025-09-06 07:00,0.658333,6,5,11,4,8,12,16,22,39,3,9,12,24.5,0.0,56.0,40.0,4.0,0.0,0.0,0.0,0.0
9000008552,2025-09-06 08:00,0.783611,16,14,31,11,8,19,33,28,61,6,13,19,28.5,6.25,39.58,41.67,12.5,0.0,0.0,0.0,0.0
9000008552,2025-09-06 09:00,0.761389,10,9,20,27,17,44,46,45,91,10,16,26,24.0,5.8,55.07,36.23,1.45,0.0,1.45,0.0,0.0
9000008552,2025-09-06 10:00,0.691111,13,13,26,36,19,55,89,68,157,6,13,19,27.5,12.96,40.74,37.04,6.48,0.93,0.0,0.0,1.85
9000008552,2025-09-06 11:00,0.722222,8,0,8,24,14,38,78,67,144,3,8,11,28.5,3.85,34.62,52.88,6.73,0.96,0.96,0.96,0.0
9000008552,2025-09-06 12:00,0.733889,5,3,8,31,16,47,105,73,178,10,10,19,30.5,4.62,37.69,42.31,10.0,3.08,0.0,0.0,3.08
9000008552,2025-09-06 13:00,0.723333,4,4,8,70,27,98,137,78,214,5,11,17,30.5,11.61,41.94,30.97,10.97,3.87,0.0,0.0,1.29
9000008552,2025-09-06 14:00,0.745,16,16,32,84,38,121,95,74,168,5,21,27,23.5,36.8,35.2,23.2,2.4,0.8,0.0,0.0,1.6
9000008552,2025-09-06 15:00,0.744167,11,15,26,124,70,195,75,58,132,12,23,35,21.0,32.32,49.49,15.15,2.02,0.0,0.0,0.0,1.01
9000008552,2025-09-06 16:00,0.731667,8,14,22,83,50,133,78,84,162,8,20,29,25.0,50.42,26.89,15.13,2.52,1.68,0.0,0.84,2.52
9000008552,2025-09-06 17:00,0.695833,9,9,17,36,14,49,84,101,186,7,22,29,17.0,61.24,28.68,5.43,3.1,0.78,0.78,0.0,0.0
9000008552,2025-09-06 18:00,0.755833,24,18,42,53,54,107,158,83,241,8,23,30,22.5,15.93,62.09,18.13,2.2,0.55,0.55,0.0,0.55
9000008552,2025-09-06 19:00,0.558056,25,15,39,44,46,90,140,111,251,4,11,14,24.0,2.86,59.29,32.86,2.86,1.43,0.0,0.0,0.71
9000008552,2025-09-07 06:00,0.240833,9,5,14,4,0,4,20,22,41,8,5,13,29.5,10.0,20.0,60.0,0.0,0.0,0.0,0.0,10.0
9000008552,2025-09-07 07:00,0.588056,0,7,7,1,3,4,17,17,34,3,11,14,29.5,0.0,45.0,45.0,5.0,5.0,0.0,5.0,0.0
9000008552,2025-09-07 08:00,0.791111,15,4,19,10,5,15,19,23,42,4,11,15,29.0,3.03,24.24,63.64,3.03,6.06,0.0,0.0,0.0
9000008552,2025-09-07 09:00,0.738889,9,7,16,20,12,33,34,33,66,5,7,12,25.5,14.29,48.98,32.65,2.04,2.04,0.0,0.0,0.0
9000008552,2025-09-07 10:00,0.746944,12,9,21,15,8,23,45,47,92,5,8,13,24.0,8.82,48.53,39.71,2.94,0.0,0.0,0.0,0.0
9000008552,2025-09-07 11:00,0.756111,7,3,9,28,15,42,56,50,107,6,9,16,32.5,6.17,30.86,43.21,14.81,0.0,1.23,0.0,3.7
9000008552,2025-09-07 12:00,0.713333,5,11,17,25,13,38,66,70,136,4,4,9,34.0,9.28,32.99,34.02,17.53,3.09,2.06,0.0,3.09
9000008552,2025-09-07 13:00,0.708611,6,13,18,32,14,46,66,38,104,3,7,10,27.5,15.07,45.21,31.51,8.22,1.37,0.0,0.0,0.0
9000008552,2025-09-07 14:00,0.700833,11,15,26,49,44,93,60,37,97,11,14,26,19.0,64.71,22.06,10.29,1.47,1.47,0.0,0.0,0.0
9000008552,2025-09-07 15:00,0.7075,6,11,17,79,42,122,52,24,76,21,7,28,25.0,37.04,42.59,14.81,3.7,0.0,0.0,0.0,1.85
9000008552,2025-09-07 16:00,0.706944,13,18,31,52,63,115,67,62,129,13,17,30,22.5,52.17,25.0,17.39,3.26,0.0,0.0,0.0,1.09
9000008552,2025-09-07 17:00,0.676111,3,13,16,13,16,29,113,74,187,12,18,30,10.5,83.46,14.96,0.79,0.0,0.0,0.0,0.0,0.0
9000008552,2025-09-07 18:00,0.733056,15,19,34,41,36,77,86,55,141,11,23,34,19.5,39.42,50.0,9.62,0.0,0.96,0.0,0.96,0.0
9000008552,2025-09-07 19:00,0.497222,15,15,30,73,47,120,132,98,229,12,15,27,20.5,20.18,64.04,15.79,0.0,0.88,0.0,0.0,0.0
9000008552,2025-09-08 06:00,0.349444,26,11,37,13,5,18,69,38,107,21,30,51,25.0,2.7,56.76,40.54,0.0,0.0,0.0,0.0,0.0
9000008552,2025-09-08 07:00,0.724444,30,12,42,24,17,41,114,43,157,18,26,45,23.5,8.77,61.4,29.82,0.0,0.0,0.0,0.0,0.0
9000008552,2025-09-08 08:00,0.776111,34,27,61,41,40,81,129,82,211,13,30,42,24.5,7.32,56.1,31.1,4.27,0.0,0.0,0.0,1.22
9000008552,2025-09-08 09:00,0.731111,16,14,30,61,35,96,127,62,189,8,30,39,21.0,22.46,60.14,17.39,0.0,0.0,0.0,0.0,0.0
9000008552,2025-09-08 10:00,0.760278,14,17,31,30,35,66,112,89,201,16,21,37,24.0,9.8,52.94,35.29,1.96,0.0,0.0,0.0,0.0
9000008552,2025-09-08 11:00,0.706111,5,8,14,30,22,52,109,81,190,8,12,20,27.5,15.67,41.79,32.09,5.22,0.75,0.75,0.0,2.99
9000008552,2025-09-08 12:00,0.649167,13,9,22,65,30,95,105,97,202,9,18,28,28.0,9.16,40.46,41.22,5.34,2.29,0.0,0.0,1.53
9000008552,2025-09-08 13:00,0.709722,15,5,20,41,26,67,137,85,223,9,11,20,27.0,12.66,48.73,29.75,6.33,1.9,0.0,0.0,0.63
9000008552,2025-09-08 14:00,0.698889,3,12,14,87,48,135,60,68,128,9,27,36,28.5,28.89,42.22,16.67,4.44,2.22,2.22,2.22,1.11
9000008552,2025-09-08 15:00,0.683889,12,21,33,101,62,163,78,64,142,7,43,50,21.5,41.24,39.18,16.49,2.06,1.03,0.0,0.0,0.0
9000008552,2025-09-08 16:00,0.735833,8,20,28,132,50,182,85,105,190,3,33,35,24.0,23.57,47.86,25.0,2.14,0.71,0.0,0.0,0.71
9000008552,2025-09-08 17:00,0.689167,22,20,42,29,33,62,133,85,218,10,28,38,14.0,73.33,24.0,2.67,0.0,0.0,0.0,0.67,0.0
9000008552,2025-09-08 18:00,0.740833,12,42,54,79,45,124,94,85,178,8,16,24,21.5,25.76,53.03,21.21,0.0,0.0,0.0,0.0,0.0
9000008552,2025-09-08 19:00,0.331667,26,33,59,100,68,167,144,118,262,3,20,23,23.0,6.9,64.37,25.29,2.3,0.0,0.0,0.0,1.15
9000008552,2025-09-09 06:00,0.201389,3,3,6,19,0,19,65,50,115,3,34,37,25.5,4.35,39.13,52.17,4.35,0.0,0.0,0.0,0.0
9000008552,2025-09-09 07:00,0.788056,20,10,30,23,25,48,116,41,156,18,30,48,22.5,2.44,73.98,21.95,1.63,0.0,0.0,0.0,0.0
9000008552,2025-09-09 08:00,0.780278,36,15,51,40,39,78,148,68,216,20,23,44,21.5,14.88,66.07,18.45,0.6,0.0,0.0,0.0,0.0
9000008552,2025-09-09 09:00,0.756111,14,18,33,36,20,56,161,61,221,37,22,60,21.5,17.96,62.28,19.16,0.6,0.0,0.0,0.0,0.0
9000008552,2025-09-09 10:00,0.772222,12,17,28,34,23,57,213,66,279,38,25,62,23.0,16.28,58.6,24.65,0.47,0.0,0.0,0.0,0.0
9000008552,2025-09-09 11:00,0.756667,15,10,25,37,25,62,190,87,277,17,21,38,24.5,16.19,49.05,30.0,3.33,0.95,0.0,0.0,0.48
9000008552,2025-09-09 12:00,0.759444,12,4,16,26,19,45,198,104,301,16,13,29,26.0,14.85,44.1,34.06,4.8,0.87,0.44,0.87,0.0
9000008552,2025-09-09 13:00,0.760833,4,3,7,65,22,87,144,123,267,7,18,24,26.5,11.33,46.8,32.51,6.9,0.49,0.49,0.0,1.48
9000008552,2025-09-09 14:00,0.698056,6,4,10,107,39,146,105,87,192,19,26,44,28.5,23.88,41.04,23.13,5.22,2.99,1.49,0.75,1.49
9000008552,2025-09-09 15:00,0.715556,18,11,29,149,68,217,62,58,120,20,29,49,21.5,29.07,51.16,13.95,3.49,0.0,0.0,0.0,1.16
9000008552,2025-09-09 16:00,0.516944,8,31,39,87,107,194,83,174,257,10,20,30,23.5,12.03,56.39,28.57,2.26,0.0,0.0,0.0,0.75
9000008552,2025-09-09 17:00,0.745278,24,20,44,42,56,98,114,65,179,11,17,28,18.5,49.62,39.85,9.02,0.75,0.0,0.75,0.0,0.0
9000008552,2025-09-09 18:00,0.778611,28,46,75,55,49,104,96,103,199,12,24,36,22.0,23.23,57.42,16.77,1.29,0.0,0.65,0.0,0.65
9000008552,2025-09-09 19:00,0.374167,20,32,53,91,44,135,160,114,274,17,6,23,24.5,9.71,61.17,16.5,8.74,2.91,0.0,0.0,0.0
9000008552,2025-09-10 06:00,0.210556,77,5,82,12,10,22,40,17,57,10,7,17,31.5,8.33,50.0,33.33,16.67,0.0,0.0,0.0,0.0
9000008552,2025-09-10 07:00,0.771944,22,29,51,26,26,52,123,73,196,19,26,45,24.0,7.95,57.62,32.45,1.99,0.0,0.0,0.0,0.0
9000008552,2025-09-10 08:00,0.78,37,11,49,44,24,68,202,102,305,12,28,40,23.5,15.55,55.46,27.31,0.84,0.84,0.0,0.0,0.0
9000008552,2025-09-10 09:00,0.753056,21,10,32,32,18,51,154,66,220,17,20,37,23.5,6.02,66.27,24.1,2.41,1.2,0.0,0.0,0.0
9000008552,2025-09-10 10:00,0.698611,22,6,27,39,21,60,96,78,174,14,23,37,26.0,17.36,38.84,38.84,4.96,0.0,0.0,0.0,0.0
9000008552,2025-09-10 11:00,0.751389,13,5,18,35,13,48,107,83,190,9,20,29,25.0,16.78,39.16,38.46,3.5,1.4,0.7,0.0,0.0
9000008552,2025-09-10 12:00,0.7275,10,8,18,49,26,75,100,94,194,11,14,25,28.5,11.35,39.01,40.43,5.67,1.42,0.0,1.42,0.71
9000008552,2025-09-10 13:00,0.763889,21,31,52,41,26,67,149,72,221,16,29,44,23.5,22.02,51.19,23.21,2.98,0.6,0.0,0.0,0.0
9000008552,2025-09-10 14:00,0.768611,10,31,42,57,45,103,171,129,300,16,27,43,24.5,16.96,48.26,30.87,2.61,0.43,0.0,0.0,0.87
9000008552,2025-09-10 15:00,0.78,14,19,33,99,44,142,155,106,262,14,29,43,22.5,20.1,56.37,19.61,2.45,0.98,0.0,0.0,0.49
9000008552,2025-09-10 16:00,0.7625,22,16,38,51,43,94,156,116,272,14,21,35,24.0,17.39,53.14,23.67,3.86,0.97,0.0,0.0,0.97
9000008552,2025-09-10 17:00,0.775556,30,40,70,67,52,119,165,118,283,16,27,43,23.0,22.83,51.6,23.29,1.83,0.46,0.0,0.0,0.0
9000008552,2025-09-10 18:00,0.779444,24,28,53,58,62,119,196,99,295,6,13,19,23.0,7.83,66.09,23.04,0.87,1.3,0.87,0.0,0.0
9000008552,2025-09-10 19:00,0.222778,10,50,60,50,53,102,176,118,294,0,29,29,23.5,13.85,43.08,41.54,1.54,1.54,0.0,0.0,1.54
9000008552,2025-09-11 06:00,0.159444,23,7,31,7,35,42,76,34,109,7,27,35,26.0,0.0,58.82,35.29,5.88,0.0,0.0,0.0,0.0
9000008552,2025-09-11 07:00,0.786111,17,18,34,14,28,42,100,44,145,13,22,34,23.5,9.65,57.89,29.82,1.75,0.0,0.0,0.0,0.88
9000008552,2025-09-11 08:00,0.781111,49,21,69,41,29,70,176,71,248,19,30,49,23.0,6.7,65.98,24.74,2.06,0.52,0.0,0.0,0.0
9000008552,2025-09-11 09:00,0.720278,22,22,44,22,25,47,151,67,218,21,21,42,20.5,29.94,54.14,15.29,0.64,0.0,0.0,0.0,0.0
9000008552,2025-09-11 10:00,0.755278,27,24,51,35,29,64,111,70,181,22,21,44,24.5,13.87,50.36,31.39,3.65,0.0,0.0,0.73,0.0
9000008552,2025-09-11 11:00,0.759722,12,9,21,37,20,57,107,96,203,10,20,30,26.0,14.29,44.16,35.71,5.19,0.65,0.0,0.0,0.0
9000008552,2025-09-11 12:00,0.744722,3,1,4,39,19,58,108,71,180,8,13,21,34.0,11.94,29.85,35.07,12.69,7.46,1.49,0.75,0.75
9000008552,2025-09-11 13:00,0.688333,4,6,10,50,27,77,129,95,223,15,10,25,29.5,16.23,45.45,24.68,7.79,2.6,1.3,0.0,2.6
9000008552,2025-09-11 14:00,0.714722,10,14,23,102,47,149,84,107,190,23,30,53,30.5,19.85,38.97,25.0,11.03,0.74,2.21,0.0,1.47
9000008552,2025-09-11 15:00,0.706944,3,8,11,105,60,165,69,71,140,25,30,55,27.0,16.16,48.48,24.24,10.1,1.01,0.0,1.01,0.0
9000008552,2025-09-11 16:00,0.740278,17,20,37,55,36,91,144,128,273,27,34,61,24.0,22.77,46.53,27.72,1.98,0.5,0.5,0.0,0.0
9000008552,2025-09-11 17:00,0.730556,8,15,23,38,44,82,110,147,257,15,27,42,26.5,16.49,45.21,29.26,6.38,1.06,0.0,0.53,0.53
9000008552,2025-09-11 18:00,0.436944,16,18,34,55,41,96,180,151,331,11,11,21,26.5,22.76,42.07,32.41,1.38,0.0,0.69,0.69,1.38
9000008552,2025-09-11 19:00,0.211667,3,21,24,30,24,54,123,145,268,15,15,30,28.5,8.77,38.6,42.11,8.77,0.0,0.0,0.0,0.0
9000008552,2025-09-12 06:00,0.285556,16,8,24,5,11,16,66,26,92,10,16,26,25.5,3.85,53.85,42.31,3.85,0.0,0.0,0.0,0.0
9000008552,2025-09-12 07:00,0.779722,27,17,44,9,10,19,91,38,130,21,22,42,23.5,6.93,57.43,33.66,1.98,0.0,0.0,0.0,0.0
9000008552,2025-09-12 08:00,0.771111,20,11,31,32,22,54,145,60,205,17,25,41,25.0,8.23,55.7,32.91,2.53,0.0,0.63,0.0,0.0
9000008552,2025-09-12 09:00,0.774167,12,12,23,45,24,70,124,72,196,16,21,36,23.0,13.82,60.53,23.03,1.97,0.0,0.0,0.0,0.66
9000008552,2025-09-12 10:00,0.764167,12,17,29,35,27,63,110,80,190,18,21,39,28.0,4.14,43.45,41.38,6.9,2.76,1.38,0.0,0.0
9000008552,2025-09-12 11:00,0.760278,6,15,22,28,18,47,140,82,222,19,26,45,26.5,15.38,44.38,32.54,5.92,0.59,0.59,0.0,0.59
9000008552,2025-09-12 12:00,0.588056,18,8,26,77,18,95,169,104,273,15,11,26,27.5,13.04,46.58,31.06,6.21,0.62,0.62,1.24,1.24
9000008552,2025-09-12 13:00,0.725556,9,11,20,75,48,123,128,115,243,18,21,39,24.5,25.57,37.5,30.11,3.41,1.14,1.14,0.0,1.7
9000008552,2025-09-12 14:00,0.701667,10,16,26,151,94,245,90,105,195,4,21,26,27.0,47.45,24.82,16.06,8.76,1.46,0.0,0.73,0.73
9000008552,2025-09-12 15:00,0.699167,9,9,17,62,43,106,67,98,165,22,29,51,27.0,37.93,33.62,18.97,6.9,1.72,0.0,0.0,0.86
9000008552,2025-09-12 16:00,0.680278,10,21,31,75,31,106,128,137,265,27,34,60,31.0,33.33,27.78,22.78,10.0,2.78,1.11,0.56,1.67
9000008552,2025-09-12 17:00,0.704722,14,8,23,33,44,77,100,72,173,21,20,41,20.5,58.2,26.23,9.02,2.46,2.46,0.0,0.0,1.64
9000008552,2025-09-12 18:00,0.743333,22,27,48,50,40,90,141,87,228,21,26,47,22.5,23.67,55.03,17.16,2.96,0.0,0.59,0.59,0.0
9000008552,2025-09-12 19:00,0.273056,28,29,58,45,50,95,146,123,269,15,19,35,24.0,19.18,56.16,21.92,1.37,0.0,1.37,0.0,0.0
9000008552,2025-09-13 06:00,0.115278,0,0,0,0,9,9,9,26,35,9,17,26,24.0,0.0,25.0,75.0,0.0,0.0,0.0,0.0,0.0
9000008552,2025-09-13 07:00,0.781944,1,3,4,3,0,3,23,24,47,8,14,22,31.5,0.0,35.14,45.95,18.92,0.0,0.0,0.0,0.0
9000008552,2025-09-13 08:00,0.7875,14,8,22,13,9,22,48,41,89,5,15,20,25.0,4.29,50.0,41.43,2.86,1.43,0.0,0.0,0.0
9000008552,2025-09-13 09:00,0.7725,17,10,27,14,13,27,67,49,117,7,19,26,25.0,5.56,48.89,41.11,4.44,0.0,0.0,0.0,0.0
9000008552,2025-09-13 10:00,0.761389,13,11,24,28,14,42,96,75,171,24,13,37,25.0,5.38,56.92,33.85,3.08,0.77,0.0,0.0,0.0
9000008552,2025-09-13 11:00,0.758333,12,20,32,34,30,65,87,78,166,9,13,22,29.0,7.14,39.68,41.27,5.56,3.97,2.38,0.0,0.0
9000008552,2025-09-13 12:00,0.773889,5,12,17,48,37,85,140,89,229,3,14,17,29.0,6.78,40.68,40.68,7.34,1.69,1.13,0.56,1.13
9000008552,2025-09-13 13:00,0.751944,11,4,15,81,40,120,159,110,269,7,12,19,27.5,9.41,48.02,32.67,3.96,2.48,0.5,0.5,2.48
9000008552,2025-09-13 14:00,0.760278,17,20,36,81,45,126,152,125,277,8,14,22,24.5,13.27,53.55,29.38,1.9,0.47,0.47,0.95,0.0
9000008552,2025-09-13 15:00,0.733889,11,23,34,63,35,98,101,89,189,11,23,34,24.0,21.58,46.76,27.34,2.16,0.72,0.0,0.72,0.72
9000008552,2025-09-13 16:00,0.723056,12,21,33,59,39,98,181,117,298,12,12,25,26.0,14.35,47.22,31.94,4.63,0.93,0.0,0.0,0.93
9000008552,2025-09-13 17:00,0.740278,16,18,34,49,37,86,137,99,236,9,15,24,24.5,37.36,29.89,25.86,4.6,1.15,0.57,0.0,0.57
9000008552,2025-09-13 18:00,0.717778,24,23,46,21,43,63,154,98,252,15,14,30,23.5,18.78,56.91,20.44,3.31,0.0,0.55,0.0,0.0
9000008552,2025-09-13 19:00,0.193333,3,18,21,83,35,117,120,106,226,11,7,18,25.0,13.64,56.82,22.73,6.82,0.0,0.0,0.0,2.27
9000008552,2025-09-14 07:00,0.169722,0,0,0,16,12,29,15,37,52,16,16,33,24.0,0.0,33.33,66.67,0.0,0.0,0.0,0.0,0.0
9000008552,2025-09-14 08:00,0.789444,1,9,10,0,1,1,23,15,38,5,9,14,27.5,0.0,36.67,56.67,3.33,0.0,0.0,0.0,3.33
9000008552,2025-09-14 09:00,0.770278,10,16,26,9,9,18,41,31,72,8,10,18,27.0,1.82,40.0,54.55,3.64,0.0,0.0,0.0,0.0
9000008552,2025-09-14 10:00,0.791389,10,19,29,5,9,14,40,44,85,9,10,19,29.5,1.49,35.82,49.25,11.94,1.49,0.0,0.0,0.0
9000008552,2025-09-14 11:00,0.761389,18,19,37,17,19,36,91,38,129,7,16,22,26.5,5.1,56.12,33.67,3.06,0.0,0.0,1.02,1.02
9000008552,2025-09-14 12:00,0.711944,8,13,21,27,20,47,98,66,165,9,12,22,34.0,6.84,35.04,36.75,11.11,0.85,2.56,0.85,5.13
9000008552,2025-09-14 13:00,0.711389,7,4,11,48,17,65,95,77,172,4,4,8,32.0,3.28,39.34,39.34,11.48,2.46,2.46,1.64,0.0
9000008552,2025-09-14 14:00,0.732222,8,6,14,36,49,85,44,63,106,10,19,29,32.0,5.13,34.62,42.31,12.82,3.85,0.0,1.28,0.0
9000008552,2025-09-14 15:00,0.655,9,7,17,73,45,118,60,73,133,21,22,42,29.0,17.24,39.08,32.18,5.75,2.3,2.3,0.0,1.15
9000008552,2025-09-14 16:00,0.683611,21,25,45,72,47,118,84,79,163,10,14,25,25.0,18.92,43.24,34.23,3.6,0.0,0.0,0.0,0.0
9000008552,2025-09-14 17:00,0.679722,9,25,34,28,48,76,112,71,183,13,21,34,19.5,66.94,19.35,12.9,0.81,0.0,0.0,0.0,0.0
9000008552,2025-09-14 18:00,0.742778,12,31,43,38,29,67,100,74,173,7,13,20,22.0,26.36,52.71,18.6,1.55,0.0,0.78,0.0,0.0
9000008552,2025-09-14 19:00,0.244167,23,5,28,25,39,64,141,119,260,28,7,36,23.0,7.94,68.25,19.05,0.0,4.76,0.0,0.0,1.59
9000008552,2025-09-15 07:00,0.230833,27,30,57,48,18,66,197,67,264,13,45,58,26.0,14.75,49.18,29.51,3.28,1.64,0.0,0.0,4.92
9000008552,2025-09-15 08:00,0.700278,27,15,42,38,12,50,194,74,269,18,34,52,25.0,12.77,52.13,29.79,5.85,0.0,0.0,0.0,0.0
9000008552,2025-09-15 09:00,0.685833,15,24,39,32,18,50,174,75,249,30,22,52,25.0,8.77,54.39,31.58,4.09,0.0,0.0,0.0,0.58
9000008552,2025-09-15 10:00,0.693333,19,17,36,52,33,85,126,83,209,23,14,37,28.5,12.41,44.14,32.41,6.9,2.07,0.69,0.0,1.38
9000008552,2025-09-15 11:00,0.686944,4,7,12,57,47,104,133,98,231,9,7,16,29.0,17.09,43.04,27.85,9.49,1.27,0.0,0.0,1.27
9000008552,2025-09-15 12:00,0.675556,22,20,42,60,31,91,139,135,273,20,18,39,26.0,15.14,49.73,24.86,4.86,1.62,1.62,1.62,0.54
9000008552,2025-09-15 13:00,0.688611,15,13,29,55,22,77,99,96,196,17,43,60,26.0,12.59,42.22,40.74,2.22,1.48,0.0,0.0,0.74
9000008552,2025-09-15 14:00,0.727222,5,19,24,100,31,131,115,113,228,21,26,47,28.0,19.88,36.14,34.94,7.83,0.6,0.0,0.0,0.6
9000008552,2025-09-15 15:00,0.725556,23,29,52,78,47,124,108,106,214,27,37,65,25.0,18.71,43.23,30.97,7.1,0.0,0.0,0.0,0.0
9000008552,2025-09-15 16:00,0.699167,21,23,44,74,36,110,152,126,278,24,34,58,27.5,18.04,44.85,26.29,6.7,2.06,0.52,0.52,1.03
9000008552,2025-09-15 17:00,0.696389,24,31,56,36,21,57,110,111,221,55,26,81,20.0,60.39,24.68,14.29,0.65,0.0,0.0,0.0,0.0
9000008552,2025-09-15 18:00,0.758056,22,37,59,46,51,97,131,107,238,34,29,63,21.0,25.56,56.67,15.56,1.11,0.56,0.0,0.0,0.56
9000008552,2025-09-15 19:00,0.269167,18,37,55,41,49,89,121,112,233,25,18,42,23.5,12.7,60.32,20.63,0.0,4.76,0.0,1.59,0.0
9000008552,2025-09-16 06:00,0.056111,0,0,0,36,0,36,89,36,125,36,71,107,20.0,14.29,71.43,14.29,0.0,0.0,0.0,0.0,0.0
9000008552,2025-09-16 07:00,0.581389,16,17,32,20,24,44,129,51,180,28,27,55,25.0,5.71,52.38,37.14,0.95,0.0,3.81,0.0,0.0
9000008552,2025-09-16 08:00,0.770833,36,16,52,40,37,77,141,71,212,44,24,68,24.0,7.32,58.54,32.32,1.83,0.0,0.0,0.0,0.0
9000008552,2025-09-16 09:00,0.246111,27,5,33,21,47,68,121,100,221,55,13,68,26.5,14.81,42.59,37.04,5.56,1.85,1.85,0.0,0.0
9000008552,2025-09-19 06:00,0.041667,24,0,24,72,0,72,120,72,192,0,24,24,34.0,12.5,12.5,50.0,12.5,0.0,0.0,0.0,12.5
9000008552,2025-09-19 07:00,0.781111,8,9,17,22,22,44,91,42,133,17,23,39,23.5,12.5,58.65,25.0,1.92,0.96,0.96,0.0,0.0
9000008552,2025-09-19 08:00,0.781111,17,20,37,35,26,60,122,77,199,14,18,32,24.5,13.55,48.39,36.77,1.94,0.0,0.0,0.0,0.0
9000008552,2025-09-19 09:00,0.789722,11,9,20,29,18,47,118,71,189,23,24,47,24.0,12.08,56.38,27.52,3.36,0.67,0.0,0.0,0.0
9000008552,2025-09-19 10:00,0.787778,24,11,35,29,18,47,115,94,210,22,32,53,24.0,14.55,47.88,35.76,1.82,0.0,0.0,0.0,0.0
9000008552,2025-09-19 11:00,0.375833,5,13,18,61,27,88,108,44,152,26,58,84,24.5,17.54,50.88,29.82,1.75,0.0,0.0,0.0,1.75
9000008552,2025-09-19 15:00,0.3375,11,16,27,70,106,176,78,91,170,52,17,70,24.0,31.58,36.84,24.56,5.26,0.0,0.0,0.0,0.0
9000008552,2025-09-19 16:00,0.766667,8,27,35,52,64,116,99,115,214,69,25,94,25.0,12.8,50.0,34.15,1.83,0.61,0.0,0.61,0.0
9000008552,2025-09-19 17:00,0.703889,3,3,6,13,36,48,91,118,209,56,28,84,18.5,63.27,26.53,8.16,1.36,0.0,0.0,0.0,0.68
9000008552,2025-09-19 18:00,0.766944,4,7,10,44,59,103,102,94,196,40,16,56,21.5,38.67,42.0,16.67,0.67,0.0,0.67,0.0,1.33
9000008552,2025-09-19 19:00,0.145833,0,7,7,69,62,130,165,137,302,34,14,48,24.0,6.82,63.64,27.27,0.0,0.0,0.0,0.0,2.27
9000008552,2025-09-21 06:00,0.047778,0,21,21,0,21,21,0,21,21,0,42,42,24.0,0.0,0.0,100.0,0.0,0.0,0.0,0.0,0.0
9000008552,2025-09-21 07:00,0.663056,1,2,4,1,1,2,17,18,34,5,12,18,27.5,0.0,39.13,56.52,4.35,0.0,0.0,0.0,0.0
9000008552,2025-09-21 08:00,0.782778,0,9,9,8,5,13,13,28,41,5,9,14,27.0,0.0,21.88,75.0,3.12,0.0,0.0,0.0,0.0
9000008552,2025-09-21 09:00,0.753333,3,5,8,9,7,16,31,29,60,5,9,15,27.5,4.44,40.0,51.11,4.44,0.0,0.0,0.0,0.0
9000008552,2025-09-21 10:00,0.748333,6,9,16,26,20,46,54,50,104,7,7,14,27.0,1.28,44.87,46.15,7.69,0.0,0.0,0.0,1.28
9000008552,2025-09-21 11:00,0.746389,19,25,44,20,27,47,58,68,126,17,5,23,29.5,6.38,29.79,50.0,10.64,2.13,1.06,0.0,0.0
9000008552,2025-09-21 12:00,0.750278,11,14,25,29,26,55,72,53,125,13,11,24,31.0,2.13,27.66,53.19,11.7,3.19,1.06,1.06,0.0
9000008552,2025-09-21 13:00,0.766389,9,4,13,59,22,82,84,97,181,10,8,18,31.5,5.04,36.69,41.01,13.67,1.44,1.44,0.0,0.72
9000008552,2025-09-21 14:00,0.7525,11,9,20,48,36,84,89,107,196,30,13,44,27.5,15.65,38.78,36.73,8.16,0.68,0.0,0.0,0.0
9000008552,2025-09-21 15:00,0.775556,9,18,27,39,37,76,90,82,172,31,22,53,28.0,4.51,49.62,36.09,6.77,1.5,0.0,0.0,1.5
9000008552,2025-09-21 16:00,0.723056,10,15,25,44,35,80,125,77,203,23,20,43,24.5,6.12,57.82,32.65,1.36,0.68,0.0,0.0,0.68
9000008552,2025-09-21 17:00,0.573333,4,5,9,30,33,64,103,64,167,21,8,29,25.0,6.25,60.42,26.04,4.17,1.04,1.04,0.0,1.04
9000008552,2025-09-22 07:00,0.6575,8,6,13,19,19,38,98,66,164,23,31,55,26.5,7.41,47.22,40.74,3.7,0.93,0.93,0.0,0.93
9000008552,2025-09-22 08:00,0.775556,14,9,23,40,31,71,193,67,260,31,25,55,24.0,10.89,51.98,34.16,2.48,0.5,0.0,0.0,0.0
9000008552,2025-09-22 09:00,0.785,13,14,27,32,19,51,205,87,292,69,24,93,22.5,14.41,63.32,20.52,1.75,0.0,0.0,0.0,0.0
9000008552,2025-09-22 10:00,0.790833,10,16,26,30,33,63,118,72,190,39,29,68,24.5,11.33,52.67,32.0,2.67,0.0,0.67,0.0,0.67
9000008552,2025-09-22 11:00,0.785833,6,6,13,28,22,49,100,61,162,44,29,74,25.0,11.81,52.76,32.28,2.36,0.79,0.0,0.0,0.0
9000008552,2025-09-22 12:00,0.786111,13,13,25,29,33,62,121,50,170,44,39,84,23.0,10.45,62.69,26.12,0.75,0.0,0.0,0.0,0.0
9000008552,2025-09-22 13:00,0.781111,4,10,14,38,37,76,120,117,237,54,24,78,24.5,14.05,47.57,35.14,2.7,0.0,0.54,0.0,0.0
9000008552,2025-09-22 14:00,0.779444,9,10,19,32,44,76,132,135,267,48,31,79,26.0,14.9,45.67,34.13,4.33,0.0,0.0,0.0,0.96
9000008552,2025-09-22 15:00,0.778056,19,19,39,37,49,86,142,128,270,57,37,94,24.0,15.24,55.24,29.05,0.48,0.0,0.0,0.0,0.0
9000008552,2025-09-22 16:00,0.771667,12,25,36,56,52,108,157,97,255,50,40,91,22.5,21.32,54.31,22.34,1.02,0.51,0.51,0.0,0.0
9000008552,2025-09-22 17:00,0.774167,10,21,31,54,52,106,151,101,252,44,26,70,25.0,14.87,53.33,27.18,2.56,0.51,0.0,0.51,1.03
9000008552,2025-09-22 18:00,0.780278,10,23,33,37,42,79,153,118,271,26,26,51,24.0,13.68,52.36,29.72,2.83,0.0,1.42,0.0,0.0
9000008552,2025-09-22 19:00,0.080833,0,0,0,99,25,124,173,87,260,25,0,25,24.0,0.0,57.14,42.86,0.0,0.0,0.0,0.0,0.0
9000008552,2025-09-23 06:00,0.050278,40,0,40,20,40,60,60,40,99,80,0,80,28.0,0.0,0.0,100.0,0.0,0.0,0.0,0.0,0.0
9000008552,2025-09-23 07:00,0.789444,24,19,43,23,30,53,99,45,143,24,22,46,24.0,2.65,51.33,43.36,1.77,0.0,0.0,0.88,0.0
9000008552,2025-09-23 08:00,0.787222,43,23,66,41,29,70,183,62,245,51,23,74,23.5,9.33,62.18,25.39,1.55,0.52,0.52,0.0,0.52
9000008552,2025-09-23 09:00,0.718056,25,17,42,31,26,57,186,64,250,42,33,75,23.0,13.33,60.56,23.89,1.67,0.56,0.0,0.0,0.0
9000008552,2025-09-23 10:00,0.721667,18,12,31,31,22,53,117,67,183,21,32,53,24.0,16.67,50.76,27.27,3.79,0.0,1.52,0.0,0.0
9000008552,2025-09-23 11:00,0.719167,22,23,46,28,29,57,97,77,174,36,46,82,25.0,13.6,56.0,28.0,1.6,0.8,0.0,0.0,0.0
9000008552,2025-09-23 12:00,0.709722,27,38,64,35,17,52,110,93,203,21,15,36,26.0,15.97,40.28,35.42,5.56,1.39,0.0,0.0,1.39
9000008552,2025-09-23 13:00,0.698889,8,7,15,41,10,50,126,75,200,26,15,41,28.5,16.43,39.29,33.57,7.14,2.14,0.0,0.71,1.43
9000008552,2025-09-23 14:00,0.696667,15,21,37,76,50,126,90,110,201,48,27,75,28.5,10.71,40.71,37.86,6.43,2.14,0.0,0.0,2.14
9000008552,2025-09-23 15:00,0.724444,11,12,23,73,71,144,93,84,177,36,39,75,27.5,15.62,53.12,23.44,6.25,0.78,0.78,0.0,0.78
9000008552,2025-09-23 16:00,0.7325,18,30,48,59,42,102,169,118,287,30,31,61,23.0,24.76,50.0,20.95,3.81,0.0,0.0,0.0,0.48
9000008552,2025-09-23 17:00,0.771667,36,41,78,60,50,110,140,113,252,48,31,79,22.5,17.44,58.46,21.03,1.03,0.51,0.51,0.0,1.03
9000008552,2025-09-23 18:00,0.779167,32,32,64,35,55,90,106,101,207,42,26,68,23.5,14.91,56.52,22.98,4.97,0.0,0.62,0.0,0.0
9000008552,2025-09-23 19:00,0.051389,0,0,0,39,19,58,78,117,195,19,78,97,19.5,20.0,70.0,10.0,0.0,0.0,0.0,0.0,0.0
9000008552,2025-09-25 11:00,0.421944,2,20,22,58,14,71,119,75,194,22,26,48,26.0,8.54,57.32,30.49,2.44,0.0,0.0,0.0,2.44
9000008552,2025-09-25 12:00,0.726944,15,23,38,33,41,74,144,58,201,28,24,52,24.0,15.07,45.89,33.56,3.42,0.68,0.0,0.0,0.68
9000008552,2025-09-25 13:00,0.750278,21,5,27,44,19,63,115,111,226,19,31,49,28.0,16.47,39.41,34.71,7.65,1.18,0.0,0.59,0.0
9000008552,2025-09-25 14:00,0.760556,13,22,35,54,22,76,119,94,213,40,37,77,25.5,14.81,54.32,24.69,4.94,0.62,0.0,0.62,0.62
9000008552,2025-09-25 15:00,0.778056,26,23,49,48,39,86,148,121,269,48,37,86,25.0,20.1,45.93,28.71,5.26,0.0,0.0,0.0,0.48
9000008552,2025-09-25 16:00,0.764167,24,49,73,47,42,89,137,108,245,48,43,92,24.5,20.32,47.06,28.34,3.21,0.53,0.53,0.0,0.53
9000008552,2025-09-25 17:00,0.772778,12,49,61,32,48,80,123,102,225,38,19,57,24.5,8.05,60.34,25.86,3.45,1.15,0.57,0.0,0.57
9000008552,2025-09-25 18:00,0.71,21,36,57,55,59,115,119,126,245,23,26,49,25.0,7.47,52.87,33.91,3.45,1.15,1.15,0.0,0.0
9000008552,2025-09-26 07:00,0.394444,7,5,12,21,21,42,76,70,145,18,22,40,27.0,7.02,49.12,38.6,5.26,1.75,0.0,1.75,0.0
9000008552,2025-09-26 08:00,0.789722,20,18,38,18,11,29,139,66,205,41,28,68,25.0,5.56,58.64,32.72,2.47,0.0,0.0,0.0,0.62
9000008552,2025-09-26 09:00,0.786667,21,15,37,28,27,55,136,60,196,26,17,42,24.5,3.25,59.74,33.12,2.6,0.65,0.0,0.0,0.65
9000008552,2025-09-26 10:00,0.790278,25,20,45,28,28,56,110,71,181,25,19,44,24.5,6.29,55.94,34.27,3.5,0.0,0.0,0.0,0.0
9000008552,2025-09-26 11:00,0.779722,13,18,31,23,17,40,122,109,231,28,37,65,27.0,8.89,46.67,36.67,6.11,1.11,0.0,0.0,0.56
9000008552,2025-09-26 12:00,0.779722,24,13,37,39,33,72,144,104,248,31,24,55,26.0,7.25,53.89,36.27,2.59,0.0,0.0,0.0,0.0
9000008552,2025-09-26 13:00,0.771667,20,13,33,72,40,112,117,105,221,32,42,74,27.5,8.19,41.52,43.86,4.68,1.17,0.58,0.0,0.0
9000008552,2025-09-26 14:00,0.767222,12,20,31,32,43,74,158,138,296,42,24,65,25.5,16.3,41.85,35.68,5.73,0.0,0.0,0.0,0.44
9000008552,2025-09-26 15:00,0.773333,13,23,36,58,44,102,171,147,318,36,34,70,24.5,18.7,50.41,24.8,4.47,1.22,0.0,0.0,0.41
9000008552,2025-09-26 16:00,0.770278,30,20,49,38,44,82,152,117,268,55,36,91,24.0,13.53,53.62,28.5,3.38,0.48,0.0,0.0,0.48
9000008552,2025-09-26 17:00,0.775833,24,30,54,45,46,92,191,126,317,33,21,54,24.5,12.2,50.81,32.93,3.66,0.41,0.0,0.0,0.0
9000008552,2025-09-26 18:00,0.586389,16,31,47,48,37,84,166,137,303,17,28,45,25.5,8.99,43.26,43.26,1.12,2.81,0.56,0.56,0.0
9000008552,2025-09-28 07:00,0.593611,2,5,7,0,5,5,26,12,38,6,9,15,26.0,0.0,47.83,47.83,4.35,0.0,0.0,0.0,0.0
9000008552,2025-09-28 08:00,0.791111,3,3,5,6,5,11,18,21,39,6,13,19,25.5,0.0,41.94,51.61,6.45,0.0,0.0,0.0,0.0
9000008552,2025-09-28 09:00,0.772778,5,8,13,12,4,15,39,21,60,7,10,17,27.5,0.0,45.65,45.65,6.52,2.17,0.0,0.0,0.0
9000008552,2025-09-28 10:00,0.765,10,8,18,8,15,22,58,47,105,10,18,29,30.0,2.5,32.5,50.0,15.0,0.0,0.0,0.0,0.0
9000008552,2025-09-28 11:00,0.699444,6,17,23,32,29,60,86,79,165,7,14,22,27.0,5.22,43.48,45.22,4.35,1.74,0.0,0.0,0.0
9000008552,2025-09-28 12:00,0.75,19,22,40,24,27,51,109,92,201,17,13,31,27.5,7.95,43.05,42.38,3.97,1.32,0.0,0.0,1.32
9000008552,2025-09-28 13:00,0.720556,15,19,34,48,35,83,101,86,187,8,4,12,31.5,6.67,37.78,39.26,11.11,2.96,0.0,0.74,1.48
9000008552,2025-09-28 14:00,0.703611,17,17,34,98,78,176,48,44,92,6,7,13,28.5,27.69,30.77,29.23,7.69,3.08,0.0,0.0,1.54
9000008552,2025-09-28 15:00,0.764444,13,20,33,91,59,150,77,90,167,24,10,34,24.5,11.72,50.78,34.38,1.56,0.78,0.78,0.0,0.78
9000008552,2025-09-28 16:00,0.758889,15,31,46,60,47,107,125,83,207,23,11,34,25.0,4.46,49.04,42.68,2.55,0.64,0.0,0.0,0.64
9000008552,2025-09-28 17:00,0.736944,34,27,61,51,53,104,148,84,232,31,11,42,23.5,22.81,46.78,29.24,1.17,0.0,0.0,0.0,0.58
9000008552,2025-09-28 18:00,0.568889,17,28,45,26,28,54,76,49,125,13,13,26,22.5,29.58,47.89,18.31,1.41,0.0,1.41,0.0,1.41
9000008552,2025-09-29 12:00,0.449444,31,28,58,43,22,65,132,97,229,50,55,105,23.5,13.59,58.25,28.16,0.97,0.0,0.97,0.0,0.0
9000008552,2025-09-29 13:00,0.73,8,12,20,60,37,98,108,99,207,29,26,55,27.5,15.23,49.01,25.83,5.3,1.32,1.99,0.0,1.32
9000008552,2025-09-29 14:00,0.729167,8,23,31,80,67,148,130,122,253,20,31,51,23.5,19.02,52.17,23.91,2.72,1.09,0.0,0.54,0.0
9000008552,2025-09-29 15:00,0.737222,27,21,48,110,50,160,127,104,231,33,26,58,24.5,19.3,48.54,25.73,4.09,0.58,0.0,0.0,1.75
9000008552,2025-09-29 16:00,0.772222,26,50,76,48,48,95,169,105,275,31,23,54,25.0,15.57,47.17,33.49,3.3,0.0,0.0,0.0,0.47
9000008552,2025-09-29 17:00,0.761389,27,50,77,35,54,89,157,94,251,38,33,71,22.5,28.27,48.17,22.51,0.52,0.52,0.0,0.0,0.0
9000008552,2025-09-29 18:00,0.609722,34,42,75,32,53,84,166,111,276,14,20,34,24.0,10.65,61.54,23.67,0.59,1.18,0.0,0.0,2.37
9000008552,2025-09-30 07:00,0.465,23,21,44,13,6,19,100,36,137,6,22,28,26.0,4.69,46.88,48.44,0.0,0.0,0.0,0.0,1.56
9000008552,2025-09-30 08:00,0.772778,31,22,53,44,21,65,190,65,255,25,22,47,24.5,5.08,64.47,24.87,4.57,0.51,0.0,0.0,0.51
9000008552,2025-09-30 09:00,0.3275,22,9,31,29,33,62,203,49,252,35,18,53,24.5,12.05,51.81,30.12,3.61,0.0,0.0,0.0,0.0
9000008552,2025-10-01 07:00,0.595,16,16,32,13,19,32,76,46,122,14,19,33,24.5,12.33,49.32,35.62,2.74,1.37,0.0,0.0,0.0
9000008552,2025-10-01 08:00,0.776667,26,9,35,27,29,57,177,52,228,29,23,52,22.5,17.51,60.45,19.21,2.26,0.56,0.0,0.0,0.0
9000008552,2025-10-01 09:00,0.761389,25,7,31,31,25,56,185,82,267,26,17,43,24.0,12.81,48.28,35.47,1.48,0.49,0.49,0.0,0.49
9000008552,2025-10-01 10:00,0.781389,14,27,41,28,18,46,170,83,253,17,18,35,24.0,13.64,51.52,31.31,3.54,0.0,0.0,0.0,0.0
9000008552,2025-10-01 11:00,0.790833,14,22,36,25,26,52,142,103,244,34,32,66,24.0,13.47,53.37,30.57,2.07,0.52,0.0,0.0,0.0
9000008552,2025-10-01 12:00,0.780833,28,29,58,23,35,58,150,87,238,29,39,69,25.5,18.28,45.7,29.57,4.84,1.08,0.0,0.0,0.54
9000008552,2025-10-01 13:00,0.770833,29,23,52,33,36,69,143,126,268,29,44,73,25.5,11.11,55.56,28.99,3.38,0.48,0.0,0.0,0.48
9000008552,2025-10-01 14:00,0.7725,38,23,61,27,32,59,169,124,293,30,33,63,24.0,16.81,53.1,27.88,1.33,0.44,0.0,0.0,0.44
9000008552,2025-10-01 15:00,0.771944,21,30,51,49,40,89,204,136,340,17,28,45,23.5,16.73,53.99,26.62,1.9,0.38,0.0,0.0,0.0
9000008552,2025-10-01 16:00,0.776667,22,50,72,46,48,94,197,137,334,18,31,49,24.0,14.67,53.67,27.41,3.47,0.77,0.0,0.0,0.0
9000008552,2025-10-01 17:00,0.764167,18,21,39,49,33,82,171,79,250,13,56,70,19.5,27.75,60.21,11.52,1.05,0.0,0.0,0.0,0.0
9000008552,2025-10-01 18:00,0.401111,12,40,52,23,72,95,137,121,258,17,29,47,27.0,22.12,40.38,34.62,0.96,0.96,0.0,0.96,0.0
9000008552,2025-10-02 07:00,0.546389,18,7,25,17,16,33,117,45,163,13,24,36,23.5,14.61,56.18,26.97,2.25,1.12,0.0,0.0,0.0
9000008552,2025-10-02 08:00,0.765278,44,25,69,33,30,63,161,55,216,33,31,64,23.0,10.91,64.85,21.82,2.42,0.0,0.0,0.0,0.0
9000008552,2025-10-02 09:00,0.786111,25,13,38,25,27,52,186,72,258,37,22,58,24.5,13.79,55.17,26.11,4.43,0.0,0.49,0.0,0.0
9000008552,2025-10-02 10:00,0.759722,21,24,45,32,22,54,156,74,230,33,29,62,24.0,16.0,52.0,26.86,4.0,0.57,0.0,0.0,0.57
9000008552,2025-10-02 11:00,0.726944,24,22,46,25,33,58,167,100,267,25,21,46,24.5,14.95,51.55,27.32,4.12,1.03,0.0,0.0,1.03
9000008552,2025-10-02 12:00,0.727778,26,38,64,39,31,70,179,82,261,43,37,80,22.5,32.63,43.16,23.16,1.05,0.0,0.0,0.0,0.0
9000008552,2025-10-02 13:00,0.738889,11,13,24,70,39,109,150,119,269,16,33,49,25.5,19.1,44.72,30.65,3.52,1.51,0.0,0.0,0.0
9000008552,2025-10-02 14:00,0.695556,16,15,31,84,69,153,137,74,211,23,27,50,26.0,21.77,44.22,28.57,2.72,2.04,0.0,0.68,0.68
9000008552,2025-10-02 15:00,0.756389,25,34,59,61,50,111,160,113,273,25,25,49,23.5,13.53,54.59,28.02,2.9,0.97,0.0,0.0,0.0
9000008552,2025-10-02 16:00,0.76,22,27,49,64,43,107,208,123,331,22,33,55,23.0,17.53,58.17,18.73,2.79,1.2,0.4,0.0,0.8
9000008552,2025-10-02 17:00,0.732222,28,31,59,43,55,98,209,144,354,30,24,54,23.0,28.57,49.42,18.15,3.09,0.39,0.0,0.0,0.39
9000008552,2025-10-03 16:00,0.217222,18,56,74,34,63,98,100,49,149,15,13,28,21.5,3.12,75.0,21.88,0.0,0.0,0.0,0.0,0.0
9000008552,2025-10-03 17:00,0.763333,26,27,54,41,46,86,114,99,213,13,18,31,24.0,8.59,57.06,30.06,3.07,0.61,0.0,0.0,0.61
9000008552,2025-10-03 18:00,0.384722,132,34,166,95,76,171,124,94,217,5,16,21,22.5,16.67,54.76,27.38,0.0,1.19,0.0,0.0,0.0
9000008552,2025-10-04 07:00,0.299722,5,0,5,0,9,9,51,17,68,12,12,24,24.5,0.0,50.0,50.0,0.0,0.0,0.0,0.0,0.0
9000008552,2025-10-04 08:00,0.796389,10,6,16,3,6,9,34,39,73,6,16,23,29.5,1.72,48.28,36.21,10.34,1.72,1.72,0.0,0.0
9000008552,2025-10-04 09:00,0.788056,10,13,23,8,8,15,64,41,105,9,20,29,27.0,3.61,49.4,37.35,4.82,2.41,1.2,0.0,1.2
9000008552,2025-10-04 10:00,0.772778,26,22,48,25,14,39,95,70,164,18,13,31,27.0,3.94,50.39,36.22,8.66,0.0,0.0,0.0,0.79
9000008552,2025-10-04 11:00,0.783333,24,27,51,20,8,28,121,91,212,14,24,38,28.0,7.83,42.77,40.36,7.83,0.6,0.0,0.6,0.0
9000008552,2025-10-04 12:00,0.245,21,34,55,10,10,20,84,121,205,3,34,36,25.5,4.0,48.0,44.0,4.0,0.0,0.0,2.0,0.0
9000008552,2025-10-05 07:00,0.420278,2,7,8,0,0,0,35,12,47,5,7,12,26.0,0.0,75.0,25.0,5.0,0.0,0.0,0.0,0.0
9000008552,2025-10-05 08:00,0.788889,2,0,2,2,1,4,18,11,29,8,11,19,24.5,8.7,52.17,39.13,0.0,0.0,0.0,0.0,0.0
9000008552,2025-10-05 09:00,0.771111,4,4,8,28,9,37,35,37,71,13,7,20,27.5,14.55,30.91,49.09,5.45,0.0,0.0,0.0,0.0
9000008552,2025-10-05 10:00,0.764167,3,4,6,29,16,44,35,46,81,8,12,20,29.5,12.9,38.71,33.87,14.52,0.0,0.0,0.0,0.0
9000008552,2025-10-05 11:00,0.768889,10,5,16,22,14,36,90,70,161,4,9,13,26.0,3.23,49.19,41.13,2.42,0.0,0.0,0.0,4.03
9000008552,2025-10-05 12:00,0.756389,16,16,32,44,13,58,76,98,174,4,9,13,26.5,12.98,38.93,41.98,5.34,0.76,0.0,0.0,0.0
9000008552,2025-10-05 13:00,0.750556,13,25,39,38,16,54,82,79,161,5,8,13,31.5,5.79,39.67,38.02,10.74,5.79,0.0,0.0,0.0
9000008552,2025-10-05 14:00,0.7575,17,23,40,64,28,92,83,92,176,4,20,24,31.0,8.27,35.34,39.85,7.52,3.01,0.75,2.26,2.26
9000008552,2025-10-05 15:00,0.767778,17,32,49,44,20,64,105,90,195,8,8,16,27.0,7.33,56.0,29.33,5.33,0.67,0.0,1.33,0.0
9000008552,2025-10-05 16:00,0.766389,25,25,50,26,25,51,85,85,170,3,14,17,24.0,10.77,53.85,33.08,0.77,0.0,0.77,0.0,0.77
9000008552,2025-10-05 17:00,0.786389,27,21,48,36,24,60,109,88,197,4,14,18,24.0,14.19,54.84,26.45,2.58,0.0,1.29,0.0,0.65
9000008552,2025-10-05 18:00,0.250556,44,25,68,32,44,76,68,152,219,19,16,35,25.5,9.09,45.45,43.64,0.0,3.64,0.0,0.0,0.0
9000008552,2025-10-06 07:00,0.400833,34,9,43,33,17,50,165,28,192,10,38,48,24.0,7.79,57.14,28.57,2.6,1.3,0.0,0.0,1.3
9000008552,2025-10-06 08:00,0.691667,19,19,38,23,20,43,189,88,277,12,27,40,24.0,19.37,51.31,25.65,1.57,0.52,1.05,0.0,0.52
9000008552,2025-10-06 09:00,0.779722,23,21,44,54,29,83,138,90,228,14,28,42,24.0,6.21,64.41,24.86,2.82,1.13,0.56,0.0,0.0
9000008552,2025-10-06 10:00,0.776944,13,29,42,29,14,43,120,74,194,35,35,69,24.0,16.56,52.98,27.81,1.99,0.0,0.0,0.0,0.66
9000008552,2025-10-06 11:00,0.783889,8,15,23,17,27,43,122,92,214,24,31,55,26.0,14.29,50.6,28.57,4.76,0.6,0.0,0.0,1.19
9000008552,2025-10-06 12:00,0.04,50,25,75,50,25,75,50,100,150,25,25,50,23.0,0.0,66.67,33.33,0.0,0.0,0.0,0.0,0.0
9000008552,2025-10-06 17:00,0.580833,24,38,62,50,53,103,158,131,289,15,29,45,23.0,10.12,61.9,24.4,2.98,0.0,0.0,0.6,0.0
9000008552,2025-10-06 18:00,0.351389,26,25,51,72,62,134,199,139,338,18,19,37,22.5,13.45,59.66,26.05,0.84,0.0,0.0,0.0,0.0
9000008552,2025-10-07 07:00,0.21,14,14,28,8,25,34,158,71,230,56,24,79,26.0,8.33,43.75,41.67,4.17,0.0,0.0,0.0,2.08
9000008552,2025-10-07 08:00,0.773889,28,10,39,31,22,53,183,67,251,27,21,48,25.0,6.19,59.28,29.38,2.58,1.03,0.52,0.52,0.52
9000008552,2025-10-07 09:00,0.769444,22,14,36,34,23,57,178,83,260,34,23,57,23.0,12.5,62.0,23.5,1.5,0.0,0.5,0.5,0.0
9000008552,2025-10-07 10:00,0.775,9,6,15,17,12,29,132,71,203,33,42,76,24.5,15.92,50.96,28.03,3.82,0.0,0.64,0.0,0.64
9000008552,2025-10-07 11:00,0.770556,12,14,26,18,18,37,110,72,183,26,55,81,22.5,18.44,59.57,18.44,2.84,0.0,0.0,0.71,0.0
9000008552,2025-10-07 12:00,0.774722,13,17,30,53,31,84,130,89,219,23,14,37,23.5,15.98,55.03,23.67,3.55,1.78,0.0,0.0,0.0
9000008552,2025-10-07 13:00,0.766111,14,18,33,25,9,34,132,108,240,20,29,48,24.5,10.33,54.35,29.89,3.8,0.0,0.54,1.09,0.0
9000008552,2025-10-07 14:00,0.7775,10,19,30,24,27,51,152,112,264,27,49,76,25.0,21.95,45.37,27.32,4.88,0.49,0.0,0.0,0.0
9000008552,2025-10-07 15:00,0.006389,0,0,0,0,0,0,0,626,626,0,0,0,24.0,0.0,0.0,100.0,0.0,0.0,0.0,0.0,0.0
9000008552,2025-10-07 17:00,0.087222,0,23,23,92,69,161,57,206,264,92,34,126,24.0,0.0,56.52,39.13,4.35,0.0,0.0,0.0,0.0
9000008552,2025-10-07 18:00,0.154444,15,0,15,39,34,73,170,152,322,48,39,87,25.5,12.0,64.0,18.0,6.0,0.0,0.0,0.0,0.0
9000008552,2025-10-08 09:00,0.596944,10,37,47,64,21,85,115,73,187,40,22,62,24.5,14.29,41.07,40.18,3.57,0.0,0.0,0.0,0.89
9000008552,2025-10-08 10:00,0.782222,28,28,56,40,23,63,124,78,202,18,12,29,26.0,10.76,48.73,35.44,4.43,0.63,0.0,0.0,0.0
9000008552,2025-10-08 11:00,0.775,21,26,46,22,12,34,113,68,182,32,34,66,25.5,9.93,46.81,37.59,4.96,0.71,0.0,0.0,0.0
9000008552,2025-10-08 12:00,0.779444,22,45,67,24,18,42,99,99,199,26,29,55,26.0,8.39,47.74,36.77,5.16,1.29,0.65,0.0,0.0
9000008552,2025-10-08 13:00,0.773333,18,27,45,23,25,48,114,109,222,21,37,58,28.0,8.72,45.93,36.05,8.14,0.0,0.0,0.58,0.58
9000008552,2025-10-08 14:00,0.775,18,29,47,40,23,63,178,119,297,30,25,54,24.0,11.3,49.13,35.65,2.17,0.43,0.0,0.0,0.87
9000008552,2025-10-08 15:00,0.776389,15,28,44,41,48,89,207,124,331,45,39,84,24.0,22.96,48.25,23.74,3.5,0.39,0.78,0.0,0.39
9000008552,2025-10-08 16:00,0.764167,26,38,64,22,38,60,182,101,283,38,40,78,23.0,27.31,47.22,23.15,1.39,0.0,0.0,0.46,0.46
9000008552,2025-10-08 17:00,0.704722,26,37,63,40,46,86,193,136,329,16,18,34,24.5,17.67,53.45,21.55,5.17,0.86,1.29,0.0,0.0
9000008552,2025-10-09 07:00,0.318056,20,16,36,27,27,53,175,61,237,36,34,70,25.0,2.67,68.0,25.33,1.33,0.0,1.33,0.0,0.0
9000008552,2025-10-09 08:00,0.579722,35,15,50,47,32,79,168,53,220,24,30,54,24.5,6.25,50.78,38.28,2.34,0.78,0.0,0.0,0.78
9000008552,2025-10-09 09:00,0.781389,18,13,31,47,24,72,138,55,193,24,19,44,24.5,11.26,56.29,29.14,1.32,0.66,0.0,0.0,1.32
9000008552,2025-10-09 10:00,0.775556,21,12,32,30,18,48,152,94,246,42,31,73,24.5,10.99,50.79,32.46,5.24,0.0,0.52,0.0,0.0
9000008552,2025-10-09 11:00,0.781667,5,5,10,17,32,49,128,119,247,26,55,81,27.0,8.81,51.3,33.16,5.18,0.0,1.04,0.0,0.52
9000008552,2025-10-09 12:00,0.768333,16,16,31,49,45,95,126,116,242,37,39,76,24.5,10.75,55.91,30.65,1.61,0.0,0.0,0.54,0.54
9000008552,2025-10-09 13:00,0.758611,8,11,18,59,38,98,113,94,207,26,30,57,24.5,14.65,47.77,30.57,5.1,0.0,1.27,0.0,0.64
9000008552,2025-10-09 14:00,0.776667,10,19,30,55,44,99,160,89,249,39,49,87,21.0,29.53,53.37,13.99,2.07,0.52,0.0,0.0,0.52
9000008552,2025-10-09 15:00,0.763889,18,26,44,45,38,83,175,153,329,36,26,63,24.0,20.32,44.22,30.68,3.19,0.8,0.8,0.0,0.0
9000008552,2025-10-09 16:00,0.781389,19,28,47,40,42,82,224,122,346,33,22,55,24.0,17.41,56.67,22.96,1.11,0.74,0.37,0.37,0.37
9000008552,2025-10-09 17:00,0.767222,6,14,21,57,41,99,170,142,312,22,25,47,26.5,13.39,55.23,22.18,6.28,1.67,0.0,0.42,0.84
9000008552,2025-10-09 18:00,0.239444,0,3,3,33,32,65,169,88,257,5,11,16,24.5,11.29,58.06,24.19,3.23,1.61,1.61,0.0,0.0
9000008552,2025-10-10 07:00,0.3975,12,8,20,25,8,34,408,142,550,15,12,27,31.5,2.74,31.96,45.21,19.63,0.91,0.0,0.0,0.91
9000008552,2025-10-10 08:00,0.781111,17,13,29,40,14,54,154,64,218,13,33,46,24.0,8.82,60.59,25.29,4.12,0.0,0.59,0.0,0.59
9000008552,2025-10-10 09:00,0.769722,9,8,17,38,18,56,136,92,229,19,16,35,24.5,6.82,55.68,32.39,3.98,0.57,0.0,0.0,0.57
9000008552,2025-10-10 10:00,0.774722,13,5,18,29,26,54,136,93,229,17,27,44,25.0,18.08,53.11,20.9,5.65,1.69,0.0,0.0,0.56
9000008552,2025-10-10 11:00,0.772778,12,12,23,40,19,60,150,95,245,19,28,48,24.0,15.87,52.38,26.46,2.12,1.06,1.59,0.53,0.0
9000008552,2025-10-10 12:00,0.770833,17,22,39,25,38,62,184,124,308,29,36,65,24.0,21.1,48.1,27.0,2.53,0.84,0.0,0.0,0.42
9000008552,2025-10-10 13:00,0.776944,5,19,24,34,30,63,190,156,345,31,29,60,26.0,13.43,47.01,32.46,4.48,1.12,0.75,0.37,0.37
9000008552,2025-10-10 14:00,0.769722,13,20,33,47,25,72,205,121,326,38,32,70,24.5,18.73,50.2,26.29,4.38,0.0,0.0,0.4,0.0
9000008552,2025-10-10 15:00,0.748889,20,16,36,32,48,80,216,121,337,33,37,71,24.0,24.11,46.64,22.92,4.35,1.19,0.4,0.0,0.4
9000008552,2025-10-10 16:00,0.77,21,16,36,45,31,77,187,135,322,28,34,62,23.0,15.73,59.27,21.37,2.42,0.0,0.81,0.4,0.0
9000008552,2025-10-10 17:00,0.7725,17,30,47,23,35,58,189,123,312,23,30,53,24.0,15.77,54.36,24.48,2.9,0.83,0.83,0.0,0.83
9000008552,2025-10-10 18:00,0.131111,15,23,38,0,38,38,153,61,214,8,23,31,22.5,21.43,50.0,25.0,3.57,0.0,0.0,0.0,0.0
9000008552,2025-10-11 07:00,0.193611,10,0,10,5,5,10,52,36,88,5,0,5,32.5,0.0,70.59,5.88,17.65,0.0,0.0,0.0,5.88
9000008552,2025-10-11 08:00,0.790278,2,5,8,5,5,10,27,39,66,5,8,13,30.0,5.77,38.46,40.38,13.46,1.92,0.0,0.0,0.0
9000008552,2025-10-11 09:00,0.795278,11,10,21,9,10,19,59,73,132,13,19,31,25.5,0.0,46.67,46.67,4.76,1.9,0.0,0.0,0.0
9000008552,2025-10-11 10:00,0.765833,14,8,22,18,13,31,118,95,213,9,23,33,26.5,6.13,50.31,34.36,7.36,1.23,0.0,0.61,0.0
9000008552,2025-10-11 11:00,0.777778,6,17,23,39,25,64,89,87,176,14,21,35,27.5,13.14,44.53,30.66,8.76,2.19,0.0,0.0,0.73
9000008552,2025-10-11 12:00,0.760833,11,13,24,60,24,84,155,108,263,37,32,68,23.5,17.5,49.0,30.0,2.0,1.0,0.0,0.0,0.5
9000008552,2025-10-11 13:00,0.7625,8,17,25,64,22,87,158,107,266,14,26,40,27.5,10.34,47.78,33.0,3.94,2.96,0.99,0.0,0.99
9000008552,2025-10-11 14:00,0.724722,12,8,21,76,48,124,153,103,257,19,37,56,25.5,16.13,47.31,30.11,3.23,0.54,0.54,1.61,0.54
9000008552,2025-10-11 15:00,0.736111,1,5,7,38,19,57,170,154,324,28,33,61,26.5,17.23,44.54,29.83,5.04,1.26,0.84,0.84,0.84
9000008552,2025-10-11 16:00,0.763889,3,4,7,23,22,46,182,137,319,30,21,51,25.5,11.48,46.31,35.66,4.1,0.82,0.41,0.41,0.41
9000008552,2025-10-11 17:00,0.7675,3,3,5,20,38,57,168,137,305,26,31,57,24.0,20.94,52.99,20.51,3.85,0.85,0.85,0.0,0.0
9000008552,2025-10-11 18:00,0.207778,8,3,11,13,61,74,177,114,291,42,16,58,28.5,14.75,62.3,8.2,3.28,11.48,1.64,0.0,0.0
9000008552,2025-10-12 11:00,0.487222,2,3,5,13,12,25,85,47,132,5,8,13,31.0,9.38,34.38,39.06,15.62,0.0,3.12,0.0,0.0
9000008552,2025-10-12 12:00,0.774167,4,8,12,26,22,48,97,70,167,9,17,26,26.5,3.1,41.09,48.06,4.65,2.33,0.0,0.0,0.78
9000008552,2025-10-12 13:00,0.775278,5,3,8,23,19,42,91,81,172,9,12,21,29.0,12.03,31.58,44.36,9.77,1.5,0.75,0.0,0.0
9000008552,2025-10-12 14:00,0.770556,0,6,6,25,21,46,143,78,221,5,8,13,27.5,4.71,45.29,40.59,6.47,1.76,0.59,0.0,0.59
9000008552,2025-10-12 15:00,0.784167,5,3,8,27,19,46,159,89,248,4,12,15,25.5,6.67,48.72,37.95,5.13,1.03,0.0,0.0,0.51
9000008552,2025-10-12 16:00,0.770556,3,3,5,34,10,44,153,104,257,6,13,19,28.5,9.09,36.87,43.94,8.08,0.51,0.51,0.0,1.01
9000008552,2025-10-12 17:00,0.683056,9,3,12,31,18,49,150,102,252,3,9,12,28.5,5.81,37.79,45.93,7.56,1.74,0.0,1.16,1.16
9000008552,2025-10-12 18:00,0.047778,21,0,21,21,21,42,105,63,167,0,0,0,29.0,0.0,50.0,37.5,12.5,0.0,0.0,0.0,0.0
9000008552,2025-10-13 07:00,0.11,9,9,18,55,18,73,145,27,173,27,27,55,22.5,10.53,63.16,26.32,0.0,0.0,0.0,0.0,0.0
9000008552,2025-10-13 08:00,0.756389,13,13,26,29,24,53,227,79,307,22,22,45,24.5,23.71,48.28,21.98,3.45,0.86,1.29,0.0,0.43
9000008552,2025-10-13 09:00,0.727778,22,19,42,37,17,54,260,75,336,50,28,79,24.0,22.54,48.77,23.36,4.1,0.82,0.41,0.0,0.0
9000008552,2025-10-13 10:00,0.743056,15,17,33,30,20,50,231,79,311,38,28,66,23.0,21.65,54.55,20.78,2.6,0.0,0.43,0.0,0.43
9000008552,2025-10-13 11:00,0.786944,15,15,31,15,23,38,208,79,287,29,32,61,24.0,11.06,56.64,29.2,2.21,0.44,0.0,0.0,0.44
9000008552,2025-10-13 12:00,0.764444,23,37,60,29,27,56,217,89,306,35,34,69,24.5,17.95,47.01,29.49,3.85,0.43,0.43,0.43,0.43
9000008552,2025-10-13 13:00,0.740556,17,21,39,67,30,97,180,91,270,24,32,57,25.0,18.0,39.5,36.5,3.0,1.0,1.5,0.5,0.0
9000008552,2025-10-13 14:00,0.6925,13,12,25,107,33,141,189,101,290,16,19,35,28.0,23.38,37.31,28.36,8.46,1.0,0.5,0.5,0.5
9000008552,2025-10-13 15:00,0.758056,30,20,50,60,43,104,230,165,395,25,15,40,26.5,15.0,46.33,30.0,7.33,1.0,0.33,0.0,0.0
9000008552,2025-10-13 16:00,0.754722,31,49,79,47,41,88,260,145,405,23,28,50,22.5,26.89,51.48,18.69,1.31,0.98,0.98,0.0,0.0
9000008552,2025-10-13 17:00,0.773056,22,38,60,51,61,112,217,123,340,19,17,36,20.0,29.28,55.51,12.93,1.14,0.0,0.0,0.0,1.14
9000008552,2025-10-13 18:00,0.252222,39,22,61,42,40,82,202,104,306,16,13,29,22.0,25.97,51.95,18.18,2.6,1.3,1.3,0.0,0.0
9000008552,2025-10-14 08:00,0.684722,27,20,47,50,37,87,162,71,233,13,28,41,23.5,30.19,43.4,22.64,2.52,0.0,1.26,0.0,0.0
9000008552,2025-10-14 09:00,0.774167,18,23,41,66,22,88,239,83,322,30,26,56,23.0,14.06,60.64,22.09,2.01,0.4,0.4,0.0,0.4
9000008552,2025-10-14 10:00,0.771111,23,21,44,23,14,38,216,66,282,20,30,49,23.5,16.06,53.67,27.52,1.83,0.0,0.0,0.0,0.46
9000008552,2025-10-14 11:00,0.773333,15,24,40,26,28,54,182,92,274,28,31,59,25.0,13.68,50.94,30.19,3.3,0.94,0.94,0.0,0.0
9000008552,2025-10-14 12:00,0.704167,29,46,75,32,20,52,182,104,286,30,32,62,25.0,23.38,36.82,33.83,4.98,0.5,0.5,0.0,0.5
9000008552,2025-10-15 07:00,0.202778,4,14,19,26,23,49,234,68,302,20,14,34,26.0,9.84,52.46,31.15,4.92,0.0,0.0,0.0,1.64
9000008552,2025-10-15 08:00,0.78,24,25,49,19,36,55,213,74,287,40,22,62,23.5,18.75,52.23,25.89,2.23,0.0,0.0,0.0,0.89
9000008552,2025-10-15 09:00,0.764167,33,14,47,53,29,81,219,80,299,31,21,52,23.0,20.09,56.33,20.52,2.18,0.0,0.0,0.0,0.87
9000008552,2025-10-15 10:00,0.776111,21,15,36,25,17,42,180,74,254,30,32,62,23.5,16.24,54.82,25.38,3.05,0.0,0.0,0.0,0.0
9000008552,2025-10-15 11:00,0.771389,9,14,23,24,18,42,157,75,232,27,27,54,23.5,13.41,57.54,24.58,3.35,0.56,0.0,0.56,0.0
9000008552,2025-10-15 12:00,0.750833,16,21,37,33,29,63,182,77,260,31,29,60,24.0,24.62,48.21,24.1,2.56,0.0,0.0,0.0,0.51
9000008552,2025-10-15 13:00,0.706667,13,15,28,41,26,67,140,87,227,14,30,43,23.5,26.25,46.25,21.25,3.75,0.0,0.62,0.62,1.25
9000008552,2025-10-15 14:00,0.673056,4,9,13,90,33,122,146,101,247,10,16,27,25.0,17.47,46.99,27.71,6.63,0.6,0.0,0.0,0.6
9000008552,2025-10-15 15:00,0.7575,27,33,60,57,37,94,211,93,305,22,30,53,23.5,17.75,58.01,20.35,1.73,1.3,0.0,0.0,0.87
9000008552,2025-10-15 16:00,0.753611,25,42,67,40,39,79,238,123,362,22,34,56,23.5,15.75,58.24,20.51,5.13,0.0,0.37,0.0,0.0
9000008552,2025-10-15 17:00,0.768611,27,36,64,48,49,97,220,109,329,13,31,44,21.0,24.9,58.1,16.21,0.4,0.0,0.0,0.0,0.4
9000008552,2025-10-15 18:00,0.171944,23,47,70,35,64,99,209,151,361,6,23,29,22.0,16.13,62.9,17.74,0.0,1.61,0.0,0.0,1.61
9000008552,2025-10-16 07:00,0.091111,11,22,33,11,33,44,165,110,274,44,44,88,24.5,28.0,32.0,32.0,4.0,4.0,0.0,0.0,0.0
9000008552,2025-10-16 08:00,0.345,36,26,63,47,30,77,212,65,276,28,23,50,25.0,5.26,54.74,37.89,0.0,0.0,0.0,0.0,2.11
9000008552,2025-10-16 09:00,0.495278,14,17,31,34,13,47,213,105,318,24,47,71,25.0,16.56,47.77,28.66,3.82,1.27,0.64,0.64,1.27
9000008552,2025-10-16 10:00,0.777778,16,14,30,35,8,42,227,91,318,25,21,45,24.0,10.53,57.89,25.51,3.64,1.21,0.0,0.4,0.81
9000008552,2025-10-16 11:00,0.767778,10,8,18,33,8,40,209,93,302,22,35,57,22.5,16.38,60.78,21.98,0.86,0.0,0.0,0.0,0.0
9000008552,2025-10-16 12:00,0.771389,15,18,34,33,21,54,161,87,248,31,39,70,23.0,18.85,55.5,23.56,1.05,0.52,0.0,0.0,0.52
9000008552,2025-10-16 13:00,0.786944,13,22,34,28,27,55,197,102,299,45,34,79,23.5,13.19,57.02,25.96,1.7,1.28,0.85,0.0,0.0
9000008552,2025-10-16 14:00,0.774444,13,19,32,45,22,67,218,115,333,23,29,52,25.0,15.89,52.33,26.74,3.49,0.78,0.78,0.0,0.0
9000008552,2025-10-16 15:00,0.766111,16,22,38,53,52,106,229,123,351,23,35,59,24.0,21.93,48.7,24.54,4.09,0.37,0.0,0.37,0.0
9000008552,2025-10-16 16:00,0.770556,21,42,62,43,47,89,245,130,375,17,29,45,24.0,18.69,53.29,25.61,1.73,0.69,0.0,0.0,0.0
9000008552,2025-10-16 17:00,0.774167,26,31,57,59,44,102,236,128,364,14,40,54,23.0,25.53,48.23,23.76,1.77,0.35,0.35,0.0,0.0
9000008552,2025-10-16 18:00,0.046667,0,43,43,0,150,150,279,64,343,0,21,21,21.5,0.0,81.25,12.5,0.0,0.0,0.0,0.0,6.25
9000008552,2025-10-17 07:00,0.132778,0,0,0,195,4,199,258,32,290,20,16,36,24.5,0.0,52.63,39.47,5.26,2.63,0.0,0.0,2.63
9000008552,2025-10-17 08:00,0.695556,18,9,26,55,26,80,151,71,222,18,21,39,27.0,10.39,46.1,34.42,6.49,0.65,0.0,0.65,0.65
9000008552,2025-10-17 09:00,0.702778,15,15,31,70,26,96,195,88,283,20,27,47,24.5,23.12,39.7,31.66,2.51,2.01,0.5,0.0,0.5
9000008552,2025-10-17 10:00,0.721944,15,10,25,31,21,52,156,94,250,18,23,42,24.5,20.0,48.33,25.56,3.89,1.67,0.0,0.0,0.0
9000008552,2025-10-17 11:00,0.746944,16,15,31,36,24,60,153,90,243,25,27,52,24.5,23.2,46.96,20.99,7.18,0.0,1.1,0.0,0.55
9000008552,2025-10-17 12:00,0.765833,27,18,46,46,14,60,142,82,224,30,40,71,25.0,25.58,41.86,28.49,2.33,0.58,0.58,0.0,0.58
9000008552,2025-10-17 13:00,0.743056,15,21,36,57,34,91,229,101,330,26,35,60,25.5,20.73,48.78,25.61,2.03,0.41,0.0,0.41,1.63
9000008552,2025-10-17 14:00,0.698056,7,13,20,99,37,136,172,136,308,18,27,45,27.0,22.33,40.47,28.37,5.12,3.26,0.0,0.0,0.47
9000008552,2025-10-17 15:00,0.763611,18,21,39,49,29,78,194,99,293,31,39,71,23.0,25.45,50.0,21.43,2.23,0.0,0.45,0.0,0.45
9000008552,2025-10-17 16:00,0.726111,23,29,52,48,36,84,203,152,355,16,30,47,24.5,17.44,48.84,28.68,4.65,0.0,0.0,0.0,0.39
9000008552,2025-10-17 17:00,0.785556,16,32,48,45,32,77,260,105,366,19,27,46,22.5,18.12,56.79,23.69,1.05,0.7,0.0,0.0,0.0
9000008552,2025-10-17 18:00,0.047778,0,0,0,21,21,42,272,147,419,0,21,21,35.0,25.0,40.0,15.0,10.0,5.0,5.0,0.0,0.0
9000008552,2025-10-18 07:00,0.279444,5,6,11,0,3,3,40,10,50,10,15,25,24.0,0.0,42.86,57.14,0.0,0.0,0.0,0.0,0.0
9000008552,2025-10-18 08:00,0.783611,9,1,10,9,8,17,43,36,79,10,6,17,28.0,3.23,48.39,38.71,9.68,0.0,0.0,0.0,0.0
9000008552,2025-10-18 09:00,0.786111,13,12,25,18,19,37,60,59,118,8,13,20,24.5,15.05,43.01,36.56,4.3,0.0,0.0,0.0,1.08
9000008552,2025-10-18 10:00,0.791389,24,27,51,9,16,25,103,56,159,15,19,34,26.5,11.11,53.17,31.75,3.17,0.79,0.0,0.0,0.0
9000008552,2025-10-18 11:00,0.79,23,27,49,28,28,56,114,90,204,15,19,34,24.5,9.32,54.66,31.06,4.97,0.0,0.0,0.0,0.0
9000008552,2025-10-18 12:00,0.773611,21,26,47,33,25,57,184,96,280,18,36,54,24.0,11.52,53.92,31.8,1.84,0.46,0.0,0.0,0.0
9000008552,2025-10-18 13:00,0.741944,27,33,60,72,38,110,191,103,294,10,21,31,27.5,12.84,45.87,32.11,7.34,0.46,0.46,0.46,0.46
9000008552,2025-10-18 14:00,0.698056,6,3,9,130,52,182,223,161,384,7,5,12,34.5,20.9,27.99,29.1,13.81,2.61,2.24,1.49,2.24
9000008552,2025-10-18 15:00,0.7575,16,34,50,56,27,83,384,106,490,12,25,37,23.0,18.6,55.8,22.1,2.16,0.27,0.54,0.0,0.54
9000008552,2025-10-18 16:00,0.768056,27,32,60,45,30,75,316,106,422,27,30,57,21.0,16.67,65.43,16.98,0.93,0.0,0.0,0.0,0.0
9000008552,2025-10-18 17:00,0.780556,28,33,62,49,32,81,306,101,408,28,26,54,21.0,26.73,56.29,15.41,0.94,0.63,0.31,0.0,0.0
9000008552,2025-10-18 18:00,0.114167,9,35,44,18,44,61,298,149,447,9,35,44,23.0,19.61,60.78,9.8,1.96,0.0,1.96,5.88,0.0
9000008552,2025-10-19 07:00,0.216389,0,0,0,3,3,6,20,6,26,18,18,36,28.0,0.0,66.67,33.33,0.0,0.0,0.0,0.0,16.67
9000008552,2025-10-19 08:00,0.787778,8,8,15,4,1,5,28,17,44,5,6,11,26.0,0.0,51.43,42.86,5.71,0.0,0.0,0.0,0.0
9000008552,2025-10-19 09:00,0.792222,5,15,20,8,5,13,38,37,74,11,6,18,24.5,1.69,40.68,57.63,0.0,0.0,0.0,0.0,0.0
9000008552,2025-10-19 10:00,0.799167,16,16,33,15,6,21,66,42,108,7,6,14,25.5,2.3,58.62,35.63,3.45,0.0,0.0,0.0,0.0
9000008552,2025-10-19 11:00,0.784167,20,32,52,27,17,43,88,50,138,5,18,23,24.5,3.7,58.33,36.11,1.85,0.0,0.0,0.0,0.0
9000008552,2025-10-19 12:00,0.795,29,40,69,23,30,53,159,58,217,21,23,44,24.5,8.14,49.42,40.7,1.16,0.0,0.0,0.0,0.58
9000008552,2025-10-19 13:00,0.762778,32,29,61,48,21,69,137,64,201,16,16,31,25.5,7.19,59.48,26.14,4.58,0.0,0.0,0.0,2.61
9000008552,2025-10-19 14:00,0.750556,9,20,29,60,47,106,179,83,261,7,5,12,30.5,5.1,42.35,36.73,10.71,2.04,0.51,0.0,2.55
9000008552,2025-10-19 15:00,0.764444,29,46,75,51,48,99,186,109,295,16,16,31,24.5,14.67,53.33,28.89,3.11,0.0,0.0,0.0,0.0
9000008552,2025-10-19 16:00,0.770278,35,45,81,53,50,103,196,87,283,14,19,34,24.0,7.34,61.47,27.06,2.75,0.46,0.92,0.0,0.0
9000008552,2025-10-19 17:00,0.78,24,28,52,40,54,93,221,89,309,20,18,38,23.5,7.47,65.56,24.07,2.49,0.0,0.41,0.0,0.0
9000008552,2025-10-19 18:00,0.067222,30,45,74,30,15,45,298,45,342,15,60,74,21.5,43.48,39.13,8.7,0.0,4.35,4.35,0.0,0.0
9000008552,2025-10-20 07:00,0.252222,24,12,36,19,5,24,177,76,253,26,27,53,25.5,25.0,43.75,23.44,4.69,0.0,3.12,0.0,0.0
9000008552,2025-10-20 08:00,0.786944,13,3,15,39,17,56,195,56,251,32,28,60,23.0,12.63,60.61,25.76,0.51,0.0,0.51,0.0,0.0
9000008552,2025-10-20 09:00,0.779722,15,19,35,23,26,49,245,79,324,40,26,65,24.0,12.25,54.55,29.64,2.77,0.0,0.0,0.4,0.4
9000008552,2025-10-20 10:00,0.782222,23,8,31,18,29,47,201,64,264,33,28,61,24.0,9.66,56.52,30.43,2.42,0.0,0.0,0.0,0.97
9000008552,2025-10-20 11:00,0.778333,6,20,27,21,13,34,192,52,244,37,36,73,24.5,7.89,56.32,32.63,2.11,0.0,0.0,0.0,1.05
9000008552,2025-10-20 12:00,0.780556,18,26,44,27,32,59,228,74,302,27,42,69,23.5,18.22,53.81,23.31,3.81,0.85,0.0,0.0,0.0
9000008552,2025-10-20 13:00,0.765833,9,22,31,39,18,57,224,78,302,40,28,69,24.0,15.58,53.25,25.11,2.6,1.3,0.43,0.43,1.3
9000008552,2025-10-20 14:00,0.738611,7,11,17,56,24,80,264,118,382,31,19,50,25.0,20.92,44.68,28.01,3.9,1.06,0.71,0.35,0.35
9000008552,2025-10-20 15:00,0.776667,13,13,26,34,37,71,224,98,322,35,47,82,23.5,20.8,52.8,22.4,3.2,0.8,0.0,0.0,0.0
9000008552,2025-10-20 16:00,0.782222,9,19,28,32,34,66,211,86,296,67,31,98,21.0,33.62,48.71,16.81,0.86,0.0,0.0,0.0,0.0
9000008552,2025-10-20 17:00,0.774167,16,14,30,58,36,95,302,106,408,26,23,49,21.0,18.67,63.61,14.56,1.58,0.32,0.0,0.32,0.95
9000008552,2025-10-20 18:00,0.031389,0,32,32,64,64,127,382,127,510,0,0,0,23.5,6.25,56.25,37.5,0.0,0.0,0.0,0.0,0.0
9000008552,2025-10-21 08:00,0.604722,19,10,29,52,22,74,231,63,294,22,17,39,23.0,14.61,55.06,25.84,3.93,0.0,0.56,0.56,0.0
9000008552,2025-10-21 09:00,0.778333,21,9,30,39,17,55,207,57,264,56,26,81,22.5,17.07,59.51,21.46,1.46,0.0,0.0,0.0,0.49
9000008552,2025-10-21 10:00,0.736111,7,5,12,29,13,42,246,63,309,44,32,76,22.5,19.38,55.95,22.47,0.44,0.44,0.44,0.0,0.44
9000008552,2025-10-21 11:00,0.762222,3,9,12,26,21,47,203,70,273,39,37,76,24.5,12.5,50.48,33.65,0.96,1.92,0.0,0.0,0.48
9000008552,2025-10-21 12:00,0.700556,4,8,13,54,17,72,224,82,306,36,39,74,23.0,21.96,54.21,21.5,1.87,0.0,0.0,0.0,0.47
9000008552,2025-10-21 13:00,0.6825,3,4,7,59,24,82,254,102,356,29,22,51,25.0,20.58,45.68,26.34,3.29,1.23,0.82,0.41,1.65
9000008552,2025-10-21 14:00,0.525278,2,4,6,34,19,53,232,88,320,36,26,63,22.5,30.36,45.83,20.24,1.79,0.0,0.0,0.0,1.19
9000008552,2025-10-22 07:00,0.080556,12,0,12,12,50,62,211,50,261,12,12,25,24.0,0.0,66.67,23.81,9.52,0.0,0.0,0.0,0.0
9000008552,2025-10-22 08:00,0.705,16,30,46,30,14,44,171,63,234,42,25,67,25.0,4.24,55.15,38.18,3.03,0.0,0.0,0.0,0.0
9000008552,2025-10-22 09:00,0.765278,14,18,33,24,25,48,187,52,239,46,27,73,24.0,12.57,54.1,29.51,2.73,0.55,0.0,0.0,0.55
9000008552,2025-10-22 10:00,0.758056,13,13,26,30,26,57,205,61,265,27,34,61,24.0,11.44,52.24,33.33,2.49,0.5,0.0,0.0,0.0
9000008552,2025-10-22 11:00,0.752222,16,23,39,28,9,37,176,97,273,37,51,88,24.5,15.61,50.24,29.27,0.98,2.44,0.0,1.46,0.0
9000008552,2025-10-22 12:00,0.765556,11,22,33,44,15,59,226,55,281,34,44,78,22.5,23.26,55.35,19.07,1.86,0.0,0.0,0.0,0.47
9000008552,2025-10-22 13:00,0.766389,19,25,44,43,12,55,280,72,351,42,33,74,23.5,17.47,52.79,27.14,1.49,0.74,0.37,0.0,0.0
9000008552,2025-10-22 14:00,0.746389,16,35,51,39,30,68,279,83,362,43,36,79,23.5,18.89,53.33,25.19,1.85,0.74,0.0,0.0,0.0
9000008552,2025-10-22 15:00,0.751389,31,40,70,46,37,84,217,99,315,32,36,68,24.0,29.11,40.93,25.32,3.8,0.42,0.0,0.0,0.42
9000008552,2025-10-22 16:00,0.759722,32,45,76,48,50,97,254,93,347,59,26,85,21.0,23.48,58.71,15.53,0.38,0.38,0.38,0.0,0.76
9000008552,2025-10-22 17:00,0.628056,34,44,78,59,65,124,258,108,366,23,24,47,23.5,19.57,54.35,20.43,1.3,0.0,0.87,1.3,2.17
9000008552,2025-10-23 08:00,0.585556,10,17,27,41,6,48,175,41,217,35,79,114,24.0,11.02,61.42,23.62,3.15,0.0,0.0,0.79,1.57
9000008552,2025-10-23 09:00,0.141944,35,77,113,14,14,28,190,35,225,28,35,63,24.0,21.88,40.62,34.38,3.12,0.0,0.0,0.0,0.0
9000008552,2025-10-23 11:00,0.473056,12,38,51,18,21,39,233,95,328,43,29,72,24.5,12.9,50.97,32.26,3.87,0.0,0.0,0.0,0.65
9000008552,2025-10-23 12:00,0.783889,19,35,54,31,36,66,195,71,266,47,46,93,23.5,22.01,48.8,25.36,2.39,0.96,0.0,0.0,0.48
9000008552,2025-10-23 13:00,0.7525,12,11,23,52,33,85,264,87,351,28,34,63,23.0,20.08,53.79,22.35,2.27,0.76,0.0,0.0,0.76
9000008552,2025-10-23 14:00,0.784444,27,33,60,40,22,61,279,108,387,43,37,80,24.5,13.49,50.99,32.89,1.97,0.33,0.33,0.0,0.0
9000008552,2025-10-23 15:00,0.769722,18,36,55,39,32,71,310,104,414,40,48,88,25.0,19.44,49.84,24.76,3.45,0.94,0.31,0.0,0.94
9000008552,2025-10-23 16:00,0.771944,22,34,56,23,28,52,276,96,372,49,33,82,23.5,18.12,54.36,25.44,2.09,0.0,0.0,0.0,0.0
9000008552,2025-10-23 17:00,0.509722,12,42,54,54,39,94,320,109,429,23,19,42,25.5,19.63,46.12,26.48,5.48,1.37,0.0,0.0,0.46
9000008552,2025-10-24 15:00,0.476111,7,18,25,34,35,69,282,101,382,14,30,44,23.5,18.13,54.4,24.18,2.75,0.55,0.0,0.0,0.0
9000008552,2025-10-24 16:00,0.763056,9,37,46,54,46,100,273,102,376,11,25,35,22.0,23.34,56.1,18.82,1.39,0.0,0.35,0.0,0.0
9000008552,2025-10-24 17:00,0.428056,17,46,62,24,38,62,357,120,477,13,22,35,22.5,12.75,62.25,21.57,1.47,1.47,0.98,0.49,0.0
9000008552,2025-10-25 07:00,0.146667,14,7,20,0,14,14,34,68,102,0,14,14,32.0,0.0,20.0,60.0,20.0,0.0,0.0,0.0,0.0
9000008552,2025-10-25 08:00,0.592778,1,6,7,4,6,11,60,19,79,5,7,12,27.5,23.4,36.17,31.91,6.38,0.0,0.0,2.13,0.0
9000008552,2025-10-25 09:00,0.787778,11,5,17,17,14,31,75,44,119,14,19,33,26.0,3.19,43.62,45.74,6.38,0.0,1.06,0.0,0.0
9000008552,2025-10-25 10:00,0.776111,18,23,41,22,13,35,103,74,176,12,26,37,26.0,9.49,37.96,45.99,4.38,0.0,0.73,0.0,1.46
9000008552,2025-10-25 11:00,0.747222,15,24,38,29,11,40,144,100,244,17,32,50,29.0,7.69,42.86,36.26,8.24,2.75,0.55,0.55,0.55
9000008552,2025-10-25 12:00,0.749444,22,23,45,54,17,71,170,95,264,23,28,51,25.0,13.64,54.55,25.76,4.55,0.0,0.51,0.0,1.01
9000008552,2025-10-25 13:00,0.738056,23,19,42,30,27,57,196,97,293,23,19,42,26.0,8.8,53.7,29.17,6.94,0.46,0.46,0.0,0.46
9000008552,2025-10-25 14:00,0.773889,19,25,44,47,51,97,282,93,375,17,27,44,22.5,20.0,57.93,20.0,1.38,0.34,0.0,0.34,0.0
9000008552,2025-10-25 15:00,0.782222,14,26,40,37,29,66,323,92,415,36,12,47,24.0,14.51,54.63,24.38,4.01,0.62,0.31,0.0,1.54
9000008552,2025-10-25 16:00,0.770556,14,44,59,47,25,71,344,90,433,23,24,47,23.5,23.95,52.69,19.76,2.99,0.0,0.0,0.3,0.3
9000008552,2025-10-25 17:00,0.642222,8,17,25,39,41,80,324,99,423,19,14,34,23.0,23.16,54.04,18.75,3.31,0.37,0.0,0.0,0.74
9000008552,2025-10-26 06:00,0.088889,0,11,11,0,0,0,45,11,56,22,11,34,26.0,0.0,80.0,20.0,0.0,0.0,0.0,0.0,0.0
9000008552,2025-10-26 07:00,0.795,4,6,10,4,0,4,21,13,34,5,9,14,28.0,3.7,51.85,37.04,7.41,0.0,0.0,0.0,0.0
9000008552,2025-10-26 08:00,0.792778,4,4,8,3,5,8,19,23,42,5,8,13,29.5,0.0,39.39,48.48,12.12,0.0,0.0,0.0,0.0
9000008552,2025-10-26 09:00,0.786667,11,9,20,13,10,23,41,60,101,10,21,32,30.0,2.53,27.85,54.43,10.13,2.53,2.53,0.0,0.0
9000008552,2025-10-26 10:00,0.722222,10,8,18,17,13,29,62,80,142,11,31,42,30.0,14.71,33.33,37.25,10.78,1.96,0.0,1.96,0.0
9000008552,2025-10-26 11:00,0.770278,13,14,27,23,23,47,150,57,207,13,13,26,27.5,8.12,50.62,31.25,9.38,0.0,0.0,0.0,0.62
9000008552,2025-10-26 12:00,0.765556,18,12,30,30,13,43,128,77,205,12,14,26,25.0,10.83,45.22,36.94,7.01,0.0,0.0,0.0,0.0
9000008552,2025-10-26 13:00,0.7775,30,25,54,31,23,54,164,108,272,19,14,33,27.0,7.58,44.08,40.28,7.11,0.95,0.0,0.0,0.0
9000008552,2025-10-26 14:00,0.793333,28,35,63,18,20,38,152,86,238,8,13,20,25.5,7.94,45.5,39.68,4.76,1.59,0.0,0.0,0.53
9000008552,2025-10-26 15:00,0.782778,20,38,58,14,18,32,170,82,251,22,15,37,27.0,3.55,46.7,45.18,4.57,0.0,0.0,0.0,0.0
9000008552,2025-10-26 16:00,0.207778,18,20,38,60,8,68,194,90,284,8,8,15,35.5,20.34,42.37,18.64,18.64,0.0,0.0,0.0,0.0
9000008552,2025-10-27 07:00,0.352222,10,6,16,30,6,36,164,45,210,32,10,42,25.0,10.81,44.59,41.89,1.35,0.0,1.35,0.0,1.35
9000008552,2025-10-27 08:00,0.768611,21,16,36,54,13,67,212,59,271,28,39,67,24.0,9.13,58.65,26.92,2.88,0.96,0.0,0.0,1.44
9000008552,2025-10-27 09:00,0.734444,12,21,33,67,16,83,265,84,349,37,28,65,25.0,10.89,56.03,26.07,2.72,1.17,0.39,0.39,2.33
9000008552,2025-10-27 10:00,0.745556,22,30,52,24,14,38,195,58,254,26,40,66,24.0,5.82,53.97,37.04,2.12,0.53,0.0,0.0,0.53
9000008552,2025-10-27 11:00,0.776667,19,30,49,33,23,57,203,77,281,32,34,66,24.0,20.64,42.66,33.03,3.21,0.0,0.0,0.0,0.46
9000008552,2025-10-27 12:00,0.735556,19,34,53,54,25,79,167,60,227,35,29,64,22.5,32.93,46.11,17.96,1.2,0.6,0.0,0.6,0.6
9000008552,2025-10-27 13:00,0.715833,21,21,42,67,15,83,172,85,257,20,32,52,23.5,33.15,43.48,16.85,3.26,1.09,0.54,0.0,1.09
9000008552,2025-10-27 14:00,0.745278,18,40,58,43,27,70,226,94,320,43,31,74,26.0,18.49,44.12,30.67,4.2,1.26,0.42,0.0,1.26
9000008552,2025-10-27 15:00,0.7475,12,25,37,39,21,60,283,126,409,31,23,54,26.0,14.71,47.39,31.7,5.23,0.65,0.33,0.0,0.0
9000008552,2025-10-27 16:00,0.478333,22,43,65,46,37,83,293,100,393,21,35,55,23.5,23.94,50.0,20.74,3.72,0.53,1.06,0.0,0.0
9000008552,2025-10-28 06:00,0.008333,0,0,0,0,0,0,120,0,120,240,0,240,24.0,0.0,0.0,100.0,0.0,0.0,0.0,0.0,0.0
9000008552,2025-10-28 07:00,0.791389,19,1,20,15,10,25,138,37,174,18,27,44,26.5,7.97,47.83,37.68,5.07,0.0,0.72,0.0,0.72
9000008552,2025-10-28 08:00,0.789444,24,13,37,34,16,50,176,44,220,22,29,51,26.0,10.92,53.45,28.16,3.45,1.15,1.15,1.15,0.57
9000008552,2025-10-28 09:00,0.778611,27,29,56,19,30,49,252,60,312,45,21,65,24.0,12.76,56.38,26.75,3.29,0.82,0.0,0.0,0.0
9000008552,2025-10-28 10:00,0.772222,17,25,41,22,19,41,237,76,313,38,19,57,23.5,16.12,55.37,24.79,3.31,0.41,0.0,0.0,0.0
9000008552,2025-10-28 11:00,0.768056,26,22,48,39,22,61,203,70,273,46,30,76,25.5,15.24,42.86,34.76,6.19,0.0,0.0,0.0,0.95
9000008552,2025-10-28 12:00,0.765833,22,38,60,34,25,59,204,97,301,46,31,77,25.5,20.43,45.65,26.96,5.22,1.3,0.0,0.0,0.43
9000008552,2025-10-28 13:00,0.773056,14,21,35,33,19,53,231,100,331,32,21,53,25.0,14.84,50.0,27.34,4.69,0.78,0.39,0.39,1.17
9000008552,2025-10-28 14:00,0.755556,12,12,23,56,29,85,229,106,335,55,13,69,25.5,18.58,46.25,26.88,5.53,0.79,0.0,0.4,1.19
9000008552,2025-10-28 15:00,0.736667,23,32,54,64,33,96,255,115,370,39,21,60,23.0,27.47,48.72,17.58,3.3,1.1,0.0,1.1,0.37
9000008552,2025-10-28 16:00,0.563611,26,43,69,40,35,75,230,92,322,52,37,89,23.0,14.36,59.67,23.2,2.21,0.0,0.0,0.0,0.55
9000008552,2025-10-29 07:00,0.611667,24,8,32,10,20,30,112,64,177,23,25,48,25.0,12.04,50.93,30.56,4.63,0.0,0.0,0.0,0.93
9000008552,2025-10-29 08:00,0.791111,29,12,42,38,24,62,143,62,205,34,19,53,25.0,10.49,51.23,34.57,1.85,1.23,0.0,0.62,0.0
9000008552,2025-10-29 09:00,0.778611,13,35,48,32,35,67,199,53,252,50,27,77,24.0,12.76,58.16,25.51,3.06,0.0,0.0,0.51,0.0
9000008552,2025-10-29 10:00,0.754167,24,23,46,31,20,51,181,73,255,32,20,52,24.5,9.38,52.6,35.42,2.08,0.0,0.0,0.0,0.52
9000008552,2025-10-29 11:00,0.763889,18,18,36,32,22,55,182,83,265,43,37,80,24.5,13.86,49.5,30.2,5.45,0.5,0.0,0.0,0.5
9000008552,2025-10-29 12:00,0.711667,17,13,30,48,28,76,147,75,221,23,18,41,27.5,25.48,38.22,24.84,5.73,4.46,0.64,0.64,0.0
9000008552,2025-10-29 13:00,0.7325,9,8,18,65,31,96,234,87,321,25,19,44,25.0,9.36,57.45,28.51,3.4,0.85,0.0,0.43,0.43
9000008552,2025-10-29 14:00,0.740556,11,20,30,27,31,58,208,81,290,76,26,102,24.0,16.28,53.49,25.12,2.79,0.0,0.93,0.47,0.47
9000008552,2025-10-29 15:00,0.763333,18,40,59,48,33,80,220,120,341,82,30,112,22.0,28.85,50.0,18.85,1.54,0.38,0.38,0.0,0.0
9000008552,2025-10-29 16:00,0.515556,16,37,53,48,47,95,223,101,324,46,24,70,24.5,22.75,49.7,19.16,2.4,1.8,1.8,0.6,0.6
9000008552,2025-10-30 07:00,0.086944,7,0,7,36,22,57,101,65,165,14,14,29,57.5,7.14,28.57,14.29,28.57,7.14,14.29,0.0,14.29
9000008552,2025-10-30 08:00,0.527778,7,11,17,67,21,88,194,62,256,27,14,42,27.0,16.3,44.44,30.37,3.7,0.74,0.74,0.74,2.22
9000008552,2025-10-30 09:00,0.751111,8,13,22,37,12,49,250,90,340,31,22,53,26.5,14.51,50.2,25.88,5.49,1.57,0.39,0.0,1.57
9000008552,2025-10-30 10:00,0.756667,12,5,17,46,16,62,249,78,327,46,28,74,25.0,21.37,43.15,25.4,4.03,1.21,0.81,0.4,3.23
9000008552,2025-10-30 11:00,0.732222,5,16,22,53,26,80,239,91,330,39,29,68,25.5,23.14,42.56,27.27,2.48,0.83,0.83,0.41,2.07
9000008552,2025-10-30 12:00,0.725833,7,11,18,69,38,107,209,91,300,53,26,79,24.5,21.1,43.58,28.9,3.67,0.92,0.0,0.0,1.38
9000008552,2025-10-30 13:00,0.705,8,4,13,83,13,96,251,82,333,62,17,79,29.0,19.57,43.4,24.26,6.38,1.28,1.7,0.85,2.55
9000008552,2025-10-30 14:00,0.712778,13,14,27,44,18,62,231,102,334,49,34,83,26.0,20.59,40.76,30.67,4.62,1.26,0.84,0.42,0.84
9000008552,2025-10-30 15:00,0.719167,30,38,68,37,24,62,289,99,388,60,26,86,23.5,25.81,49.46,20.07,3.58,0.36,0.0,0.36,0.0
9000008552,2025-10-30 16:00,0.404722,26,41,67,100,49,150,240,117,356,73,26,99,19.0,47.22,40.97,10.42,1.39,0.0,0.0,0.0,0.0
9000008552,2025-10-31 07:00,0.630556,14,3,17,10,10,20,62,51,113,18,35,53,28.0,2.82,46.48,43.66,7.04,0.0,0.0,1.41,0.0
9000008552,2025-10-31 08:00,0.796667,19,13,31,24,15,39,158,40,198,35,26,61,23.0,13.29,62.03,20.89,1.9,0.63,0.0,0.0,1.27
9000008552,2025-10-31 09:00,0.774444,21,32,53,34,17,51,178,63,242,59,18,77,22.5,18.18,59.36,20.32,1.6,0.53,0.0,0.0,0.0
9000008552,2025-10-31 10:00,0.775556,27,30,57,17,25,41,149,71,220,37,21,58,25.0,9.36,56.14,29.24,4.09,0.0,0.0,0.0,1.17
9000008552,2025-10-31 11:00,0.757778,13,27,40,16,18,35,197,88,284,63,39,102,24.5,16.28,46.05,33.49,3.26,0.0,0.47,0.47,0.0
9000008552,2025-10-31 12:00,0.736389,20,29,49,44,29,73,290,81,371,49,34,82,21.5,37.73,44.32,14.65,1.1,0.0,1.1,0.0,1.1
9000008552,2025-10-31 13:00,0.768056,15,9,25,51,27,78,288,94,382,66,22,89,24.0,23.47,46.6,24.15,1.7,1.7,0.68,0.68,1.02
9000008552,2025-10-31 14:00,0.419167,20,38,59,15,29,44,375,39,414,128,27,154,19.5,39.66,47.13,12.07,1.15,0.0,0.0,0.0,0.0
9000008552,2025-11-01 07:00,0.471389,5,9,14,3,0,3,32,21,53,2,12,14,24.0,12.0,64.0,20.0,4.0,4.0,0.0,0.0,0.0
9000008552,2025-11-01 08:00,0.791111,6,9,15,5,3,8,56,39,95,10,10,20,27.0,5.33,42.67,45.33,5.33,1.33,0.0,0.0,0.0
9000008552,2025-11-01 09:00,0.795556,8,18,25,15,20,35,90,48,137,20,19,39,25.0,10.09,52.29,29.36,4.59,0.0,0.0,2.75,0.92
9000008552,2025-11-01 10:00,0.793056,25,29,54,11,19,30,139,63,202,20,14,34,24.5,1.88,59.38,35.62,2.5,0.62,0.0,0.0,0.0
9000008552,2025-11-01 11:00,0.7725,19,19,39,47,28,75,133,60,193,26,28,54,24.5,8.05,54.36,31.54,5.37,0.67,0.0,0.0,0.0
9000008552,2025-11-01 12:00,0.747778,16,18,35,40,18,59,177,109,286,17,31,48,24.5,7.94,57.94,29.91,2.8,0.93,0.47,0.0,0.0
9000008552,2025-11-01 13:00,0.774722,22,22,43,55,28,83,237,114,351,25,14,39,23.0,18.01,56.62,21.69,2.57,0.0,0.0,0.37,1.1
9000008552,2025-11-01 14:00,0.778611,32,35,67,53,36,89,267,87,354,39,24,63,22.0,14.49,65.58,17.39,0.72,0.0,1.09,0.0,0.72
9000008552,2025-11-01 15:00,0.770556,31,35,66,37,29,66,286,91,377,43,26,69,21.0,24.74,57.73,16.49,0.34,0.34,0.0,0.0,0.34
9000008552,2025-11-01 16:00,0.0475,21,0,21,63,63,126,232,168,400,21,21,42,22.5,36.84,36.84,26.32,0.0,0.0,0.0,0.0,0.0
9000008552,2025-11-02 07:00,0.336944,3,3,5,3,0,3,24,22,46,3,10,13,28.0,0.0,43.75,50.0,12.5,0.0,0.0,0.0,0.0
9000008552,2025-11-02 08:00,0.721389,1,1,3,5,4,9,15,23,38,9,7,16,28.5,0.0,29.63,62.96,7.41,3.7,0.0,0.0,0.0
9000008552,2025-11-02 09:00,0.786111,5,4,9,15,4,19,39,36,75,5,14,19,27.5,8.47,30.51,50.85,8.47,1.69,0.0,0.0,0.0
9000008552,2025-11-02 10:00,0.785833,17,19,36,14,11,26,61,47,108,17,11,28,27.5,3.53,42.35,45.88,7.06,0.0,0.0,0.0,1.18
9000008552,2025-11-02 11:00,0.789167,17,13,29,14,19,33,99,73,172,13,15,28,26.5,6.67,42.96,45.19,5.19,0.0,0.0,0.0,0.0
9000008552,2025-11-02 12:00,0.787778,19,27,46,23,23,46,117,75,192,9,8,17,24.0,5.96,57.62,31.13,4.64,0.0,0.0,0.66,0.0
9000008552,2025-11-02 13:00,0.786944,14,23,37,23,24,47,137,78,214,20,15,36,23.0,5.33,69.82,18.93,4.73,1.18,0.0,0.0,0.0
9000008552,2025-11-02 14:00,0.784722,22,16,38,28,32,60,166,75,241,24,15,39,23.0,12.17,57.14,26.98,2.12,0.0,0.53,0.0,1.06
9000008552,2025-11-02 15:00,0.777222,26,37,63,22,46,68,179,95,274,16,9,24,23.0,9.39,63.85,24.88,0.94,0.47,0.0,0.0,0.47
9000008552,2025-11-02 16:00,0.387222,16,21,36,47,21,68,189,77,267,17,8,25,23.5,8.74,66.02,24.27,0.97,0.0,0.0,0.0,0.0
9000008552,2025-11-03 07:00,0.209167,8,5,13,36,31,67,284,63,347,62,21,83,22.5,1.39,75.0,20.83,2.78,0.0,0.0,0.0,0.0
9000008552,2025-11-03 08:00,0.773611,17,10,27,36,19,55,237,58,295,31,27,58,22.0,17.98,61.84,17.98,1.32,0.44,0.44,0.0,0.0
9000008552,2025-11-03 09:00,0.766944,12,23,35,51,16,66,288,52,340,50,22,72,21.0,22.22,60.15,16.48,0.77,0.0,0.0,0.0,0.38
9000008552,2025-11-03 10:00,0.776944,18,25,43,28,14,43,234,56,290,50,27,77,21.5,23.01,56.19,18.58,0.44,0.44,0.44,0.0,0.44
9000008552,2025-11-03 11:00,0.728056,26,18,43,40,25,65,187,54,241,34,41,76,22.5,22.16,53.98,21.02,2.84,0.0,0.0,0.0,0.0
9000008552,2025-11-03 12:00,0.684444,7,12,19,57,25,82,186,85,270,41,25,66,25.5,17.84,48.11,25.95,5.41,0.54,0.54,0.0,1.62
9000008552,2025-11-03 13:00,0.696944,9,10,19,44,27,71,193,69,263,34,17,51,26.0,19.13,48.63,21.86,5.46,1.64,1.09,0.55,1.64
9000008552,2025-11-03 14:00,0.761389,12,18,30,47,29,76,264,84,348,59,21,80,23.0,20.38,55.47,19.62,3.02,0.0,1.13,0.0,0.38
9000008552,2025-11-03 15:00,0.753889,9,22,32,65,43,108,259,73,332,50,33,84,22.0,30.0,49.2,18.4,1.2,0.4,0.4,0.0,0.4
9000008552,2025-11-03 16:00,0.3875,22,30,52,41,60,101,314,71,385,44,21,65,22.0,34.9,45.64,16.78,0.67,2.01,0.67,0.0,0.0
9000008552,2025-11-04 07:00,0.503611,10,10,21,40,22,61,200,92,292,56,18,74,24.0,4.08,59.18,32.65,3.4,0.0,0.0,0.0,0.0
9000008552,2025-11-04 08:00,0.644722,17,17,33,42,36,77,232,61,293,44,39,84,22.5,11.64,62.43,25.4,1.06,0.0,0.0,0.0,0.0
9000008552,2025-11-06 07:00,0.677778,26,8,34,14,21,35,218,63,281,38,40,79,24.5,14.14,49.21,31.41,3.14,0.52,0.0,0.0,1.57
9000008552,2025-11-06 08:00,0.777222,36,24,60,36,32,68,249,80,330,67,35,101,24.0,19.92,50.78,25.78,3.52,0.0,0.0,0.0,0.0
9000008552,2025-11-06 09:00,0.773889,22,30,52,35,40,75,329,71,401,82,26,108,21.5,21.29,60.0,15.81,1.29,0.0,0.0,0.0,1.61
9000008552,2025-11-06 10:00,0.770833,12,26,38,25,27,52,211,60,271,60,28,88,23.0,14.83,64.11,17.7,1.91,0.48,0.48,0.0,0.48
9000008552,2025-11-06 11:00,0.774722,35,27,62,33,21,54,205,90,295,61,36,96,24.0,13.16,57.89,25.0,3.07,0.0,0.0,0.0,0.88
9000008552,2025-11-06 12:00,0.734444,25,29,53,61,27,88,185,78,263,56,26,82,24.0,27.98,40.93,23.83,4.15,1.04,0.0,1.55,0.52
9000008552,2025-11-06 13:00,0.765,19,19,39,43,22,65,221,114,335,36,22,58,28.5,17.97,37.89,31.64,8.59,2.34,0.39,0.0,1.17
9000008552,2025-11-06 14:00,0.779167,26,37,63,42,32,75,235,88,323,73,27,100,21.0,19.05,63.49,15.87,1.59,0.0,0.0,0.0,0.0
9000008552,2025-11-06 15:00,0.765278,35,33,68,55,55,110,252,103,355,74,35,110,21.5,33.09,47.79,15.07,2.94,0.37,0.37,0.37,0.0
9000008552,2025-11-06 16:00,0.332222,20,51,71,44,35,78,248,110,357,79,27,106,20.5,23.53,61.34,10.92,2.52,0.84,0.84,0.0,0.84
9000008552,2025-11-07 07:00,0.508611,21,22,43,27,25,52,143,43,187,36,24,61,25.5,4.21,50.53,40.0,3.16,0.0,1.05,0.0,1.05
9000008552,2025-11-07 08:00,0.784444,34,13,47,18,31,48,182,57,240,59,31,89,23.5,6.91,64.89,25.53,2.66,0.0,0.0,0.0,0.0
9000008552,2025-11-07 09:00,0.781667,22,19,41,38,24,63,203,78,280,62,31,92,23.0,15.98,57.99,22.83,2.74,0.46,0.0,0.0,0.0
9000008552,2025-11-07 10:00,0.784722,19,13,32,17,27,43,162,61,223,45,22,67,23.5,13.71,56.57,27.43,1.71,0.57,0.0,0.0,0.0
9000008552,2025-11-07 11:00,0.789722,23,33,56,27,37,63,169,76,245,51,34,85,25.0,14.43,51.55,30.41,3.61,0.0,0.0,0.0,0.0
9000008552,2025-11-07 12:00,0.748056,18,27,45,63,28,91,204,76,280,36,49,84,25.0,15.31,50.24,26.32,2.39,1.91,1.91,0.0,1.91
9000008552,2025-11-07 13:00,0.763333,16,12,27,64,18,83,275,105,380,39,13,52,27.0,23.79,42.41,23.1,6.21,3.1,0.0,0.0,1.38
9000008552,2025-11-07 14:00,0.776944,34,36,70,40,46,86,307,93,399,70,32,102,23.0,19.35,55.48,23.55,1.61,0.0,0.0,0.0,0.0
9000008552,2025-11-07 15:00,0.767222,36,37,74,45,29,73,281,110,390,71,37,107,20.0,34.33,51.67,12.67,0.33,0.0,0.67,0.0,0.33
9000008552,2025-11-07 16:00,0.376389,21,27,48,27,48,75,265,93,358,55,42,97,19.0,40.0,48.89,7.41,0.74,1.48,0.0,0.74,0.0
9000008552,2025-11-08 07:00,0.243611,16,11,27,11,0,11,46,39,85,3,17,19,29.0,0.0,47.62,42.86,9.52,0.0,0.0,0.0,0.0
9000008552,2025-11-08 08:00,0.655,10,13,22,5,8,13,45,28,73,7,15,22,27.5,2.08,47.92,39.58,10.42,0.0,0.0,0.0,0.0
9000008552,2025-11-08 09:00,0.781667,18,11,29,22,15,37,99,79,178,13,27,40,27.0,3.6,47.48,41.73,4.32,0.72,0.0,0.0,2.16
9000008552,2025-11-08 10:00,0.790278,18,13,30,20,16,37,125,71,196,16,23,39,27.5,7.1,43.87,41.29,6.45,0.65,0.0,0.0,0.65
9000008552,2025-11-08 11:00,0.759722,33,24,57,31,37,68,122,85,207,25,25,50,26.5,8.92,49.04,35.03,5.1,1.91,0.0,0.0,0.0
9000008552,2025-11-08 12:00,0.788333,26,29,56,29,34,63,202,84,285,32,25,57,24.0,12.0,60.44,23.56,3.11,0.0,0.0,0.44,0.44
9000008552,2025-11-08 13:00,0.777778,17,27,44,26,41,67,267,70,338,81,40,121,22.0,20.91,57.79,18.63,1.9,0.38,0.0,0.0,0.38
9000008552,2025-11-08 14:00,0.766944,26,26,52,25,47,72,303,92,395,57,17,74,23.0,14.19,63.37,17.82,4.29,0.33,0.0,0.0,0.0
9000008552,2025-11-08 15:00,0.777778,19,31,50,31,44,75,337,85,422,63,23,86,19.5,23.48,63.11,12.2,1.22,0.0,0.0,0.0,0.0
9000008552,2025-11-08 16:00,0.373889,8,19,27,35,30,64,292,128,420,51,32,82,24.0,24.84,49.04,22.29,1.27,1.27,0.64,0.0,0.64
9000008552,2025-11-09 07:00,0.395833,2,2,3,5,0,5,18,11,29,10,10,20,27.5,0.0,27.27,72.73,0.0,0.0,0.0,0.0,0.0
9000008552,2025-11-09 08:00,0.798333,9,2,11,5,3,7,26,14,40,6,7,14,28.0,3.12,43.75,43.75,9.38,0.0,0.0,0.0,0.0
9000008552,2025-11-09 09:00,0.788889,10,6,16,4,5,9,47,32,78,6,10,16,27.0,9.68,38.71,43.55,6.45,1.61,0.0,0.0,0.0
9000008552,2025-11-09 10:00,0.790278,9,8,16,18,10,28,70,49,119,10,5,15,28.5,0.0,32.98,57.45,3.19,4.26,1.06,1.06,0.0
9000008552,2025-11-09 11:00,0.793056,16,19,35,15,28,43,78,71,148,21,14,35,25.5,1.69,43.22,53.39,1.69,0.0,0.0,0.0,0.0
9000008552,2025-11-09 12:00,0.785278,25,20,46,23,27,50,101,71,172,24,17,41,25.0,4.44,49.63,40.74,2.96,1.48,0.74,0.0,0.0
9000008552,2025-11-09 13:00,0.789167,31,36,66,28,40,67,143,88,230,25,14,39,24.0,3.85,57.69,36.26,1.65,0.0,0.0,0.0,0.55
9000008552,2025-11-09 14:00,0.782222,26,18,44,23,31,54,110,88,198,27,18,45,28.5,6.45,44.52,38.06,8.39,0.65,0.65,1.29,0.0
9000008552,2025-11-09 15:00,0.775,43,39,81,31,25,56,97,105,201,19,22,41,27.5,3.85,56.41,32.05,3.85,1.28,0.64,1.28,0.64
9000008552,2025-11-09 16:00,0.030278,33,0,33,0,0,0,66,99,165,0,33,33,36.0,40.0,20.0,20.0,20.0,0.0,0.0,0.0,0.0
9000008552,2025-11-10 07:00,0.149722,23,31,54,19,42,62,95,46,141,42,50,92,21.5,4.76,80.95,19.05,0.0,4.76,0.0,0.0,0.0
9000008552,2025-11-10 08:00,0.711389,30,17,47,38,21,59,192,74,266,44,37,81,24.0,12.7,53.97,26.98,4.76,0.0,0.0,0.0,1.06
9000008552,2025-11-10 09:00,0.786944,24,21,46,37,34,71,165,67,233,51,19,70,25.0,16.39,42.62,36.61,2.73,1.09,0.0,0.0,0.55
9000008552,2025-11-10 10:00,0.777222,23,26,49,13,17,29,131,75,206,35,32,67,23.5,20.62,45.62,29.38,3.12,0.62,0.0,0.0,0.0
9000008552,2025-11-10 11:00,0.785278,17,26,42,32,18,50,139,82,222,31,50,80,24.0,14.37,54.02,27.01,3.45,0.57,0.57,0.0,0.0
9000008552,2025-11-10 12:00,0.786389,24,30,55,24,28,52,130,90,220,22,25,47,24.5,15.03,48.55,31.21,4.05,0.0,0.58,0.58,0.0
9000008552,2025-11-10 13:00,0.780278,22,25,47,18,26,44,126,78,204,50,41,91,24.5,15.09,47.8,30.82,4.4,1.26,0.63,0.0,0.0
9000008552,2025-11-10 14:00,0.779167,23,36,59,42,27,69,169,90,259,50,23,73,23.5,21.78,46.04,29.21,1.49,0.5,0.99,0.0,0.0
9000008552,2025-11-10 15:00,0.759444,26,20,46,32,30,62,193,122,315,46,25,71,23.5,22.18,47.28,28.03,1.67,0.42,0.0,0.0,0.42
9000008552,2025-11-10 16:00,0.338611,9,48,57,62,32,94,200,84,284,23,34,58,23.5,14.58,62.5,13.54,4.17,2.08,1.04,0.0,1.04
9000008552,2025-11-11 08:00,0.556389,54,14,68,51,32,83,196,74,271,46,19,65,24.0,10.6,52.98,32.45,3.31,0.66,0.66,0.0,0.0
9000008552,2025-11-11 09:00,0.781667,32,30,63,12,11,23,180,88,269,45,20,65,23.5,14.29,58.57,24.76,1.9,0.48,0.0,0.0,0.0
9000008552,2025-11-11 10:00,0.781667,20,27,47,24,9,33,166,74,240,54,27,81,25.0,11.7,51.6,32.45,4.26,0.0,0.0,0.0,0.0
9000008552,2025-11-11 11:00,0.776389,17,23,40,19,22,41,124,90,214,46,32,78,25.0,12.65,47.59,34.94,4.22,0.6,0.0,0.0,0.0
9000008552,2025-11-11 12:00,0.783056,24,38,63,29,19,49,156,100,255,29,32,61,26.0,10.5,47.0,38.5,2.5,1.0,0.0,0.0,0.5
9000008552,2025-11-11 13:00,0.77,29,28,57,9,14,24,161,106,267,45,17,62,26.5,8.78,47.32,38.05,5.85,0.0,0.0,0.0,0.0
9000008552,2025-11-11 14:00,0.758889,24,24,48,34,21,55,174,105,280,37,54,91,24.5,15.09,47.17,33.96,3.77,0.0,0.0,0.0,0.0
9000008552,2025-11-11 15:00,0.751111,32,36,68,45,33,79,172,121,293,29,42,72,25.0,14.09,42.73,36.36,5.91,0.0,0.0,0.45,0.45
9000008552,2025-11-11 16:00,0.036389,0,27,27,0,82,82,137,82,220,27,27,55,24.5,0.0,50.0,50.0,0.0,0.0,0.0,0.0,0.0
9000008552,2025-11-12 07:00,0.215556,24,3,27,48,43,91,215,70,285,64,18,82,23.5,14.75,59.02,24.59,1.64,0.0,0.0,0.0,1.64
9000008552,2025-11-12 08:00,0.710556,38,17,56,50,26,76,164,75,239,34,28,63,24.0,19.41,50.59,25.29,2.94,0.59,0.0,0.0,1.76
9000008552,2025-11-12 09:00,0.773333,30,18,48,22,31,53,131,84,215,28,35,63,24.5,16.27,50.0,28.92,3.61,0.0,1.2,0.0,0.0
9000008552,2025-11-12 10:00,0.787222,19,32,51,15,23,38,160,66,226,32,33,65,23.5,14.04,58.99,25.84,1.12,0.0,0.0,0.0,0.0
9000008552,2025-11-12 11:00,0.781944,28,27,55,18,24,42,107,79,187,23,34,57,24.5,15.07,50.68,30.82,2.05,0.0,0.0,0.0,1.37
9000008552,2025-11-12 12:00,0.753333,19,20,39,16,28,44,142,81,223,51,29,80,22.5,19.64,54.76,25.0,0.6,0.0,0.0,0.0,0.0
9000008552,2025-11-12 13:00,0.778889,22,15,37,35,36,71,132,94,226,46,36,82,23.5,17.05,53.98,23.86,1.7,1.14,1.14,0.57,0.57
9000008552,2025-11-12 14:00,0.781667,23,26,48,24,36,60,158,84,242,69,45,114,20.0,29.1,56.08,12.7,2.12,0.53,0.0,0.0,0.0
9000008552,2025-11-12 15:00,0.764444,25,21,46,36,48,85,152,104,257,67,37,104,23.0,18.88,58.67,19.39,1.53,1.53,0.0,0.51,0.0
9000008552,2025-11-12 16:00,0.133889,0,37,37,45,22,67,187,67,254,30,45,75,19.0,14.71,76.47,8.82,0.0,0.0,0.0,0.0,0.0
9000008552,2025-11-13 10:00,0.736111,26,33,58,30,29,59,142,66,209,37,33,70,24.0,9.74,55.84,30.52,2.6,0.65,0.0,0.0,0.0
9000008552,2025-11-13 11:00,0.780278,29,21,50,29,26,55,122,73,195,32,42,74,24.5,9.87,41.45,46.05,1.97,0.0,0.0,0.0,0.66
9000008552,2025-11-13 12:00,0.777778,31,30,61,42,39,81,131,76,207,35,50,85,25.0,13.66,49.69,29.81,6.21,0.0,0.0,0.62,0.0
9000008552,2025-11-13 13:00,0.780278,22,24,46,33,42,76,178,91,269,45,35,79,24.5,14.29,50.0,31.43,3.33,0.95,0.0,0.0,0.0
9000008552,2025-11-13 14:00,0.033333,0,0,0,0,0,0,300,60,360,0,90,90,20.5,25.0,58.33,16.67,0.0,0.0,0.0,0.0,0.0
9000008552,2025-11-16 07:00,0.216944,0,0,0,0,3,3,10,8,18,5,5,10,28.0,0.0,50.0,75.0,0.0,0.0,0.0,0.0,0.0
9000008552,2025-11-16 08:00,0.788333,6,3,9,5,4,9,18,18,36,6,11,18,30.0,3.57,35.71,46.43,10.71,0.0,3.57,0.0,0.0
9000008552,2025-11-16 09:00,0.784722,5,3,8,8,4,11,45,36,81,5,9,14,29.0,3.17,44.44,41.27,7.94,3.17,0.0,0.0,0.0
9000008552,2025-11-16 10:00,0.795,11,5,16,22,7,29,54,36,91,9,8,16,28.5,5.56,36.11,50.0,6.94,1.39,0.0,0.0,0.0
9000008552,2025-11-16 11:00,0.784444,10,9,19,19,13,32,71,62,134,6,18,24,26.5,3.81,48.57,40.0,5.71,0.95,0.0,0.0,0.95
9000008552,2025-11-16 12:00,0.780556,17,13,29,17,31,48,97,94,191,15,12,27,29.5,3.36,41.61,42.28,9.4,2.01,0.0,0.0,1.34
9000008552,2025-11-16 13:00,0.781944,28,14,42,29,24,54,122,82,203,11,14,25,25.5,7.55,52.83,33.96,3.77,0.0,0.63,0.0,1.26
9000008552,2025-11-16 14:00,0.775278,12,21,32,22,36,58,104,86,191,13,21,34,26.5,12.84,42.57,37.84,5.41,1.35,0.0,0.0,0.0
9000008552,2025-11-16 15:00,0.511667,13,21,34,41,26,67,183,108,291,8,11,20,25.5,10.07,46.98,39.6,2.01,0.0,0.67,0.0,1.34
9000008552,2025-11-17 07:00,0.108889,37,18,55,18,9,28,174,55,230,37,28,64,25.5,8.0,68.0,20.0,4.0,0.0,0.0,0.0,0.0
9000008552,2025-11-17 08:00,0.777778,23,8,31,35,27,62,166,64,230,36,36,72,24.0,13.41,56.42,25.7,2.23,0.0,0.56,0.56,1.12
9000008552,2025-11-17 09:00,0.780556,21,27,48,40,34,74,135,65,200,33,30,63,23.0,7.69,62.82,26.28,2.56,0.0,0.0,0.0,1.28
9000008552,2025-11-17 10:00,0.775833,22,13,35,17,23,40,129,83,212,41,35,76,24.0,23.03,44.24,28.48,4.24,0.0,0.61,0.0,0.0
9000008552,2025-11-17 11:00,0.752778,13,16,29,25,27,52,101,91,192,28,25,53,25.0,11.81,49.31,34.03,3.47,0.0,0.69,0.0,0.69
9000008552,2025-11-17 12:00,0.707778,18,17,35,45,16,60,122,102,224,33,30,62,28.0,9.49,41.77,37.97,7.59,1.27,0.0,0.0,1.9
9000008552,2025-11-17 13:00,0.764444,14,17,31,12,33,44,158,111,269,47,25,72,27.0,5.83,51.94,34.47,4.85,0.97,0.97,0.0,0.97
9000008552,2025-11-17 14:00,0.765278,17,31,48,54,37,91,147,137,284,38,38,76,24.0,10.6,59.45,26.27,2.3,0.46,0.46,0.46,0.0
9000008552,2025-11-17 15:00,0.526944,28,29,57,84,33,116,200,121,322,10,23,32,24.5,10.65,54.44,25.44,6.51,0.59,1.78,0.0,0.0
9000008552,2025-11-18 07:00,0.249722,15,21,36,27,18,45,94,89,183,27,18,45,24.5,6.52,39.13,45.65,8.7,0.0,0.0,0.0,0.0
9000008552,2025-11-18 08:00,0.745278,24,19,43,50,28,78,207,66,273,30,36,66,24.5,16.67,48.04,29.9,2.94,1.47,0.0,0.0,0.98
9000008552,2025-11-18 09:00,0.735556,1,8,9,48,27,75,168,80,248,33,33,65,24.0,14.29,57.69,21.98,3.3,1.65,0.55,0.0,1.1
9000008552,2025-11-18 10:00,0.733889,10,18,27,37,14,51,101,62,163,25,37,61,25.0,25.0,39.17,30.83,4.17,0.83,0.0,0.0,0.0
9000008552,2025-11-18 11:00,0.736111,10,8,18,50,22,72,120,83,202,16,36,52,25.0,11.41,48.32,31.54,3.36,3.36,1.34,0.0,0.67
9000008552,2025-11-18 12:00,0.751944,18,17,35,28,32,60,140,84,224,37,35,72,24.5,22.02,50.0,22.62,4.76,0.6,0.0,0.0,0.0
9000008552,2025-11-18 13:00,0.762778,13,20,33,39,29,68,115,77,192,25,30,55,24.0,19.73,54.42,20.41,3.4,0.68,0.68,0.68,0.0
9000008552,2025-11-18 14:00,0.742778,19,24,43,37,41,77,160,115,274,28,28,56,25.0,9.31,52.45,29.9,4.41,1.96,0.98,0.49,0.49
9000008552,2025-11-18 15:00,0.756111,19,36,54,43,30,73,196,136,332,43,40,83,22.5,23.9,53.78,18.73,1.59,0.8,0.8,0.4,0.0
9000008552,2025-11-18 16:00,0.034167,0,0,0,59,0,59,234,88,322,0,29,29,28.5,27.27,45.45,18.18,0.0,9.09,0.0,0.0,0.0
9000008552,2025-11-19 07:00,0.208889,20,15,35,35,6,41,213,45,258,34,34,68,26.5,7.41,46.3,37.04,5.56,0.0,0.0,0.0,3.7
9000008552,2025-11-19 08:00,0.779167,30,19,49,33,9,42,151,55,206,35,24,59,24.0,11.8,51.55,31.68,4.35,0.62,0.0,0.0,0.0
9000008552,2025-11-19 09:00,0.786667,40,20,60,33,20,53,145,56,201,37,18,55,24.5,11.39,50.0,34.81,3.16,0.0,0.0,0.0,0.63
9000008552,2025-11-19 10:00,0.776111,32,37,69,18,18,36,144,69,214,30,21,50,23.5,22.89,47.59,25.9,2.41,0.0,0.0,0.0,1.2
9000008552,2025-11-19 11:00,0.776667,36,28,64,23,19,42,106,70,175,45,28,73,23.5,13.97,56.62,26.47,1.47,1.47,0.0,0.0,0.0
9000008552,2025-11-19 12:00,0.749722,19,28,47,28,27,55,142,88,231,47,42,89,24.0,23.12,47.98,24.86,2.31,0.0,1.16,0.58,0.0
9000008552,2025-11-19 13:00,0.746667,17,15,32,37,23,60,143,123,267,31,23,53,26.5,16.58,40.7,36.68,4.02,1.51,0.5,0.0,0.0
9000008552,2025-11-19 14:00,0.766667,12,31,43,27,20,47,161,132,293,43,32,75,24.5,14.22,51.56,28.44,2.67,1.78,0.0,0.0,1.33
9000008552,2025-11-19 15:00,0.555,22,20,42,72,51,123,173,124,298,24,28,52,25.0,20.61,45.45,27.88,5.45,0.0,0.61,0.0,0.0
9000008552,2025-11-20 07:00,0.066944,0,15,15,75,0,75,239,45,284,30,45,75,22.0,15.79,63.16,15.79,5.26,0.0,0.0,0.0,0.0
9000008552,2025-11-20 08:00,0.64,49,9,58,30,12,42,153,85,238,34,33,67,24.5,9.87,55.92,28.29,3.29,2.63,0.0,0.0,0.66
9000008552,2025-11-20 09:00,0.793611,30,34,64,25,23,48,187,78,265,29,25,54,25.5,10.48,48.1,37.14,3.33,0.48,0.0,0.0,0.48
9000008552,2025-11-20 10:00,0.776111,18,19,37,18,18,36,125,90,215,26,35,61,25.0,8.98,49.1,38.32,2.4,0.6,0.6,0.0,0.0
9000008552,2025-11-20 11:00,0.778333,22,26,48,30,19,50,126,86,212,26,36,62,25.0,12.12,54.55,29.7,2.42,0.61,0.61,0.0,0.0
9000008552,2025-11-20 12:00,0.776944,18,26,44,38,19,58,154,104,258,26,30,55,25.0,15.92,51.24,27.86,2.49,0.5,0.5,0.0,1.49
9000008552,2025-11-20 13:00,0.766389,18,33,51,26,22,48,169,101,270,26,33,59,23.5,20.77,50.72,25.6,2.9,0.0,0.0,0.0,0.0
9000008552,2025-11-20 14:00,0.775278,29,28,57,25,23,49,213,124,337,31,33,64,26.5,16.48,41.0,34.1,6.9,0.77,0.38,0.0,0.38
9000008552,2025-11-20 15:00,0.764722,21,33,53,53,36,90,209,128,338,31,40,71,27.0,10.85,48.45,34.11,5.43,0.39,0.39,0.39,0.0
9000008552,2025-11-20 16:00,0.076389,13,39,52,52,0,52,262,65,327,13,13,26,26.0,16.0,44.0,28.0,8.0,0.0,0.0,0.0,4.0
9000008552,2025-11-21 07:00,0.167222,16,24,40,33,0,33,176,79,255,4,33,37,28.0,4.65,58.14,27.91,4.65,2.33,0.0,4.65,0.0
9000008552,2025-11-21 08:00,0.715278,40,19,59,24,13,37,192,66,258,27,18,45,24.5,8.11,56.76,29.19,3.24,1.08,0.54,0.0,1.08
9000008552,2025-11-21 09:00,0.763056,30,18,48,24,14,38,195,88,283,42,27,69,24.5,14.35,46.3,34.26,4.17,0.93,0.0,0.0,0.0
9000008552,2025-11-21 10:00,0.773889,17,17,33,14,21,35,179,67,246,35,21,56,25.0,21.05,44.21,28.95,4.21,0.0,0.53,1.05,0.0
9000008552,2025-11-21 11:00,0.780556,24,28,53,21,17,37,197,100,297,35,45,80,24.0,12.93,49.14,34.48,2.59,0.0,0.0,0.43,0.43
9000008552,2025-11-21 12:00,0.739167,25,23,48,57,23,80,139,97,236,18,25,42,26.0,17.24,43.1,33.33,4.6,1.72,0.0,0.0,0.0
9000008552,2025-11-21 13:00,0.768889,34,39,73,52,18,70,230,133,363,21,29,49,29.5,9.68,39.07,37.28,9.32,3.58,0.0,0.0,1.08
9000008552,2025-11-21 14:00,0.767222,26,37,62,33,31,64,187,120,307,34,34,68,24.0,20.0,48.09,28.94,2.13,0.43,0.43,0.0,0.0
9000008552,2025-11-21 15:00,0.762222,20,41,61,22,46,68,248,113,361,37,26,63,23.5,15.27,58.55,22.55,2.55,0.36,0.0,0.0,0.73
9000008552,2025-11-21 16:00,0.011111,0,0,0,0,0,0,90,180,270,0,0,0,23.0,33.33,33.33,33.33,0.0,0.0,0.0,0.0,0.0
9000008552,2025-11-22 07:00,0.102222,0,10,10,0,0,0,10,59,68,20,0,20,25.0,42.86,0.0,57.14,0.0,0.0,0.0,0.0,0.0
9000008552,2025-11-22 08:00,0.792778,15,4,19,5,1,6,35,34,69,8,10,18,30.0,5.45,36.36,43.64,10.91,1.82,0.0,0.0,1.82
9000008552,2025-11-22 09:00,0.7875,23,11,34,14,4,18,76,56,132,10,27,37,27.0,5.77,40.38,49.04,3.85,0.0,0.0,0.0,0.96
9000008552,2025-11-22 10:00,0.793056,23,23,46,10,9,19,97,72,169,19,22,41,26.5,4.48,46.27,44.03,5.22,0.0,0.0,0.0,0.0
9000008552,2025-11-22 11:00,0.785278,3,4,6,14,14,28,152,71,223,22,31,52,24.0,11.93,56.25,28.41,2.84,0.0,0.0,0.0,0.0
9000008552,2025-11-22 12:00,0.769444,18,22,40,30,26,56,165,77,242,25,32,57,25.0,11.29,48.92,34.41,2.69,0.54,0.0,0.0,2.15
9000008552,2025-11-22 13:00,0.775278,27,30,57,30,25,54,237,89,326,26,17,43,26.0,11.86,49.8,30.04,5.93,1.58,0.0,0.4,0.4
9000008552,2025-11-22 14:00,0.783056,33,35,68,27,14,41,236,112,348,31,33,64,23.5,12.09,58.97,26.01,2.56,0.0,0.0,0.0,0.37
9000008552,2025-11-22 15:00,0.711944,34,36,70,19,40,58,311,100,411,37,24,61,23.0,22.6,52.74,21.92,1.03,0.34,0.0,0.0,1.03
9000008552,2025-11-22 16:00,0.045556,22,0,22,66,22,88,373,110,483,66,0,66,24.5,22.73,50.0,22.73,0.0,0.0,4.55,0.0,0.0
9000008552,2025-11-23 07:00,0.124444,0,0,0,0,0,0,24,32,56,8,8,16,34.5,0.0,42.86,28.57,28.57,0.0,0.0,0.0,0.0
9000008552,2025-11-23 08:00,0.785,9,8,17,1,4,5,27,15,42,9,10,19,28.0,0.0,51.52,39.39,9.09,0.0,0.0,0.0,0.0
9000008552,2025-11-23 09:00,0.791667,14,10,24,11,3,14,40,40,81,9,14,23,29.5,1.56,40.62,43.75,12.5,1.56,0.0,0.0,0.0
9000008552,2025-11-23 10:00,0.774722,24,17,41,10,6,17,53,36,89,10,15,26,28.0,0.0,39.13,52.17,5.8,1.45,0.0,0.0,1.45
9000008552,2025-11-23 11:00,0.783889,18,26,43,13,17,29,86,51,137,6,13,19,27.5,2.8,45.79,41.12,8.41,0.0,1.87,0.0,0.0
9000008552,2025-11-23 12:00,0.785,42,25,67,14,16,30,114,96,210,11,9,20,26.5,6.67,50.91,35.15,6.06,0.0,0.0,0.0,0.61
9000008552,2025-11-23 13:00,0.786667,20,24,45,20,20,41,125,94,219,13,19,32,26.0,9.3,48.84,35.47,2.91,1.74,0.58,0.0,1.16
9000008552,2025-11-23 14:00,0.780278,35,33,68,24,23,47,164,92,257,22,22,44,24.0,10.5,58.5,28.0,3.0,0.0,0.0,0.0,0.0
9000008552,2025-11-23 15:00,0.764444,20,16,36,23,24,48,138,96,234,24,22,46,23.0,8.38,68.16,22.35,1.12,0.0,0.0,0.0,0.0
9000008552,2025-11-23 16:00,0.045833,0,0,0,0,0,0,240,153,393,0,0,0,26.5,0.0,66.67,33.33,0.0,0.0,0.0,0.0,0.0
9000008552,2025-11-24 08:00,0.475833,25,10,34,21,11,32,206,76,282,38,19,57,24.5,8.96,62.69,23.13,2.99,0.75,0.0,0.0,2.24
9000008552,2025-11-24 09:00,0.641667,29,21,50,18,27,45,194,50,244,54,43,97,23.0,20.38,55.41,22.93,0.64,0.0,0.0,0.0,0.64
9000008552,2025-11-24 10:00,0.768889,21,21,42,14,7,21,122,86,208,45,50,95,25.0,10.0,53.12,33.12,2.5,0.62,0.0,0.0,0.62
9000008552,2025-11-24 11:00,0.768056,24,38,61,30,15,44,110,75,186,34,24,58,26.0,9.09,48.25,35.66,5.59,0.7,0.0,0.0,0.7
9000008552,2025-11-24 12:00,0.789167,28,25,53,28,18,46,162,107,269,17,16,33,25.5,7.55,47.17,39.15,4.25,0.94,0.0,0.0,0.94
9000008552,2025-11-24 13:00,0.770278,21,23,44,25,18,43,199,145,345,9,21,30,32.5,7.17,39.25,34.72,11.32,4.53,0.75,0.75,1.51
9000008552,2025-11-24 14:00,0.783056,24,27,51,42,37,79,241,142,383,5,9,14,28.5,14.0,48.67,25.0,7.33,3.0,0.67,0.0,1.0
9000008552,2025-11-24 15:00,0.698333,29,43,72,28,33,61,237,150,387,3,28,30,28.0,17.04,41.85,30.0,7.41,1.48,1.11,0.74,0.37
9000008552,2025-11-24 16:00,0.040833,24,0,24,171,73,245,196,171,367,0,0,0,28.0,0.0,20.0,73.33,6.67,0.0,0.0,0.0,0.0
9000008552,2025-11-25 07:00,0.078611,13,13,25,38,38,76,216,102,318,13,38,51,22.0,12.0,64.0,24.0,0.0,0.0,0.0,0.0,0.0
9000008552,2025-11-25 08:00,0.645,26,24,50,26,11,37,212,66,278,43,21,64,23.0,13.41,55.87,29.61,1.12,0.0,0.0,0.0,0.0
9000008552,2025-11-25 09:00,0.774722,27,19,47,23,14,38,171,58,229,47,31,78,23.0,21.35,50.0,28.09,0.56,0.0,0.0,0.0,0.0
9000008552,2025-11-25 10:00,0.776389,12,14,26,22,22,44,113,82,195,32,36,68,27.0,11.84,41.45,40.13,5.26,0.0,0.0,0.66,0.66
9000008552,2025-11-25 11:00,0.783333,22,22,44,22,11,33,170,103,273,29,40,69,26.0,13.08,45.79,36.45,4.21,0.47,0.0,0.0,0.0
9000008552,2025-11-25 12:00,0.745278,21,17,39,45,23,68,139,109,248,19,28,47,25.0,16.22,47.57,30.27,3.24,0.0,1.08,0.54,0.54
9000008552,2025-11-25 13:00,0.765278,16,20,35,38,24,62,205,123,328,27,32,60,26.5,11.95,47.81,30.68,7.17,1.2,0.0,0.4,0.8
9000008552,2025-11-25 14:00,0.772778,36,39,75,32,17,49,207,97,304,31,41,73,22.0,24.26,54.89,18.3,1.7,0.0,0.0,0.43,0.43
9000008552,2025-11-25 15:00,0.686111,31,45,76,55,32,86,234,129,363,37,33,70,22.5,35.34,41.77,20.48,1.2,1.2,0.0,0.0,0.4
9000008552,2025-11-26 08:00,0.761944,30,18,48,33,12,45,211,71,282,32,23,56,25.5,7.44,54.42,31.63,4.19,0.93,0.0,0.0,1.4
9000008552,2025-11-26 09:00,0.782778,20,31,51,27,26,52,183,75,258,46,26,72,23.5,15.84,60.4,19.8,3.47,0.0,0.0,0.0,0.5
9000008552,2025-11-26 10:00,0.7575,34,22,57,20,18,38,116,55,171,33,18,51,25.0,7.69,53.85,36.15,0.77,1.54,0.0,0.0,0.0
9000008552,2025-11-26 11:00,0.74,9,17,27,39,16,56,157,100,257,31,30,61,25.0,20.53,44.21,30.0,4.21,0.0,0.53,0.0,0.53
9000008552,2025-11-26 12:00,0.766111,20,25,44,40,14,55,188,97,284,42,26,68,24.0,19.72,45.41,30.28,3.21,0.46,0.46,0.46,0.0
9000008552,2025-11-26 13:00,0.768056,20,27,47,55,24,79,223,113,336,27,29,56,26.0,20.93,42.64,30.23,5.43,0.78,0.0,0.0,0.0
9000008552,2025-11-26 14:00,0.754444,18,24,42,58,21,80,287,102,389,44,19,63,23.5,25.17,49.32,20.41,3.06,0.34,0.0,0.34,1.02
9000008552,2025-11-26 15:00,0.705556,33,36,69,59,39,98,246,122,368,38,22,60,24.5,23.85,44.62,26.92,3.08,0.38,0.38,0.38,0.38
9000008552,2025-11-26 16:00,0.037778,0,0,0,106,79,185,424,132,556,0,26,26,21.0,19.05,61.9,19.05,0.0,0.0,0.0,0.0,0.0
9000008552,2025-11-27 07:00,0.039722,25,0,25,25,0,25,403,126,529,0,0,0,25.0,4.76,42.86,42.86,4.76,4.76,0.0,0.0,0.0
9000008552,2025-11-27 08:00,0.624722,32,22,54,31,15,46,225,63,288,15,28,44,22.5,20.56,56.67,18.33,3.89,0.0,0.0,0.0,0.0
9000008552,2025-11-27 09:00,0.761667,26,28,54,37,26,63,204,63,267,35,20,55,22.5,11.82,64.04,20.2,3.45,0.0,0.0,0.0,0.49
9000008552,2025-11-27 10:00,0.779722,25,22,48,33,31,64,201,54,254,40,48,88,22.0,28.28,50.51,19.19,2.53,0.0,0.0,0.0,0.0
9000008552,2025-11-27 11:00,0.774722,31,27,58,32,21,53,118,70,188,32,48,80,22.0,21.23,57.53,20.55,0.68,0.0,0.0,0.0,0.0
9000008552,2025-11-27 12:00,0.75,30,36,66,43,19,62,121,95,216,25,36,61,21.0,33.95,48.77,13.58,3.09,0.0,0.0,0.0,0.62
9000008552,2025-11-27 13:00,0.776667,18,23,41,35,24,59,156,84,240,35,47,81,22.5,22.04,55.91,18.82,0.54,1.08,0.0,0.0,1.61
9000008552,2025-11-27 14:00,0.766944,16,23,39,38,26,64,155,79,235,63,48,111,19.0,39.44,50.0,8.89,0.56,0.56,0.56,0.0,0.0
9000008552,2025-11-27 15:00,0.751667,9,35,44,41,41,82,208,123,331,42,36,78,20.5,25.7,57.83,12.05,1.61,2.01,0.4,0.0,0.4
9000008552,2025-11-28 08:00,0.764722,15,12,28,31,13,43,183,76,260,34,30,64,24.0,12.06,54.27,29.65,3.52,0.0,0.0,0.0,0.5
9000008552,2025-11-28 09:00,0.778333,22,26,48,28,12,40,123,67,190,44,31,75,24.0,10.14,50.0,38.51,1.35,0.0,0.0,0.0,0.0
9000008552,2025-11-28 10:00,0.784167,20,23,43,18,29,47,191,68,259,35,24,59,23.5,14.29,55.17,28.57,1.48,0.0,0.0,0.0,0.49
9000008552,2025-11-28 11:00,0.780833,19,24,43,81,12,93,142,86,228,26,41,67,23.5,15.73,48.31,33.15,2.25,0.56,0.0,0.0,0.0
9000008552,2025-11-28 12:00,0.7775,27,32,59,26,26,51,153,82,235,55,54,109,23.5,14.75,54.64,28.96,0.55,0.0,0.0,1.09,0.0
9000008552,2025-11-28 13:00,0.763611,14,27,42,28,33,60,169,97,266,26,59,85,24.0,23.15,45.32,26.6,3.94,0.49,0.0,0.0,0.49
9000008552,2025-11-28 14:00,0.563333,41,49,90,40,35,75,243,106,349,35,46,81,23.0,25.89,49.75,21.32,3.05,0.0,0.0,0.0,0.51
9000008552,2025-11-28 15:00,0.580556,14,43,57,47,36,83,213,151,364,27,37,65,23.5,36.97,37.44,22.75,0.95,0.0,0.95,0.0,0.95
9000008552,2025-11-29 08:00,0.619444,15,12,27,6,3,9,42,26,68,9,10,18,28.5,0.0,35.71,52.38,9.52,0.0,0.0,0.0,0.0
9000008552,2025-11-29 09:00,0.46,10,64,74,12,14,26,53,32,85,51,16,67,25.0,0.0,61.54,25.64,7.69,0.0,0.0,0.0,0.0
9000008552,2025-11-29 10:00,0.779722,27,32,59,24,24,49,81,71,152,22,24,46,26.0,5.08,45.76,43.22,4.24,1.69,0.0,0.0,0.0
9000008552,2025-11-29 11:00,0.786944,27,24,51,28,15,43,146,75,221,9,27,36,24.0,15.52,53.45,27.01,2.3,0.57,0.57,0.0,0.57
9000008552,2025-11-29 12:00,0.780556,37,45,82,30,18,47,172,102,274,21,33,54,23.5,14.49,52.34,31.31,1.87,0.0,0.0,0.0,0.0
9000008552,2025-11-29 13:00,0.779444,37,28,65,29,24,54,248,80,328,30,23,53,22.5,17.58,58.98,21.09,1.95,0.0,0.0,0.0,0.39
9000008552,2025-11-29 14:00,0.773056,35,46,81,40,19,59,249,97,346,18,22,40,23.5,14.55,57.84,23.88,2.99,0.0,0.0,0.0,0.37
9000008552,2025-11-29 15:00,0.654167,37,36,73,51,36,87,293,106,400,25,24,50,23.0,16.48,56.7,22.99,1.92,0.77,0.0,0.77,0.38
9000008552,2025-11-30 07:00,0.040833,0,24,24,24,0,24,0,0,0,0,0,0,,0.0,0.0,0.0,0.0,0.0,0.0,0.0,0.0
9000008552,2025-11-30 08:00,0.591111,8,3,12,7,3,10,25,20,46,12,3,15,25.0,0.0,51.85,44.44,3.7,0.0,0.0,0.0,0.0
9000008552,2025-11-30 09:00,0.795,3,13,15,8,6,14,39,40,79,11,14,25,27.5,0.0,42.86,52.38,4.76,0.0,0.0,0.0,0.0
9000008552,2025-11-30 10:00,0.797222,15,15,30,9,14,22,69,53,122,10,11,21,26.0,6.19,47.42,40.21,5.15,0.0,0.0,1.03,0.0
9000008552,2025-11-30 11:00,0.7875,18,15,33,10,9,19,62,60,122,13,15,28,26.0,10.42,39.58,46.88,1.04,0.0,0.0,1.04,1.04
9000008552,2025-11-30 12:00,0.790556,24,26,50,16,19,35,98,87,185,12,19,31,25.0,8.9,50.0,35.62,4.11,0.0,1.37,0.0,0.0
9000008552,2025-11-30 13:00,0.7925,26,27,54,27,29,56,128,87,216,21,14,35,24.5,8.77,57.31,27.49,5.26,0.0,0.58,0.0,0.58
9000008552,2025-11-30 14:00,0.783889,28,32,60,34,28,63,126,69,195,25,27,52,23.0,6.54,70.59,17.65,1.31,0.0,1.31,0.0,2.61
9000008552,2025-11-30 15:00,0.567778,34,26,59,28,26,54,177,92,269,17,28,45,22.0,33.33,47.06,16.34,1.31,1.96,0.0,0.0,0.65
9000008552,2025-12-01 08:00,0.641389,28,9,37,27,36,62,172,63,235,25,19,44,24.0,17.88,51.66,25.83,1.99,1.99,0.0,0.0,0.66
9000008552,2025-12-01 09:00,0.785,15,22,37,24,20,45,217,79,296,33,18,51,24.5,17.67,52.16,27.59,2.59,0.0,0.0,0.0,0.0
9000008552,2025-12-01 10:00,0.776111,33,23,56,21,17,38,142,65,207,31,31,62,23.5,18.63,54.66,24.84,1.86,0.0,0.0,0.0,0.0
9000008552,2025-12-01 11:00,0.778333,16,14,30,27,14,41,146,86,232,45,34,79,23.5,17.78,56.67,20.56,4.44,0.56,0.0,0.0,0.0
9000008552,2025-12-01 12:00,0.787778,22,36,57,25,33,58,145,112,257,53,53,107,24.0,16.34,51.98,26.73,3.96,0.5,0.0,0.0,0.5
9000008552,2025-12-01 13:00,0.766667,18,14,32,37,36,74,177,107,284,47,27,74,25.0,16.97,52.75,24.31,3.67,0.92,0.46,0.92,0.0
9000008552,2025-12-01 14:00,0.786389,13,23,35,47,31,78,170,99,269,42,24,66,23.0,17.06,55.92,23.22,2.37,0.95,0.0,0.0,0.47
9000008552,2025-12-01 15:00,0.700556,29,23,52,42,43,85,195,76,272,81,35,115,21.0,19.47,63.16,15.26,1.58,0.53,0.0,0.0,0.0
9000008552,2025-12-02 07:00,0.079167,13,13,25,51,25,76,316,51,366,0,25,25,26.0,10.34,44.83,37.93,3.45,0.0,0.0,0.0,3.45
9000008552,2025-12-02 08:00,0.358333,28,22,51,67,25,93,220,71,291,9,23,33,25.5,10.58,50.96,28.85,7.69,0.0,0.0,0.0,0.96
9000008552,2025-12-02 09:00,0.781389,32,28,60,29,26,55,215,86,301,22,36,57,22.0,17.45,59.15,21.28,1.28,0.85,0.0,0.0,0.0
9000008552,2025-12-02 10:00,0.778889,15,18,33,40,14,54,137,87,225,18,37,55,24.5,13.71,56.57,25.14,2.29,0.57,0.57,0.57,0.57
9000008552,2025-12-02 11:00,0.786389,14,10,24,31,20,51,145,71,216,20,51,71,22.5,19.41,57.65,18.24,2.94,1.76,0.0,0.0,0.0
9000008552,2025-12-02 12:00,0.779722,31,27,58,35,36,71,69,59,128,55,48,103,22.0,20.0,57.0,22.0,1.0,0.0,0.0,0.0,0.0
9000008552,2025-12-02 13:00,0.775,18,18,36,23,24,47,138,75,213,47,53,100,23.0,27.88,47.27,21.21,1.21,1.21,0.61,0.0,0.61
9000008552,2025-12-02 14:00,0.774722,25,41,66,34,39,72,165,101,266,50,30,80,24.5,18.45,50.0,25.24,2.43,2.43,0.97,0.0,0.49
9000008552,2025-12-02 15:00,0.743611,24,34,58,35,35,70,186,126,312,62,47,109,20.5,25.86,57.76,14.22,0.0,0.43,0.43,0.0,0.86
9000008552,2025-12-03 08:00,0.2625,24,12,36,31,35,66,247,101,347,31,35,66,23.0,9.89,65.93,23.08,0.0,0.0,0.0,0.0,0.0
9000008552,2025-12-03 09:00,0.7825,22,22,43,29,18,47,153,85,238,44,19,63,24.0,10.22,54.84,30.11,4.3,0.54,0.0,0.0,0.0
9000008552,2025-12-03 10:00,0.775,18,19,37,19,12,31,152,93,246,35,25,60,24.0,8.95,54.21,35.79,1.05,0.0,0.0,0.0,0.0
9000008552,2025-12-03 11:00,0.7825,21,15,36,18,10,28,106,76,181,27,38,65,24.5,15.49,45.07,37.32,1.41,0.7,0.0,0.0,0.0
9000008552,2025-12-03 12:00,0.778056,25,40,64,28,21,49,129,81,209,37,58,95,23.0,18.4,55.83,25.15,0.0,0.0,0.0,0.0,0.61
9000008552,2025-12-03 13:00,0.786944,26,19,45,29,24,54,150,104,254,46,37,82,24.5,10.5,51.5,36.0,2.0,0.0,0.0,0.0,0.0
9000008552,2025-12-03 14:00,0.763333,16,22,38,33,26,59,169,100,269,42,37,79,23.5,21.95,53.17,21.46,3.41,0.0,0.0,0.0,0.0
9000008552,2025-12-03 15:00,0.444722,10,39,49,67,35,102,166,94,261,30,29,59,23.5,26.72,46.55,26.72,0.86,0.0,0.0,0.0,0.0
9000008552,2025-12-04 08:00,0.511944,32,11,43,33,24,58,162,74,235,48,33,81,24.0,19.83,51.24,26.45,0.83,0.0,0.0,0.0,0.83
9000008552,2025-12-04 09:00,0.7775,23,22,45,33,24,58,199,76,275,54,42,96,24.0,9.81,58.88,25.23,4.21,1.87,0.0,0.0,0.0
9000008552,2025-12-04 10:00,0.772778,25,28,53,18,21,39,269,60,328,85,19,104,23.5,18.9,54.72,20.87,4.33,0.0,0.0,0.0,1.18
9000008552,2025-12-04 11:00,0.780556,24,25,49,15,14,29,180,96,277,51,34,86,24.5,9.72,57.87,28.7,1.39,0.93,0.0,0.0,1.39
9000008552,2025-12-04 12:00,0.777222,22,44,65,26,27,53,145,96,241,44,48,92,23.5,18.18,48.13,31.55,2.14,0.0,0.0,0.0,0.0
9000008552,2025-12-04 13:00,0.784167,22,23,45,45,19,64,182,133,314,31,43,74,24.5,13.41,53.25,28.05,2.44,1.63,0.41,0.0,0.81
9000008552,2025-12-04 14:00,0.774167,32,23,56,30,30,59,175,111,287,31,30,61,25.5,20.27,45.05,28.83,4.05,0.45,0.45,0.45,0.45
9000008552,2025-12-04 15:00,0.491667,24,16,39,45,43,89,179,112,291,45,46,91,22.5,41.96,37.76,17.48,1.4,1.4,0.0,0.0,0.0
9000008552,2025-12-05 08:00,0.183333,11,28,39,15,6,21,158,49,207,27,16,43,26.5,21.05,50.0,21.05,7.89,0.0,0.0,0.0,0.0
9000008552,2025-12-05 09:00,0.636667,17,19,36,26,14,40,127,75,202,21,18,39,27.0,3.88,44.96,42.64,8.53,0.0,0.0,0.0,0.0
9000008552,2025-12-05 10:00,0.782222,19,20,40,27,9,36,137,91,227,33,36,69,25.0,10.11,51.12,34.27,3.93,0.0,0.0,0.0,0.56
9000008552,2025-12-05 11:00,0.768611,26,33,59,48,16,64,156,66,223,35,29,64,24.0,14.62,54.97,26.32,2.92,0.0,0.0,0.0,1.17
9000008552,2025-12-05 12:00,0.775,27,36,63,22,21,43,165,78,243,44,34,77,23.5,20.74,47.34,28.19,3.72,0.53,0.0,0.0,0.0
9000008552,2025-12-05 13:00,0.773889,33,47,79,15,22,37,201,115,316,66,29,95,24.0,19.59,51.02,24.08,4.9,0.41,0.0,0.0,0.41
9000008552,2025-12-05 14:00,0.761667,28,41,68,42,28,70,184,96,280,72,38,111,24.0,21.13,46.01,29.11,2.82,0.0,0.47,0.47,0.0
9000008552,2025-12-05 15:00,0.194722,26,41,67,56,21,77,149,134,282,26,31,56,26.0,14.55,41.82,38.18,3.64,0.0,0.0,1.82,0.0
9000008552,2025-12-06 08:00,0.553611,10,6,16,2,7,9,53,28,81,10,25,35,27.5,0.0,44.44,48.89,4.44,2.22,0.0,0.0,0.0
9000008552,2025-12-06 09:00,0.785278,10,13,23,13,5,18,91,50,141,18,31,48,27.5,1.8,42.34,49.55,5.41,0.0,0.0,0.9,0.0
9000008552,2025-12-06 10:00,0.776944,18,18,36,23,18,41,91,81,172,21,30,50,26.5,5.97,47.76,40.3,5.97,0.0,0.0,0.0,0.0
9000008552,2025-12-06 11:00,0.780833,22,23,45,15,28,44,118,86,204,11,33,45,24.5,15.72,45.28,33.33,5.66,0.0,0.0,0.0,0.0
9000008552,2025-12-06 12:00,0.779444,26,18,44,41,39,80,169,90,259,38,34,72,24.0,10.89,54.46,31.68,2.48,0.5,0.0,0.0,0.0
9000008552,2025-12-06 13:00,0.777222,15,21,36,32,29,60,270,107,377,39,37,76,23.5,12.63,61.09,23.89,1.71,0.0,0.34,0.0,0.34
9000008552,2025-12-06 14:00,0.769722,30,19,49,40,35,76,299,108,407,43,22,65,22.0,23.96,53.99,20.45,0.96,0.32,0.0,0.0,0.32
9000008552,2025-12-06 15:00,0.576667,16,26,42,21,30,51,245,80,325,35,19,54,21.5,32.98,48.4,18.09,0.53,0.0,0.0,0.0,0.53
9000008552,2025-12-07 08:00,0.298611,2,0,2,6,0,6,31,10,41,2,2,4,31.0,0.0,16.67,58.33,16.67,0.0,0.0,0.0,0.0
9000008552,2025-12-07 09:00,0.591944,1,7,8,13,5,18,49,43,93,5,9,14,29.0,1.82,41.82,43.64,9.09,3.64,0.0,0.0,0.0
9000008552,2025-12-07 10:00,0.788056,9,19,28,20,11,32,43,49,92,4,13,17,29.5,2.74,32.88,52.05,10.96,0.0,1.37,0.0,0.0
9000008552,2025-12-07 11:00,0.784722,8,10,18,22,15,37,53,65,119,8,6,14,32.0,3.23,30.11,46.24,15.05,2.15,0.0,1.08,2.15
9000008552,2025-12-07 12:00,0.776389,13,14,27,31,17,47,72,73,145,6,10,17,30.5,5.31,31.86,46.02,14.16,1.77,0.88,0.0,0.0
9000008552,2025-12-07 13:00,0.776389,22,10,32,42,31,73,131,108,239,8,13,21,27.5,5.38,48.92,37.1,5.91,1.61,0.0,1.08,0.0
9000008552,2025-12-07 14:00,0.770833,22,18,40,46,47,92,96,83,179,8,12,19,30.0,7.97,37.68,39.86,7.97,2.17,0.0,0.72,3.62
9000008552,2025-12-07 15:00,0.732778,15,20,35,69,44,113,120,110,230,4,12,16,29.0,5.95,35.71,45.24,8.33,1.19,0.6,0.0,1.79
9000008552,2025-12-08 08:00,0.601111,18,27,45,36,29,65,219,80,300,17,29,46,23.5,10.56,62.78,24.44,1.11,0.0,0.0,0.56,1.11
9000008552,2025-12-08 09:00,0.7775,26,23,49,59,25,84,172,76,248,27,23,50,24.0,11.92,52.85,32.64,2.07,0.0,0.0,0.0,0.52
9000008552,2025-12-08 10:00,0.758056,27,38,65,44,21,64,108,94,202,21,34,55,23.0,13.07,57.52,27.45,1.31,0.0,0.0,0.0,0.65
9000008552,2025-12-08 11:00,0.785833,36,28,64,53,19,73,119,91,210,32,31,63,24.0,7.27,56.97,32.73,3.03,0.0,0.0,0.0,0.0
9000008552,2025-12-08 12:00,0.758611,22,46,68,53,31,84,122,98,221,30,34,64,24.5,16.17,49.1,32.34,0.6,0.6,0.0,0.0,1.2
9000008552,2025-12-08 13:00,0.769722,18,34,52,64,31,95,168,77,245,13,16,29,24.0,16.49,52.13,25.0,4.26,1.06,0.0,0.0,1.06
9000008552,2025-12-08 14:00,0.764722,22,32,54,65,43,108,179,119,297,25,45,70,23.5,20.26,52.42,23.79,3.96,0.0,0.0,0.0,0.0
9000008552,2025-12-08 15:00,0.390556,29,37,66,53,34,86,253,125,378,29,28,57,23.5,29.73,45.95,21.62,2.7,0.0,0.0,0.0,0.0
9000008552,2025-12-09 08:00,0.478611,18,11,28,29,16,45,204,57,262,61,19,80,25.0,11.2,50.4,29.6,4.8,0.0,1.6,0.8,1.6
9000008552,2025-12-09 09:00,0.779722,17,26,42,27,23,50,144,58,202,44,27,71,24.5,12.74,49.04,35.67,1.91,0.64,0.0,0.0,0.64
9000008552,2025-12-09 10:00,0.787778,20,27,47,30,20,51,152,76,228,77,32,109,24.0,14.44,55.0,27.78,2.22,0.0,0.0,0.0,0.56
9000008552,2025-12-09 11:00,0.778333,27,24,51,28,17,45,116,80,196,35,43,77,24.5,16.99,50.98,27.45,3.27,0.0,0.0,0.0,1.31
9000008552,2025-12-09 12:00,0.781667,33,36,69,28,33,61,141,86,227,35,33,68,24.5,7.91,56.5,29.94,4.52,1.13,0.0,0.0,0.0
9000008552,2025-12-09 13:00,0.780278,20,21,41,19,17,36,120,107,227,29,28,57,24.5,18.64,44.07,35.59,1.69,0.56,0.0,0.0,0.0
9000008552,2025-12-09 14:00,0.776944,25,55,80,24,21,45,175,93,268,41,23,64,25.5,9.13,55.29,29.33,2.88,2.4,0.0,0.0,0.96
9000008552,2025-12-09 15:00,0.3025,34,27,61,34,37,72,195,147,343,30,29,59,24.5,9.62,50.96,34.62,4.81,0.0,0.0,0.0,0.0
9000008552,2025-12-10 08:00,0.311389,47,10,57,51,16,67,132,67,199,35,32,67,25.5,8.06,43.55,38.71,0.0,1.61,0.0,0.0,8.06
9000008552,2025-12-10 09:00,0.77,22,14,36,40,21,61,205,83,287,29,19,48,23.5,19.0,54.75,22.62,3.17,0.0,0.0,0.0,0.45
9000008552,2025-12-10 10:00,0.775556,21,25,45,26,10,36,146,94,240,31,27,58,26.0,8.06,44.62,44.62,2.69,0.0,0.0,0.0,0.0
9000008552,2025-12-10 11:00,0.783056,16,24,40,45,17,62,134,92,226,15,37,52,23.5,16.95,54.8,27.68,0.0,0.0,0.0,0.56,0.0
9000008552,2025-12-10 12:00,0.5875,17,62,79,28,20,47,177,131,309,32,32,64,23.0,18.78,54.14,25.97,1.66,0.55,0.0,0.0,0.0
9000008552,2025-12-10 13:00,0.778889,26,13,38,37,29,67,166,97,263,18,21,39,24.0,8.29,59.51,27.32,2.44,0.49,0.49,0.0,0.98
9000008552,2025-12-10 14:00,0.765833,21,25,46,59,34,93,209,103,311,21,37,58,24.0,17.23,52.52,26.47,1.68,0.84,0.0,0.42,0.84
9000008552,2025-12-10 15:00,0.329444,10,15,24,209,70,279,328,108,436,42,11,53,27.0,26.39,40.97,22.92,1.39,0.69,0.0,0.0,7.64
9000008552,2025-12-11 08:00,0.406389,47,26,73,77,17,94,177,96,273,22,50,71,23.0,6.31,64.86,23.42,3.6,0.9,0.0,1.8,0.0
9000008552,2025-12-11 09:00,0.780833,23,17,40,44,37,81,182,68,250,35,35,69,22.5,20.0,55.9,22.56,1.03,0.51,0.0,0.0,0.0
9000008552,2025-12-11 10:00,0.765278,21,5,26,29,22,51,134,107,242,22,26,48,25.0,11.89,52.97,25.95,5.95,1.62,0.54,0.54,0.54
9000008552,2025-12-11 11:00,0.779444,15,17,32,22,35,57,183,88,271,44,32,76,24.5,11.37,56.4,26.54,3.32,1.42,0.0,0.95,0.47
9000008552,2025-12-11 12:00,0.774167,18,41,59,28,43,71,164,114,277,43,34,76,24.5,18.6,50.23,21.86,6.51,1.86,0.0,0.47,0.47
9000008552,2025-12-11 13:00,0.778611,17,14,31,28,33,62,143,102,245,54,60,114,22.5,14.21,63.68,18.42,2.63,0.0,0.0,0.0,1.05
9000008552,2025-12-11 14:00,0.769722,16,29,44,32,31,64,145,112,257,42,23,66,20.5,22.73,61.11,11.62,2.53,0.51,0.51,0.51,0.0
9000008552,2025-12-11 15:00,0.685833,14,17,31,53,32,85,206,141,347,29,39,69,22.0,20.17,60.92,14.29,2.1,1.68,0.42,0.0,0.42
9000008552,2025-12-12 08:00,0.616389,17,15,33,22,25,48,120,65,184,24,19,43,24.5,12.28,53.51,29.82,4.39,0.0,0.0,0.0,0.88
9000008552,2025-12-12 09:00,0.768611,25,17,42,31,16,47,132,52,184,29,21,51,23.0,28.37,48.23,17.02,4.96,1.42,0.0,0.0,0.0
9000008552,2025-12-12 10:00,0.769444,13,18,31,25,21,45,101,65,166,34,27,61,24.0,8.59,61.72,25.0,3.12,0.78,0.0,0.78,0.0
9000008552,2025-12-12 11:00,0.776111,19,14,33,26,25,51,145,75,220,41,36,77,24.5,11.7,61.4,21.05,2.92,2.34,0.0,0.0,0.58
9000008552,2025-12-12 12:00,0.768611,17,35,52,30,35,65,158,73,231,71,37,108,21.0,23.6,58.99,15.73,1.69,0.0,0.0,0.0,0.0
9000008552,2025-12-12 13:00,0.761944,28,33,61,31,37,68,183,114,297,45,26,71,25.0,20.35,51.33,21.68,3.54,1.77,0.44,0.0,0.88
9000008552,2025-12-12 14:00,0.7675,35,23,59,22,31,53,209,133,342,65,44,109,22.5,17.94,60.69,20.23,0.38,0.38,0.38,0.0,0.0
9000008552,2025-12-12 15:00,0.694722,16,28,44,35,37,72,192,108,300,66,38,104,21.5,31.73,48.08,18.75,0.96,0.48,0.0,0.0,0.0
9000008552,2025-12-13 08:00,0.42,12,0,12,12,2,13,36,16,52,10,12,22,27.5,4.55,59.09,22.73,9.09,4.55,0.0,0.0,0.0
9000008552,2025-12-13 09:00,0.795,5,14,19,10,9,19,65,54,119,12,14,26,27.5,5.26,50.53,40.0,3.16,1.05,0.0,0.0,0.0
9000008552,2025-12-13 10:00,0.776389,17,16,32,16,14,30,74,62,135,28,21,49,25.0,4.76,48.57,44.76,0.95,0.0,0.0,0.0,0.95
9000008552,2025-12-13 11:00,0.786111,21,33,54,20,20,41,121,81,203,30,24,54,23.5,13.21,52.2,29.56,2.52,1.89,0.0,0.0,0.63
9000008552,2025-12-13 12:00,0.770833,23,14,37,23,31,54,151,73,224,29,18,47,26.0,8.09,52.02,31.21,5.78,0.0,0.0,1.73,0.58
9000008552,2025-12-13 13:00,0.773889,20,35,55,31,27,58,196,102,298,40,19,59,24.5,15.15,54.98,24.68,5.19,0.0,0.0,0.0,0.0
9000008552,2025-12-13 14:00,0.761944,29,43,72,35,31,67,211,100,311,61,25,86,23.5,20.68,54.85,18.57,3.8,0.42,1.27,0.0,0.42
9000008552,2025-12-13 15:00,0.388333,15,31,45,36,34,70,277,134,410,65,13,78,22.5,15.09,64.15,18.24,1.26,0.0,0.0,0.63,0.0
9000008552,2025-12-14 08:00,0.498889,0,5,5,0,0,0,32,28,60,7,8,15,27.0,0.0,60.0,30.0,10.0,0.0,0.0,0.0,0.0
9000008552,2025-12-14 09:00,0.779167,3,13,15,13,7,19,30,32,62,5,5,10,27.5,4.17,41.67,50.0,4.17,0.0,0.0,0.0,0.0
9000008552,2025-12-14 10:00,0.789722,13,11,24,15,9,24,58,42,100,8,9,16,25.0,2.53,48.1,41.77,5.06,1.27,0.0,0.0,1.27
9000008552,2025-12-14 11:00,0.767778,9,10,19,16,18,34,92,64,156,11,8,18,27.5,1.67,45.83,43.33,5.83,0.83,0.83,0.0,0.83
9000008552,2025-12-14 12:00,0.766944,10,9,20,21,25,46,159,84,243,8,12,20,26.0,8.06,49.46,36.56,4.84,0.0,0.0,0.0,1.08
9000008552,2025-12-14 13:00,0.770278,10,10,21,22,22,44,108,86,194,12,15,27,25.0,4.03,48.99,41.61,4.03,0.0,0.67,0.0,0.67
9000008552,2025-12-14 14:00,0.774722,21,26,47,20,36,56,120,100,220,26,26,52,24.5,6.43,59.65,31.58,2.34,0.0,0.0,0.0,0.0
9000008552,2025-12-14 15:00,0.728056,14,24,37,43,27,70,157,99,256,17,15,32,24.5,12.37,51.61,31.72,1.61,1.08,1.08,0.0,0.0
9000008552,2025-12-15 08:00,0.531111,15,7,22,33,21,54,164,69,233,21,24,45,24.5,8.06,60.48,24.19,4.84,0.81,0.0,0.0,1.61
9000008552,2025-12-15 09:00,0.763889,29,17,46,31,30,62,156,76,232,46,26,72,24.0,12.99,52.54,29.94,3.39,0.56,0.0,0.0,0.56
9000008552,2025-12-15 10:00,0.787778,29,20,50,24,22,46,127,95,222,32,27,59,23.5,8.0,58.29,30.86,1.14,0.57,0.0,0.57,0.57
9000008552,2025-12-15 11:00,0.782778,22,27,49,19,21,40,138,93,232,22,27,49,23.0,14.36,58.56,22.65,3.31,0.0,0.55,0.55,0.0
9000008552,2025-12-15 12:00,0.752222,23,32,54,31,41,72,160,92,252,30,28,58,23.0,17.37,57.89,23.16,2.11,0.0,0.0,0.0,0.0
9000008552,2025-12-15 13:00,0.779167,22,28,50,37,28,65,162,100,262,35,33,68,25.0,15.2,49.02,30.39,2.94,0.98,0.49,0.0,1.47
9000008552,2025-12-15 14:00,0.776389,44,40,84,26,19,45,180,142,322,43,41,84,23.5,18.0,52.0,25.2,3.6,0.4,0.4,0.0,0.4
9000008552,2025-12-15 15:00,0.697778,36,34,70,33,35,68,250,126,376,76,31,106,22.0,28.63,50.76,15.65,3.05,1.15,0.38,0.38,0.38
9000008552,2025-12-16 08:00,0.371667,52,15,67,45,29,74,251,55,305,27,35,62,23.0,7.96,67.26,24.78,0.88,0.0,0.0,0.0,0.0
9000008552,2025-12-16 09:00,0.771667,19,21,40,22,27,49,170,84,254,54,35,89,22.0,21.94,54.59,21.94,0.51,0.51,0.0,0.0,0.51
9000008552,2025-12-16 10:00,0.776944,19,15,35,17,15,32,131,76,207,37,32,70,22.5,13.04,62.11,22.36,1.24,1.24,0.0,0.0,0.0
9000008552,2025-12-16 11:00,0.772778,25,27,52,18,12,30,163,76,239,43,40,83,23.0,15.68,57.84,25.41,1.08,0.0,0.0,0.0,0.0
9000008552,2025-12-16 12:00,0.782222,35,35,70,28,27,55,120,86,207,46,34,79,23.0,16.67,53.09,29.01,1.23,0.0,0.0,0.0,0.0
9000008552,2025-12-16 13:00,0.759722,22,37,59,33,20,53,158,95,253,43,25,68,24.0,20.31,48.44,30.21,1.04,0.0,0.0,0.0,0.52
9000008552,2025-12-16 14:00,0.7725,29,32,60,41,30,71,208,112,320,45,19,65,22.5,11.34,64.78,22.67,0.81,0.0,0.0,0.0,0.4
9000008552,2025-12-16 15:00,0.649444,15,24,39,39,50,89,225,123,347,47,23,70,21.0,27.88,53.98,15.93,0.88,0.0,0.0,0.0,0.88
9000008552,2025-12-17 08:00,0.478333,19,14,33,24,22,47,141,84,225,14,33,47,22.0,11.11,67.59,18.52,3.7,0.0,0.0,0.0,0.0
9000008552,2025-12-17 09:00,0.511944,24,19,42,24,27,51,137,77,214,34,38,73,24.5,5.5,55.96,36.7,3.67,0.0,0.0,0.0,0.0
9000008552,2025-12-17 10:00,0.779444,22,17,39,17,18,35,130,55,185,41,40,81,22.0,18.06,59.03,22.22,0.0,0.0,0.0,0.0,0.69
9000008552,2025-12-17 11:00,0.790556,17,13,29,20,24,44,127,102,229,28,28,56,24.5,18.23,45.86,29.28,5.52,0.55,0.0,0.0,0.55
9000008552,2025-12-17 12:00,0.778056,31,31,62,34,26,59,126,83,210,41,28,69,24.5,12.88,53.37,28.83,3.07,0.61,0.0,0.0,1.23
9000008552,2025-12-17 13:00,0.779167,23,22,44,34,17,51,198,87,285,35,21,55,23.0,20.72,54.05,23.87,1.35,0.0,0.45,0.0,0.0
9000008552,2025-12-17 14:00,0.778611,23,26,49,31,30,60,147,145,292,51,31,82,23.5,14.04,56.58,26.75,1.75,0.44,0.44,0.0,0.0
9000008552,2025-12-17 15:00,0.661389,24,31,54,47,34,81,217,116,333,41,24,65,22.0,12.27,67.27,17.27,2.27,0.0,0.0,0.0,0.91
9000008552,2025-12-18 08:00,0.352778,34,17,51,31,14,45,167,68,235,17,21,38,25.0,10.84,53.01,30.12,2.41,1.2,1.2,0.0,1.2
9000008552,2025-12-18 09:00,0.785833,27,24,51,25,19,45,152,65,216,37,28,65,24.0,7.65,57.65,31.18,2.35,0.59,0.59,0.0,0.0
9000008552,2025-12-18 10:00,0.775833,17,18,35,18,19,37,143,73,217,23,34,57,23.5,13.69,57.14,27.38,1.79,0.0,0.0,0.0,0.0
9000008552,2025-12-18 11:00,0.778333,27,19,46,28,18,46,132,96,228,39,40,79,24.0,16.29,46.07,34.27,1.69,0.56,0.0,0.0,1.12
9000008552,2025-12-18 12:00,0.777778,27,32,59,23,37,61,163,86,250,32,28,60,23.0,23.71,49.48,24.23,2.06,0.0,0.0,0.0,0.52
9000008552,2025-12-18 13:00,0.774722,17,39,55,34,36,70,190,112,302,36,23,59,25.0,12.39,48.72,35.47,2.99,0.0,0.0,0.0,0.43
9000008552,2025-12-18 14:00,0.769444,24,26,49,44,39,84,216,123,340,52,31,83,23.0,25.95,50.38,18.7,3.05,0.38,1.15,0.38,0.38
9000008552,2025-12-18 15:00,0.5775,28,22,49,56,41,97,187,110,297,25,21,46,22.5,23.39,54.39,18.13,2.34,0.58,0.58,0.0,0.0
9000008552,2025-12-19 08:00,0.556667,16,17,33,14,21,35,156,64,220,28,19,46,25.0,4.88,53.66,37.4,0.81,0.81,0.0,0.0,0.81
9000008552,2025-12-19 09:00,0.781389,27,21,47,26,20,46,141,73,214,32,31,63,24.0,8.38,55.09,32.93,1.8,0.6,0.6,0.6,0.0
9000008552,2025-12-19 10:00,0.786944,18,23,41,10,14,24,127,85,212,40,25,66,24.0,15.57,52.69,25.15,4.79,0.6,0.6,0.0,0.0
9000008552,2025-12-19 11:00,0.783611,23,27,50,20,19,40,198,72,270,38,29,68,22.5,17.06,57.35,22.75,1.42,0.47,0.0,0.0,0.95
9000008552,2025-12-19 12:00,0.778056,37,36,74,25,25,49,158,72,230,50,40,90,23.0,17.88,56.98,23.46,1.68,0.0,0.0,0.0,0.0
9000008552,2025-12-19 13:00,0.765833,18,30,48,30,23,54,231,94,326,49,18,68,22.5,26.91,51.81,18.07,3.21,0.0,0.0,0.0,0.0
9000008552,2025-12-19 14:00,0.775556,18,28,46,46,32,78,225,106,331,51,31,82,23.0,22.18,54.47,20.62,2.33,0.0,0.0,0.0,0.39
9000008552,2025-12-19 15:00,0.688056,18,26,45,45,52,97,260,135,395,32,31,62,23.5,20.96,52.21,23.16,1.1,0.74,0.0,0.0,1.47
9000008552,2025-12-20 08:00,0.390278,4,3,7,8,2,10,28,24,52,8,12,20,24.5,10.0,60.0,35.0,0.0,0.0,0.0,0.0,0.0
9000008552,2025-12-20 09:00,0.777778,9,5,14,10,6,17,57,68,125,10,17,27,28.0,14.43,36.08,43.3,6.19,0.0,0.0,0.0,0.0
9000008552,2025-12-20 10:00,0.785,14,15,29,23,12,34,108,67,175,13,22,34,26.5,5.8,43.48,42.75,5.8,0.72,0.72,0.0,0.72
9000008552,2025-12-20 11:00,0.791111,24,26,50,19,25,44,118,67,185,22,15,37,25.5,13.7,46.58,36.3,2.74,0.0,0.0,0.0,0.68
9000008552,2025-12-20 12:00,0.772778,23,31,54,25,16,40,167,84,251,27,22,49,24.5,10.82,55.15,29.9,3.61,0.52,0.0,0.0,0.0
9000008552,2025-12-20 13:00,0.777778,21,32,53,24,22,46,202,97,298,23,18,41,25.5,15.52,48.28,31.9,1.72,0.43,1.29,0.0,0.86
9000008552,2025-12-20 14:00,0.781111,37,31,68,44,13,56,218,120,338,14,19,33,24.5,15.15,56.06,23.11,3.41,0.76,0.0,0.38,1.14
9000008552,2025-12-20 15:00,0.700833,12,37,49,36,29,65,209,134,343,22,18,41,24.0,15.35,56.85,25.31,1.66,0.41,0.0,0.0,0.41
9000008552,2025-12-21 08:00,0.241111,3,3,6,12,0,12,12,59,72,12,6,19,31.5,0.0,17.65,58.82,23.53,0.0,0.0,0.0,0.0
9000008552,2025-12-21 09:00,0.5875,10,10,19,13,4,17,46,28,75,5,13,18,29.0,2.27,40.91,43.18,11.36,0.0,0.0,0.0,0.0
9000008552,2025-12-21 10:00,0.786389,9,13,22,4,4,8,52,43,95,8,13,20,28.5,4.0,36.0,49.33,8.0,0.0,0.0,0.0,2.67
9000008552,2025-12-21 11:00,0.791111,10,25,36,14,10,24,69,49,118,5,13,18,27.5,3.23,50.54,39.78,6.45,0.0,0.0,0.0,0.0
9000008552,2025-12-21 12:00,0.776389,28,31,59,21,14,35,86,74,161,8,10,18,26.5,1.6,47.2,46.4,4.0,0.0,0.0,0.0,0.8
9000008552,2025-12-21 13:00,0.743333,18,26,44,21,17,38,103,79,182,3,10,12,26.0,14.07,42.96,39.26,1.48,0.74,0.0,0.0,0.74
9000008552,2025-12-21 14:00,0.702778,24,27,50,20,16,36,118,53,171,1,10,11,23.5,10.83,58.33,29.17,0.83,0.0,0.0,0.0,0.0
9000008552,2025-12-21 15:00,0.321389,36,37,73,16,12,27,100,87,187,9,21,30,28.0,6.67,45.0,40.0,8.33,0.0,1.67,0.0,0.0
9000008552,2025-12-22 08:00,0.0425,47,24,71,0,0,0,94,71,165,47,24,71,22.5,14.29,57.14,28.57,0.0,0.0,0.0,0.0,0.0
9000008552,2025-12-22 09:00,0.696389,16,19,35,24,15,39,93,52,145,22,31,53,27.0,14.85,40.59,37.62,5.94,0.0,0.0,0.0,0.0
9000008552,2025-12-22 10:00,0.785833,18,23,41,20,17,37,115,56,171,27,22,48,24.5,10.45,50.75,32.84,5.22,0.75,0.0,0.0,0.0
9000008552,2025-12-22 11:00,0.773056,22,21,43,20,12,32,143,75,218,19,21,40,24.0,12.43,52.07,33.14,2.37,0.0,0.0,0.0,0.0
9000008552,2025-12-22 12:00,0.777778,19,23,43,9,23,32,168,77,245,28,22,50,24.5,14.21,52.63,28.95,3.16,0.53,0.0,0.53,0.53
9000008552,2025-12-22 13:00,0.771111,33,23,56,16,19,35,228,105,333,40,21,61,23.0,19.84,54.47,21.79,2.33,0.39,0.0,0.78,0.39
9000008552,2025-12-22 14:00,0.77,23,30,53,17,22,39,240,98,339,53,22,75,23.5,21.46,53.26,22.61,1.92,0.38,0.0,0.0,0.38
9000008552,2025-12-22 15:00,0.181944,45,30,74,56,40,96,248,138,386,40,14,55,24.5,20.0,47.14,30.0,0.0,0.0,1.43,1.43,1.43
9000008552,2025-12-23 08:00,0.178333,20,5,25,10,0,10,82,40,122,31,24,54,26.0,18.18,31.82,45.45,4.55,0.0,0.0,0.0,0.0
9000008552,2025-12-23 09:00,0.660556,21,12,33,13,9,23,104,53,158,18,26,44,24.0,7.69,57.69,31.73,1.92,1.92,0.0,0.0,0.96
9000008552,2025-12-23 10:00,0.786111,13,9,22,18,9,27,107,67,174,23,28,51,24.5,16.06,51.09,28.47,2.92,0.0,0.73,0.0,0.73
9000008552,2025-12-23 11:00,0.790833,16,23,39,20,15,35,169,86,256,19,39,58,24.5,22.77,42.08,31.19,3.96,0.0,0.0,0.0,0.0
9000008552,2025-12-23 12:00,0.776389,24,17,41,20,14,34,144,72,216,46,43,89,22.5,25.0,52.98,21.43,0.6,0.0,0.0,0.0,0.0
9000008552,2025-12-23 13:00,0.775833,21,14,35,14,17,31,209,86,296,44,37,81,24.0,20.09,53.28,23.14,3.06,0.0,0.0,0.44,0.0
9000008552,2025-12-23 14:00,0.753889,12,30,42,12,19,31,222,110,332,48,27,74,23.5,18.8,54.4,23.6,2.8,0.0,0.0,0.0,0.0
9000008552,2025-12-23 15:00,0.510278,23,21,45,40,28,68,230,95,325,29,9,38,23.5,14.46,59.04,22.89,3.01,0.6,0.0,0.0,0.6
9000008552,2025-12-24 08:00,0.436389,5,2,7,5,7,12,67,41,108,11,14,25,28.5,6.38,38.3,46.81,4.26,4.26,0.0,0.0,0.0
9000008552,2025-12-24 09:00,0.673611,8,3,11,16,7,23,74,59,133,7,9,16,29.0,6.74,40.45,39.33,6.74,2.25,0.0,0.0,2.25
9000008552,2025-12-24 10:00,0.760278,13,8,21,18,9,27,106,47,154,9,16,25,25.0,3.42,46.15,47.01,3.42,0.0,0.0,0.0,0.0
9000008552,2025-12-24 11:00,0.774722,15,22,37,14,13,27,137,93,230,14,26,40,26.5,14.61,49.44,27.53,5.62,2.25,0.0,0.0,0.56
9000008552,2025-12-24 12:00,0.791667,19,24,43,18,18,35,197,101,298,13,23,35,24.5,7.2,55.08,33.47,3.81,0.42,0.0,0.0,0.0
9000008552,2025-12-24 13:00,0.759722,17,32,49,16,34,50,179,107,286,16,21,36,25.0,5.53,49.77,36.87,4.61,2.3,0.46,0.0,0.46
9000008552,2025-12-24 14:00,0.783056,28,27,55,12,18,29,157,119,276,24,27,51,25.5,7.87,47.69,39.35,4.17,0.93,0.0,0.0,0.0
9000008552,2025-12-24 15:00,0.791111,24,22,46,13,9,21,128,78,206,16,17,33,23.5,7.36,61.96,28.83,1.23,0.0,0.61,0.0,0.0
9000008552,2025-12-24 16:00,0.010556,0,0,0,0,0,0,0,95,95,0,0,0,14.0,0.0,100.0,0.0,0.0,0.0,0.0,0.0,0.0
9000008552,2025-12-25 08:00,0.345278,3,0,3,10,10,20,26,20,46,6,9,15,33.5,18.75,37.5,25.0,6.25,0.0,0.0,0.0,12.5
9000008552,2025-12-25 09:00,0.787222,8,1,9,0,0,0,16,14,30,5,14,19,28.5,0.0,29.17,58.33,12.5,0.0,0.0,0.0,0.0
9000008552,2025-12-25 10:00,0.796944,6,7,14,3,0,3,26,35,61,5,1,6,27.0,4.08,40.82,53.06,2.04,0.0,0.0,0.0,0.0
9000008552,2025-12-25 11:00,0.783333,4,20,24,4,5,9,45,37,82,8,5,13,26.5,0.0,48.44,45.31,4.69,1.56,0.0,0.0,0.0
9000008552,2025-12-25 12:00,0.793333,9,11,20,11,9,20,52,57,108,10,10,20,30.0,4.65,45.35,34.88,9.3,4.65,1.16,0.0,0.0
9000008552,2025-12-25 13:00,0.7825,23,8,31,9,15,24,74,61,135,9,9,18,28.0,8.49,42.45,39.62,6.6,1.89,0.0,0.0,0.94
9000008552,2025-12-25 14:00,0.788333,9,13,21,19,13,32,99,63,162,10,14,24,24.5,12.5,48.44,35.94,3.12,0.0,0.0,0.0,0.0
9000008552,2025-12-25 15:00,0.783056,5,8,13,11,13,24,107,82,189,6,10,17,25.5,4.05,47.97,42.57,3.38,0.68,0.0,0.0,1.35
9000008552,2025-12-25 16:00,0.040278,0,0,0,0,0,0,50,50,99,0,25,25,18.5,25.0,75.0,0.0,0.0,0.0,0.0,0.0,0.0
9000008552,2025-12-26 08:00,0.452222,10,3,13,0,0,0,7,20,27,4,5,9,28.0,0.0,25.0,58.33,16.67,0.0,0.0,0.0,0.0
9000008552,2025-12-26 09:00,0.783889,5,10,15,0,4,4,23,8,31,8,5,13,29.0,4.17,37.5,45.83,8.33,4.17,0.0,0.0,0.0
9000008552,2025-12-26 10:00,0.788056,9,9,18,5,8,13,33,29,62,9,4,13,28.5,0.0,55.1,34.69,10.2,0.0,0.0,0.0,0.0
9000008552,2025-12-26 11:00,0.794167,10,19,29,4,10,14,56,40,97,10,10,20,27.0,1.3,44.16,48.05,6.49,0.0,0.0,0.0,0.0
9000008552,2025-12-26 12:00,0.786667,6,18,24,8,6,14,97,63,160,9,15,24,25.0,8.8,45.6,43.2,3.2,0.0,0.0,0.0,0.0
9000008552,2025-12-26 13:00,0.768333,17,13,30,21,13,34,130,68,198,17,20,36,26.0,5.26,50.0,36.84,4.61,1.32,1.32,0.0,0.66
9000008552,2025-12-26 14:00,0.780833,15,11,27,14,11,26,90,44,134,12,11,23,25.0,11.54,55.77,27.88,2.88,0.96,0.0,0.0,0.96
9000008552,2025-12-26 15:00,0.743889,11,24,35,7,12,19,95,78,173,5,12,17,26.0,5.43,50.39,36.43,5.43,0.78,0.0,0.0,0.78
9000008552,2025-12-27 08:00,0.281389,24,9,32,0,2,2,17,14,31,11,10,21,25.5,0.0,33.33,55.56,0.0,0.0,0.0,0.0,0.0
9000008552,2025-12-27 09:00,0.788056,11,6,18,5,6,11,24,23,47,18,20,38,27.0,5.41,43.24,48.65,0.0,0.0,0.0,0.0,2.7
9000008552,2025-12-27 10:00,0.777778,13,13,26,4,3,6,57,48,105,10,15,26,27.5,8.54,39.02,45.12,6.1,0.0,1.22,0.0,0.0
9000008552,2025-12-27 11:00,0.789722,14,11,25,6,5,11,85,59,144,14,8,21,27.5,6.14,45.61,39.47,7.02,0.88,0.88,0.0,0.0
9000008552,2025-12-27 12:00,0.783889,19,26,45,4,13,17,82,70,152,17,20,37,28.0,0.0,37.82,54.62,6.72,0.84,0.0,0.0,0.0
9000008552,2025-12-27 13:00,0.785,19,19,38,3,13,15,177,75,253,20,15,36,25.0,4.04,56.57,37.37,1.01,0.51,0.51,0.0,0.0
9000008552,2025-12-27 14:00,0.785,20,22,42,23,10,33,199,109,308,26,21,46,26.0,11.98,50.0,31.4,5.79,0.41,0.41,0.0,0.0
9000008552,2025-12-27 15:00,0.3825,12,19,31,24,23,46,194,104,298,24,12,36,25.5,9.65,50.0,35.09,4.39,0.88,0.0,0.0,0.0
9000008552,2025-12-28 08:00,0.511667,2,5,6,2,0,2,23,15,38,6,9,15,25.0,0.0,36.84,63.16,0.0,0.0,0.0,0.0,0.0
9000008552,2025-12-28 09:00,0.798889,11,9,20,4,1,5,21,20,41,9,7,16,35.0,0.0,21.21,57.58,12.12,6.06,3.03,0.0,0.0
9000008552,2025-12-28 10:00,0.793333,9,6,15,5,1,6,32,30,62,5,13,18,29.0,4.08,42.86,40.82,12.24,0.0,0.0,0.0,0.0
9000008552,2025-12-28 11:00,0.720556,12,19,31,7,13,20,54,34,88,16,17,33,26.0,4.76,53.97,38.1,1.59,1.59,0.0,0.0,0.0
9000008552,2025-12-28 12:00,0.785833,12,15,27,6,11,18,74,51,125,8,18,25,27.5,5.1,39.8,45.92,8.16,1.02,0.0,0.0,0.0
9000008552,2025-12-28 13:00,0.784444,15,17,32,10,9,19,64,42,106,12,10,22,27.5,2.41,40.96,53.01,3.61,0.0,0.0,0.0,0.0
9000008552,2025-12-28 14:00,0.790556,15,28,43,26,8,34,87,63,150,11,18,29,27.0,7.56,42.86,43.7,5.88,0.0,0.0,0.0,0.0
9000008552,2025-12-28 15:00,0.725278,18,24,41,19,15,34,110,76,185,8,6,14,26.0,7.46,40.3,45.52,6.72,0.0,0.0,0.0,0.75
9000008552,2025-12-28 16:00,0.040278,25,0,25,25,50,74,0,25,25,0,50,50,34.0,0.0,0.0,0.0,100.0,0.0,0.0,0.0,0.0
9000008552,2025-12-29 08:00,0.316667,8,6,14,3,2,5,41,49,90,15,9,24,29.5,0.0,20.69,68.97,3.45,10.34,0.0,0.0,0.0
9000008552,2025-12-29 09:00,0.583333,15,10,25,9,3,12,90,44,134,19,19,38,24.5,7.69,47.44,43.59,1.28,0.0,0.0,0.0,0.0
9000008552,2025-12-29 10:00,0.784167,10,17,27,21,22,43,86,83,169,17,9,26,30.0,10.61,37.12,37.88,8.33,3.03,1.52,0.76,0.76
9000008552,2025-12-29 11:00,0.775833,14,13,27,23,23,46,130,81,212,10,22,32,29.0,6.1,44.51,37.2,9.15,0.61,1.22,0.0,1.22
9000008552,2025-12-29 12:00,0.743333,17,3,20,34,24,58,141,97,238,10,24,34,27.0,8.47,46.33,36.72,6.21,0.56,0.56,0.0,1.13
9000008552,2025-12-29 13:00,0.754167,9,14,24,51,36,87,159,107,266,21,30,52,28.0,8.46,43.78,36.82,4.98,1.99,2.99,0.5,0.5
9000008552,2025-12-29 14:00,0.777778,18,17,35,52,22,73,228,107,335,18,26,44,27.0,10.34,48.66,31.03,6.51,1.53,0.0,0.0,1.92
9000008552,2025-12-29 15:00,0.438889,24,23,48,20,36,56,224,164,388,44,20,64,25.0,19.41,44.71,30.59,2.35,0.59,0.0,0.59,2.35
9000008552,2025-12-30 08:00,0.443333,10,3,13,5,2,7,48,25,73,10,7,17,27.0,3.12,46.88,46.88,3.12,0.0,0.0,3.12,0.0
9000008552,2025-12-30 09:00,0.715833,24,10,34,15,6,20,60,41,101,15,26,41,24.0,23.61,43.06,26.39,4.17,0.0,0.0,0.0,2.78
9000008552,2025-12-30 10:00,0.739167,7,7,13,21,9,30,103,61,164,27,21,49,27.0,6.56,41.8,41.8,7.38,0.0,0.0,0.0,0.82
9000008552,2025-12-30 11:00,0.763056,26,25,51,21,18,39,131,106,237,14,26,41,26.5,9.94,43.09,41.44,4.42,0.55,0.0,0.0,0.55
9000008552,2025-12-30 12:00,0.763056,24,26,50,30,17,47,158,83,242,30,34,64,25.0,17.3,47.57,29.19,4.32,0.0,0.0,0.0,1.08
9000008552,2025-12-30 13:00,0.725833,12,17,29,33,19,52,263,110,373,21,50,70,25.0,15.5,51.66,25.09,5.54,1.11,0.74,0.37,0.0
9000008552,2025-12-30 14:00,0.73,28,14,42,15,29,44,294,106,400,38,21,59,23.0,18.84,56.51,21.92,1.37,0.34,0.34,0.0,0.68
9000008552,2025-12-30 15:00,0.759722,22,24,46,25,21,46,238,108,347,33,27,60,22.5,18.25,58.56,20.15,2.66,0.0,0.0,0.0,0.38
9000008552,2025-12-30 16:00,0.0825,12,24,36,36,24,61,352,133,485,12,0,12,24.5,7.5,60.0,25.0,0.0,2.5,2.5,0.0,2.5
9000008552,2025-12-31 08:00,0.221111,11,0,11,11,11,22,11,52,63,8,5,13,28.0,0.0,14.29,85.71,0.0,0.0,0.0,0.0,0.0
9000008552,2025-12-31 09:00,0.579722,4,3,8,5,3,7,69,31,100,13,17,30,24.0,24.14,48.28,24.14,1.72,0.0,0.0,3.45,0.0
9000008552,2025-12-31 10:00,0.785833,6,10,17,19,8,27,78,56,133,9,14,23,26.0,8.57,53.33,29.52,4.76,1.9,0.0,0.0,1.9
9000008552,2025-12-31 11:00,0.775278,5,21,26,34,18,51,104,110,214,12,9,21,33.0,9.04,33.13,37.35,12.65,2.41,1.81,0.0,3.61
9000008552,2025-12-31 12:00,0.7775,12,17,28,45,23,69,102,110,212,6,12,18,31.0,4.85,33.33,44.85,10.3,3.03,1.21,0.61,1.21
9000008552,2025-12-31 13:00,0.782222,22,22,43,52,19,72,168,107,276,9,15,24,29.5,5.56,37.96,42.13,10.65,1.39,0.0,0.0,2.31
9000008552,2025-12-31 14:00,0.7775,13,17,30,45,21,66,165,118,283,8,10,18,29.0,10.91,36.36,40.0,6.36,1.82,1.36,0.45,2.73
9000008552,2025-12-31 15:00,0.2675,5,43,48,22,2,24,128,82,210,0,15,15,29.5,17.86,41.07,26.79,5.36,5.36,0.0,1.79,1.79
9000008552,2026-01-01 08:00,0.228889,3,16,19,0,0,0,23,33,55,10,16,26,30.5,0.0,38.46,46.15,15.38,0.0,0.0,0.0,0.0
9000008552,2026-01-01 09:00,0.719722,6,6,12,5,1,6,17,17,34,4,7,12,27.0,4.0,20.0,72.0,4.0,0.0,0.0,0.0,0.0
9000008552,2026-01-01 10:00,0.727222,6,5,11,4,5,9,19,25,44,8,3,10,32.5,3.12,34.38,34.38,21.88,3.12,0.0,0.0,0.0
9000008552,2026-01-01 11:00,0.785556,8,4,11,5,5,10,36,23,59,3,10,13,28.0,0.0,43.48,47.83,8.7,0.0,0.0,0.0,0.0
9000008552,2026-01-01 12:00,0.788889,8,4,11,9,5,14,45,39,85,4,9,13,26.5,0.0,38.81,58.21,1.49,1.49,0.0,0.0,0.0
9000008552,2026-01-01 13:00,0.781111,8,10,18,11,5,17,65,55,120,1,10,12,25.0,1.06,52.13,39.36,6.38,0.0,0.0,0.0,1.06
9000008552,2026-01-01 14:00,0.795278,8,15,23,11,14,25,63,59,122,5,9,14,26.0,0.0,56.7,36.08,3.09,3.09,0.0,0.0,1.03
9000008552,2026-01-01 15:00,0.413889,9,6,15,4,8,13,89,69,158,3,8,10,28.0,6.06,40.91,43.94,4.55,3.03,0.0,0.0,1.52
9000008552,2026-01-02 08:00,0.4025,7,2,9,2,3,5,27,17,44,10,3,14,26.5,5.56,55.56,33.33,5.56,0.0,0.0,0.0,0.0
9000008552,2026-01-02 09:00,0.752778,9,7,16,20,20,40,52,45,97,17,16,33,23.5,27.4,42.47,27.4,2.74,0.0,0.0,0.0,0.0
9000008552,2026-01-02 10:00,0.771944,22,12,34,17,7,23,81,46,128,18,7,25,27.0,14.29,39.8,38.78,6.12,0.0,1.02,1.02,0.0
9000008552,2026-01-02 11:00,0.765556,14,19,34,13,12,25,143,72,214,22,18,41,27.5,7.32,56.1,29.27,6.1,0.0,0.61,0.0,0.61
9000008552,2026-01-02 12:00,0.776111,15,19,35,21,6,27,142,77,219,32,14,46,26.5,6.47,45.88,40.59,5.29,0.59,1.18,0.0,0.0
9000008552,2026-01-02 13:00,0.766944,26,16,42,22,13,35,233,116,349,25,21,46,26.5,16.42,41.42,35.45,4.85,1.12,0.37,0.0,0.37
9000008552,2026-01-02 14:00,0.784167,28,22,50,15,15,30,185,93,278,24,27,51,25.5,10.09,47.25,37.16,4.59,0.0,0.0,0.46,0.46
9000008552,2026-01-02 15:00,0.594444,21,14,35,12,10,22,200,81,282,12,13,25,30.5,5.39,49.1,30.54,8.98,0.6,0.0,0.0,5.99
9000008552,2026-01-03 08:00,0.249722,4,4,8,2,6,8,16,78,94,6,16,23,33.0,0.0,13.04,69.57,13.04,0.0,0.0,0.0,0.0
9000008552,2026-01-03 09:00,0.604167,7,0,7,8,2,10,51,33,84,6,10,16,31.5,5.88,45.1,33.33,11.76,3.92,1.96,0.0,0.0
9000008552,2026-01-03 10:00,0.739444,0,1,1,4,4,8,37,30,66,4,11,15,24.5,48.98,28.57,16.33,4.08,0.0,0.0,0.0,2.04
9000008552,2026-01-03 11:00,0.706389,1,0,1,1,6,7,38,38,76,6,7,13,14.5,64.81,27.78,5.56,0.0,0.0,0.0,0.0,1.85
9000008552,2026-01-03 12:00,0.760278,3,4,6,18,10,29,90,66,156,12,18,30,23.0,29.41,47.06,19.33,2.52,0.84,0.84,0.0,0.0
9000008552,2026-01-03 13:00,0.780833,8,9,17,36,12,47,141,73,214,6,9,15,23.5,7.78,67.07,17.96,3.59,1.8,0.0,0.6,1.2
9000008552,2026-01-03 14:00,0.773889,14,13,27,44,23,67,183,78,260,18,19,37,24.0,12.38,59.9,19.31,3.96,1.49,0.99,0.0,1.98
9000008552,2026-01-03 15:00,0.449722,20,5,26,60,32,92,112,60,172,2,10,12,28.0,10.39,55.84,23.38,6.49,3.9,0.0,0.0,0.0
9000008552,2026-01-04 08:00,0.364722,2,4,6,2,0,2,16,9,26,0,6,6,29.0,0.0,44.44,44.44,11.11,0.0,0.0,0.0,0.0
9000008552,2026-01-04 09:00,0.785278,3,3,5,6,4,10,28,34,62,5,5,10,30.0,2.04,34.69,48.98,8.16,4.08,0.0,0.0,2.04
9000008552,2026-01-04 10:00,0.771667,4,8,12,6,6,13,49,40,89,8,8,16,30.0,5.8,34.78,44.93,8.7,2.9,0.0,0.0,2.9
9000008552,2026-01-04 11:00,0.778611,8,9,17,9,9,18,47,37,85,8,15,23,24.5,0.0,62.12,31.82,6.06,0.0,0.0,0.0,0.0
9000008552,2026-01-04 12:00,0.769444,14,9,24,31,13,45,70,70,140,6,17,23,27.5,9.26,42.59,41.67,4.63,0.93,0.0,0.93,0.0
9000008552,2026-01-04 13:00,0.780556,12,18,30,25,10,35,76,56,132,8,18,25,24.5,6.8,47.57,38.83,5.83,0.0,0.0,0.97,0.0
9000008552,2026-01-04 14:00,0.777222,13,19,32,27,14,41,105,79,184,6,16,22,27.0,5.59,48.95,37.76,4.9,1.4,0.7,0.0,0.7
9000008552,2026-01-04 15:00,0.744444,23,24,47,31,22,53,135,87,222,9,7,16,30.0,2.42,42.42,40.61,12.12,0.0,1.21,0.61,0.61
9000008552,2026-01-05 08:00,0.338611,45,5,51,49,8,56,268,60,327,5,9,14,33.5,9.91,33.33,32.43,12.61,9.91,1.8,0.0,0.0
9000008552,2026-01-05 09:00,0.641667,25,21,47,19,8,27,166,82,249,29,27,56,22.0,11.25,66.25,21.25,1.25,0.62,0.0,0.0,0.0
9000008552,2026-01-05 10:00,0.787778,21,25,47,13,16,29,109,49,159,34,32,66,25.5,22.4,41.6,32.0,4.0,0.0,0.0,0.0,0.0
9000008552,2026-01-05 11:00,0.777778,20,31,51,18,11,29,131,82,214,30,33,63,24.5,12.05,52.41,32.53,3.01,0.0,0.0,0.0,0.0
9000008552,2026-01-05 12:00,0.742222,20,23,43,75,30,104,159,108,267,22,28,50,27.5,18.69,47.47,22.73,7.07,0.0,1.52,1.01,1.52
9000008552,2026-01-05 13:00,0.7725,26,31,57,63,12,75,149,96,245,16,36,51,24.5,9.52,53.97,30.69,5.82,0.0,0.0,0.0,0.0
9000008552,2026-01-05 14:00,0.7825,29,36,65,54,10,64,140,108,248,14,23,37,24.0,15.46,50.0,31.96,2.58,0.0,0.0,0.0,0.0
9000008552,2026-01-05 15:00,0.759444,38,25,63,77,28,104,148,108,256,7,49,55,24.0,23.2,45.36,26.8,2.06,0.52,0.52,0.52,1.03
9000008552,2026-01-05 16:00,0.076667,39,26,65,78,26,104,130,117,248,13,13,26,26.5,15.79,31.58,52.63,0.0,0.0,0.0,0.0,0.0
9000008552,2026-01-06 08:00,0.364167,33,12,45,31,11,42,175,65,240,14,27,41,24.5,17.24,51.72,24.14,4.6,0.0,0.0,0.0,2.3
9000008552,2026-01-06 09:00,0.646667,25,28,53,23,8,31,119,77,196,33,27,60,25.5,6.3,58.27,31.5,3.15,0.79,0.0,0.0,0.0
9000008552,2026-01-06 10:00,0.774722,12,17,28,27,10,37,130,67,197,17,27,44,23.5,7.19,62.09,26.8,2.61,0.65,0.0,0.0,0.65
9000008552,2026-01-06 11:00,0.780556,12,13,24,19,9,28,134,70,205,21,32,53,23.0,12.5,58.12,26.88,1.88,0.0,0.0,0.0,0.62
9000008552,2026-01-06 12:00,0.786667,20,41,61,34,24,58,126,66,192,23,32,55,23.5,19.87,48.34,27.81,3.31,0.66,0.0,0.0,0.0
9000008552,2026-01-06 13:00,0.785278,18,25,43,18,19,37,113,98,211,28,35,63,26.5,9.64,50.0,31.93,8.43,0.0,0.0,0.0,0.0
9000008552,2026-01-06 14:00,0.781944,23,22,45,22,14,36,144,100,244,27,29,56,24.0,22.51,46.6,27.23,2.62,1.05,0.0,0.0,0.0
9000008552,2026-01-06 15:00,0.767222,39,29,68,59,35,94,221,95,317,13,35,48,25.0,16.46,54.32,23.46,4.53,0.41,0.0,0.0,0.41
9000008552,2026-01-06 16:00,0.218333,5,36,41,81,65,145,257,176,433,13,28,41,34.0,9.47,30.53,34.74,14.74,4.21,1.05,1.05,6.32
9000008552,2026-01-07 08:00,0.345833,13,5,18,32,2,34,135,38,173,9,23,32,38.0,3.33,30.0,43.33,8.33,1.67,0.0,11.67,0.0
9000008552,2026-01-07 09:00,0.710833,17,18,35,45,13,58,146,69,214,15,26,42,24.5,7.89,56.58,28.95,5.92,0.0,0.0,0.0,0.0
9000008552,2026-01-07 10:00,0.788611,13,18,30,47,11,58,131,88,219,19,19,38,24.5,9.83,48.55,37.57,2.31,0.0,0.0,0.0,1.16
9000008552,2026-01-07 11:00,0.768056,25,26,51,39,16,55,106,96,202,8,30,38,23.5,14.84,52.9,29.03,1.94,0.0,0.0,0.0,1.29
9000008552,2026-01-07 12:00,0.786944,27,22,48,77,22,99,70,66,136,9,43,52,25.5,7.48,57.01,31.78,1.87,0.0,0.93,0.0,0.93
9000008552,2026-01-07 13:00,0.768611,21,22,42,79,22,101,95,78,173,13,29,42,25.0,11.28,45.86,36.84,0.75,3.01,1.5,0.0,0.75
9000008552,2026-01-07 14:00,0.784167,19,41,60,85,31,116,95,112,207,10,29,39,24.5,6.17,50.62,38.89,2.47,0.0,0.62,0.62,0.62
9000008552,2026-01-07 15:00,0.77,36,36,73,61,25,85,160,108,268,16,38,53,24.0,10.68,59.71,26.7,1.94,0.0,0.49,0.0,0.49
9000008552,2026-01-07 16:00,0.040833,24,0,24,171,49,220,73,196,269,0,24,24,31.5,18.18,36.36,27.27,18.18,0.0,0.0,0.0,0.0
9000008552,2026-01-08 08:00,0.466944,32,20,52,23,11,35,139,49,188,8,20,29,24.0,13.64,48.86,32.95,2.27,1.14,0.0,0.0,2.27
9000008552,2026-01-08 09:00,0.773056,27,23,51,22,12,34,94,58,153,16,30,45,26.0,4.24,45.76,44.92,4.24,0.0,0.0,0.0,0.85
9000008552,2026-01-08 10:00,0.780278,18,15,33,27,10,37,130,72,202,18,14,32,24.5,17.2,49.04,29.94,3.18,0.0,0.0,0.64,0.0
9000008552,2026-01-08 11:00,0.785278,10,30,41,28,10,38,144,78,222,17,18,34,25.0,9.77,49.43,35.06,4.6,0.0,0.0,0.0,1.15
9000008552,2026-01-08 12:00,0.772778,39,28,67,35,15,51,124,72,196,17,27,44,22.5,20.39,57.24,20.39,1.32,0.0,0.0,0.0,0.66
9000008552,2026-01-08 13:00,0.795,35,26,61,20,15,35,147,116,263,21,30,51,24.0,14.35,50.24,32.06,1.91,0.48,0.48,0.0,0.48
9000008552,2026-01-08 14:00,0.768056,29,30,59,58,19,78,184,86,270,17,27,44,25.5,13.04,55.07,23.67,4.83,1.45,0.0,0.0,1.93
9000008552,2026-01-08 15:00,0.768889,39,37,76,54,29,83,165,127,292,17,36,53,24.0,24.89,42.67,26.22,4.44,0.89,0.0,0.44,0.44
9000008552,2026-01-08 16:00,0.095278,0,9,9,0,9,9,227,118,346,28,28,56,18.5,48.48,39.39,9.09,0.0,0.0,0.0,0.0,0.0
9000008552,2026-01-09 08:00,0.326111,22,0,22,34,10,44,75,33,108,22,14,35,29.5,8.57,40.0,37.14,8.57,2.86,0.0,0.0,0.0
9000008552,2026-01-09 09:00,0.713889,15,19,34,14,8,23,88,39,127,5,14,19,25.0,4.4,52.75,36.26,3.3,2.2,0.0,0.0,1.1
9000008552,2026-01-09 10:00,0.778611,15,23,38,17,5,22,78,68,146,14,15,30,25.5,4.39,57.02,33.33,3.51,0.0,1.75,0.0,0.0
9000008552,2026-01-09 11:00,0.781667,23,26,49,33,14,47,121,81,202,17,22,38,24.0,7.59,58.23,31.65,1.9,0.0,0.0,0.0,0.63
9000008552,2026-01-09 12:00,0.785556,29,38,68,31,14,45,125,90,214,15,23,38,24.5,8.33,51.79,35.71,3.57,0.0,0.0,0.0,0.6
9000008552,2026-01-09 13:00,0.771667,17,32,49,26,17,43,173,108,281,23,29,52,26.0,11.52,47.47,34.1,5.53,0.46,0.0,0.0,0.92
9000008552,2026-01-09 14:00,0.785,19,23,42,26,9,34,120,132,252,29,28,57,25.0,13.13,42.93,39.39,3.54,0.0,0.0,0.51,0.51
9000008552,2026-01-09 15:00,0.769722,26,18,44,25,26,51,129,114,243,10,18,29,25.0,23.53,42.78,25.67,4.28,1.6,0.53,0.0,1.6
9000008552,2026-01-09 16:00,0.080278,0,0,0,25,25,50,100,100,199,0,0,0,27.5,6.25,50.0,37.5,0.0,0.0,0.0,0.0,6.25
9000008552,2026-01-10 08:00,0.562222,3,1,4,4,9,13,21,18,39,3,4,7,29.0,13.64,22.73,59.09,9.09,4.55,0.0,0.0,0.0
9000008552,2026-01-10 09:00,0.787222,15,8,23,20,4,24,59,52,111,4,14,18,24.5,14.77,44.32,37.5,3.41,0.0,0.0,0.0,0.0
9000008552,2026-01-10 10:00,0.785278,14,9,23,17,8,24,60,43,103,6,13,19,25.0,12.35,45.68,35.8,6.17,0.0,0.0,0.0,0.0
9000008552,2026-01-10 11:00,0.792778,20,10,30,19,19,38,72,65,137,8,10,18,24.5,9.17,44.95,42.2,0.92,0.0,1.83,0.0,0.92
9000008552,2026-01-10 12:00,0.768889,24,15,39,31,22,53,115,59,174,18,16,34,26.0,5.22,47.01,43.28,2.24,0.75,0.0,0.75,0.0
9000008552,2026-01-10 13:00,0.718056,5,12,18,48,26,75,150,88,238,6,15,21,33.0,4.68,43.86,33.92,7.6,2.92,1.75,1.75,2.92
9000008552,2026-01-10 14:00,0.780833,18,29,47,77,27,104,124,99,223,9,12,21,23.5,21.84,50.0,21.84,4.6,0.57,0.57,0.0,0.0
9000008552,2026-01-10 15:00,0.7825,23,39,63,199,28,227,54,119,173,4,24,28,24.0,10.37,48.89,35.56,2.22,0.0,0.0,1.48,1.48
9000008552,2026-01-10 16:00,0.19,21,16,37,174,47,221,79,79,158,0,16,16,28.0,13.33,43.33,36.67,3.33,0.0,0.0,0.0,3.33
9000008552,2026-01-11 08:00,0.370278,14,7,21,12,5,17,20,5,25,2,14,16,25.0,22.22,33.33,22.22,0.0,11.11,0.0,0.0,0.0
9000008552,2026-01-11 09:00,0.731944,11,5,16,11,4,16,25,26,51,4,11,15,23.5,0.0,64.86,32.43,0.0,0.0,0.0,0.0,2.7
9000008552,2026-01-11 10:00,0.781389,9,6,15,15,11,27,29,45,74,4,10,14,28.5,1.72,44.83,46.55,3.45,0.0,0.0,0.0,3.45
9000008552,2026-01-11 11:00,0.794167,19,21,40,29,8,37,52,52,103,4,6,10,25.0,8.54,53.66,32.93,4.88,0.0,0.0,0.0,0.0
9000008552,2026-01-11 12:00,0.785556,27,18,45,47,15,62,47,52,99,8,14,22,26.5,8.97,57.69,25.64,7.69,0.0,0.0,0.0,0.0
9000008552,2026-01-11 13:00,0.765556,25,31,56,45,6,51,66,58,123,7,4,10,29.0,7.45,39.36,40.43,3.19,0.0,3.19,1.06,5.32
9000008552,2026-01-11 14:00,0.783333,25,36,61,65,23,88,87,108,195,8,9,16,26.5,9.15,48.37,35.29,5.88,0.65,0.0,0.0,0.65
9000008552,2026-01-11 15:00,0.785833,23,36,59,46,9,55,74,86,160,6,14,20,25.5,11.9,46.83,38.1,2.38,0.0,0.0,0.0,0.79
9000008552,2026-01-11 16:00,0.1675,12,12,24,78,24,101,66,90,155,6,12,18,40.0,19.23,30.77,23.08,11.54,7.69,0.0,0.0,7.69
9000008552,2026-01-12 08:00,0.256389,3,4,7,37,5,42,162,72,234,9,43,52,22.5,40.0,40.0,10.0,3.33,0.0,1.67,1.67,0.0
9000008552,2026-01-12 09:00,0.653333,18,22,40,19,5,24,141,64,206,31,31,62,24.0,17.04,51.85,28.89,0.74,0.0,0.0,0.74,0.0
9000008552,2026-01-12 10:00,0.784444,22,20,42,31,17,47,138,75,213,15,22,37,40.0,3.59,29.94,36.53,14.97,4.19,4.79,2.4,3.59
9000008552,2026-01-12 11:00,0.772778,18,15,34,35,10,45,102,83,185,3,19,22,44.5,4.2,23.08,42.66,11.19,8.39,5.59,2.1,2.8
9000008552,2026-01-12 12:00,0.781111,32,31,63,37,17,54,123,90,212,8,15,23,50.0,3.61,24.7,33.73,12.05,10.84,6.63,3.01,5.42
9000008552,2026-01-12 13:00,0.776667,19,33,53,40,19,59,139,94,233,3,16,18,48.5,4.97,28.73,27.07,13.26,13.81,3.87,4.42,3.87
9000008552,2026-01-12 14:00,0.770833,21,30,51,45,26,71,139,130,269,5,21,26,50.0,11.11,24.15,27.54,13.04,9.18,7.25,2.42,5.31
9000008552,2026-01-12 15:00,0.5625,15,20,36,29,9,38,149,121,270,22,26,48,26.5,18.42,44.08,30.26,3.29,2.63,0.0,0.0,1.32
9000008552,2026-01-13 08:00,0.323611,28,13,41,23,8,31,103,39,142,33,33,66,23.0,10.87,60.87,28.26,0.0,2.17,0.0,0.0,0.0
9000008552,2026-01-13 09:00,0.786667,33,15,48,19,15,34,103,64,167,34,18,52,23.5,6.87,61.83,28.24,2.29,0.76,0.0,0.0,0.0
9000008552,2026-01-13 10:00,0.790833,18,25,43,23,13,35,108,53,161,35,18,53,25.0,3.94,52.76,38.58,3.94,0.0,0.0,0.0,0.79
9000008552,2026-01-13 11:00,0.774167,21,18,39,17,9,26,97,63,160,23,37,61,24.5,7.26,44.35,42.74,2.42,0.0,0.81,0.0,2.42
9000008552,2026-01-13 12:00,0.776389,23,32,55,14,13,27,130,79,209,40,35,75,26.5,13.58,43.83,33.95,6.79,1.23,0.0,0.0,0.62
9000008552,2026-01-13 13:00,0.785833,13,18,31,28,20,48,156,85,242,32,20,52,24.5,9.47,56.32,27.89,5.79,0.53,0.0,0.0,0.0
9000008552,2026-01-13 14:00,0.786111,9,23,32,27,25,52,146,88,234,33,13,46,25.5,15.22,47.28,33.15,2.72,0.54,0.0,0.0,1.09
9000008552,2026-01-13 15:00,0.778889,23,36,59,26,13,38,153,98,251,28,31,59,23.5,25.51,48.47,23.47,2.55,0.0,0.0,0.0,0.0
9000008552,2026-01-13 16:00,0.091389,11,33,44,44,33,77,252,98,350,44,22,66,24.5,37.5,31.25,28.12,0.0,3.12,0.0,0.0,0.0
9000008552,2026-01-14 08:00,0.273056,36,6,41,33,3,35,186,38,224,16,19,35,28.0,18.03,42.62,27.87,6.56,0.0,0.0,0.0,4.92
9000008552,2026-01-14 09:00,0.777222,27,21,48,19,15,35,154,63,217,41,32,73,24.5,13.69,52.98,24.4,4.76,1.19,0.6,0.6,1.79
9000008552,2026-01-14 10:00,0.769167,27,18,46,14,8,22,123,62,185,38,17,54,23.0,13.99,59.44,23.08,2.8,0.7,0.0,0.0,0.0
9000008552,2026-01-14 11:00,0.778611,17,23,40,17,11,28,129,87,216,24,26,50,27.0,9.47,53.25,28.99,5.33,1.18,0.0,0.59,1.18
9000008552,2026-01-14 12:00,0.706944,18,16,34,31,14,45,132,61,193,32,38,70,24.0,22.06,47.06,26.47,2.94,0.74,0.74,0.0,0.0
9000008552,2026-01-14 13:00,0.323333,29,12,41,33,20,54,147,92,239,26,25,50,24.5,10.39,55.84,29.87,2.6,0.0,0.0,1.3,0.0
9000008552,2026-01-14 14:00,0.5875,10,15,24,25,24,49,131,63,195,41,40,81,23.5,16.67,53.51,24.56,2.63,1.75,0.0,0.0,0.88
9000008552,2026-01-14 15:00,0.504444,12,13,24,62,33,95,216,101,317,43,10,53,25.0,20.62,46.88,26.25,4.38,1.25,0.62,0.0,0.0
9000008552,2026-01-14 16:00,0.046944,21,0,21,43,21,64,234,213,447,21,43,64,21.0,19.05,61.9,19.05,0.0,0.0,0.0,0.0,0.0
9000008552,2026-01-15 08:00,0.180833,37,11,48,45,6,51,143,50,193,105,57,162,23.0,11.43,60.0,25.71,2.86,0.0,0.0,0.0,0.0
9000008552,2026-01-15 09:00,0.784444,23,22,45,24,18,42,126,69,195,52,24,76,25.0,5.23,50.98,41.18,2.61,0.0,0.0,0.0,0.0
9000008552,2026-01-15 10:00,0.776667,28,30,58,17,18,35,113,73,187,42,25,67,25.5,4.83,53.79,39.31,1.38,0.69,0.0,0.0,0.0
9000008552,2026-01-15 11:00,0.787222,23,35,58,14,10,24,84,81,165,46,36,81,26.5,8.46,46.92,37.69,5.38,0.0,0.77,0.0,0.77
9000008552,2026-01-15 12:00,0.767222,35,30,65,40,22,62,138,90,228,44,22,67,24.5,19.43,47.43,28.57,4.0,0.57,0.0,0.0,0.0
9000008552,2026-01-15 13:00,0.784722,19,37,56,26,26,52,134,103,238,45,52,97,24.5,14.97,46.52,33.69,2.67,1.07,0.0,0.0,0.53
9000008552,2026-01-15 14:00,0.776111,21,32,53,44,19,63,144,86,231,70,30,99,24.0,22.35,49.72,24.02,2.23,0.56,0.56,0.56,0.0
9000008552,2026-01-15 15:00,0.777222,30,36,65,39,24,63,230,118,348,50,35,85,24.0,15.13,54.98,24.35,4.8,0.74,0.0,0.0,0.0
9000008552,2026-01-15 16:00,0.208056,42,29,71,104,39,143,210,134,343,29,19,48,23.5,9.86,53.52,32.39,4.23,1.41,0.0,0.0,1.41
9000008552,2026-01-16 08:00,0.531389,11,11,22,26,13,39,136,67,202,23,19,41,25.0,10.19,46.3,36.11,3.7,1.85,0.0,0.0,0.93
9000008552,2026-01-16 09:00,0.792222,21,23,44,29,23,52,125,66,191,37,30,67,24.5,15.23,49.01,31.79,3.31,0.0,0.66,0.0,0.0
9000008552,2026-01-16 10:00,0.79,23,28,51,36,13,48,90,72,162,29,28,57,27.0,3.91,51.56,37.5,6.25,0.78,0.0,0.0,0.0
9000008552,2026-01-16 11:00,0.783333,26,29,55,30,17,47,123,79,202,32,27,59,25.0,8.81,49.06,37.11,3.77,0.63,0.0,0.0,0.63
9000008552,2026-01-16 12:00,0.769444,27,48,75,38,29,66,136,73,209,38,32,70,24.5,14.29,45.34,34.78,5.59,0.0,0.0,0.0,0.0
9000008552,2026-01-16 13:00,0.757778,19,28,48,65,17,82,170,110,280,33,21,54,28.5,16.98,37.74,33.96,7.08,3.3,0.47,0.0,0.47
9000008552,2026-01-16 14:00,0.781111,15,32,47,53,19,72,212,78,290,47,42,89,23.0,18.5,55.51,23.79,1.76,0.0,0.44,0.0,0.0
9000008552,2026-01-16 15:00,0.770278,6,10,17,38,34,72,176,114,290,25,34,59,25.5,13.45,50.22,29.6,5.38,0.9,0.0,0.45,0.0
9000008552,2026-01-16 16:00,0.263611,0,15,15,51,23,74,168,95,263,18,22,40,25.5,7.25,49.28,42.03,2.9,0.0,0.0,0.0,1.45
9000008552,2026-01-17 08:00,0.438889,0,0,0,0,3,3,48,34,82,6,9,15,25.0,2.78,58.33,33.33,5.56,0.0,0.0,0.0,0.0
9000008552,2026-01-17 09:00,0.791944,5,4,9,13,8,20,83,55,138,20,13,33,26.5,2.75,53.21,40.37,2.75,0.92,0.0,0.0,0.0
9000008552,2026-01-17 10:00,0.794444,5,5,10,15,18,33,87,60,147,15,14,29,25.0,2.56,50.43,42.74,3.42,0.85,0.0,0.0,0.0
9000008552,2026-01-17 11:00,0.792222,1,4,5,11,6,18,126,84,210,24,14,38,24.5,4.82,54.22,37.35,3.61,0.0,0.0,0.0,0.0
9000008552,2026-01-17 12:00,0.781389,8,8,15,22,18,40,158,112,270,36,15,51,27.0,5.21,39.81,50.71,3.32,0.47,0.0,0.0,0.47
9000008552,2026-01-17 13:00,0.782222,4,6,10,18,19,37,231,108,340,52,28,81,24.0,11.65,54.14,30.45,3.76,0.0,0.0,0.0,0.0
9000008552,2026-01-17 14:00,0.772222,9,10,20,24,25,48,236,114,350,62,23,85,24.5,15.93,48.15,30.74,4.44,0.37,0.0,0.0,0.0
9000008552,2026-01-17 15:00,0.635278,7,14,21,23,32,56,229,104,333,64,24,88,23.5,20.28,51.89,24.53,2.36,0.47,0.94,0.0,0.0
9000008552,2026-01-17 16:00,0.0225,0,44,44,0,0,0,444,133,578,0,44,44,20.0,23.08,61.54,15.38,0.0,0.0,0.0,0.0,0.0
9000008552,2026-01-18 08:00,0.493056,0,3,3,2,0,2,34,13,48,5,16,21,27.5,0.0,39.13,56.52,8.7,0.0,0.0,0.0,0.0
9000008552,2026-01-18 09:00,0.778333,1,1,3,15,1,17,23,36,59,6,6,13,29.5,8.7,36.96,41.3,10.87,0.0,0.0,0.0,2.17
9000008552,2026-01-18 10:00,0.785,1,4,5,5,10,15,52,48,101,10,4,14,26.0,2.53,43.04,51.9,2.53,0.0,0.0,0.0,0.0
9000008552,2026-01-18 11:00,0.768056,3,6,9,16,12,27,51,52,103,3,10,13,27.5,1.27,39.24,53.16,2.53,1.27,1.27,0.0,1.27
9000008552,2026-01-18 12:00,0.791944,4,3,6,23,26,49,105,78,183,8,8,15,26.0,2.76,53.1,40.0,4.14,0.0,0.0,0.0,0.0
9000008552,2026-01-18 13:00,0.781389,10,5,15,40,22,62,126,83,210,9,12,21,30.0,2.44,43.29,40.24,11.59,1.83,0.61,0.0,0.0
9000008552,2026-01-18 14:00,0.775833,14,22,36,31,15,46,156,85,241,18,12,30,25.5,8.02,50.27,35.29,4.28,1.6,0.0,0.0,0.53
9000008552,2026-01-18 15:00,0.785833,11,30,42,24,23,47,133,115,248,22,14,36,25.5,8.21,51.79,36.41,3.59,0.0,0.0,0.0,0.0
9000008552,2026-01-18 16:00,0.380833,0,16,16,40,37,77,134,98,231,11,11,21,25.0,6.82,46.59,39.77,5.68,0.0,0.0,1.14,0.0
9000008552,2026-01-19 08:00,0.431944,6,11,16,31,5,35,172,57,229,67,43,110,23.0,15.15,56.57,24.24,3.03,0.0,0.0,0.0,1.01
9000008552,2026-01-19 09:00,0.777778,14,14,28,20,12,32,167,92,258,59,27,86,24.0,11.94,53.23,30.35,2.99,0.0,0.5,0.0,1.0
9000008552,2026-01-19 10:00,0.7775,20,17,37,30,13,42,137,85,222,35,23,58,25.0,13.87,49.71,31.21,2.89,0.58,0.58,0.0,1.16
9000008552,2026-01-19 11:00,0.776389,21,21,41,16,19,35,114,78,191,42,24,67,24.5,10.81,56.76,26.35,5.41,0.68,0.0,0.0,0.0
9000008552,2026-01-19 12:00,0.786389,29,38,68,23,27,50,75,88,163,64,34,99,24.5,7.03,51.56,36.72,3.12,0.78,0.78,0.0,0.0
9000008552,2026-01-19 13:00,0.773611,23,15,39,30,27,57,151,79,230,41,19,61,26.5,14.04,45.51,32.02,5.62,0.56,0.56,0.0,1.69
9000008552,2026-01-19 14:00,0.783056,24,34,59,35,28,63,161,117,277,80,24,105,24.0,16.59,53.0,27.65,2.3,0.0,0.0,0.0,0.46
9000008552,2026-01-19 15:00,0.775,26,28,54,48,37,85,163,120,283,91,34,125,22.0,22.37,58.45,16.44,1.37,0.0,0.0,0.0,1.37
9000008552,2026-01-19 16:00,0.380833,28,29,57,55,59,114,176,86,262,64,24,87,21.5,25.0,56.0,18.0,1.0,0.0,0.0,0.0,0.0
9000008552,2026-01-20 08:00,0.701389,27,9,36,29,12,41,178,71,249,37,19,56,24.5,6.86,52.57,36.0,3.43,0.0,0.57,0.0,0.0
9000008552,2026-01-20 09:00,0.789444,28,13,40,20,19,39,148,96,244,51,13,63,24.0,7.77,56.99,33.16,2.07,0.0,0.0,0.0,0.0
9000008552,2026-01-20 10:00,0.789444,16,20,37,19,8,26,114,78,192,44,21,66,23.0,8.55,65.79,21.05,3.29,1.32,0.0,0.0,0.0
9000008552,2026-01-20 11:00,0.782778,11,28,40,17,17,33,117,71,189,33,17,50,23.5,9.46,59.46,27.7,2.03,0.68,0.0,0.0,0.68
9000008552,2026-01-20 12:00,0.778611,27,26,53,26,23,49,142,86,229,56,28,85,23.0,20.79,52.81,24.72,1.12,0.56,0.0,0.0,0.0
9000008552,2026-01-20 13:00,0.767778,15,17,32,32,16,47,127,69,196,39,12,50,27.0,10.0,56.0,25.33,6.67,1.33,0.0,0.0,0.67
9000008552,2026-01-20 14:00,0.776667,14,24,38,24,19,44,184,120,304,51,22,73,24.0,12.71,55.51,27.97,3.39,0.42,0.0,0.0,0.0
9000008552,2026-01-20 15:00,0.7775,23,36,59,40,23,63,187,126,313,79,29,108,23.0,15.98,62.3,17.62,2.87,0.82,0.0,0.0,0.41
9000008552,2026-01-20 16:00,0.472778,14,21,36,35,36,71,255,138,393,51,16,67,24.0,12.37,61.83,19.35,2.69,0.54,1.08,1.08,1.61
9000008552,2026-01-21 08:00,0.614722,13,13,25,30,6,36,145,74,220,48,16,64,30.0,9.63,46.67,28.89,7.41,0.74,3.7,0.74,2.96
9000008552,2026-01-21 09:00,0.708333,32,23,56,27,20,47,143,69,212,58,34,92,23.5,18.67,54.0,25.33,1.33,0.0,0.0,0.0,0.67
9000008552,2026-01-21 10:00,0.786667,24,32,56,10,13,23,119,71,190,42,25,68,24.5,6.67,54.67,33.33,4.67,0.0,0.0,0.0,0.67
9000008552,2026-01-21 11:00,0.771389,17,36,53,25,10,35,111,77,188,45,32,78,27.0,11.72,52.41,26.9,8.28,0.0,0.0,0.0,0.69
9000008552,2026-01-21 12:00,0.779167,36,42,78,25,17,41,133,81,214,61,37,99,24.0,19.16,49.1,26.35,2.99,1.2,0.0,0.6,0.6
9000008552,2026-01-21 13:00,0.766111,17,22,39,32,12,44,122,68,189,22,14,36,27.5,11.72,43.45,35.86,5.52,2.07,0.0,0.0,1.38
9000008552,2026-01-21 14:00,0.783056,20,43,64,24,25,50,75,82,156,73,27,99,24.5,10.57,58.54,26.02,4.88,0.0,0.0,0.0,0.0
9000008552,2026-01-21 15:00,0.771111,33,26,58,43,31,74,191,113,303,52,28,80,22.0,17.52,61.97,17.95,1.71,0.85,0.0,0.0,0.0
9000008552,2026-01-21 16:00,0.458611,17,31,47,41,20,61,178,137,315,37,39,76,21.5,18.75,63.19,17.36,0.69,0.0,0.69,0.0,0.0
9000008552,2026-01-22 08:00,0.5375,33,16,50,28,12,40,183,45,228,29,20,49,23.0,5.69,69.11,20.33,4.07,0.81,0.0,0.0,0.0
9000008552,2026-01-22 09:00,0.728056,13,19,32,28,12,40,177,91,267,36,21,57,26.5,27.18,36.92,26.67,4.62,1.54,0.51,0.51,2.56
9000008552,2026-01-22 10:00,0.7875,8,18,25,22,12,33,141,72,213,17,18,34,28.5,20.24,40.48,27.98,4.76,0.6,0.0,1.79,4.17
9000008552,2026-01-22 11:00,0.784722,19,15,34,28,10,38,138,93,230,10,18,28,29.5,11.05,37.57,38.12,4.97,2.21,0.55,0.55,4.97
9000008552,2026-01-22 12:00,0.76,25,22,47,37,28,65,90,88,178,20,38,58,28.5,25.19,27.41,37.78,4.44,0.74,0.74,2.22,1.48
9000008552,2026-01-22 13:00,0.771111,19,25,44,27,21,48,156,118,273,23,22,45,27.5,14.22,46.45,29.86,8.06,0.47,0.47,0.0,0.47
9000008552,2026-01-22 14:00,0.783056,23,23,46,23,29,52,161,92,253,51,25,76,22.5,19.19,59.6,18.69,2.02,0.0,0.0,0.0,0.51
9000008552,2026-01-22 15:00,0.770833,30,43,73,31,32,63,169,119,288,93,38,131,20.5,29.73,54.5,13.96,1.35,0.45,0.0,0.0,0.45
9000008552,2026-01-22 16:00,0.381667,21,50,70,34,26,60,213,124,337,36,36,73,21.5,15.5,65.89,13.95,3.1,0.78,0.0,0.0,0.0
9000008552,2026-01-23 08:00,0.436389,15,23,38,17,9,26,160,61,221,32,30,62,25.0,5.15,56.7,29.9,5.15,0.0,0.0,1.03,1.03
9000008552,2026-01-23 09:00,0.775,22,14,36,18,13,31,121,54,175,82,30,112,23.0,10.29,58.09,29.41,0.0,0.74,0.0,0.0,1.47
9000008552,2026-01-23 10:00,0.790833,13,16,29,10,11,22,73,63,136,41,29,70,24.5,9.26,48.15,40.74,0.93,0.0,0.0,0.0,0.0
9000008552,2026-01-23 11:00,0.773056,21,18,39,21,19,40,89,80,169,93,30,123,26.0,10.69,50.38,36.64,1.53,0.76,0.0,0.0,0.0
9000008552,2026-01-23 12:00,0.768333,30,29,59,23,18,42,164,96,260,96,29,125,24.0,13.5,56.0,26.0,4.5,0.0,0.0,0.0,0.0
9000008552,2026-01-23 13:00,0.78,18,27,45,13,19,32,185,104,289,96,33,129,24.0,12.89,56.0,28.0,2.67,0.0,0.0,0.44,0.0
9000008552,2026-01-23 14:00,0.771111,19,20,39,21,19,40,171,104,275,97,30,127,23.5,19.34,53.3,23.58,2.83,0.47,0.47,0.0,0.0
9000008552,2026-01-23 15:00,0.768611,28,22,50,23,21,44,164,119,283,77,29,105,22.0,15.6,63.3,18.35,1.38,0.46,0.46,0.0,0.0
9000008552,2026-01-23 16:00,0.201111,13,15,28,5,5,10,75,273,348,50,13,63,24.0,10.0,15.71,75.71,0.0,0.0,0.0,0.0,0.0
9000008552,2026-01-24 08:00,0.429722,2,2,3,5,6,11,33,34,67,12,9,21,35.0,13.79,41.38,20.69,20.69,0.0,0.0,0.0,0.0
9000008552,2026-01-24 09:00,0.787222,11,9,21,18,5,23,52,46,98,13,15,28,28.0,5.19,36.36,49.35,7.79,0.0,0.0,0.0,1.3
9000008552,2026-01-24 10:00,0.792778,9,15,24,19,13,31,69,56,125,13,13,25,25.0,4.04,49.49,43.43,2.02,1.01,0.0,0.0,0.0
9000008552,2026-01-24 11:00,0.778611,24,22,46,10,14,24,112,77,189,33,12,45,26.5,4.08,44.9,43.54,5.44,0.68,0.68,0.0,0.68
9000008552,2026-01-24 12:00,0.785556,14,22,36,27,11,38,139,91,230,22,14,36,26.0,9.39,45.86,39.23,4.42,0.55,0.0,0.0,0.55
9000008552,2026-01-24 13:00,0.774722,17,18,35,21,27,48,255,95,351,43,22,65,24.5,12.5,57.72,26.84,2.21,0.74,0.0,0.0,0.0
9000008552,2026-01-24 14:00,0.776389,23,26,49,24,25,49,257,93,350,57,23,80,23.5,21.32,50.0,25.0,1.84,0.74,0.37,0.0,0.74
9000008552,2026-01-24 15:00,0.788056,24,36,60,13,23,36,252,98,350,33,23,56,25.0,8.7,50.36,36.96,3.26,0.36,0.0,0.0,0.36
9000008552,2026-01-24 16:00,0.169722,22,12,34,15,47,62,218,114,331,49,12,61,24.5,10.71,55.36,30.36,1.79,0.0,0.0,0.0,0.0
9000008552,2026-01-25 08:00,0.654722,1,13,14,0,1,1,15,23,38,4,10,14,29.5,8.0,48.0,32.0,12.0,0.0,0.0,0.0,0.0
9000008552,2026-01-25 09:00,0.763611,9,5,14,10,6,16,42,42,84,6,4,10,28.5,0.0,37.5,51.56,7.81,0.0,1.56,0.0,0.0
9000008552,2026-01-25 10:00,0.749722,17,7,24,10,13,24,59,58,116,8,4,12,25.5,3.45,45.98,47.13,4.6,0.0,0.0,0.0,0.0
9000008552,2026-01-25 11:00,0.791389,17,22,38,8,15,23,76,46,121,6,15,21,24.5,6.25,51.04,38.54,4.17,0.0,0.0,0.0,0.0
9000008552,2026-01-25 12:00,0.710556,13,20,34,21,21,42,100,56,155,9,5,14,26.0,2.73,44.55,44.55,1.82,2.73,0.91,0.91,0.91
9000008552,2026-01-25 13:00,0.784722,14,9,23,17,23,40,89,97,186,13,11,24,28.0,2.74,47.95,39.73,8.22,0.68,0.0,0.0,0.68
9000008552,2026-01-25 14:00,0.790278,15,25,41,25,24,49,134,95,229,15,13,28,26.0,7.73,40.33,44.75,6.63,0.0,0.0,0.0,0.55
9000008552,2026-01-25 15:00,0.790833,33,21,54,24,14,38,109,89,198,18,14,32,27.0,5.73,41.4,46.5,5.73,0.0,0.0,0.0,0.0
9000008552,2026-01-25 16:00,0.039722,50,25,76,0,76,76,126,101,227,0,50,50,27.5,0.0,44.44,55.56,0.0,0.0,0.0,0.0,0.0
9000008552,2026-01-26 08:00,0.261389,35,26,61,42,15,57,201,50,251,27,12,39,25.0,15.15,59.09,19.7,3.03,1.52,0.0,0.0,1.52
9000008552,2026-01-26 09:00,0.768056,25,30,55,21,25,46,181,60,241,34,22,56,24.0,14.05,58.38,23.78,2.7,0.0,0.0,0.0,1.08
9000008552,2026-01-26 10:00,0.791667,31,26,57,17,6,24,117,95,211,30,19,50,24.5,8.98,50.9,37.13,2.4,0.6,0.0,0.6,0.0
9000008552,2026-01-26 11:00,0.786111,13,20,33,15,13,28,91,82,174,25,27,52,25.0,6.62,50.74,38.97,4.41,0.0,0.0,0.0,0.0
9000008552,2026-01-26 12:00,0.775556,22,30,52,25,19,44,122,89,211,33,18,52,25.0,8.54,50.0,34.15,4.88,1.22,1.22,0.0,0.0
9000008552,2026-01-26 13:00,0.782222,22,22,44,17,17,33,120,87,207,27,32,59,24.0,13.58,52.47,30.25,3.09,0.0,0.0,0.0,0.62
9000008552,2026-01-26 14:00,0.775556,22,32,54,25,14,39,170,116,286,32,31,63,26.5,14.41,40.99,38.29,5.41,0.0,0.45,0.0,0.45
9000008552,2026-01-26 15:00,0.771944,34,40,74,25,26,51,166,123,289,26,30,56,25.0,13.0,54.71,26.01,4.04,1.35,0.45,0.0,0.45
9000008552,2026-01-26 16:00,0.324722,23,45,68,29,23,52,150,93,244,30,19,49,23.5,12.66,58.23,24.05,3.8,0.0,0.0,1.27,1.27
9000008552,2026-01-27 08:00,0.561389,27,15,42,34,24,57,192,79,271,18,20,38,25.0,9.87,55.26,26.97,5.92,0.0,1.32,0.0,1.32
9000008552,2026-01-27 09:00,0.781111,26,21,46,33,13,46,183,78,261,35,10,45,26.0,13.73,49.02,28.43,3.92,0.49,1.96,0.0,2.45
9000008552,2026-01-27 10:00,0.775,12,14,26,25,9,34,98,75,173,21,26,47,27.5,8.96,44.78,38.81,4.48,0.75,0.0,0.0,2.24
9000008552,2026-01-27 11:00,0.784444,15,18,33,24,15,40,111,83,194,44,42,86,24.0,10.53,53.95,34.21,1.32,0.0,0.0,0.0,0.0
9000008552,2026-01-27 12:00,0.787222,22,34,56,23,26,49,133,77,211,26,22,47,24.5,13.86,49.4,33.73,1.81,0.6,0.0,0.0,0.6
9000008552,2026-01-27 13:00,0.775556,17,22,39,23,25,48,127,97,224,41,30,71,25.0,12.64,45.4,36.21,2.87,1.72,0.0,0.0,1.15
9000008552,2026-01-27 14:00,0.788611,16,29,46,20,15,36,155,111,265,29,19,48,25.5,12.44,48.8,33.01,4.78,0.0,0.0,0.0,0.96
9000008552,2026-01-27 15:00,0.763889,22,23,46,29,27,56,185,152,338,40,34,74,25.0,11.24,54.26,30.23,3.49,0.0,0.39,0.0,0.39
9000008552,2026-01-27 16:00,0.3925,16,23,40,29,41,70,246,136,382,11,22,33,24.5,10.0,52.0,33.33,4.0,0.0,0.0,0.0,0.0
9000008552,2026-01-28 08:00,0.558056,27,10,37,18,6,24,162,57,219,23,19,42,23.0,21.31,57.38,20.49,0.82,0.82,0.0,0.0,0.0
9000008552,2026-01-28 09:00,0.773333,22,19,41,16,13,29,160,59,219,32,26,58,25.0,11.24,54.44,28.4,4.73,0.59,0.0,0.0,1.18
9000008552,2026-01-28 10:00,0.784722,19,10,29,17,8,24,118,69,187,18,25,43,26.0,10.2,50.34,33.33,4.76,0.68,0.0,0.68,0.0
9000008552,2026-01-28 11:00,0.781667,19,18,37,13,19,32,124,72,196,34,28,63,25.5,7.84,45.75,40.52,4.58,1.31,0.0,0.0,0.0
9000008552,2026-01-28 12:00,0.772778,18,18,36,18,19,38,121,78,198,42,34,76,25.0,15.69,43.79,34.64,4.58,1.31,0.0,0.0,0.0
9000008552,2026-01-28 13:00,0.762222,17,14,31,20,19,38,138,128,266,29,33,62,27.5,8.87,39.9,43.35,4.93,1.97,0.0,0.0,0.99
9000008552,2026-01-28 14:00,0.769444,21,42,62,27,21,48,166,90,256,43,30,73,23.5,21.32,46.7,29.44,1.52,1.02,0.0,0.0,0.0
9000008552,2026-01-28 15:00,0.776944,30,34,63,24,26,50,208,130,338,27,33,60,24.0,8.75,54.75,32.7,3.42,0.0,0.0,0.0,0.38
9000008552,2026-01-28 16:00,0.300833,17,32,49,25,11,35,200,89,290,21,4,26,26.0,14.94,51.72,28.74,3.45,0.0,0.0,0.0,1.15
9000008552,2026-01-29 08:00,0.060833,36,0,36,24,71,95,147,61,208,60,36,96,24.5,15.38,46.15,30.77,0.0,0.0,0.0,0.0,0.0
9000008552,2026-01-29 09:00,0.453333,11,18,29,10,12,22,188,81,269,22,33,55,26.0,20.49,45.08,28.69,3.28,1.64,0.0,0.0,0.82
9000008552,2026-01-29 10:00,0.311111,12,12,24,19,37,56,156,115,271,40,21,61,26.0,20.24,46.43,27.38,7.14,0.0,0.0,0.0,0.0
9000008552,2026-01-29 11:00,0.597778,24,21,45,27,7,35,135,87,221,20,30,50,23.5,10.61,57.58,31.06,2.27,0.0,0.0,0.0,0.0
9000008552,2026-01-29 12:00,0.7825,24,28,52,26,15,41,172,90,261,29,29,59,24.0,13.66,51.22,31.71,1.95,0.49,0.49,0.0,0.0
9000008552,2026-01-29 13:00,0.778056,21,23,44,23,14,37,161,64,226,38,26,64,24.0,11.93,55.68,28.98,2.84,0.57,0.0,0.0,0.0
9000008552,2026-01-29 14:00,0.784167,24,32,56,27,24,51,172,97,269,36,22,58,24.0,15.17,50.24,32.7,1.9,0.0,0.0,0.0,0.0
9000008552,2026-01-29 15:00,0.767778,21,35,56,34,27,61,252,89,341,31,30,61,22.5,26.05,49.43,20.31,2.68,0.77,0.38,0.0,0.38
9000008552,2026-01-29 16:00,0.394444,11,34,45,29,25,54,360,107,468,27,11,37,27.0,15.22,47.83,31.52,2.17,0.54,0.0,0.0,3.26
9000008552,2026-01-30 08:00,0.473889,26,13,39,12,9,21,168,64,232,29,21,50,26.5,2.73,60.0,29.09,4.55,0.91,0.0,0.0,2.73
9000008552,2026-01-30 09:00,0.784722,32,16,48,20,13,33,175,69,244,27,22,48,24.5,10.47,54.45,30.89,2.62,0.0,0.0,0.0,1.57
9000008552,2026-01-30 10:00,0.787778,24,15,39,13,14,27,157,73,229,30,29,60,23.5,13.26,53.04,30.39,1.66,0.55,0.0,0.0,0.55
9000008552,2026-01-30 11:00,0.771111,16,30,46,12,12,23,172,87,260,39,32,71,23.5,21.0,50.0,25.5,2.5,0.0,0.0,0.0,1.0
9000008552,2026-01-30 12:00,0.776667,38,30,68,22,16,37,209,84,293,36,30,66,23.5,26.75,45.18,25.44,1.32,0.0,0.0,0.0,0.88
9000008552,2026-01-30 13:00,0.77,16,31,47,18,26,44,274,101,375,31,35,66,23.0,23.18,51.56,22.84,1.38,1.04,0.0,0.0,0.0
9000008552,2026-01-30 14:00,0.763889,24,25,48,26,18,45,194,119,313,34,27,62,25.5,10.04,45.19,40.59,4.18,0.0,0.0,0.0,0.0
9000008552,2026-01-30 15:00,0.778333,28,33,62,32,21,53,198,107,304,26,30,55,25.5,15.19,41.35,36.29,5.49,0.84,0.0,0.0,0.84
9000008552,2026-01-30 16:00,0.568889,24,26,50,27,38,65,217,97,314,18,31,49,25.0,16.2,45.81,29.61,5.59,0.0,0.0,0.56,1.68
9000008552,2026-01-31 08:00,0.582778,4,4,8,14,2,16,47,39,86,8,8,16,28.5,8.0,50.0,32.0,8.0,4.0,0.0,0.0,0.0
9000008552,2026-01-31 09:00,0.72,9,6,15,8,4,11,69,59,127,10,24,34,29.0,2.17,48.91,35.87,7.61,2.17,1.09,0.0,1.09
9000008552,2026-01-31 10:00,0.783056,26,14,40,8,8,15,110,68,178,17,14,31,27.5,2.88,51.8,36.69,6.47,0.72,0.0,0.0,1.44
9000008552,2026-01-31 11:00,0.785556,19,33,52,10,10,20,101,83,184,13,17,29,27.0,7.64,44.44,42.36,4.17,1.39,0.0,0.0,0.0
9000008552,2026-01-31 12:00,0.781389,22,21,42,12,14,25,137,75,212,26,30,55,24.5,10.24,53.01,33.13,3.01,0.6,0.0,0.0,0.0
9000008552,2026-01-31 13:00,0.780833,23,26,48,14,11,26,181,92,273,21,34,55,24.0,17.84,50.23,27.7,3.29,0.0,0.0,0.0,0.94
9000008552,2026-01-31 14:00,0.775833,27,40,67,12,18,30,262,124,386,24,18,42,24.5,11.37,52.51,30.43,5.02,0.0,0.0,0.0,0.67
9000008552,2026-01-31 15:00,0.782222,15,22,37,19,20,40,275,121,396,22,20,42,24.5,13.87,48.71,32.9,4.52,0.0,0.0,0.0,0.0
9000008552,2026-01-31 16:00,0.616944,23,18,42,30,19,49,238,109,347,13,10,23,30.0,12.15,45.33,28.5,2.8,4.21,1.87,1.87,4.67
9000008552,2026-02-01 07:00,0.080556,0,12,12,0,0,0,99,12,112,25,0,25,98.0,0.0,22.22,44.44,11.11,0.0,0.0,0.0,22.22
9000008552,2026-02-01 08:00,0.723333,6,1,8,1,1,3,18,10,29,6,9,16,28.0,4.76,42.86,47.62,0.0,0.0,0.0,0.0,0.0
9000008552,2026-02-01 09:00,0.777778,12,6,18,5,1,6,40,31,71,5,15,21,26.0,0.0,61.82,34.55,3.64,0.0,0.0,0.0,0.0
9000008552,2026-02-01 10:00,0.798611,2,10,13,7,11,19,48,29,77,3,13,15,24.5,1.64,59.02,36.07,3.28,0.0,0.0,0.0,0.0
9000008552,2026-02-01 11:00,0.784444,8,22,29,18,5,23,66,47,113,6,9,15,26.0,3.37,58.43,33.71,4.49,0.0,0.0,0.0,0.0
9000008552,2026-02-01 12:00,0.784167,12,13,24,12,14,25,97,65,162,10,12,22,24.5,11.02,51.97,32.28,3.15,1.57,0.0,0.0,0.0
9000008552,2026-02-01 13:00,0.782778,12,20,32,14,9,23,88,80,169,18,18,36,24.0,6.82,54.55,33.33,4.55,0.76,0.0,0.0,0.0
9000008552,2026-02-01 14:00,0.786389,18,27,45,15,10,25,126,116,241,14,24,38,25.0,6.84,61.58,28.95,1.58,0.0,0.53,0.0,0.53
9000008552,2026-02-01 15:00,0.786667,24,25,50,14,9,23,109,74,183,13,18,30,24.5,8.33,54.17,34.72,2.78,0.0,0.0,0.0,0.0
9000008552,2026-02-01 16:00,0.544167,27,18,45,15,9,24,119,93,211,15,26,41,23.5,4.35,61.74,30.43,3.48,0.0,0.0,0.0,0.0
9000008552,2026-02-02 07:00,0.040278,0,0,0,25,0,25,199,50,248,0,50,50,33.5,0.0,30.0,40.0,20.0,0.0,10.0,0.0,0.0
9000008552,2026-02-02 08:00,0.635,23,17,40,13,6,19,213,67,279,52,20,71,23.5,16.95,52.54,29.38,1.13,0.0,0.0,0.0,0.56
9000008552,2026-02-02 09:00,0.786111,10,15,25,15,10,25,211,85,296,46,21,67,23.5,12.45,56.22,30.04,0.43,0.43,0.0,0.0,0.43
9000008552,2026-02-02 10:00,0.780278,24,19,43,12,12,23,164,82,246,32,18,50,23.5,10.94,57.29,28.65,3.12,0.0,0.0,0.0,0.0
9000008552,2026-02-02 11:00,0.781389,9,25,34,10,9,19,187,81,267,57,34,92,22.5,19.62,56.46,21.05,2.39,0.0,0.0,0.0,0.48
9000008552,2026-02-02 12:00,0.781667,22,28,50,20,14,35,169,97,266,45,33,78,23.0,20.67,52.88,24.04,1.92,0.0,0.0,0.0,0.48
9000008552,2026-02-02 13:00,0.778611,18,18,36,10,15,26,240,122,362,54,44,98,22.5,22.7,54.61,20.92,1.06,0.0,0.35,0.0,0.35
9000008552,2026-02-02 14:00,0.780556,16,22,38,18,14,32,243,109,352,32,22,54,23.5,12.0,58.18,27.64,2.18,0.0,0.0,0.0,0.0
9000008552,2026-02-02 15:00,0.776111,21,12,32,33,18,51,298,95,393,32,26,58,21.5,29.18,50.16,19.67,0.33,0.33,0.0,0.0,0.0
9000008552,2026-02-02 16:00,0.614167,12,29,41,24,17,41,280,129,409,21,19,40,22.0,33.07,47.81,16.73,1.59,0.0,0.4,0.0,0.4
9000008552,2026-02-03 07:00,0.145833,27,7,34,14,0,14,103,34,137,34,27,62,27.5,20.0,50.0,20.0,10.0,0.0,0.0,0.0,0.0
9000008552,2026-02-03 08:00,0.79,29,16,45,18,9,27,144,57,201,30,9,39,24.0,10.69,59.75,27.04,2.52,0.0,0.0,0.0,0.0
9000008552,2026-02-03 09:00,0.784167,20,8,28,20,17,37,138,51,189,36,27,62,24.0,6.76,58.11,31.08,2.7,0.68,0.0,0.0,0.68
9000008552,2026-02-03 10:00,0.790278,14,14,28,13,3,15,127,76,203,26,29,56,25.5,6.88,55.0,34.38,3.12,0.62,0.0,0.0,0.0
9000008552,2026-02-03 11:00,0.775278,23,17,40,8,6,14,118,71,188,41,27,68,25.0,15.07,44.52,32.88,6.16,1.37,0.0,0.0,0.0
9000008552,2026-02-03 12:00,0.788611,20,34,54,11,13,24,109,87,195,37,29,66,24.0,12.99,51.95,30.52,4.55,0.0,0.0,0.0,0.0
9000008552,2026-02-03 13:00,0.770278,18,26,44,29,12,40,107,77,183,45,26,71,23.5,20.57,52.48,22.7,4.26,0.0,0.0,0.0,0.0
9000008552,2026-02-03 14:00,0.776944,14,21,35,22,19,41,171,106,276,43,26,69,23.5,13.02,57.21,28.37,1.4,0.0,0.0,0.0,0.0
9000008552,2026-02-03 15:00,0.765278,13,26,40,34,17,51,170,101,271,38,21,59,23.0,19.81,52.66,26.09,1.45,0.0,0.0,0.0,0.0
9000008552,2026-02-03 16:00,0.772222,15,30,45,26,18,44,178,91,269,43,22,65,22.0,12.98,64.42,20.67,1.92,0.0,0.0,0.0,0.0
9000008552,2026-02-03 17:00,0.003889,0,0,0,0,0,0,514,0,514,0,0,0,18.5,0.0,100.0,0.0,0.0,0.0,0.0,0.0,0.0
9000008552,2026-02-04 07:00,0.087778,0,11,11,11,0,11,114,80,194,0,0,0,27.5,5.88,47.06,41.18,0.0,0.0,0.0,0.0,5.88
9000008552,2026-02-04 08:00,0.546111,22,10,32,14,9,22,133,44,176,32,13,45,23.5,13.54,53.12,28.12,2.08,0.0,0.0,0.0,2.08
9000008552,2026-02-04 09:00,0.781111,19,18,37,17,8,24,123,63,186,36,24,60,24.5,9.66,57.93,28.28,1.38,0.69,0.0,0.0,2.07
9000008552,2026-02-04 10:00,0.786667,23,22,45,10,14,24,114,60,174,24,27,51,25.0,8.03,54.74,35.77,1.46,0.0,0.0,0.0,0.0
9000008552,2026-02-04 11:00,0.775,27,26,53,8,5,13,119,91,211,32,26,58,25.5,15.95,40.49,38.65,3.68,0.0,0.61,0.0,0.61
9000008552,2026-02-04 12:00,0.790556,21,38,59,14,13,26,112,53,166,23,28,51,24.5,11.45,51.91,32.06,1.53,3.05,0.0,0.0,0.0
9000008552,2026-02-04 13:00,0.773889,14,21,35,12,14,26,173,83,255,13,31,44,25.0,16.16,44.95,36.36,2.02,0.0,0.0,0.0,0.51
9000008552,2026-02-04 14:00,0.784444,22,29,51,14,18,32,146,89,235,32,36,68,24.0,19.02,50.54,26.09,4.35,0.0,0.0,0.0,0.0
9000008552,2026-02-04 15:00,0.781389,27,33,60,15,14,29,154,101,254,29,26,55,24.0,12.06,55.28,28.64,3.02,0.5,0.0,0.0,0.5
9000008552,2026-02-04 16:00,0.751667,24,23,47,27,14,40,182,97,279,23,25,47,24.5,15.79,49.76,29.67,3.35,0.48,0.48,0.0,0.48
