segment_id,date_local,uptime,ped_lft,ped_rgt,ped_total,bike_lft,bike_rgt,bike_total,car_lft,car_rgt,car_total,heavy_lft,heavy_rgt,heavy_total,v85,car_speed0,car_speed10,car_speed20,car_speed30,car_speed40,car_speed50,car_speed60,car_speed70
9000008823,2025-05-27 20:00,0.624167,4,8,12,74,69,143,56,51,107,0,0,0,34.0,11.94,20.9,43.28,16.42,4.48,1.49,2.99,0.0
9000008823,2025-05-28 05:00,0.325,2,0,2,2,0,2,11,13,24,0,0,0,29.0,0.0,12.5,100.0,0.0,0.0,0.0,0.0,0.0
9000008823,2025-05-28 06:00,0.728611,8,1,9,14,9,24,26,18,44,0,0,0,34.0,12.5,25.0,40.62,18.75,3.12,0.0,0.0,0.0
9000008823,2025-05-28 07:00,0.715833,14,10,24,58,28,87,67,31,98,0,0,0,33.0,7.14,21.43,50.0,17.14,4.29,0.0,0.0,1.43
9000008823,2025-05-28 08:00,0.788889,20,4,24,99,52,151,95,51,146,0,0,0,29.5,6.96,29.57,51.3,10.43,0.87,0.87,0.0,0.0
9000008823,2025-05-28 09:00,0.778889,18,9,27,40,36,76,111,80,190,0,0,0,31.0,10.14,29.73,43.24,15.54,0.68,0.68,0.0,0.0
9000008823,2025-05-28 10:00,0.782778,10,4,14,36,27,63,133,69,202,0,0,0,29.5,16.46,29.75,39.87,10.76,3.16,0.0,0.0,0.0
9000008823,2025-05-28 11:00,0.714444,4,4,8,50,38,88,120,86,206,0,0,0,29.0,17.01,25.17,46.26,9.52,1.36,0.0,0.68,0.0
9000008823,2025-05-28 12:00,0.726944,10,7,17,48,58,106,55,69,125,0,0,0,32.0,14.29,18.68,48.35,14.29,4.4,0.0,0.0,0.0
9000008823,2025-05-28 13:00,0.713611,7,7,14,62,60,122,67,106,173,0,0,0,32.5,9.68,22.58,47.58,17.74,2.42,0.0,0.0,0.0
9000008823,2025-05-28 14:00,0.752222,4,3,7,48,57,105,71,118,189,0,0,0,33.0,11.97,28.87,36.62,16.9,2.11,1.41,1.41,0.7
9000008823,2025-05-28 15:00,0.689722,10,9,19,50,62,111,108,83,191,0,0,0,33.0,15.15,21.97,39.39,19.7,2.27,0.76,0.76,0.0
9000008823,2025-05-28 16:00,0.692222,3,4,7,70,63,133,91,54,146,0,0,0,29.5,16.83,32.67,38.61,10.89,0.99,0.0,0.0,0.99
9000008823,2025-05-28 17:00,0.673889,4,5,9,84,69,153,108,79,187,0,0,0,29.0,24.6,37.3,25.4,7.94,2.38,0.79,0.0,1.59
9000008823,2025-05-28 18:00,0.726389,0,8,8,73,68,142,109,83,192,0,0,0,30.5,25.0,32.14,27.14,15.0,0.0,0.0,0.0,0.71
9000008823,2025-05-28 19:00,0.682778,1,10,11,55,72,127,72,39,111,0,0,0,26.5,30.26,38.16,28.95,3.95,0.0,0.0,0.0,0.0
9000008823,2025-05-28 20:00,0.776389,0,4,4,59,66,125,65,59,124,0,0,0,29.5,13.54,33.33,40.62,11.46,0.0,1.04,0.0,0.0
9000008823,2025-05-28 21:00,0.080278,0,12,12,37,50,87,87,25,112,0,0,0,31.5,22.22,11.11,44.44,22.22,0.0,0.0,0.0,0.0
9000008823,2025-05-29 05:00,0.676389,1,0,1,1,1,3,8,15,23,0,0,0,34.0,6.67,20.0,26.67,46.67,0.0,0.0,0.0,0.0
9000008823,2025-05-29 06:00,0.779167,0,0,0,9,1,10,8,10,18,0,0,0,35.0,7.14,28.57,21.43,28.57,14.29,0.0,0.0,0.0
9000008823,2025-05-29 07:00,0.788889,0,0,0,8,6,14,11,11,23,0,0,0,61.5,5.56,22.22,44.44,11.11,0.0,0.0,5.56,11.11
9000008823,2025-05-29 08:00,0.621389,1,0,1,7,11,18,37,7,44,0,0,0,27.5,48.15,25.93,14.81,7.41,0.0,0.0,0.0,0.0
9000008823,2025-05-29 09:00,0.614444,2,2,3,48,21,69,11,23,34,0,0,0,30.0,19.05,23.81,47.62,14.29,0.0,0.0,0.0,0.0
9000008823,2025-05-29 10:00,0.6875,0,3,3,29,22,51,22,18,40,0,0,0,27.5,18.52,40.74,29.63,7.41,0.0,3.7,0.0,0.0
9000008823,2025-05-29 11:00,0.681944,3,6,9,34,44,78,22,52,74,0,0,0,31.5,28.0,30.0,24.0,14.0,4.0,0.0,0.0,0.0
9000008823,2025-05-29 12:00,0.646944,3,11,14,28,51,79,34,49,83,0,0,0,29.5,40.74,9.26,37.04,9.26,1.85,1.85,0.0,0.0
9000008823,2025-05-29 13:00,0.666111,0,10,10,32,65,97,43,45,88,0,0,0,32.0,22.03,28.81,28.81,18.64,1.69,0.0,0.0,0.0
9000008823,2025-05-29 14:00,0.618889,11,9,20,88,66,155,42,49,91,0,0,0,31.5,25.0,28.57,30.36,10.71,5.36,1.79,0.0,0.0
9000008823,2025-05-29 15:00,0.634722,8,3,11,75,61,135,39,62,101,0,0,0,29.0,12.5,26.56,53.12,7.81,0.0,0.0,0.0,0.0
9000008823,2025-05-29 16:00,0.548333,2,2,3,61,68,129,30,29,59,0,0,0,31.0,21.21,36.36,24.24,12.12,6.06,0.0,0.0,0.0
9000008823,2025-05-29 17:00,0.521111,6,6,13,108,71,179,47,46,93,0,0,0,30.5,33.33,22.92,27.08,12.5,2.08,0.0,0.0,0.0
9000008823,2025-05-29 18:00,0.748333,3,7,9,95,121,215,59,71,130,0,0,0,31.0,9.28,23.71,49.48,16.49,1.03,0.0,0.0,0.0
9000008823,2025-05-29 19:00,0.790278,1,9,10,99,125,224,53,76,129,0,0,0,34.0,9.8,22.55,43.14,18.63,3.92,0.98,0.0,0.98
9000008823,2025-05-29 20:00,0.659722,11,3,13,42,63,105,56,81,138,0,0,0,34.0,3.3,17.58,56.04,17.58,5.49,0.0,0.0,2.2
9000008823,2025-05-29 21:00,0.110833,9,0,9,18,63,81,54,63,117,0,0,0,32.5,7.69,23.08,46.15,15.38,7.69,0.0,0.0,0.0
9000008823,2025-05-30 05:00,0.379167,2,0,2,5,2,7,9,10,19,0,0,0,34.0,14.29,14.29,42.86,42.86,14.29,0.0,0.0,0.0
9000008823,2025-05-30 06:00,0.799444,1,1,2,7,4,11,21,14,35,0,0,0,32.5,0.0,17.86,57.14,21.43,3.57,0.0,0.0,0.0
9000008823,2025-05-30 07:00,0.799167,12,0,12,25,12,38,39,17,56,0,0,0,34.0,6.67,17.78,48.89,24.44,0.0,0.0,0.0,2.22
9000008823,2025-05-30 08:00,0.784722,9,3,11,32,13,45,59,40,98,0,0,0,30.5,6.49,32.47,45.45,12.99,2.6,0.0,0.0,0.0
9000008823,2025-05-30 09:00,0.794444,13,1,14,40,33,73,62,49,111,0,0,0,30.0,12.5,29.55,43.18,12.5,1.14,0.0,0.0,1.14
9000008823,2025-05-30 10:00,0.756111,1,3,4,37,22,59,74,66,140,0,0,0,32.5,16.04,17.92,43.4,19.81,2.83,0.0,0.0,0.0
9000008823,2025-05-30 11:00,0.720556,3,3,6,29,32,61,68,75,143,0,0,0,33.0,24.27,24.27,29.13,18.45,2.91,0.0,0.0,0.97
9000008823,2025-05-30 12:00,0.719167,0,0,0,40,51,90,65,103,168,0,0,0,30.5,17.36,26.45,40.5,12.4,2.48,0.83,0.0,0.0
9000008823,2025-05-30 13:00,0.753056,4,4,8,58,58,117,105,103,208,0,0,0,33.5,9.55,32.48,35.03,17.2,3.82,1.91,0.64,0.0
9000008823,2025-05-30 14:00,0.676944,0,3,3,55,64,120,69,85,154,0,0,0,29.0,31.73,19.23,37.5,9.62,1.92,0.0,0.96,0.0
9000008823,2025-05-30 15:00,0.559167,0,4,4,60,60,120,40,72,112,0,0,0,33.0,20.63,31.75,26.98,12.7,4.76,0.0,1.59,1.59
9000008823,2025-05-30 16:00,0.559167,3,3,6,60,53,113,88,55,144,0,0,0,29.0,30.0,30.0,30.0,6.25,3.75,0.0,0.0,2.5
9000008823,2025-05-30 17:00,0.612222,9,6,15,71,53,124,67,55,122,0,0,0,28.5,40.0,17.33,32.0,8.0,1.33,0.0,0.0,1.33
9000008823,2025-05-30 18:00,0.626667,8,1,10,103,106,209,79,67,146,0,0,0,27.5,32.97,28.57,29.67,8.79,0.0,0.0,0.0,0.0
9000008823,2025-05-30 19:00,0.690833,3,10,12,93,71,164,50,85,135,0,0,0,26.5,25.81,25.81,39.78,7.53,1.08,0.0,0.0,0.0
9000008823,2025-05-30 20:00,0.790556,6,6,13,72,100,172,60,57,117,0,0,0,31.0,9.78,33.7,39.13,14.13,1.09,2.17,0.0,0.0
9000008823,2025-05-30 21:00,0.135833,7,0,7,66,59,125,44,59,103,0,0,0,33.0,14.29,14.29,42.86,21.43,7.14,0.0,0.0,0.0
9000008823,2025-05-31 04:00,0.086111,0,12,12,0,0,0,12,23,35,0,0,0,53.0,0.0,33.33,33.33,0.0,0.0,33.33,0.0,0.0
9000008823,2025-05-31 05:00,0.528333,0,0,0,2,10,12,13,9,23,0,0,0,28.0,16.67,25.0,41.67,16.67,0.0,0.0,0.0,0.0
9000008823,2025-05-31 06:00,0.800833,0,0,0,2,5,7,20,11,31,0,0,0,29.5,20.0,28.0,40.0,12.0,0.0,0.0,0.0,0.0
9000008823,2025-05-31 07:00,0.76,0,0,0,9,0,9,10,21,32,0,0,0,27.0,29.17,33.33,29.17,8.33,0.0,0.0,0.0,0.0
9000008823,2025-05-31 08:00,0.758333,7,1,8,28,11,38,25,18,43,0,0,0,32.0,12.5,31.25,37.5,12.5,0.0,3.12,3.12,0.0
9000008823,2025-05-31 09:00,0.718333,3,0,3,44,24,68,54,36,90,0,0,0,33.0,15.38,13.85,46.15,20.0,1.54,1.54,1.54,0.0
9000008823,2025-05-31 10:00,0.746111,0,3,3,47,35,82,49,37,86,0,0,0,32.0,18.75,25.0,35.94,20.31,1.56,0.0,0.0,0.0
9000008823,2025-05-31 11:00,0.703333,0,1,1,23,36,59,45,86,131,0,0,0,31.5,19.57,32.61,31.52,17.39,0.0,0.0,0.0,0.0
9000008823,2025-05-31 12:00,0.723889,4,7,11,42,62,104,59,72,131,0,0,0,32.5,29.47,14.74,35.79,13.68,4.21,0.0,1.05,1.05
9000008823,2025-05-31 13:00,0.709722,7,0,7,62,66,128,76,100,176,0,0,0,28.5,32.0,15.2,45.6,5.6,1.6,0.0,0.0,0.0
9000008823,2025-05-31 14:00,0.7025,9,4,13,79,54,132,134,87,221,0,0,0,30.0,25.81,27.74,31.61,12.26,1.29,1.29,0.65,0.0
9000008823,2025-05-31 15:00,0.63,11,2,12,118,71,189,90,85,175,0,0,0,27.0,44.55,22.73,21.82,10.0,0.91,0.0,0.0,0.0
9000008823,2025-05-31 16:00,0.564722,3,2,5,68,74,142,72,60,132,0,0,0,26.5,36.49,31.08,24.32,9.46,0.0,0.0,0.0,0.0
9000008823,2025-05-31 17:00,0.720556,3,5,8,114,59,174,73,91,165,0,0,0,32.0,23.53,24.37,32.77,14.29,4.2,0.84,0.0,0.0
9000008823,2025-05-31 18:00,0.791944,4,8,11,103,102,205,87,78,165,0,0,0,30.0,5.34,22.9,56.49,12.98,0.76,0.76,0.0,0.76
9000008823,2025-05-31 19:00,0.745833,9,5,14,90,50,140,63,87,150,0,0,0,27.0,33.04,29.46,27.68,7.14,0.0,0.0,1.79,0.89
9000008823,2025-05-31 20:00,0.789444,9,6,15,78,84,162,76,73,149,0,0,0,33.0,9.32,17.8,53.39,14.41,4.24,0.0,0.85,0.0
9000008823,2025-05-31 21:00,0.150278,4,0,4,84,104,188,30,88,118,0,0,0,30.5,0.0,11.11,77.78,16.67,0.0,0.0,0.0,0.0
9000008823,2025-06-01 04:00,0.048611,0,0,0,0,0,0,0,0,0,0,0,0,,0.0,0.0,0.0,0.0,0.0,0.0,0.0,0.0
9000008823,2025-06-01 05:00,0.283611,2,3,5,0,0,0,6,9,16,0,0,0,36.5,0.0,25.0,25.0,75.0,0.0,0.0,0.0,0.0
9000008823,2025-06-01 06:00,0.6575,0,1,1,4,3,7,12,11,23,0,0,0,35.0,6.67,26.67,33.33,33.33,0.0,0.0,0.0,6.67
9000008823,2025-06-01 07:00,0.767222,0,0,0,3,0,3,11,14,26,0,0,0,37.0,5.0,20.0,45.0,20.0,0.0,10.0,0.0,0.0
9000008823,2025-06-01 08:00,0.751111,1,0,1,13,13,26,11,13,24,0,0,0,34.0,5.56,22.22,38.89,27.78,0.0,0.0,5.56,0.0
9000008823,2025-06-01 09:00,0.766111,1,0,1,38,23,61,23,21,44,0,0,0,29.5,2.94,41.18,44.12,8.82,0.0,0.0,0.0,2.94
9000008823,2025-06-01 10:00,0.7825,0,4,4,52,27,79,42,47,89,0,0,0,31.0,2.9,34.78,46.38,15.94,0.0,1.45,0.0,0.0
9000008823,2025-06-01 11:00,0.758333,8,7,14,48,45,93,62,54,116,0,0,0,34.0,10.23,20.45,44.32,15.91,5.68,3.41,0.0,0.0
9000008823,2025-06-01 12:00,0.763333,6,5,12,72,44,116,43,49,91,0,0,0,31.5,8.57,25.71,47.14,17.14,1.43,0.0,0.0,0.0
9000008823,2025-06-01 13:00,0.694444,2,9,10,98,74,172,111,84,195,0,0,0,30.0,30.88,24.26,30.15,11.03,2.21,0.0,0.0,0.74
9000008823,2025-06-01 14:00,0.659722,3,1,4,33,79,112,132,65,196,0,0,0,23.0,70.0,10.77,13.08,4.62,1.54,0.0,0.77,0.0
9000008823,2025-06-01 15:00,0.643056,2,2,3,104,82,186,90,61,151,0,0,0,24.0,41.24,32.99,19.59,5.15,1.03,0.0,0.0,0.0
9000008823,2025-06-01 16:00,0.655556,6,3,9,53,111,164,44,36,81,0,0,0,29.0,16.98,28.3,45.28,7.55,1.89,0.0,0.0,0.0
9000008823,2025-06-01 17:00,0.750833,4,5,9,84,147,231,67,54,121,0,0,0,32.0,15.38,20.88,43.96,17.58,1.1,1.1,0.0,0.0
9000008823,2025-06-01 18:00,0.784722,5,4,9,75,113,189,80,84,164,0,0,0,33.0,4.65,27.91,45.74,17.05,2.33,0.78,0.78,0.78
9000008823,2025-06-01 19:00,0.787222,3,3,5,62,48,111,70,76,146,0,0,0,31.5,6.96,27.83,46.96,15.65,0.87,0.0,1.74,0.0
9000008823,2025-06-01 20:00,0.793333,5,3,8,44,40,85,50,62,112,0,0,0,33.5,6.74,31.46,33.71,26.97,0.0,0.0,0.0,1.12
9000008823,2025-06-01 21:00,0.123889,16,0,16,24,8,32,48,81,129,0,0,0,34.0,0.0,12.5,62.5,18.75,0.0,0.0,6.25,0.0
9000008823,2025-06-02 04:00,0.034722,0,0,0,0,0,0,0,0,0,0,0,0,,0.0,0.0,0.0,0.0,0.0,0.0,0.0,0.0
9000008823,2025-06-02 05:00,0.666389,1,1,2,2,4,6,10,13,23,0,0,0,35.5,0.0,6.67,60.0,26.67,0.0,0.0,0.0,0.0
9000008823,2025-06-02 06:00,0.7925,1,4,5,28,8,35,19,20,39,0,0,0,33.5,9.68,22.58,41.94,19.35,6.45,0.0,0.0,0.0
9000008823,2025-06-02 07:00,0.794722,5,0,5,97,33,130,85,42,126,0,0,0,32.0,18.0,25.0,37.0,16.0,2.0,2.0,0.0,0.0
9000008823,2025-06-02 08:00,0.761944,4,0,4,149,83,232,93,64,157,0,0,0,28.5,16.67,26.67,46.67,8.33,1.67,0.0,0.0,0.0
9000008823,2025-06-02 09:00,0.776111,3,4,7,117,39,155,141,72,213,0,0,0,29.0,13.33,35.76,40.0,9.09,0.61,0.61,0.61,0.0
9000008823,2025-06-02 10:00,0.769722,5,1,7,74,46,119,93,83,176,0,0,0,29.0,19.26,28.89,41.48,9.63,1.48,0.0,0.0,0.0
9000008823,2025-06-02 11:00,0.770833,9,3,12,52,35,87,110,130,240,0,0,0,31.5,8.11,30.27,43.24,16.76,1.08,0.0,0.0,0.54
9000008823,2025-06-02 12:00,0.767222,5,3,8,49,57,107,98,95,193,0,0,0,31.5,12.16,26.35,43.24,16.22,2.03,0.0,0.0,0.0
9000008823,2025-06-02 13:00,0.760278,7,5,12,53,49,101,68,133,202,0,0,0,33.0,9.15,24.18,41.18,22.88,2.61,0.0,0.65,0.0
9000008823,2025-06-02 14:00,0.771667,3,1,4,69,66,135,116,123,239,0,0,0,33.5,14.13,29.89,32.61,16.3,4.89,0.54,1.63,0.0
9000008823,2025-06-02 15:00,0.719444,7,1,8,92,85,176,93,104,197,0,0,0,29.5,19.01,28.17,39.44,10.56,2.82,0.0,0.0,0.0
9000008823,2025-06-02 16:00,0.644722,2,5,6,110,81,191,107,63,171,0,0,0,25.5,37.27,36.36,20.91,5.45,0.0,0.0,0.0,0.0
9000008823,2025-06-02 17:00,0.670833,7,0,7,119,95,214,85,74,159,0,0,0,26.5,15.09,47.17,26.42,10.38,0.0,0.94,0.0,0.0
9000008823,2025-06-02 18:00,0.665833,6,4,11,96,107,203,69,53,123,0,0,0,27.5,32.93,31.71,25.61,9.76,0.0,0.0,0.0,0.0
9000008823,2025-06-02 19:00,0.704444,12,4,16,101,83,184,72,70,143,0,0,0,24.0,34.0,40.0,20.0,3.0,3.0,0.0,0.0,0.0
9000008823,2025-06-02 20:00,0.793333,10,10,20,78,88,166,63,53,116,0,0,0,31.0,6.52,33.7,42.39,16.3,1.09,0.0,0.0,0.0
9000008823,2025-06-02 21:00,0.266667,5,15,20,61,72,132,54,42,96,0,0,0,36.5,7.69,3.85,57.69,23.08,3.85,0.0,3.85,3.85
9000008823,2025-06-03 04:00,0.040556,0,0,0,0,0,0,0,0,0,0,0,0,,0.0,0.0,0.0,0.0,0.0,0.0,0.0,0.0
9000008823,2025-06-03 05:00,0.512222,0,0,0,8,2,10,13,9,21,0,0,0,30.0,9.09,9.09,63.64,18.18,0.0,0.0,0.0,0.0
9000008823,2025-06-03 06:00,0.658056,1,0,1,30,3,33,38,12,49,0,0,0,29.0,12.5,31.25,43.75,6.25,3.12,0.0,0.0,3.12
9000008823,2025-06-03 07:00,0.594167,0,0,0,28,33,61,82,24,106,0,0,0,11.0,84.13,12.7,1.59,1.59,0.0,0.0,0.0,0.0
9000008823,2025-06-03 08:00,0.499167,0,2,2,116,107,223,59,37,96,0,0,0,21.5,52.08,29.17,18.75,2.08,0.0,0.0,0.0,0.0
9000008823,2025-06-03 09:00,0.582778,7,2,8,136,71,207,101,68,168,0,0,0,28.5,33.67,27.55,27.55,9.18,2.04,0.0,0.0,1.02
9000008823,2025-06-03 10:00,0.665278,2,0,2,75,57,132,93,90,183,0,0,0,30.0,23.77,29.51,31.97,12.3,0.82,0.82,0.82,0.0
9000008823,2025-06-03 11:00,0.658333,1,3,5,59,50,109,97,91,188,0,0,0,30.5,32.26,19.35,33.06,16.13,0.0,0.0,0.0,0.0
9000008823,2025-06-03 12:00,0.7075,3,4,7,30,54,83,40,81,120,0,0,0,36.5,21.18,15.29,37.65,16.47,5.88,1.18,0.0,2.35
9000008823,2025-06-03 13:00,0.694722,1,9,10,57,71,127,54,101,155,0,0,0,32.0,32.41,20.37,28.7,11.11,2.78,1.85,0.93,0.93
9000008823,2025-06-03 14:00,0.694722,4,11,16,46,76,123,63,117,180,0,0,0,31.5,20.8,23.2,36.8,15.2,3.2,0.0,0.8,0.0
9000008823,2025-06-03 15:00,0.619444,5,7,11,101,118,219,63,93,156,0,0,0,29.5,25.0,29.17,32.29,12.5,2.08,0.0,0.0,0.0
9000008823,2025-06-03 16:00,0.607778,3,5,8,58,58,117,43,47,90,0,0,0,29.0,30.91,34.55,23.64,12.73,0.0,0.0,0.0,0.0
9000008823,2025-06-03 17:00,0.576944,12,2,14,141,111,252,58,77,136,0,0,0,24.0,37.18,32.05,26.92,2.56,0.0,0.0,0.0,2.56
9000008823,2025-06-03 18:00,0.742222,4,5,10,137,107,244,94,63,157,0,0,0,24.5,33.33,34.19,28.21,3.42,0.0,0.0,0.0,0.0
9000008823,2025-06-03 19:00,0.773611,9,10,19,107,123,230,50,77,127,0,0,0,27.0,22.45,35.71,35.71,4.08,1.02,0.0,0.0,1.02
9000008823,2025-06-03 20:00,0.793611,8,16,24,62,147,209,43,64,107,0,0,0,29.5,0.0,32.94,55.29,8.24,3.53,0.0,0.0,0.0
9000008823,2025-06-03 21:00,0.070833,0,28,28,42,113,155,85,85,169,0,0,0,28.0,8.33,50.0,33.33,0.0,0.0,0.0,0.0,8.33
9000008823,2025-06-04 05:00,0.554722,0,6,6,5,1,7,9,5,14,0,0,0,27.0,0.0,37.5,62.5,12.5,0.0,0.0,0.0,0.0
9000008823,2025-06-04 06:00,0.802222,2,1,4,22,4,26,25,22,47,0,0,0,31.5,5.26,23.68,52.63,13.16,5.26,0.0,0.0,0.0
9000008823,2025-06-04 07:00,0.791667,6,0,6,83,42,125,91,33,124,0,0,0,28.5,14.29,37.76,38.78,7.14,1.02,0.0,0.0,1.02
9000008823,2025-06-04 08:00,0.690833,0,0,0,142,81,224,64,62,126,0,0,0,29.5,32.18,21.84,32.18,9.2,3.45,1.15,0.0,0.0
9000008823,2025-06-04 09:00,0.721111,0,3,3,155,73,227,123,76,199,0,0,0,28.5,18.88,32.17,37.76,9.09,0.7,1.4,0.0,0.0
9000008823,2025-06-04 10:00,0.718333,7,3,10,63,58,121,102,62,163,0,0,0,27.5,30.77,24.79,35.9,5.98,2.56,0.0,0.0,0.0
9000008823,2025-06-04 11:00,0.715278,1,0,1,49,55,103,64,104,168,0,0,0,28.0,23.33,32.5,33.33,10.0,0.83,0.0,0.0,0.0
9000008823,2025-06-04 12:00,0.777778,5,1,6,72,60,132,81,114,194,0,0,0,31.0,16.56,19.87,47.68,11.92,3.31,1.32,0.0,0.0
9000008823,2025-06-04 13:00,0.776944,6,3,9,42,51,93,112,121,233,0,0,0,30.5,22.1,24.31,37.57,13.26,2.21,0.0,0.0,0.55
9000008823,2025-06-04 14:00,0.770278,5,9,14,67,79,146,118,109,227,0,0,0,29.5,14.29,31.43,41.71,11.43,0.0,0.57,0.57,0.0
9000008823,2025-06-04 15:00,0.728056,7,4,11,92,103,195,91,101,192,0,0,0,29.0,25.0,31.43,30.71,10.0,2.14,0.0,0.71,0.0
9000008823,2025-06-04 16:00,0.733889,12,1,14,112,83,195,103,80,183,0,0,0,29.5,16.42,35.07,35.82,11.94,0.0,0.0,0.0,0.75
9000008823,2025-06-04 17:00,0.741111,8,8,16,82,111,192,92,96,188,0,0,0,29.0,18.71,35.97,33.81,6.47,2.16,1.44,0.72,1.44
9000008823,2025-06-04 18:00,0.7925,10,5,15,87,120,207,102,82,184,0,0,0,32.0,15.75,24.66,41.78,13.7,2.05,0.68,0.68,0.68
9000008823,2025-06-04 19:00,0.786389,9,8,16,88,105,193,71,83,154,0,0,0,31.5,7.44,36.36,38.84,14.88,2.48,0.0,0.0,0.0
9000008823,2025-06-04 20:00,0.786944,11,6,18,62,83,145,61,54,114,0,0,0,29.5,11.11,28.89,46.67,12.22,0.0,0.0,1.11,0.0
9000008823,2025-06-04 21:00,0.136111,7,7,15,29,147,176,37,37,73,0,0,0,31.0,10.0,0.0,70.0,20.0,0.0,0.0,0.0,0.0
9000008823,2025-06-05 05:00,0.621944,4,0,4,5,1,6,11,10,21,0,0,0,31.5,0.0,30.77,53.85,23.08,0.0,0.0,0.0,0.0
9000008823,2025-06-05 06:00,0.733889,3,0,3,23,9,32,19,24,44,0,0,0,32.0,15.62,15.62,46.88,25.0,0.0,0.0,0.0,0.0
9000008823,2025-06-05 07:00,0.758056,8,0,8,61,36,96,66,45,111,0,0,0,30.0,27.38,26.19,32.14,10.71,1.19,2.38,0.0,0.0
9000008823,2025-06-05 08:00,0.725833,1,1,3,152,64,217,118,68,185,0,0,0,28.0,31.11,27.41,32.59,9.63,0.0,0.0,0.0,0.0
9000008823,2025-06-05 09:00,0.696389,3,0,3,136,65,201,129,66,196,0,0,0,29.5,30.88,27.94,27.21,12.5,0.74,0.74,0.0,0.0
9000008823,2025-06-05 10:00,0.749444,1,4,5,76,52,128,121,82,203,0,0,0,29.5,16.45,29.61,40.13,9.21,3.95,0.0,0.0,0.66
9000008823,2025-06-05 11:00,0.733611,3,4,7,38,35,73,89,73,162,0,0,0,30.0,13.45,28.57,42.86,13.45,1.68,0.0,0.0,0.0
9000008823,2025-06-05 12:00,0.720556,4,4,8,43,54,97,69,122,191,0,0,0,30.5,13.04,17.39,54.35,11.59,1.45,0.0,1.45,1.45
9000008823,2025-06-05 13:00,0.753889,1,4,5,62,72,133,78,91,169,0,0,0,28.5,18.75,35.16,35.16,7.81,2.34,0.0,0.78,0.0
9000008823,2025-06-05 14:00,0.729722,3,4,7,65,57,122,137,80,217,0,0,0,29.0,24.05,25.95,36.71,10.13,1.27,0.63,0.63,0.0
9000008823,2025-06-05 15:00,0.696667,7,1,9,76,67,142,115,74,189,0,0,0,29.5,34.85,25.0,25.76,8.33,3.79,2.27,0.0,0.0
9000008823,2025-06-05 16:00,0.694722,7,3,10,79,73,152,121,51,172,0,0,0,23.5,42.02,31.09,25.21,2.52,0.0,0.0,0.0,0.0
9000008823,2025-06-05 17:00,0.668889,5,4,9,111,97,207,67,57,124,0,0,0,26.5,30.12,36.14,26.51,7.23,0.0,0.0,0.0,0.0
9000008823,2025-06-05 18:00,0.776389,10,5,15,105,118,224,81,120,201,0,0,0,29.5,16.03,28.85,41.03,12.18,1.28,0.64,0.0,0.0
9000008823,2025-06-05 19:00,0.782778,10,5,15,100,103,203,67,100,166,0,0,0,29.0,14.62,27.69,46.92,10.0,0.77,0.0,0.0,0.0
9000008823,2025-06-05 20:00,0.481667,0,4,4,63,106,169,65,71,136,0,0,0,32.5,12.12,19.7,43.94,22.73,1.52,0.0,0.0,0.0
9000008823,2025-06-06 05:00,0.696944,0,0,0,5,6,11,32,27,58,0,0,0,39.0,0.0,17.07,53.66,14.63,7.32,2.44,0.0,2.44
9000008823,2025-06-06 06:00,0.788611,5,0,5,22,6,28,30,32,62,0,0,0,37.5,2.04,16.33,42.86,28.57,6.12,2.04,2.04,0.0
9000008823,2025-06-06 07:00,0.800278,11,2,14,49,32,81,63,53,116,0,0,0,33.5,7.53,16.13,49.46,21.51,5.38,0.0,0.0,0.0
9000008823,2025-06-06 08:00,0.752222,17,3,20,95,56,151,109,48,157,0,0,0,31.0,11.86,38.98,30.51,16.1,1.69,0.0,0.0,0.0
9000008823,2025-06-06 09:00,0.696667,3,2,5,78,60,138,70,76,146,0,0,0,31.5,16.67,27.45,38.24,12.75,2.94,0.0,0.0,0.98
9000008823,2025-06-06 10:00,0.7075,6,1,7,50,51,101,68,104,172,4,6,10,32.5,9.02,27.87,39.34,19.67,2.46,0.0,0.0,0.82
9000008823,2025-06-06 11:00,0.703333,0,1,1,56,44,100,67,91,158,16,17,33,33.0,10.81,26.13,41.44,18.02,0.9,2.7,0.0,0.0
9000008823,2025-06-06 12:00,0.723611,4,5,9,57,58,115,98,88,186,24,18,42,32.5,17.78,24.44,39.26,11.11,2.96,2.96,0.74,0.74
9000008823,2025-06-06 13:00,0.721389,1,7,8,69,61,130,91,81,173,21,17,38,29.0,11.29,39.52,37.1,9.68,0.81,0.81,0.81,0.81
9000008823,2025-06-06 14:00,0.701111,10,6,16,58,76,134,106,94,200,11,14,26,34.0,13.57,24.29,40.0,15.0,6.43,0.71,0.0,0.0
9000008823,2025-06-06 15:00,0.648611,9,5,14,102,82,183,74,73,147,11,6,17,30.0,22.11,29.47,32.63,14.74,1.05,0.0,0.0,0.0
9000008823,2025-06-06 16:00,0.4925,2,0,2,54,83,137,57,38,94,20,5,25,19.5,60.87,26.09,6.52,6.52,0.0,0.0,0.0,0.0
9000008823,2025-06-06 17:00,0.511944,4,0,4,120,53,173,67,50,117,11,14,25,22.5,35.0,38.33,26.67,0.0,0.0,0.0,0.0,0.0
9000008823,2025-06-06 18:00,0.6175,3,5,8,114,89,203,79,56,135,37,14,51,24.0,36.14,31.33,28.92,4.82,0.0,0.0,0.0,0.0
9000008823,2025-06-06 19:00,0.694167,4,8,12,71,84,155,41,64,106,33,6,39,26.0,20.55,39.73,31.51,6.85,0.0,0.0,1.37,0.0
9000008823,2025-06-06 20:00,0.801111,12,10,22,59,67,126,61,56,117,11,10,21,32.0,7.45,23.4,50.0,13.83,4.26,1.06,0.0,0.0
9000008823,2025-06-06 21:00,0.159722,4,29,33,12,91,103,55,53,108,8,4,12,31.0,5.88,17.65,58.82,17.65,0.0,0.0,0.0,0.0
9000008823,2025-06-07 04:00,0.065,0,0,0,0,0,0,15,0,15,0,0,0,19.0,0.0,100.0,0.0,0.0,0.0,0.0,0.0,0.0
9000008823,2025-06-07 05:00,0.602778,0,0,0,3,0,3,12,13,25,0,8,8,33.0,0.0,6.67,66.67,20.0,6.67,0.0,0.0,0.0
9000008823,2025-06-07 06:00,0.792778,0,0,0,6,3,9,10,4,14,5,3,8,38.0,0.0,27.27,27.27,36.36,9.09,0.0,0.0,0.0
9000008823,2025-06-07 07:00,0.744444,0,0,0,1,3,4,8,11,19,4,4,8,27.5,35.71,21.43,35.71,7.14,0.0,0.0,0.0,0.0
9000008823,2025-06-07 08:00,0.615278,2,2,3,23,11,34,11,21,33,5,0,5,28.0,35.0,20.0,35.0,5.0,5.0,0.0,0.0,0.0
9000008823,2025-06-07 09:00,0.691944,3,3,5,42,19,60,29,30,59,4,3,7,38.0,9.76,14.63,48.78,17.07,9.76,0.0,0.0,0.0
9000008823,2025-06-07 10:00,0.721944,11,0,11,37,36,73,40,33,73,6,1,7,34.0,9.43,13.21,45.28,22.64,5.66,1.89,0.0,1.89
9000008823,2025-06-07 11:00,0.7175,4,9,13,22,33,55,30,49,80,10,13,23,33.0,14.04,8.77,52.63,22.81,0.0,1.75,0.0,0.0
9000008823,2025-06-07 12:00,0.768611,12,5,17,50,55,105,78,47,126,10,9,20,29.5,14.43,28.87,44.33,10.31,2.06,0.0,0.0,0.0
9000008823,2025-06-07 13:00,0.674722,3,13,16,44,56,100,75,48,123,7,7,15,32.5,16.87,18.07,42.17,19.28,2.41,0.0,1.2,0.0
9000008823,2025-06-07 14:00,0.738611,8,3,11,61,83,144,101,95,196,19,15,33,32.0,13.79,24.83,41.38,17.93,0.69,0.69,0.0,0.69
9000008823,2025-06-07 15:00,0.705278,6,4,10,40,45,85,113,85,198,13,7,20,29.5,16.55,25.18,46.76,8.63,2.16,1.44,0.0,0.0
9000008823,2025-06-07 16:00,0.717222,7,1,8,66,43,108,103,53,155,21,11,31,29.5,12.5,37.5,37.5,13.39,0.0,0.0,0.0,0.0
9000008823,2025-06-07 17:00,0.773056,8,3,11,75,28,102,63,65,128,9,5,14,30.0,21.21,25.25,38.38,12.12,1.01,2.02,0.0,0.0
9000008823,2025-06-07 18:00,0.778611,5,3,8,58,42,100,80,68,147,9,13,22,31.0,4.35,20.87,57.39,13.04,4.35,0.0,0.0,0.0
9000008823,2025-06-07 19:00,0.444444,4,13,18,35,57,92,60,53,113,9,8,17,33.0,4.0,18.0,52.0,22.0,0.0,2.0,0.0,2.0
9000008823,2025-06-07 20:00,0.793056,5,9,14,25,34,59,57,48,105,10,10,20,34.0,2.41,22.89,48.19,19.28,7.23,0.0,0.0,0.0
9000008823,2025-06-07 21:00,0.291667,8,13,21,39,47,85,37,79,115,0,5,5,34.5,5.88,14.71,41.18,41.18,0.0,0.0,0.0,0.0
9000008823,2025-06-08 05:00,0.599722,0,1,1,3,3,6,7,3,9,0,0,0,37.0,0.0,33.33,33.33,50.0,0.0,0.0,0.0,0.0
9000008823,2025-06-08 06:00,0.801389,1,1,2,4,5,9,5,10,15,1,0,1,40.5,8.33,25.0,33.33,16.67,16.67,0.0,0.0,0.0
9000008823,2025-06-08 07:00,0.798889,0,1,1,6,4,10,4,5,9,1,0,1,37.5,0.0,14.29,28.57,57.14,0.0,0.0,0.0,0.0
9000008823,2025-06-08 08:00,0.7825,0,1,1,0,1,1,8,10,18,5,0,5,35.0,7.14,21.43,28.57,35.71,0.0,0.0,0.0,7.14
9000008823,2025-06-08 09:00,0.783611,4,0,4,25,19,45,27,19,46,4,1,5,34.0,13.89,25.0,41.67,13.89,0.0,0.0,2.78,2.78
9000008823,2025-06-08 10:00,0.751667,5,3,8,21,22,43,20,18,38,4,4,8,31.0,27.59,24.14,31.03,13.79,0.0,3.45,0.0,0.0
9000008823,2025-06-08 11:00,0.715,7,1,8,32,20,52,29,30,60,4,6,10,32.5,0.0,27.91,51.16,16.28,2.33,0.0,0.0,2.33
9000008823,2025-06-08 12:00,0.731944,6,1,7,27,49,76,32,45,77,3,22,24,33.5,7.14,26.79,35.71,23.21,7.14,0.0,0.0,0.0
9000008823,2025-06-08 13:00,0.691667,7,6,13,45,41,86,45,46,91,4,10,14,33.0,1.59,17.46,57.14,22.22,1.59,0.0,0.0,0.0
9000008823,2025-06-08 14:00,0.691944,4,4,9,59,39,99,52,32,84,7,0,7,32.0,10.34,24.14,46.55,17.24,1.72,0.0,0.0,0.0
9000008823,2025-06-08 15:00,0.699444,10,3,13,71,41,112,61,50,111,12,6,17,33.0,8.97,25.64,39.74,23.08,2.56,0.0,0.0,0.0
9000008823,2025-06-08 16:00,0.707222,1,3,4,37,55,92,51,32,83,1,3,4,33.5,20.34,28.81,32.2,15.25,3.39,0.0,0.0,0.0
9000008823,2025-06-08 17:00,0.749722,13,4,17,49,49,98,71,50,122,5,3,8,34.5,12.09,26.37,38.46,17.58,3.3,0.0,2.2,1.1
9000008823,2025-06-08 18:00,0.731667,6,4,10,39,49,88,56,42,98,5,7,12,34.0,8.33,20.83,43.06,26.39,1.39,0.0,0.0,0.0
9000008823,2025-06-08 19:00,0.720833,3,1,4,37,58,96,59,47,107,1,11,13,33.5,6.49,22.08,45.45,20.78,5.19,0.0,0.0,0.0
9000008823,2025-06-08 20:00,0.4,16,0,16,49,17,66,43,46,89,7,2,9,34.0,22.22,11.11,47.22,11.11,5.56,2.78,0.0,2.78
9000008823,2025-06-08 21:00,0.161389,0,0,0,12,6,19,43,99,143,6,6,12,34.0,0.0,4.35,60.87,30.43,4.35,0.0,0.0,0.0
9000008823,2025-06-09 05:00,0.501389,0,0,0,2,2,3,3,5,8,0,0,0,48.0,0.0,0.0,50.0,25.0,50.0,0.0,0.0,0.0
9000008823,2025-06-09 06:00,0.788056,0,0,0,1,5,6,7,8,14,0,0,0,42.0,0.0,18.18,18.18,45.45,9.09,0.0,0.0,9.09
9000008823,2025-06-09 07:00,0.779722,1,0,1,1,6,8,11,9,20,1,0,1,32.5,12.5,0.0,62.5,25.0,0.0,0.0,0.0,0.0
9000008823,2025-06-09 08:00,0.743611,1,0,1,12,5,18,13,7,20,1,0,1,33.0,13.33,20.0,40.0,26.67,0.0,0.0,0.0,0.0
9000008823,2025-06-09 09:00,0.720556,1,4,6,40,15,56,10,12,22,1,4,6,34.0,0.0,12.5,62.5,25.0,0.0,0.0,0.0,0.0
9000008823,2025-06-09 10:00,0.775278,6,1,8,21,23,44,19,17,36,1,3,4,34.5,0.0,25.0,35.71,32.14,3.57,0.0,0.0,3.57
9000008823,2025-06-09 11:00,0.753611,1,1,3,33,24,57,38,33,72,7,11,17,31.5,14.81,22.22,42.59,16.67,3.7,0.0,0.0,0.0
9000008823,2025-06-09 12:00,0.729167,1,0,1,28,37,65,19,37,56,5,15,21,35.0,7.32,14.63,46.34,24.39,4.88,2.44,0.0,0.0
9000008823,2025-06-09 13:00,0.726111,8,0,8,51,60,112,15,25,40,7,14,21,30.5,17.24,20.69,44.83,17.24,0.0,0.0,0.0,0.0
9000008823,2025-06-09 14:00,0.696944,4,4,9,85,62,146,22,29,50,4,0,4,35.0,17.14,11.43,42.86,25.71,2.86,0.0,0.0,0.0
9000008823,2025-06-09 15:00,0.633611,0,2,2,66,73,140,33,66,98,2,2,3,31.5,24.19,30.65,27.42,17.74,1.61,0.0,0.0,0.0
9000008823,2025-06-09 16:00,0.625,0,0,0,48,47,95,36,32,68,7,3,10,29.0,14.29,45.24,28.57,11.9,0.0,0.0,0.0,0.0
9000008823,2025-06-09 17:00,0.680278,6,6,12,109,53,162,51,40,92,7,12,19,28.5,20.97,22.58,46.77,8.06,0.0,0.0,0.0,1.61
9000008823,2025-06-09 18:00,0.713333,7,4,11,76,101,177,51,48,98,6,11,17,24.0,12.86,55.71,27.14,2.86,1.43,0.0,0.0,0.0
9000008823,2025-06-09 19:00,0.760278,4,4,8,70,87,157,35,49,84,18,11,29,26.5,26.56,40.62,23.44,4.69,3.12,1.56,0.0,0.0
9000008823,2025-06-09 20:00,0.796389,3,1,4,39,67,106,43,68,111,6,16,23,31.5,11.36,17.05,52.27,17.05,2.27,0.0,0.0,0.0
9000008823,2025-06-09 21:00,0.282222,2,11,14,28,58,87,29,42,71,5,5,10,28.5,10.0,35.0,45.0,10.0,0.0,0.0,0.0,0.0
9000008823,2025-06-10 04:00,0.011389,0,0,0,0,0,0,0,0,0,0,0,0,,0.0,0.0,0.0,0.0,0.0,0.0,0.0,0.0
9000008823,2025-06-10 05:00,0.7325,0,0,0,6,3,9,13,0,13,3,3,5,27.5,0.0,33.33,55.56,11.11,0.0,0.0,0.0,0.0
9000008823,2025-06-10 06:00,0.801111,0,0,0,15,4,19,26,5,31,2,5,7,35.5,0.0,8.0,48.0,36.0,8.0,0.0,0.0,0.0
9000008823,2025-06-10 07:00,0.799167,6,3,9,49,20,68,44,40,83,15,8,23,34.0,3.03,19.7,46.97,30.3,1.52,0.0,0.0,0.0
9000008823,2025-06-10 08:00,0.784722,6,3,9,145,72,218,60,37,97,11,11,23,36.5,3.95,23.68,44.74,17.11,6.58,3.95,0.0,0.0
9000008823,2025-06-10 09:00,0.791111,5,4,9,106,47,153,76,54,130,13,19,31,31.5,5.83,21.36,54.37,14.56,3.88,0.0,0.0,0.0
9000008823,2025-06-10 10:00,0.79,5,4,9,60,52,111,78,53,132,11,22,33,30.0,9.62,30.77,44.23,12.5,1.92,0.96,0.0,0.0
9000008823,2025-06-10 11:00,0.770833,1,1,3,55,38,92,95,58,153,19,20,39,33.0,12.71,18.64,47.46,16.1,3.39,1.69,0.0,0.0
9000008823,2025-06-10 12:00,0.778611,4,1,5,73,41,114,82,81,163,24,31,55,33.0,8.66,14.96,53.54,21.26,1.57,0.0,0.0,0.0
9000008823,2025-06-10 13:00,0.771389,12,6,18,53,52,105,80,124,205,18,26,44,33.0,10.13,20.89,46.2,19.62,1.9,1.27,0.0,0.0
9000008823,2025-06-10 14:00,0.758056,7,7,13,62,57,119,101,105,206,20,25,45,32.5,10.83,21.02,47.13,15.92,2.55,0.64,0.64,0.64
9000008823,2025-06-10 15:00,0.756111,11,9,20,33,39,71,111,102,213,14,16,30,30.0,12.42,34.78,38.51,11.18,2.48,0.0,0.62,0.0
9000008823,2025-06-10 16:00,0.771111,12,4,16,49,49,99,89,91,180,18,30,48,33.0,12.23,27.34,39.57,17.27,0.72,1.44,0.0,1.44
9000008823,2025-06-10 17:00,0.755556,9,17,26,73,77,149,74,79,154,13,11,24,32.5,8.62,29.31,40.52,18.1,2.59,0.86,0.0,0.0
9000008823,2025-06-10 18:00,0.766389,14,9,23,47,72,119,90,66,156,14,9,23,32.0,5.83,20.0,53.33,19.17,0.83,0.0,0.0,0.83
9000008823,2025-06-10 19:00,0.785833,14,10,24,43,59,102,76,61,137,7,6,14,34.5,7.41,26.85,43.52,16.67,4.63,0.93,0.0,0.0
9000008823,2025-06-10 20:00,0.652222,10,13,23,23,41,64,50,56,106,4,8,12,36.5,11.59,24.64,43.48,10.14,10.14,0.0,0.0,0.0
9000008823,2025-06-10 21:00,0.161389,4,8,11,41,56,97,61,15,76,99,0,99,67.0,8.33,16.67,25.0,16.67,25.0,0.0,25.0,0.0
9000008823,2025-06-11 05:00,0.459444,0,0,0,0,0,0,18,4,21,4,0,4,32.5,10.0,0.0,70.0,30.0,0.0,0.0,0.0,0.0
9000008823,2025-06-11 06:00,0.792222,3,0,3,28,1,29,14,10,24,10,10,20,35.5,5.26,15.79,57.89,15.79,5.26,0.0,0.0,0.0
9000008823,2025-06-11 07:00,0.659722,3,2,5,16,28,43,74,45,119,20,8,28,19.5,57.69,28.21,10.26,1.28,0.0,1.28,0.0,1.28
9000008823,2025-06-11 08:00,0.758889,5,1,7,189,67,256,101,49,150,17,23,40,30.5,11.4,35.09,37.72,13.16,1.75,0.88,0.0,0.0
9000008823,2025-06-11 09:00,0.736111,1,3,4,88,54,142,66,57,123,29,9,39,29.5,18.89,35.56,32.22,13.33,1.11,0.0,0.0,0.0
9000008823,2025-06-11 10:00,0.7325,3,0,3,51,40,90,53,44,97,7,6,13,27.0,16.9,39.44,36.62,5.63,1.41,0.0,0.0,0.0
9000008823,2025-06-11 11:00,0.707222,1,0,1,21,47,68,54,70,124,20,23,42,31.5,19.32,22.73,38.64,14.77,3.41,0.0,0.0,0.0
9000008823,2025-06-11 12:00,0.672222,3,1,4,51,56,108,38,83,121,15,29,44,32.0,14.81,25.93,39.51,14.81,1.23,1.23,0.0,1.23
9000008823,2025-06-11 13:00,0.699722,6,7,13,21,58,80,33,40,73,10,10,20,34.5,13.73,11.76,45.1,21.57,5.88,0.0,1.96,0.0
9000008823,2025-06-11 14:00,0.636667,8,6,14,69,104,173,31,80,111,7,2,8,30.0,32.39,14.08,39.44,12.68,1.41,0.0,0.0,0.0
9000008823,2025-06-11 15:00,0.518056,4,0,4,109,121,230,65,70,136,8,15,23,28.0,51.43,22.86,14.29,10.0,2.86,0.0,0.0,0.0
9000008823,2025-06-11 16:00,0.508889,0,0,0,78,83,161,46,25,71,11,9,21,24.0,50.0,19.44,27.78,2.78,0.0,0.0,0.0,0.0
9000008823,2025-06-11 17:00,0.566667,7,2,9,137,80,217,73,61,134,7,8,15,22.5,47.37,32.89,18.42,1.32,0.0,0.0,0.0,0.0
9000008823,2025-06-11 18:00,0.629444,3,2,5,132,163,295,64,64,127,13,6,19,27.0,26.25,31.25,33.75,7.5,1.25,0.0,0.0,0.0
9000008823,2025-06-11 19:00,0.683889,6,6,12,72,134,206,45,37,82,14,4,19,26.5,28.57,28.57,33.93,5.36,0.0,0.0,0.0,0.0
9000008823,2025-06-11 20:00,0.802222,1,4,5,85,77,162,41,35,76,6,7,14,35.0,3.28,19.67,49.18,26.23,1.64,0.0,0.0,0.0
9000008823,2025-06-11 21:00,0.328611,0,0,0,52,145,197,46,43,90,0,0,0,34.5,6.9,31.03,34.48,20.69,3.45,3.45,0.0,0.0
9000008823,2025-06-12 04:00,0.160833,0,0,0,0,0,0,0,0,0,6,0,6,,0.0,0.0,0.0,0.0,0.0,0.0,0.0,0.0
9000008823,2025-06-12 05:00,0.634444,4,0,4,4,2,5,10,8,18,1,3,4,30.5,0.0,16.67,66.67,16.67,0.0,0.0,0.0,0.0
9000008823,2025-06-12 06:00,0.746389,0,1,1,28,3,31,22,16,37,7,4,11,32.0,21.43,28.57,32.14,14.29,3.57,0.0,0.0,0.0
9000008823,2025-06-12 07:00,0.632778,0,0,0,35,32,68,63,31,94,10,2,11,22.0,71.67,8.33,15.0,1.67,1.67,0.0,0.0,0.0
9000008823,2025-06-12 08:00,0.511667,0,2,2,88,63,151,61,41,102,6,6,12,19.0,65.38,21.15,11.54,1.92,0.0,0.0,0.0,0.0
9000008823,2025-06-12 09:00,0.564722,0,0,0,148,76,224,67,39,106,4,5,9,28.0,20.0,25.0,45.0,5.0,1.67,1.67,0.0,1.67
9000008823,2025-06-12 10:00,0.664722,0,3,3,97,52,150,102,66,168,9,14,23,30.5,31.25,23.21,29.46,9.82,2.68,2.68,0.89,0.0
9000008823,2025-06-12 11:00,0.664722,1,4,6,78,66,144,60,84,144,9,6,15,29.0,16.67,27.08,44.79,9.38,1.04,0.0,1.04,0.0
9000008823,2025-06-12 12:00,0.649444,4,0,4,65,105,169,56,99,154,2,8,9,33.0,26.0,17.0,35.0,16.0,5.0,1.0,0.0,0.0
9000008823,2025-06-12 13:00,0.630556,3,3,6,71,60,132,68,76,145,2,8,10,28.5,30.77,24.18,35.16,8.79,0.0,0.0,0.0,1.1
9000008823,2025-06-12 14:00,0.550556,4,4,7,97,112,209,60,65,125,2,0,2,23.0,34.78,40.58,20.29,5.8,0.0,0.0,0.0,0.0
9000008823,2025-06-12 15:00,0.471389,5,0,5,82,100,182,56,36,93,8,4,12,21.0,63.64,18.18,13.64,2.27,0.0,0.0,2.27,0.0
9000008823,2025-06-12 16:00,0.478611,0,2,2,86,72,158,36,54,90,2,2,4,23.0,55.81,18.6,20.93,4.65,0.0,0.0,0.0,0.0
9000008823,2025-06-12 17:00,0.539722,3,0,3,111,90,201,32,48,79,9,2,11,17.0,62.79,32.56,4.65,2.33,0.0,0.0,0.0,0.0
9000008823,2025-06-12 18:00,0.595556,2,2,3,128,118,245,51,56,107,19,3,22,20.5,71.88,12.5,12.5,3.12,0.0,0.0,0.0,0.0
9000008823,2025-06-12 19:00,0.621389,6,4,9,115,119,234,43,31,74,6,6,13,23.5,65.22,13.04,21.74,4.35,0.0,0.0,0.0,0.0
9000008823,2025-06-12 20:00,0.793889,11,11,23,85,122,208,48,50,98,5,2,7,31.5,10.26,20.51,51.28,11.54,3.85,0.0,1.28,1.28
9000008823,2025-06-12 21:00,0.383889,5,13,18,83,114,197,26,50,76,5,13,18,32.0,0.0,13.79,65.52,17.24,3.45,0.0,0.0,0.0
9000008823,2025-06-13 04:00,0.121944,0,0,0,8,0,8,0,0,0,0,0,0,,0.0,0.0,0.0,0.0,0.0,0.0,0.0,0.0
9000008823,2025-06-13 05:00,0.584722,1,0,1,5,5,10,14,7,21,1,3,4,46.0,0.0,0.0,23.08,61.54,15.38,0.0,7.69,0.0
9000008823,2025-06-13 06:00,0.649167,5,4,9,26,7,33,9,13,22,5,6,11,46.0,26.67,13.33,33.33,13.33,20.0,0.0,0.0,0.0
9000008823,2025-06-13 07:00,0.62,0,0,0,16,24,40,79,25,105,8,0,8,19.0,64.62,20.0,12.31,0.0,1.54,0.0,0.0,0.0
9000008823,2025-06-13 08:00,0.484167,2,0,2,74,66,140,64,35,99,2,0,2,22.5,66.67,14.58,14.58,2.08,2.08,0.0,0.0,0.0
9000008823,2025-06-13 09:00,0.538611,6,8,14,102,63,165,39,37,76,11,5,16,29.0,14.63,31.71,41.46,9.76,0.0,0.0,0.0,2.44
9000008823,2025-06-13 10:00,0.645833,2,2,3,64,46,110,62,48,110,6,8,14,31.0,25.35,26.76,30.99,14.08,1.41,1.41,0.0,0.0
9000008823,2025-06-13 11:00,0.634444,2,0,2,85,63,148,46,71,116,5,11,16,29.0,27.03,28.38,32.43,9.46,1.35,1.35,0.0,0.0
9000008823,2025-06-13 12:00,0.616944,3,2,5,106,108,214,79,83,162,2,11,13,32.5,31.0,15.0,33.0,18.0,2.0,0.0,1.0,0.0
9000008823,2025-06-13 13:00,0.622778,3,3,6,83,86,169,83,110,194,10,8,18,30.5,28.1,23.14,33.06,13.22,0.83,1.65,0.0,0.0
9000008823,2025-06-13 14:00,0.569167,5,0,5,90,127,217,72,81,153,9,5,14,29.0,33.33,22.99,34.48,8.05,2.3,0.0,0.0,0.0
9000008823,2025-06-13 15:00,0.453333,5,0,5,144,107,251,35,61,96,7,7,14,24.0,48.84,20.93,25.58,4.65,0.0,0.0,0.0,0.0
9000008823,2025-06-13 16:00,0.491944,0,0,0,55,48,103,41,38,79,6,6,12,24.5,46.15,23.08,25.64,5.13,0.0,0.0,0.0,0.0
9000008823,2025-06-13 17:00,0.583611,0,0,0,119,70,189,44,50,94,14,10,24,22.0,36.36,41.82,14.55,3.64,0.0,0.0,0.0,1.82
9000008823,2025-06-13 18:00,0.699444,0,1,1,126,129,255,70,58,128,13,14,27,24.5,24.44,44.44,23.33,7.78,0.0,0.0,0.0,0.0
9000008823,2025-06-13 19:00,0.648889,10,3,12,77,93,170,62,39,102,13,3,16,25.0,59.09,15.15,16.67,9.09,0.0,0.0,0.0,0.0
9000008823,2025-06-13 20:00,0.790278,8,6,14,101,83,185,42,47,89,11,9,20,30.0,5.71,25.71,52.86,14.29,1.43,0.0,0.0,0.0
9000008823,2025-06-13 21:00,0.303056,6,13,19,59,77,136,43,65,107,0,0,0,35.0,3.03,21.21,45.45,24.24,3.03,0.0,0.0,3.03
9000008823,2025-06-14 04:00,0.121944,0,8,8,0,16,16,0,8,8,0,0,0,49.0,0.0,0.0,0.0,0.0,100.0,0.0,0.0,0.0
9000008823,2025-06-14 05:00,0.275833,0,0,0,4,0,4,11,12,23,4,4,7,36.0,0.0,16.67,66.67,16.67,0.0,0.0,0.0,0.0
9000008823,2025-06-14 06:00,0.775556,0,0,0,3,3,5,12,8,20,3,4,6,29.0,13.33,6.67,73.33,6.67,0.0,0.0,0.0,0.0
9000008823,2025-06-14 07:00,0.615833,0,2,2,2,2,3,16,12,28,2,3,5,19.0,70.59,17.65,0.0,5.88,5.88,0.0,0.0,0.0
9000008823,2025-06-14 08:00,0.498056,0,0,0,26,14,40,16,8,24,4,0,4,23.0,58.33,0.0,41.67,0.0,0.0,0.0,0.0,0.0
9000008823,2025-06-14 09:00,0.5375,0,0,0,64,39,104,27,26,53,4,2,5,33.5,14.29,14.29,46.43,14.29,7.14,3.57,0.0,0.0
9000008823,2025-06-14 10:00,0.645278,5,0,5,45,53,98,56,74,130,3,3,6,31.0,33.33,13.1,36.9,15.48,1.19,0.0,0.0,0.0
9000008823,2025-06-14 11:00,0.650556,2,0,2,55,42,97,54,79,133,3,8,10,35.0,18.39,17.24,34.48,24.14,4.6,0.0,0.0,2.3
9000008823,2025-06-14 12:00,0.638333,2,0,2,61,82,143,91,104,194,2,6,8,29.5,22.58,32.26,31.45,9.68,3.23,0.0,0.81,0.0
9000008823,2025-06-14 13:00,0.623056,5,3,8,104,49,153,105,113,218,3,5,8,31.0,22.79,32.35,26.47,13.24,2.94,0.0,0.74,0.0
9000008823,2025-06-14 14:00,0.584444,5,2,6,110,101,211,80,114,194,9,0,9,26.0,31.86,36.28,25.66,4.42,0.0,0.0,0.88,0.0
9000008823,2025-06-14 15:00,0.483333,4,0,4,112,92,205,64,83,148,8,9,17,26.5,46.48,21.13,22.54,9.86,0.0,0.0,0.0,0.0
9000008823,2025-06-14 16:00,0.496667,0,0,0,86,59,145,56,40,96,8,8,16,19.5,52.08,33.33,8.33,4.17,0.0,0.0,0.0,0.0
9000008823,2025-06-14 17:00,0.590278,2,2,3,90,76,166,59,66,125,5,4,9,26.0,21.62,43.24,32.43,2.7,0.0,0.0,0.0,0.0
9000008823,2025-06-14 18:00,0.668889,3,3,6,74,103,177,85,45,130,15,1,16,26.0,35.63,41.38,16.09,5.75,1.15,0.0,0.0,0.0
9000008823,2025-06-14 19:00,0.654722,3,0,3,79,96,174,71,46,118,20,4,25,23.5,46.75,25.97,23.38,3.9,0.0,0.0,1.3,0.0
9000008823,2025-06-14 20:00,0.789722,8,3,10,90,99,189,55,80,134,22,10,32,32.5,7.55,29.25,41.51,16.98,3.77,0.0,0.94,0.0
9000008823,2025-06-14 21:00,0.355,18,0,18,79,66,145,69,144,213,17,9,26,36.5,1.32,25.0,43.42,22.37,6.58,0.0,0.0,2.63
9000008823,2025-06-15 04:00,0.121667,0,0,0,0,0,0,8,0,8,0,0,0,39.0,0.0,0.0,0.0,100.0,0.0,0.0,0.0,0.0
9000008823,2025-06-15 05:00,0.613333,0,0,0,1,3,4,3,6,9,0,0,0,35.0,0.0,0.0,20.0,80.0,0.0,0.0,0.0,0.0
9000008823,2025-06-15 06:00,0.795278,0,0,0,10,1,11,6,11,18,0,1,1,36.5,0.0,14.29,21.43,64.29,0.0,0.0,0.0,0.0
9000008823,2025-06-15 07:00,0.756944,0,0,0,3,4,6,14,5,20,1,3,4,29.5,20.0,6.67,60.0,13.33,0.0,0.0,0.0,0.0
9000008823,2025-06-15 08:00,0.578056,0,0,0,14,11,25,7,6,13,0,2,2,29.0,42.86,14.29,28.57,14.29,0.0,0.0,0.0,0.0
9000008823,2025-06-15 09:00,0.605,5,2,6,36,21,57,16,11,27,0,0,0,29.5,6.25,18.75,68.75,6.25,0.0,0.0,6.25,0.0
9000008823,2025-06-15 10:00,0.677778,3,2,5,61,26,87,31,50,80,1,0,1,28.0,30.91,30.91,29.09,7.27,1.82,0.0,0.0,0.0
9000008823,2025-06-15 11:00,0.7,4,1,6,56,41,97,40,43,83,0,0,0,29.5,29.31,24.14,32.76,12.07,0.0,0.0,1.72,0.0
9000008823,2025-06-15 12:00,0.678889,6,7,13,83,83,165,50,64,115,1,0,1,31.0,28.21,23.08,30.77,16.67,1.28,0.0,0.0,0.0
9000008823,2025-06-15 13:00,0.677222,3,3,6,92,69,161,52,69,121,3,2,4,30.0,25.61,23.17,36.59,14.63,0.0,0.0,0.0,0.0
9000008823,2025-06-15 14:00,0.743333,5,3,8,103,68,171,54,72,126,11,8,19,29.5,9.57,30.85,45.74,9.57,2.13,0.0,1.06,0.0
9000008823,2025-06-15 15:00,0.693889,4,1,5,121,77,198,56,93,149,9,4,13,32.5,15.53,17.48,42.72,22.33,1.94,0.0,0.0,0.0
9000008823,2025-06-15 16:00,0.643611,3,0,3,48,68,117,49,36,85,2,3,5,30.0,12.73,34.55,38.18,9.09,5.45,0.0,0.0,0.0
9000008823,2025-06-15 17:00,0.7775,13,12,25,83,104,187,84,90,174,6,5,11,35.0,6.67,19.26,45.19,23.7,2.96,1.48,0.74,0.0
9000008823,2025-06-15 18:00,0.754444,8,3,11,89,114,203,83,83,166,11,4,14,33.0,11.11,16.67,46.03,19.84,3.17,1.59,0.0,0.79
9000008823,2025-06-15 19:00,0.763333,12,1,13,71,53,124,79,102,181,9,5,14,33.0,6.52,29.71,41.3,15.22,6.52,0.0,0.0,0.72
9000008823,2025-06-15 20:00,0.793889,4,4,8,54,54,108,54,82,136,1,9,10,33.0,10.19,27.78,40.74,16.67,2.78,1.85,0.0,0.0
9000008823,2025-06-15 21:00,0.219722,3,0,3,39,36,74,36,56,92,0,0,0,34.5,10.0,5.0,35.0,50.0,0.0,0.0,0.0,0.0
9000008823,2025-06-16 05:00,0.2575,0,0,0,0,0,0,19,8,27,4,4,8,34.5,0.0,14.29,57.14,14.29,0.0,0.0,0.0,14.29
9000008823,2025-06-16 06:00,0.783889,1,1,3,25,8,32,15,13,28,6,0,6,33.5,4.55,9.09,54.55,22.73,4.55,0.0,4.55,0.0
9000008823,2025-06-16 07:00,0.775556,13,5,18,76,34,110,51,46,97,13,8,21,32.5,6.67,24.0,48.0,20.0,0.0,0.0,0.0,1.33
9000008823,2025-06-16 08:00,0.765278,5,1,7,155,82,237,108,52,160,14,6,21,27.0,21.31,34.43,38.52,4.1,1.64,0.0,0.0,0.0
9000008823,2025-06-16 09:00,0.732222,7,3,9,88,59,147,79,53,133,22,17,38,31.5,8.25,28.87,43.3,17.53,1.03,1.03,0.0,0.0
9000008823,2025-06-16 10:00,0.78,1,10,11,51,32,83,76,55,131,17,12,28,33.0,2.94,25.49,46.08,23.53,0.98,0.98,0.0,0.0
9000008823,2025-06-16 11:00,0.774167,9,6,15,41,46,88,88,74,162,14,14,28,33.0,4.8,25.6,44.0,21.6,2.4,1.6,0.0,0.0
9000008823,2025-06-16 12:00,0.715833,11,8,19,57,30,86,53,60,113,15,14,30,31.0,9.88,19.75,53.09,14.81,0.0,1.23,1.23,0.0
9000008823,2025-06-16 13:00,0.683611,5,4,9,35,59,95,37,77,114,15,17,32,34.5,8.97,19.23,39.74,25.64,1.28,2.56,1.28,0.0
9000008823,2025-06-16 14:00,0.701111,7,8,16,55,73,128,41,84,125,15,9,24,38.0,10.23,13.64,40.91,23.86,3.41,6.82,0.0,1.14
9000008823,2025-06-16 15:00,0.690278,8,9,17,94,88,182,67,106,173,4,20,25,30.0,18.49,26.05,40.34,13.45,0.84,0.0,0.0,0.84
9000008823,2025-06-16 16:00,0.694444,14,10,24,74,65,139,60,96,157,7,21,28,32.5,23.85,21.1,34.86,18.35,2.75,0.0,0.92,0.0
9000008823,2025-06-16 17:00,0.740556,24,15,39,117,120,238,81,74,154,11,13,24,33.5,13.16,31.58,35.09,13.16,5.26,0.88,0.0,0.0
9000008823,2025-06-16 18:00,0.7,16,7,23,127,117,244,56,78,134,7,1,8,29.0,15.05,30.11,43.01,9.68,0.0,2.15,0.0,0.0
9000008823,2025-06-16 19:00,0.654167,13,15,28,99,85,184,58,46,104,8,10,18,27.5,33.82,29.41,26.47,7.35,2.94,0.0,0.0,0.0
9000008823,2025-06-16 20:00,0.785556,20,18,38,70,92,162,43,51,94,15,6,22,32.5,5.41,24.32,47.3,21.62,1.35,0.0,0.0,0.0
9000008823,2025-06-16 21:00,0.281667,5,19,24,46,86,132,41,55,96,11,3,13,33.0,11.11,33.33,29.63,25.93,0.0,0.0,0.0,0.0
9000008823,2025-06-17 04:00,0.081389,12,0,12,0,0,0,25,0,25,0,0,0,24.0,0.0,0.0,100.0,0.0,0.0,0.0,0.0,0.0
9000008823,2025-06-17 05:00,0.406944,0,0,0,11,7,18,21,4,24,0,2,2,50.5,0.0,20.0,50.0,10.0,0.0,10.0,10.0,0.0
9000008823,2025-06-17 06:00,0.719444,5,1,6,27,9,36,18,15,33,5,6,11,33.0,4.17,12.5,58.33,25.0,0.0,0.0,0.0,0.0
9000008823,2025-06-17 07:00,0.667222,1,1,3,41,34,76,58,35,93,9,5,13,23.0,56.45,25.81,8.06,6.45,1.61,0.0,0.0,1.61
9000008823,2025-06-17 08:00,0.605,0,2,2,124,96,220,70,48,118,13,5,18,28.5,35.21,25.35,32.39,5.63,2.82,0.0,0.0,0.0
9000008823,2025-06-17 09:00,0.607222,2,3,5,144,83,227,60,37,97,12,5,17,26.0,35.59,32.2,25.42,5.08,0.0,0.0,0.0,0.0
9000008823,2025-06-17 10:00,0.661667,12,11,23,91,45,136,79,60,140,8,12,20,27.5,33.7,27.17,34.78,3.26,1.09,0.0,0.0,1.09
9000008823,2025-06-17 11:00,0.659444,5,3,8,85,54,139,52,63,114,14,9,23,30.5,20.0,25.33,38.67,14.67,1.33,0.0,0.0,0.0
9000008823,2025-06-17 12:00,0.644444,6,6,12,76,82,158,59,91,150,3,9,12,29.5,29.17,16.67,41.67,9.38,2.08,1.04,0.0,0.0
9000008823,2025-06-17 13:00,0.662222,14,5,18,104,88,192,97,86,183,8,14,21,27.0,29.75,40.5,20.66,8.26,0.0,0.83,0.0,0.0
9000008823,2025-06-17 14:00,0.607778,16,5,21,93,80,173,84,112,196,10,10,20,27.0,39.5,24.37,26.89,7.56,0.0,0.0,0.84,0.84
9000008823,2025-06-17 15:00,0.509167,2,4,6,150,129,279,60,103,163,6,12,18,26.5,33.73,32.53,26.51,7.23,0.0,0.0,0.0,0.0
9000008823,2025-06-17 16:00,0.521111,0,6,6,133,109,243,73,70,143,8,0,8,25.5,32.0,36.0,29.33,4.0,0.0,0.0,0.0,0.0
9000008823,2025-06-17 17:00,0.586389,7,8,15,147,87,234,49,51,100,3,6,9,21.0,40.68,44.07,11.86,5.08,0.0,0.0,0.0,0.0
9000008823,2025-06-17 18:00,0.728333,22,17,39,151,154,306,64,52,116,15,13,28,28.5,9.41,37.65,43.53,8.24,1.18,0.0,0.0,0.0
9000008823,2025-06-17 19:00,0.672778,12,9,21,109,126,234,56,62,118,8,2,10,25.5,41.77,31.65,16.46,6.33,1.27,2.53,1.27,0.0
9000008823,2025-06-17 20:00,0.783056,14,18,32,83,111,194,57,46,103,16,6,23,32.0,1.23,40.74,39.51,13.58,3.7,0.0,1.23,0.0
9000008823,2025-06-17 21:00,0.3125,10,0,10,50,125,175,28,50,79,5,9,15,35.5,4.0,12.0,52.0,20.0,12.0,0.0,0.0,0.0
9000008823,2025-06-18 04:00,0.040556,0,0,0,0,0,0,0,0,0,0,0,0,,0.0,0.0,0.0,0.0,0.0,0.0,0.0,0.0
9000008823,2025-06-18 05:00,0.67,1,0,1,8,5,14,14,4,18,3,3,6,34.0,0.0,25.0,41.67,41.67,0.0,0.0,0.0,0.0
9000008823,2025-06-18 06:00,0.801944,4,2,6,30,5,35,14,16,30,1,2,4,37.5,8.33,4.17,41.67,37.5,0.0,8.33,0.0,0.0
9000008823,2025-06-18 07:00,0.658889,4,0,4,24,28,52,75,27,102,13,0,13,19.5,62.69,22.39,11.94,1.49,0.0,0.0,0.0,0.0
9000008823,2025-06-18 08:00,0.543056,9,0,9,166,93,259,91,45,136,7,9,16,24.0,50.0,21.62,22.97,5.41,0.0,0.0,0.0,0.0
9000008823,2025-06-18 09:00,0.567222,7,2,9,161,98,258,51,44,95,14,7,21,23.5,37.04,31.48,27.78,3.7,0.0,0.0,0.0,0.0
9000008823,2025-06-18 10:00,0.688056,6,9,14,67,61,129,65,47,112,10,3,13,28.0,29.87,28.57,31.17,5.19,2.6,1.3,1.3,0.0
9000008823,2025-06-18 11:00,0.662222,9,5,14,58,54,112,64,60,124,7,21,29,30.0,17.07,32.93,35.37,10.98,1.22,1.22,0.0,1.22
9000008823,2025-06-18 12:00,0.636111,8,2,9,80,74,154,83,53,137,6,8,14,28.0,40.23,19.54,29.89,6.9,1.15,0.0,0.0,2.3
9000008823,2025-06-18 13:00,0.652778,8,5,12,115,89,204,57,84,141,5,5,9,30.0,29.35,23.91,31.52,13.04,0.0,1.09,0.0,1.09
9000008823,2025-06-18 14:00,0.655,3,9,12,80,103,183,69,77,147,14,8,21,25.0,18.75,42.71,32.29,5.21,1.04,0.0,0.0,0.0
9000008823,2025-06-18 15:00,0.576667,3,4,7,84,99,183,52,72,124,14,10,24,28.0,36.62,28.17,26.76,8.45,0.0,0.0,0.0,0.0
9000008823,2025-06-18 16:00,0.581667,8,0,8,115,90,205,74,41,115,10,11,21,26.5,22.39,38.81,32.84,5.97,0.0,0.0,1.49,0.0
9000008823,2025-06-18 17:00,0.619444,10,14,24,142,97,238,70,51,121,6,9,15,24.5,36.0,36.0,24.0,5.33,0.0,0.0,0.0,0.0
9000008823,2025-06-18 18:00,0.748333,27,12,39,161,131,292,78,56,133,13,12,25,31.0,9.0,45.0,29.0,15.0,0.0,1.0,0.0,1.0
9000008823,2025-06-18 19:00,0.786389,26,26,52,126,178,304,68,68,135,11,6,18,31.0,10.38,26.42,46.23,12.26,2.83,0.94,0.94,0.0
9000008823,2025-06-18 20:00,0.797222,5,16,21,92,98,190,55,65,121,10,10,20,33.0,5.21,30.21,42.71,15.62,4.17,1.04,1.04,0.0
9000008823,2025-06-18 21:00,0.185,14,0,14,36,100,136,18,42,61,7,7,15,37.5,18.18,9.09,45.45,27.27,9.09,0.0,0.0,0.0
9000008823,2025-06-19 04:00,0.104167,0,0,0,0,0,0,10,0,10,0,0,0,19.0,0.0,100.0,0.0,0.0,0.0,0.0,0.0,0.0
9000008823,2025-06-19 05:00,0.459444,3,2,6,18,5,23,24,8,31,0,0,0,37.5,0.0,14.29,57.14,14.29,0.0,7.14,0.0,0.0
9000008823,2025-06-19 06:00,0.515833,8,0,8,21,3,24,27,12,39,7,3,10,34.5,10.0,35.0,30.0,25.0,0.0,0.0,0.0,0.0
9000008823,2025-06-19 07:00,0.605833,6,2,8,23,27,51,69,22,91,12,7,19,18.0,72.73,14.55,10.91,0.0,0.0,0.0,0.0,0.0
9000008823,2025-06-19 08:00,0.451111,11,2,13,85,87,172,72,27,98,14,4,18,13.0,77.27,18.18,2.27,0.0,0.0,0.0,0.0,2.27
9000008823,2025-06-19 09:00,0.545556,0,17,17,104,86,190,56,28,84,2,5,7,30.5,21.74,23.91,36.96,10.87,6.52,0.0,0.0,0.0
9000008823,2025-06-19 10:00,0.614722,5,15,20,55,57,112,54,76,130,10,12,22,32.0,23.75,17.5,40.0,12.5,5.0,1.25,0.0,0.0
9000008823,2025-06-19 11:00,0.660278,0,1,1,32,77,109,33,82,115,8,13,21,33.5,15.79,18.42,40.79,19.74,1.32,2.63,0.0,0.0
9000008823,2025-06-19 12:00,0.675278,1,9,10,48,59,107,52,75,127,9,22,30,31.5,18.6,22.09,41.86,11.63,2.33,1.16,0.0,2.33
9000008823,2025-06-19 13:00,0.674167,6,6,12,43,44,87,20,62,82,3,18,21,30.0,16.36,21.82,45.45,7.27,3.64,1.82,0.0,1.82
9000008823,2025-06-19 14:00,0.632778,6,12,19,65,83,148,56,73,129,13,9,22,27.5,20.99,33.33,40.74,3.7,0.0,0.0,0.0,1.23
9000008823,2025-06-19 15:00,0.506944,7,2,8,119,135,254,69,110,180,10,10,20,26.0,35.16,39.56,18.68,2.2,3.3,0.0,0.0,1.1
9000008823,2025-06-19 16:00,0.520278,2,10,11,67,107,174,57,21,79,13,6,20,23.0,43.9,31.71,17.07,7.32,0.0,0.0,0.0,0.0
9000008823,2025-06-19 17:00,0.472222,10,0,10,131,103,234,43,65,108,0,5,5,21.5,50.98,29.41,17.65,0.0,1.96,0.0,0.0,0.0
9000008823,2025-06-19 18:00,0.576944,15,12,27,91,125,216,67,68,135,11,5,16,26.5,38.46,32.05,23.08,3.85,2.56,0.0,0.0,0.0
9000008823,2025-06-19 19:00,0.607222,18,18,36,111,105,216,54,52,105,5,3,8,24.0,53.12,25.0,20.31,3.12,0.0,0.0,0.0,0.0
9000008823,2025-06-19 20:00,0.780556,27,17,44,109,134,243,56,60,117,10,10,21,29.0,9.89,32.97,46.15,5.49,1.1,2.2,1.1,1.1
9000008823,2025-06-19 21:00,0.276389,3,23,25,57,123,180,56,54,111,3,15,18,34.0,0.0,22.58,51.61,22.58,0.0,0.0,0.0,6.45
9000008823,2025-06-20 04:00,0.040278,0,0,0,0,0,0,0,0,0,0,0,0,,0.0,0.0,0.0,0.0,0.0,0.0,0.0,0.0
9000008823,2025-06-20 05:00,0.243611,3,0,3,10,0,10,26,0,26,3,0,3,33.5,0.0,33.33,50.0,16.67,16.67,0.0,0.0,0.0
9000008823,2025-06-20 06:00,0.717222,12,3,15,29,5,34,17,13,30,5,4,10,30.5,13.64,22.73,45.45,13.64,4.55,0.0,0.0,0.0
9000008823,2025-06-20 07:00,0.624722,3,2,5,24,39,62,61,27,87,7,4,11,16.0,78.18,9.09,5.45,5.45,0.0,0.0,0.0,0.0
9000008823,2025-06-20 08:00,0.511111,0,0,0,83,80,163,31,59,90,6,6,12,24.0,52.17,17.39,26.09,4.35,0.0,0.0,0.0,0.0
9000008823,2025-06-20 09:00,0.619722,11,5,16,105,86,191,36,41,77,5,2,7,30.5,22.92,25.0,33.33,12.5,0.0,0.0,0.0,4.17
9000008823,2025-06-20 10:00,0.674167,7,6,13,61,50,111,55,73,127,7,7,15,32.5,11.63,31.4,33.72,19.77,1.16,1.16,0.0,1.16
9000008823,2025-06-20 11:00,0.653056,3,6,9,83,66,149,49,74,123,3,6,9,35.0,22.5,23.75,28.75,18.75,6.25,0.0,0.0,0.0
9000008823,2025-06-20 12:00,0.629722,11,8,19,76,89,165,68,116,184,8,16,24,33.0,25.86,20.69,31.9,17.24,1.72,1.72,0.86,0.0
9000008823,2025-06-20 13:00,0.603333,12,5,17,102,80,182,106,78,184,2,10,12,27.5,38.74,26.13,24.32,7.21,0.9,0.9,0.9,0.9
9000008823,2025-06-20 14:00,0.556944,16,13,28,98,99,197,58,95,153,7,2,9,29.5,37.65,28.24,20.0,9.41,3.53,0.0,1.18,0.0
9000008823,2025-06-20 15:00,0.457778,5,4,9,152,114,266,56,74,130,2,11,13,24.5,47.46,10.17,37.29,3.39,0.0,1.69,0.0,0.0
9000008823,2025-06-20 16:00,0.481944,0,2,2,51,66,118,59,50,109,8,2,10,17.5,64.15,28.3,5.66,1.89,0.0,0.0,0.0,0.0
9000008823,2025-06-20 17:00,0.529722,19,9,28,111,63,173,26,79,106,10,4,14,23.5,39.29,37.5,21.43,3.57,0.0,0.0,0.0,0.0
9000008823,2025-06-20 18:00,0.59,12,13,25,128,106,234,63,21,84,5,3,8,17.5,69.39,20.41,10.2,0.0,0.0,0.0,0.0,0.0
9000008823,2025-06-20 19:00,0.628333,22,20,41,97,94,191,42,45,87,13,3,15,27.5,45.45,20.0,23.64,9.09,0.0,0.0,1.82,0.0
9000008823,2025-06-20 20:00,0.783889,35,22,56,99,105,203,65,56,121,8,9,17,32.5,7.37,26.32,43.16,18.95,3.16,0.0,1.05,0.0
9000008823,2025-06-20 21:00,0.355,17,11,28,57,77,133,39,61,99,4,0,4,34.0,2.86,20.0,42.86,28.57,0.0,0.0,2.86,0.0
9000008823,2025-06-21 04:00,0.081111,0,0,0,0,25,25,12,0,12,0,0,0,24.0,0.0,0.0,100.0,0.0,0.0,0.0,0.0,0.0
9000008823,2025-06-21 05:00,0.525,2,0,2,2,3,5,10,13,23,0,0,0,32.5,0.0,25.0,50.0,16.67,0.0,0.0,8.33,0.0
9000008823,2025-06-21 06:00,0.723056,3,2,5,9,0,9,10,11,21,4,0,4,35.0,0.0,20.0,40.0,26.67,13.33,0.0,0.0,0.0
9000008823,2025-06-21 07:00,0.624167,2,1,3,6,3,10,13,5,18,1,0,1,8.0,90.91,0.0,0.0,9.09,0.0,0.0,0.0,0.0
9000008823,2025-06-21 08:00,0.515556,0,2,2,17,10,27,14,13,27,2,0,2,29.5,42.86,28.57,14.29,7.14,7.14,0.0,0.0,0.0
9000008823,2025-06-21 09:00,0.568611,5,7,12,75,38,113,30,23,53,6,4,9,34.0,13.33,23.33,43.33,10.0,6.67,0.0,0.0,3.33
9000008823,2025-06-21 10:00,0.698889,8,6,14,87,58,146,64,29,93,9,6,14,30.5,35.38,16.92,32.31,10.77,3.08,1.54,0.0,0.0
9000008823,2025-06-21 11:00,0.669444,10,9,20,81,65,146,55,45,101,2,3,4,32.0,25.37,23.88,31.34,14.93,4.48,0.0,0.0,0.0
9000008823,2025-06-21 12:00,0.669722,6,15,21,90,70,160,73,83,157,1,3,4,31.5,30.48,16.19,34.29,16.19,1.9,0.0,0.95,0.0
9000008823,2025-06-21 13:00,0.644722,9,8,17,66,61,126,118,93,211,8,5,12,30.5,35.29,23.53,25.74,11.03,0.0,0.74,0.0,3.68
9000008823,2025-06-21 14:00,0.579444,7,7,14,88,76,164,67,65,132,2,5,7,26.0,37.66,32.47,22.08,6.49,0.0,0.0,1.3,0.0
9000008823,2025-06-21 15:00,0.486944,6,4,10,138,109,247,54,57,111,4,0,4,25.5,44.44,25.93,25.93,3.7,0.0,0.0,0.0,0.0
9000008823,2025-06-21 16:00,0.501111,0,2,2,68,102,170,72,52,124,6,2,8,20.5,48.39,35.48,16.13,0.0,0.0,0.0,0.0,0.0
9000008823,2025-06-21 17:00,0.540278,5,0,5,98,89,186,48,42,90,6,4,9,25.0,28.57,36.73,32.65,2.04,0.0,0.0,0.0,0.0
9000008823,2025-06-21 18:00,0.631389,2,5,6,120,108,228,76,65,141,13,5,18,23.5,35.96,28.09,33.71,2.25,0.0,0.0,0.0,0.0
9000008823,2025-06-21 19:00,0.678056,9,3,12,99,102,201,74,46,120,22,9,32,23.0,41.98,35.8,16.05,3.7,1.23,0.0,1.23,0.0
9000008823,2025-06-21 20:00,0.777222,17,19,36,98,124,221,72,76,148,3,8,10,32.0,6.96,19.13,53.91,18.26,1.74,0.0,0.0,0.0
9000008823,2025-06-21 21:00,0.388889,8,13,21,85,64,149,44,90,134,8,8,15,34.0,1.92,19.23,57.69,11.54,5.77,3.85,0.0,0.0
9000008823,2025-06-22 04:00,0.17,0,0,0,0,0,0,6,12,18,0,0,0,52.5,0.0,0.0,0.0,66.67,0.0,33.33,0.0,0.0
9000008823,2025-06-22 05:00,0.668889,1,0,1,5,0,5,10,12,22,0,0,0,34.0,0.0,20.0,13.33,66.67,0.0,0.0,0.0,0.0
9000008823,2025-06-22 06:00,0.726389,5,4,10,5,5,10,3,3,5,1,0,1,28.5,25.0,25.0,50.0,0.0,0.0,0.0,0.0,0.0
9000008823,2025-06-22 07:00,0.6175,0,0,0,6,2,8,19,27,46,3,0,3,35.0,46.43,14.29,14.29,10.71,3.57,3.57,0.0,7.14
9000008823,2025-06-22 08:00,0.536389,0,0,0,17,15,32,15,9,24,0,0,0,25.0,61.54,15.38,23.08,0.0,0.0,0.0,0.0,0.0
9000008823,2025-06-22 09:00,0.624444,8,0,8,61,24,84,22,25,47,0,3,3,32.5,6.9,37.93,34.48,24.14,0.0,0.0,0.0,0.0
9000008823,2025-06-22 10:00,0.671944,7,3,10,48,34,82,46,37,83,2,1,3,29.0,14.29,33.93,41.07,10.71,0.0,0.0,0.0,0.0
9000008823,2025-06-22 11:00,0.653333,3,6,9,61,35,96,54,46,99,2,2,3,29.5,30.77,32.31,23.08,9.23,3.08,1.54,0.0,0.0
9000008823,2025-06-22 12:00,0.659167,5,12,16,70,59,129,45,47,93,0,0,0,37.0,34.43,14.75,24.59,16.39,3.28,3.28,3.28,0.0
9000008823,2025-06-22 13:00,0.645556,5,11,15,78,51,129,54,45,99,0,5,5,35.5,26.56,9.38,43.75,12.5,6.25,0.0,0.0,1.56
9000008823,2025-06-22 14:00,0.614167,11,6,18,84,99,183,39,40,79,0,2,2,32.0,28.57,28.57,22.45,16.33,2.04,0.0,2.04,0.0
9000008823,2025-06-22 15:00,0.471111,0,4,4,104,68,172,39,25,64,0,0,0,28.0,50.0,13.33,26.67,6.67,0.0,0.0,3.33,0.0
9000008823,2025-06-22 16:00,0.574167,2,7,9,67,100,168,40,40,80,0,2,2,28.0,34.78,28.26,28.26,8.7,0.0,0.0,0.0,0.0
9000008823,2025-06-22 17:00,0.636667,7,1,9,91,84,175,55,40,94,5,2,7,29.0,30.0,16.67,41.67,6.67,5.0,0.0,0.0,0.0
9000008823,2025-06-22 18:00,0.768333,5,7,12,102,109,211,56,35,91,9,8,17,32.0,5.71,34.29,41.43,12.86,2.86,0.0,1.43,1.43
9000008823,2025-06-22 19:00,0.796389,1,10,11,93,97,190,62,49,111,10,5,15,31.0,6.82,15.91,60.23,14.77,1.14,1.14,0.0,0.0
9000008823,2025-06-22 20:00,0.787778,15,10,25,74,86,160,67,62,129,14,3,17,33.5,3.92,28.43,43.14,20.59,1.96,1.96,0.0,0.0
9000008823,2025-06-22 21:00,0.349167,12,11,23,77,102,180,53,89,143,3,11,13,32.0,4.0,18.0,60.0,12.0,2.0,0.0,2.0,2.0
9000008823,2025-06-23 05:00,0.337222,2,0,2,0,3,3,7,2,9,0,0,0,62.5,0.0,0.0,66.67,0.0,0.0,33.33,33.33,0.0
9000008823,2025-06-23 06:00,0.779722,5,3,8,19,3,22,23,17,40,7,1,8,36.5,16.13,6.45,48.39,25.81,3.23,0.0,0.0,0.0
9000008823,2025-06-23 07:00,0.608056,0,0,0,14,19,33,56,44,100,10,4,13,20.0,72.13,11.48,9.84,1.64,1.64,0.0,0.0,1.64
9000008823,2025-06-23 08:00,0.512222,2,0,2,81,88,169,65,43,108,12,0,12,23.0,50.0,28.57,16.07,1.79,1.79,0.0,0.0,0.0
9000008823,2025-06-23 09:00,0.606667,5,0,5,95,77,172,77,38,115,19,17,36,28.0,30.0,40.0,21.43,7.14,2.86,0.0,0.0,0.0
9000008823,2025-06-23 10:00,0.676667,0,0,0,61,57,118,40,55,95,12,7,19,33.5,20.31,17.19,37.5,18.75,3.12,0.0,0.0,3.12
9000008823,2025-06-23 11:00,0.718333,5,5,11,45,44,89,57,79,136,8,14,22,34.0,9.28,16.49,47.42,21.65,4.12,1.03,1.03,0.0
9000008823,2025-06-23 12:00,0.758056,12,9,21,74,70,143,82,66,148,12,21,33,32.0,11.61,27.68,40.18,17.86,0.89,0.0,0.89,0.89
9000008823,2025-06-23 13:00,0.71,3,10,13,54,80,134,71,69,140,14,11,25,32.0,8.0,28.0,45.0,12.0,3.0,3.0,0.0,1.0
9000008823,2025-06-23 14:00,0.713611,6,4,10,69,63,132,50,90,140,8,14,22,32.0,12.0,22.0,46.0,16.0,3.0,1.0,0.0,0.0
9000008823,2025-06-23 15:00,0.689722,10,16,26,100,100,200,59,123,182,4,18,22,34.0,19.84,19.84,36.51,20.63,3.17,0.0,0.0,0.0
9000008823,2025-06-23 16:00,0.560278,0,3,3,82,90,172,90,76,167,15,11,26,26.5,38.3,32.98,20.21,8.51,0.0,0.0,0.0,0.0
9000008823,2025-06-23 17:00,0.719167,12,7,19,64,84,149,63,62,125,13,13,26,31.0,8.89,25.56,48.89,13.33,2.22,0.0,0.0,1.11
9000008823,2025-06-23 18:00,0.670556,4,13,17,61,92,152,81,82,164,9,10,19,29.0,20.0,28.18,40.0,8.18,1.82,0.91,0.91,0.0
9000008823,2025-06-23 19:00,0.586389,6,8,14,74,74,148,41,40,81,13,6,19,23.5,41.67,33.33,18.75,4.17,2.08,0.0,0.0,0.0
9000008823,2025-06-23 20:00,0.791389,23,14,37,72,77,149,33,63,96,10,4,14,32.0,11.84,18.42,50.0,17.11,0.0,0.0,1.32,1.32
9000008823,2025-06-23 21:00,0.378611,10,13,23,57,82,139,62,43,105,3,3,5,36.5,0.0,32.5,42.5,17.5,2.5,2.5,0.0,2.5
9000008823,2025-06-24 04:00,0.115,0,0,0,0,0,0,0,0,0,0,9,9,,0.0,0.0,0.0,0.0,0.0,0.0,0.0,0.0
9000008823,2025-06-24 05:00,0.797222,4,2,6,10,5,15,13,10,22,3,0,3,33.0,0.0,16.67,44.44,38.89,0.0,0.0,0.0,0.0
9000008823,2025-06-24 06:00,0.794167,11,3,14,30,8,38,19,20,39,9,5,14,34.5,3.23,12.9,51.61,25.81,3.23,3.23,0.0,0.0
9000008823,2025-06-24 07:00,0.795,11,2,14,104,46,150,63,29,92,18,10,28,32.5,6.85,21.92,47.95,21.92,0.0,0.0,1.37,0.0
9000008823,2025-06-24 08:00,0.788333,27,4,31,176,90,266,75,54,129,15,11,27,33.5,10.78,18.63,45.1,22.55,0.0,0.98,0.98,0.98
9000008823,2025-06-24 09:00,0.683611,7,1,9,124,67,191,67,63,130,6,13,19,31.5,25.84,23.6,32.58,16.85,1.12,0.0,0.0,0.0
9000008823,2025-06-24 10:00,0.745,9,3,12,66,34,99,74,69,142,23,15,38,33.0,11.32,22.64,41.51,18.87,4.72,0.0,0.94,0.0
9000008823,2025-06-24 11:00,0.725,7,3,10,47,44,92,58,73,131,9,11,21,30.5,18.95,20.0,44.21,14.74,1.05,1.05,0.0,0.0
9000008823,2025-06-24 12:00,0.706944,4,8,13,69,47,116,63,77,139,13,17,30,34.0,13.27,22.45,37.76,23.47,1.02,1.02,0.0,1.02
9000008823,2025-06-24 13:00,0.781944,20,23,43,52,42,95,96,100,196,19,25,45,30.0,11.76,22.88,50.98,13.73,0.65,0.0,0.0,0.0
9000008823,2025-06-24 14:00,0.775278,27,23,51,56,62,118,96,102,198,22,23,45,29.5,11.69,24.03,51.3,9.09,2.6,0.65,0.0,0.0
9000008823,2025-06-24 15:00,0.773333,14,18,32,83,84,167,103,111,215,18,30,48,35.5,6.02,23.49,44.58,17.47,6.02,2.41,0.0,0.0
9000008823,2025-06-24 16:00,0.549722,2,6,8,70,116,186,50,59,109,6,10,15,27.0,36.67,28.33,25.0,6.67,1.67,0.0,0.0,0.0
9000008823,2025-06-24 17:00,0.663056,8,8,17,133,85,219,66,75,141,12,12,24,30.0,17.02,24.47,43.62,12.77,2.13,0.0,0.0,0.0
9000008823,2025-06-24 18:00,0.755833,13,13,26,102,146,248,70,71,141,5,11,16,29.5,5.61,36.45,44.86,10.28,2.8,0.0,0.0,0.0
9000008823,2025-06-24 19:00,0.785,15,9,24,74,90,164,60,74,134,12,9,20,36.0,3.81,20.0,42.86,24.76,8.57,0.0,0.0,0.0
9000008823,2025-06-24 20:00,0.780278,5,5,10,44,61,105,61,57,118,4,3,6,28.5,17.39,22.83,50.0,8.7,1.09,0.0,0.0,0.0
9000008823,2025-06-24 21:00,0.214167,0,6,6,42,65,107,46,52,98,0,0,0,30.0,0.0,33.33,52.38,14.29,0.0,4.76,0.0,0.0
9000008823,2025-06-25 05:00,0.141667,4,0,4,0,0,0,4,0,4,0,4,4,34.0,0.0,0.0,0.0,100.0,0.0,0.0,0.0,0.0
9000008823,2025-06-25 06:00,0.466389,6,0,6,8,3,11,24,21,46,0,4,4,33.5,4.76,9.52,52.38,33.33,0.0,0.0,0.0,0.0
9000008823,2025-06-25 07:00,0.518056,7,4,11,31,21,52,61,50,111,9,6,16,30.5,5.26,19.3,59.65,14.04,1.75,0.0,0.0,0.0
9000008823,2025-06-25 08:00,0.78,30,5,35,99,44,143,83,63,146,17,8,25,33.5,7.02,18.42,51.75,16.67,4.39,0.0,1.75,0.0
9000008823,2025-06-25 09:00,0.757222,15,9,24,64,36,100,84,61,145,21,13,34,31.0,8.18,26.36,48.18,12.73,2.73,0.91,0.0,0.91
9000008823,2025-06-25 10:00,0.741667,12,5,18,28,28,56,55,38,93,28,13,41,32.0,13.04,20.29,49.28,11.59,2.9,1.45,1.45,0.0
9000008823,2025-06-25 11:00,0.709722,6,6,11,36,43,80,65,71,136,14,28,42,37.0,19.59,13.4,35.05,19.59,5.15,1.03,1.03,5.15
9000008823,2025-06-25 12:00,0.658611,5,8,12,41,62,103,54,91,145,6,39,45,36.0,22.11,17.89,34.74,17.89,5.26,1.05,0.0,1.05
9000008823,2025-06-25 13:00,0.643333,6,10,16,45,62,108,58,81,139,15,19,34,33.5,14.61,24.72,34.83,17.98,5.62,1.12,0.0,0.0
9000008823,2025-06-25 14:00,0.704167,15,8,24,82,77,159,66,82,148,14,14,29,30.0,10.48,33.33,41.9,12.38,0.95,0.95,0.0,0.0
9000008823,2025-06-25 15:00,0.666944,9,3,12,78,91,169,85,87,172,13,13,26,29.5,14.78,29.57,41.74,7.83,5.22,1.74,0.0,0.0
9000008823,2025-06-25 16:00,0.489444,6,4,10,111,100,211,52,46,98,4,11,15,32.5,33.33,20.83,25.0,18.75,2.08,0.0,0.0,0.0
9000008823,2025-06-25 17:00,0.572778,9,4,12,82,38,121,61,65,126,14,9,23,25.5,38.89,29.17,22.22,9.72,0.0,0.0,0.0,0.0
9000008823,2025-06-25 18:00,0.626111,19,6,25,97,142,239,68,67,136,7,13,19,28.5,24.71,36.47,27.06,10.59,0.0,0.0,0.0,1.18
9000008823,2025-06-25 19:00,0.668056,8,5,14,70,105,176,31,47,78,13,3,16,27.5,36.54,19.23,34.62,5.77,1.92,0.0,0.0,0.0
9000008823,2025-06-25 20:00,0.786111,24,22,46,83,75,158,57,60,117,11,4,15,30.0,2.17,26.09,56.52,14.13,1.09,0.0,0.0,0.0
9000008823,2025-06-25 21:00,0.342778,8,10,18,74,39,113,63,70,133,10,0,10,32.5,2.17,8.7,65.22,21.74,2.17,0.0,0.0,0.0
9000008823,2025-06-26 04:00,0.121944,0,0,0,0,0,0,0,8,8,0,0,0,24.0,0.0,0.0,100.0,0.0,0.0,0.0,0.0,0.0
9000008823,2025-06-26 05:00,0.3125,7,0,7,2,0,2,5,10,15,4,0,4,29.0,0.0,0.0,100.0,0.0,0.0,0.0,0.0,0.0
9000008823,2025-06-26 06:00,0.761944,4,0,4,20,12,32,17,14,31,5,5,10,33.5,0.0,25.0,45.83,29.17,0.0,0.0,0.0,0.0
9000008823,2025-06-26 07:00,0.635278,0,0,0,15,29,44,83,30,113,3,0,3,18.5,73.61,12.5,11.11,0.0,1.39,0.0,0.0,1.39
9000008823,2025-06-26 08:00,0.577778,2,2,4,106,94,200,64,49,112,2,3,5,26.5,47.69,21.54,26.15,3.08,1.54,0.0,0.0,1.54
9000008823,2025-06-26 09:00,0.673333,6,0,6,136,62,198,67,49,115,8,4,12,30.0,17.95,35.9,30.77,10.26,2.56,0.0,0.0,2.56
9000008823,2025-06-26 10:00,0.755278,0,1,1,61,58,119,48,74,122,8,5,13,33.5,6.52,28.26,41.3,20.65,1.09,0.0,1.09,1.09
9000008823,2025-06-26 11:00,0.741944,8,3,11,51,56,107,45,77,122,9,4,14,31.5,10.99,12.09,59.34,10.99,3.3,0.0,1.1,2.2
9000008823,2025-06-26 12:00,0.705833,3,9,11,63,62,125,27,77,103,22,22,44,34.0,9.59,17.81,46.58,21.92,4.11,0.0,0.0,0.0
9000008823,2025-06-26 13:00,0.727778,1,5,7,41,77,118,32,57,89,10,6,15,34.5,4.62,16.92,50.77,20.0,3.08,1.54,0.0,1.54
9000008823,2025-06-26 14:00,0.613333,10,3,14,93,106,199,56,87,143,10,5,15,31.5,39.77,20.45,20.45,17.05,1.14,1.14,0.0,0.0
9000008823,2025-06-26 15:00,0.493889,2,4,6,126,110,236,69,69,139,12,6,19,25.5,39.13,28.99,26.09,4.35,0.0,0.0,0.0,0.0
9000008823,2025-06-26 16:00,0.535556,8,9,17,51,70,121,53,49,102,19,13,32,25.5,30.91,36.36,21.82,7.27,3.64,0.0,0.0,0.0
9000008823,2025-06-26 17:00,0.651389,13,12,25,104,104,208,78,51,129,6,6,12,32.0,25.0,33.33,26.19,10.71,4.76,1.19,0.0,0.0
9000008823,2025-06-26 18:00,0.688056,1,20,22,59,96,155,62,60,122,13,3,16,33.0,16.67,19.05,44.05,16.67,2.38,0.0,1.19,1.19
9000008823,2025-06-26 19:00,0.685556,7,11,18,84,75,159,45,66,110,12,7,19,29.5,18.42,34.21,32.89,14.47,0.0,0.0,0.0,0.0
9000008823,2025-06-26 20:00,0.797222,16,13,29,63,67,130,36,45,82,5,5,10,33.0,7.69,18.46,47.69,24.62,0.0,0.0,1.54,0.0
9000008823,2025-06-26 21:00,0.307778,8,4,12,59,39,98,34,36,70,8,5,13,32.5,4.55,31.82,40.91,18.18,0.0,0.0,4.55,0.0
9000008823,2025-06-27 05:00,0.471389,1,2,3,2,1,3,8,6,14,3,0,3,56.0,0.0,42.86,28.57,0.0,0.0,28.57,0.0,0.0
9000008823,2025-06-27 06:00,0.702222,4,5,8,22,4,26,18,14,31,10,7,18,34.0,0.0,13.64,50.0,36.36,0.0,4.55,0.0,0.0
9000008823,2025-06-27 07:00,0.733889,11,4,15,60,33,93,48,31,79,15,11,26,32.0,5.17,29.31,44.83,17.24,3.45,0.0,0.0,0.0
9000008823,2025-06-27 08:00,0.742778,11,1,12,89,85,174,70,36,107,12,5,17,32.0,6.33,27.85,46.84,13.92,3.8,1.27,0.0,0.0
9000008823,2025-06-27 09:00,0.645833,9,0,9,75,48,123,38,48,86,5,5,10,30.5,30.36,23.21,30.36,8.93,5.36,0.0,1.79,0.0
9000008823,2025-06-27 10:00,0.762778,17,5,22,66,58,123,55,59,114,9,12,21,33.5,11.49,31.03,33.33,18.39,5.75,0.0,0.0,0.0
9000008823,2025-06-27 11:00,0.741667,6,4,9,81,53,133,108,61,168,45,5,50,43.5,13.6,16.8,41.6,9.6,8.0,3.2,1.6,5.6
9000008823,2025-06-27 12:00,0.751111,22,4,26,54,50,103,99,69,167,30,22,52,30.0,14.29,30.16,39.68,11.9,3.17,0.0,0.0,0.0
9000008823,2025-06-27 13:00,0.746389,19,25,44,38,56,93,98,115,213,25,18,44,32.5,4.4,30.19,45.28,15.72,4.4,0.63,0.0,0.0
9000008823,2025-06-27 14:00,0.678056,13,6,18,57,65,122,65,93,158,13,10,23,36.5,14.95,16.82,42.06,15.89,4.67,0.93,2.8,1.87
9000008823,2025-06-27 15:00,0.721667,10,4,14,70,75,145,100,85,184,18,17,35,28.5,15.04,36.84,37.59,6.77,2.26,0.75,0.0,0.75
9000008823,2025-06-27 16:00,0.741944,12,12,24,76,69,145,93,77,170,6,8,15,31.5,12.7,25.4,45.24,11.9,3.97,0.0,0.79,0.79
9000008823,2025-06-27 17:00,0.719167,7,11,18,91,90,182,79,70,149,8,8,16,32.5,14.02,21.5,45.79,14.95,3.74,0.93,0.0,0.0
9000008823,2025-06-27 18:00,0.7325,8,12,20,83,112,195,79,76,155,16,6,22,33.0,21.93,25.44,32.46,15.79,2.63,1.75,0.0,0.88
9000008823,2025-06-27 19:00,0.751111,22,17,39,83,87,170,72,61,134,18,12,31,32.5,6.0,26.0,47.0,20.0,2.0,0.0,0.0,0.0
9000008823,2025-06-27 20:00,0.711389,12,1,13,72,94,166,54,64,118,3,5,8,33.5,2.38,21.43,48.81,22.62,4.76,0.0,1.19,0.0
9000008823,2025-06-27 21:00,0.178611,6,11,17,45,73,118,56,84,140,0,0,0,36.0,0.0,28.0,36.0,24.0,4.0,4.0,4.0,0.0
9000008823,2025-06-28 04:00,0.121944,0,0,0,8,0,8,8,0,8,0,0,0,24.0,0.0,0.0,100.0,0.0,0.0,0.0,0.0,0.0
9000008823,2025-06-28 05:00,0.406944,1,1,3,3,7,10,3,6,9,0,3,3,40.0,0.0,0.0,50.0,25.0,0.0,25.0,0.0,0.0
9000008823,2025-06-28 06:00,0.643333,0,3,3,10,4,14,8,4,12,3,0,3,32.5,0.0,0.0,75.0,25.0,0.0,0.0,0.0,0.0
9000008823,2025-06-28 07:00,0.645833,0,2,2,8,6,14,24,8,32,3,0,3,24.5,57.14,19.05,14.29,9.52,0.0,0.0,0.0,0.0
9000008823,2025-06-28 08:00,0.718056,8,4,12,36,25,61,35,15,50,1,3,4,32.0,8.33,19.44,52.78,13.89,5.56,0.0,0.0,0.0
9000008823,2025-06-28 09:00,0.678333,8,6,14,49,38,86,33,37,70,0,0,0,34.5,8.33,12.5,41.67,29.17,6.25,0.0,0.0,0.0
9000008823,2025-06-28 10:00,0.666944,0,3,3,54,39,93,33,30,64,6,5,11,34.5,23.81,19.05,35.71,9.52,9.52,2.38,0.0,0.0
9000008823,2025-06-28 11:00,0.616667,5,5,10,66,56,122,46,53,99,8,2,10,32.0,16.39,14.75,49.18,13.11,3.28,1.64,1.64,0.0
9000008823,2025-06-28 12:00,0.603889,3,3,7,76,50,126,72,77,148,5,13,18,35.5,25.56,13.33,40.0,11.11,0.0,2.22,1.11,5.56
9000008823,2025-06-28 13:00,0.615556,3,10,13,57,95,153,47,63,111,0,5,5,32.0,22.06,20.59,35.29,16.18,1.47,0.0,1.47,0.0
9000008823,2025-06-28 14:00,0.550833,7,11,18,84,62,145,53,106,159,3,3,7,29.5,28.41,25.0,32.95,9.09,4.55,0.0,0.0,0.0
9000008823,2025-06-28 15:00,0.470833,4,4,8,106,98,205,66,65,132,4,4,8,35.0,38.71,20.97,20.97,12.9,4.84,1.61,1.61,0.0
9000008823,2025-06-28 16:00,0.491667,1,3,4,92,68,160,68,61,129,8,1,10,24.5,39.68,26.98,28.57,4.76,0.0,0.0,0.0,0.0
9000008823,2025-06-28 17:00,0.534444,13,5,19,110,81,192,52,35,88,9,7,17,33.5,23.4,25.53,29.79,14.89,2.13,2.13,2.13,0.0
9000008823,2025-06-28 18:00,0.773333,17,17,34,129,140,269,90,76,166,14,4,18,30.0,11.63,27.91,45.74,12.4,1.55,0.0,0.0,0.78
9000008823,2025-06-28 19:00,0.785278,10,14,24,98,119,217,75,60,135,10,5,15,34.0,9.43,19.81,47.17,19.81,2.83,0.94,0.0,0.0
9000008823,2025-06-28 20:00,0.791389,5,11,17,89,100,188,59,70,129,14,9,23,33.0,2.94,23.53,49.02,18.63,4.9,0.98,0.0,0.0
9000008823,2025-06-28 21:00,0.285,6,5,11,78,73,152,44,48,93,6,8,13,32.5,0.0,19.23,57.69,19.23,3.85,0.0,0.0,0.0
9000008823,2025-06-29 04:00,0.075278,0,0,0,0,0,0,27,0,27,0,0,0,28.5,0.0,0.0,100.0,0.0,0.0,0.0,0.0,0.0
9000008823,2025-06-29 05:00,0.295,0,0,0,3,0,3,4,3,7,0,0,0,33.5,0.0,0.0,50.0,50.0,0.0,0.0,0.0,0.0
9000008823,2025-06-29 06:00,0.684444,1,4,5,8,5,13,12,9,21,0,2,2,32.0,14.29,21.43,50.0,21.43,0.0,0.0,0.0,0.0
9000008823,2025-06-29 07:00,0.626667,2,2,3,8,2,9,10,2,12,2,2,3,20.0,75.0,12.5,0.0,12.5,0.0,0.0,0.0,0.0
9000008823,2025-06-29 08:00,0.499444,2,0,2,12,13,25,20,15,35,0,0,0,30.5,44.44,16.67,22.22,11.11,5.56,0.0,0.0,0.0
9000008823,2025-06-29 09:00,0.595,0,5,5,61,40,101,15,18,33,0,2,2,31.5,31.58,21.05,31.58,15.79,5.26,0.0,0.0,0.0
9000008823,2025-06-29 10:00,0.664167,5,3,8,68,40,107,21,21,42,3,0,3,33.5,21.43,17.86,35.71,17.86,3.57,3.57,0.0,0.0
9000008823,2025-06-29 11:00,0.684167,12,3,15,40,58,98,34,42,76,6,17,23,28.5,30.77,21.15,36.54,5.77,1.92,0.0,0.0,3.85
9000008823,2025-06-29 12:00,0.706944,11,6,17,66,49,115,26,52,78,3,6,9,29.5,16.36,25.45,45.45,10.91,1.82,0.0,0.0,0.0
9000008823,2025-06-29 13:00,0.671389,12,10,22,39,67,105,30,40,70,3,5,7,32.5,10.64,31.91,34.04,19.15,2.13,2.13,0.0,0.0
9000008823,2025-06-29 14:00,0.6375,11,8,18,64,75,139,44,26,70,4,1,6,30.0,22.22,24.44,40.0,15.56,0.0,0.0,0.0,0.0
9000008823,2025-06-29 15:00,0.4825,3,7,10,98,86,183,47,65,113,1,0,1,32.0,24.07,18.52,40.74,9.26,5.56,0.0,0.0,3.7
9000008823,2025-06-29 16:00,0.519167,2,4,5,37,73,110,41,28,69,4,10,14,19.0,61.11,25.0,11.11,2.78,0.0,0.0,0.0,0.0
9000008823,2025-06-29 17:00,0.649722,5,9,14,101,125,226,53,50,103,10,3,13,30.5,23.88,29.85,31.34,13.43,2.99,0.0,0.0,0.0
9000008823,2025-06-29 18:00,0.652222,6,15,21,102,102,204,82,65,146,1,1,3,33.0,17.89,24.21,36.84,11.58,5.26,0.0,1.05,2.11
9000008823,2025-06-29 19:00,0.561111,7,7,13,62,63,125,64,49,113,13,5,18,21.5,59.38,23.44,15.62,1.56,0.0,0.0,0.0,0.0
9000008823,2025-06-29 20:00,0.784167,11,12,23,101,88,189,49,57,106,5,1,6,34.5,10.84,19.28,46.99,18.07,2.41,1.2,1.2,0.0
9000008823,2025-06-29 21:00,0.241111,3,3,5,42,73,115,51,45,96,5,27,32,31.0,0.0,43.48,34.78,17.39,0.0,0.0,0.0,0.0
9000008823,2025-06-30 04:00,0.114444,0,0,0,0,0,0,9,9,17,0,0,0,38.5,0.0,50.0,0.0,50.0,0.0,0.0,0.0,0.0
9000008823,2025-06-30 05:00,0.333333,0,0,0,0,0,0,13,4,17,0,4,4,41.0,0.0,16.67,33.33,16.67,16.67,0.0,0.0,0.0
9000008823,2025-06-30 06:00,0.515278,8,1,9,26,6,32,26,16,42,6,6,12,38.0,13.64,9.09,27.27,36.36,9.09,0.0,0.0,0.0
9000008823,2025-06-30 07:00,0.6,1,0,1,20,23,44,80,33,113,3,7,10,20.0,70.59,13.24,7.35,2.94,0.0,1.47,1.47,1.47
9000008823,2025-06-30 08:00,0.488611,2,0,2,84,60,145,60,27,87,8,2,10,16.0,74.42,16.28,6.98,2.33,0.0,0.0,0.0,0.0
9000008823,2025-06-30 09:00,0.528611,4,6,9,116,77,193,73,34,107,9,0,9,28.0,45.61,14.04,29.82,10.53,0.0,0.0,0.0,0.0
9000008823,2025-06-30 10:00,0.606111,0,5,5,81,40,120,107,71,179,8,7,15,25.0,41.67,26.85,21.3,9.26,0.0,0.0,0.0,0.93
9000008823,2025-06-30 11:00,0.611667,5,10,15,48,54,101,102,93,195,7,10,16,30.0,32.77,24.37,28.57,13.45,0.84,0.0,0.0,0.0
9000008823,2025-06-30 12:00,0.631667,3,8,11,80,58,138,64,81,145,5,6,11,34.5,26.09,16.3,26.09,23.91,3.26,2.17,1.09,0.0
9000008823,2025-06-30 13:00,0.603333,2,13,15,82,60,143,78,118,196,3,7,10,33.5,32.2,17.8,27.97,17.8,1.69,1.69,0.0,0.85
9000008823,2025-06-30 14:00,0.5175,4,4,7,85,97,182,46,77,123,2,6,7,31.0,31.25,26.56,26.56,14.06,1.56,1.56,0.0,0.0
9000008823,2025-06-30 15:00,0.445833,0,4,4,123,114,237,56,38,94,4,4,9,24.5,40.48,38.1,19.05,2.38,0.0,0.0,0.0,0.0
9000008823,2025-06-30 16:00,0.477778,0,2,2,62,62,124,29,53,83,8,4,12,22.0,46.15,35.9,12.82,5.13,0.0,0.0,0.0,0.0
9000008823,2025-06-30 17:00,0.535833,11,4,15,123,70,193,26,25,52,4,6,9,21.5,46.43,35.71,14.29,3.57,0.0,0.0,0.0,0.0
9000008823,2025-06-30 18:00,0.576667,13,17,30,114,147,261,60,62,122,2,2,3,24.0,47.14,27.14,21.43,5.71,0.0,0.0,0.0,0.0
9000008823,2025-06-30 19:00,0.626389,11,20,32,92,88,179,40,28,68,18,6,24,22.0,69.05,11.9,14.29,4.76,0.0,0.0,2.38,0.0
9000008823,2025-06-30 20:00,0.791667,22,26,48,124,137,261,68,54,122,8,5,13,30.0,8.25,29.9,47.42,11.34,2.06,0.0,1.03,0.0
9000008823,2025-06-30 21:00,0.415,7,27,33,59,95,154,62,48,109,10,14,25,29.0,2.22,26.67,62.22,4.44,0.0,2.22,0.0,0.0
9000008823,2025-07-01 04:00,0.074444,0,0,0,0,0,0,27,0,27,0,13,13,33.5,0.0,50.0,0.0,50.0,0.0,0.0,0.0,0.0
9000008823,2025-07-01 05:00,0.403333,6,0,6,17,1,18,7,4,11,5,3,8,30.0,0.0,25.0,50.0,0.0,0.0,25.0,0.0,0.0
9000008823,2025-07-01 06:00,0.514722,12,3,15,32,13,45,32,18,50,13,1,14,33.5,11.54,7.69,50.0,26.92,3.85,0.0,0.0,0.0
9000008823,2025-07-01 07:00,0.590833,7,0,7,24,27,52,80,25,105,16,5,21,27.0,61.29,14.52,14.52,1.61,3.23,0.0,0.0,3.23
9000008823,2025-07-01 08:00,0.503889,6,6,12,109,46,155,37,23,60,8,4,11,12.5,83.33,3.33,13.33,0.0,0.0,0.0,0.0,0.0
9000008823,2025-07-01 09:00,0.523056,5,6,11,145,90,235,71,27,98,22,2,24,27.0,44.23,30.77,13.46,9.62,0.0,0.0,0.0,1.92
9000008823,2025-07-01 10:00,0.614722,0,5,5,74,54,127,99,68,167,13,5,18,31.5,34.95,15.53,32.04,13.59,1.94,0.0,1.94,0.0
9000008823,2025-07-01 11:00,0.646111,0,6,6,53,66,119,71,106,177,9,9,18,33.0,26.32,19.3,28.07,25.44,0.0,0.0,0.88,0.0
9000008823,2025-07-01 12:00,0.631111,8,13,21,79,78,157,64,78,142,6,11,17,27.0,33.33,28.89,26.67,8.89,0.0,0.0,1.11,0.0
9000008823,2025-07-01 13:00,0.610833,5,18,23,90,95,186,78,95,174,3,5,8,31.0,28.3,26.42,28.3,13.21,1.89,0.94,0.94,0.0
9000008823,2025-07-01 14:00,0.5375,0,11,11,86,116,202,35,118,153,0,4,4,32.0,30.49,25.61,24.39,21.95,0.0,0.0,0.0,0.0
9000008823,2025-07-01 15:00,0.450833,0,2,2,133,78,211,45,30,75,2,7,9,21.5,52.94,26.47,11.76,5.88,0.0,0.0,0.0,0.0
9000008823,2025-07-01 16:00,0.500833,0,4,4,56,71,127,28,42,70,2,0,2,22.5,45.71,31.43,20.0,2.86,0.0,0.0,0.0,0.0
9000008823,2025-07-01 17:00,0.5375,7,6,13,112,53,165,29,31,60,4,2,5,21.5,50.0,34.38,12.5,3.12,3.12,0.0,0.0,0.0
9000008823,2025-07-01 18:00,0.540833,4,7,11,83,119,202,76,45,121,6,0,6,19.0,56.06,30.3,10.61,0.0,1.52,0.0,0.0,0.0
9000008823,2025-07-01 19:00,0.614722,4,3,7,68,86,154,27,39,65,12,4,17,24.0,52.5,20.0,25.0,5.0,0.0,0.0,0.0,0.0
9000008823,2025-07-01 20:00,0.788611,11,11,23,117,112,229,43,44,87,6,9,15,32.5,11.59,27.54,42.03,13.04,1.45,1.45,1.45,1.45
9000008823,2025-07-01 21:00,0.434444,9,17,25,49,129,178,53,35,88,3,7,10,29.0,2.63,39.47,47.37,13.16,0.0,0.0,0.0,0.0
9000008823,2025-07-02 04:00,0.121667,0,0,0,0,0,0,16,0,16,0,8,8,29.0,0.0,0.0,100.0,0.0,0.0,0.0,0.0,0.0
9000008823,2025-07-02 05:00,0.464167,0,0,0,7,5,13,11,24,34,4,2,6,77.0,0.0,25.0,25.0,37.5,0.0,0.0,0.0,18.75
9000008823,2025-07-02 06:00,0.438889,0,1,1,32,5,38,24,17,41,8,0,8,29.0,16.67,22.22,44.44,11.11,0.0,0.0,0.0,0.0
9000008823,2025-07-02 07:00,0.615278,3,0,3,27,29,56,63,15,78,4,3,8,19.0,75.0,10.42,10.42,4.17,0.0,0.0,0.0,0.0
9000008823,2025-07-02 08:00,0.483889,0,2,2,102,77,179,77,41,118,6,0,6,27.5,50.88,17.54,19.3,5.26,0.0,0.0,0.0,7.02
9000008823,2025-07-02 09:00,0.518889,2,6,7,134,70,204,68,26,94,6,4,9,27.0,48.98,18.37,28.57,2.04,0.0,0.0,0.0,2.04
9000008823,2025-07-02 10:00,0.608889,3,3,7,64,76,140,74,70,144,5,7,11,32.5,20.45,26.14,34.09,13.64,5.68,0.0,0.0,0.0
9000008823,2025-07-02 11:00,0.650556,5,14,19,57,68,125,75,77,152,1,8,9,32.0,20.2,29.29,30.3,17.17,1.01,1.01,1.01,0.0
9000008823,2025-07-02 12:00,0.6475,5,9,13,80,58,139,65,82,147,3,8,11,29.5,26.32,23.16,37.89,11.58,1.05,0.0,0.0,0.0
9000008823,2025-07-02 13:00,0.621111,3,18,21,56,121,177,90,107,197,2,8,10,31.0,29.51,23.77,30.33,9.84,4.1,0.82,0.0,1.64
9000008823,2025-07-02 14:00,0.533889,2,4,5,57,103,159,31,126,157,5,2,7,29.0,20.24,34.52,34.52,9.52,1.19,0.0,1.19,0.0
9000008823,2025-07-02 15:00,0.456944,0,4,4,81,68,148,40,47,87,2,2,4,30.0,45.0,30.0,10.0,12.5,2.5,0.0,0.0,0.0
9000008823,2025-07-02 16:00,0.486667,0,2,2,52,69,121,23,35,58,4,2,6,23.0,42.86,35.71,17.86,0.0,0.0,0.0,0.0,3.57
9000008823,2025-07-02 17:00,0.542778,13,5,18,66,39,105,31,20,51,5,4,9,23.0,53.57,21.43,25.0,0.0,0.0,0.0,0.0,0.0
9000008823,2025-07-02 18:00,0.59,8,8,17,89,106,196,60,58,118,8,3,11,23.0,50.72,28.99,15.94,4.35,1.45,0.0,0.0,0.0
9000008823,2025-07-02 19:00,0.622222,12,13,25,74,103,177,42,38,80,13,7,20,23.0,68.0,8.0,18.0,4.0,0.0,0.0,0.0,0.0
9000008823,2025-07-02 20:00,0.784167,18,23,41,110,99,209,56,45,101,13,8,20,32.0,5.06,21.52,54.43,12.66,3.8,2.53,0.0,0.0
9000008823,2025-07-02 21:00,0.361389,9,8,17,75,77,152,53,54,107,6,3,9,32.5,2.56,30.77,43.59,20.51,2.56,0.0,0.0,0.0
9000008823,2025-07-03 04:00,0.067778,0,0,0,0,0,0,0,0,0,0,0,0,,0.0,0.0,0.0,0.0,0.0,0.0,0.0,0.0
9000008823,2025-07-03 05:00,0.726111,0,0,0,11,3,14,6,11,17,7,4,11,36.5,8.33,33.33,33.33,25.0,0.0,0.0,8.33,0.0
9000008823,2025-07-03 06:00,0.796389,6,4,10,24,8,31,16,16,33,11,8,19,33.5,0.0,19.23,50.0,23.08,3.85,3.85,0.0,0.0
9000008823,2025-07-03 07:00,0.763333,18,7,25,70,39,109,56,33,89,9,7,16,32.0,5.88,29.41,42.65,20.59,1.47,0.0,0.0,0.0
9000008823,2025-07-03 08:00,0.759722,20,5,25,157,77,234,72,48,120,8,8,16,34.5,6.59,24.18,43.96,19.78,4.4,1.1,0.0,0.0
9000008823,2025-07-03 09:00,0.726389,18,5,23,72,59,132,98,40,138,17,7,24,30.0,19.0,33.0,34.0,12.0,1.0,0.0,1.0,1.0
9000008823,2025-07-03 10:00,0.782778,16,5,22,54,45,98,106,51,157,17,15,32,32.0,5.69,23.58,50.41,17.89,1.63,0.81,0.0,0.0
9000008823,2025-07-03 11:00,0.743333,8,5,13,43,40,83,90,53,143,16,11,27,30.0,16.04,24.53,45.28,14.15,0.94,0.0,0.0,0.0
9000008823,2025-07-03 12:00,0.743333,1,7,8,54,62,115,69,59,128,18,17,35,32.5,13.68,24.21,42.11,17.89,0.0,1.05,1.05,0.0
9000008823,2025-07-03 13:00,0.712222,6,9,14,48,70,119,17,72,89,18,9,26,34.5,6.25,18.75,46.88,21.88,1.56,1.56,0.0,1.56
9000008823,2025-07-03 14:00,0.684444,9,10,19,84,80,164,61,99,160,7,9,16,34.5,15.6,29.36,29.36,20.18,2.75,0.0,2.75,0.92
9000008823,2025-07-03 15:00,0.499722,5,5,11,100,96,196,68,62,130,5,7,12,26.0,23.08,33.85,32.31,6.15,3.08,0.0,0.0,1.54
9000008823,2025-07-03 16:00,0.435278,0,2,2,114,67,181,28,39,67,0,9,9,19.5,37.93,48.28,10.34,3.45,0.0,0.0,0.0,0.0
9000008823,2025-07-03 17:00,0.514722,8,0,8,87,50,137,29,19,48,10,4,14,18.0,56.0,36.0,8.0,0.0,0.0,0.0,0.0,0.0
9000008823,2025-07-03 18:00,0.526389,0,2,2,106,98,204,99,47,146,23,2,24,19.5,63.64,22.08,12.99,0.0,0.0,0.0,1.3,0.0
9000008823,2025-07-03 19:00,0.617222,7,4,11,109,108,217,49,53,101,18,12,30,27.5,51.61,19.35,19.35,6.45,1.61,0.0,0.0,0.0
9000008823,2025-07-03 20:00,0.777778,5,10,15,68,90,158,55,64,119,12,1,13,33.0,6.45,26.88,41.94,23.66,1.08,0.0,0.0,0.0
9000008823,2025-07-03 21:00,0.391389,5,10,15,72,110,181,54,31,84,15,0,15,34.0,0.0,36.36,39.39,18.18,6.06,0.0,0.0,0.0
9000008823,2025-07-04 05:00,0.318333,0,0,0,11,6,17,6,6,12,0,3,3,42.0,0.0,0.0,50.0,25.0,25.0,0.0,0.0,0.0
9000008823,2025-07-04 06:00,0.776389,1,3,4,29,11,40,17,13,29,10,6,17,31.0,4.35,34.78,43.48,13.04,0.0,0.0,4.35,0.0
9000008823,2025-07-04 07:00,0.666667,9,3,12,37,28,65,58,36,94,8,5,13,27.5,57.14,17.46,19.05,7.94,0.0,0.0,0.0,0.0
9000008823,2025-07-04 08:00,0.759167,16,8,24,120,81,201,82,53,134,5,8,13,31.0,17.65,27.45,37.25,14.71,2.94,0.0,0.0,0.0
9000008823,2025-07-04 09:00,0.700556,9,3,11,110,71,180,54,47,101,13,7,20,34.0,2.82,18.31,52.11,22.54,2.82,1.41,0.0,0.0
9000008823,2025-07-04 10:00,0.700556,6,6,11,45,69,114,37,69,105,4,7,11,31.0,18.92,24.32,39.19,17.57,0.0,0.0,0.0,0.0
9000008823,2025-07-04 11:00,0.677222,10,10,20,52,47,99,68,78,146,7,16,23,33.0,24.24,27.27,26.26,18.18,4.04,0.0,0.0,0.0
9000008823,2025-07-04 12:00,0.701944,3,11,14,42,69,111,56,81,137,7,14,21,33.5,26.04,15.62,32.29,23.96,1.04,1.04,0.0,0.0
9000008823,2025-07-04 13:00,0.624722,8,8,16,85,47,133,66,77,143,9,10,19,33.5,7.78,18.89,47.78,20.0,4.44,0.0,0.0,1.11
9000008823,2025-07-04 14:00,0.561944,7,10,18,69,102,171,39,101,140,6,11,17,32.0,35.9,17.95,28.21,11.54,2.56,0.0,0.0,3.85
9000008823,2025-07-04 15:00,0.485833,6,6,12,114,108,222,45,49,94,2,4,6,22.5,39.13,41.3,10.87,4.35,4.35,0.0,0.0,0.0
9000008823,2025-07-04 16:00,0.431389,0,0,0,122,73,196,43,51,94,13,2,15,20.5,45.0,40.0,12.5,0.0,2.5,0.0,0.0,0.0
9000008823,2025-07-04 17:00,0.553611,17,0,17,105,38,143,50,43,93,11,7,18,17.0,64.71,25.49,3.92,1.96,0.0,1.96,0.0,0.0
9000008823,2025-07-04 18:00,0.556111,20,3,24,122,131,253,42,103,145,2,3,5,24.5,37.04,32.1,20.99,6.17,0.0,0.0,1.23,1.23
9000008823,2025-07-04 19:00,0.717222,1,8,9,111,105,216,40,91,131,21,13,34,32.5,14.89,21.28,42.55,19.15,0.0,1.06,0.0,1.06
9000008823,2025-07-04 20:00,0.785833,5,8,13,92,129,220,70,88,158,10,15,25,31.5,4.84,32.26,45.97,9.68,4.03,2.42,0.81,0.0
9000008823,2025-07-04 21:00,0.3025,17,3,20,93,96,189,64,63,127,8,3,10,37.5,2.63,23.68,36.84,23.68,7.89,2.63,0.0,0.0
9000008823,2025-07-05 05:00,0.386389,0,0,0,0,8,8,3,9,11,2,2,4,38.5,0.0,0.0,0.0,100.0,0.0,0.0,0.0,0.0
9000008823,2025-07-05 06:00,0.725833,0,3,3,4,4,8,12,4,16,1,1,3,35.5,0.0,18.18,45.45,36.36,0.0,9.09,0.0,0.0
9000008823,2025-07-05 07:00,0.627222,0,0,0,3,3,6,16,9,25,0,0,0,11.5,81.25,12.5,0.0,6.25,0.0,0.0,0.0,0.0
9000008823,2025-07-05 08:00,0.525,2,0,2,29,28,57,19,9,28,4,2,5,24.5,40.0,33.33,26.67,0.0,0.0,0.0,0.0,0.0
9000008823,2025-07-05 09:00,0.626111,2,2,3,56,30,86,27,30,58,2,0,2,34.0,13.89,22.22,33.33,22.22,8.33,0.0,0.0,0.0
9000008823,2025-07-05 10:00,0.683889,4,1,6,61,57,118,60,29,89,4,9,13,32.0,18.03,14.75,47.54,18.03,0.0,1.64,0.0,0.0
9000008823,2025-07-05 11:00,0.664167,5,12,17,74,62,136,57,69,126,7,3,10,32.5,13.1,17.86,45.24,17.86,3.57,1.19,1.19,0.0
9000008823,2025-07-05 12:00,0.759444,7,4,11,80,72,152,62,60,122,16,17,33,32.5,5.38,27.96,47.31,12.9,4.3,1.08,1.08,0.0
9000008823,2025-07-05 13:00,0.670833,1,9,10,110,94,205,63,88,151,4,3,7,32.0,19.8,24.75,35.64,14.85,1.98,0.0,1.98,0.99
9000008823,2025-07-05 14:00,0.701944,3,3,6,74,63,137,82,73,154,13,1,14,30.0,18.52,37.04,29.63,13.89,0.93,0.0,0.0,0.0
9000008823,2025-07-05 15:00,0.7475,8,5,14,100,107,207,100,82,182,14,19,34,29.5,13.97,32.35,40.44,11.03,0.74,0.74,0.74,0.0
9000008823,2025-07-05 16:00,0.771944,12,9,21,131,73,204,133,50,183,14,5,19,29.0,14.89,32.62,41.84,10.64,0.0,0.71,0.0,0.0
9000008823,2025-07-05 17:00,0.595833,20,5,25,133,49,182,81,57,138,9,5,14,23.5,46.34,31.71,18.29,3.66,0.0,0.0,0.0,0.0
9000008823,2025-07-05 18:00,0.672778,15,13,29,104,108,212,69,65,134,19,14,33,27.5,14.44,35.56,46.67,3.33,0.0,0.0,0.0,0.0
9000008823,2025-07-05 19:00,0.73,11,7,18,114,103,217,63,45,108,11,11,22,31.0,18.99,16.46,46.84,17.72,0.0,0.0,0.0,0.0
9000008823,2025-07-05 20:00,0.771111,14,23,37,90,97,187,56,49,105,14,9,23,29.0,6.17,38.27,44.44,9.88,0.0,1.23,0.0,0.0
9000008823,2025-07-05 21:00,0.249444,10,22,32,44,108,152,96,94,191,5,3,8,31.0,0.0,20.83,62.5,14.58,2.08,0.0,0.0,0.0
9000008823,2025-07-06 05:00,0.508056,0,1,1,2,4,7,16,0,16,0,0,0,38.5,0.0,0.0,12.5,87.5,0.0,0.0,0.0,0.0
9000008823,2025-07-06 06:00,0.7825,3,3,5,8,1,9,7,9,15,0,0,0,35.5,0.0,8.33,41.67,41.67,0.0,8.33,0.0,0.0
9000008823,2025-07-06 07:00,0.763611,3,1,4,4,5,9,12,4,16,0,5,5,33.0,8.33,8.33,58.33,16.67,0.0,8.33,0.0,0.0
9000008823,2025-07-06 08:00,0.6525,9,6,15,20,13,33,15,10,26,0,1,1,34.0,17.65,35.29,11.76,35.29,0.0,0.0,0.0,0.0
9000008823,2025-07-06 09:00,0.73,12,4,16,48,33,81,28,18,46,3,0,3,28.0,2.94,29.41,58.82,8.82,0.0,0.0,0.0,0.0
9000008823,2025-07-06 10:00,0.7575,21,4,25,53,34,87,25,32,57,4,4,8,32.5,6.98,23.26,48.84,18.6,2.33,0.0,0.0,0.0
9000008823,2025-07-06 11:00,0.688333,13,4,17,55,61,116,35,57,91,3,0,3,32.0,14.29,17.46,49.21,12.7,3.17,0.0,3.17,0.0
9000008823,2025-07-06 12:00,0.649722,3,14,17,66,49,115,37,54,91,6,6,12,31.5,32.2,16.95,32.2,16.95,1.69,0.0,0.0,0.0
9000008823,2025-07-06 13:00,0.6575,21,5,26,65,75,140,51,43,94,3,4,8,28.5,25.81,22.58,40.32,4.84,3.23,1.61,0.0,0.0
9000008823,2025-07-06 14:00,0.700278,11,16,27,116,66,182,36,61,97,4,0,4,31.5,10.29,29.41,41.18,14.71,2.94,1.47,0.0,0.0
9000008823,2025-07-06 15:00,0.7825,13,19,32,174,109,283,57,51,109,10,4,14,34.0,5.88,21.18,40.0,28.24,2.35,1.18,0.0,1.18
9000008823,2025-07-06 16:00,0.749444,23,19,41,107,98,205,63,56,119,9,4,13,31.5,24.72,24.72,31.46,16.85,1.12,1.12,0.0,0.0
9000008823,2025-07-06 17:00,0.768056,28,24,52,130,147,277,86,43,129,12,5,17,28.5,14.14,37.37,39.39,9.09,0.0,0.0,0.0,0.0
9000008823,2025-07-06 18:00,0.780278,19,18,37,123,170,294,60,78,138,10,9,19,32.5,2.78,25.93,49.07,16.67,2.78,0.93,0.93,0.93
9000008823,2025-07-06 19:00,0.780278,20,24,45,109,126,234,67,46,113,4,9,13,32.5,5.68,22.73,50.0,15.91,4.55,0.0,0.0,1.14
9000008823,2025-07-06 20:00,0.7775,10,13,23,105,97,203,61,98,159,17,8,24,32.0,6.5,26.83,47.15,13.01,4.07,0.81,0.0,1.63
9000008823,2025-07-06 21:00,0.045,0,0,0,89,89,178,67,178,244,0,0,0,38.5,0.0,0.0,45.45,45.45,9.09,0.0,0.0,0.0
9000008823,2025-07-07 05:00,0.372222,0,3,3,10,3,13,8,7,15,11,5,16,32.5,0.0,16.67,66.67,33.33,0.0,0.0,0.0,0.0
9000008823,2025-07-07 06:00,0.737222,8,2,9,20,5,26,12,13,25,12,4,16,41.0,5.56,11.11,50.0,16.67,5.56,11.11,0.0,0.0
9000008823,2025-07-07 07:00,0.792222,6,3,9,63,28,91,54,29,83,18,9,27,34.5,3.03,16.67,56.06,19.7,3.03,0.0,0.0,1.52
9000008823,2025-07-07 08:00,0.779722,17,6,23,129,94,223,81,61,141,10,11,22,31.0,6.36,28.18,48.18,14.55,2.73,0.0,0.0,0.0
9000008823,2025-07-07 09:00,0.761667,9,3,12,110,56,166,72,33,105,21,16,37,34.0,7.5,30.0,38.75,17.5,3.75,0.0,1.25,1.25
9000008823,2025-07-07 10:00,0.743889,12,3,15,62,60,122,82,102,185,19,21,40,29.5,11.68,24.82,51.09,7.3,4.38,0.0,0.73,0.0
9000008823,2025-07-07 11:00,0.756111,12,4,16,67,35,103,83,66,150,11,11,21,33.0,9.73,26.55,40.71,17.7,5.31,0.0,0.0,0.0
9000008823,2025-07-07 12:00,0.779722,15,7,22,58,58,116,54,54,108,27,14,41,30.0,30.95,21.43,33.33,11.9,1.19,1.19,0.0,0.0
9000008823,2025-07-07 13:00,0.773333,9,7,16,48,67,115,66,106,172,16,12,27,34.0,3.76,21.05,51.88,18.05,3.76,0.0,1.5,0.0
9000008823,2025-07-07 14:00,0.746389,11,16,27,84,69,153,72,111,183,10,24,34,35.5,9.56,20.59,41.91,21.32,4.41,0.74,0.0,0.74
9000008823,2025-07-07 15:00,0.536389,1,4,6,106,91,197,42,79,120,16,5,21,25.5,25.0,28.12,40.62,9.38,0.0,0.0,0.0,0.0
9000008823,2025-07-07 16:00,0.506944,0,0,0,59,75,134,21,57,79,6,0,6,28.0,37.5,25.0,25.0,5.0,2.5,0.0,2.5,0.0
9000008823,2025-07-07 17:00,0.721667,11,15,26,92,85,177,106,59,164,13,8,22,32.5,15.13,20.17,44.54,13.45,3.36,0.0,2.52,0.84
9000008823,2025-07-07 18:00,0.790556,36,13,48,57,89,146,69,75,144,15,9,24,31.0,7.02,22.81,52.63,15.79,0.88,0.0,0.88,0.0
9000008823,2025-07-07 19:00,0.751667,10,8,18,68,83,151,35,57,93,9,7,16,29.5,31.43,34.29,21.43,11.43,2.86,0.0,0.0,0.0
9000008823,2025-07-07 20:00,0.804722,6,10,16,51,72,123,36,51,87,12,6,19,33.0,10.0,17.14,50.0,20.0,1.43,0.0,1.43,0.0
9000008823,2025-07-07 21:00,0.165,12,4,16,28,46,74,74,62,136,25,0,25,39.0,0.0,27.27,31.82,36.36,0.0,0.0,0.0,9.09
9000008823,2025-07-08 05:00,0.489167,0,0,0,5,0,5,17,2,18,3,3,7,33.0,0.0,11.11,55.56,33.33,0.0,0.0,0.0,0.0
9000008823,2025-07-08 06:00,0.746389,13,3,16,34,6,41,25,14,39,10,3,12,34.5,0.0,20.69,55.17,24.14,3.45,0.0,0.0,0.0
9000008823,2025-07-08 07:00,0.783333,10,1,11,85,33,118,54,22,76,15,12,27,30.0,15.25,18.64,50.85,10.17,3.39,1.69,0.0,0.0
9000008823,2025-07-08 08:00,0.771111,16,7,22,135,57,192,100,50,150,28,8,36,32.0,8.62,35.34,36.21,17.24,2.59,0.0,0.0,0.0
9000008823,2025-07-08 09:00,0.678889,9,0,9,127,47,174,77,49,126,15,10,25,29.0,6.98,24.42,55.81,9.3,1.16,1.16,1.16,0.0
9000008823,2025-07-08 10:00,0.665,1,0,1,51,48,99,68,72,140,26,6,32,29.0,13.98,27.96,46.24,8.6,1.08,2.15,0.0,0.0
9000008823,2025-07-08 11:00,0.707778,6,6,11,59,60,120,47,78,125,10,14,24,32.0,14.77,19.32,46.59,12.5,4.55,0.0,2.27,0.0
9000008823,2025-07-08 12:00,0.742222,3,9,12,62,63,125,70,71,141,20,12,32,31.5,7.62,26.67,46.67,16.19,2.86,0.0,0.0,0.0
9000008823,2025-07-08 13:00,0.761667,9,9,18,75,69,144,62,103,165,13,16,29,28.5,12.8,38.4,40.0,5.6,1.6,0.0,0.8,0.8
9000008823,2025-07-08 14:00,0.730556,11,3,14,70,83,153,75,80,156,19,12,31,29.5,14.04,35.96,36.84,11.4,0.88,0.0,0.0,0.88
9000008823,2025-07-08 15:00,0.700278,6,6,12,98,81,179,87,118,204,22,15,37,33.0,17.48,20.98,41.26,16.08,3.5,1.4,0.0,0.0
9000008823,2025-07-08 16:00,0.657222,12,9,22,100,97,197,71,93,164,16,17,34,31.5,36.11,14.81,30.56,14.81,3.7,0.93,0.0,0.0
9000008823,2025-07-08 17:00,0.463889,2,0,2,102,94,196,60,61,121,2,2,4,18.0,64.29,26.79,7.14,0.0,0.0,0.0,0.0,1.79
9000008823,2025-07-08 18:00,0.553889,6,7,13,84,107,191,74,58,133,11,7,18,26.0,31.08,37.84,18.92,9.46,1.35,0.0,0.0,0.0
9000008823,2025-07-08 19:00,0.636944,14,2,16,103,82,185,66,64,130,10,6,16,26.5,30.12,32.53,28.92,7.23,0.0,0.0,1.2,0.0
9000008823,2025-07-08 20:00,0.783611,13,6,19,94,141,234,38,46,84,8,9,17,34.5,12.12,18.18,45.45,13.64,10.61,0.0,0.0,0.0
9000008823,2025-07-08 21:00,0.284167,6,9,15,65,91,156,38,33,71,9,2,11,31.0,15.0,35.0,25.0,20.0,0.0,0.0,0.0,0.0
9000008823,2025-07-09 05:00,0.467778,2,0,2,10,0,10,15,11,26,3,0,3,60.5,0.0,25.0,50.0,16.67,0.0,0.0,16.67,0.0
9000008823,2025-07-09 06:00,0.784444,1,1,3,21,5,26,20,12,32,4,4,8,34.5,0.0,12.0,48.0,36.0,4.0,0.0,0.0,0.0
9000008823,2025-07-09 07:00,0.778056,1,3,4,86,31,117,40,27,67,9,4,13,34.0,11.54,11.54,48.08,25.0,0.0,1.92,0.0,1.92
9000008823,2025-07-09 08:00,0.780278,22,3,24,174,68,242,61,66,127,18,6,24,33.0,9.09,24.24,45.45,16.16,3.03,2.02,0.0,0.0
9000008823,2025-07-09 09:00,0.783056,17,4,20,103,57,161,77,45,122,23,10,33,34.5,8.33,25.0,40.62,18.75,6.25,1.04,0.0,0.0
9000008823,2025-07-09 10:00,0.781111,10,5,15,50,41,91,73,66,139,18,21,39,30.5,10.09,30.28,42.2,13.76,1.83,0.92,0.0,0.0
9000008823,2025-07-09 11:00,0.771111,8,7,14,44,22,66,60,53,113,25,14,39,32.5,14.94,24.14,41.38,12.64,6.9,0.0,0.0,0.0
9000008823,2025-07-09 12:00,0.787778,27,8,34,58,39,98,76,85,161,32,26,57,32.5,7.09,33.86,37.01,21.26,0.79,0.0,0.0,0.0
9000008823,2025-07-09 13:00,0.770556,25,8,32,59,56,115,64,98,163,9,25,34,30.0,4.0,34.4,46.4,12.8,0.8,1.6,0.0,0.0
9000008823,2025-07-09 14:00,0.712222,16,6,22,52,84,135,78,105,184,9,20,29,33.0,15.27,22.14,38.93,20.61,1.53,1.53,0.0,0.0
9000008823,2025-07-09 15:00,0.709722,3,9,11,87,79,166,85,99,184,10,14,23,29.5,15.27,36.64,34.35,9.16,3.05,0.0,0.76,0.76
9000008823,2025-07-09 16:00,0.748333,5,7,12,85,99,184,100,85,185,24,19,43,27.0,18.12,43.48,29.71,6.52,1.45,0.0,0.72,0.72
9000008823,2025-07-09 17:00,0.756111,15,4,19,102,111,213,82,69,151,12,17,29,28.5,7.02,39.47,43.86,8.77,0.88,0.0,0.0,0.88
9000008823,2025-07-09 18:00,0.706389,5,11,17,84,108,192,71,66,137,11,14,25,27.5,10.31,40.21,39.18,10.31,0.0,0.0,0.0,0.0
9000008823,2025-07-09 19:00,0.661389,12,5,17,71,110,181,40,61,101,7,7,15,27.5,20.9,43.28,29.85,4.48,1.49,0.0,0.0,0.0
9000008823,2025-07-09 20:00,0.788333,5,6,11,77,76,153,36,55,90,13,4,17,34.0,4.23,25.35,47.89,14.08,5.63,1.41,0.0,1.41
9000008823,2025-07-09 21:00,0.231944,5,0,5,66,66,132,50,75,126,16,5,21,29.5,0.0,31.03,58.62,10.34,3.45,0.0,0.0,0.0
9000008823,2025-07-10 05:00,0.524444,3,0,3,8,3,11,6,9,15,4,0,4,43.5,0.0,12.5,37.5,25.0,12.5,0.0,12.5,0.0
9000008823,2025-07-10 06:00,0.733889,3,0,3,29,5,35,23,15,38,4,7,11,34.5,7.14,17.86,46.43,21.43,3.57,0.0,3.57,0.0
9000008823,2025-07-10 07:00,0.788333,4,1,5,71,36,107,56,34,90,18,5,23,29.5,22.54,29.58,33.8,14.08,0.0,0.0,0.0,0.0
9000008823,2025-07-10 08:00,0.777778,18,5,23,179,71,249,86,49,135,19,9,28,33.0,5.71,27.62,44.76,18.1,3.81,0.0,0.0,0.0
9000008823,2025-07-10 09:00,0.665833,4,1,6,116,69,185,87,44,131,13,6,19,32.0,17.24,35.63,29.89,12.64,4.6,0.0,0.0,1.15
9000008823,2025-07-10 10:00,0.672222,1,4,6,64,26,89,70,89,159,13,8,21,30.5,14.02,41.12,28.97,11.21,3.74,0.93,0.0,0.0
9000008823,2025-07-10 11:00,0.701944,9,7,16,57,70,127,56,75,131,11,9,20,29.5,13.04,39.13,34.78,8.7,1.09,1.09,2.17,0.0
9000008823,2025-07-10 12:00,0.741111,9,7,16,57,59,116,79,102,180,28,9,38,31.5,13.43,32.84,35.82,15.67,1.49,0.0,0.75,0.0
9000008823,2025-07-10 13:00,0.74,11,12,23,57,56,113,124,73,197,24,19,43,29.5,16.44,31.51,39.73,10.96,0.68,0.68,0.0,0.0
9000008823,2025-07-10 14:00,0.784167,15,3,18,37,42,79,87,86,172,28,26,54,30.0,10.37,22.22,53.33,14.07,0.0,0.0,0.0,0.0
9000008823,2025-07-10 15:00,0.787778,25,3,28,76,68,144,79,74,153,22,27,48,31.0,7.5,26.67,47.5,17.5,0.83,0.0,0.0,0.0
9000008823,2025-07-10 16:00,0.791389,22,5,27,82,87,169,89,110,198,18,26,44,30.0,16.56,26.75,42.04,12.74,1.91,0.0,0.0,0.0
9000008823,2025-07-10 17:00,0.775556,17,5,22,112,92,204,75,97,171,12,13,24,34.0,7.52,29.32,41.35,14.29,5.26,0.0,0.75,1.5
9000008823,2025-07-10 18:00,0.791667,3,9,11,94,123,217,81,100,181,14,10,24,29.5,13.99,25.17,48.25,11.19,1.4,0.0,0.0,0.0
9000008823,2025-07-10 19:00,0.700556,10,9,18,69,75,145,56,61,117,5,12,17,31.5,25.61,20.73,35.37,12.2,2.44,2.44,0.0,0.0
9000008823,2025-07-10 20:00,0.72,5,10,14,73,72,145,51,53,104,3,6,9,29.5,8.0,30.67,50.67,9.33,1.33,1.33,0.0,0.0
9000008823,2025-07-10 21:00,0.04,0,0,0,25,25,50,50,50,100,0,0,0,27.0,0.0,25.0,75.0,0.0,0.0,0.0,0.0,0.0
9000008823,2025-07-11 05:00,0.321111,0,0,0,4,0,4,19,4,23,0,3,3,34.0,0.0,14.29,42.86,42.86,0.0,0.0,0.0,0.0
9000008823,2025-07-11 06:00,0.524444,1,1,3,19,5,24,21,14,35,3,3,5,34.0,0.0,22.22,50.0,27.78,0.0,0.0,0.0,0.0
9000008823,2025-07-11 07:00,0.747778,3,0,3,40,39,79,45,24,70,11,12,22,28.0,30.77,32.69,26.92,9.62,0.0,0.0,0.0,0.0
9000008823,2025-07-11 08:00,0.586667,1,1,3,73,62,135,58,45,103,9,1,10,27.5,43.33,15.0,31.67,11.67,0.0,0.0,0.0,0.0
9000008823,2025-07-11 09:00,0.7625,8,0,8,104,65,169,76,49,125,13,12,25,30.0,11.58,26.32,47.37,14.74,0.0,0.0,0.0,0.0
9000008823,2025-07-11 10:00,0.7625,4,5,9,85,55,140,58,84,142,16,18,34,31.5,8.33,26.85,45.37,16.67,2.78,0.0,0.0,0.0
9000008823,2025-07-11 11:00,0.724722,3,0,3,60,58,118,28,49,77,10,15,25,30.5,12.5,26.79,42.86,16.07,0.0,0.0,0.0,0.0
9000008823,2025-07-11 12:00,0.691667,16,6,21,91,75,167,52,95,147,17,17,34,29.5,13.73,24.51,48.04,8.82,2.94,0.98,0.0,0.0
9000008823,2025-07-11 13:00,0.736111,11,15,26,72,83,155,89,105,194,26,28,54,30.0,14.69,29.37,39.86,11.89,2.8,0.7,0.0,0.0
9000008823,2025-07-11 14:00,0.75,19,12,31,61,60,121,73,84,157,27,32,59,31.5,27.12,25.42,27.12,15.25,1.69,0.85,0.85,0.0
9000008823,2025-07-11 15:00,0.781389,11,10,22,58,91,149,84,105,189,29,18,47,31.5,7.43,31.76,42.57,16.89,0.0,0.0,0.0,1.35
9000008823,2025-07-11 16:00,0.751389,4,9,13,71,95,166,90,75,165,16,9,25,30.5,18.55,23.39,41.94,12.1,4.03,0.0,0.0,0.0
9000008823,2025-07-11 17:00,0.694167,7,6,13,44,53,97,65,62,126,12,7,19,31.0,11.49,24.14,48.28,16.09,0.0,1.15,0.0,0.0
9000008823,2025-07-11 18:00,0.744444,11,6,17,56,59,115,86,74,160,10,12,22,29.0,7.56,35.29,44.54,10.08,0.84,0.84,0.0,0.0
9000008823,2025-07-11 19:00,0.786389,11,11,23,76,56,132,76,81,158,18,10,28,31.5,6.45,29.03,45.16,16.94,0.81,0.81,0.81,0.0
9000008823,2025-07-11 20:00,0.503333,5,7,12,56,42,98,74,77,151,11,5,16,35.0,5.26,22.37,39.47,22.37,2.63,5.26,1.32,0.0
9000008823,2025-07-12 06:00,0.245556,0,0,0,9,4,13,0,11,11,4,3,7,58.5,0.0,0.0,66.67,0.0,0.0,66.67,0.0,0.0
9000008823,2025-07-12 07:00,0.301944,0,0,0,15,0,15,21,8,30,3,5,8,36.0,0.0,33.33,44.44,22.22,0.0,0.0,0.0,0.0
9000008823,2025-07-12 08:00,0.541389,4,0,4,17,7,24,17,20,38,2,2,4,35.5,10.0,0.0,55.0,35.0,0.0,0.0,0.0,0.0
9000008823,2025-07-12 09:00,0.7875,6,0,6,20,8,28,41,24,65,3,9,11,32.5,7.84,17.65,54.9,11.76,3.92,0.0,0.0,3.92
9000008823,2025-07-12 10:00,0.702778,12,1,14,26,18,43,50,39,89,7,1,9,34.0,7.94,14.29,50.79,19.05,7.94,1.59,0.0,0.0
9000008823,2025-07-12 11:00,0.766944,7,3,9,33,21,53,68,49,117,5,8,13,35.0,13.33,14.44,43.33,26.67,2.22,0.0,0.0,0.0
9000008823,2025-07-12 12:00,0.777222,10,4,14,36,36,72,62,69,131,9,23,32,33.0,9.8,20.59,44.12,21.57,0.98,1.96,0.0,0.98
9000008823,2025-07-12 13:00,0.74,20,3,23,46,29,75,112,58,170,20,7,27,32.0,11.9,19.05,50.0,14.29,1.59,1.59,0.0,0.79
9000008823,2025-07-12 14:00,0.763611,12,9,21,39,22,62,109,78,188,16,10,26,33.5,12.59,16.78,44.76,21.68,2.1,0.0,0.7,2.1
9000008823,2025-07-12 15:00,0.7625,10,8,18,33,30,63,133,85,218,14,14,29,31.0,11.45,31.33,39.76,16.27,1.2,0.0,0.0,0.0
9000008823,2025-07-12 16:00,0.754722,3,11,14,39,43,82,71,28,99,17,8,25,29.0,25.33,30.67,32.0,9.33,1.33,1.33,0.0,0.0
9000008823,2025-07-12 17:00,0.775556,6,10,17,38,45,84,112,62,174,19,4,23,31.5,13.33,20.0,47.41,17.04,1.48,0.74,0.0,0.0
9000008823,2025-07-12 18:00,0.77,13,6,19,32,34,67,88,81,168,18,17,35,34.0,9.23,21.54,40.0,26.92,1.54,0.77,0.0,0.0
9000008823,2025-07-12 19:00,0.787222,11,6,18,36,42,77,72,68,141,11,10,22,32.5,6.31,22.52,51.35,13.51,6.31,0.0,0.0,0.0
9000008823,2025-07-12 20:00,0.366944,8,10,18,20,37,56,79,83,162,6,4,10,34.0,0.0,6.78,62.71,28.81,0.0,1.69,0.0,0.0
9000008823,2025-07-13 05:00,0.380556,0,0,0,0,3,3,0,5,5,0,0,0,38.0,0.0,0.0,50.0,100.0,0.0,0.0,0.0,0.0
9000008823,2025-07-13 06:00,0.727778,0,0,0,6,1,8,6,6,12,3,0,3,34.0,0.0,0.0,66.67,22.22,11.11,0.0,0.0,0.0
9000008823,2025-07-13 07:00,0.658333,0,0,0,6,0,6,10,5,15,1,1,2,31.5,0.0,10.0,70.0,20.0,0.0,0.0,0.0,0.0
9000008823,2025-07-13 08:00,0.7975,5,0,5,9,1,10,9,7,16,1,1,2,35.0,0.0,15.38,61.54,23.08,0.0,0.0,0.0,0.0
9000008823,2025-07-13 09:00,0.782778,8,1,9,14,27,41,26,29,55,1,6,8,34.5,4.65,25.58,46.51,20.93,2.33,0.0,0.0,0.0
9000008823,2025-07-13 10:00,0.743333,11,5,16,20,17,37,30,32,62,5,3,8,31.0,6.52,26.09,50.0,13.04,2.17,2.17,0.0,0.0
9000008823,2025-07-13 11:00,0.730556,13,7,20,33,34,67,29,33,62,4,1,5,34.5,4.44,26.67,40.0,22.22,6.67,0.0,0.0,0.0
9000008823,2025-07-13 12:00,0.7025,7,7,14,57,33,90,41,45,86,17,3,20,33.0,8.2,22.95,49.18,14.75,4.92,0.0,0.0,0.0
9000008823,2025-07-13 13:00,0.714722,10,10,20,49,50,100,37,42,78,4,3,7,29.5,16.07,23.21,48.21,10.71,1.79,0.0,0.0,0.0
9000008823,2025-07-13 14:00,0.720833,15,9,25,54,74,128,65,49,114,7,8,15,32.5,7.32,19.51,52.44,17.07,1.22,1.22,1.22,0.0
9000008823,2025-07-13 15:00,0.634722,15,7,21,84,68,152,41,56,97,6,4,10,31.0,18.03,27.87,37.7,16.39,0.0,3.28,0.0,0.0
9000008823,2025-07-13 16:00,0.641667,3,5,8,63,55,119,40,46,85,3,4,7,31.5,21.82,20.0,38.18,20.0,0.0,0.0,0.0,0.0
9000008823,2025-07-13 17:00,0.613333,9,3,13,92,92,184,42,45,87,10,8,18,28.5,45.28,18.87,22.64,13.21,0.0,0.0,0.0,0.0
9000008823,2025-07-13 18:00,0.733611,3,5,8,89,81,170,48,72,120,11,8,19,29.5,14.77,26.14,45.45,9.09,4.55,0.0,0.0,0.0
9000008823,2025-07-13 19:00,0.782778,3,4,6,67,70,136,56,54,110,12,9,21,32.0,12.79,27.91,39.53,18.6,1.16,0.0,0.0,0.0
9000008823,2025-07-13 20:00,0.793611,4,12,15,52,64,116,46,47,92,19,14,33,32.5,0.0,39.73,39.73,17.81,1.37,1.37,0.0,0.0
9000008823,2025-07-13 21:00,0.088889,0,0,0,22,34,56,22,56,79,22,0,22,30.0,0.0,42.86,42.86,0.0,0.0,0.0,0.0,14.29
9000008823,2025-07-14 05:00,0.330278,0,0,0,4,4,8,0,2,2,7,0,7,29.0,0.0,0.0,100.0,0.0,0.0,0.0,0.0,0.0
9000008823,2025-07-14 06:00,0.783333,4,0,4,28,4,32,15,12,27,5,5,10,39.5,4.76,4.76,38.1,38.1,9.52,4.76,0.0,0.0
9000008823,2025-07-14 07:00,0.776667,1,4,5,61,27,88,64,39,103,13,9,22,32.0,8.75,22.5,48.75,13.75,6.25,0.0,0.0,0.0
9000008823,2025-07-14 08:00,0.749167,4,3,7,159,60,219,68,41,110,15,16,30,29.0,8.54,36.59,45.12,8.54,0.0,1.22,0.0,0.0
9000008823,2025-07-14 09:00,0.698056,9,2,10,116,60,177,76,39,116,11,6,17,33.0,19.75,25.93,34.57,16.05,4.94,0.0,0.0,0.0
9000008823,2025-07-14 10:00,0.7075,4,4,8,72,51,123,82,50,132,4,8,13,30.0,12.9,30.11,43.01,9.68,3.23,1.08,0.0,0.0
9000008823,2025-07-14 11:00,0.730833,5,4,10,61,49,111,56,59,115,12,10,22,33.5,7.14,30.95,40.48,14.29,5.95,0.0,0.0,1.19
9000008823,2025-07-14 12:00,0.744167,8,3,11,34,59,93,48,101,149,16,20,36,31.5,6.31,32.43,43.24,14.41,3.6,0.0,0.0,0.0
9000008823,2025-07-14 13:00,0.680278,2,4,6,52,67,119,45,84,129,10,11,21,33.0,18.18,13.64,43.18,20.45,2.27,0.0,1.14,0.0
9000008823,2025-07-14 14:00,0.643611,3,8,11,66,75,142,61,82,143,11,8,19,33.0,19.57,19.57,33.7,23.91,0.0,0.0,2.17,0.0
9000008823,2025-07-14 15:00,0.611111,3,0,3,95,79,175,47,86,133,7,11,18,29.0,27.16,23.46,38.27,8.64,0.0,0.0,1.23,0.0
9000008823,2025-07-14 16:00,0.741944,13,3,16,130,93,224,69,90,158,13,14,27,29.5,8.55,33.33,46.15,8.55,4.27,0.85,0.0,0.0
9000008823,2025-07-14 17:00,0.668056,0,3,3,99,138,237,48,79,127,4,11,15,24.5,37.65,32.94,23.53,7.06,0.0,0.0,0.0,0.0
9000008823,2025-07-14 18:00,0.770278,5,3,8,156,134,290,73,47,119,17,17,34,29.5,14.13,34.78,36.96,9.78,2.17,0.0,0.0,2.17
9000008823,2025-07-14 19:00,0.7875,8,15,23,104,110,214,56,66,122,18,13,31,31.5,7.29,20.83,53.12,15.62,2.08,1.04,0.0,0.0
9000008823,2025-07-14 20:00,0.790833,9,5,14,99,96,195,43,38,81,8,5,13,31.5,10.94,28.12,42.19,14.06,3.12,1.56,0.0,0.0
9000008823,2025-07-14 21:00,0.277222,5,3,8,40,107,147,58,42,99,5,0,5,36.0,7.14,10.71,50.0,28.57,3.57,0.0,0.0,0.0
9000008823,2025-07-15 05:00,0.288611,0,0,0,3,0,3,5,0,5,5,3,7,34.0,0.0,0.0,0.0,100.0,0.0,0.0,0.0,0.0
9000008823,2025-07-15 06:00,0.589167,4,0,4,26,11,37,28,19,47,11,4,16,39.0,14.81,14.81,29.63,29.63,11.11,3.7,0.0,0.0
9000008823,2025-07-15 07:00,0.792222,6,5,11,88,35,124,55,32,86,20,6,26,33.5,4.41,29.41,44.12,11.76,5.88,1.47,1.47,1.47
9000008823,2025-07-15 08:00,0.773889,23,5,28,128,57,185,86,47,132,15,6,22,32.5,8.82,19.61,50.0,20.59,0.0,0.98,0.0,0.0
9000008823,2025-07-15 09:00,0.792222,24,5,29,80,43,123,93,63,156,24,19,43,30.0,19.35,25.81,39.52,11.29,3.23,0.81,0.0,0.0
9000008823,2025-07-15 10:00,0.778611,19,6,26,35,22,56,81,55,136,28,17,45,31.0,22.64,23.58,35.85,16.98,0.94,0.0,0.0,0.0
9000008823,2025-07-15 11:00,0.798333,10,5,15,50,34,84,61,94,155,25,25,50,29.0,12.9,28.23,47.58,9.68,0.81,0.0,0.81,0.0
9000008823,2025-07-15 12:00,0.790556,6,15,22,59,44,104,113,95,208,23,14,37,30.0,13.33,20.61,52.12,10.3,3.64,0.0,0.0,0.0
9000008823,2025-07-15 13:00,0.741667,9,9,18,51,51,102,83,84,167,14,23,36,31.0,13.71,28.23,41.94,12.9,1.61,0.0,0.0,1.61
9000008823,2025-07-15 14:00,0.7825,15,13,28,36,34,70,88,130,218,20,29,50,33.0,7.6,11.7,55.56,22.22,2.92,0.0,0.0,0.0
9000008823,2025-07-15 15:00,0.7225,19,5,25,49,52,101,62,60,122,26,22,48,29.0,22.73,31.82,34.09,11.36,0.0,0.0,0.0,0.0
9000008823,2025-07-15 16:00,0.748611,4,11,15,83,75,158,51,65,116,13,15,28,30.0,17.24,34.48,33.33,11.49,2.3,1.15,0.0,0.0
9000008823,2025-07-15 17:00,0.674167,8,5,14,100,94,195,74,42,116,20,4,24,23.5,33.33,37.18,25.64,2.56,0.0,0.0,0.0,1.28
9000008823,2025-07-15 18:00,0.700556,8,5,13,99,72,171,3,4,7,5,3,7,20.5,20.0,60.0,20.0,0.0,0.0,0.0,0.0,0.0
9000008823,2025-07-15 19:00,0.665833,7,4,11,68,40,109,5,11,15,1,2,3,17.5,50.0,40.0,10.0,0.0,0.0,0.0,0.0,0.0
9000008823,2025-07-15 20:00,0.605,7,97,104,55,121,175,9,9,17,3,3,5,34.5,27.27,45.45,9.09,9.09,9.09,0.0,9.09,0.0
9000008823,2025-07-16 05:00,0.352222,2,0,2,0,0,0,0,0,0,0,0,0,,0.0,0.0,0.0,0.0,0.0,0.0,0.0,0.0
9000008823,2025-07-16 06:00,0.729167,1,1,3,24,0,24,0,0,0,0,0,0,,0.0,0.0,0.0,0.0,0.0,0.0,0.0,0.0
9000008823,2025-07-16 07:00,0.646667,0,0,0,39,19,58,25,10,34,2,0,2,11.5,77.27,22.73,0.0,0.0,0.0,0.0,0.0,0.0
9000008823,2025-07-16 08:00,0.604722,3,2,5,177,51,227,16,3,20,0,0,0,22.5,75.0,0.0,16.67,8.33,0.0,0.0,0.0,0.0
9000008823,2025-07-16 09:00,0.668056,7,3,10,125,46,171,12,3,15,3,1,4,32.5,80.0,0.0,0.0,10.0,0.0,0.0,0.0,10.0
9000008823,2025-07-16 10:00,0.773056,4,8,12,52,17,69,13,16,29,3,1,4,21.5,50.0,31.82,13.64,4.55,0.0,0.0,0.0,0.0
9000008823,2025-07-16 11:00,0.797222,1,8,9,48,21,69,13,5,18,1,0,1,29.5,21.43,50.0,14.29,0.0,7.14,0.0,0.0,7.14
9000008823,2025-07-16 12:00,0.755556,12,8,20,49,12,61,3,1,4,0,1,1,22.5,66.67,0.0,33.33,0.0,0.0,0.0,0.0,0.0
9000008823,2025-07-16 13:00,0.68,6,13,19,62,40,101,4,8,12,0,5,5,42.0,25.0,37.5,12.5,0.0,25.0,0.0,0.0,0.0
9000008823,2025-07-16 14:00,0.738611,4,5,9,35,28,63,5,3,8,3,3,5,13.5,50.0,50.0,0.0,0.0,0.0,0.0,0.0,0.0
9000008823,2025-07-16 15:00,0.795556,16,11,28,66,39,106,8,5,13,1,1,2,17.5,60.0,30.0,10.0,0.0,0.0,0.0,0.0,0.0
9000008823,2025-07-16 16:00,0.776389,19,18,37,81,31,112,8,5,13,0,0,0,23.0,50.0,30.0,20.0,0.0,0.0,0.0,0.0,0.0
9000008823,2025-07-16 17:00,0.766944,6,11,18,87,53,140,8,8,15,4,0,4,26.0,41.67,41.67,8.33,8.33,0.0,0.0,0.0,0.0
9000008823,2025-07-16 18:00,0.631667,2,5,6,100,58,157,13,18,31,0,2,2,15.0,65.0,30.0,0.0,0.0,0.0,0.0,0.0,5.0
9000008823,2025-07-16 19:00,0.776111,5,11,16,98,69,167,12,13,25,5,1,7,13.5,63.16,36.84,0.0,0.0,0.0,0.0,0.0,0.0
9000008823,2025-07-16 20:00,0.793889,8,13,20,83,52,135,14,10,24,4,0,4,17.0,36.84,57.89,5.26,0.0,0.0,0.0,0.0,0.0
9000008823,2025-07-16 21:00,0.092222,11,22,33,33,65,98,22,33,54,0,0,0,23.0,20.0,40.0,40.0,0.0,0.0,0.0,0.0,0.0
9000008823,2025-07-17 05:00,0.533611,0,0,0,7,3,9,3,3,6,0,0,0,47.5,66.67,0.0,0.0,0.0,33.33,0.0,0.0,0.0
9000008823,2025-07-17 06:00,0.588056,1,1,3,29,5,33,3,0,3,0,0,0,19.0,0.0,100.0,0.0,0.0,0.0,0.0,0.0,0.0
9000008823,2025-07-17 07:00,0.661667,0,3,3,24,29,53,21,8,28,1,3,5,15.0,84.21,10.53,5.26,5.26,0.0,0.0,0.0,0.0
9000008823,2025-07-17 08:00,0.725833,11,3,14,147,44,191,13,11,24,3,0,3,29.0,38.89,16.67,33.33,11.11,0.0,0.0,0.0,0.0
9000008823,2025-07-17 09:00,0.769722,8,4,11,105,40,145,19,22,41,6,4,10,22.5,46.88,31.25,21.88,0.0,0.0,0.0,0.0,0.0
9000008823,2025-07-17 10:00,0.783889,6,14,21,57,22,79,14,15,29,4,1,5,23.0,43.48,21.74,34.78,0.0,0.0,0.0,0.0,0.0
9000008823,2025-07-17 11:00,0.784167,6,8,14,33,33,66,21,18,39,1,0,1,31.0,16.13,41.94,25.81,12.9,3.23,0.0,0.0,0.0
9000008823,2025-07-17 12:00,0.769722,13,8,21,48,39,87,18,8,26,5,4,9,20.0,40.0,45.0,10.0,5.0,0.0,0.0,0.0,0.0
9000008823,2025-07-17 13:00,0.795833,16,13,29,24,30,54,5,10,15,4,4,8,28.0,25.0,33.33,33.33,8.33,0.0,0.0,0.0,0.0
9000008823,2025-07-17 14:00,0.782222,22,1,23,29,36,65,25,20,46,4,1,5,25.5,25.0,36.11,36.11,2.78,0.0,0.0,0.0,0.0
9000008823,2025-07-17 15:00,0.788611,15,5,20,29,37,66,11,23,34,4,1,5,26.5,25.93,22.22,44.44,3.7,3.7,0.0,0.0,0.0
9000008823,2025-07-17 16:00,0.786389,15,8,23,37,37,74,25,25,51,4,0,4,27.5,20.0,45.0,27.5,5.0,2.5,0.0,0.0,0.0
9000008823,2025-07-17 17:00,0.796944,10,4,14,44,31,75,22,26,48,5,1,6,27.5,28.95,28.95,34.21,7.89,0.0,0.0,0.0,0.0
9000008823,2025-07-17 18:00,0.79,11,9,20,37,40,77,20,19,39,6,3,9,23.5,25.81,38.71,29.03,6.45,0.0,0.0,0.0,0.0
9000008823,2025-07-17 19:00,0.786111,17,14,31,31,53,84,25,20,46,4,3,6,29.5,27.78,38.89,19.44,11.11,2.78,0.0,0.0,0.0
9000008823,2025-07-17 20:00,0.574722,5,7,13,42,31,72,19,19,38,0,0,0,26.5,27.27,50.0,22.73,0.0,0.0,0.0,0.0,0.0
9000008823,2025-07-18 05:00,0.313889,0,0,0,0,0,0,0,0,0,0,0,0,,0.0,0.0,0.0,0.0,0.0,0.0,0.0,0.0
9000008823,2025-07-18 06:00,0.66,3,1,4,20,8,27,3,3,5,0,0,0,62.0,66.67,0.0,33.33,0.0,0.0,0.0,33.33,0.0
9000008823,2025-07-18 07:00,0.760833,5,1,6,38,23,61,10,7,17,1,0,1,35.0,53.85,15.38,7.69,23.08,0.0,0.0,0.0,0.0
9000008823,2025-07-18 08:00,0.776667,10,4,14,101,39,140,6,4,10,1,1,3,34.0,12.5,0.0,62.5,25.0,0.0,0.0,0.0,0.0
9000008823,2025-07-18 09:00,0.789167,10,8,18,107,25,133,4,5,9,4,0,4,28.0,42.86,0.0,57.14,0.0,0.0,0.0,0.0,0.0
9000008823,2025-07-18 10:00,0.711667,1,6,7,69,13,81,1,1,3,1,0,1,4.0,100.0,0.0,0.0,0.0,0.0,0.0,0.0,0.0
9000008823,2025-07-18 11:00,0.746667,8,5,13,54,30,83,8,5,13,1,0,1,46.0,50.0,20.0,0.0,0.0,30.0,0.0,0.0,0.0
9000008823,2025-07-18 12:00,0.754722,16,13,29,70,28,98,6,7,13,1,0,1,18.5,50.0,40.0,10.0,0.0,0.0,0.0,0.0,0.0
9000008823,2025-07-18 13:00,0.774722,11,9,20,74,48,122,9,13,22,3,3,5,23.5,29.41,47.06,17.65,5.88,0.0,0.0,0.0,0.0
9000008823,2025-07-18 14:00,0.786389,6,14,20,74,55,128,13,10,23,1,1,3,21.5,16.67,66.67,11.11,0.0,0.0,0.0,0.0,5.56
9000008823,2025-07-18 15:00,0.7525,16,22,38,90,94,184,8,5,13,4,1,5,23.5,60.0,10.0,20.0,10.0,0.0,0.0,0.0,0.0
9000008823,2025-07-18 16:00,0.658056,1,5,6,51,62,113,16,13,29,0,1,1,11.5,78.95,15.79,5.26,0.0,0.0,0.0,0.0,0.0
9000008823,2025-07-18 17:00,0.597778,3,3,6,109,68,177,10,12,22,2,0,2,12.5,76.92,15.38,7.69,0.0,0.0,0.0,0.0,0.0
9000008823,2025-07-18 18:00,0.715278,3,4,7,127,75,201,12,14,27,10,3,12,16.0,57.89,31.58,10.53,0.0,0.0,0.0,0.0,0.0
9000008823,2025-07-18 19:00,0.712222,1,3,4,75,80,155,10,20,30,1,1,3,13.0,76.19,23.81,0.0,0.0,0.0,0.0,0.0,0.0
9000008823,2025-07-18 20:00,0.788611,9,14,23,91,88,179,12,13,24,5,4,9,26.0,15.79,36.84,36.84,10.53,0.0,0.0,0.0,0.0
9000008823,2025-07-18 21:00,0.081944,0,0,0,24,37,61,12,12,24,0,0,0,38.5,0.0,50.0,0.0,50.0,0.0,0.0,0.0,0.0
9000008823,2025-07-19 05:00,0.404167,2,0,2,0,0,0,2,0,2,0,0,0,19.0,0.0,100.0,0.0,0.0,0.0,0.0,0.0,0.0
9000008823,2025-07-19 06:00,0.741667,1,3,4,6,0,6,1,1,2,0,0,0,8.5,100.0,0.0,0.0,0.0,0.0,0.0,0.0,0.0
9000008823,2025-07-19 07:00,0.6525,3,0,3,9,0,9,2,0,2,0,1,1,4.0,100.0,0.0,0.0,0.0,0.0,0.0,0.0,0.0
9000008823,2025-07-19 08:00,0.536389,0,0,0,32,11,43,3,2,5,0,2,2,17.5,66.67,33.33,0.0,0.0,0.0,0.0,0.0,0.0
9000008823,2025-07-19 09:00,0.5925,5,8,13,71,28,99,5,2,6,0,0,0,4.0,100.0,0.0,0.0,0.0,0.0,0.0,0.0,0.0
9000008823,2025-07-19 10:00,0.703333,6,12,17,88,26,114,6,3,9,0,0,0,20.5,50.0,33.33,16.67,0.0,0.0,0.0,0.0,0.0
9000008823,2025-07-19 11:00,0.678611,4,6,10,79,38,117,15,9,24,0,1,1,16.5,56.25,37.5,6.25,0.0,0.0,0.0,0.0,0.0
9000008823,2025-07-19 12:00,0.702778,3,6,9,66,58,124,9,1,10,3,0,3,29.5,71.43,0.0,14.29,0.0,0.0,14.29,0.0,0.0
9000008823,2025-07-19 13:00,0.67,1,6,7,79,61,140,12,12,24,3,0,3,18.0,62.5,25.0,0.0,6.25,0.0,6.25,0.0,0.0
9000008823,2025-07-19 14:00,0.670556,9,12,21,88,82,170,9,4,13,0,0,0,24.0,33.33,33.33,22.22,0.0,11.11,0.0,0.0,0.0
9000008823,2025-07-19 15:00,0.635278,10,5,15,91,92,183,39,11,50,6,0,6,25.5,40.62,21.88,31.25,6.25,0.0,0.0,0.0,0.0
9000008823,2025-07-19 16:00,0.551667,0,2,2,84,51,135,30,3,33,5,2,7,22.0,44.44,38.89,22.22,0.0,0.0,0.0,0.0,0.0
9000008823,2025-07-19 17:00,0.540556,0,7,7,69,19,88,4,13,16,4,0,4,5.0,100.0,0.0,0.0,0.0,0.0,0.0,0.0,0.0
9000008823,2025-07-19 18:00,0.66,3,6,9,69,44,112,12,9,21,3,2,5,14.0,78.57,14.29,0.0,7.14,0.0,0.0,0.0,0.0
9000008823,2025-07-19 19:00,0.661667,8,6,14,84,52,136,10,8,18,2,0,2,9.5,83.33,0.0,16.67,0.0,0.0,0.0,0.0,0.0
9000008823,2025-07-19 20:00,0.795278,6,5,11,79,60,140,6,6,13,4,3,6,21.5,40.0,40.0,20.0,0.0,0.0,0.0,0.0,0.0
9000008823,2025-07-19 21:00,0.181667,6,6,11,61,22,83,11,0,11,0,0,0,103.5,0.0,50.0,0.0,0.0,0.0,0.0,0.0,50.0
9000008823,2025-07-20 05:00,0.510833,2,2,4,2,0,2,0,1,1,0,0,0,24.0,0.0,0.0,100.0,0.0,0.0,0.0,0.0,0.0
9000008823,2025-07-20 06:00,0.800556,1,0,1,5,0,5,0,0,0,0,0,0,,0.0,0.0,0.0,0.0,0.0,0.0,0.0,0.0
9000008823,2025-07-20 07:00,0.653889,0,3,3,6,6,12,0,2,2,0,2,2,9.0,100.0,0.0,0.0,0.0,0.0,0.0,0.0,0.0
9000008823,2025-07-20 08:00,0.572222,2,0,2,14,10,24,5,0,5,0,0,0,4.0,100.0,0.0,0.0,0.0,0.0,0.0,0.0,0.0
9000008823,2025-07-20 09:00,0.707778,1,6,7,60,11,72,6,6,11,0,0,0,24.0,50.0,25.0,12.5,12.5,0.0,0.0,0.0,0.0
9000008823,2025-07-20 10:00,0.708611,7,6,13,59,25,85,13,10,23,3,4,7,19.0,43.75,43.75,6.25,6.25,0.0,0.0,0.0,0.0
9000008823,2025-07-20 11:00,0.675,3,6,9,80,36,116,5,8,12,0,0,0,17.0,50.0,50.0,0.0,0.0,0.0,0.0,0.0,0.0
9000008823,2025-07-20 12:00,0.703889,0,7,7,69,61,130,16,11,27,1,3,4,15.5,57.89,31.58,0.0,10.53,0.0,0.0,0.0,0.0
9000008823,2025-07-20 13:00,0.674722,7,13,21,83,61,144,16,6,22,0,1,1,24.0,53.33,26.67,6.67,6.67,0.0,0.0,0.0,6.67
9000008823,2025-07-20 14:00,0.703611,13,1,14,116,58,174,8,7,16,0,0,0,22.0,63.64,18.18,9.09,0.0,0.0,0.0,9.09,0.0
9000008823,2025-07-20 15:00,0.659167,7,3,10,119,56,175,23,3,26,5,0,5,26.0,47.06,17.65,35.29,0.0,0.0,0.0,0.0,0.0
9000008823,2025-07-20 16:00,0.684722,30,12,41,116,88,204,21,6,27,1,0,1,21.5,38.89,38.89,22.22,0.0,0.0,0.0,0.0,0.0
9000008823,2025-07-20 17:00,0.65,10,8,17,86,64,150,18,14,32,3,3,6,21.0,65.0,15.0,20.0,0.0,0.0,0.0,0.0,0.0
9000008823,2025-07-20 18:00,0.685,9,19,28,134,141,275,45,16,61,3,0,3,16.0,50.0,40.48,7.14,2.38,0.0,0.0,0.0,0.0
9000008823,2025-07-20 19:00,0.771111,8,16,23,100,85,185,22,7,29,8,0,8,24.5,45.45,22.73,27.27,0.0,0.0,4.55,0.0,0.0
9000008823,2025-07-20 20:00,0.781667,5,10,15,76,112,188,34,15,50,4,0,4,23.5,33.33,46.15,10.26,7.69,0.0,2.56,0.0,0.0
9000008823,2025-07-20 21:00,0.118056,8,0,8,59,85,144,8,8,17,0,0,0,13.5,50.0,50.0,0.0,0.0,0.0,0.0,0.0,0.0
9000008823,2025-07-21 05:00,0.238889,0,0,0,0,0,0,0,3,3,0,0,0,14.0,0.0,100.0,0.0,0.0,0.0,0.0,0.0,0.0
9000008823,2025-07-21 06:00,0.794444,9,4,12,23,3,25,11,4,15,5,0,5,26.0,16.67,25.0,50.0,8.33,0.0,0.0,0.0,0.0
9000008823,2025-07-21 07:00,0.793056,16,3,19,38,21,60,10,3,13,3,0,3,23.5,30.0,40.0,30.0,0.0,0.0,0.0,0.0,0.0
9000008823,2025-07-21 08:00,0.786944,37,15,52,89,32,121,10,4,14,2,4,6,66.5,36.36,36.36,9.09,0.0,0.0,0.0,9.09,9.09
9000008823,2025-07-21 09:00,0.793611,19,9,28,78,26,104,16,15,31,0,0,0,18.0,36.0,60.0,4.0,0.0,0.0,0.0,0.0,0.0
9000008823,2025-07-21 10:00,0.786111,18,10,28,59,15,74,4,1,5,3,1,4,22.0,25.0,50.0,25.0,0.0,0.0,0.0,0.0,0.0
9000008823,2025-07-21 11:00,0.788889,11,6,18,41,27,67,11,13,24,0,1,1,25.5,31.58,42.11,21.05,0.0,5.26,0.0,0.0,0.0
9000008823,2025-07-21 12:00,0.780556,10,4,14,35,44,78,9,9,18,4,3,6,18.0,28.57,64.29,7.14,0.0,0.0,0.0,0.0,0.0
9000008823,2025-07-21 13:00,0.762222,12,12,24,34,28,62,13,11,24,0,1,1,26.0,38.89,16.67,33.33,11.11,0.0,0.0,0.0,0.0
9000008823,2025-07-21 14:00,0.743889,8,8,16,30,37,67,12,13,26,4,0,4,14.0,63.16,31.58,5.26,0.0,0.0,0.0,0.0,0.0
9000008823,2025-07-21 15:00,0.778889,12,13,24,50,14,64,10,12,22,3,0,3,19.5,11.76,76.47,5.88,5.88,0.0,0.0,0.0,0.0
9000008823,2025-07-21 16:00,0.774444,10,17,27,57,49,106,14,8,22,1,1,3,22.5,52.94,29.41,5.88,11.76,0.0,0.0,0.0,0.0
9000008823,2025-07-21 17:00,0.640833,4,8,12,43,26,69,16,11,27,3,1,4,20.0,17.65,70.59,17.65,0.0,0.0,0.0,0.0,0.0
9000008823,2025-07-21 18:00,0.571667,1,8,9,23,23,45,9,11,20,1,0,1,23.0,36.36,36.36,18.18,9.09,0.0,0.0,0.0,0.0
9000008823,2025-07-21 19:00,0.125278,8,16,24,16,16,32,16,8,24,0,0,0,12.5,66.67,33.33,0.0,0.0,0.0,0.0,0.0,0.0
9000008823,2025-07-21 20:00,0.091111,0,0,0,0,11,11,33,22,55,0,0,0,18.0,20.0,80.0,0.0,0.0,0.0,0.0,0.0,0.0
9000008823,2025-07-22 05:00,0.120556,0,0,0,0,0,0,0,0,0,0,0,0,,0.0,0.0,0.0,0.0,0.0,0.0,0.0,0.0
9000008823,2025-07-22 06:00,0.586667,4,6,11,15,0,15,0,0,0,0,0,0,,0.0,0.0,0.0,0.0,0.0,0.0,0.0,0.0
9000008823,2025-07-22 07:00,0.734722,9,8,17,62,21,83,2,4,6,1,0,1,16.5,20.0,80.0,0.0,0.0,0.0,0.0,0.0,0.0
9000008823,2025-07-22 08:00,0.68,6,2,8,125,59,184,15,4,19,0,0,0,32.0,46.15,30.77,7.69,23.08,0.0,0.0,0.0,0.0
9000008823,2025-07-22 09:00,0.553333,3,5,9,78,47,125,20,18,38,10,0,10,35.0,42.86,19.05,14.29,14.29,4.76,4.76,0.0,0.0
9000008823,2025-07-22 10:00,0.671667,9,4,13,55,32,86,18,10,28,6,1,7,20.0,57.89,26.32,15.79,0.0,0.0,0.0,0.0,0.0
9000008823,2025-07-22 11:00,0.693889,0,12,12,33,35,68,9,16,25,0,7,7,19.0,52.94,35.29,11.76,0.0,0.0,0.0,0.0,0.0
9000008823,2025-07-22 12:00,0.706389,11,8,20,28,32,60,10,15,25,1,25,26,24.0,38.89,33.33,22.22,5.56,0.0,0.0,0.0,0.0
9000008823,2025-07-22 13:00,0.777222,21,10,31,23,30,54,10,8,18,4,3,6,19.0,50.0,42.86,7.14,0.0,0.0,0.0,0.0,0.0
9000008823,2025-07-22 14:00,0.774444,17,20,37,50,37,87,14,12,26,1,0,1,24.5,35.0,45.0,10.0,10.0,0.0,0.0,0.0,0.0
9000008823,2025-07-22 15:00,0.724722,22,8,30,47,46,93,7,5,12,0,4,4,16.5,44.44,55.56,0.0,0.0,0.0,0.0,0.0,0.0
9000008823,2025-07-22 16:00,0.678056,8,10,18,92,56,148,9,8,17,1,3,4,21.5,27.27,54.55,18.18,0.0,0.0,0.0,0.0,0.0
9000008823,2025-07-22 17:00,0.673611,7,4,11,68,54,121,7,8,15,2,0,2,27.5,40.0,10.0,60.0,0.0,0.0,0.0,0.0,0.0
9000008823,2025-07-22 18:00,0.775,22,27,49,72,95,167,9,12,20,0,0,0,24.5,18.75,50.0,25.0,0.0,6.25,0.0,0.0,0.0
9000008823,2025-07-22 19:00,0.792222,24,28,52,84,56,139,4,6,10,0,1,1,39.0,12.5,25.0,37.5,12.5,0.0,0.0,12.5,0.0
9000008823,2025-07-22 20:00,0.5625,10,10,20,72,48,120,10,5,15,0,1,1,21.5,37.5,37.5,25.0,0.0,0.0,0.0,0.0,0.0
9000008823,2025-07-23 06:00,0.346111,0,0,0,12,0,12,0,0,0,0,0,0,,0.0,0.0,0.0,0.0,0.0,0.0,0.0,0.0
9000008823,2025-07-23 07:00,0.6725,16,3,19,34,10,44,0,3,3,0,0,0,23.5,0.0,50.0,50.0,0.0,0.0,0.0,0.0,0.0
9000008823,2025-07-23 08:00,0.793056,18,7,26,65,34,100,9,5,14,1,2,4,21.5,9.09,72.73,18.18,0.0,0.0,0.0,0.0,0.0
9000008823,2025-07-23 09:00,0.781389,26,6,32,61,19,81,4,5,9,1,0,1,22.5,14.29,57.14,28.57,0.0,0.0,0.0,0.0,0.0
9000008823,2025-07-23 10:00,0.793333,9,6,15,29,21,50,5,11,16,1,3,4,24.0,7.69,46.15,46.15,0.0,0.0,0.0,0.0,0.0
9000008823,2025-07-23 11:00,0.798333,18,6,24,59,21,80,2,6,9,5,1,6,25.0,14.29,42.86,28.57,14.29,0.0,0.0,0.0,0.0
9000008823,2025-07-23 12:00,0.775278,10,6,17,36,30,66,9,9,18,1,1,3,20.0,28.57,57.14,14.29,0.0,0.0,0.0,0.0,0.0
9000008823,2025-07-23 13:00,0.7925,18,6,24,32,22,53,5,10,15,1,1,3,31.0,16.67,33.33,33.33,8.33,0.0,0.0,0.0,8.33
9000008823,2025-07-23 14:00,0.796944,11,6,18,40,29,69,9,6,15,3,1,4,27.0,16.67,58.33,25.0,0.0,0.0,0.0,0.0,0.0
9000008823,2025-07-23 15:00,0.7825,8,10,18,43,35,78,10,6,17,0,4,4,20.0,30.77,53.85,0.0,15.38,0.0,0.0,0.0,0.0
9000008823,2025-07-23 16:00,0.7925,27,16,43,65,49,114,13,19,32,5,0,5,19.5,48.0,40.0,12.0,0.0,0.0,0.0,0.0,0.0
9000008823,2025-07-23 17:00,0.748611,8,8,16,47,31,78,8,8,16,5,1,7,23.5,33.33,33.33,25.0,8.33,0.0,0.0,0.0,0.0
9000008823,2025-07-23 18:00,0.7825,18,24,42,51,53,104,13,9,22,0,0,0,14.5,52.94,35.29,11.76,0.0,0.0,0.0,0.0,0.0
9000008823,2025-07-23 19:00,0.770278,15,8,23,47,31,78,9,8,17,1,0,1,15.5,53.85,38.46,7.69,0.0,0.0,0.0,0.0,0.0
9000008823,2025-07-23 20:00,0.251389,5,3,8,20,12,32,7,7,14,0,0,0,12.5,100.0,33.33,0.0,0.0,0.0,0.0,0.0,0.0
9000008823,2025-07-24 05:00,0.291944,0,0,0,0,0,0,0,0,0,0,0,0,,0.0,0.0,0.0,0.0,0.0,0.0,0.0,0.0
9000008823,2025-07-24 06:00,0.727778,6,5,12,21,0,21,0,1,1,0,0,0,9.0,100.0,0.0,0.0,0.0,0.0,0.0,0.0,0.0
9000008823,2025-07-24 07:00,0.803333,12,4,16,57,19,76,1,5,6,0,1,1,21.5,40.0,40.0,20.0,0.0,0.0,0.0,0.0,0.0
9000008823,2025-07-24 08:00,0.786667,15,5,20,122,28,150,8,4,11,0,3,3,23.5,33.33,44.44,11.11,11.11,0.0,0.0,0.0,0.0
9000008823,2025-07-24 09:00,0.780556,13,4,17,112,26,137,6,3,9,1,1,3,29.5,14.29,28.57,42.86,14.29,0.0,0.0,0.0,0.0
9000008823,2025-07-24 10:00,0.755556,7,3,9,50,29,79,10,8,18,7,3,9,22.5,28.57,50.0,21.43,0.0,0.0,0.0,0.0,0.0
9000008823,2025-07-24 11:00,0.730278,3,6,8,54,26,80,14,11,25,4,1,5,13.0,77.78,22.22,0.0,0.0,0.0,0.0,0.0,0.0
9000008823,2025-07-24 12:00,0.745278,12,15,27,69,23,92,15,11,26,7,3,9,26.0,68.42,10.53,10.53,0.0,5.26,5.26,0.0,0.0
9000008823,2025-07-24 13:00,0.797778,10,18,28,66,46,113,10,15,25,1,0,1,21.5,35.0,45.0,20.0,0.0,0.0,0.0,0.0,0.0
9000008823,2025-07-24 14:00,0.7825,8,5,13,92,35,127,17,10,27,3,3,5,24.5,38.1,38.1,19.05,4.76,0.0,0.0,0.0,0.0
9000008823,2025-07-24 15:00,0.7725,18,13,31,86,44,129,20,12,32,6,0,6,30.0,12.0,44.0,28.0,16.0,0.0,0.0,0.0,0.0
9000008823,2025-07-24 16:00,0.788889,14,20,34,110,80,190,20,11,32,8,1,9,33.5,16.0,32.0,28.0,16.0,4.0,0.0,0.0,4.0
9000008823,2025-07-24 17:00,0.792778,19,13,32,97,90,186,23,17,39,4,0,4,32.5,12.9,22.58,41.94,19.35,3.23,0.0,0.0,0.0
9000008823,2025-07-24 18:00,0.79,16,14,30,114,119,233,23,13,35,5,0,5,26.0,14.29,53.57,25.0,3.57,3.57,0.0,0.0,0.0
9000008823,2025-07-24 19:00,0.793611,8,16,24,95,106,200,20,20,40,6,1,8,29.0,6.25,50.0,31.25,9.38,0.0,3.12,0.0,0.0
9000008823,2025-07-24 20:00,0.795556,6,13,19,55,78,133,14,6,20,6,0,6,41.0,0.0,6.25,62.5,12.5,18.75,0.0,0.0,0.0
9000008823,2025-07-24 21:00,0.051389,0,0,0,58,39,97,19,0,19,0,0,0,24.0,0.0,0.0,100.0,0.0,0.0,0.0,0.0,0.0
9000008823,2025-07-25 06:00,0.439444,3,0,3,16,11,27,22,12,34,2,2,4,32.5,6.67,26.67,46.67,6.67,0.0,0.0,0.0,6.67
9000008823,2025-07-25 07:00,0.5175,16,4,20,15,15,30,17,14,31,11,11,22,25.0,6.25,31.25,56.25,0.0,0.0,0.0,6.25,0.0
9000008823,2025-07-25 08:00,0.792778,18,4,21,38,22,60,23,39,62,10,11,22,30.5,12.24,38.78,32.65,12.24,2.04,0.0,0.0,2.04
9000008823,2025-07-25 09:00,0.775278,6,3,9,53,39,92,41,41,83,5,10,16,30.0,9.38,32.81,43.75,12.5,1.56,0.0,0.0,0.0
9000008823,2025-07-25 10:00,0.752222,23,8,31,43,38,81,57,41,99,9,9,19,33.0,6.76,37.84,35.14,14.86,5.41,0.0,0.0,0.0
9000008823,2025-07-25 11:00,0.745556,10,3,12,66,41,107,52,55,107,12,12,24,33.0,10.13,24.05,46.84,12.66,5.06,1.27,0.0,1.27
9000008823,2025-07-25 12:00,0.778056,15,8,23,57,49,106,95,80,175,19,15,35,30.5,4.41,26.47,52.94,13.97,2.21,0.0,0.0,0.0
9000008823,2025-07-25 13:00,0.776667,10,13,23,67,49,115,86,80,166,21,21,41,30.0,14.73,27.13,43.41,10.08,2.33,1.55,0.78,0.0
9000008823,2025-07-25 14:00,0.778333,14,4,18,65,48,113,107,106,213,22,15,37,28.5,15.06,38.55,36.14,9.04,1.2,0.0,0.0,0.0
9000008823,2025-07-25 15:00,0.783889,12,11,23,46,43,89,68,63,131,10,17,27,27.5,18.63,33.33,39.22,7.84,0.98,0.0,0.0,0.0
9000008823,2025-07-25 16:00,0.552222,0,0,0,60,66,127,41,65,106,10,12,22,26.5,29.31,34.48,29.31,5.17,1.72,0.0,0.0,0.0
9000008823,2025-07-25 17:00,0.534444,9,0,9,44,42,86,18,34,52,6,5,11,28.5,35.71,35.71,14.29,10.71,3.57,0.0,0.0,0.0
9000008823,2025-07-25 18:00,0.693611,12,17,29,65,71,135,45,40,85,5,7,13,32.5,18.64,25.42,33.9,15.25,3.39,1.69,0.0,1.69
9000008823,2025-07-25 19:00,0.693333,7,3,10,91,83,174,36,67,103,7,9,16,28.0,33.33,22.22,36.11,8.33,1.39,0.0,0.0,0.0
9000008823,2025-07-25 20:00,0.797778,18,10,28,63,82,144,43,48,90,16,9,25,33.5,20.83,22.22,31.94,22.22,0.0,2.78,0.0,0.0
9000008823,2025-07-25 21:00,0.053056,0,19,19,38,113,151,38,75,113,0,0,0,35.5,0.0,33.33,50.0,16.67,0.0,0.0,0.0,0.0
9000008823,2025-07-26 05:00,0.161667,4,0,4,0,0,0,4,0,4,0,0,0,14.0,0.0,100.0,0.0,0.0,0.0,0.0,0.0,0.0
9000008823,2025-07-26 06:00,0.531667,6,0,6,0,1,1,17,10,26,0,0,0,31.5,21.43,14.29,42.86,14.29,7.14,0.0,0.0,0.0
9000008823,2025-07-26 07:00,0.795,5,1,6,11,14,25,8,8,15,6,0,6,31.0,8.33,16.67,58.33,16.67,0.0,0.0,0.0,0.0
9000008823,2025-07-26 08:00,0.7925,4,3,6,23,14,37,11,10,21,5,4,9,37.0,5.88,35.29,35.29,11.76,11.76,0.0,0.0,0.0
9000008823,2025-07-26 09:00,0.793056,14,5,19,46,20,67,15,8,23,6,1,7,31.5,16.67,22.22,38.89,22.22,0.0,0.0,0.0,0.0
9000008823,2025-07-26 10:00,0.787222,22,10,32,66,32,98,32,25,57,4,4,8,35.5,8.89,22.22,51.11,13.33,0.0,2.22,0.0,2.22
9000008823,2025-07-26 11:00,0.784722,18,10,28,56,43,100,41,49,90,9,9,18,30.0,9.86,29.58,45.07,15.49,0.0,0.0,0.0,0.0
9000008823,2025-07-26 12:00,0.793611,6,9,15,76,59,135,48,58,106,20,6,26,28.5,11.9,33.33,47.62,5.95,1.19,0.0,0.0,0.0
9000008823,2025-07-26 13:00,0.785,2,5,8,84,48,133,62,66,128,21,11,32,31.0,9.9,34.65,37.62,13.86,1.98,0.0,1.98,0.0
9000008823,2025-07-26 14:00,0.776389,12,13,24,79,58,137,76,71,147,13,10,23,29.5,21.93,25.44,38.6,7.02,2.63,2.63,0.0,1.75
9000008823,2025-07-26 15:00,0.757778,10,5,15,100,47,147,65,44,108,12,6,18,33.0,3.66,28.05,47.56,17.07,2.44,2.44,0.0,0.0
9000008823,2025-07-26 16:00,0.616111,5,4,9,77,45,122,50,35,84,14,7,22,29.5,13.46,25.0,46.15,11.54,1.92,0.0,0.0,0.0
9000008823,2025-07-26 17:00,0.705556,4,0,4,56,58,114,56,35,92,7,7,14,29.5,21.54,26.15,40.0,10.77,3.08,0.0,0.0,0.0
9000008823,2025-07-26 18:00,0.7825,10,5,15,82,110,192,84,34,119,17,13,30,33.0,4.3,26.88,49.46,10.75,7.53,1.08,0.0,0.0
9000008823,2025-07-26 19:00,0.777778,9,1,10,48,83,131,37,45,83,5,8,13,34.0,3.12,34.38,35.94,20.31,4.69,0.0,1.56,0.0
9000008823,2025-07-26 20:00,0.774167,4,4,8,64,59,123,49,39,88,5,3,8,32.0,0.0,19.12,58.82,19.12,1.47,1.47,0.0,0.0
9000008823,2025-07-26 21:00,0.04,25,0,25,0,75,75,0,25,25,0,0,0,44.0,0.0,0.0,0.0,0.0,100.0,0.0,0.0,0.0
9000008823,2025-07-27 05:00,0.328333,0,0,0,2,6,9,14,2,17,0,0,0,34.0,0.0,0.0,20.0,80.0,0.0,0.0,0.0,0.0
9000008823,2025-07-27 06:00,0.795,1,0,1,6,2,9,4,9,13,0,0,0,34.0,0.0,0.0,70.0,20.0,10.0,0.0,0.0,0.0
9000008823,2025-07-27 07:00,0.776389,1,0,1,4,6,10,9,4,13,1,0,1,31.0,40.0,20.0,20.0,20.0,0.0,0.0,0.0,0.0
9000008823,2025-07-27 08:00,0.7575,4,0,4,8,16,24,19,4,23,1,0,1,29.0,17.65,23.53,47.06,11.76,0.0,0.0,0.0,0.0
9000008823,2025-07-27 09:00,0.771667,10,4,14,42,13,55,11,8,19,0,1,1,30.0,13.33,40.0,33.33,13.33,0.0,0.0,0.0,0.0
9000008823,2025-07-27 10:00,0.769722,10,7,17,39,30,68,21,26,47,4,3,6,31.5,2.78,50.0,27.78,16.67,2.78,0.0,0.0,0.0
9000008823,2025-07-27 11:00,0.773333,23,8,30,61,53,114,27,30,57,3,5,8,35.5,11.36,25.0,38.64,20.45,2.27,2.27,0.0,0.0
9000008823,2025-07-27 12:00,0.739722,8,19,27,58,53,111,21,28,50,1,1,3,34.5,5.41,32.43,37.84,18.92,5.41,0.0,0.0,0.0
9000008823,2025-07-27 13:00,0.699722,6,6,11,60,66,126,35,47,82,5,6,10,29.5,10.53,35.09,40.35,10.53,1.75,0.0,1.75,0.0
9000008823,2025-07-27 14:00,0.762222,13,7,20,120,76,197,48,56,104,3,3,5,30.0,11.39,30.38,44.3,10.13,3.8,0.0,0.0,0.0
9000008823,2025-07-27 15:00,0.644444,21,9,29,130,82,212,32,37,69,1,1,3,25.0,27.27,40.91,27.27,4.55,2.27,0.0,0.0,0.0
9000008823,2025-07-27 16:00,0.476667,0,2,2,113,100,213,40,31,71,2,2,4,23.0,44.12,32.35,20.59,2.94,0.0,0.0,0.0,0.0
9000008823,2025-07-27 17:00,0.661667,14,16,30,80,105,185,33,33,65,3,3,5,28.5,37.21,27.91,23.26,9.3,0.0,0.0,0.0,2.33
9000008823,2025-07-27 18:00,0.772778,9,18,27,104,134,237,43,40,82,9,4,13,28.0,6.25,35.94,46.88,7.81,0.0,1.56,0.0,1.56
9000008823,2025-07-27 19:00,0.776389,19,17,36,107,102,209,43,36,79,9,1,10,33.0,14.75,22.95,40.98,13.11,4.92,1.64,0.0,1.64
9000008823,2025-07-27 20:00,0.472222,5,11,16,85,97,182,19,49,69,6,5,11,34.0,12.5,15.62,37.5,25.0,3.12,6.25,0.0,0.0
9000008823,2025-07-28 05:00,0.080556,0,0,0,0,0,0,0,0,0,0,0,0,,0.0,0.0,0.0,0.0,0.0,0.0,0.0,0.0
9000008823,2025-07-28 06:00,0.786111,6,1,8,15,3,18,13,8,20,9,1,10,39.5,0.0,18.75,37.5,31.25,12.5,0.0,0.0,0.0
9000008823,2025-07-28 07:00,0.792778,18,3,20,38,19,57,29,23,52,15,1,16,38.0,7.32,9.76,39.02,31.71,12.2,0.0,0.0,0.0
9000008823,2025-07-28 08:00,0.784167,19,6,26,101,36,137,42,33,75,9,9,18,34.0,1.69,27.12,44.07,18.64,3.39,3.39,0.0,1.69
9000008823,2025-07-28 09:00,0.766111,9,5,14,72,39,111,51,38,89,9,3,12,29.0,10.29,26.47,54.41,7.35,1.47,0.0,0.0,0.0
9000008823,2025-07-28 10:00,0.749444,15,7,21,56,67,122,53,24,77,8,0,8,29.5,10.53,29.82,45.61,12.28,1.75,0.0,0.0,0.0
9000008823,2025-07-28 11:00,0.704444,8,4,12,40,43,83,60,49,108,14,6,20,31.0,5.26,27.63,50.0,13.16,2.63,0.0,0.0,1.32
9000008823,2025-07-28 12:00,0.728333,11,1,12,34,52,86,49,50,99,8,3,11,33.0,9.72,22.22,44.44,20.83,1.39,0.0,0.0,1.39
9000008823,2025-07-28 13:00,0.694722,6,8,14,40,77,117,44,55,99,7,4,12,34.0,7.25,17.39,43.48,28.99,0.0,0.0,1.45,1.45
9000008823,2025-07-28 14:00,0.7125,9,5,14,38,43,82,41,77,118,7,11,18,33.5,13.1,20.24,44.05,13.1,4.76,3.57,1.19,0.0
9000008823,2025-07-28 15:00,0.736389,7,7,14,61,79,140,59,47,106,8,8,16,32.0,16.67,14.1,47.44,20.51,0.0,1.28,0.0,0.0
9000008823,2025-07-28 16:00,0.561944,6,2,8,64,57,121,30,24,54,7,0,7,25.0,38.71,19.35,35.48,0.0,6.45,0.0,0.0,0.0
9000008823,2025-07-28 17:00,0.527222,2,3,5,90,78,168,43,38,81,6,4,10,25.0,55.81,11.63,32.56,0.0,0.0,0.0,0.0,0.0
9000008823,2025-07-28 18:00,0.660556,9,3,12,118,97,215,47,56,103,6,9,15,28.5,32.35,23.53,32.35,10.29,1.47,0.0,0.0,0.0
9000008823,2025-07-28 19:00,0.701944,7,12,19,110,113,223,51,39,90,7,5,13,23.5,49.21,22.22,20.63,7.94,0.0,0.0,0.0,0.0
9000008823,2025-07-28 20:00,0.797222,11,8,19,82,89,171,32,35,68,6,1,8,29.5,9.26,38.89,38.89,12.96,0.0,0.0,0.0,0.0
9000008823,2025-07-28 21:00,0.004167,0,0,0,240,240,480,0,0,0,0,0,0,,0.0,0.0,0.0,0.0,0.0,0.0,0.0,0.0
9000008823,2025-07-29 05:00,0.209722,0,0,0,8,0,8,16,14,30,0,0,0,33.5,0.0,33.33,33.33,50.0,0.0,0.0,0.0,0.0
9000008823,2025-07-29 06:00,0.648889,3,0,3,30,7,37,21,3,24,7,3,10,39.0,6.25,18.75,37.5,25.0,6.25,0.0,6.25,0.0
9000008823,2025-07-29 07:00,0.674167,2,0,2,34,21,55,36,23,59,6,4,11,25.0,50.0,25.0,20.0,2.5,0.0,0.0,0.0,0.0
9000008823,2025-07-29 08:00,0.604722,15,7,21,99,40,139,35,39,73,6,2,8,30.0,20.45,34.09,29.55,13.64,0.0,0.0,0.0,2.27
9000008823,2025-07-29 09:00,0.6125,10,3,13,91,36,127,24,24,49,3,3,6,32.5,13.33,33.33,33.33,16.67,3.33,0.0,0.0,0.0
9000008823,2025-07-29 10:00,0.625833,5,6,11,29,52,81,24,28,52,3,5,8,33.0,9.38,34.38,34.38,15.62,6.25,3.12,0.0,0.0
9000008823,2025-07-29 11:00,0.681111,5,4,9,29,25,55,56,48,104,6,7,13,38.0,5.63,21.13,45.07,14.08,9.86,1.41,1.41,1.41
9000008823,2025-07-29 12:00,0.709167,7,13,19,60,61,120,41,77,118,8,17,25,31.0,14.29,22.62,46.43,17.86,0.0,0.0,0.0,0.0
9000008823,2025-07-29 13:00,0.747778,15,12,26,49,51,100,42,62,105,14,9,24,35.5,6.41,20.51,39.74,26.92,5.13,0.0,0.0,1.28
9000008823,2025-07-29 14:00,0.652222,7,3,11,63,76,139,43,71,114,6,3,9,32.0,13.51,18.92,47.3,18.92,0.0,1.35,0.0,0.0
9000008823,2025-07-29 15:00,0.682222,7,14,21,74,46,120,67,59,126,4,1,6,31.0,18.6,27.91,36.05,15.12,0.0,1.16,0.0,1.16
9000008823,2025-07-29 16:00,0.665556,26,22,48,42,54,96,40,43,83,17,10,27,29.5,21.82,25.45,40.0,12.73,0.0,0.0,0.0,0.0
9000008823,2025-07-29 17:00,0.541389,7,3,11,67,47,114,49,21,70,2,5,7,21.5,36.84,42.11,18.42,2.63,0.0,0.0,0.0,0.0
9000008823,2025-07-29 18:00,0.676944,13,11,24,109,137,246,39,65,105,7,8,15,31.0,22.54,39.44,23.94,8.45,4.23,1.41,1.41,0.0
9000008823,2025-07-29 19:00,0.710833,11,10,21,114,114,228,38,51,89,5,7,12,28.0,41.27,22.22,23.81,11.11,0.0,0.0,0.0,1.59
9000008823,2025-07-29 20:00,0.7825,9,8,17,81,105,186,26,32,58,12,1,13,30.5,13.33,31.11,40.0,8.89,4.44,2.22,0.0,0.0
9000008823,2025-07-29 21:00,0.0375,0,0,0,53,53,107,0,0,0,0,0,0,,0.0,0.0,0.0,0.0,0.0,0.0,0.0,0.0
9000008823,2025-07-30 05:00,0.303889,3,3,5,13,0,13,17,4,21,0,7,7,34.5,0.0,16.67,50.0,33.33,0.0,0.0,0.0,0.0
9000008823,2025-07-30 06:00,0.433611,3,0,3,21,14,35,19,12,31,7,7,15,32.5,7.14,28.57,50.0,14.29,0.0,0.0,0.0,0.0
9000008823,2025-07-30 07:00,0.574722,2,0,2,29,14,43,24,25,49,6,0,6,18.0,53.57,39.29,7.14,3.57,0.0,0.0,0.0,0.0
9000008823,2025-07-30 08:00,0.553889,0,0,0,111,51,162,46,30,77,2,2,3,25.5,32.56,39.53,23.26,2.33,2.33,0.0,0.0,0.0
9000008823,2025-07-30 09:00,0.576389,2,3,5,103,40,144,45,40,85,3,7,10,29.0,28.57,32.65,26.53,10.2,0.0,2.04,0.0,0.0
9000008823,2025-07-30 10:00,0.623056,2,5,6,51,45,96,30,48,78,11,6,18,29.5,10.2,30.61,44.9,14.29,0.0,0.0,0.0,0.0
9000008823,2025-07-30 11:00,0.666389,4,6,10,40,41,81,61,45,106,8,16,24,32.5,9.86,30.99,38.03,16.9,2.82,0.0,0.0,1.41
9000008823,2025-07-30 12:00,0.651389,8,13,21,76,37,113,72,56,129,7,6,13,32.5,9.52,22.62,45.24,15.48,5.95,0.0,0.0,0.0
9000008823,2025-07-30 13:00,0.659167,11,12,23,53,34,87,50,52,102,5,7,12,28.5,17.91,35.82,35.82,10.45,0.0,0.0,0.0,0.0
9000008823,2025-07-30 14:00,0.676667,4,6,10,68,80,148,42,82,124,8,1,10,32.0,19.05,21.43,40.48,14.29,3.57,1.19,0.0,0.0
9000008823,2025-07-30 15:00,0.578056,2,3,5,80,53,133,47,45,92,2,2,4,27.0,30.19,32.08,28.3,9.43,0.0,0.0,0.0,0.0
9000008823,2025-07-30 16:00,0.463611,0,0,0,61,72,133,31,39,69,2,8,11,24.0,43.75,31.25,15.62,6.25,0.0,0.0,0.0,0.0
9000008823,2025-07-30 17:00,0.595,9,3,12,66,67,133,27,29,55,3,7,10,24.5,48.48,18.18,30.3,6.06,0.0,0.0,0.0,0.0
9000008823,2025-07-30 18:00,0.7275,10,19,29,109,124,234,49,56,105,11,11,22,31.5,7.79,29.87,42.86,19.48,0.0,0.0,0.0,0.0
9000008823,2025-07-30 19:00,0.684167,10,14,24,83,116,199,35,31,66,10,9,18,29.5,26.67,42.22,20.0,13.33,2.22,0.0,0.0,0.0
9000008823,2025-07-30 20:00,0.391389,7,10,17,141,67,208,33,113,146,5,3,9,27.5,3.51,61.4,24.56,8.77,1.75,0.0,0.0,0.0
9000008823,2025-07-31 05:00,0.084444,0,0,0,0,0,0,12,0,12,0,12,12,39.0,0.0,0.0,0.0,100.0,0.0,0.0,0.0,0.0
9000008823,2025-07-31 06:00,0.444722,7,1,9,18,1,19,7,9,16,4,4,9,36.5,28.57,14.29,28.57,42.86,0.0,0.0,14.29,0.0
9000008823,2025-07-31 07:00,0.597222,5,4,10,48,26,75,23,18,41,9,11,20,31.5,0.0,28.0,52.0,16.0,0.0,4.0,0.0,0.0
9000008823,2025-07-31 08:00,0.787778,8,1,9,100,43,143,51,21,72,17,6,23,29.5,12.28,36.84,36.84,8.77,3.51,0.0,1.75,0.0
9000008823,2025-07-31 09:00,0.783333,9,6,15,104,35,139,49,38,87,8,10,18,34.5,7.35,25.0,41.18,20.59,1.47,2.94,0.0,1.47
9000008823,2025-07-31 10:00,0.726389,7,3,10,37,19,57,53,36,89,1,6,7,32.0,7.69,21.54,49.23,16.92,4.62,0.0,0.0,0.0
9000008823,2025-07-31 11:00,0.751944,7,7,13,47,34,80,44,35,79,13,12,25,32.5,8.47,16.95,50.85,20.34,0.0,0.0,1.69,1.69
9000008823,2025-07-31 12:00,0.775,6,6,13,30,33,63,63,40,103,16,13,29,34.5,10.0,17.5,43.75,25.0,1.25,0.0,1.25,1.25
9000008823,2025-07-31 13:00,0.788889,16,6,23,24,28,52,65,58,123,16,15,32,33.5,2.06,20.62,50.52,20.62,6.19,0.0,0.0,0.0
9000008823,2025-07-31 14:00,0.731389,14,5,19,42,42,84,57,83,140,3,7,10,32.5,6.8,19.42,54.37,16.5,1.94,0.97,0.0,0.0
9000008823,2025-07-31 15:00,0.711944,18,11,30,54,59,113,51,91,141,11,8,20,29.5,6.93,31.68,49.5,11.88,0.0,0.0,0.0,0.0
9000008823,2025-07-31 16:00,0.642778,12,8,20,68,89,157,37,41,78,9,8,17,31.0,20.0,20.0,44.0,16.0,2.0,0.0,0.0,0.0
9000008823,2025-07-31 17:00,0.708056,11,8,19,63,40,103,54,59,113,13,5,17,30.5,16.25,23.75,45.0,11.25,3.75,1.25,0.0,0.0
9000008823,2025-07-31 18:00,0.78,5,6,12,65,68,133,56,52,109,6,6,13,33.0,5.88,32.94,40.0,17.65,3.53,0.0,0.0,0.0
9000008823,2025-07-31 19:00,0.781944,13,5,18,74,76,151,51,59,110,5,3,8,32.5,5.81,19.77,53.49,18.6,2.33,0.0,0.0,0.0
9000008823,2025-07-31 20:00,0.444167,10,19,29,78,58,136,33,43,75,3,0,3,36.5,0.0,33.33,39.39,15.15,9.09,3.03,0.0,0.0
9000008823,2025-08-01 05:00,0.104722,12,0,12,8,0,8,12,0,12,8,0,8,24.0,0.0,0.0,100.0,0.0,0.0,0.0,0.0,0.0
9000008823,2025-08-01 06:00,0.711111,6,0,6,23,8,31,9,10,19,5,3,7,36.5,7.69,30.77,38.46,30.77,0.0,0.0,0.0,0.0
9000008823,2025-08-01 07:00,0.755278,4,1,5,35,17,52,25,13,39,9,4,13,31.5,10.34,17.24,51.72,20.69,0.0,0.0,0.0,0.0
9000008823,2025-08-01 08:00,0.775556,9,5,14,91,26,116,31,17,48,6,4,10,29.0,18.92,21.62,48.65,10.81,0.0,0.0,0.0,0.0
9000008823,2025-08-01 09:00,0.696944,7,5,11,67,48,115,36,37,73,8,7,15,34.0,9.8,19.61,39.22,27.45,1.96,0.0,0.0,1.96
9000008823,2025-08-01 10:00,0.771944,6,8,14,65,43,108,49,39,88,10,3,13,30.0,10.29,26.47,48.53,14.71,0.0,0.0,0.0,0.0
9000008823,2025-08-01 11:00,0.779444,9,10,19,63,51,114,66,41,107,10,5,15,31.5,3.57,32.14,45.24,16.67,2.38,0.0,0.0,0.0
9000008823,2025-08-01 12:00,0.724444,7,7,14,68,65,133,60,75,135,16,4,21,31.5,6.12,26.53,46.94,19.39,0.0,0.0,0.0,0.0
9000008823,2025-08-01 13:00,0.723056,7,1,8,48,41,88,84,101,186,8,17,25,30.5,11.94,28.36,42.54,14.93,0.75,0.75,0.0,0.0
9000008823,2025-08-01 14:00,0.775278,18,9,27,57,45,102,70,109,179,12,18,30,31.5,8.63,18.71,52.52,18.71,1.44,0.0,0.0,0.0
9000008823,2025-08-01 15:00,0.700556,17,10,27,83,63,146,67,63,130,7,12,19,29.0,13.19,27.47,48.35,10.99,0.0,0.0,0.0,1.1
9000008823,2025-08-01 16:00,0.721389,13,4,17,61,56,117,62,37,100,7,4,11,33.0,26.39,18.06,31.94,19.44,2.78,0.0,1.39,0.0
9000008823,2025-08-01 17:00,0.642778,6,1,8,89,49,137,55,53,109,8,7,14,27.0,22.86,40.0,30.0,5.71,1.43,0.0,0.0,0.0
9000008823,2025-08-01 18:00,0.68,14,6,20,106,86,192,66,51,117,7,1,9,29.0,31.65,26.58,27.85,10.13,2.53,0.0,0.0,0.0
9000008823,2025-08-01 19:00,0.715556,8,4,13,74,92,166,43,37,80,4,8,12,33.5,39.66,12.07,29.31,15.52,0.0,3.45,0.0,0.0
9000008823,2025-08-01 20:00,0.766944,2,5,8,86,79,165,40,36,77,5,1,7,33.5,6.78,30.51,40.68,13.56,6.78,0.0,0.0,1.69
9000008823,2025-08-02 05:00,0.095556,0,0,0,10,11,21,10,10,21,11,0,11,33.5,0.0,50.0,0.0,50.0,0.0,0.0,0.0,0.0
9000008823,2025-08-02 06:00,0.504444,0,0,0,6,0,6,10,7,18,2,0,2,33.5,11.11,33.33,22.22,33.33,0.0,0.0,0.0,0.0
9000008823,2025-08-02 07:00,0.676667,5,0,5,4,5,9,8,7,15,3,1,4,33.5,10.0,10.0,40.0,50.0,0.0,0.0,0.0,0.0
9000008823,2025-08-02 08:00,0.778889,4,1,5,19,6,26,17,17,33,1,0,1,31.5,0.0,23.08,57.69,19.23,0.0,0.0,0.0,0.0
9000008823,2025-08-02 09:00,0.720278,10,4,14,34,21,55,32,18,51,4,3,7,36.0,2.78,22.22,38.89,30.56,2.78,0.0,0.0,2.78
9000008823,2025-08-02 10:00,0.71,11,6,17,48,34,82,48,34,82,7,4,11,29.5,5.17,27.59,55.17,10.34,1.72,0.0,0.0,0.0
9000008823,2025-08-02 11:00,0.68,9,9,17,54,40,93,50,44,94,6,9,15,31.5,7.81,32.81,40.62,15.62,1.56,1.56,0.0,0.0
9000008823,2025-08-02 12:00,0.679444,9,9,18,42,32,73,38,29,67,6,4,10,30.5,15.56,24.44,44.44,11.11,2.22,2.22,0.0,0.0
9000008823,2025-08-02 13:00,0.693333,5,14,19,68,69,136,37,33,71,6,4,10,36.5,10.2,26.53,32.65,22.45,4.08,0.0,0.0,4.08
9000008823,2025-08-02 14:00,0.703333,7,5,12,52,44,96,71,55,126,1,7,8,32.0,11.24,26.97,41.57,17.98,0.0,2.25,0.0,0.0
9000008823,2025-08-02 15:00,0.589167,8,6,15,72,51,123,68,61,129,2,0,2,26.0,48.68,18.42,23.68,6.58,2.63,0.0,0.0,0.0
9000008823,2025-08-02 16:00,0.531111,9,10,20,41,69,111,43,49,92,2,2,4,31.0,55.1,10.2,18.37,14.29,2.04,0.0,0.0,0.0
9000008823,2025-08-02 17:00,0.613611,6,3,10,57,38,94,54,29,83,6,10,16,27.5,29.41,21.57,41.18,7.84,0.0,0.0,0.0,0.0
9000008823,2025-08-02 18:00,0.621111,12,10,22,89,78,167,54,38,92,2,2,4,29.0,33.33,28.07,28.07,8.77,3.51,0.0,0.0,0.0
9000008823,2025-08-02 19:00,0.725833,10,9,19,87,66,153,40,35,75,6,9,15,29.5,20.0,27.27,41.82,12.73,0.0,0.0,0.0,0.0
9000008823,2025-08-02 20:00,0.652222,3,9,12,62,64,126,35,53,88,4,3,7,31.0,21.05,19.3,40.35,14.04,0.0,3.51,0.0,0.0
9000008823,2025-08-03 05:00,0.229167,0,5,5,0,0,0,9,20,29,0,0,0,34.0,0.0,0.0,42.86,57.14,0.0,0.0,0.0,0.0
9000008823,2025-08-03 06:00,0.533056,5,0,5,2,12,14,0,7,7,1,0,1,33.5,0.0,50.0,0.0,50.0,0.0,0.0,0.0,0.0
9000008823,2025-08-03 07:00,0.733333,0,1,1,7,1,8,7,4,11,4,0,4,33.5,25.0,0.0,50.0,12.5,12.5,0.0,0.0,0.0
9000008823,2025-08-03 08:00,0.782222,1,4,5,13,9,22,4,4,8,3,0,3,30.5,0.0,16.67,66.67,16.67,0.0,0.0,0.0,0.0
9000008823,2025-08-03 09:00,0.781667,4,5,9,32,10,42,22,18,39,5,1,6,31.0,9.68,41.94,32.26,12.9,0.0,0.0,3.23,0.0
9000008823,2025-08-03 10:00,0.777222,9,0,9,40,22,62,41,31,72,4,1,5,34.0,10.71,25.0,41.07,14.29,5.36,1.79,0.0,1.79
9000008823,2025-08-03 11:00,0.739444,7,6,12,45,35,79,23,26,49,4,0,4,34.0,2.78,27.78,50.0,13.89,2.78,0.0,0.0,2.78
9000008823,2025-08-03 12:00,0.730833,8,7,15,52,53,105,41,34,75,3,1,4,31.0,14.55,34.55,34.55,12.73,1.82,1.82,0.0,0.0
9000008823,2025-08-03 13:00,0.785556,13,13,25,69,59,127,31,23,53,9,1,10,37.0,9.52,26.19,38.1,16.67,4.76,2.38,2.38,0.0
9000008823,2025-08-03 14:00,0.747222,5,3,8,87,64,151,67,35,102,1,1,3,33.0,18.42,32.89,26.32,14.47,5.26,1.32,1.32,0.0
9000008823,2025-08-03 15:00,0.768333,10,5,16,82,60,142,39,39,78,3,3,5,31.5,1.67,30.0,50.0,16.67,1.67,0.0,0.0,0.0
9000008823,2025-08-03 16:00,0.771944,8,6,14,95,69,164,37,47,84,5,3,8,35.0,9.23,26.15,36.92,21.54,4.62,0.0,1.54,0.0
9000008823,2025-08-03 17:00,0.777222,10,6,17,80,50,130,51,48,100,0,0,0,37.5,7.79,25.97,42.86,12.99,5.19,3.9,0.0,2.6
9000008823,2025-08-03 18:00,0.784722,8,3,10,61,59,120,45,38,83,4,3,6,32.5,6.15,23.08,50.77,13.85,0.0,4.62,1.54,0.0
9000008823,2025-08-03 19:00,0.783889,1,8,9,41,74,115,45,47,92,1,1,3,34.0,5.56,22.22,48.61,18.06,4.17,1.39,0.0,0.0
9000008823,2025-08-03 20:00,0.6325,6,0,6,45,32,77,48,24,72,0,1,1,39.5,2.17,21.74,36.96,23.91,4.35,10.87,0.0,0.0
9000008823,2025-08-04 05:00,0.045,0,0,0,22,0,22,0,0,0,0,0,0,,0.0,0.0,0.0,0.0,0.0,0.0,0.0,0.0
9000008823,2025-08-04 06:00,0.324444,0,0,0,15,2,17,12,20,32,6,2,8,49.0,0.0,18.18,36.36,18.18,18.18,9.09,0.0,9.09
9000008823,2025-08-04 07:00,0.6525,5,3,8,22,8,30,29,12,41,8,3,11,32.5,14.81,29.63,25.93,25.93,0.0,0.0,0.0,0.0
9000008823,2025-08-04 08:00,0.719722,17,5,22,43,16,59,31,19,50,4,11,15,34.5,8.33,19.44,44.44,19.44,5.56,2.78,0.0,0.0
9000008823,2025-08-04 09:00,0.783611,14,3,17,48,33,81,47,42,90,9,9,18,30.5,8.57,31.43,44.29,14.29,1.43,0.0,0.0,0.0
9000008823,2025-08-04 10:00,0.694167,14,3,17,26,34,60,46,40,86,7,15,22,35.0,10.0,11.67,40.0,31.67,5.0,1.67,0.0,0.0
9000008823,2025-08-04 11:00,0.759444,12,8,20,40,35,74,46,45,91,7,14,21,33.0,7.25,18.84,43.48,27.54,1.45,1.45,0.0,0.0
9000008823,2025-08-04 12:00,0.697222,7,4,12,28,30,58,55,33,88,12,14,26,27.5,19.35,33.87,38.71,6.45,0.0,1.61,0.0,0.0
9000008823,2025-08-04 13:00,0.651111,8,8,15,31,26,57,41,52,93,6,4,11,33.5,10.0,25.0,31.67,31.67,0.0,0.0,1.67,0.0
9000008823,2025-08-04 14:00,0.736667,9,6,15,29,37,67,59,94,154,11,9,20,32.0,4.42,25.66,50.44,18.58,1.77,0.0,0.0,0.0
9000008823,2025-08-04 15:00,0.625556,19,3,22,57,58,115,50,56,106,5,5,10,33.5,22.73,16.67,39.39,15.15,3.03,3.03,1.52,0.0
9000008823,2025-08-04 16:00,0.438333,5,2,8,81,58,139,43,34,76,0,2,2,25.5,29.41,41.18,20.59,5.88,0.0,0.0,0.0,0.0
9000008823,2025-08-04 17:00,0.461667,2,0,2,70,34,103,50,37,87,5,6,11,14.0,67.5,27.5,2.5,2.5,0.0,0.0,0.0,0.0
9000008823,2025-08-04 18:00,0.634444,10,3,13,72,93,165,44,58,101,8,3,11,22.0,40.62,40.62,17.19,3.12,0.0,0.0,0.0,0.0
9000008823,2025-08-04 19:00,0.766111,12,9,21,82,115,197,31,39,70,8,4,12,28.0,12.96,46.3,31.48,7.41,0.0,1.85,0.0,0.0
9000008823,2025-08-04 20:00,0.550833,9,7,16,63,62,125,22,27,49,7,0,7,40.5,3.7,7.41,66.67,7.41,11.11,0.0,0.0,3.7
9000008823,2025-08-05 05:00,0.040278,0,0,0,0,0,0,0,0,0,0,0,0,,0.0,0.0,0.0,0.0,0.0,0.0,0.0,0.0
9000008823,2025-08-05 06:00,0.483056,6,4,10,14,9,23,21,7,28,0,0,0,38.0,7.14,7.14,57.14,28.57,0.0,7.14,0.0,0.0
9000008823,2025-08-05 07:00,0.595833,19,4,24,31,8,39,27,19,47,10,10,20,29.0,7.14,28.57,57.14,10.71,0.0,0.0,0.0,0.0
9000008823,2025-08-05 08:00,0.790833,22,4,25,69,31,101,43,25,69,4,6,10,29.5,7.41,22.22,57.41,11.11,0.0,0.0,0.0,1.85
9000008823,2025-08-05 09:00,0.783056,10,5,15,62,19,81,47,22,69,7,5,13,30.0,11.11,27.78,46.3,12.96,1.85,0.0,0.0,0.0
9000008823,2025-08-05 10:00,0.7875,10,11,22,39,27,66,53,43,96,11,9,20,33.5,7.89,15.79,52.63,21.05,0.0,2.63,0.0,0.0
9000008823,2025-08-05 11:00,0.794444,8,8,15,35,25,60,50,35,86,10,13,23,30.0,8.82,22.06,54.41,11.76,1.47,1.47,0.0,0.0
9000008823,2025-08-05 12:00,0.779722,9,6,16,21,41,62,58,43,101,8,12,19,31.0,10.13,22.78,49.37,13.92,2.53,1.27,0.0,0.0
9000008823,2025-08-05 13:00,0.781111,5,5,10,28,23,51,75,32,107,18,5,23,35.5,4.76,33.33,38.1,13.1,4.76,1.19,1.19,3.57
9000008823,2025-08-05 14:00,0.791667,11,11,23,33,37,70,54,47,101,15,8,23,33.0,5.0,25.0,45.0,22.5,1.25,0.0,1.25,0.0
9000008823,2025-08-05 15:00,0.788889,19,14,33,44,56,100,67,53,121,11,11,23,30.5,12.63,26.32,45.26,12.63,3.16,0.0,0.0,0.0
9000008823,2025-08-05 16:00,0.589167,6,2,9,56,53,109,44,37,82,9,11,20,28.5,25.0,33.33,33.33,10.42,0.0,2.08,0.0,0.0
9000008823,2025-08-05 17:00,0.621667,5,7,12,69,43,112,41,38,79,14,3,17,25.5,36.73,32.65,28.57,2.04,0.0,0.0,0.0,0.0
9000008823,2025-08-05 18:00,0.781389,8,4,12,114,108,222,41,47,88,6,5,11,29.0,2.9,23.19,63.77,7.25,2.9,0.0,0.0,0.0
9000008823,2025-08-05 19:00,0.785278,10,4,14,97,96,192,39,49,88,6,3,9,29.0,18.84,40.58,27.54,10.14,2.9,0.0,0.0,0.0
9000008823,2025-08-05 20:00,0.708333,8,5,13,48,73,121,32,26,58,14,5,19,32.0,14.63,26.83,39.02,14.63,2.44,0.0,2.44,0.0
9000008823,2025-08-06 05:00,0.161667,0,0,0,8,0,8,0,0,0,0,0,0,,0.0,0.0,0.0,0.0,0.0,0.0,0.0,0.0
9000008823,2025-08-06 06:00,0.347778,0,0,0,10,0,10,15,2,17,20,0,20,28.0,0.0,50.0,66.67,0.0,0.0,0.0,0.0,0.0
9000008823,2025-08-06 07:00,0.671111,2,0,2,22,8,30,52,23,75,1,3,5,25.0,66.0,14.0,12.0,4.0,4.0,0.0,0.0,0.0
9000008823,2025-08-06 08:00,0.561944,4,0,4,99,23,122,53,33,86,5,6,11,27.0,39.58,20.83,29.17,10.42,0.0,0.0,0.0,0.0
9000008823,2025-08-06 09:00,0.615278,7,5,11,119,57,176,42,26,68,6,2,8,32.5,9.52,23.81,45.24,16.67,2.38,2.38,0.0,0.0
9000008823,2025-08-06 10:00,0.661389,2,6,8,62,33,95,42,35,77,2,11,12,32.0,15.69,29.41,35.29,15.69,3.92,0.0,0.0,0.0
9000008823,2025-08-06 11:00,0.663056,3,4,7,45,44,89,41,39,80,3,3,6,37.0,3.77,33.96,32.08,20.75,1.89,3.77,3.77,0.0
9000008823,2025-08-06 12:00,0.701944,6,3,9,30,57,87,32,46,78,10,11,21,33.5,5.45,30.91,38.18,20.0,3.64,0.0,1.82,0.0
9000008823,2025-08-06 13:00,0.691667,9,4,13,52,57,109,39,46,86,4,4,9,33.5,13.56,33.9,30.51,18.64,1.69,1.69,0.0,0.0
9000008823,2025-08-06 14:00,0.648611,9,13,22,45,59,104,35,50,85,11,0,11,32.5,9.09,23.64,47.27,12.73,5.45,0.0,0.0,1.82
9000008823,2025-08-06 15:00,0.715278,7,7,14,80,55,135,57,46,104,3,7,10,33.0,18.92,16.22,44.59,13.51,2.7,4.05,0.0,0.0
9000008823,2025-08-06 16:00,0.573333,2,2,3,71,51,122,40,33,73,7,2,9,28.5,38.1,28.57,23.81,9.52,0.0,0.0,0.0,0.0
9000008823,2025-08-06 17:00,0.529167,5,6,11,95,48,143,43,21,64,8,2,10,19.0,52.94,35.29,11.76,0.0,0.0,0.0,0.0,0.0
9000008823,2025-08-06 18:00,0.743889,8,4,12,101,94,195,43,38,80,7,0,7,31.0,15.0,31.67,36.67,16.67,0.0,0.0,0.0,0.0
9000008823,2025-08-06 19:00,0.786389,4,11,15,88,97,185,46,39,85,2,0,2,29.0,5.97,37.31,46.27,10.45,0.0,0.0,0.0,0.0
9000008823,2025-08-06 20:00,0.578056,3,10,14,97,66,163,40,26,65,5,0,5,33.0,0.0,31.58,42.11,21.05,2.63,2.63,0.0,0.0
9000008823,2025-08-07 05:00,0.040556,0,0,0,0,0,0,25,0,25,0,0,0,19.0,0.0,100.0,0.0,0.0,0.0,0.0,0.0,0.0
9000008823,2025-08-07 06:00,0.728889,2,1,3,24,7,32,13,10,23,10,7,16,39.5,0.0,18.75,43.75,31.25,6.25,6.25,0.0,0.0
9000008823,2025-08-07 07:00,0.796389,11,3,14,50,19,69,25,16,42,6,4,10,31.0,6.06,15.15,60.61,15.15,3.03,0.0,0.0,0.0
9000008823,2025-08-07 08:00,0.785833,8,4,12,118,36,154,41,29,70,14,5,19,32.5,9.09,27.27,43.64,20.0,0.0,0.0,0.0,0.0
9000008823,2025-08-07 09:00,0.7675,5,4,9,91,45,136,56,30,86,12,18,30,29.5,9.09,22.73,57.58,7.58,1.52,0.0,1.52,0.0
9000008823,2025-08-07 10:00,0.725833,12,3,15,67,55,122,37,29,66,12,6,18,31.0,8.33,25.0,47.92,18.75,0.0,0.0,0.0,0.0
9000008823,2025-08-07 11:00,0.754167,8,8,16,69,41,110,61,40,101,8,7,15,31.5,6.58,35.53,39.47,17.11,0.0,1.32,0.0,0.0
9000008823,2025-08-07 12:00,0.748611,15,7,21,66,54,120,55,37,92,7,1,8,35.5,2.9,24.64,39.13,28.99,2.9,1.45,0.0,0.0
9000008823,2025-08-07 13:00,0.699722,14,10,24,72,73,145,34,57,92,6,13,19,35.5,10.94,23.44,34.38,25.0,6.25,0.0,0.0,0.0
9000008823,2025-08-07 14:00,0.653333,10,8,18,76,86,163,65,65,130,9,12,22,31.0,14.12,27.06,42.35,12.94,1.18,1.18,0.0,1.18
9000008823,2025-08-07 15:00,0.626389,0,5,5,94,72,166,35,44,79,8,3,11,29.0,36.0,24.0,28.0,10.0,2.0,0.0,0.0,0.0
9000008823,2025-08-07 16:00,0.5325,0,2,2,125,67,192,32,32,64,0,2,2,25.0,44.12,20.59,35.29,2.94,0.0,0.0,0.0,0.0
9000008823,2025-08-07 17:00,0.626389,9,3,12,101,47,148,53,41,95,8,2,10,19.5,52.54,35.59,11.86,0.0,0.0,0.0,0.0,0.0
9000008823,2025-08-07 18:00,0.732222,15,6,21,98,94,192,59,56,115,3,4,7,28.0,26.19,29.76,33.33,8.33,0.0,1.19,0.0,1.19
9000008823,2025-08-07 19:00,0.778611,13,18,31,114,121,235,37,33,70,1,4,5,30.0,18.52,44.44,22.22,9.26,3.7,0.0,1.85,0.0
9000008823,2025-08-07 20:00,0.521111,9,2,10,83,111,194,26,35,61,13,2,14,36.0,6.25,25.0,43.75,21.88,0.0,3.12,0.0,3.12
9000008823,2025-08-08 05:00,0.040833,0,0,0,24,0,24,0,0,0,0,0,0,,0.0,0.0,0.0,0.0,0.0,0.0,0.0,0.0
9000008823,2025-08-08 06:00,0.778056,4,4,8,15,5,20,12,9,21,4,5,9,27.5,6.25,56.25,31.25,0.0,0.0,0.0,0.0,6.25
9000008823,2025-08-08 07:00,0.773889,5,1,6,27,19,46,26,12,37,3,9,12,29.0,10.34,17.24,62.07,6.9,3.45,0.0,0.0,0.0
9000008823,2025-08-08 08:00,0.790556,11,5,17,90,28,118,29,24,53,4,3,6,31.0,0.0,16.67,66.67,11.9,4.76,0.0,0.0,0.0
9000008823,2025-08-08 09:00,0.768611,11,8,18,95,51,146,40,39,79,9,8,17,30.5,13.11,29.51,40.98,14.75,1.64,0.0,0.0,0.0
9000008823,2025-08-08 10:00,0.725278,11,6,16,59,54,113,39,34,73,8,3,11,30.5,11.32,20.75,50.94,16.98,0.0,0.0,0.0,0.0
9000008823,2025-08-08 11:00,0.752778,16,13,29,65,46,111,47,43,89,8,7,15,34.5,8.96,31.34,34.33,23.88,1.49,0.0,0.0,0.0
9000008823,2025-08-08 12:00,0.752778,21,7,28,73,53,126,71,44,114,16,8,24,29.5,5.81,29.07,53.49,9.3,1.16,0.0,1.16,0.0
9000008823,2025-08-08 13:00,0.703333,7,13,20,75,50,125,59,78,138,6,1,7,32.0,16.49,32.99,31.96,16.49,1.03,0.0,1.03,0.0
9000008823,2025-08-08 14:00,0.735556,14,12,26,81,71,152,64,81,145,8,11,19,32.0,19.63,18.69,41.12,16.82,2.8,0.93,0.0,0.0
9000008823,2025-08-08 15:00,0.710278,10,13,22,94,65,159,39,37,76,10,6,15,29.0,16.67,22.22,50.0,7.41,3.7,0.0,0.0,0.0
9000008823,2025-08-08 16:00,0.713056,11,10,21,73,78,152,43,50,92,5,8,14,33.5,18.18,25.76,33.33,13.64,6.06,1.52,1.52,0.0
9000008823,2025-08-08 17:00,0.656667,7,1,9,89,58,147,45,40,85,17,11,27,24.5,37.5,28.57,26.79,5.36,1.79,0.0,0.0,0.0
9000008823,2025-08-08 18:00,0.771389,19,14,34,118,112,231,84,38,122,8,1,9,29.5,10.64,40.43,35.11,10.64,2.13,1.06,0.0,0.0
9000008823,2025-08-08 19:00,0.790833,10,15,25,90,88,178,42,42,84,5,3,8,33.5,6.06,24.24,46.97,16.67,4.55,1.52,0.0,0.0
9000008823,2025-08-08 20:00,0.526667,13,6,18,105,54,160,48,50,98,4,6,10,36.5,5.77,38.46,28.85,17.31,7.69,0.0,0.0,1.92
9000008823,2025-08-09 05:00,0.144722,0,0,0,0,0,0,0,0,0,0,0,0,,0.0,0.0,0.0,0.0,0.0,0.0,0.0,0.0
9000008823,2025-08-09 06:00,0.593611,1,0,1,10,2,12,8,6,13,2,0,2,32.5,0.0,0.0,62.5,25.0,0.0,0.0,0.0,0.0
9000008823,2025-08-09 07:00,0.744167,3,4,7,3,7,10,21,7,28,1,0,1,27.5,47.62,19.05,28.57,4.76,0.0,0.0,0.0,0.0
9000008823,2025-08-09 08:00,0.63,0,3,3,29,8,37,20,14,35,0,5,5,33.5,13.64,22.73,36.36,22.73,4.55,0.0,0.0,0.0
9000008823,2025-08-09 09:00,0.686944,6,9,15,45,21,66,34,19,53,4,3,7,32.0,5.56,22.22,52.78,13.89,2.78,2.78,0.0,0.0
9000008823,2025-08-09 10:00,0.745278,8,5,13,88,32,120,36,19,55,4,3,7,29.0,9.76,31.71,46.34,12.2,0.0,0.0,0.0,0.0
9000008823,2025-08-09 11:00,0.744444,17,16,33,99,53,152,55,36,91,5,5,11,32.5,4.41,13.24,60.29,19.12,0.0,1.47,1.47,0.0
9000008823,2025-08-09 12:00,0.741944,9,12,22,73,76,150,51,47,98,5,7,12,32.0,8.22,17.81,53.42,16.44,2.74,0.0,1.37,0.0
9000008823,2025-08-09 13:00,0.711667,11,10,21,73,78,151,52,44,96,4,4,8,31.5,7.35,17.65,55.88,17.65,1.47,0.0,0.0,0.0
9000008823,2025-08-09 14:00,0.661667,9,3,12,71,66,137,60,51,112,9,3,12,30.5,18.92,31.08,33.78,13.51,0.0,1.35,0.0,1.35
9000008823,2025-08-09 15:00,0.587222,5,2,7,89,71,161,48,29,77,13,5,18,27.0,24.44,40.0,28.89,2.22,2.22,2.22,0.0,0.0
9000008823,2025-08-09 16:00,0.518889,8,2,10,75,61,136,33,19,52,8,2,10,20.0,51.85,33.33,7.41,3.7,3.7,0.0,0.0,0.0
9000008823,2025-08-09 17:00,0.538611,2,6,8,106,55,161,21,48,69,8,0,8,22.5,37.84,35.14,18.92,5.41,0.0,0.0,0.0,0.0
9000008823,2025-08-09 18:00,0.796944,16,4,20,84,70,154,52,36,88,4,1,5,29.5,14.29,18.57,54.29,12.86,0.0,0.0,0.0,0.0
9000008823,2025-08-09 19:00,0.790556,6,5,11,86,87,173,37,49,86,5,0,5,33.5,2.94,17.65,50.0,27.94,1.47,0.0,0.0,0.0
9000008823,2025-08-09 20:00,0.451389,5,7,12,73,104,177,49,63,111,2,7,9,34.0,2.0,14.0,52.0,24.0,0.0,2.0,4.0,0.0
9000008823,2025-08-10 05:00,0.088889,0,0,0,11,11,22,0,0,0,0,0,0,,0.0,0.0,0.0,0.0,0.0,0.0,0.0,0.0
9000008823,2025-08-10 06:00,0.734167,0,0,0,6,6,11,7,4,11,2,0,2,38.5,0.0,12.5,37.5,37.5,12.5,0.0,0.0,0.0
9000008823,2025-08-10 07:00,0.6975,3,1,4,4,9,13,14,6,20,0,0,0,37.5,35.71,14.29,21.43,21.43,0.0,7.14,0.0,0.0
9000008823,2025-08-10 08:00,0.581944,2,2,3,21,12,33,8,5,13,4,2,5,39.5,0.0,25.0,25.0,37.5,0.0,0.0,0.0,12.5
9000008823,2025-08-10 09:00,0.639444,3,0,3,35,22,57,22,6,28,0,0,0,31.0,0.0,27.78,55.56,11.11,0.0,5.56,0.0,0.0
9000008823,2025-08-10 10:00,0.689444,3,3,6,46,28,74,22,32,54,3,0,3,29.5,16.22,35.14,35.14,8.11,2.7,2.7,0.0,0.0
9000008823,2025-08-10 11:00,0.656389,9,12,21,38,37,75,33,14,47,3,2,5,36.5,12.9,22.58,38.71,19.35,0.0,3.23,0.0,3.23
9000008823,2025-08-10 12:00,0.675,2,9,10,30,39,68,25,43,68,3,12,15,36.0,21.74,10.87,26.09,34.78,2.17,2.17,2.17,0.0
9000008823,2025-08-10 13:00,0.595556,3,5,8,54,71,125,33,26,58,9,3,12,34.5,8.57,20.0,51.43,8.57,5.71,2.86,0.0,0.0
9000008823,2025-08-10 14:00,0.529167,7,11,19,70,55,124,43,23,66,0,2,2,33.5,11.43,22.86,40.0,20.0,2.86,0.0,0.0,2.86
9000008823,2025-08-10 15:00,0.501944,6,12,18,84,65,149,50,38,88,0,0,0,29.0,15.91,34.09,40.91,4.55,2.27,0.0,0.0,2.27
9000008823,2025-08-10 16:00,0.411944,0,0,0,58,35,93,13,18,30,3,0,3,32.0,16.67,8.33,50.0,16.67,8.33,0.0,0.0,0.0
9000008823,2025-08-10 17:00,0.468889,10,11,21,97,37,134,34,18,52,2,2,4,24.5,40.0,28.0,24.0,8.0,0.0,0.0,0.0,0.0
9000008823,2025-08-10 18:00,0.564167,9,5,14,81,103,184,42,41,83,3,2,5,28.5,17.02,31.91,42.55,4.26,2.13,0.0,2.13,0.0
9000008823,2025-08-10 19:00,0.655,12,12,25,78,106,184,27,29,56,5,0,5,34.0,5.41,29.73,35.14,24.32,0.0,2.7,0.0,2.7
9000008823,2025-08-10 20:00,0.401389,2,10,12,97,90,187,34,42,75,7,0,7,30.0,6.67,26.67,53.33,10.0,0.0,0.0,3.33,0.0
9000008823,2025-08-11 05:00,0.044722,0,0,0,0,0,0,0,0,0,0,0,0,,0.0,0.0,0.0,0.0,0.0,0.0,0.0,0.0
9000008823,2025-08-11 06:00,0.407778,6,0,6,27,3,30,24,1,26,4,8,13,24.5,0.0,18.18,81.82,9.09,0.0,0.0,0.0,0.0
9000008823,2025-08-11 07:00,0.603889,3,2,5,39,17,56,23,13,36,7,0,7,28.0,27.27,31.82,31.82,4.55,4.55,0.0,0.0,0.0
9000008823,2025-08-11 08:00,0.525278,8,4,12,87,42,129,34,19,52,9,4,13,29.5,21.43,17.86,46.43,14.29,0.0,0.0,0.0,0.0
9000008823,2025-08-11 09:00,0.5375,7,4,11,107,43,150,45,18,63,4,13,16,29.5,0.0,38.24,50.0,11.76,0.0,0.0,0.0,0.0
9000008823,2025-08-11 10:00,0.428611,12,2,14,35,42,77,70,30,100,9,16,26,31.5,6.98,32.56,41.86,13.95,2.33,2.33,0.0,0.0
9000008823,2025-08-11 11:00,0.533889,4,9,13,47,59,106,52,45,97,8,8,15,31.0,15.38,25.0,42.31,11.54,1.92,3.85,0.0,0.0
9000008823,2025-08-11 12:00,0.542222,2,15,16,47,65,112,64,73,138,11,8,19,33.0,8.0,26.67,44.0,13.33,1.33,2.67,4.0,0.0
9000008823,2025-08-11 13:00,0.5525,3,2,5,49,46,96,40,39,79,2,9,11,31.5,4.55,15.91,61.36,13.64,2.27,0.0,2.27,0.0
9000008823,2025-08-11 14:00,0.534167,6,9,15,69,45,114,54,60,114,4,11,15,32.5,8.2,21.31,50.82,16.39,3.28,0.0,0.0,0.0
9000008823,2025-08-11 15:00,0.466944,7,4,11,62,73,135,26,49,75,0,7,7,29.0,34.29,20.0,34.29,8.57,0.0,0.0,0.0,2.86
9000008823,2025-08-11 16:00,0.455833,2,4,6,59,24,83,24,13,36,0,6,6,14.5,64.71,29.41,5.88,0.0,0.0,0.0,0.0,0.0
9000008823,2025-08-11 17:00,0.4425,2,0,2,109,64,173,28,21,49,6,5,11,22.5,45.45,36.36,9.09,4.55,4.55,0.0,0.0,0.0
9000008823,2025-08-11 18:00,0.605,23,11,34,130,108,238,63,31,94,3,8,11,27.5,12.28,42.11,40.35,3.51,0.0,0.0,0.0,0.0
9000008823,2025-08-11 19:00,0.628889,19,11,30,116,110,226,48,51,100,9,2,11,35.0,7.94,34.92,34.92,12.7,1.59,1.59,3.17,1.59
9000008823,2025-08-11 20:00,0.398333,2,13,15,108,87,195,36,34,71,11,2,13,33.0,17.86,17.86,35.71,28.57,0.0,3.57,0.0,0.0
9000008823,2025-08-12 05:00,0.040556,0,0,0,0,0,0,25,0,25,0,0,0,14.0,0.0,100.0,0.0,0.0,0.0,0.0,0.0,0.0
9000008823,2025-08-12 06:00,0.569722,6,0,6,25,6,30,11,4,15,5,5,10,23.5,25.0,25.0,50.0,0.0,0.0,0.0,0.0,0.0
9000008823,2025-08-12 07:00,0.740278,1,3,4,30,22,52,31,14,45,8,6,14,25.0,36.36,27.27,27.27,6.06,3.03,0.0,0.0,0.0
9000008823,2025-08-12 08:00,0.618889,3,0,3,141,44,185,34,21,55,3,13,16,31.5,14.71,23.53,44.12,14.71,2.94,0.0,0.0,0.0
9000008823,2025-08-12 09:00,0.658611,5,8,12,111,68,179,29,33,62,12,9,21,34.0,7.32,24.39,41.46,24.39,0.0,0.0,0.0,2.44
9000008823,2025-08-12 10:00,0.682222,18,9,26,74,42,116,56,29,85,13,7,20,30.5,1.72,34.48,48.28,10.34,5.17,0.0,0.0,0.0
9000008823,2025-08-12 11:00,0.693056,1,4,6,59,49,108,40,17,58,6,4,10,30.0,2.5,30.0,52.5,12.5,2.5,0.0,0.0,0.0
9000008823,2025-08-12 12:00,0.681111,9,2,10,63,68,131,42,42,85,3,3,6,34.0,5.17,18.97,46.55,20.69,3.45,0.0,1.72,3.45
9000008823,2025-08-12 13:00,0.668611,9,6,15,68,41,109,54,40,94,6,4,11,33.5,4.76,22.22,46.03,22.22,4.76,0.0,0.0,0.0
9000008823,2025-08-12 14:00,0.642778,5,5,9,72,63,136,58,70,128,6,2,8,30.5,13.41,26.83,43.9,12.2,2.44,1.22,0.0,0.0
9000008823,2025-08-12 15:00,0.66,11,6,17,67,61,128,51,35,86,1,8,9,29.5,26.32,26.32,35.09,12.28,0.0,1.75,0.0,0.0
9000008823,2025-08-12 16:00,0.520278,6,6,12,73,69,141,35,17,52,5,2,7,23.5,29.63,37.04,29.63,3.7,0.0,0.0,0.0,0.0
9000008823,2025-08-12 17:00,0.5025,8,2,10,68,44,112,32,42,74,2,2,4,18.5,48.65,40.54,10.81,0.0,0.0,0.0,0.0,2.7
9000008823,2025-08-12 18:00,0.743056,20,7,27,123,122,246,68,33,102,5,5,10,28.5,25.0,30.26,34.21,9.21,0.0,0.0,0.0,1.32
9000008823,2025-08-12 19:00,0.784722,25,15,41,130,142,272,40,42,82,8,8,15,31.5,7.69,36.92,38.46,13.85,1.54,1.54,0.0,0.0
9000008823,2025-08-12 20:00,0.44,3,10,13,93,142,235,40,38,78,0,0,0,58.5,5.88,5.88,44.12,20.59,2.94,11.76,0.0,11.76
9000008823,2025-08-13 05:00,0.048889,20,0,20,0,0,0,0,0,0,0,0,0,,0.0,0.0,0.0,0.0,0.0,0.0,0.0,0.0
9000008823,2025-08-13 06:00,0.79,4,5,9,19,1,20,10,4,14,7,2,10,32.0,9.09,27.27,45.45,9.09,0.0,0.0,9.09,0.0
9000008823,2025-08-13 07:00,0.780278,3,4,6,54,17,71,22,17,38,6,4,10,32.0,13.33,16.67,46.67,20.0,0.0,0.0,0.0,3.33
9000008823,2025-08-13 08:00,0.726389,8,1,10,133,40,173,32,21,52,11,1,12,33.0,0.0,31.58,44.74,21.05,2.63,0.0,0.0,0.0
9000008823,2025-08-13 09:00,0.666111,6,2,7,95,51,146,39,29,68,21,14,35,31.5,8.89,22.22,51.11,15.56,0.0,0.0,0.0,2.22
9000008823,2025-08-13 10:00,0.703056,3,6,9,71,34,105,69,61,130,13,6,18,31.0,8.7,43.48,30.43,15.22,1.09,0.0,1.09,0.0
9000008823,2025-08-13 11:00,0.705833,7,7,15,58,44,102,62,44,106,8,6,14,34.5,5.41,31.08,35.14,25.68,2.7,0.0,0.0,0.0
9000008823,2025-08-13 12:00,0.7,9,9,17,73,30,103,53,46,99,10,7,17,35.0,7.25,23.19,43.48,18.84,5.8,1.45,0.0,0.0
9000008823,2025-08-13 13:00,0.689722,12,1,13,49,49,98,45,51,96,4,9,13,32.0,10.61,18.18,51.52,18.18,0.0,0.0,1.52,0.0
9000008823,2025-08-13 14:00,0.673889,4,4,9,64,45,108,46,48,94,12,12,24,30.5,11.11,15.87,57.14,15.87,0.0,0.0,0.0,0.0
9000008823,2025-08-13 15:00,0.584722,0,7,7,75,76,151,46,48,94,0,5,5,26.0,36.36,30.91,23.64,7.27,0.0,0.0,1.82,0.0
9000008823,2025-08-13 16:00,0.4975,0,0,0,38,24,62,16,16,32,10,2,12,24.5,56.25,12.5,31.25,0.0,0.0,0.0,0.0,0.0
9000008823,2025-08-13 17:00,0.509167,2,0,2,63,28,90,29,25,54,6,2,8,18.5,67.86,25.0,7.14,0.0,0.0,0.0,0.0,0.0
9000008823,2025-08-13 18:00,0.726389,19,4,23,108,114,221,41,25,66,5,4,10,35.0,16.67,10.42,41.67,18.75,0.0,0.0,6.25,4.17
9000008823,2025-08-13 19:00,0.79,10,14,24,100,157,257,37,37,74,4,1,5,33.5,5.17,17.24,55.17,15.52,0.0,3.45,1.72,1.72
9000008823,2025-08-13 20:00,0.409167,11,7,18,86,117,203,29,57,86,5,7,13,29.0,17.14,20.0,54.29,8.57,0.0,0.0,0.0,0.0
9000008823,2025-08-14 05:00,0.040556,0,0,0,49,0,49,0,0,0,0,0,0,,0.0,0.0,0.0,0.0,0.0,0.0,0.0,0.0
9000008823,2025-08-14 06:00,0.768333,3,3,5,31,4,35,13,9,22,13,4,17,41.0,0.0,35.29,41.18,5.88,11.76,5.88,0.0,0.0
9000008823,2025-08-14 07:00,0.789167,6,1,8,45,15,60,24,9,33,6,4,10,30.0,23.08,11.54,50.0,15.38,0.0,0.0,0.0,0.0
9000008823,2025-08-14 08:00,0.724444,6,3,8,131,32,163,39,22,61,12,11,23,32.0,2.27,20.45,59.09,15.91,0.0,0.0,0.0,2.27
9000008823,2025-08-14 09:00,0.709167,4,0,4,97,47,144,35,18,54,11,13,24,29.5,5.26,39.47,42.11,13.16,0.0,0.0,0.0,0.0
9000008823,2025-08-14 10:00,0.708333,1,0,1,69,37,106,61,27,88,7,13,20,30.5,8.06,38.71,37.1,14.52,1.61,0.0,0.0,0.0
9000008823,2025-08-14 11:00,0.736111,3,1,4,54,57,112,28,39,68,4,11,15,32.5,4.0,16.0,58.0,20.0,2.0,0.0,0.0,0.0
9000008823,2025-08-14 12:00,0.697778,4,6,10,63,43,106,56,29,84,11,4,16,31.0,6.78,18.64,57.63,13.56,1.69,0.0,1.69,0.0
9000008823,2025-08-14 13:00,0.698889,4,4,8,90,46,135,43,27,70,10,7,17,32.5,10.2,24.49,40.82,20.41,2.04,0.0,2.04,0.0
9000008823,2025-08-14 14:00,0.706667,6,7,13,70,64,133,51,45,96,11,11,23,33.5,7.35,26.47,42.65,19.12,0.0,0.0,1.47,2.94
9000008823,2025-08-14 15:00,0.628889,3,7,10,58,52,110,51,39,90,5,5,9,29.0,21.05,36.84,29.82,12.28,0.0,0.0,0.0,0.0
9000008823,2025-08-14 16:00,0.543333,2,2,4,51,75,126,34,24,57,2,3,5,21.5,45.16,35.48,19.35,0.0,0.0,0.0,0.0,0.0
9000008823,2025-08-14 17:00,0.557222,3,0,3,89,47,136,33,45,78,8,0,8,18.0,59.09,36.36,2.27,2.27,0.0,0.0,0.0,0.0
9000008823,2025-08-14 18:00,0.791111,16,6,23,129,103,232,54,37,91,10,1,11,28.0,20.83,23.61,48.61,5.56,1.39,0.0,0.0,0.0
9000008823,2025-08-14 19:00,0.791389,11,5,17,135,125,260,28,36,64,1,1,3,34.5,9.8,7.84,47.06,29.41,3.92,1.96,0.0,0.0
9000008823,2025-08-14 20:00,0.397778,7,15,22,59,74,134,25,25,51,3,5,8,29.5,5.0,20.0,60.0,5.0,5.0,0.0,5.0,0.0
9000008823,2025-08-15 05:00,0.040556,0,0,0,0,0,0,0,0,0,0,0,0,,0.0,0.0,0.0,0.0,0.0,0.0,0.0,0.0
9000008823,2025-08-15 06:00,0.773611,8,0,8,18,3,20,14,9,23,7,4,11,38.0,11.11,0.0,44.44,33.33,5.56,5.56,0.0,0.0
9000008823,2025-08-15 07:00,0.797222,1,3,4,48,25,73,23,23,45,8,5,13,29.5,19.44,33.33,33.33,13.89,0.0,0.0,0.0,0.0
9000008823,2025-08-15 08:00,0.750833,7,1,8,93,51,144,30,18,48,10,4,14,30.5,0.0,36.11,47.22,13.89,2.78,0.0,0.0,0.0
9000008823,2025-08-15 09:00,0.727778,6,3,8,88,48,136,41,36,77,3,7,10,30.0,1.79,28.57,55.36,8.93,5.36,0.0,0.0,0.0
9000008823,2025-08-15 10:00,0.73,3,4,7,81,51,132,36,23,59,8,3,11,31.5,6.98,32.56,44.19,6.98,6.98,2.33,0.0,0.0
9000008823,2025-08-15 11:00,0.733333,3,3,5,67,57,124,45,38,83,14,8,22,32.5,11.48,27.87,40.98,16.39,3.28,0.0,0.0,0.0
9000008823,2025-08-15 12:00,0.698056,12,1,13,69,71,139,57,49,106,9,17,25,32.0,17.57,21.62,43.24,17.57,0.0,0.0,0.0,1.35
9000008823,2025-08-15 13:00,0.725,4,5,9,72,54,126,62,56,118,10,11,21,32.5,9.41,21.18,47.06,17.65,3.53,0.0,1.18,0.0
9000008823,2025-08-15 14:00,0.717778,8,3,11,77,66,143,60,100,160,17,15,32,33.0,10.43,24.35,41.74,16.52,3.48,2.61,0.0,0.0
9000008823,2025-08-15 15:00,0.643889,6,3,9,66,69,134,53,45,98,6,3,9,29.5,20.63,25.4,39.68,11.11,1.59,1.59,0.0,0.0
9000008823,2025-08-15 16:00,0.51,0,2,2,85,50,135,35,36,71,6,2,7,22.0,47.22,30.56,16.67,2.78,0.0,0.0,0.0,0.0
9000008823,2025-08-15 17:00,0.632222,11,7,18,63,58,121,34,37,71,5,3,8,21.5,48.89,33.33,17.78,0.0,0.0,0.0,0.0,0.0
9000008823,2025-08-15 18:00,0.781389,8,8,15,106,77,183,45,55,100,9,5,14,32.0,10.26,16.67,53.85,14.1,5.13,0.0,0.0,0.0
9000008823,2025-08-15 19:00,0.788889,10,3,13,103,74,176,52,44,96,9,4,13,29.5,7.89,30.26,48.68,11.84,1.32,0.0,0.0,0.0
9000008823,2025-08-15 20:00,0.314722,8,8,15,101,81,183,24,35,59,9,0,9,34.0,0.0,31.58,31.58,26.32,0.0,0.0,5.26,0.0
9000008823,2025-08-16 06:00,0.249722,0,0,0,4,4,7,11,4,15,4,0,4,29.0,0.0,0.0,100.0,0.0,0.0,0.0,0.0,0.0
9000008823,2025-08-16 07:00,0.7725,4,3,7,6,1,8,16,17,33,10,0,10,29.0,11.54,15.38,65.38,7.69,0.0,0.0,0.0,0.0
9000008823,2025-08-16 08:00,0.791944,1,3,4,24,6,30,16,9,25,1,5,6,32.5,10.0,25.0,45.0,15.0,5.0,0.0,0.0,0.0
9000008823,2025-08-16 09:00,0.790556,4,1,5,30,27,57,20,22,42,5,1,6,36.5,6.06,24.24,45.45,15.15,6.06,0.0,3.03,0.0
9000008823,2025-08-16 10:00,0.7925,5,1,6,48,38,86,34,24,58,6,10,16,30.0,8.7,30.43,45.65,10.87,2.17,2.17,0.0,0.0
9000008823,2025-08-16 11:00,0.773889,9,1,10,46,47,93,44,44,88,14,1,16,31.5,4.41,22.06,54.41,17.65,1.47,0.0,0.0,0.0
9000008823,2025-08-16 12:00,0.688056,6,6,12,48,55,103,49,34,83,13,4,18,34.5,14.04,33.33,21.05,28.07,3.51,0.0,0.0,0.0
9000008823,2025-08-16 13:00,0.646111,2,2,3,59,37,96,68,42,111,12,2,14,46.0,4.23,18.31,43.66,15.49,5.63,2.82,1.41,8.45
9000008823,2025-08-16 14:00,0.661111,6,6,12,65,47,112,61,45,106,3,6,9,32.0,4.29,20.0,57.14,15.71,2.86,0.0,0.0,0.0
9000008823,2025-08-16 15:00,0.596944,5,8,14,62,68,130,39,50,89,2,2,4,30.0,9.43,30.19,43.4,13.21,1.89,0.0,0.0,0.0
9000008823,2025-08-16 16:00,0.543333,0,4,4,3,22,26,6,14,20,2,2,4,26.0,45.45,18.18,36.36,0.0,0.0,0.0,0.0,0.0
9000008823,2025-08-16 17:00,0.501389,0,0,0,48,29,77,26,26,52,15,0,15,20.0,65.38,19.23,15.38,0.0,0.0,0.0,0.0,0.0
9000008823,2025-08-16 18:00,0.708611,12,12,25,81,81,162,51,42,93,7,6,13,33.5,12.12,25.76,34.85,19.7,4.55,0.0,0.0,1.52
9000008823,2025-08-16 19:00,0.781389,9,4,13,91,87,178,41,32,73,4,1,5,32.5,12.28,21.05,45.61,15.79,0.0,5.26,0.0,0.0
9000008823,2025-08-16 20:00,0.369167,3,0,3,54,76,131,47,45,91,5,6,11,32.0,8.82,20.59,50.0,17.65,0.0,0.0,0.0,0.0
9000008823,2025-08-17 05:00,0.042222,0,0,0,0,0,0,24,0,24,0,0,0,44.0,0.0,0.0,0.0,0.0,100.0,0.0,0.0,0.0
9000008823,2025-08-17 06:00,0.667222,0,0,0,8,3,10,6,1,7,0,0,0,42.0,0.0,20.0,20.0,20.0,20.0,0.0,0.0,0.0
9000008823,2025-08-17 07:00,0.783889,1,1,3,4,4,8,8,5,13,1,0,1,36.5,0.0,40.0,30.0,30.0,0.0,0.0,0.0,0.0
9000008823,2025-08-17 08:00,0.7275,3,0,3,19,7,26,10,8,18,0,3,3,35.0,7.69,30.77,38.46,23.08,0.0,0.0,0.0,0.0
9000008823,2025-08-17 09:00,0.675556,1,6,7,18,19,38,15,12,27,4,0,4,38.5,0.0,27.78,38.89,22.22,5.56,5.56,0.0,0.0
9000008823,2025-08-17 10:00,0.644167,6,0,6,49,30,79,30,23,53,5,0,5,35.5,11.76,32.35,35.29,20.59,0.0,0.0,0.0,0.0
9000008823,2025-08-17 11:00,0.640278,12,0,12,52,36,88,23,28,51,3,0,3,30.0,21.21,24.24,39.39,9.09,0.0,3.03,0.0,3.03
9000008823,2025-08-17 12:00,0.701111,7,8,16,71,55,126,50,23,74,7,2,9,32.5,21.15,21.15,32.69,17.31,3.85,1.92,0.0,0.0
9000008823,2025-08-17 13:00,0.715278,11,7,18,85,81,166,34,39,73,1,3,4,32.0,9.62,19.23,51.92,15.38,0.0,1.92,0.0,1.92
9000008823,2025-08-17 14:00,0.669167,11,4,16,81,65,146,50,35,85,3,3,6,28.0,10.53,40.35,40.35,8.77,0.0,0.0,0.0,0.0
9000008823,2025-08-17 15:00,0.655278,9,9,18,93,66,159,32,41,73,5,3,8,34.5,20.83,22.92,39.58,10.42,2.08,0.0,2.08,2.08
9000008823,2025-08-17 16:00,0.531389,5,0,5,57,47,104,23,25,48,4,0,4,27.0,42.31,26.92,30.77,3.85,0.0,0.0,0.0,0.0
9000008823,2025-08-17 17:00,0.592222,7,2,9,81,67,148,26,45,71,5,2,7,27.0,33.33,19.05,42.86,4.76,0.0,0.0,0.0,0.0
9000008823,2025-08-17 18:00,0.736389,15,10,25,93,67,159,39,41,80,0,29,29,40.5,11.86,22.03,32.2,18.64,6.78,1.69,5.08,1.69
9000008823,2025-08-17 19:00,0.793056,6,9,15,111,100,211,39,47,86,4,2,6,29.5,8.82,23.53,55.88,7.35,2.94,1.47,0.0,0.0
9000008823,2025-08-17 20:00,0.366667,11,8,19,58,78,136,49,38,87,0,0,0,37.5,0.0,31.25,34.38,25.0,9.38,0.0,0.0,0.0
9000008823,2025-08-18 05:00,0.040278,0,0,0,25,0,25,0,0,0,0,0,0,,0.0,0.0,0.0,0.0,0.0,0.0,0.0,0.0
9000008823,2025-08-18 06:00,0.599722,0,0,0,21,5,26,18,3,21,6,2,7,34.5,0.0,0.0,61.54,23.08,7.69,0.0,0.0,7.69
9000008823,2025-08-18 07:00,0.757778,1,0,1,51,19,70,28,17,45,5,8,13,31.0,17.65,23.53,41.18,14.71,2.94,0.0,0.0,0.0
9000008823,2025-08-18 08:00,0.7,9,4,13,112,37,150,46,27,73,7,7,14,28.0,15.69,29.41,47.06,1.96,0.0,3.92,1.96,0.0
9000008823,2025-08-18 09:00,0.701944,6,3,9,98,58,157,26,36,61,9,4,13,30.0,6.98,18.6,60.47,9.3,2.33,2.33,0.0,0.0
9000008823,2025-08-18 10:00,0.683889,6,9,15,73,41,114,51,32,83,10,12,22,30.0,12.28,29.82,43.86,12.28,0.0,1.75,0.0,0.0
9000008823,2025-08-18 11:00,0.716389,17,1,18,71,35,106,47,36,84,20,10,29,33.5,8.33,25.0,41.67,20.0,3.33,0.0,0.0,1.67
9000008823,2025-08-18 12:00,0.685,9,1,10,55,54,109,41,39,80,7,15,22,34.0,1.82,20.0,47.27,21.82,5.45,3.64,0.0,0.0
9000008823,2025-08-18 13:00,0.680556,6,6,12,41,52,93,50,56,106,10,3,13,31.5,13.89,19.44,48.61,15.28,2.78,0.0,0.0,0.0
9000008823,2025-08-18 14:00,0.675833,12,3,15,74,49,123,67,60,127,12,4,16,34.0,10.47,18.6,45.35,19.77,5.81,0.0,0.0,0.0
9000008823,2025-08-18 15:00,0.633611,5,6,11,82,84,165,39,57,96,5,3,8,36.5,4.92,29.51,26.23,31.15,3.28,3.28,0.0,1.64
9000008823,2025-08-18 16:00,0.583333,5,5,10,82,58,139,35,26,61,6,3,10,25.0,36.11,27.78,33.33,5.56,0.0,0.0,0.0,0.0
9000008823,2025-08-18 17:00,0.504722,8,0,8,48,39,87,32,57,89,6,2,8,21.0,55.56,28.89,13.33,4.44,0.0,0.0,0.0,0.0
9000008823,2025-08-18 18:00,0.738333,28,22,50,96,113,210,39,46,84,4,3,7,35.5,8.06,27.42,35.48,20.97,3.23,0.0,3.23,1.61
9000008823,2025-08-18 19:00,0.778333,13,16,28,123,99,222,48,29,77,7,3,9,34.0,11.67,23.33,40.0,13.33,1.67,3.33,3.33,3.33
9000008823,2025-08-18 20:00,0.361944,11,17,29,77,78,155,38,16,55,3,0,3,32.5,5.0,25.0,50.0,15.0,0.0,0.0,5.0,0.0
9000008823,2025-08-19 06:00,0.525,12,1,14,29,3,32,15,6,21,3,3,6,54.0,0.0,9.09,45.45,18.18,9.09,9.09,9.09,0.0
9000008823,2025-08-19 07:00,0.293056,0,5,5,52,21,73,29,6,35,7,0,7,33.0,30.0,10.0,40.0,30.0,0.0,0.0,0.0,0.0
9000008823,2025-08-19 08:00,0.683611,9,2,10,145,53,198,34,21,55,3,6,9,29.5,7.89,28.95,47.37,7.89,0.0,0.0,5.26,0.0
9000008823,2025-08-19 09:00,0.671111,5,5,9,115,56,172,34,19,53,5,6,11,27.5,8.33,33.33,55.56,2.78,0.0,0.0,0.0,0.0
9000008823,2025-08-19 10:00,0.679444,15,4,19,66,42,108,35,32,67,10,12,22,30.0,13.04,36.96,34.78,8.7,6.52,0.0,0.0,0.0
9000008823,2025-08-19 11:00,0.72,8,9,17,73,38,110,47,40,87,11,11,22,31.5,12.7,25.4,42.86,12.7,4.76,1.59,0.0,0.0
9000008823,2025-08-19 12:00,0.705833,11,0,11,55,58,113,47,40,86,11,7,18,32.0,6.56,13.11,59.02,21.31,0.0,0.0,0.0,0.0
9000008823,2025-08-19 13:00,0.679722,9,5,13,76,38,115,40,43,83,3,6,9,34.0,12.5,12.5,41.07,30.36,3.57,0.0,1.79,0.0
9000008823,2025-08-19 14:00,0.675833,5,1,6,68,64,132,75,71,146,6,6,12,33.0,7.07,25.25,41.41,21.21,2.02,1.01,1.01,1.01
9000008823,2025-08-19 15:00,0.543611,2,11,12,62,71,133,36,72,108,13,4,16,31.5,27.12,22.03,33.9,11.86,1.69,1.69,0.0,1.69
9000008823,2025-08-19 16:00,0.498056,4,4,8,28,52,81,16,12,28,6,6,12,15.0,78.57,7.14,14.29,0.0,0.0,0.0,0.0,0.0
9000008823,2025-08-19 17:00,0.491389,6,8,14,80,35,114,30,24,54,2,2,4,13.5,77.78,22.22,0.0,0.0,0.0,0.0,0.0,0.0
9000008823,2025-08-19 18:00,0.724444,43,26,69,132,107,239,44,37,82,4,1,5,29.5,16.95,25.42,44.07,13.56,0.0,0.0,0.0,0.0
9000008823,2025-08-19 19:00,0.784444,19,17,36,116,138,254,39,47,87,5,4,9,29.0,8.82,27.94,52.94,8.82,1.47,0.0,0.0,0.0
9000008823,2025-08-19 20:00,0.234444,12,17,30,97,100,197,23,58,80,0,5,5,32.5,0.0,10.53,63.16,26.32,0.0,0.0,5.26,0.0
9000008823,2025-08-20 06:00,0.579167,6,1,7,32,7,39,9,4,13,4,0,4,57.0,0.0,25.0,12.5,62.5,0.0,12.5,12.5,0.0
9000008823,2025-08-20 07:00,0.784167,8,1,9,70,23,93,33,24,58,8,4,11,34.0,8.89,24.44,40.0,22.22,4.44,0.0,0.0,0.0
9000008823,2025-08-20 08:00,0.757222,22,1,23,98,46,145,30,30,60,7,8,14,34.0,15.56,20.0,48.89,8.89,2.22,0.0,4.44,2.22
9000008823,2025-08-20 09:00,0.6825,10,4,15,117,49,166,34,37,71,4,6,10,29.5,8.33,29.17,47.92,14.58,0.0,0.0,0.0,0.0
9000008823,2025-08-20 10:00,0.763611,14,7,21,55,47,102,51,46,97,9,4,13,30.0,13.51,33.78,37.84,12.16,2.7,0.0,0.0,0.0
9000008823,2025-08-20 11:00,0.717222,4,1,6,49,38,86,53,31,83,8,7,15,33.0,10.0,25.0,45.0,13.33,3.33,1.67,1.67,0.0
9000008823,2025-08-20 12:00,0.690556,4,7,12,72,45,117,49,42,91,4,13,17,30.0,7.94,31.75,46.03,12.7,1.59,0.0,0.0,0.0
9000008823,2025-08-20 13:00,0.698056,10,7,17,50,73,123,48,53,101,9,4,13,33.0,7.04,26.76,39.44,23.94,2.82,0.0,0.0,0.0
9000008823,2025-08-20 14:00,0.678889,12,15,27,60,68,127,66,63,130,10,3,13,32.5,5.68,28.41,46.59,12.5,1.14,3.41,1.14,1.14
9000008823,2025-08-20 15:00,0.6475,12,7,19,88,79,167,56,51,107,3,3,6,33.0,8.57,18.57,48.57,17.14,4.29,1.43,0.0,0.0
9000008823,2025-08-20 16:00,0.659444,7,13,20,79,79,158,43,19,62,6,11,16,28.0,21.95,24.39,43.9,4.88,2.44,0.0,0.0,0.0
9000008823,2025-08-20 17:00,0.686944,18,10,28,98,77,176,26,47,72,7,3,10,29.5,30.0,16.0,40.0,10.0,2.0,0.0,2.0,0.0
9000008823,2025-08-20 18:00,0.756389,34,18,52,114,118,231,37,62,99,9,5,15,30.0,21.33,42.67,20.0,10.67,1.33,0.0,2.67,0.0
9000008823,2025-08-20 19:00,0.770278,18,12,30,133,115,248,43,25,67,4,9,13,31.0,7.69,42.31,32.69,13.46,1.92,0.0,0.0,1.92
9000008823,2025-08-20 20:00,0.213056,0,8,8,78,78,156,18,76,93,0,3,3,29.0,0.0,10.0,80.0,5.0,5.0,0.0,0.0,0.0
9000008823,2025-08-21 06:00,0.379444,5,3,8,30,9,39,17,6,23,7,6,13,31.5,0.0,11.11,66.67,22.22,0.0,0.0,0.0,0.0
9000008823,2025-08-21 07:00,0.385,2,2,3,52,24,76,26,15,42,19,0,19,28.5,0.0,37.5,56.25,6.25,6.25,0.0,0.0,0.0
9000008823,2025-08-21 08:00,0.683333,10,3,13,130,36,167,31,28,59,7,9,16,31.0,5.0,25.0,52.5,17.5,0.0,0.0,0.0,0.0
9000008823,2025-08-21 09:00,0.663889,9,3,12,103,56,159,50,19,69,9,8,17,29.5,6.52,30.43,50.0,8.7,2.17,0.0,2.17,0.0
9000008823,2025-08-21 10:00,0.677778,6,6,12,68,47,115,46,44,90,11,11,21,31.0,6.56,22.95,52.46,16.39,0.0,1.64,0.0,0.0
9000008823,2025-08-21 11:00,0.711944,6,4,10,67,48,115,55,31,86,7,14,21,32.5,1.64,37.7,37.7,19.67,0.0,0.0,0.0,3.28
9000008823,2025-08-21 12:00,0.675278,12,4,16,71,34,105,52,53,105,7,9,16,30.5,18.31,22.54,43.66,14.08,1.41,0.0,0.0,0.0
9000008823,2025-08-21 13:00,0.693333,6,7,13,52,60,111,46,39,85,1,4,6,35.0,11.86,15.25,42.37,27.12,1.69,0.0,1.69,0.0
9000008823,2025-08-21 14:00,0.661389,6,11,17,83,85,168,40,65,105,12,11,23,31.5,13.04,21.74,46.38,15.94,1.45,1.45,0.0,0.0
9000008823,2025-08-21 15:00,0.551111,2,9,11,78,74,153,52,68,121,4,7,11,31.0,29.85,17.91,35.82,13.43,1.49,1.49,0.0,0.0
9000008823,2025-08-21 16:00,0.514167,4,2,6,33,37,70,12,29,40,10,6,15,15.0,66.67,19.05,9.52,4.76,0.0,0.0,0.0,0.0
9000008823,2025-08-21 17:00,0.478333,2,2,4,67,37,104,30,38,68,6,8,14,19.5,51.52,36.36,9.09,3.03,0.0,0.0,0.0,0.0
9000008823,2025-08-21 18:00,0.713611,42,36,78,117,121,238,44,56,100,6,2,7,32.5,22.54,19.72,36.62,16.9,1.41,2.82,0.0,0.0
9000008823,2025-08-21 19:00,0.783333,19,13,32,106,143,249,44,45,88,6,8,14,33.5,5.8,24.64,47.83,13.04,5.8,1.45,0.0,1.45
9000008823,2025-08-21 20:00,0.163333,24,6,31,129,73,202,43,24,67,18,0,18,26.5,18.18,36.36,36.36,0.0,9.09,0.0,0.0,0.0
9000008823,2025-08-22 06:00,0.58,5,1,6,22,5,27,22,12,34,2,3,6,47.0,0.0,15.0,55.0,10.0,25.0,5.0,0.0,0.0
9000008823,2025-08-22 07:00,0.771389,10,4,14,41,14,55,40,13,53,12,6,18,33.0,0.0,34.15,46.34,9.76,7.32,2.44,0.0,0.0
9000008823,2025-08-22 08:00,0.761111,4,5,9,81,43,125,32,24,55,6,5,12,30.0,4.76,33.33,47.62,9.52,0.0,2.38,2.38,0.0
9000008823,2025-08-22 09:00,0.664444,15,3,18,90,50,140,53,28,80,4,3,7,29.5,1.89,24.53,60.38,13.21,0.0,0.0,0.0,0.0
9000008823,2025-08-22 10:00,0.661389,16,6,23,51,38,89,39,32,71,9,2,11,36.0,12.77,25.53,36.17,23.4,2.13,0.0,0.0,0.0
9000008823,2025-08-22 11:00,0.671389,6,7,13,58,49,107,52,33,85,9,12,21,32.0,3.51,28.07,47.37,17.54,3.51,0.0,0.0,0.0
9000008823,2025-08-22 12:00,0.626389,9,8,17,49,54,103,47,64,111,24,15,38,32.0,18.84,17.39,44.93,14.49,2.9,1.45,0.0,0.0
9000008823,2025-08-22 13:00,0.719444,8,10,18,69,58,128,55,53,108,7,15,22,29.5,14.29,31.17,40.26,11.69,1.3,1.3,0.0,0.0
9000008823,2025-08-22 14:00,0.744722,12,11,23,70,48,117,73,93,166,11,11,22,32.0,9.68,25.81,43.55,20.16,0.81,0.0,0.0,0.0
9000008823,2025-08-22 15:00,0.748333,15,13,28,65,71,136,63,52,115,7,0,7,31.5,15.12,26.74,38.37,17.44,2.33,0.0,0.0,0.0
9000008823,2025-08-22 16:00,0.766944,21,14,35,74,66,140,55,62,117,12,5,17,29.0,18.89,32.22,36.67,7.78,2.22,2.22,0.0,0.0
9000008823,2025-08-22 17:00,0.778611,19,10,30,71,55,126,60,53,113,8,5,13,32.0,5.68,19.32,52.27,20.45,2.27,0.0,0.0,0.0
9000008823,2025-08-22 18:00,0.781111,18,12,30,100,94,194,56,33,89,13,3,15,31.5,11.43,30.0,40.0,17.14,1.43,0.0,0.0,0.0
9000008823,2025-08-22 19:00,0.688056,17,10,27,85,58,143,52,45,96,7,0,7,34.0,4.55,18.18,45.45,30.3,0.0,1.52,0.0,0.0
9000008823,2025-08-22 20:00,0.068889,0,15,15,131,87,218,58,29,87,0,0,0,60.5,0.0,16.67,66.67,0.0,0.0,0.0,16.67,0.0
9000008823,2025-08-23 06:00,0.407222,0,3,3,8,4,12,10,5,15,0,0,0,46.0,0.0,33.33,33.33,16.67,0.0,0.0,0.0,0.0
9000008823,2025-08-23 07:00,0.757778,4,4,8,8,4,12,3,5,8,5,0,5,32.5,16.67,0.0,50.0,33.33,0.0,0.0,0.0,0.0
9000008823,2025-08-23 08:00,0.750278,4,1,5,28,15,42,20,4,24,4,0,4,33.0,22.22,22.22,27.78,27.78,0.0,0.0,0.0,0.0
9000008823,2025-08-23 09:00,0.712778,4,5,10,31,25,57,28,31,59,3,1,4,31.5,11.9,21.43,47.62,11.9,2.38,0.0,2.38,2.38
9000008823,2025-08-23 10:00,0.703611,5,4,10,35,25,60,46,25,72,0,1,1,33.0,12.0,20.0,46.0,20.0,2.0,2.0,0.0,0.0
9000008823,2025-08-23 11:00,0.701389,3,7,10,45,28,73,27,33,60,6,9,14,30.0,9.52,45.24,30.95,7.14,4.76,0.0,2.38,0.0
9000008823,2025-08-23 12:00,0.680833,3,2,5,26,26,52,29,35,64,9,3,12,29.5,15.91,11.36,59.09,11.36,0.0,2.27,0.0,0.0
9000008823,2025-08-23 13:00,0.691944,6,9,15,36,25,61,51,27,78,6,1,7,31.5,22.22,22.22,37.04,12.96,1.85,1.85,0.0,1.85
9000008823,2025-08-23 14:00,0.694722,20,10,30,40,27,67,63,43,106,9,10,19,35.0,6.76,21.62,44.59,21.62,4.05,0.0,0.0,1.35
9000008823,2025-08-23 15:00,0.678056,7,0,7,61,51,112,78,40,118,15,4,19,32.5,8.75,18.75,50.0,18.75,3.75,0.0,0.0,0.0
9000008823,2025-08-23 16:00,0.622778,10,0,10,26,35,61,42,75,117,13,8,21,29.5,32.88,15.07,38.36,10.96,2.74,0.0,0.0,0.0
9000008823,2025-08-23 17:00,0.4925,14,0,14,30,29,59,25,32,58,12,6,18,13.0,78.57,10.71,10.71,0.0,0.0,0.0,0.0,0.0
9000008823,2025-08-23 18:00,0.759444,11,7,17,82,44,126,39,48,87,11,1,12,32.5,18.18,19.7,42.42,13.64,6.06,0.0,0.0,0.0
9000008823,2025-08-23 19:00,0.786667,8,9,16,72,56,128,55,44,99,19,4,23,29.0,7.69,39.74,39.74,8.97,2.56,0.0,1.28,0.0
9000008823,2025-08-23 20:00,0.086111,12,0,12,70,93,163,35,58,93,0,0,0,29.5,0.0,25.0,62.5,0.0,12.5,0.0,0.0,0.0
9000008823,2025-08-24 06:00,0.452778,5,0,5,1,2,3,6,12,18,0,0,0,35.5,0.0,12.5,62.5,25.0,0.0,0.0,0.0,0.0
9000008823,2025-08-24 07:00,0.714444,1,0,1,6,6,12,7,3,10,0,0,0,35.0,28.57,0.0,14.29,71.43,0.0,0.0,0.0,0.0
9000008823,2025-08-24 08:00,0.716944,8,0,8,24,3,27,11,6,17,0,0,0,33.0,0.0,0.0,66.67,33.33,0.0,0.0,0.0,0.0
9000008823,2025-08-24 09:00,0.636944,3,5,8,39,20,59,17,19,36,2,0,2,37.0,13.04,17.39,47.83,17.39,4.35,0.0,0.0,0.0
9000008823,2025-08-24 10:00,0.654444,8,6,14,37,26,63,41,27,68,0,5,5,33.5,4.44,31.11,42.22,17.78,0.0,2.22,0.0,2.22
9000008823,2025-08-24 11:00,0.625556,3,6,10,48,19,67,33,61,94,2,8,10,35.0,13.56,28.81,33.9,15.25,1.69,1.69,0.0,5.08
9000008823,2025-08-24 12:00,0.595278,5,5,11,53,51,104,37,34,71,2,2,3,33.0,14.29,28.57,35.71,14.29,4.76,2.38,0.0,0.0
9000008823,2025-08-24 13:00,0.587778,5,7,12,39,45,83,44,35,79,5,0,5,36.0,8.7,15.22,50.0,13.04,4.35,4.35,4.35,0.0
9000008823,2025-08-24 14:00,0.612778,8,6,14,85,51,136,46,56,102,6,3,10,33.0,11.29,22.58,41.94,24.19,0.0,0.0,1.61,0.0
9000008823,2025-08-24 15:00,0.740833,16,13,29,83,53,136,46,38,84,0,0,0,34.0,4.84,24.19,37.1,24.19,6.45,3.23,0.0,0.0
9000008823,2025-08-24 16:00,0.738333,7,18,24,79,49,128,45,39,83,4,0,4,32.5,14.52,20.97,43.55,16.13,3.23,1.61,0.0,0.0
9000008823,2025-08-24 17:00,0.742222,8,14,22,52,87,139,51,51,102,4,1,5,37.0,5.26,27.63,42.11,15.79,5.26,1.32,0.0,2.63
9000008823,2025-08-24 18:00,0.767778,12,5,16,84,87,172,47,42,89,6,8,14,32.0,10.29,26.47,44.12,14.71,1.47,1.47,0.0,1.47
9000008823,2025-08-24 19:00,0.78,9,6,15,50,61,111,37,33,70,2,3,5,33.0,7.27,29.09,41.82,18.18,1.82,0.0,1.82,0.0
9000008823,2025-08-24 20:00,0.068056,0,0,0,73,59,132,15,29,44,0,0,0,38.0,0.0,66.67,0.0,33.33,0.0,0.0,0.0,0.0
9000008823,2025-08-25 06:00,0.540278,6,0,6,14,4,18,15,8,23,6,1,7,38.5,0.0,16.67,66.67,8.33,8.33,8.33,0.0,0.0
9000008823,2025-08-25 07:00,0.801111,8,3,10,64,24,87,31,15,46,11,7,19,33.0,0.0,16.22,56.76,24.32,2.7,0.0,0.0,0.0
9000008823,2025-08-25 08:00,0.790556,16,4,20,114,47,160,42,19,61,8,5,13,33.5,6.25,29.17,39.58,20.83,4.17,0.0,0.0,0.0
9000008823,2025-08-25 09:00,0.788333,14,6,20,80,33,113,49,20,70,13,13,25,36.0,7.27,30.91,43.64,10.91,5.45,0.0,0.0,1.82
9000008823,2025-08-25 10:00,0.796667,7,5,13,55,31,87,35,49,84,13,6,19,30.0,4.48,28.36,52.24,13.43,0.0,0.0,1.49,0.0
9000008823,2025-08-25 11:00,0.785833,9,5,14,62,43,106,50,45,94,14,18,32,30.5,4.05,36.49,43.24,14.86,1.35,0.0,0.0,0.0
9000008823,2025-08-25 12:00,0.782778,11,5,17,48,36,84,78,56,133,10,13,23,34.0,1.92,21.15,52.88,16.35,2.88,4.81,0.0,0.0
9000008823,2025-08-25 13:00,0.689722,7,12,19,36,41,77,45,46,92,4,4,9,33.5,9.52,30.16,31.75,23.81,4.76,0.0,0.0,0.0
9000008823,2025-08-25 14:00,0.7275,8,5,14,51,63,114,67,81,149,8,10,18,36.0,9.26,12.04,49.07,22.22,1.85,2.78,1.85,0.93
9000008823,2025-08-25 15:00,0.713889,8,3,11,95,53,148,72,59,132,4,7,11,30.0,11.7,25.53,47.87,10.64,3.19,0.0,0.0,1.06
9000008823,2025-08-25 16:00,0.5325,8,2,10,58,52,109,34,57,91,7,2,9,26.5,56.25,12.5,20.83,8.33,2.08,0.0,0.0,0.0
9000008823,2025-08-25 17:00,0.515278,5,0,5,69,72,141,36,28,65,7,4,11,18.5,60.61,30.3,9.09,0.0,0.0,0.0,0.0,0.0
9000008823,2025-08-25 18:00,0.705833,11,9,20,105,103,208,41,40,81,7,8,15,34.0,10.53,12.28,49.12,26.32,1.75,0.0,0.0,0.0
9000008823,2025-08-25 19:00,0.742222,12,15,27,99,94,193,36,31,67,4,4,8,33.5,6.0,22.0,52.0,16.0,6.0,0.0,0.0,0.0
9000008823,2025-08-25 20:00,0.080278,25,12,37,25,87,112,75,25,100,0,0,0,28.0,0.0,25.0,75.0,0.0,0.0,0.0,0.0,0.0
9000008823,2025-08-26 06:00,0.510833,0,0,0,17,7,23,18,5,23,0,2,2,35.0,0.0,8.33,41.67,58.33,0.0,0.0,0.0,0.0
9000008823,2025-08-26 07:00,0.774167,4,0,4,53,22,75,36,14,50,8,9,17,34.0,2.56,25.64,35.9,35.9,0.0,0.0,0.0,0.0
9000008823,2025-08-26 08:00,0.768611,5,1,6,143,49,192,36,23,60,1,4,5,31.5,6.52,28.26,45.65,17.39,2.17,0.0,0.0,0.0
9000008823,2025-08-26 09:00,0.665,4,2,6,118,48,166,47,27,75,4,8,12,29.5,10.0,40.0,34.0,12.0,0.0,0.0,0.0,2.0
9000008823,2025-08-26 10:00,0.631667,5,8,13,50,28,79,57,35,92,3,8,11,32.5,12.07,31.03,36.21,15.52,3.45,1.72,0.0,0.0
9000008823,2025-08-26 11:00,0.685278,7,12,19,61,46,108,33,44,77,9,7,16,33.5,7.55,22.64,47.17,13.21,7.55,0.0,0.0,1.89
9000008823,2025-08-26 12:00,0.690556,13,12,25,67,49,116,60,57,116,32,7,39,34.0,13.75,26.25,36.25,15.0,7.5,0.0,0.0,1.25
9000008823,2025-08-26 13:00,0.685278,15,7,22,58,52,111,62,39,102,7,7,15,37.0,8.57,17.14,47.14,18.57,5.71,1.43,1.43,0.0
9000008823,2025-08-26 14:00,0.683056,6,4,10,62,53,115,66,67,133,15,13,28,32.0,4.4,31.87,43.96,14.29,3.3,1.1,0.0,1.1
9000008823,2025-08-26 15:00,0.574444,5,5,10,91,73,164,59,45,104,12,10,23,31.5,20.0,30.0,31.67,18.33,0.0,0.0,0.0,0.0
9000008823,2025-08-26 16:00,0.535556,2,2,4,62,63,125,27,62,89,5,2,7,23.5,70.21,6.38,23.4,0.0,0.0,0.0,0.0,2.13
9000008823,2025-08-26 17:00,0.5875,8,4,12,82,75,157,43,20,63,4,0,4,19.5,51.35,35.14,13.51,2.7,0.0,0.0,0.0,0.0
9000008823,2025-08-26 18:00,0.763333,7,13,20,142,121,262,55,59,114,3,18,21,32.0,4.6,28.74,47.13,10.34,4.6,1.15,0.0,3.45
9000008823,2025-08-26 19:00,0.7725,5,6,12,115,131,247,43,48,91,6,4,10,31.0,11.43,31.43,40.0,12.86,0.0,2.86,1.43,0.0
9000008823,2025-08-26 20:00,0.011667,0,0,0,171,0,171,0,0,0,0,0,0,,0.0,0.0,0.0,0.0,0.0,0.0,0.0,0.0
9000008823,2025-08-27 06:00,0.6075,5,2,7,22,10,31,23,10,33,3,3,7,35.0,5.0,10.0,60.0,15.0,0.0,5.0,0.0,5.0
9000008823,2025-08-27 07:00,0.779167,8,4,12,60,19,79,28,19,48,10,6,17,36.0,0.0,16.22,48.65,27.03,5.41,2.7,0.0,0.0
9000008823,2025-08-27 08:00,0.790556,7,1,8,153,55,208,34,27,61,9,7,16,36.0,4.17,25.0,37.5,31.25,2.08,0.0,0.0,0.0
9000008823,2025-08-27 09:00,0.760278,5,0,5,127,49,175,45,38,83,11,8,19,30.5,4.76,31.75,47.62,11.11,1.59,1.59,1.59,0.0
9000008823,2025-08-27 10:00,0.762222,14,8,22,54,43,97,42,45,87,20,16,35,29.0,4.55,30.3,54.55,6.06,4.55,0.0,0.0,0.0
9000008823,2025-08-27 11:00,0.769444,10,7,17,65,45,110,69,34,103,14,13,27,33.0,3.8,24.05,51.9,16.46,2.53,1.27,0.0,0.0
9000008823,2025-08-27 12:00,0.714444,11,7,18,63,62,125,64,63,128,11,10,21,32.0,4.4,29.67,46.15,14.29,4.4,1.1,0.0,0.0
9000008823,2025-08-27 13:00,0.710278,6,1,7,92,38,130,52,51,103,14,11,25,29.0,2.74,28.77,57.53,8.22,1.37,0.0,0.0,1.37
9000008823,2025-08-27 14:00,0.718611,8,3,11,99,58,157,57,51,108,18,10,28,33.5,7.69,24.36,46.15,16.67,2.56,1.28,0.0,1.28
9000008823,2025-08-27 15:00,0.683333,7,3,10,109,58,166,67,60,127,4,11,16,29.0,12.79,24.42,53.49,9.3,1.16,0.0,0.0,0.0
9000008823,2025-08-27 16:00,0.600556,7,3,10,84,52,136,37,65,102,10,10,20,28.0,37.7,24.59,27.87,8.2,1.64,0.0,0.0,0.0
9000008823,2025-08-27 17:00,0.670278,11,3,14,142,87,229,37,49,86,7,2,9,31.0,27.59,34.48,20.69,12.07,5.17,0.0,0.0,0.0
9000008823,2025-08-27 18:00,0.778889,18,10,28,158,151,309,60,53,113,17,4,21,31.5,5.68,31.82,45.45,9.09,1.14,3.41,2.27,1.14
9000008823,2025-08-27 19:00,0.736944,4,12,16,172,174,345,42,38,80,8,9,17,29.5,3.39,30.51,54.24,8.47,0.0,3.39,0.0,0.0
9000008823,2025-08-28 06:00,0.131667,12,0,12,6,6,12,17,38,55,0,0,0,36.0,0.0,14.29,28.57,42.86,0.0,0.0,0.0,0.0
9000008823,2025-08-28 07:00,0.736111,9,3,11,39,20,59,22,17,38,18,8,26,34.0,14.29,21.43,28.57,32.14,3.57,0.0,0.0,0.0
9000008823,2025-08-28 08:00,0.756944,35,6,40,89,38,127,38,29,67,5,4,9,33.0,7.84,21.57,47.06,21.57,0.0,1.96,0.0,0.0
9000008823,2025-08-28 09:00,0.790556,32,11,43,61,47,107,34,28,62,10,6,16,33.0,2.04,24.49,51.02,18.37,4.08,0.0,0.0,0.0
9000008823,2025-08-28 10:00,0.778611,22,1,23,28,24,53,40,45,85,6,13,19,31.5,6.06,18.18,57.58,16.67,1.52,0.0,0.0,0.0
9000008823,2025-08-28 11:00,0.773056,12,10,22,31,27,58,45,49,94,15,13,28,28.5,6.85,31.51,53.42,5.48,1.37,0.0,0.0,1.37
9000008823,2025-08-28 12:00,0.776389,13,5,18,25,39,65,58,35,92,7,9,16,33.0,1.39,20.83,55.56,19.44,2.78,0.0,0.0,0.0
9000008823,2025-08-28 13:00,0.786944,9,18,27,27,39,66,48,67,116,14,13,27,30.0,5.49,28.57,50.55,13.19,2.2,0.0,0.0,0.0
9000008823,2025-08-28 14:00,0.794167,10,9,19,33,40,73,49,58,107,18,15,33,30.5,2.35,22.35,58.82,16.47,0.0,0.0,0.0,0.0
9000008823,2025-08-28 15:00,0.789722,11,14,25,60,53,113,57,65,122,13,18,30,31.5,15.62,27.08,39.58,15.62,2.08,0.0,0.0,0.0
9000008823,2025-08-28 16:00,0.775278,17,5,22,49,59,108,49,63,112,18,6,24,29.5,14.94,19.54,52.87,10.34,1.15,1.15,0.0,0.0
9000008823,2025-08-28 17:00,0.779722,27,12,38,26,56,82,56,49,105,20,12,32,32.0,14.63,18.29,48.78,14.63,3.66,0.0,0.0,0.0
9000008823,2025-08-28 18:00,0.769167,10,17,27,39,64,103,36,61,97,13,4,17,33.5,9.33,21.33,45.33,17.33,5.33,1.33,0.0,0.0
9000008823,2025-08-28 19:00,0.649722,9,4,13,36,55,92,42,46,88,7,19,25,30.0,10.53,38.6,38.6,12.28,1.75,0.0,0.0,0.0
9000008823,2025-08-29 06:00,0.404722,10,0,10,25,0,25,20,20,40,5,7,12,36.5,6.25,18.75,37.5,31.25,6.25,0.0,0.0,0.0
9000008823,2025-08-29 07:00,0.797778,6,0,6,38,17,56,26,19,45,8,10,18,34.0,2.78,25.0,38.89,30.56,0.0,0.0,2.78,0.0
9000008823,2025-08-29 08:00,0.786944,10,1,11,89,33,122,33,34,67,11,6,18,34.0,1.89,32.08,37.74,24.53,1.89,0.0,1.89,0.0
9000008823,2025-08-29 09:00,0.795,15,6,21,57,34,91,47,36,83,15,4,19,31.5,10.61,24.24,45.45,15.15,4.55,0.0,0.0,0.0
9000008823,2025-08-29 10:00,0.798889,19,8,26,25,25,50,41,60,102,14,10,24,31.5,7.41,32.1,41.98,14.81,3.7,0.0,0.0,0.0
9000008823,2025-08-29 11:00,0.795,21,10,31,24,28,52,44,40,84,29,8,36,32.0,5.97,28.36,44.78,16.42,2.99,1.49,0.0,0.0
9000008823,2025-08-29 12:00,0.770833,22,6,29,34,26,60,60,39,99,26,13,39,31.5,7.89,28.95,44.74,17.11,1.32,0.0,0.0,0.0
9000008823,2025-08-29 13:00,0.784444,11,8,19,47,37,84,62,88,150,23,15,38,28.0,8.47,43.22,40.68,7.63,0.0,0.0,0.0,0.0
9000008823,2025-08-29 14:00,0.780556,12,4,15,28,51,80,69,106,175,15,29,45,31.0,7.3,21.17,53.28,18.25,0.0,0.0,0.0,0.0
9000008823,2025-08-29 15:00,0.776111,5,5,10,49,68,117,57,75,132,13,13,26,32.5,5.88,23.53,48.04,19.61,3.92,0.0,0.0,0.0
9000008823,2025-08-29 16:00,0.754444,13,3,16,65,51,115,51,51,103,12,9,21,31.0,5.19,23.38,54.55,15.58,1.3,1.3,0.0,0.0
9000008823,2025-08-29 17:00,0.792778,4,3,6,57,44,101,63,45,109,11,6,18,31.5,13.95,16.28,52.33,13.95,2.33,0.0,0.0,1.16
9000008823,2025-08-29 18:00,0.779444,17,5,22,87,61,149,55,49,104,9,3,11,33.0,2.47,27.16,50.62,11.11,3.7,1.23,1.23,2.47
9000008823,2025-08-29 19:00,0.7725,6,9,15,75,79,154,50,32,82,13,8,21,32.0,17.19,34.38,26.56,18.75,3.12,0.0,0.0,0.0
9000008823,2025-08-30 06:00,0.161111,6,0,6,0,0,0,6,6,11,0,0,0,29.0,0.0,0.0,100.0,0.0,0.0,0.0,0.0,0.0
9000008823,2025-08-30 07:00,0.790556,3,1,4,5,6,11,10,6,16,3,6,9,30.0,0.0,23.08,61.54,15.38,0.0,0.0,0.0,0.0
9000008823,2025-08-30 08:00,0.790833,4,3,6,22,16,38,13,15,28,1,4,5,33.5,0.0,18.18,50.0,27.27,4.55,0.0,0.0,0.0
9000008823,2025-08-30 09:00,0.784167,8,6,14,54,15,69,36,15,51,4,6,10,33.5,2.5,32.5,45.0,12.5,2.5,5.0,0.0,0.0
9000008823,2025-08-30 10:00,0.708889,4,1,6,81,35,117,44,40,83,4,7,11,32.5,1.69,35.59,40.68,20.34,1.69,0.0,0.0,0.0
9000008823,2025-08-30 11:00,0.726944,15,8,23,66,54,119,50,43,93,7,3,10,34.0,8.82,23.53,39.71,22.06,1.47,0.0,1.47,1.47
9000008823,2025-08-30 12:00,0.704722,4,4,9,68,58,126,45,48,93,4,6,10,31.5,6.06,19.7,56.06,13.64,1.52,1.52,1.52,0.0
9000008823,2025-08-30 13:00,0.653056,13,8,21,77,51,128,76,60,136,6,0,6,34.0,3.37,31.46,40.45,19.1,4.49,0.0,0.0,1.12
9000008823,2025-08-30 14:00,0.760278,12,14,26,124,79,203,84,62,146,17,10,28,33.0,6.31,21.62,46.85,18.02,5.41,0.9,0.0,0.0
9000008823,2025-08-30 15:00,0.774722,24,17,41,104,76,180,71,52,123,20,10,30,32.0,12.63,24.21,43.16,17.89,0.0,1.05,0.0,1.05
9000008823,2025-08-30 16:00,0.771389,18,10,28,76,79,155,70,51,120,22,9,31,34.0,6.45,16.13,52.69,20.43,3.23,1.08,0.0,0.0
9000008823,2025-08-30 17:00,0.696667,7,8,15,96,77,173,70,65,134,7,9,16,28.0,18.09,36.17,37.23,4.26,3.19,1.06,0.0,0.0
9000008823,2025-08-30 18:00,0.745556,12,13,25,88,85,174,73,39,112,9,13,22,29.0,22.89,24.1,42.17,8.43,0.0,1.2,0.0,2.41
9000008823,2025-08-30 19:00,0.678611,6,5,11,97,87,185,54,34,89,8,6,14,32.5,3.33,36.67,40.0,15.0,3.33,0.0,1.67,0.0
9000008823,2025-08-31 06:00,0.387222,5,5,10,5,5,11,0,10,10,0,0,0,42.0,0.0,0.0,50.0,25.0,25.0,0.0,0.0,0.0
9000008823,2025-08-31 07:00,0.6575,4,0,4,11,4,15,5,4,9,0,0,0,28.5,0.0,0.0,100.0,0.0,0.0,0.0,0.0,0.0
9000008823,2025-08-31 08:00,0.784722,4,4,8,20,13,33,13,8,21,4,2,6,29.5,0.0,37.5,50.0,12.5,0.0,0.0,0.0,0.0
9000008823,2025-08-31 09:00,0.706111,6,3,8,42,26,68,21,23,44,4,4,9,30.5,3.23,41.94,38.71,12.9,0.0,3.23,0.0,0.0
9000008823,2025-08-31 10:00,0.695,4,6,10,56,50,106,30,29,59,6,3,9,33.0,7.32,34.15,36.59,19.51,2.44,0.0,0.0,0.0
9000008823,2025-08-31 11:00,0.7175,7,8,15,70,50,119,38,32,70,3,4,7,30.5,8.0,46.0,30.0,16.0,0.0,0.0,0.0,0.0
9000008823,2025-08-31 12:00,0.698333,10,4,14,121,68,189,50,39,89,3,1,4,31.5,8.06,33.87,40.32,12.9,4.84,0.0,0.0,0.0
9000008823,2025-08-31 13:00,0.671944,12,3,15,97,98,195,54,42,95,4,3,7,33.5,6.25,34.38,35.94,18.75,1.56,1.56,0.0,1.56
9000008823,2025-08-31 14:00,0.665278,18,10,28,156,72,228,41,36,77,3,0,3,32.5,3.92,31.37,39.22,21.57,1.96,0.0,0.0,1.96
9000008823,2025-08-31 15:00,0.665833,17,9,26,115,87,202,46,53,99,3,5,8,30.0,7.58,33.33,43.94,10.61,1.52,0.0,1.52,1.52
9000008823,2025-08-31 16:00,0.605556,11,6,17,75,57,131,33,32,66,6,5,11,30.5,40.0,27.5,20.0,10.0,2.5,0.0,0.0,2.5
9000008823,2025-08-31 17:00,0.525,6,9,15,53,34,87,43,37,80,0,0,0,16.0,57.14,35.71,4.76,0.0,0.0,0.0,0.0,0.0
9000008823,2025-08-31 18:00,0.751389,26,12,38,111,113,224,48,31,78,4,2,6,35.0,33.9,13.56,33.9,8.47,6.78,0.0,0.0,5.08
9000008823,2025-08-31 19:00,0.755278,10,15,25,98,110,208,38,39,77,2,29,32,34.0,5.17,29.31,41.38,24.14,1.72,0.0,0.0,0.0
9000008823,2025-09-01 06:00,0.385,5,0,5,10,10,20,15,3,18,5,3,8,42.5,0.0,0.0,57.14,14.29,28.57,0.0,0.0,0.0
9000008823,2025-09-01 07:00,0.786389,8,4,12,69,31,100,27,13,40,8,9,17,32.5,0.0,6.45,70.97,22.58,0.0,0.0,0.0,0.0
9000008823,2025-09-01 08:00,0.784722,19,8,27,183,64,247,43,29,73,10,8,18,29.5,5.26,29.82,50.88,8.77,1.75,3.51,0.0,0.0
9000008823,2025-09-01 09:00,0.715556,24,4,28,131,46,177,49,22,71,7,7,14,29.5,11.76,35.29,39.22,7.84,3.92,1.96,0.0,0.0
9000008823,2025-09-01 10:00,0.724167,12,12,25,73,44,117,47,41,88,11,7,18,31.0,3.12,29.69,50.0,12.5,1.56,3.12,0.0,0.0
9000008823,2025-09-01 11:00,0.715278,16,4,20,90,69,159,49,50,99,27,13,39,32.5,2.82,22.54,54.93,19.72,0.0,0.0,0.0,0.0
9000008823,2025-09-01 12:00,0.731111,15,6,21,68,57,125,58,44,101,9,12,21,30.5,12.16,29.73,43.24,12.16,2.7,1.35,0.0,0.0
9000008823,2025-09-01 13:00,0.730556,8,4,12,60,69,128,51,86,137,15,10,25,34.5,2.0,24.0,45.0,20.0,6.0,0.0,0.0,2.0
9000008823,2025-09-01 14:00,0.674167,11,4,15,88,67,154,60,117,177,22,18,40,34.5,2.52,14.29,47.9,29.41,3.36,0.84,0.0,1.68
9000008823,2025-09-01 15:00,0.746944,3,7,9,96,76,173,88,58,146,5,11,16,31.0,7.34,22.02,54.13,13.76,1.83,0.0,0.92,0.0
9000008823,2025-09-01 16:00,0.643889,8,3,11,112,66,178,56,65,120,14,8,21,27.0,52.56,21.79,15.38,10.26,0.0,0.0,0.0,0.0
9000008823,2025-09-01 17:00,0.7225,11,8,19,115,91,206,48,52,101,11,7,19,26.5,30.14,27.4,38.36,4.11,0.0,0.0,0.0,1.37
9000008823,2025-09-01 18:00,0.7875,18,14,32,151,134,285,55,55,110,9,13,22,30.0,12.79,27.91,44.19,10.47,3.49,1.16,0.0,0.0
9000008823,2025-09-01 19:00,0.633611,12,19,31,108,99,207,59,49,108,10,5,15,32.5,4.41,27.94,45.59,19.12,2.94,0.0,1.47,0.0
9000008823,2025-09-02 06:00,0.029722,0,0,0,0,0,0,0,0,0,0,34,34,,0.0,0.0,0.0,0.0,0.0,0.0,0.0,0.0
9000008823,2025-09-02 07:00,0.595278,16,3,20,49,10,59,23,23,46,14,9,23,31.5,3.7,18.52,59.26,14.81,3.7,0.0,0.0,0.0
9000008823,2025-09-02 08:00,0.791944,43,3,46,91,33,124,56,16,72,11,5,16,33.0,1.75,29.82,47.37,17.54,1.75,0.0,1.75,0.0
9000008823,2025-09-02 09:00,0.791667,39,9,48,56,33,88,54,37,91,5,18,23,31.5,5.56,31.94,44.44,15.28,2.78,0.0,0.0,0.0
9000008823,2025-09-02 10:00,0.795,18,4,21,19,15,34,60,50,110,8,14,21,31.5,4.55,22.73,55.68,14.77,2.27,0.0,0.0,0.0
9000008823,2025-09-02 11:00,0.785556,10,4,14,31,28,59,58,46,104,20,19,39,30.5,6.1,29.27,48.78,15.85,0.0,0.0,0.0,0.0
9000008823,2025-09-02 12:00,0.796944,14,15,29,29,31,60,61,50,112,11,19,30,33.5,3.37,33.71,40.45,17.98,4.49,0.0,0.0,0.0
9000008823,2025-09-02 13:00,0.781111,18,3,21,33,28,62,56,68,124,29,15,45,33.0,13.4,21.65,43.3,16.49,2.06,3.09,0.0,0.0
9000008823,2025-09-02 14:00,0.763056,20,13,33,26,33,59,85,85,170,16,28,44,32.5,6.15,29.23,43.85,16.92,3.85,0.0,0.0,0.0
9000008823,2025-09-02 15:00,0.754167,10,7,17,72,58,129,71,52,123,16,8,24,32.0,9.68,22.58,48.39,18.28,1.08,0.0,0.0,0.0
9000008823,2025-09-02 16:00,0.648611,4,5,9,46,57,103,65,76,141,12,9,22,28.0,15.38,37.36,39.56,5.49,1.1,1.1,0.0,0.0
9000008823,2025-09-02 17:00,0.638056,3,2,5,85,56,141,53,56,109,9,8,17,25.5,37.14,35.71,18.57,4.29,2.86,1.43,0.0,0.0
9000008823,2025-09-02 18:00,0.755833,10,7,17,99,96,196,60,73,132,11,3,13,31.5,16.0,28.0,39.0,13.0,3.0,1.0,0.0,0.0
9000008823,2025-09-02 19:00,0.339722,5,8,13,75,103,178,25,42,67,4,14,18,27.5,8.7,43.48,43.48,4.35,0.0,0.0,4.35,0.0
9000008823,2025-09-03 06:00,0.255833,8,0,8,24,12,35,24,12,35,4,8,12,29.5,0.0,22.22,66.67,0.0,11.11,0.0,0.0,0.0
9000008823,2025-09-03 07:00,0.672222,17,2,19,61,28,90,37,19,56,9,7,16,32.0,0.0,28.95,50.0,18.42,0.0,0.0,0.0,0.0
9000008823,2025-09-03 08:00,0.384167,31,6,37,189,54,243,58,38,96,9,2,11,30.0,18.92,27.03,37.84,16.22,0.0,0.0,0.0,0.0
9000008823,2025-09-03 09:00,0.536389,3,0,3,125,74,199,28,41,70,7,3,10,32.5,10.81,18.92,43.24,18.92,0.0,0.0,0.0,5.41
9000008823,2025-09-03 10:00,0.718333,13,4,17,60,52,111,43,38,81,7,11,18,29.5,5.17,41.38,39.66,12.07,1.72,0.0,0.0,0.0
9000008823,2025-09-03 11:00,0.7125,11,12,23,70,65,135,48,41,88,16,7,22,31.5,11.11,23.81,46.03,17.46,1.59,0.0,0.0,0.0
9000008823,2025-09-03 12:00,0.674444,7,4,12,83,44,127,52,39,90,9,9,18,30.5,8.2,34.43,40.98,11.48,1.64,3.28,0.0,0.0
9000008823,2025-09-03 13:00,0.664444,10,6,16,75,63,138,69,60,130,8,9,17,30.5,10.47,29.07,44.19,15.12,1.16,0.0,0.0,0.0
9000008823,2025-09-03 14:00,0.638889,6,6,12,64,70,134,67,70,136,11,5,15,34.5,11.49,17.24,44.83,21.84,1.15,1.15,1.15,0.0
9000008823,2025-09-03 15:00,0.641111,8,6,14,78,91,169,67,86,153,9,17,26,30.0,14.29,30.61,39.8,12.24,3.06,0.0,0.0,0.0
9000008823,2025-09-03 16:00,0.568333,16,5,21,82,78,160,60,74,134,12,9,21,30.5,35.53,21.05,27.63,13.16,1.32,0.0,0.0,1.32
9000008823,2025-09-03 17:00,0.554722,8,5,13,81,25,106,22,46,68,9,9,18,14.5,65.79,34.21,0.0,0.0,0.0,0.0,0.0,0.0
9000008823,2025-09-03 18:00,0.719167,26,13,39,134,139,272,46,54,100,11,21,32,32.0,23.61,33.33,25.0,9.72,4.17,1.39,0.0,2.78
9000008823,2025-09-03 19:00,0.5475,21,14,35,142,165,307,48,71,118,16,16,32,25.0,21.54,36.92,40.0,0.0,1.54,1.54,0.0,0.0
9000008823,2025-09-04 06:00,0.301944,5,0,5,30,15,44,30,8,37,12,0,12,38.0,0.0,18.18,45.45,27.27,9.09,0.0,0.0,0.0
9000008823,2025-09-04 07:00,0.525556,10,3,12,89,53,142,25,19,44,5,11,16,29.5,13.04,26.09,52.17,8.7,0.0,4.35,0.0,0.0
9000008823,2025-09-04 08:00,0.79,19,4,23,166,59,225,53,27,80,10,9,19,29.0,4.76,28.57,58.73,6.35,1.59,0.0,0.0,0.0
9000008823,2025-09-04 09:00,0.768611,21,9,30,113,64,177,74,48,123,13,4,17,31.5,8.51,29.79,42.55,17.02,1.06,0.0,0.0,1.06
9000008823,2025-09-04 10:00,0.731389,22,12,34,85,26,111,65,49,114,22,15,37,30.5,20.48,22.89,40.96,13.25,2.41,0.0,0.0,0.0
9000008823,2025-09-04 11:00,0.719722,14,14,28,67,43,110,68,47,116,15,11,26,30.5,6.02,21.69,56.63,14.46,0.0,0.0,1.2,0.0
9000008823,2025-09-04 12:00,0.726111,6,8,14,94,69,163,59,40,99,10,14,23,33.0,6.94,19.44,48.61,22.22,1.39,0.0,1.39,0.0
9000008823,2025-09-04 13:00,0.75,5,8,13,76,76,152,65,57,123,12,17,29,33.5,1.09,21.74,51.09,20.65,1.09,3.26,0.0,1.09
9000008823,2025-09-04 14:00,0.7525,9,5,15,86,97,184,65,56,121,11,21,32,30.5,8.79,27.47,47.25,14.29,2.2,0.0,0.0,0.0
9000008823,2025-09-04 15:00,0.738333,7,4,11,130,72,202,63,57,120,12,19,31,30.5,11.24,29.21,43.82,13.48,1.12,1.12,0.0,0.0
9000008823,2025-09-04 16:00,0.732222,16,9,26,137,100,236,74,86,161,7,7,14,29.0,31.36,22.88,33.9,11.02,0.0,0.0,0.0,0.85
9000008823,2025-09-04 17:00,0.774722,15,8,23,115,93,208,65,79,144,16,12,27,24.5,33.04,35.71,23.21,7.14,0.0,0.89,0.0,0.0
9000008823,2025-09-04 18:00,0.785278,14,8,22,137,158,296,48,58,107,13,7,20,29.5,10.71,33.33,42.86,11.9,1.19,0.0,0.0,0.0
9000008823,2025-09-04 19:00,0.5475,15,18,33,108,134,242,51,68,119,10,3,14,34.0,9.23,30.77,38.46,13.85,7.69,0.0,0.0,0.0
9000008823,2025-09-05 06:00,0.125556,7,0,7,25,16,41,16,9,25,9,7,16,29.0,0.0,0.0,100.0,0.0,0.0,0.0,0.0,0.0
9000008823,2025-09-05 07:00,0.7825,18,3,21,38,19,57,19,14,33,13,10,23,37.0,3.85,11.54,50.0,26.92,7.69,0.0,0.0,0.0
9000008823,2025-09-05 08:00,0.687778,23,5,28,45,31,76,44,39,83,17,4,21,31.5,8.77,14.04,57.89,14.04,5.26,0.0,0.0,0.0
9000008823,2025-09-05 09:00,0.787222,23,8,30,69,41,110,62,38,101,6,15,22,29.5,3.8,43.04,40.51,10.13,2.53,0.0,0.0,0.0
9000008823,2025-09-05 10:00,0.776111,22,6,28,42,26,68,58,54,112,9,9,18,30.5,9.2,35.63,39.08,13.79,0.0,2.3,0.0,0.0
9000008823,2025-09-05 11:00,0.74,13,7,20,41,33,74,58,43,101,15,5,20,33.0,18.67,25.33,36.0,17.33,1.33,1.33,0.0,0.0
9000008823,2025-09-05 12:00,0.769444,14,10,25,45,47,92,60,90,150,16,10,26,32.0,6.09,30.43,42.61,19.13,1.74,0.0,0.0,0.0
9000008823,2025-09-05 13:00,0.760833,12,5,17,52,51,102,63,52,115,16,8,24,34.5,12.5,18.18,45.45,15.91,2.27,3.41,0.0,1.14
9000008823,2025-09-05 14:00,0.783611,10,18,28,61,57,118,86,109,195,17,15,32,33.0,8.5,22.22,46.41,17.65,3.92,0.65,0.65,0.0
9000008823,2025-09-05 15:00,0.693611,8,10,18,67,63,131,60,103,163,7,16,23,33.5,7.96,24.78,40.71,22.12,3.54,0.0,0.0,0.0
9000008823,2025-09-05 16:00,0.640833,9,5,14,88,59,147,56,78,135,5,3,8,28.0,26.74,20.93,44.19,8.14,0.0,0.0,0.0,0.0
9000008823,2025-09-05 17:00,0.609167,8,2,9,62,44,106,35,43,78,6,3,9,21.5,57.45,23.4,14.89,4.26,0.0,0.0,0.0,0.0
9000008823,2025-09-05 18:00,0.716667,6,5,11,92,55,147,84,66,150,12,7,19,25.0,44.44,23.15,29.63,2.78,0.0,0.0,0.0,0.0
9000008823,2025-09-05 19:00,0.564167,7,7,15,111,96,207,80,59,139,17,4,21,30.0,10.13,30.38,43.04,10.13,2.53,1.27,0.0,1.27
9000008823,2025-09-06 06:00,0.2425,0,3,3,10,3,13,5,8,13,8,0,8,36.0,33.33,33.33,0.0,66.67,0.0,0.0,0.0,0.0
9000008823,2025-09-06 07:00,0.385278,0,0,0,9,2,11,19,9,28,8,0,8,29.5,0.0,18.18,63.64,9.09,0.0,0.0,0.0,0.0
9000008823,2025-09-06 08:00,0.506111,3,0,3,37,11,48,28,18,47,4,2,6,29.0,8.33,33.33,50.0,4.17,0.0,4.17,0.0,0.0
9000008823,2025-09-06 09:00,0.783889,9,1,10,37,24,61,29,15,45,5,1,6,32.0,2.86,34.29,40.0,20.0,2.86,0.0,0.0,0.0
9000008823,2025-09-06 10:00,0.73,11,8,20,55,40,95,35,34,69,4,5,10,31.5,7.84,27.45,47.06,15.69,0.0,1.96,0.0,0.0
9000008823,2025-09-06 11:00,0.629444,5,0,5,64,52,115,38,42,80,5,7,11,27.5,14.0,24.0,52.0,8.0,2.0,0.0,0.0,0.0
9000008823,2025-09-06 12:00,0.658056,12,8,20,62,58,120,45,52,96,6,2,8,33.0,7.94,31.75,38.1,14.29,4.76,1.59,1.59,0.0
9000008823,2025-09-06 13:00,0.663333,6,6,12,116,79,195,75,64,139,19,6,25,28.5,13.04,32.61,45.65,8.7,0.0,0.0,0.0,0.0
9000008823,2025-09-06 14:00,0.668889,23,9,32,147,79,226,88,79,167,17,6,22,31.5,10.71,28.57,42.86,16.07,1.79,0.0,0.0,0.0
9000008823,2025-09-06 15:00,0.6975,18,13,30,122,79,200,108,82,190,15,9,23,29.5,14.39,31.82,42.42,9.85,1.52,0.0,0.0,0.76
9000008823,2025-09-06 16:00,0.587778,12,5,17,104,67,171,87,49,137,8,7,15,23.5,51.25,32.5,10.0,5.0,0.0,0.0,0.0,1.25
9000008823,2025-09-06 17:00,0.5575,18,14,32,128,44,173,61,72,133,6,6,12,21.5,60.81,20.27,17.57,0.0,0.0,0.0,0.0,1.35
9000008823,2025-09-06 18:00,0.774722,17,14,31,142,134,276,68,60,128,12,5,17,27.5,25.25,32.32,33.33,6.06,2.02,0.0,0.0,1.01
9000008823,2025-09-06 19:00,0.459167,17,18,36,96,160,256,51,45,97,0,10,10,30.5,4.55,22.73,56.82,13.64,4.55,0.0,0.0,0.0
9000008823,2025-09-07 06:00,0.248333,0,0,0,4,4,9,9,4,13,4,0,4,73.0,0.0,0.0,33.33,33.33,0.0,0.0,0.0,33.33
9000008823,2025-09-07 07:00,0.400556,0,0,0,2,5,7,11,0,11,0,0,0,37.0,0.0,0.0,50.0,50.0,0.0,0.0,0.0,0.0
9000008823,2025-09-07 08:00,0.526111,3,0,3,23,7,30,25,8,33,2,0,2,32.5,11.76,17.65,35.29,29.41,0.0,0.0,0.0,0.0
9000008823,2025-09-07 09:00,0.799167,11,8,19,68,20,88,16,19,35,0,0,0,31.5,7.14,46.43,28.57,10.71,3.57,0.0,0.0,3.57
9000008823,2025-09-07 10:00,0.775556,19,6,26,70,31,101,25,30,54,2,3,5,30.5,2.38,38.1,42.86,14.29,0.0,0.0,2.38,0.0
9000008823,2025-09-07 11:00,0.7325,19,9,28,65,50,116,41,38,79,4,1,6,31.5,6.9,31.03,43.1,17.24,1.72,0.0,0.0,0.0
9000008823,2025-09-07 12:00,0.6675,20,4,25,115,71,187,29,48,76,3,10,13,31.0,23.53,21.57,37.25,15.69,1.96,0.0,0.0,0.0
9000008823,2025-09-07 13:00,0.723611,10,10,19,99,67,166,50,30,80,10,3,13,30.5,3.45,36.21,44.83,13.79,1.72,0.0,0.0,0.0
9000008823,2025-09-07 14:00,0.671944,12,13,25,166,75,241,60,39,99,0,5,5,34.0,15.15,27.27,34.85,18.18,3.03,1.52,0.0,0.0
9000008823,2025-09-07 15:00,0.638056,9,8,17,127,83,210,50,38,88,10,0,10,32.0,5.36,35.71,39.29,16.07,1.79,1.79,0.0,0.0
9000008823,2025-09-07 16:00,0.548889,2,9,11,89,122,210,30,46,76,4,9,13,30.5,35.71,28.57,19.05,11.9,2.38,2.38,0.0,0.0
9000008823,2025-09-07 17:00,0.515,14,0,14,58,21,79,24,30,54,4,2,6,10.0,85.71,14.29,0.0,0.0,0.0,0.0,0.0,0.0
9000008823,2025-09-07 18:00,0.756944,16,12,28,127,112,239,66,84,150,5,3,8,26.0,35.96,25.44,29.82,6.14,1.75,1.75,0.0,0.0
9000008823,2025-09-07 19:00,0.426667,14,7,21,209,177,386,73,29,102,10,5,15,28.5,20.93,25.58,44.19,4.65,0.0,4.65,0.0,0.0
9000008823,2025-09-08 06:00,0.1675,6,0,6,23,12,35,23,30,54,12,0,12,34.5,0.0,0.0,55.56,44.44,0.0,0.0,0.0,0.0
9000008823,2025-09-08 07:00,0.718611,14,1,15,103,37,139,40,18,58,11,13,24,33.0,9.52,11.9,54.76,19.05,2.38,0.0,2.38,0.0
9000008823,2025-09-08 08:00,0.790833,13,5,18,197,85,282,58,38,96,10,10,20,33.0,6.58,23.68,47.37,19.74,1.32,0.0,1.32,0.0
9000008823,2025-09-08 09:00,0.788056,26,1,27,113,49,163,81,44,126,14,11,25,29.5,12.12,29.29,46.46,9.09,3.03,0.0,0.0,0.0
9000008823,2025-09-08 10:00,0.778611,21,12,32,74,38,113,61,44,105,18,13,31,32.0,8.54,26.83,41.46,21.95,1.22,0.0,0.0,0.0
9000008823,2025-09-08 11:00,0.703889,4,4,8,63,49,112,58,43,101,11,8,20,31.0,8.45,21.13,53.52,14.08,2.82,0.0,0.0,0.0
9000008823,2025-09-08 12:00,0.682778,4,15,19,70,60,131,64,38,103,5,9,13,33.5,8.57,21.43,44.29,20.0,2.86,2.86,0.0,0.0
9000008823,2025-09-08 13:00,0.689722,13,7,20,59,49,109,57,42,99,19,7,26,31.0,4.41,25.0,54.41,10.29,4.41,0.0,1.47,0.0
9000008823,2025-09-08 14:00,0.684444,7,12,19,93,90,184,75,82,156,19,19,38,32.5,10.28,19.63,48.6,16.82,2.8,0.93,0.93,0.0
9000008823,2025-09-08 15:00,0.7025,6,8,14,97,97,194,58,103,161,22,23,45,31.5,13.27,23.01,45.13,13.27,2.65,0.88,0.88,0.88
9000008823,2025-09-08 16:00,0.672778,7,5,12,121,106,228,68,81,148,22,8,30,30.0,15.0,35.0,35.0,11.0,2.0,1.0,0.0,0.0
9000008823,2025-09-08 17:00,0.585833,11,5,16,77,31,108,47,64,111,6,11,18,18.0,60.0,27.69,7.69,3.08,0.0,0.0,0.0,0.0
9000008823,2025-09-08 18:00,0.776111,9,8,17,123,123,246,57,42,99,4,11,15,26.0,14.29,41.56,36.36,3.9,2.6,1.3,0.0,0.0
9000008823,2025-09-08 19:00,0.368611,8,7,15,81,140,221,70,58,128,19,7,26,34.5,0.0,31.91,23.4,34.04,0.0,2.13,8.51,2.13
9000008823,2025-09-09 06:00,0.358056,3,3,5,35,14,49,35,34,69,13,14,27,29.0,20.0,36.0,32.0,12.0,0.0,0.0,0.0,0.0
9000008823,2025-09-09 07:00,0.655833,22,3,25,111,33,144,47,26,73,12,13,26,29.0,8.33,18.75,62.5,8.33,2.08,0.0,0.0,0.0
9000008823,2025-09-09 08:00,0.771389,12,13,25,192,106,298,62,36,98,8,12,20,29.0,13.16,31.58,46.05,6.58,1.32,1.32,0.0,0.0
9000008823,2025-09-09 09:00,0.782222,32,5,37,121,66,186,74,35,108,11,9,20,30.0,9.41,29.41,45.88,12.94,1.18,1.18,0.0,0.0
9000008823,2025-09-09 10:00,0.783333,23,10,33,66,54,120,80,37,118,18,10,28,32.0,7.61,36.96,34.78,17.39,2.17,1.09,0.0,0.0
9000008823,2025-09-09 11:00,0.736389,18,14,31,71,50,121,84,44,128,19,11,30,35.0,8.51,26.6,39.36,22.34,3.19,0.0,0.0,0.0
9000008823,2025-09-09 12:00,0.735556,14,11,24,84,55,139,90,47,137,19,20,39,30.0,7.92,31.68,46.53,11.88,1.98,0.0,0.0,0.0
9000008823,2025-09-09 13:00,0.715278,6,6,11,87,81,168,74,97,171,12,17,29,32.0,13.11,23.77,45.08,9.84,4.1,1.64,1.64,0.82
9000008823,2025-09-09 14:00,0.698611,11,7,19,74,72,146,73,114,187,14,20,34,32.0,10.77,23.08,46.15,18.46,2.31,0.0,0.0,0.0
9000008823,2025-09-09 15:00,0.689444,13,7,20,116,119,234,54,104,158,10,23,33,33.5,7.34,20.18,47.71,21.1,3.67,0.0,0.0,0.0
9000008823,2025-09-09 16:00,0.731944,12,9,22,134,107,241,70,95,164,16,11,27,27.5,27.5,27.5,37.5,7.5,0.0,0.0,0.0,0.0
9000008823,2025-09-09 17:00,0.723889,19,4,24,143,82,225,72,86,158,4,10,14,21.0,48.25,34.21,17.54,0.88,0.0,0.0,0.0,0.0
9000008823,2025-09-09 18:00,0.775556,17,13,29,134,136,270,75,71,146,5,9,14,28.5,18.58,34.51,37.17,7.08,1.77,0.0,0.88,0.0
9000008823,2025-09-09 19:00,0.407222,3,5,9,106,143,248,89,65,154,5,5,10,37.5,3.17,31.75,46.03,4.76,1.59,1.59,9.52,0.0
9000008823,2025-09-10 06:00,0.122222,16,0,16,25,0,25,16,8,25,8,0,8,33.0,0.0,0.0,66.67,33.33,0.0,0.0,0.0,0.0
9000008823,2025-09-10 07:00,0.723056,19,6,25,98,43,141,38,30,67,8,4,11,33.5,10.2,28.57,38.78,16.33,6.12,2.04,0.0,0.0
9000008823,2025-09-10 08:00,0.783056,24,9,33,205,106,312,55,38,93,13,10,23,34.0,6.85,30.14,39.73,17.81,5.48,0.0,0.0,0.0
9000008823,2025-09-10 09:00,0.782778,22,6,28,153,51,204,80,29,110,17,10,27,29.5,5.81,43.02,37.21,11.63,0.0,1.16,1.16,0.0
9000008823,2025-09-10 10:00,0.767778,21,10,31,57,51,108,67,35,102,17,10,27,29.0,6.41,28.21,53.85,11.54,0.0,0.0,0.0,0.0
9000008823,2025-09-10 11:00,0.735833,16,16,33,75,42,117,67,54,121,14,7,20,31.5,6.74,33.71,40.45,19.1,0.0,0.0,0.0,0.0
9000008823,2025-09-10 12:00,0.742222,5,3,8,66,69,134,53,52,105,27,8,35,33.0,8.97,29.49,39.74,15.38,2.56,1.28,0.0,2.56
9000008823,2025-09-10 13:00,0.774444,1,5,7,83,71,154,57,57,114,14,9,23,32.0,15.73,20.22,42.7,13.48,3.37,2.25,0.0,1.12
9000008823,2025-09-10 14:00,0.788056,3,3,5,83,72,155,45,69,114,24,26,51,33.0,7.78,17.78,48.89,24.44,1.11,1.11,0.0,0.0
9000008823,2025-09-10 15:00,0.769444,8,5,13,105,109,214,66,100,167,21,25,45,29.0,13.28,27.34,49.22,7.81,1.56,0.0,0.0,0.78
9000008823,2025-09-10 16:00,0.773889,18,8,26,96,83,179,66,100,165,9,15,24,32.0,3.91,22.66,55.47,11.72,5.47,0.78,0.0,0.0
9000008823,2025-09-10 17:00,0.793333,13,15,28,108,142,251,73,68,141,19,13,31,31.0,9.82,24.11,49.11,13.39,0.89,1.79,0.89,0.0
9000008823,2025-09-10 18:00,0.7775,16,12,27,144,143,287,75,48,122,6,9,15,33.5,5.26,35.79,34.74,18.95,3.16,2.11,0.0,0.0
9000008823,2025-09-10 19:00,0.117778,17,0,17,119,93,212,68,76,144,17,0,17,28.0,5.88,52.94,35.29,5.88,0.0,0.0,0.0,0.0
9000008823,2025-09-11 06:00,0.086389,0,0,0,15,24,39,55,56,110,8,0,8,38.5,0.0,30.0,30.0,40.0,0.0,0.0,0.0,0.0
9000008823,2025-09-11 07:00,0.517778,18,2,20,72,53,125,49,34,83,14,9,23,34.0,0.0,13.95,55.81,25.58,2.33,0.0,0.0,2.33
9000008823,2025-09-11 08:00,0.783611,23,9,32,151,77,227,79,38,117,13,9,22,34.5,9.78,30.43,38.04,16.3,3.26,2.17,0.0,0.0
9000008823,2025-09-11 09:00,0.571667,10,9,20,122,67,189,82,44,126,21,12,34,32.0,4.17,31.94,44.44,15.28,0.0,1.39,0.0,5.56
9000008823,2025-09-11 10:00,0.798611,15,4,19,65,48,113,70,49,119,16,13,29,30.5,5.26,28.42,50.53,14.74,1.05,0.0,0.0,0.0
9000008823,2025-09-11 11:00,0.761944,8,7,14,72,66,138,65,69,134,4,19,23,30.5,12.75,24.51,46.08,16.67,0.0,0.0,0.0,0.0
9000008823,2025-09-11 12:00,0.730833,15,6,21,82,64,146,56,80,136,16,14,30,32.0,2.02,24.24,53.54,18.18,1.01,1.01,0.0,0.0
9000008823,2025-09-11 13:00,0.661667,6,7,13,53,69,121,68,84,152,15,11,26,30.0,11.0,28.0,47.0,13.0,0.0,0.0,1.0,0.0
9000008823,2025-09-11 14:00,0.698333,8,6,14,80,80,160,64,133,197,17,21,38,31.0,7.97,26.09,48.55,12.32,2.9,1.45,0.0,0.72
9000008823,2025-09-11 15:00,0.670833,6,13,19,76,77,153,62,121,183,13,21,34,33.0,14.63,26.02,35.77,17.07,2.44,0.81,0.81,2.44
9000008823,2025-09-11 16:00,0.704444,9,4,13,88,86,174,62,96,157,7,8,15,35.0,15.32,18.02,39.64,22.52,5.41,0.0,0.0,0.0
9000008823,2025-09-11 17:00,0.697222,4,4,9,104,139,243,65,120,185,4,26,30,30.5,27.13,23.26,34.11,13.95,2.33,0.0,0.0,0.0
9000008823,2025-09-11 18:00,0.473889,4,22,26,91,117,208,128,129,257,32,31,62,36.5,14.75,24.59,29.51,19.67,5.74,1.64,2.46,0.82
9000008823,2025-09-11 19:00,0.044722,0,22,22,22,89,112,45,134,179,22,45,67,34.0,0.0,25.0,50.0,12.5,12.5,0.0,0.0,0.0
9000008823,2025-09-12 07:00,0.526667,3,0,3,67,39,106,47,36,84,5,10,15,28.0,0.0,18.18,68.18,11.36,0.0,2.27,0.0,0.0
9000008823,2025-09-12 08:00,0.775556,4,3,6,122,65,186,67,34,101,10,2,13,32.5,16.67,26.92,35.9,17.95,1.28,1.28,0.0,0.0
9000008823,2025-09-12 09:00,0.762222,12,8,20,76,66,142,61,31,93,13,8,21,29.0,8.45,28.17,52.11,9.86,1.41,0.0,0.0,0.0
9000008823,2025-09-12 10:00,0.748611,23,9,32,47,34,81,53,44,97,4,7,11,30.0,4.17,31.94,50.0,12.5,1.39,1.39,0.0,0.0
9000008823,2025-09-12 11:00,0.752778,15,8,23,48,46,94,47,66,113,14,14,29,33.0,1.18,18.82,55.29,20.0,4.71,0.0,0.0,0.0
9000008823,2025-09-12 12:00,0.690833,4,7,12,74,51,124,84,62,146,19,13,31,32.0,6.93,28.71,44.55,13.86,4.95,0.0,0.0,0.99
9000008823,2025-09-12 13:00,0.718889,7,6,13,40,54,95,70,125,195,14,28,42,31.5,6.43,22.14,52.14,13.57,4.29,0.0,0.71,0.71
9000008823,2025-09-12 14:00,0.668056,21,24,45,84,64,148,88,121,209,18,16,34,34.0,7.86,23.57,45.0,17.14,5.0,0.71,0.0,0.71
9000008823,2025-09-12 15:00,0.642222,19,6,25,64,75,139,74,64,137,6,12,19,32.5,12.5,15.91,53.41,18.18,1.14,0.0,0.0,0.0
9000008823,2025-09-12 16:00,0.580278,8,12,21,43,72,115,62,62,124,5,7,12,27.5,41.67,26.39,20.83,11.11,0.0,0.0,0.0,0.0
9000008823,2025-09-12 17:00,0.592778,5,2,7,61,19,79,49,45,94,14,8,22,21.0,66.07,17.86,14.29,1.79,0.0,0.0,0.0,0.0
9000008823,2025-09-12 18:00,0.745833,7,3,9,82,76,158,98,58,156,16,10,26,29.5,27.59,37.07,22.41,11.21,0.86,1.72,0.0,0.0
9000008823,2025-09-12 19:00,0.321111,4,11,15,83,86,169,45,58,103,17,8,24,33.5,30.3,30.3,15.15,18.18,3.03,3.03,0.0,3.03
9000008823,2025-09-13 06:00,0.121111,0,17,17,25,8,33,0,8,8,0,0,0,24.0,0.0,0.0,100.0,0.0,0.0,0.0,0.0,0.0
9000008823,2025-09-13 07:00,0.759444,1,0,1,13,6,19,9,14,23,4,0,4,35.5,5.88,17.65,58.82,17.65,0.0,5.88,0.0,0.0
9000008823,2025-09-13 08:00,0.795556,6,3,9,29,9,38,29,21,50,0,1,1,36.5,7.5,10.0,50.0,22.5,10.0,0.0,0.0,0.0
9000008823,2025-09-13 09:00,0.788056,9,4,13,75,28,103,31,35,66,8,0,8,34.0,1.92,7.69,59.62,23.08,5.77,0.0,1.92,0.0
9000008823,2025-09-13 10:00,0.7725,12,6,18,56,62,118,50,44,95,14,7,21,31.5,6.85,23.29,52.05,12.33,4.11,0.0,1.37,0.0
9000008823,2025-09-13 11:00,0.765278,18,21,39,80,73,153,51,66,117,7,8,14,32.5,4.49,25.84,50.56,17.98,1.12,1.12,0.0,0.0
9000008823,2025-09-13 12:00,0.77,19,16,35,100,60,159,93,74,167,14,5,20,28.5,10.85,34.11,44.96,7.75,0.78,0.0,0.78,0.78
9000008823,2025-09-13 13:00,0.73,27,14,40,110,67,177,89,71,160,11,11,22,31.5,7.76,26.72,47.41,12.93,0.86,1.72,0.86,1.72
9000008823,2025-09-13 14:00,0.75,5,8,14,85,57,142,76,97,173,16,7,23,29.5,14.73,23.26,48.84,10.85,1.55,0.0,0.0,0.78
9000008823,2025-09-13 15:00,0.733889,20,7,27,83,62,145,112,79,190,25,15,40,29.5,6.43,35.0,45.0,9.29,3.57,0.71,0.0,0.0
9000008823,2025-09-13 16:00,0.733611,9,14,24,76,68,144,120,66,186,20,11,31,32.0,13.97,24.26,40.44,19.85,1.47,0.0,0.0,0.0
9000008823,2025-09-13 17:00,0.735556,19,16,35,73,73,146,68,75,143,11,5,16,30.5,18.1,24.76,40.95,11.43,3.81,0.0,0.95,0.0
9000008823,2025-09-13 18:00,0.751944,13,4,17,73,85,159,80,85,165,9,5,15,32.5,7.26,38.71,34.68,15.32,2.42,0.81,0.81,0.0
9000008823,2025-09-13 19:00,0.213889,0,4,4,37,94,131,62,47,109,16,0,16,29.0,30.43,8.7,52.17,8.7,4.35,0.0,0.0,0.0
9000008823,2025-09-14 07:00,0.251111,0,0,0,0,0,0,15,6,21,0,0,0,32.5,20.0,20.0,20.0,20.0,0.0,0.0,0.0,0.0
9000008823,2025-09-14 08:00,0.665556,6,3,9,20,0,20,12,15,26,2,0,2,38.0,0.0,17.65,35.29,35.29,11.76,0.0,0.0,0.0
9000008823,2025-09-14 09:00,0.792222,13,6,19,15,11,26,27,23,49,3,5,8,30.5,17.95,33.33,33.33,12.82,2.56,0.0,0.0,0.0
9000008823,2025-09-14 10:00,0.791944,14,5,19,25,19,44,43,28,71,3,3,5,30.5,7.14,41.07,35.71,14.29,1.79,0.0,0.0,0.0
9000008823,2025-09-14 11:00,0.786667,17,10,27,52,36,88,34,42,76,6,3,9,29.5,5.0,31.67,50.0,11.67,0.0,0.0,0.0,1.67
9000008823,2025-09-14 12:00,0.738611,31,12,44,49,40,88,46,38,84,4,3,7,32.5,12.9,29.03,38.71,16.13,3.23,0.0,0.0,0.0
9000008823,2025-09-14 13:00,0.670833,20,13,33,87,54,141,54,44,98,11,2,13,31.5,12.12,25.76,45.45,13.64,4.55,0.0,0.0,0.0
9000008823,2025-09-14 14:00,0.695,12,10,22,125,76,201,59,43,102,4,7,11,29.0,9.86,46.48,29.58,4.23,1.41,5.63,1.41,0.0
9000008823,2025-09-14 15:00,0.634167,7,8,14,130,72,202,49,59,108,6,9,15,33.5,2.94,19.12,50.0,25.0,1.47,1.47,0.0,1.47
9000008823,2025-09-14 16:00,0.611111,8,6,14,38,82,120,44,60,104,10,6,16,28.0,47.62,17.46,22.22,12.7,0.0,0.0,0.0,0.0
9000008823,2025-09-14 17:00,0.49,4,5,10,52,34,85,51,57,108,15,4,19,14.0,69.81,24.53,3.77,0.0,0.0,1.89,0.0,0.0
9000008823,2025-09-14 18:00,0.760833,7,5,12,75,69,144,54,78,132,4,1,5,27.5,24.0,32.0,37.0,4.0,2.0,1.0,0.0,0.0
9000008823,2025-09-14 19:00,0.289444,0,5,5,106,136,242,72,54,126,5,0,5,36.0,13.89,19.44,47.22,8.33,5.56,0.0,2.78,0.0
9000008823,2025-09-15 07:00,0.36,14,2,15,28,32,60,42,41,83,9,14,22,77.0,0.0,20.0,46.67,16.67,0.0,0.0,0.0,20.0
9000008823,2025-09-15 08:00,0.79,23,9,32,101,49,151,74,47,121,14,5,19,31.0,5.26,23.16,53.68,16.84,1.05,0.0,0.0,0.0
9000008823,2025-09-15 09:00,0.561111,21,3,24,52,38,90,82,42,125,25,7,32,32.5,8.57,20.0,50.0,18.57,2.86,0.0,0.0,0.0
9000008823,2025-09-15 10:00,0.674167,10,0,10,36,37,72,57,32,88,12,9,21,34.5,8.33,16.67,45.0,26.67,5.0,0.0,0.0,0.0
9000008823,2025-09-15 11:00,0.678333,15,7,22,35,40,75,80,56,135,9,4,13,32.5,10.87,22.83,44.57,18.48,2.17,1.09,0.0,0.0
9000008823,2025-09-15 12:00,0.561111,6,1,7,51,44,96,78,66,143,1,4,5,31.5,1.23,28.4,51.85,18.52,0.0,0.0,0.0,0.0
9000008823,2025-09-15 13:00,0.774444,12,5,17,31,39,70,45,62,107,15,17,32,32.5,8.43,21.69,49.4,18.07,1.2,1.2,0.0,0.0
9000008823,2025-09-15 14:00,0.728056,19,7,26,54,61,115,62,83,145,9,12,21,29.5,14.15,20.75,52.83,10.38,1.89,0.0,0.0,0.0
9000008823,2025-09-15 15:00,0.715833,13,13,26,73,56,129,61,87,148,16,22,38,30.0,12.26,29.25,43.4,14.15,0.94,0.0,0.0,0.0
9000008823,2025-09-15 16:00,0.661944,17,8,24,86,72,158,80,131,211,28,9,37,38.0,20.71,25.0,28.57,12.14,2.86,2.86,0.71,5.71
9000008823,2025-09-15 17:00,0.561389,12,6,18,33,19,52,53,32,85,14,8,22,12.0,81.25,14.58,4.17,0.0,0.0,0.0,0.0,0.0
9000008823,2025-09-15 18:00,0.740833,20,1,21,115,55,170,61,72,133,11,8,19,23.5,23.47,43.88,27.55,4.08,0.0,1.02,0.0,0.0
9000008823,2025-09-15 19:00,0.123889,8,8,16,121,178,299,73,105,178,8,8,16,24.0,18.18,45.45,36.36,0.0,0.0,0.0,0.0,0.0
9000008823,2025-09-16 06:00,0.015,67,0,67,67,0,67,67,67,133,0,0,0,28.5,0.0,0.0,100.0,0.0,0.0,0.0,0.0,0.0
9000008823,2025-09-16 07:00,0.724722,13,4,17,66,42,108,52,21,72,8,5,13,34.0,9.62,17.31,50.0,21.15,5.77,0.0,0.0,0.0
9000008823,2025-09-16 08:00,0.789722,30,3,33,150,67,217,66,47,113,14,6,20,31.5,13.48,24.72,42.7,17.98,1.12,0.0,0.0,0.0
9000008823,2025-09-16 09:00,0.743056,19,5,24,83,46,129,58,41,99,1,11,12,29.0,16.22,22.97,50.0,9.46,1.35,0.0,0.0,0.0
9000008823,2025-09-16 10:00,0.740833,0,1,1,38,48,86,60,47,107,12,16,28,33.0,10.13,17.72,44.3,25.32,1.27,0.0,0.0,1.27
9000008823,2025-09-16 11:00,0.667778,3,6,9,49,41,90,59,49,108,11,9,20,32.0,6.94,25.0,50.0,12.5,5.56,0.0,0.0,0.0
9000008823,2025-09-16 12:00,0.654444,8,9,17,37,58,96,66,94,160,12,9,21,34.0,8.57,11.43,52.38,23.81,1.9,0.95,0.0,0.0
9000008823,2025-09-16 13:00,0.696389,8,6,14,55,54,109,68,123,190,16,17,33,33.5,9.02,21.8,39.1,27.07,0.75,1.5,0.0,0.0
9000008823,2025-09-16 14:00,0.743056,7,11,17,63,51,115,75,133,208,16,20,36,34.0,7.14,19.48,45.45,25.32,2.6,0.65,0.0,0.65
9000008823,2025-09-16 15:00,0.769722,13,8,21,77,75,152,101,70,171,15,18,34,31.0,25.19,24.43,32.82,16.03,1.53,0.0,0.0,0.0
9000008823,2025-09-16 16:00,0.666944,4,3,7,81,87,168,54,91,145,19,10,29,30.5,13.4,22.68,48.45,12.37,3.09,0.0,0.0,0.0
9000008823,2025-09-16 17:00,0.6125,8,7,15,62,42,104,47,54,101,12,8,20,22.0,51.61,29.03,14.52,4.84,0.0,0.0,0.0,0.0
9000008823,2025-09-16 18:00,0.755,4,11,15,114,113,227,61,65,126,9,3,12,30.5,10.53,26.32,46.32,13.68,1.05,2.11,0.0,0.0
9000008823,2025-09-16 19:00,0.046667,0,0,0,129,193,321,86,86,171,0,21,21,32.0,0.0,12.5,62.5,25.0,0.0,0.0,0.0,0.0
9000008823,2025-09-17 06:00,0.151667,13,0,13,33,7,40,26,33,59,0,0,0,29.0,22.22,11.11,55.56,0.0,11.11,0.0,0.0,0.0
9000008823,2025-09-17 07:00,0.508333,8,2,10,79,34,112,51,26,77,19,3,21,29.5,12.82,23.08,53.85,7.69,0.0,0.0,0.0,2.56
9000008823,2025-09-17 08:00,0.653611,15,4,19,158,56,214,69,50,118,13,6,19,29.5,19.48,31.17,37.66,11.69,1.3,1.3,0.0,0.0
9000008823,2025-09-17 09:00,0.735,11,4,15,104,33,137,89,32,121,15,7,22,29.0,15.73,33.71,38.2,10.11,2.25,0.0,0.0,0.0
9000008823,2025-09-17 10:00,0.741389,12,8,20,35,33,68,50,50,99,10,4,14,29.0,14.86,29.73,44.59,8.11,2.7,0.0,0.0,0.0
9000008823,2025-09-17 11:00,0.736944,16,8,24,50,45,95,60,48,108,15,7,22,29.5,13.92,31.65,40.51,11.39,1.27,1.27,0.0,0.0
9000008823,2025-09-17 12:00,0.690278,10,11,21,69,53,122,59,70,128,11,11,22,31.0,8.99,29.21,44.94,13.48,3.37,0.0,1.12,0.0
9000008823,2025-09-17 13:00,0.748889,21,15,36,70,51,121,63,97,160,16,16,32,30.0,10.0,25.0,50.0,10.83,3.33,0.0,0.83,0.0
9000008823,2025-09-17 14:00,0.762222,18,18,37,87,71,158,61,109,170,13,17,30,33.5,16.92,14.62,44.62,17.69,4.62,0.77,0.77,0.0
9000008823,2025-09-17 15:00,0.765833,10,20,30,102,93,195,88,91,179,22,23,46,29.0,13.87,33.58,42.34,6.57,3.65,0.0,0.0,0.73
9000008823,2025-09-17 16:00,0.643333,11,8,18,80,79,159,69,85,154,13,6,19,26.5,34.34,29.29,30.3,5.05,1.01,1.01,0.0,0.0
9000008823,2025-09-17 17:00,0.58,3,2,5,37,12,49,69,96,165,10,15,26,12.5,79.17,15.62,1.04,1.04,0.0,0.0,1.04,2.08
9000008823,2025-09-17 18:00,0.741111,7,5,12,102,83,185,54,54,108,15,3,17,31.0,32.5,21.25,30.0,15.0,1.25,1.25,0.0,0.0
9000008823,2025-09-17 19:00,0.188611,5,5,11,80,180,260,64,48,111,11,0,11,30.0,4.76,23.81,57.14,9.52,0.0,0.0,0.0,4.76
9000008823,2025-09-18 07:00,0.208889,11,7,18,57,36,93,40,35,74,0,3,3,33.0,6.25,25.0,37.5,25.0,6.25,0.0,0.0,0.0
9000008823,2025-09-18 08:00,0.787778,30,5,36,146,43,189,80,47,127,15,6,22,29.5,8.0,31.0,49.0,6.0,4.0,1.0,1.0,0.0
9000008823,2025-09-18 09:00,0.788889,28,13,40,81,48,129,99,57,156,21,8,29,30.0,12.2,15.45,56.91,13.82,0.81,0.0,0.81,0.0
9000008823,2025-09-18 10:00,0.786389,24,9,33,38,33,71,54,41,95,16,12,28,32.5,1.33,28.0,49.33,20.0,0.0,1.33,0.0,0.0
9000008823,2025-09-18 11:00,0.789444,11,10,22,45,34,78,61,47,108,23,9,32,31.5,8.24,25.88,47.06,16.47,1.18,1.18,0.0,0.0
9000008823,2025-09-18 13:00,0.775833,14,9,23,41,45,86,39,94,133,10,28,39,34.0,4.85,17.48,51.46,19.42,3.88,2.91,0.0,0.0
9000008823,2025-09-18 14:00,0.770833,17,13,30,69,73,142,84,113,197,23,20,43,32.0,14.47,21.71,44.74,15.13,2.63,0.0,1.32,0.0
9000008823,2025-09-18 15:00,0.768056,11,6,18,72,74,145,85,104,189,17,17,34,32.0,17.24,21.38,42.76,15.17,1.38,1.38,0.69,0.0
9000008823,2025-09-18 16:00,0.789444,10,9,19,91,70,161,75,87,162,22,11,33,32.5,15.62,17.97,46.88,15.62,2.34,0.78,0.78,0.0
9000008823,2025-09-18 17:00,0.738611,5,5,11,56,61,118,85,37,121,11,13,23,29.0,18.89,26.67,42.22,10.0,2.22,0.0,0.0,0.0
9000008823,2025-09-18 18:00,0.753333,5,4,10,103,94,197,78,76,154,8,8,15,33.5,7.76,29.31,41.38,14.66,4.31,0.0,0.86,2.59
9000008823,2025-09-19 06:00,0.039722,0,0,0,0,0,0,25,0,25,25,0,25,39.0,0.0,0.0,0.0,100.0,0.0,0.0,0.0,0.0
9000008823,2025-09-19 07:00,0.785278,9,0,9,76,39,116,37,38,75,8,6,14,33.5,0.0,23.73,49.15,20.34,6.78,0.0,0.0,0.0
9000008823,2025-09-19 08:00,0.785833,22,6,28,139,58,197,79,50,129,14,9,23,32.5,4.95,33.66,41.58,14.85,4.95,0.0,0.0,0.0
9000008823,2025-09-19 09:00,0.786944,6,4,10,80,72,153,41,36,76,18,8,25,33.0,3.33,11.67,56.67,26.67,1.67,0.0,0.0,0.0
9000008823,2025-09-19 10:00,0.786667,15,5,20,55,30,85,42,43,85,9,8,17,32.0,2.99,13.43,64.18,16.42,2.99,0.0,0.0,0.0
9000008823,2025-09-19 11:00,0.787222,14,1,15,67,52,120,80,44,124,13,10,23,29.5,9.18,26.53,51.02,11.22,2.04,0.0,0.0,0.0
9000008823,2025-09-19 12:00,0.781389,13,2,15,77,59,136,71,71,142,18,13,31,30.0,9.91,32.43,42.34,12.61,0.9,0.9,0.9,0.0
9000008823,2025-09-19 13:00,0.710278,17,9,26,59,77,137,86,73,160,21,23,44,32.5,20.35,25.66,35.4,15.04,1.77,1.77,0.88,0.0
9000008823,2025-09-19 14:00,0.719167,18,18,36,88,76,164,75,119,194,21,16,37,31.5,12.95,28.78,40.29,17.99,0.72,0.0,0.0,0.0
9000008823,2025-09-19 15:00,0.693333,10,6,16,117,94,210,81,111,192,17,10,27,32.0,6.77,32.33,39.1,16.54,3.76,0.75,0.0,0.75
9000008823,2025-09-19 16:00,0.651944,7,10,18,121,63,184,81,68,149,8,6,14,29.0,32.99,23.71,30.93,10.31,1.03,1.03,0.0,0.0
9000008823,2025-09-19 17:00,0.575278,7,2,8,37,4,40,72,56,128,2,5,7,12.5,78.38,17.57,0.0,0.0,0.0,1.35,0.0,1.35
9000008823,2025-09-19 18:00,0.7475,11,9,20,145,116,261,64,74,138,4,4,8,28.0,35.92,21.36,33.98,6.8,1.94,0.97,0.0,0.0
9000008823,2025-09-19 19:00,0.135833,7,29,37,81,177,258,81,103,184,7,0,7,36.0,8.0,20.0,44.0,16.0,4.0,4.0,0.0,4.0
9000008823,2025-09-20 06:00,0.069167,0,0,0,29,14,43,0,29,29,0,14,14,28.5,0.0,0.0,100.0,0.0,0.0,0.0,0.0,0.0
9000008823,2025-09-20 07:00,0.593611,7,1,8,9,2,11,17,3,20,5,0,5,35.0,0.0,0.0,58.33,25.0,16.67,0.0,0.0,0.0
9000008823,2025-09-20 08:00,0.801389,8,4,11,43,25,68,23,21,44,4,3,6,36.0,0.0,25.71,42.86,22.86,2.86,5.71,0.0,0.0
9000008823,2025-09-20 09:00,0.790556,19,11,30,56,30,86,33,21,54,1,1,3,30.0,2.33,27.91,55.81,11.63,2.33,0.0,0.0,0.0
9000008823,2025-09-20 10:00,0.79,19,5,24,88,48,137,38,51,89,4,8,11,34.0,4.29,37.14,31.43,24.29,2.86,0.0,0.0,0.0
9000008823,2025-09-20 11:00,0.792222,35,18,53,100,65,165,50,40,90,14,4,18,29.5,5.63,26.76,54.93,8.45,0.0,1.41,1.41,1.41
9000008823,2025-09-20 12:00,0.783889,23,13,36,105,74,178,72,49,120,8,6,14,31.0,1.06,22.34,59.57,12.77,2.13,1.06,1.06,0.0
9000008823,2025-09-20 13:00,0.783611,36,13,49,106,55,161,60,61,121,9,4,13,32.0,9.47,17.89,51.58,15.79,0.0,4.21,0.0,1.05
9000008823,2025-09-20 14:00,0.753889,26,24,50,127,106,233,77,88,166,21,11,32,31.0,8.8,22.4,52.0,11.2,3.2,1.6,0.8,0.0
9000008823,2025-09-20 15:00,0.717778,25,12,38,132,92,224,86,47,134,8,7,15,31.0,7.29,25.0,51.04,15.62,1.04,0.0,0.0,0.0
9000008823,2025-09-20 16:00,0.655556,1,2,3,96,94,190,86,70,156,14,6,20,31.0,25.49,23.53,34.31,9.8,4.9,1.96,0.0,0.0
9000008823,2025-09-20 17:00,0.589167,7,8,15,29,11,40,72,37,109,11,6,17,11.5,79.69,20.31,0.0,0.0,0.0,0.0,0.0,0.0
9000008823,2025-09-20 18:00,0.775833,10,8,18,133,147,281,86,58,144,15,5,21,28.5,15.32,34.23,38.74,11.71,0.0,0.9,0.0,0.0
9000008823,2025-09-20 19:00,0.059167,51,0,51,85,118,203,68,68,135,17,0,17,42.0,0.0,50.0,25.0,0.0,25.0,0.0,0.0,0.0
9000008823,2025-09-21 06:00,0.039722,0,0,0,0,0,0,0,0,0,0,0,0,,0.0,0.0,0.0,0.0,0.0,0.0,0.0,0.0
9000008823,2025-09-21 07:00,0.622222,0,1,1,8,6,15,6,4,10,0,2,2,33.0,0.0,0.0,66.67,33.33,0.0,0.0,0.0,0.0
9000008823,2025-09-21 08:00,0.781667,4,5,9,24,9,34,5,3,8,2,0,2,40.5,0.0,16.67,33.33,33.33,16.67,0.0,0.0,0.0
9000008823,2025-09-21 09:00,0.784722,17,4,20,46,17,62,20,9,29,1,0,1,31.5,13.04,17.39,52.17,17.39,0.0,0.0,0.0,0.0
9000008823,2025-09-21 10:00,0.758333,18,12,30,82,26,108,25,30,55,4,4,8,31.0,4.76,23.81,54.76,14.29,2.38,0.0,0.0,0.0
9000008823,2025-09-21 11:00,0.771667,17,28,45,87,50,137,34,22,55,4,0,4,35.5,11.63,23.26,41.86,13.95,6.98,2.33,0.0,0.0
9000008823,2025-09-21 12:00,0.767778,29,12,41,127,57,184,40,25,65,1,3,4,30.5,10.0,32.0,42.0,16.0,0.0,0.0,0.0,0.0
9000008823,2025-09-21 13:00,0.752222,30,19,49,117,80,198,40,42,81,6,4,11,28.0,4.92,45.9,37.7,9.84,0.0,1.64,0.0,0.0
9000008823,2025-09-21 14:00,0.737222,24,9,34,108,121,229,46,72,118,3,5,8,32.5,11.49,25.29,43.68,14.94,0.0,2.3,0.0,2.3
9000008823,2025-09-21 15:00,0.72,27,17,44,108,115,223,53,53,106,7,4,11,29.5,7.89,18.42,61.84,11.84,1.32,0.0,0.0,0.0
9000008823,2025-09-21 16:00,0.630556,15,10,25,69,75,145,66,53,119,1,3,5,27.5,26.67,30.67,38.67,2.67,0.0,1.33,0.0,1.33
9000008823,2025-09-21 17:00,0.723889,15,15,31,89,111,200,69,46,115,5,4,10,31.5,16.87,27.71,37.35,13.25,2.41,0.0,0.0,2.41
9000008823,2025-09-21 18:00,0.533056,11,10,22,80,99,179,55,42,98,18,5,23,33.0,5.77,15.38,55.77,21.15,0.0,1.92,0.0,0.0
9000008823,2025-09-22 07:00,0.419444,28,6,34,69,29,98,64,35,99,14,9,23,28.5,14.29,38.1,35.71,11.9,0.0,0.0,0.0,0.0
9000008823,2025-09-22 08:00,0.497778,41,6,47,149,65,215,84,43,127,16,4,20,29.5,9.52,25.4,52.38,6.35,4.76,0.0,0.0,0.0
9000008823,2025-09-22 09:00,0.783611,15,8,23,110,42,152,77,39,116,19,6,26,32.5,6.59,21.98,50.55,16.48,3.3,1.1,0.0,0.0
9000008823,2025-09-22 10:00,0.788611,15,14,29,58,46,104,78,58,136,14,6,20,31.0,4.67,29.91,47.66,13.08,2.8,0.93,0.0,0.93
9000008823,2025-09-22 11:00,0.785,17,4,21,65,36,101,65,36,100,13,18,31,32.0,8.86,31.65,40.51,12.66,6.33,0.0,0.0,0.0
9000008823,2025-09-22 12:00,0.780556,31,14,45,51,35,86,49,67,115,6,10,17,31.0,7.78,27.78,47.78,15.56,0.0,1.11,0.0,0.0
9000008823,2025-09-22 13:00,0.785833,13,13,25,52,51,103,65,73,137,15,20,36,31.5,14.81,28.7,37.96,15.74,0.93,0.93,0.0,0.93
9000008823,2025-09-22 14:00,0.79,14,19,33,88,67,155,53,98,151,18,18,35,34.0,5.04,13.45,56.3,17.65,6.72,0.84,0.0,0.0
9000008823,2025-09-22 15:00,0.787778,18,14,32,95,100,195,80,101,181,16,23,39,32.5,9.09,32.87,37.76,15.38,2.8,1.4,0.0,0.7
9000008823,2025-09-22 16:00,0.79,16,6,23,114,90,204,86,62,148,9,10,19,32.0,10.26,25.64,45.3,16.24,0.85,0.0,0.0,1.71
9000008823,2025-09-22 17:00,0.786111,10,19,29,104,93,197,64,54,117,14,6,21,33.0,3.26,22.83,48.91,20.65,4.35,0.0,0.0,0.0
9000008823,2025-09-22 18:00,0.585556,4,11,15,87,121,208,57,63,120,9,1,11,32.0,4.29,17.14,60.0,18.57,1.43,0.0,0.0,0.0
9000008823,2025-09-22 19:00,0.140556,0,7,7,121,92,213,85,43,128,21,7,28,38.0,5.56,22.22,38.89,22.22,5.56,5.56,0.0,0.0
9000008823,2025-09-23 07:00,0.450833,11,9,20,92,53,144,65,16,81,19,1,20,33.0,27.03,24.32,24.32,27.03,0.0,0.0,0.0,0.0
9000008823,2025-09-23 08:00,0.388611,20,0,20,178,83,261,88,50,138,22,3,24,29.0,12.96,38.89,37.04,7.41,3.7,0.0,0.0,0.0
9000008823,2025-09-23 09:00,0.374444,28,11,38,135,60,195,117,37,153,22,8,30,29.0,17.54,35.09,35.09,12.28,0.0,0.0,0.0,0.0
9000008823,2025-09-23 10:00,0.793889,32,15,47,57,40,97,67,49,116,14,10,24,26.5,17.39,41.3,34.78,6.52,0.0,0.0,0.0,0.0
9000008823,2025-09-23 11:00,0.785556,29,19,48,68,56,124,62,43,105,18,9,27,30.0,18.07,28.92,38.55,8.43,4.82,0.0,1.2,0.0
9000008823,2025-09-23 12:00,0.751944,17,17,34,62,54,116,53,68,120,11,18,28,32.5,6.67,33.33,37.78,21.11,0.0,0.0,0.0,1.11
9000008823,2025-09-23 13:00,0.719722,17,19,36,58,68,125,59,63,122,11,10,21,31.5,4.55,34.09,42.05,17.05,2.27,0.0,0.0,0.0
9000008823,2025-09-23 14:00,0.737222,8,5,14,86,66,152,79,90,169,19,13,32,30.5,10.4,32.8,40.8,12.0,3.2,0.0,0.8,0.0
9000008823,2025-09-23 15:00,0.7375,19,8,27,93,88,181,71,99,170,10,19,29,30.5,7.14,34.92,42.86,13.49,2.38,0.0,0.0,0.0
9000008823,2025-09-23 16:00,0.708333,7,6,12,99,88,187,70,96,166,8,13,21,29.5,23.73,23.73,38.98,7.63,5.08,0.85,0.0,0.0
9000008823,2025-09-23 17:00,0.770556,30,18,48,133,135,268,58,88,146,13,13,26,30.0,3.54,30.09,52.21,12.39,1.77,0.0,0.0,0.0
9000008823,2025-09-23 18:00,0.714722,12,11,23,84,128,213,79,54,134,7,12,19,30.0,10.42,36.46,38.54,11.46,3.12,0.0,0.0,0.0
9000008823,2025-09-23 19:00,0.001111,0,0,0,0,0,0,900,0,900,0,0,0,44.0,0.0,0.0,0.0,0.0,100.0,0.0,0.0,0.0
9000008823,2025-09-24 07:00,0.3925,8,9,17,93,28,121,54,30,85,20,0,20,32.0,9.09,30.3,39.39,24.24,0.0,0.0,0.0,0.0
9000008823,2025-09-24 08:00,0.381111,21,5,26,169,97,266,73,59,133,18,5,23,29.5,19.61,27.45,39.22,9.8,3.92,0.0,0.0,0.0
9000008823,2025-09-24 09:00,0.396944,31,20,51,107,60,167,89,41,131,16,4,20,27.5,11.54,36.54,42.31,5.77,3.85,0.0,0.0,0.0
9000008823,2025-09-24 10:00,0.72,14,10,24,63,35,98,60,34,95,14,18,32,29.5,8.82,41.18,38.24,11.76,0.0,0.0,0.0,1.47
9000008823,2025-09-24 11:00,0.769722,21,13,34,51,49,100,66,58,124,19,12,31,29.5,6.25,31.25,51.04,8.33,2.08,1.04,0.0,0.0
9000008823,2025-09-24 12:00,0.768611,28,22,50,82,51,133,77,64,141,18,16,34,32.0,6.48,39.81,34.26,14.81,2.78,0.93,0.0,0.93
9000008823,2025-09-24 13:00,0.624167,19,20,40,81,57,139,79,66,144,9,12,21,32.5,1.11,34.44,43.33,18.89,1.11,2.22,0.0,0.0
9000008823,2025-09-24 14:00,0.76,20,30,50,75,76,151,83,112,194,7,13,20,29.5,10.14,33.78,43.24,8.11,4.05,0.68,0.0,0.0
9000008823,2025-09-24 15:00,0.743333,4,13,17,83,93,177,70,86,156,26,27,52,30.0,13.79,25.86,46.55,14.66,0.0,0.0,0.0,0.0
9000008823,2025-09-24 16:00,0.646111,2,5,7,102,89,191,88,89,177,9,15,24,31.5,33.04,19.13,31.3,12.17,1.74,1.74,0.87,0.87
9000008823,2025-09-24 17:00,0.565278,3,2,5,16,47,62,59,68,128,16,14,30,10.5,83.33,12.5,2.78,1.39,0.0,0.0,0.0,0.0
9000008823,2025-09-24 18:00,0.686389,15,7,23,102,155,257,70,60,130,15,8,23,29.0,5.62,40.45,41.57,7.87,3.37,0.0,0.0,0.0
9000008823,2025-09-25 07:00,0.534722,22,11,32,67,62,130,48,40,87,17,13,30,33.5,17.02,19.15,36.17,19.15,0.0,2.13,2.13,2.13
9000008823,2025-09-25 08:00,0.453333,32,4,37,122,79,202,78,55,133,3,3,6,31.5,10.0,23.33,48.33,16.67,1.67,0.0,0.0,0.0
9000008823,2025-09-25 09:00,0.4925,29,8,37,81,37,118,106,24,130,24,8,32,29.0,20.31,42.19,25.0,10.94,1.56,0.0,0.0,0.0
9000008823,2025-09-25 10:00,0.785833,37,15,52,50,36,85,50,61,111,31,14,45,28.5,17.24,26.44,48.28,6.9,1.15,0.0,0.0,0.0
9000008823,2025-09-25 11:00,0.7075,23,16,38,66,46,112,60,46,106,11,13,24,31.0,1.33,29.33,52.0,16.0,0.0,1.33,0.0,0.0
9000008823,2025-09-25 12:00,0.7775,17,15,32,48,57,104,70,57,126,12,12,23,30.0,6.12,27.55,52.04,13.27,1.02,0.0,0.0,0.0
9000008823,2025-09-25 13:00,0.762778,21,21,42,75,53,127,55,94,149,26,20,46,34.5,3.51,20.18,51.75,18.42,5.26,0.88,0.0,0.0
9000008823,2025-09-25 14:00,0.773333,37,30,66,61,71,133,73,111,184,22,24,46,32.5,4.93,23.24,50.7,16.9,2.11,2.11,0.0,0.0
9000008823,2025-09-25 15:00,0.780556,15,14,29,95,92,187,91,114,205,18,25,43,29.5,13.75,35.0,38.12,10.0,2.5,0.0,0.62,0.0
9000008823,2025-09-25 16:00,0.768611,16,18,34,73,91,164,95,95,190,25,16,40,30.0,21.23,23.29,41.1,13.7,0.68,0.0,0.0,0.0
9000008823,2025-09-25 17:00,0.783056,29,17,46,94,88,182,68,64,131,14,5,19,32.0,14.56,25.24,42.72,12.62,2.91,1.94,0.0,0.0
9000008823,2025-09-25 18:00,0.645833,6,9,15,114,107,221,83,77,160,16,9,25,33.5,6.8,18.45,44.66,26.21,2.91,0.97,0.0,0.0
9000008823,2025-09-26 07:00,0.342778,9,3,12,45,31,76,48,18,67,15,3,18,38.0,13.04,4.35,47.83,26.09,4.35,0.0,0.0,4.35
9000008823,2025-09-26 08:00,0.790278,13,3,15,123,57,180,84,52,136,16,9,25,29.5,12.15,20.56,55.14,10.28,0.93,0.0,0.93,0.0
9000008823,2025-09-26 09:00,0.779167,8,3,10,91,36,127,58,57,114,13,10,23,29.0,0.0,33.71,55.06,8.99,0.0,0.0,0.0,2.25
9000008823,2025-09-26 10:00,0.795278,14,9,23,42,38,79,65,58,123,9,11,20,30.0,9.18,36.73,38.78,10.2,3.06,1.02,1.02,0.0
9000008823,2025-09-26 11:00,0.785278,14,5,19,43,47,91,93,57,150,20,13,33,29.5,10.17,30.51,47.46,10.17,1.69,0.0,0.0,0.0
9000008823,2025-09-26 12:00,0.765278,17,7,24,54,60,114,82,71,153,25,25,50,29.5,11.11,35.04,41.03,8.55,3.42,0.85,0.0,0.0
9000008823,2025-09-26 13:00,0.7525,11,16,27,74,49,123,84,71,155,9,20,29,31.5,11.11,23.08,47.86,13.68,3.42,0.85,0.0,0.0
9000008823,2025-09-26 14:00,0.785833,6,3,9,58,69,127,89,127,216,15,24,39,31.5,16.47,31.76,32.94,16.47,1.76,0.0,0.0,0.59
9000008823,2025-09-26 15:00,0.759722,21,11,32,90,68,158,79,100,179,9,29,38,32.5,7.35,21.32,50.74,16.91,2.94,0.74,0.0,0.0
9000008823,2025-09-26 16:00,0.785,14,14,28,90,62,153,75,100,176,18,24,42,30.5,10.14,30.43,43.48,13.77,1.45,0.72,0.0,0.0
9000008823,2025-09-26 17:00,0.778611,12,14,26,82,79,161,90,69,159,9,19,28,33.0,4.03,23.39,50.81,18.55,3.23,0.0,0.0,0.0
9000008823,2025-09-26 18:00,0.565833,17,18,34,100,59,159,96,56,152,12,11,23,28.5,8.14,34.88,47.67,8.14,0.0,1.16,0.0,0.0
9000008823,2025-09-27 07:00,0.620278,3,0,3,12,3,15,8,12,20,2,3,4,34.5,16.67,25.0,41.67,25.0,8.33,0.0,0.0,0.0
9000008823,2025-09-27 08:00,0.799444,10,3,13,25,13,37,23,18,40,3,0,3,32.5,6.25,12.5,56.25,21.88,0.0,0.0,0.0,3.12
9000008823,2025-09-27 09:00,0.784444,13,9,21,48,27,76,39,25,65,8,6,14,34.5,3.92,21.57,45.1,25.49,3.92,0.0,0.0,0.0
9000008823,2025-09-27 10:00,0.7925,18,8,25,58,30,88,62,49,111,8,10,18,30.0,6.82,27.27,51.14,14.77,0.0,0.0,0.0,0.0
9000008823,2025-09-27 11:00,0.774167,40,5,45,95,57,152,71,62,133,22,22,44,25.0,19.42,38.83,36.89,3.88,0.97,0.0,0.0,0.0
9000008823,2025-09-27 12:00,0.775278,44,19,63,144,63,207,120,62,182,37,10,48,23.5,35.46,39.72,18.44,4.26,0.71,1.42,0.0,0.0
9000008823,2025-09-27 13:00,0.728333,39,17,55,82,64,147,26,28,54,54,34,88,15.5,79.49,10.26,5.13,5.13,0.0,0.0,0.0,0.0
9000008823,2025-09-27 14:00,0.741389,42,11,53,105,76,181,20,27,47,55,27,82,19.0,80.0,5.71,8.57,2.86,2.86,0.0,0.0,0.0
9000008823,2025-09-27 15:00,0.715278,26,10,36,91,74,165,10,36,46,26,25,51,25.5,57.58,15.15,18.18,3.03,0.0,0.0,6.06,0.0
9000008823,2025-09-27 16:00,0.640556,3,5,8,24,114,138,13,47,60,30,22,52,21.5,73.68,7.89,10.53,2.63,2.63,0.0,0.0,2.63
9000008823,2025-09-27 17:00,0.650556,11,5,15,38,71,109,4,34,38,18,12,30,23.5,44.0,32.0,16.0,0.0,4.0,0.0,4.0,0.0
9000008823,2025-09-27 18:00,0.615556,8,37,45,21,172,193,26,68,94,34,14,48,27.0,62.07,12.07,18.97,5.17,1.72,0.0,0.0,0.0
9000008823,2025-09-28 07:00,0.465278,8,3,12,13,2,15,10,3,13,0,0,0,32.0,0.0,16.67,66.67,16.67,0.0,0.0,0.0,0.0
9000008823,2025-09-28 08:00,0.791667,8,4,11,11,14,25,18,9,27,0,1,1,35.0,4.76,23.81,42.86,19.05,9.52,0.0,0.0,0.0
9000008823,2025-09-28 09:00,0.8025,24,7,31,49,17,66,26,21,47,4,0,4,29.5,2.63,23.68,60.53,13.16,0.0,0.0,0.0,0.0
9000008823,2025-09-28 10:00,0.787222,24,17,41,47,38,85,33,41,74,1,0,1,33.5,5.17,44.83,32.76,10.34,1.72,0.0,3.45,1.72
9000008823,2025-09-28 11:00,0.787222,45,17,61,69,53,122,42,32,73,9,6,15,29.5,10.34,34.48,43.1,8.62,3.45,0.0,0.0,0.0
9000008823,2025-09-28 12:00,0.789722,33,18,51,122,74,196,51,42,92,6,1,8,30.0,12.33,31.51,41.1,12.33,1.37,0.0,1.37,0.0
9000008823,2025-09-28 13:00,0.777778,31,22,53,96,59,155,53,51,104,8,5,13,29.0,6.17,48.15,34.57,9.88,1.23,0.0,0.0,0.0
9000008823,2025-09-28 14:00,0.788611,43,20,63,145,69,213,57,56,113,5,3,8,29.0,7.87,38.2,43.82,7.87,1.12,1.12,0.0,0.0
9000008823,2025-09-28 15:00,0.763056,41,18,59,131,99,230,73,79,152,12,8,20,30.5,8.62,32.76,43.1,12.93,1.72,0.86,0.0,0.0
9000008823,2025-09-28 16:00,0.655556,4,3,7,118,105,223,75,63,138,3,4,7,29.5,24.18,24.18,38.46,13.19,0.0,1.1,0.0,0.0
9000008823,2025-09-28 17:00,0.615278,10,7,17,48,64,112,62,45,107,14,4,17,28.5,56.06,16.67,16.67,9.09,1.52,0.0,1.52,0.0
9000008823,2025-09-28 18:00,0.563333,19,19,39,86,167,253,62,49,111,13,6,19,34.0,20.97,16.13,45.16,8.06,4.84,6.45,0.0,0.0
9000008823,2025-09-29 07:00,0.416111,14,3,17,91,37,127,44,35,79,14,10,24,36.0,3.03,9.09,45.45,39.39,3.03,0.0,0.0,0.0
9000008823,2025-09-29 08:00,0.781111,28,9,37,165,81,246,82,58,140,14,10,24,31.5,3.67,26.61,53.21,10.09,4.59,0.92,0.92,0.0
9000008823,2025-09-29 09:00,0.798056,30,6,36,89,64,153,89,49,138,21,13,34,30.0,4.55,30.91,49.09,14.55,0.91,0.0,0.0,0.0
9000008823,2025-09-29 10:00,0.786944,22,15,37,51,32,83,52,67,119,19,15,34,32.0,9.57,37.23,35.11,12.77,3.19,2.13,0.0,0.0
9000008823,2025-09-29 11:00,0.798889,26,13,39,51,40,91,76,54,130,14,15,29,29.5,9.62,30.77,47.12,9.62,1.92,0.96,0.0,0.0
9000008823,2025-09-29 12:00,0.786667,27,8,34,56,42,98,67,49,116,13,18,30,30.5,8.79,26.37,49.45,10.99,2.2,1.1,1.1,0.0
9000008823,2025-09-29 13:00,0.76,13,19,32,59,59,119,65,107,171,11,22,33,34.0,3.08,17.69,50.0,23.08,3.85,1.54,0.77,0.0
9000008823,2025-09-29 14:00,0.752778,28,28,56,73,66,139,96,126,221,8,21,29,33.0,10.78,17.37,47.31,16.17,4.19,2.4,1.2,0.6
9000008823,2025-09-29 15:00,0.768889,22,16,37,98,78,176,76,99,174,16,16,31,31.5,3.73,29.1,47.76,17.91,0.0,1.49,0.0,0.0
9000008823,2025-09-29 16:00,0.658889,3,3,6,102,82,184,90,74,164,14,12,26,29.5,26.85,21.3,39.81,10.19,0.93,0.93,0.93,0.93
9000008823,2025-09-29 17:00,0.678056,14,12,27,67,73,140,76,73,150,25,10,34,26.5,42.16,29.41,18.63,8.82,1.96,0.0,0.0,0.0
9000008823,2025-09-29 18:00,0.614722,6,21,27,87,107,194,81,45,126,15,6,22,33.0,10.39,22.08,38.96,23.38,3.9,1.3,0.0,0.0
9000008823,2025-09-30 07:00,0.503333,15,7,21,76,45,122,64,25,88,12,4,16,38.0,2.22,17.78,51.11,17.78,11.11,0.0,0.0,2.22
9000008823,2025-09-30 08:00,0.724444,52,7,59,148,83,231,72,38,111,5,7,12,34.0,8.75,26.25,30.0,27.5,3.75,2.5,0.0,0.0
9000008823,2025-09-30 09:00,0.785833,19,5,24,121,42,163,79,25,104,20,14,34,30.0,12.2,34.15,39.02,9.76,1.22,2.44,1.22,0.0
9000008823,2025-09-30 10:00,0.785278,17,4,20,52,46,98,87,52,139,19,11,31,31.0,4.59,29.36,48.62,15.6,1.83,0.0,0.0,0.0
9000008823,2025-09-30 11:00,0.781389,27,15,42,66,46,113,100,57,157,32,14,46,30.0,11.38,17.07,56.1,12.2,2.44,0.0,0.0,0.0
9000008823,2025-09-30 12:00,0.720833,15,11,26,57,58,115,81,66,148,17,11,28,33.0,16.04,25.47,36.79,17.92,2.83,0.94,0.0,0.94
9000008823,2025-09-30 13:00,0.747222,18,20,38,63,52,115,65,71,136,24,10,33,32.5,4.95,17.82,54.46,20.79,2.97,0.0,0.0,0.0
9000008823,2025-09-30 14:00,0.753889,24,15,39,79,75,154,57,107,165,15,29,44,30.0,6.45,28.23,50.0,12.1,1.61,1.61,0.0,0.0
9000008823,2025-09-30 15:00,0.788611,30,28,58,94,72,166,80,111,191,27,25,52,30.5,16.67,24.67,42.67,13.33,1.33,0.67,0.67,0.0
9000008823,2025-09-30 16:00,0.774167,26,21,46,120,110,230,89,92,181,23,18,41,33.0,7.86,22.14,44.29,22.86,2.14,0.71,0.0,0.0
9000008823,2025-09-30 17:00,0.788889,23,20,43,87,89,176,86,81,167,8,24,31,31.5,12.88,28.79,40.15,13.64,4.55,0.0,0.0,0.0
9000008823,2025-09-30 18:00,0.507778,11,11,23,98,109,207,67,62,129,8,13,22,33.5,10.61,12.12,53.03,19.7,0.0,1.52,1.52,1.52
9000008823,2025-10-01 07:00,0.380833,39,17,56,110,20,130,38,8,46,15,2,16,29.0,11.11,33.33,44.44,11.11,5.56,0.0,0.0,0.0
9000008823,2025-10-01 08:00,0.736667,23,5,28,161,101,262,87,29,116,8,4,12,29.5,6.98,33.72,46.51,10.47,3.49,0.0,0.0,0.0
9000008823,2025-10-01 09:00,0.78,17,8,24,105,44,149,81,51,132,17,1,18,31.0,5.83,28.16,48.54,14.56,2.91,0.0,0.0,0.0
9000008823,2025-10-01 10:00,0.781111,22,4,26,53,37,90,78,50,127,10,3,13,31.5,10.0,26.0,46.0,15.0,3.0,0.0,0.0,0.0
9000008823,2025-10-01 11:00,0.790278,20,19,39,56,58,114,101,66,167,30,13,43,30.0,9.09,33.33,43.18,14.39,0.0,0.0,0.0,0.0
9000008823,2025-10-01 12:00,0.7875,20,16,37,64,52,116,75,59,134,23,15,38,32.5,14.15,26.42,39.62,14.15,2.83,1.89,0.0,0.94
9000008823,2025-10-01 13:00,0.796111,20,15,35,59,54,113,83,87,170,19,19,38,33.0,2.96,16.3,55.56,22.96,1.48,0.74,0.0,0.0
9000008823,2025-10-01 14:00,0.784722,16,22,38,44,53,97,74,110,184,18,30,48,33.0,9.03,22.22,43.06,18.75,5.56,0.69,0.69,0.0
9000008823,2025-10-01 15:00,0.786111,23,13,36,77,63,140,82,67,150,18,21,39,30.0,4.24,27.12,54.24,13.56,0.0,0.85,0.0,0.0
9000008823,2025-10-01 16:00,0.786389,25,11,37,114,83,196,85,97,182,19,25,44,32.5,10.49,26.57,41.96,16.08,3.5,0.7,0.7,0.0
9000008823,2025-10-01 17:00,0.789722,18,16,34,104,91,195,63,87,150,22,22,43,31.5,9.24,26.05,46.22,15.13,1.68,0.84,0.84,0.0
9000008823,2025-10-01 18:00,0.370278,19,5,24,65,118,183,88,69,157,8,5,13,35.5,6.9,20.69,50.0,15.52,6.9,1.72,0.0,0.0
9000008823,2025-10-02 07:00,0.487778,12,5,17,63,36,99,55,24,79,7,5,12,33.0,7.89,21.05,47.37,21.05,2.63,2.63,0.0,0.0
9000008823,2025-10-02 08:00,0.782778,26,6,32,114,50,163,73,46,119,14,8,22,31.5,4.3,21.51,55.91,16.13,2.15,0.0,0.0,0.0
9000008823,2025-10-02 09:00,0.7875,32,10,42,114,57,171,94,30,124,22,8,29,30.0,4.08,33.67,46.94,11.22,2.04,1.02,1.02,0.0
9000008823,2025-10-02 10:00,0.790278,25,14,39,59,50,110,81,37,118,24,3,27,29.0,16.13,34.41,38.71,8.6,2.15,0.0,0.0,0.0
9000008823,2025-10-02 11:00,0.787778,27,22,48,60,49,108,89,47,135,21,16,38,29.5,7.48,31.78,48.6,11.21,0.93,0.0,0.0,0.0
9000008823,2025-10-02 12:00,0.7725,22,13,35,85,66,151,96,69,165,13,17,30,32.5,5.51,28.35,43.31,19.69,2.36,0.79,0.0,0.0
9000008823,2025-10-02 13:00,0.781667,28,27,55,62,69,131,84,97,181,17,21,37,31.5,14.79,26.76,39.44,16.9,0.7,1.41,0.0,0.0
9000008823,2025-10-02 14:00,0.778889,27,14,41,77,48,125,103,114,217,9,19,28,33.5,2.96,27.81,46.15,18.93,2.96,0.59,0.59,0.0
9000008823,2025-10-02 15:00,0.769167,17,22,39,111,93,204,81,105,186,17,18,35,30.5,18.18,28.67,37.06,14.69,1.4,0.0,0.0,0.0
9000008823,2025-10-02 16:00,0.718333,16,12,29,109,111,220,85,83,169,21,23,44,31.5,9.92,24.79,47.93,11.57,4.96,0.83,0.0,0.0
9000008823,2025-10-02 17:00,0.709444,19,11,30,78,69,148,67,79,146,17,14,31,26.5,37.5,26.92,26.92,7.69,0.96,0.0,0.96,0.0
9000008823,2025-10-02 18:00,0.536944,7,11,18,98,97,194,94,50,144,29,20,49,28.0,20.78,36.36,33.77,9.09,1.3,0.0,0.0,0.0
9000008823,2025-10-03 07:00,0.458056,2,2,3,3,3,7,10,20,30,0,0,0,46.0,0.0,0.0,42.86,35.71,21.43,0.0,0.0,0.0
9000008823,2025-10-03 08:00,0.793889,11,3,14,15,15,30,11,8,19,3,0,3,34.5,0.0,6.67,53.33,33.33,0.0,6.67,0.0,0.0
9000008823,2025-10-03 09:00,0.797222,20,11,31,35,19,54,25,15,40,3,4,6,32.5,3.12,28.12,43.75,21.88,3.12,0.0,0.0,0.0
9000008823,2025-10-03 10:00,0.789444,24,24,48,62,23,85,34,16,51,0,5,5,30.0,2.5,42.5,40.0,12.5,0.0,0.0,0.0,2.5
9000008823,2025-10-03 11:00,0.774167,32,19,52,74,40,114,35,22,57,3,4,7,33.5,0.0,22.73,52.27,20.45,2.27,0.0,0.0,2.27
9000008823,2025-10-03 12:00,0.774444,10,5,16,93,41,134,54,35,89,9,3,12,28.5,7.25,34.78,49.28,8.7,0.0,0.0,0.0,0.0
9000008823,2025-10-03 13:00,0.755,0,1,1,71,36,107,54,40,94,8,5,13,28.5,16.9,36.62,36.62,7.04,0.0,2.82,0.0,0.0
9000008823,2025-10-03 14:00,0.782222,31,18,49,92,67,158,52,80,133,12,10,22,32.5,3.85,26.92,47.12,17.31,2.88,0.96,0.96,0.0
9000008823,2025-10-03 15:00,0.7675,14,12,26,106,64,170,51,60,110,5,5,10,33.5,9.41,21.18,47.06,15.29,4.71,1.18,1.18,0.0
9000008823,2025-10-03 16:00,0.679444,15,7,22,90,74,164,73,44,117,6,0,6,29.5,18.75,22.5,46.25,7.5,3.75,1.25,0.0,0.0
9000008823,2025-10-03 17:00,0.699444,12,7,18,71,110,181,49,75,124,12,4,16,30.5,21.84,31.03,32.18,16.09,0.0,0.0,0.0,0.0
9000008823,2025-10-03 18:00,0.481667,12,12,25,69,115,184,55,63,118,3,11,14,30.5,7.02,19.3,56.14,15.79,1.75,0.0,0.0,0.0
9000008823,2025-10-04 07:00,0.446667,2,0,2,8,2,10,33,3,36,8,0,8,28.0,0.0,31.25,56.25,12.5,0.0,0.0,0.0,0.0
9000008823,2025-10-04 08:00,0.787778,6,5,11,18,19,37,29,15,44,1,1,3,34.0,0.0,25.71,48.57,17.14,8.57,0.0,0.0,0.0
9000008823,2025-10-04 09:00,0.798333,13,3,15,28,23,50,36,25,61,9,5,14,32.0,2.04,8.16,71.43,16.33,2.04,0.0,0.0,0.0
9000008823,2025-10-04 10:00,0.785,9,4,13,22,18,39,46,40,86,8,6,14,32.5,5.97,17.91,50.75,23.88,1.49,0.0,0.0,0.0
9000008823,2025-10-04 11:00,0.7225,13,5,18,20,26,46,43,42,85,6,11,17,33.0,4.92,16.39,50.82,26.23,0.0,0.0,0.0,0.0
9000008823,2025-10-04 12:00,0.592222,16,4,20,28,30,58,67,53,120,9,10,20,33.5,2.82,21.13,50.7,21.13,5.63,0.0,0.0,0.0
9000008823,2025-10-04 13:00,0.777222,9,4,13,52,23,75,93,78,172,25,10,35,31.5,11.28,24.06,45.86,16.54,1.5,0.75,0.0,0.0
9000008823,2025-10-04 14:00,0.789444,10,9,19,24,28,52,133,69,202,10,9,19,32.0,10.0,29.38,40.0,17.5,3.12,0.0,0.0,0.0
9000008823,2025-10-04 15:00,0.778611,11,3,14,31,36,66,107,141,247,13,24,37,32.0,9.84,24.87,45.08,18.13,2.07,0.0,0.0,0.0
9000008823,2025-10-04 16:00,0.788889,4,9,13,28,39,67,102,78,180,20,10,30,33.0,7.75,26.76,40.85,21.83,2.11,0.7,0.0,0.0
9000008823,2025-10-04 17:00,0.783889,4,11,15,36,24,60,95,65,160,13,12,24,31.0,8.8,27.2,46.4,16.0,1.6,0.0,0.0,0.0
9000008823,2025-10-04 18:00,0.108611,9,0,9,46,28,74,92,28,120,0,0,0,32.5,30.77,15.38,30.77,15.38,7.69,0.0,0.0,0.0
9000008823,2025-10-05 07:00,0.283611,0,0,0,2,2,5,8,5,13,0,0,0,38.0,0.0,0.0,50.0,75.0,0.0,0.0,0.0,0.0
9000008823,2025-10-05 08:00,0.700833,4,1,6,18,9,27,8,9,18,0,2,2,35.0,16.67,25.0,33.33,16.67,8.33,0.0,0.0,0.0
9000008823,2025-10-05 09:00,0.735556,1,0,1,31,11,42,20,12,32,1,1,3,27.0,16.67,25.0,54.17,4.17,0.0,0.0,0.0,0.0
9000008823,2025-10-05 10:00,0.7125,2,3,4,35,28,63,38,19,58,10,4,14,28.0,4.88,43.9,41.46,7.32,2.44,0.0,0.0,0.0
9000008823,2025-10-05 11:00,0.742222,12,4,16,36,38,74,30,27,57,1,1,3,33.5,7.14,21.43,45.24,21.43,0.0,2.38,2.38,0.0
9000008823,2025-10-05 12:00,0.765,5,9,14,39,31,71,50,34,83,7,7,13,32.5,4.69,29.69,43.75,17.19,3.12,0.0,0.0,1.56
9000008823,2025-10-05 13:00,0.753889,5,7,12,50,42,93,58,35,93,5,4,9,33.5,7.14,20.0,50.0,14.29,4.29,2.86,1.43,0.0
9000008823,2025-10-05 14:00,0.741667,11,4,14,44,36,80,44,45,89,3,7,10,34.0,4.55,22.73,37.88,33.33,3.03,0.0,0.0,0.0
9000008823,2025-10-05 15:00,0.758333,13,4,17,30,39,70,50,52,101,7,4,10,30.5,3.9,29.87,50.65,10.39,3.9,1.3,0.0,0.0
9000008823,2025-10-05 16:00,0.781389,9,6,15,55,46,101,56,49,105,6,0,6,30.0,14.63,28.05,42.68,9.76,3.66,0.0,0.0,1.22
9000008823,2025-10-05 17:00,0.786667,15,4,19,63,44,107,65,59,124,9,5,14,32.0,2.04,16.33,62.24,14.29,3.06,1.02,1.02,0.0
9000008823,2025-10-05 18:00,0.213889,0,0,0,101,18,119,38,70,108,15,6,21,32.0,8.7,39.13,30.43,21.74,4.35,0.0,0.0,0.0
9000008823,2025-10-06 07:00,0.135,0,0,0,50,23,73,143,73,216,0,6,6,38.5,13.79,27.59,10.34,37.93,6.9,0.0,3.45,0.0
9000008823,2025-10-06 08:00,0.584167,11,8,19,117,70,188,90,41,131,13,8,22,28.0,21.05,34.21,35.53,9.21,0.0,0.0,0.0,0.0
9000008823,2025-10-06 09:00,0.773889,12,8,19,89,45,135,91,46,137,22,6,28,31.0,14.15,31.13,37.74,13.21,2.83,0.0,0.94,0.0
9000008823,2025-10-06 10:00,0.780833,10,1,11,40,33,73,101,55,156,15,9,24,33.0,9.02,31.15,40.98,10.66,6.56,0.82,0.0,0.0
9000008823,2025-10-06 11:00,0.768889,9,0,9,36,29,65,79,81,160,20,10,30,32.0,8.13,21.14,48.78,20.33,1.63,0.0,0.0,0.0
9000008823,2025-10-06 12:00,0.765,3,4,7,44,34,79,75,56,130,16,14,30,32.5,6.0,28.0,46.0,15.0,3.0,0.0,1.0,1.0
9000008823,2025-10-06 13:00,0.739167,4,4,8,35,42,77,77,105,182,19,8,27,31.0,10.37,28.15,44.44,15.56,1.48,0.0,0.0,0.0
9000008823,2025-10-06 14:00,0.719722,12,4,17,47,49,96,69,112,182,15,13,28,33.5,9.16,20.61,48.09,18.32,3.05,0.76,0.0,0.0
9000008823,2025-10-06 15:00,0.687778,9,7,16,73,75,148,82,131,213,17,17,35,29.5,17.12,26.71,43.15,11.64,0.68,0.68,0.68,0.0
9000008823,2025-10-06 16:00,0.625833,8,9,17,72,84,156,91,98,189,9,16,25,33.5,21.01,25.21,27.73,21.01,3.36,1.68,0.0,0.0
9000008823,2025-10-06 17:00,0.671389,20,13,33,89,117,206,69,78,147,12,12,23,27.5,32.32,26.26,32.32,9.09,0.0,0.0,0.0,0.0
9000008823,2025-10-06 18:00,0.325278,47,16,63,124,113,237,76,51,127,29,5,35,31.5,2.44,41.46,36.59,12.2,0.0,2.44,0.0,2.44
9000008823,2025-10-07 07:00,0.188889,17,16,33,105,73,178,62,37,99,23,3,26,31.5,5.26,31.58,47.37,21.05,0.0,0.0,0.0,0.0
9000008823,2025-10-07 08:00,0.781667,8,1,9,143,67,210,91,38,129,18,10,28,33.0,7.92,35.64,30.69,21.78,2.97,0.99,0.0,0.0
9000008823,2025-10-07 09:00,0.783333,13,5,18,126,49,175,83,37,120,17,14,31,29.0,14.89,30.85,42.55,11.7,0.0,0.0,0.0,0.0
9000008823,2025-10-07 10:00,0.793333,10,3,13,35,44,79,67,46,112,24,19,43,29.5,7.87,29.21,49.44,11.24,1.12,0.0,0.0,1.12
9000008823,2025-10-07 11:00,0.780833,3,9,12,49,28,77,74,61,136,26,13,38,32.0,1.89,32.08,45.28,19.81,0.94,0.0,0.0,0.0
9000008823,2025-10-07 12:00,0.774167,13,12,25,43,52,94,59,49,109,17,17,34,33.5,3.57,19.05,52.38,17.86,5.95,0.0,0.0,1.19
9000008823,2025-10-07 13:00,0.758611,5,5,10,46,53,99,74,90,164,20,13,33,31.5,7.26,30.65,43.55,15.32,3.23,0.0,0.0,0.0
9000008823,2025-10-07 14:00,0.785833,5,5,10,68,39,107,59,121,180,15,25,40,33.5,14.18,25.53,36.17,21.28,0.71,0.71,1.42,0.0
9000008823,2025-10-07 15:00,0.781389,12,5,17,74,88,162,69,112,181,14,24,39,32.0,4.26,28.37,48.94,14.18,4.26,0.0,0.0,0.0
9000008823,2025-10-07 16:00,0.785833,11,13,24,100,81,181,92,77,169,9,11,20,33.5,4.51,31.58,43.61,12.03,7.52,0.0,0.75,0.0
9000008823,2025-10-07 17:00,0.674444,18,6,24,89,86,175,58,87,145,10,12,22,34.0,4.08,17.35,52.04,20.41,5.1,1.02,0.0,0.0
9000008823,2025-10-07 18:00,0.216111,6,11,16,94,120,214,118,45,163,0,9,9,34.0,2.86,28.57,42.86,25.71,2.86,0.0,0.0,0.0
9000008823,2025-10-08 07:00,0.031389,32,32,64,64,64,127,32,32,64,0,0,0,38.5,0.0,0.0,50.0,50.0,0.0,0.0,0.0,0.0
9000008823,2025-10-08 08:00,0.714722,44,13,57,96,54,150,72,44,116,30,10,40,32.5,3.61,22.89,51.81,16.87,3.61,0.0,0.0,0.0
9000008823,2025-10-08 09:00,0.7875,28,8,36,53,49,103,67,53,120,18,9,27,30.5,4.21,28.42,51.58,15.79,0.0,0.0,0.0,0.0
9000008823,2025-10-08 10:00,0.787222,14,1,15,37,28,65,84,55,139,34,14,48,33.0,8.26,29.36,40.37,18.35,3.67,0.0,0.0,0.0
9000008823,2025-10-08 11:00,0.772778,17,1,18,24,23,46,60,43,103,16,19,35,30.0,12.5,40.0,32.5,13.75,1.25,0.0,0.0,0.0
9000008823,2025-10-08 12:00,0.780833,28,14,42,34,42,76,52,50,102,18,22,40,32.0,1.27,29.11,51.9,15.19,1.27,1.27,0.0,0.0
9000008823,2025-10-08 13:00,0.758611,17,5,22,36,49,84,63,79,143,22,9,32,33.0,10.19,18.52,49.07,18.52,2.78,0.93,0.0,0.0
9000008823,2025-10-08 14:00,0.783056,13,9,22,69,49,117,75,96,172,16,21,37,31.5,6.72,24.63,50.0,15.67,2.99,0.0,0.0,0.0
9000008823,2025-10-08 15:00,0.781389,20,10,31,65,58,123,91,105,196,8,19,27,30.5,13.73,29.41,41.18,13.73,1.31,0.65,0.0,0.0
9000008823,2025-10-08 16:00,0.772778,21,13,33,68,77,145,79,86,165,23,19,42,32.5,10.24,26.77,41.73,17.32,3.94,0.0,0.0,0.0
9000008823,2025-10-08 17:00,0.674167,10,12,22,86,56,143,79,59,138,15,13,28,29.0,19.35,27.96,41.94,6.45,5.38,0.0,0.0,0.0
9000008823,2025-10-09 07:00,0.171944,8,4,13,47,26,73,78,26,104,8,8,17,35.5,0.0,22.22,55.56,22.22,0.0,0.0,0.0,0.0
9000008823,2025-10-09 08:00,0.586667,23,17,39,97,63,160,58,47,105,23,7,29,33.0,3.28,18.03,55.74,19.67,1.64,0.0,1.64,0.0
9000008823,2025-10-09 09:00,0.768611,36,6,43,68,47,114,69,38,107,22,17,39,30.0,6.1,34.15,45.12,10.98,0.0,3.66,0.0,0.0
9000008823,2025-10-09 10:00,0.767222,27,14,42,38,44,82,77,57,134,21,14,35,31.0,2.91,25.24,55.34,13.59,2.91,0.0,0.0,0.0
9000008823,2025-10-09 11:00,0.744722,17,12,29,54,35,89,82,93,175,21,16,38,31.5,6.15,25.38,50.0,16.92,0.77,0.0,0.77,0.0
9000008823,2025-10-09 12:00,0.756667,22,8,30,64,63,126,87,89,176,17,18,35,31.0,9.77,22.56,51.13,12.78,1.5,1.5,0.75,0.0
9000008823,2025-10-09 13:00,0.7125,20,8,28,63,49,113,77,65,142,10,12,22,33.5,8.91,28.71,37.62,22.77,2.97,0.0,0.0,0.0
9000008823,2025-10-09 14:00,0.770833,16,15,30,72,61,132,67,76,143,12,20,31,29.5,12.73,29.09,43.64,10.0,0.91,0.91,0.0,1.82
9000008823,2025-10-09 15:00,0.782222,20,11,32,69,57,126,70,123,193,27,18,45,30.0,10.6,30.46,44.37,10.6,3.31,0.66,0.0,0.0
9000008823,2025-10-09 16:00,0.780278,13,11,24,123,81,204,78,56,134,18,5,23,30.0,12.38,32.38,40.95,12.38,1.9,0.0,0.0,0.0
9000008823,2025-10-09 17:00,0.771667,21,12,32,87,80,167,85,63,149,13,9,22,31.5,7.83,19.13,53.91,16.52,2.61,0.0,0.0,0.0
9000008823,2025-10-09 18:00,0.216667,5,5,10,112,185,297,105,31,136,0,8,8,30.0,10.0,33.33,40.0,10.0,6.67,0.0,0.0,0.0
9000008823,2025-10-10 07:00,0.299722,8,5,12,104,38,142,111,47,158,34,3,37,33.5,10.64,40.43,27.66,17.02,0.0,2.13,0.0,0.0
9000008823,2025-10-10 08:00,0.6925,22,10,32,135,66,201,72,47,119,17,7,24,32.0,9.76,23.17,50.0,12.2,4.88,0.0,0.0,0.0
9000008823,2025-10-10 09:00,0.756944,5,5,10,65,45,110,73,35,107,14,5,20,30.0,4.94,30.86,49.38,11.11,2.47,0.0,1.23,0.0
9000008823,2025-10-10 10:00,0.737222,8,1,9,58,42,101,45,38,82,8,5,14,35.0,8.2,29.51,40.98,16.39,3.28,1.64,0.0,0.0
9000008823,2025-10-10 11:00,0.741944,9,1,11,62,39,101,60,50,110,7,13,20,32.5,9.76,25.61,43.9,18.29,1.22,1.22,0.0,0.0
9000008823,2025-10-10 12:00,0.780278,10,4,14,56,35,91,90,89,179,18,20,38,32.5,9.29,27.14,42.86,14.29,5.0,0.71,0.0,0.71
9000008823,2025-10-10 13:00,0.771944,4,17,21,46,57,103,75,93,168,19,18,37,33.5,7.69,18.46,48.46,23.08,1.54,0.0,0.77,0.0
9000008823,2025-10-10 14:00,0.756389,7,7,13,68,79,147,110,116,226,16,25,41,33.0,11.11,20.47,47.95,15.79,2.92,1.17,0.0,0.58
9000008823,2025-10-10 15:00,0.755,17,7,24,68,79,147,94,113,207,16,8,24,30.5,14.1,25.0,44.23,14.74,1.28,0.0,0.0,0.64
9000008823,2025-10-10 16:00,0.772222,12,8,19,72,56,128,85,65,150,13,18,31,29.5,10.34,27.59,48.28,9.48,3.45,0.0,0.0,0.86
9000008823,2025-10-10 17:00,0.598056,16,7,24,40,81,121,53,50,103,20,10,30,31.0,25.81,25.81,32.26,16.13,1.61,0.0,0.0,0.0
9000008823,2025-10-10 18:00,0.090833,11,22,33,110,121,231,77,121,198,0,11,11,28.0,16.67,33.33,38.89,11.11,0.0,0.0,0.0,0.0
9000008823,2025-10-11 07:00,0.128611,23,0,23,23,8,31,23,8,31,0,8,8,37.0,0.0,0.0,50.0,50.0,0.0,0.0,0.0,0.0
9000008823,2025-10-11 08:00,0.524167,12,4,16,37,12,49,19,12,31,3,0,3,34.0,6.25,6.25,62.5,18.75,0.0,0.0,0.0,0.0
9000008823,2025-10-11 09:00,0.784722,12,4,15,38,24,62,33,19,52,5,5,10,35.0,4.88,21.95,41.46,24.39,2.44,4.88,0.0,0.0
9000008823,2025-10-11 10:00,0.775,10,3,13,56,47,102,49,40,89,9,5,14,31.5,2.9,21.74,55.07,18.84,1.45,0.0,0.0,0.0
9000008823,2025-10-11 11:00,0.739167,16,14,30,61,52,112,51,63,114,10,3,12,30.5,14.29,25.0,44.05,15.48,1.19,0.0,0.0,0.0
9000008823,2025-10-11 12:00,0.705556,9,7,16,84,37,121,81,57,138,17,10,27,32.5,2.06,25.77,50.52,19.59,1.03,1.03,0.0,0.0
9000008823,2025-10-11 13:00,0.676944,16,9,25,91,63,155,76,68,144,13,9,22,31.0,7.14,24.49,51.02,14.29,2.04,1.02,0.0,0.0
9000008823,2025-10-11 14:00,0.665278,20,8,27,84,76,160,106,82,188,15,9,24,31.0,3.2,25.6,54.4,11.2,4.8,0.8,0.0,0.0
9000008823,2025-10-11 15:00,0.725278,16,13,29,70,56,126,103,90,193,13,6,18,29.5,10.0,35.71,42.14,12.14,0.71,0.0,0.0,0.0
9000008823,2025-10-11 16:00,0.690556,20,10,30,70,71,141,77,83,160,13,16,29,33.0,10.81,19.82,48.65,14.41,5.41,1.8,0.0,0.0
9000008823,2025-10-11 17:00,0.737778,24,8,32,65,67,133,99,93,192,22,5,27,31.5,19.15,21.99,41.13,14.89,2.13,0.0,0.71,0.0
9000008823,2025-10-11 18:00,0.126944,8,8,16,24,110,134,102,79,181,0,8,8,37.5,4.35,21.74,39.13,26.09,8.7,0.0,0.0,0.0
9000008823,2025-10-12 07:00,0.079722,0,0,0,0,0,0,7,0,7,0,0,0,24.0,0.0,0.0,100.0,0.0,0.0,0.0,0.0,0.0
9000008823,2025-10-12 08:00,0.706389,10,5,14,13,6,19,16,13,29,3,0,3,32.0,5.0,20.0,55.0,20.0,5.0,0.0,0.0,0.0
9000008823,2025-10-12 09:00,0.782222,19,8,27,30,27,57,23,26,49,3,0,3,35.5,2.63,26.32,47.37,15.79,5.26,2.63,0.0,0.0
9000008823,2025-10-12 10:00,0.7825,12,3,14,46,22,68,33,38,71,1,3,4,33.0,5.36,25.0,48.21,17.86,1.79,1.79,0.0,0.0
9000008823,2025-10-12 11:00,0.771944,18,13,31,63,47,110,43,51,94,8,1,9,33.5,6.85,19.18,49.32,17.81,2.74,1.37,0.0,1.37
9000008823,2025-10-12 12:00,0.775556,22,8,30,45,44,89,49,43,92,4,3,6,32.5,5.63,25.35,47.89,16.9,2.82,1.41,0.0,0.0
9000008823,2025-10-12 13:00,0.77,19,10,30,43,43,86,52,68,120,7,4,10,35.0,5.43,18.48,48.91,20.65,5.43,1.09,0.0,0.0
9000008823,2025-10-12 14:00,0.769722,19,13,32,36,51,87,58,43,101,10,6,17,34.0,11.54,20.51,42.31,20.51,3.85,1.28,0.0,0.0
9000008823,2025-10-12 15:00,0.771389,31,14,45,59,48,107,75,43,118,9,0,9,30.5,3.3,30.77,50.55,12.09,2.2,0.0,0.0,1.1
9000008823,2025-10-12 16:00,0.769722,28,18,46,68,43,110,61,56,117,4,1,5,34.5,3.33,16.67,51.11,20.0,3.33,4.44,1.11,0.0
9000008823,2025-10-12 17:00,0.756111,28,9,38,51,43,94,65,55,120,13,4,17,33.5,6.59,19.78,48.35,16.48,3.3,1.1,2.2,0.0
9000008823,2025-10-13 08:00,0.598333,30,8,38,130,82,212,117,48,165,12,10,22,32.0,17.17,34.34,29.29,17.17,1.01,0.0,0.0,1.01
9000008823,2025-10-13 09:00,0.728889,32,10,41,91,51,142,127,41,168,40,7,47,29.0,22.13,26.23,39.34,9.02,2.46,0.82,0.82,0.0
9000008823,2025-10-13 10:00,0.738333,26,13,39,56,29,84,165,48,213,37,9,47,28.5,19.75,28.66,40.13,7.01,4.46,0.0,0.0,0.0
9000008823,2025-10-13 11:00,0.783889,23,15,38,63,42,105,128,38,166,17,12,28,30.0,11.54,32.31,41.54,11.54,3.08,0.0,0.0,0.0
9000008823,2025-10-13 12:00,0.772222,21,18,39,67,45,112,132,57,189,35,17,52,28.0,24.66,29.45,34.25,8.9,2.74,0.0,0.0,0.0
9000008823,2025-10-13 13:00,0.762778,17,24,41,56,47,104,111,85,196,49,13,62,29.5,16.67,26.67,43.33,11.33,0.67,1.33,0.0,0.0
9000008823,2025-10-13 14:00,0.767778,30,23,53,92,66,158,129,94,223,28,15,44,32.5,15.79,25.73,35.09,20.47,1.75,0.0,0.58,0.58
9000008823,2025-10-13 15:00,0.756944,20,17,37,89,89,178,100,92,192,28,20,48,29.0,19.31,34.48,34.48,10.34,1.38,0.0,0.69,0.0
9000008823,2025-10-13 16:00,0.659722,19,0,19,84,74,158,105,75,179,23,12,34,26.5,47.46,20.34,26.27,4.24,1.69,0.0,0.0,0.0
9000008823,2025-10-13 17:00,0.723611,15,11,26,115,112,227,109,41,150,26,22,48,24.0,49.54,25.69,21.1,2.75,0.92,0.0,0.0,0.0
9000008823,2025-10-13 18:00,0.16,0,6,6,112,156,269,138,100,238,38,0,38,27.5,13.16,44.74,34.21,5.26,2.63,0.0,0.0,0.0
9000008823,2025-10-14 08:00,0.606667,22,15,37,127,76,203,82,77,159,6,5,11,31.5,3.12,31.25,47.92,12.5,2.08,3.12,1.04,0.0
9000008823,2025-10-14 09:00,0.766944,17,9,26,95,27,123,140,36,176,30,5,35,29.0,20.0,36.3,32.59,6.67,2.96,0.0,0.0,1.48
9000008823,2025-10-14 10:00,0.771111,19,4,23,46,26,72,104,64,167,41,13,53,31.0,10.85,32.56,39.53,14.73,0.78,0.78,0.78,0.0
9000008823,2025-10-14 11:00,0.7725,4,9,13,48,26,74,106,77,184,26,6,32,31.5,10.56,25.35,44.37,18.31,0.7,0.7,0.0,0.0
9000008823,2025-10-14 12:00,0.770278,26,5,31,40,36,77,100,106,206,22,18,40,29.0,9.43,27.67,52.83,7.55,2.52,0.0,0.0,0.0
9000008823,2025-10-14 13:00,0.789722,24,6,30,34,49,83,82,77,159,20,13,33,32.5,7.94,26.98,43.65,18.25,3.17,0.0,0.0,0.0
9000008823,2025-10-14 14:00,0.771667,19,10,30,40,42,82,110,91,201,26,12,38,32.5,5.16,19.35,54.19,18.06,3.23,0.0,0.0,0.0
9000008823,2025-10-14 15:00,0.765833,13,12,25,51,62,113,79,81,160,36,25,61,30.0,27.05,21.31,36.89,10.66,3.28,0.82,0.0,0.0
9000008823,2025-10-14 16:00,0.76,21,9,30,67,67,134,125,67,191,26,4,30,24.5,18.49,48.63,27.4,4.79,0.68,0.0,0.0,0.0
9000008823,2025-10-14 17:00,0.553056,15,6,22,50,76,126,100,88,188,13,22,36,30.0,18.27,35.58,30.77,12.5,0.96,0.96,0.0,0.0
9000008823,2025-10-15 07:00,0.163333,12,4,16,49,8,57,152,25,177,25,12,37,29.5,3.45,20.69,68.97,10.34,0.0,0.0,0.0,0.0
9000008823,2025-10-15 08:00,0.779722,39,10,49,109,87,196,112,44,155,21,4,24,32.0,8.26,36.36,34.71,18.18,0.83,0.83,0.83,0.0
9000008823,2025-10-15 09:00,0.770556,44,8,52,97,35,132,131,29,160,42,6,48,28.5,23.58,34.15,30.89,8.13,2.44,0.81,0.0,0.0
9000008823,2025-10-15 10:00,0.765556,12,4,16,44,25,69,150,22,173,38,9,47,28.5,24.24,32.58,31.82,9.85,1.52,0.0,0.0,0.0
9000008823,2025-10-15 11:00,0.771111,14,6,21,41,27,69,114,64,178,30,8,38,34.0,13.87,26.28,33.58,18.98,4.38,2.92,0.0,0.0
9000008823,2025-10-15 12:00,0.754444,29,12,41,56,55,111,116,66,182,20,13,33,32.5,6.52,21.74,52.17,15.94,3.62,0.0,0.0,0.0
9000008823,2025-10-15 13:00,0.733611,22,16,38,43,56,98,88,67,156,15,5,20,33.0,16.67,22.81,35.96,22.81,1.75,0.0,0.0,0.0
9000008823,2025-10-15 14:00,0.76,16,14,30,59,70,129,128,104,232,20,16,36,34.0,7.95,24.43,44.89,18.75,2.27,0.57,0.0,1.14
9000008823,2025-10-15 15:00,0.716389,18,15,33,104,88,192,141,89,230,24,13,37,28.0,24.39,38.41,28.05,8.54,0.61,0.0,0.0,0.0
9000008823,2025-10-15 16:00,0.661389,19,6,25,100,92,192,83,60,144,40,30,70,27.5,38.95,22.11,32.63,5.26,1.05,0.0,0.0,0.0
9000008823,2025-10-15 17:00,0.725,10,7,17,114,125,239,108,84,193,25,10,35,29.5,15.0,35.0,35.71,12.14,0.71,0.0,0.0,0.0
9000008823,2025-10-15 18:00,0.178333,0,6,6,67,84,151,129,84,213,17,0,17,26.5,18.42,39.47,34.21,7.89,0.0,0.0,0.0,0.0
9000008823,2025-10-16 07:00,0.073611,25,0,25,241,33,274,105,25,130,40,0,40,34.0,10.0,20.0,10.0,50.0,0.0,10.0,0.0,0.0
9000008823,2025-10-16 08:00,0.6375,53,9,62,140,73,213,85,60,145,23,11,34,30.0,3.26,35.87,46.74,10.87,2.17,1.09,0.0,0.0
9000008823,2025-10-16 09:00,0.712222,25,14,39,77,33,110,132,41,173,32,8,41,31.5,8.94,28.46,44.72,10.57,5.69,0.0,0.0,0.81
9000008823,2025-10-16 10:00,0.762222,25,7,32,51,38,89,134,37,170,38,7,45,31.0,6.15,36.92,40.0,13.85,3.08,0.0,0.0,0.0
9000008823,2025-10-16 11:00,0.763056,8,8,15,50,31,81,129,46,174,38,7,44,30.0,9.02,35.34,40.6,11.28,2.26,1.5,0.0,0.0
9000008823,2025-10-16 12:00,0.730833,19,8,27,48,45,93,86,58,143,18,6,23,29.5,12.38,30.48,44.76,11.43,0.95,0.0,0.0,0.0
9000008823,2025-10-16 13:00,0.769722,12,10,22,52,49,101,125,70,195,30,18,48,30.0,12.0,32.67,40.67,12.67,2.0,0.0,0.0,0.0
9000008823,2025-10-16 14:00,0.748611,17,10,27,54,44,97,91,88,179,30,9,39,32.0,13.43,32.09,32.84,18.66,2.24,0.75,0.0,0.0
9000008823,2025-10-16 15:00,0.751944,13,8,21,70,103,172,98,82,180,29,21,50,29.0,37.78,22.22,28.89,9.63,1.48,0.0,0.0,0.74
9000008823,2025-10-16 16:00,0.762778,12,25,37,63,68,131,160,77,237,25,9,34,31.0,31.49,19.89,30.39,16.57,1.66,0.0,0.0,0.0
9000008823,2025-10-16 17:00,0.716667,19,25,44,95,90,185,107,67,174,29,7,36,29.5,13.6,23.2,49.6,12.0,0.8,0.8,0.0,0.0
9000008823,2025-10-17 07:00,0.171944,17,0,17,81,47,128,93,52,145,17,23,41,31.5,0.0,20.0,64.0,8.0,4.0,0.0,0.0,4.0
9000008823,2025-10-17 08:00,0.731111,14,5,19,82,67,149,56,31,87,19,6,25,29.0,10.94,37.5,39.06,10.94,1.56,0.0,0.0,0.0
9000008823,2025-10-17 09:00,0.641944,8,5,12,79,40,120,62,25,87,12,11,23,25.5,21.43,32.14,42.86,3.57,0.0,0.0,0.0,0.0
9000008823,2025-10-17 10:00,0.706111,4,6,10,54,39,93,76,34,110,6,1,7,33.5,10.26,23.08,37.18,21.79,5.13,1.28,1.28,0.0
9000008823,2025-10-17 11:00,0.706667,10,6,16,65,44,109,76,49,125,7,7,14,33.0,5.62,31.46,40.45,19.1,2.25,1.12,0.0,0.0
9000008823,2025-10-17 12:00,0.751667,8,3,11,54,56,110,97,76,173,24,11,34,29.5,3.85,33.85,49.23,10.77,0.77,0.77,0.0,0.77
9000008823,2025-10-17 13:00,0.734722,12,15,27,64,61,125,109,91,200,41,12,54,29.0,8.84,34.69,45.58,10.88,0.0,0.0,0.0,0.0
9000008823,2025-10-17 14:00,0.734167,10,15,25,83,59,142,126,89,214,21,15,36,29.5,21.66,28.03,36.94,10.83,1.91,0.64,0.0,0.0
9000008823,2025-10-17 15:00,0.750556,5,15,20,61,62,123,113,82,195,20,19,39,29.0,15.07,38.36,35.62,9.59,0.68,0.0,0.68,0.0
9000008823,2025-10-17 16:00,0.707778,15,12,27,95,95,190,111,91,203,15,14,30,28.5,22.38,39.16,27.27,9.79,1.4,0.0,0.0,0.0
9000008823,2025-10-17 17:00,0.759722,14,9,23,62,70,131,129,66,196,27,5,33,27.5,27.52,26.85,36.91,8.05,0.0,0.67,0.0,0.0
9000008823,2025-10-17 18:00,0.032778,0,31,31,183,183,366,92,153,244,31,0,31,29.5,0.0,37.5,50.0,12.5,0.0,0.0,0.0,0.0
9000008823,2025-10-18 07:00,0.281667,3,0,3,8,3,11,21,0,21,15,0,15,27.0,0.0,0.0,100.0,0.0,0.0,0.0,0.0,0.0
9000008823,2025-10-18 08:00,0.606667,4,0,4,39,4,42,26,6,31,3,3,5,34.0,0.0,15.79,57.89,15.79,10.53,0.0,0.0,0.0
9000008823,2025-10-18 09:00,0.788056,8,3,10,42,25,67,29,24,53,9,6,15,32.0,2.38,28.57,50.0,16.67,2.38,0.0,0.0,0.0
9000008823,2025-10-18 10:00,0.785278,10,6,17,51,33,84,60,37,97,11,8,19,33.5,0.0,21.05,53.95,22.37,1.32,1.32,0.0,0.0
9000008823,2025-10-18 11:00,0.775833,15,3,18,77,37,115,51,41,93,10,4,14,30.0,4.17,27.78,54.17,12.5,1.39,0.0,0.0,0.0
9000008823,2025-10-18 12:00,0.704167,13,14,27,97,53,150,98,55,153,18,6,24,30.0,9.26,26.85,49.07,11.11,3.7,0.0,0.0,0.0
9000008823,2025-10-18 13:00,0.773611,18,12,30,93,75,167,153,84,237,18,12,30,29.0,21.74,35.33,31.52,9.78,1.09,0.54,0.0,0.0
9000008823,2025-10-18 14:00,0.7475,28,10,39,94,71,165,157,68,225,25,13,39,27.5,26.19,32.74,33.33,6.55,0.6,0.6,0.0,0.0
9000008823,2025-10-18 15:00,0.740278,23,9,32,89,50,139,159,87,246,41,23,63,26.5,31.87,40.11,23.08,3.3,1.65,0.0,0.0,0.0
9000008823,2025-10-18 16:00,0.657222,16,15,31,79,63,142,135,54,189,26,12,38,23.0,50.0,28.23,18.55,3.23,0.0,0.0,0.0,0.0
9000008823,2025-10-18 17:00,0.751389,9,7,16,71,74,145,217,65,282,36,7,42,25.5,44.81,33.96,14.62,6.13,0.0,0.0,0.94,0.0
9000008823,2025-10-18 18:00,0.023611,0,42,42,0,169,169,169,127,296,42,0,42,30.0,14.29,0.0,71.43,14.29,0.0,0.0,0.0,0.0
9000008823,2025-10-19 07:00,0.24,3,0,3,3,0,3,17,15,32,0,0,0,29.5,0.0,12.5,87.5,12.5,0.0,0.0,0.0,0.0
9000008823,2025-10-19 08:00,0.7925,11,8,19,18,1,19,15,10,25,0,1,1,35.0,5.0,25.0,40.0,15.0,10.0,5.0,0.0,0.0
9000008823,2025-10-19 09:00,0.795,10,1,11,24,15,39,23,21,44,5,0,5,32.0,2.86,31.43,48.57,11.43,5.71,0.0,0.0,0.0
9000008823,2025-10-19 10:00,0.795833,18,5,23,49,23,72,46,31,78,6,2,9,32.5,4.84,35.48,38.71,17.74,1.61,1.61,0.0,0.0
9000008823,2025-10-19 11:00,0.785,24,14,38,64,29,93,57,37,94,4,3,6,28.5,12.16,39.19,40.54,8.11,0.0,0.0,0.0,0.0
9000008823,2025-10-19 12:00,0.786944,15,25,40,74,42,116,82,36,117,13,4,17,27.5,4.35,30.43,61.96,3.26,0.0,0.0,0.0,0.0
9000008823,2025-10-19 13:00,0.788889,45,27,71,104,51,154,91,40,132,11,1,13,31.0,3.85,36.54,42.31,15.38,1.92,0.0,0.0,0.0
9000008823,2025-10-19 14:00,0.780278,38,19,58,90,76,166,97,56,153,14,9,23,29.5,14.17,30.0,41.67,9.17,3.33,0.83,0.0,0.83
9000008823,2025-10-19 15:00,0.787222,29,14,43,99,73,172,119,36,155,17,1,18,28.0,8.2,36.07,48.36,5.74,0.82,0.82,0.0,0.0
9000008823,2025-10-19 16:00,0.710556,12,9,22,74,63,137,120,54,174,17,7,24,29.5,12.9,35.48,38.71,10.48,2.42,0.0,0.0,0.81
9000008823,2025-10-19 17:00,0.775278,5,4,9,66,86,152,130,48,178,18,3,21,27.5,19.57,30.43,41.3,7.97,0.72,0.0,0.0,0.0
9000008823,2025-10-19 18:00,0.0475,0,21,21,105,42,147,21,105,126,0,0,0,80.5,0.0,0.0,33.33,50.0,0.0,0.0,0.0,16.67
9000008823,2025-10-20 07:00,0.079444,8,16,25,43,27,70,41,35,76,0,0,0,29.5,0.0,33.33,66.67,16.67,0.0,0.0,0.0,0.0
9000008823,2025-10-20 08:00,0.728333,6,0,6,117,40,157,88,27,115,10,6,16,29.0,7.14,39.29,42.86,10.71,1.19,0.0,0.0,0.0
9000008823,2025-10-20 09:00,0.790556,11,6,18,94,33,127,128,38,166,45,10,55,29.0,9.16,38.17,41.98,9.16,1.53,0.0,0.0,0.0
9000008823,2025-10-20 10:00,0.787222,8,6,14,60,42,102,154,32,185,35,11,47,28.0,20.55,34.25,36.99,6.85,0.68,0.68,0.0,0.0
9000008823,2025-10-20 11:00,0.790833,11,3,14,56,46,101,95,56,151,30,14,44,30.0,7.56,26.89,50.42,14.29,0.84,0.0,0.0,0.0
9000008823,2025-10-20 12:00,0.771111,14,9,23,52,40,92,109,39,148,36,12,48,31.0,10.53,21.93,49.12,16.67,0.0,0.88,0.88,0.0
9000008823,2025-10-20 13:00,0.79,20,19,39,43,39,82,148,49,197,47,20,67,28.0,24.36,28.85,37.82,7.69,0.64,0.64,0.0,0.0
9000008823,2025-10-20 14:00,0.785278,30,15,46,41,66,107,146,47,193,49,21,70,26.0,28.48,35.1,31.13,4.64,0.66,0.0,0.0,0.0
9000008823,2025-10-20 15:00,0.771111,13,10,23,74,69,144,131,43,174,30,14,44,26.0,22.39,39.55,29.85,6.72,0.75,0.75,0.0,0.0
9000008823,2025-10-20 16:00,0.776389,9,9,18,56,57,113,115,41,156,39,14,53,26.0,45.45,27.27,19.01,7.44,0.83,0.83,0.0,0.0
9000008823,2025-10-20 17:00,0.762778,10,7,17,56,72,128,108,34,142,36,4,40,24.5,50.46,19.27,21.1,5.5,2.75,0.0,0.0,0.0
9000008823,2025-10-21 07:00,0.078056,0,0,0,102,0,102,26,38,64,0,0,0,31.5,0.0,0.0,80.0,20.0,0.0,0.0,0.0,0.0
9000008823,2025-10-21 08:00,0.376667,20,6,26,104,56,159,98,24,122,12,0,12,29.0,13.04,23.91,47.83,8.7,2.17,0.0,0.0,0.0
9000008823,2025-10-21 09:00,0.701667,18,4,22,88,64,152,121,34,154,16,4,20,31.0,16.67,22.22,43.52,12.96,1.85,1.85,0.0,0.93
9000008823,2025-10-21 10:00,0.781111,19,10,29,56,25,81,137,36,173,27,3,29,27.5,20.0,40.0,31.11,7.41,1.48,0.0,0.0,0.0
9000008823,2025-10-21 11:00,0.776944,12,8,19,44,40,84,122,41,164,20,6,27,30.0,7.87,33.07,44.09,11.02,3.94,0.0,0.0,0.0
9000008823,2025-10-21 12:00,0.734444,11,12,23,65,36,102,127,49,176,27,3,30,29.0,26.92,31.54,27.69,10.0,3.08,0.0,0.0,0.0
9000008823,2025-10-21 13:00,0.715556,11,13,24,59,60,119,139,61,200,19,4,24,31.5,16.08,27.27,37.76,15.38,2.8,0.7,0.0,0.0
9000008823,2025-10-21 14:00,0.721667,11,4,15,58,61,119,147,46,193,23,21,44,27.0,30.94,28.78,34.53,5.76,0.0,0.0,0.0,0.0
9000008823,2025-10-21 15:00,0.729444,7,3,10,63,40,103,71,58,129,30,14,44,27.0,48.94,20.21,24.47,6.38,0.0,0.0,0.0,0.0
9000008823,2025-10-21 16:00,0.728611,10,4,14,53,66,119,136,56,192,26,15,41,27.0,37.14,22.86,33.57,5.71,0.71,0.0,0.0,0.0
9000008823,2025-10-21 17:00,0.553333,4,8,12,24,55,80,173,24,198,60,4,64,24.0,21.82,6.36,69.09,3.64,0.0,0.0,0.0,0.0
9000008823,2025-10-22 07:00,0.046111,22,0,22,0,43,43,65,0,65,0,0,0,29.0,0.0,0.0,100.0,0.0,0.0,0.0,0.0,0.0
9000008823,2025-10-22 08:00,0.534167,25,7,33,105,54,159,94,44,138,6,3,9,30.0,13.51,28.38,41.89,8.11,4.05,0.0,0.0,2.7
9000008823,2025-10-22 09:00,0.772222,32,3,35,67,56,122,111,40,151,24,4,28,28.0,11.97,34.19,47.01,6.84,0.0,0.0,0.0,0.0
9000008823,2025-10-22 10:00,0.786111,13,4,17,42,27,69,111,51,162,22,6,28,32.5,7.87,31.5,40.94,15.75,2.36,1.57,0.0,0.0
9000008823,2025-10-22 11:00,0.770833,19,4,23,35,51,86,107,40,146,35,5,40,29.5,15.93,24.78,46.02,13.27,0.0,0.0,0.0,0.0
9000008823,2025-10-22 12:00,0.781389,24,10,35,38,39,77,103,51,154,31,12,42,32.5,8.33,23.33,48.33,15.0,4.17,0.83,0.0,0.0
9000008823,2025-10-22 13:00,0.777222,23,12,35,36,30,66,138,48,185,35,13,48,30.0,14.58,32.64,37.5,13.89,1.39,0.0,0.0,0.0
9000008823,2025-10-22 14:00,0.780556,23,9,32,62,64,125,138,44,182,47,9,56,30.5,25.35,27.46,31.69,13.38,2.11,0.0,0.0,0.0
9000008823,2025-10-22 15:00,0.768056,17,7,23,48,60,108,96,43,139,64,17,81,21.5,63.55,17.76,14.95,0.93,1.87,0.0,0.93,0.0
9000008823,2025-10-22 16:00,0.752222,16,20,36,65,72,136,131,49,179,35,9,45,27.0,42.96,27.41,21.48,5.93,1.48,0.0,0.74,0.0
9000008823,2025-10-22 17:00,0.6125,7,16,23,47,80,126,102,43,146,28,8,36,32.5,17.98,25.84,37.08,13.48,5.62,0.0,0.0,0.0
9000008823,2025-10-23 08:00,0.464722,21,6,26,90,59,149,89,31,120,27,0,27,37.5,23.21,23.21,32.14,8.93,1.79,1.79,0.0,8.93
9000008823,2025-10-23 09:00,0.781111,35,8,42,89,29,119,127,40,167,21,6,27,33.5,6.92,29.23,40.77,19.23,2.31,1.54,0.0,0.0
9000008823,2025-10-23 10:00,0.774167,23,5,28,66,27,93,123,39,161,39,9,48,29.0,6.4,41.6,40.8,9.6,0.8,0.8,0.0,0.0
9000008823,2025-10-23 11:00,0.778333,17,9,26,48,31,78,139,27,166,26,6,32,28.5,20.0,32.31,35.38,10.77,0.77,0.0,0.0,0.0
9000008823,2025-10-23 12:00,0.774722,8,8,16,45,35,80,105,36,141,65,10,75,31.5,18.35,33.94,28.44,18.35,0.0,0.92,0.0,0.0
9000008823,2025-10-23 13:00,0.769167,5,6,12,30,30,60,154,44,199,38,8,45,28.5,28.1,22.22,38.56,9.15,0.65,0.0,1.31,0.0
9000008823,2025-10-23 14:00,0.764444,8,9,17,46,21,67,119,22,141,62,13,75,24.0,52.78,24.07,15.74,5.56,1.85,0.0,0.0,0.0
9000008823,2025-10-23 15:00,0.773056,6,4,10,23,32,56,87,24,111,77,28,105,24.5,47.67,19.77,26.74,5.81,0.0,0.0,0.0,0.0
9000008823,2025-10-23 16:00,0.771944,5,3,8,39,33,72,113,28,141,56,12,67,22.5,51.38,28.44,14.68,4.59,0.92,0.0,0.0,0.0
9000008823,2025-10-23 17:00,0.363611,6,8,14,23,28,51,121,30,151,42,17,59,13.0,74.55,16.36,5.45,0.0,0.0,1.82,0.0,0.0
9000008823,2025-10-24 08:00,0.649167,7,3,10,70,28,98,78,39,117,18,1,20,31.0,14.47,28.95,39.47,14.47,0.0,1.32,1.32,0.0
9000008823,2025-10-24 09:00,0.766389,12,5,17,65,30,95,91,42,132,13,7,19,31.5,7.92,28.71,44.55,15.84,1.98,0.0,0.0,0.99
9000008823,2025-10-24 10:00,0.775,8,0,8,45,43,88,101,35,136,17,15,32,30.0,8.57,34.29,41.9,14.29,0.0,0.0,0.0,0.95
9000008823,2025-10-24 11:00,0.765556,12,3,14,45,32,76,109,63,171,18,12,30,31.0,3.82,31.3,47.33,13.74,1.53,1.53,0.0,0.76
9000008823,2025-10-24 12:00,0.734444,4,4,8,40,40,79,109,53,161,44,15,59,32.5,16.95,27.12,36.44,17.8,1.69,0.85,0.0,0.0
9000008823,2025-10-24 13:00,0.728056,8,7,15,41,47,88,122,83,205,33,9,43,27.0,26.85,31.54,31.54,9.4,0.67,0.0,0.0,0.0
9000008823,2025-10-24 14:00,0.733333,5,6,11,27,39,67,150,85,235,48,18,65,24.0,47.09,29.07,19.77,3.49,0.58,0.0,0.0,0.58
9000008823,2025-10-24 15:00,0.743889,13,7,20,36,48,84,87,50,136,34,23,57,23.5,40.59,36.63,17.82,5.94,0.0,0.0,0.0,0.0
9000008823,2025-10-24 16:00,0.740278,13,8,21,59,56,115,112,35,147,31,11,42,23.0,25.69,49.54,20.18,2.75,0.92,0.0,0.92,0.92
9000008823,2025-10-24 17:00,0.513056,3,0,3,45,42,87,135,47,182,18,14,32,14.5,68.82,22.58,6.45,1.08,0.0,0.0,0.0,0.0
9000008823,2025-10-25 07:00,0.041111,0,0,0,24,0,24,49,0,49,0,0,0,33.5,0.0,0.0,50.0,50.0,0.0,0.0,0.0,0.0
9000008823,2025-10-25 08:00,0.798333,2,0,2,22,8,30,28,13,40,2,1,4,37.0,3.12,18.75,46.88,21.88,9.38,0.0,0.0,0.0
9000008823,2025-10-25 09:00,0.781944,4,3,6,47,20,68,40,38,78,8,4,12,31.5,3.28,26.23,54.1,11.48,4.92,0.0,0.0,0.0
9000008823,2025-10-25 10:00,0.790556,11,8,19,47,24,71,49,35,85,4,8,11,33.0,8.96,13.43,55.22,19.4,2.99,0.0,0.0,0.0
9000008823,2025-10-25 11:00,0.756389,8,1,9,58,44,101,99,49,148,12,3,14,31.0,9.82,33.04,39.29,13.39,3.57,0.0,0.0,0.0
9000008823,2025-10-25 12:00,0.733056,9,5,14,82,46,128,96,51,147,19,6,25,29.5,10.19,25.93,50.0,10.19,2.78,0.0,0.0,0.0
9000008823,2025-10-25 13:00,0.741944,15,12,27,81,69,149,109,41,150,20,11,31,28.0,26.13,38.74,24.32,9.01,0.9,0.9,0.0,0.0
9000008823,2025-10-25 14:00,0.764167,4,7,10,46,52,98,158,60,218,38,9,47,28.0,23.95,34.73,31.14,7.78,0.6,1.8,0.0,0.0
9000008823,2025-10-25 15:00,0.756944,8,8,16,32,26,58,183,38,221,43,4,48,22.5,50.9,28.14,15.57,4.19,1.2,0.0,0.0,0.0
9000008823,2025-10-25 16:00,0.736667,5,9,15,36,61,97,135,54,189,40,8,48,24.5,35.97,31.65,29.5,2.88,0.0,0.0,0.0,0.0
9000008823,2025-10-25 17:00,0.612778,3,7,9,36,78,114,173,37,210,23,14,38,27.0,30.23,34.88,24.81,8.53,1.55,0.0,0.0,0.0
9000008823,2025-10-26 06:00,0.045556,0,0,0,22,0,22,22,0,22,0,0,0,29.0,0.0,0.0,100.0,0.0,0.0,0.0,0.0,0.0
9000008823,2025-10-26 07:00,0.686389,1,4,5,13,3,15,11,9,20,0,0,0,31.5,0.0,28.57,50.0,21.43,0.0,0.0,0.0,0.0
9000008823,2025-10-26 08:00,0.790833,5,1,6,20,16,37,22,15,37,5,4,9,36.0,10.34,20.69,44.83,17.24,6.9,0.0,0.0,0.0
9000008823,2025-10-26 09:00,0.784167,3,4,6,51,18,69,26,28,55,9,4,13,29.0,0.0,39.53,48.84,6.98,2.33,0.0,0.0,2.33
9000008823,2025-10-26 10:00,0.699167,10,4,14,43,39,82,36,41,76,4,0,4,27.5,9.43,39.62,47.17,5.66,0.0,0.0,0.0,0.0
9000008823,2025-10-26 11:00,0.765,8,4,12,25,44,69,81,24,105,18,1,20,32.0,3.75,31.25,47.5,13.75,2.5,1.25,0.0,0.0
9000008823,2025-10-26 12:00,0.758611,16,3,19,18,25,43,73,47,120,9,4,13,29.0,7.69,38.46,43.96,10.99,0.0,0.0,0.0,0.0
9000008823,2025-10-26 13:00,0.7825,14,8,22,19,22,41,88,70,158,15,6,22,33.0,6.45,24.19,47.58,20.97,0.0,0.81,0.0,0.0
9000008823,2025-10-26 14:00,0.792222,13,4,16,16,10,26,70,70,139,10,5,15,33.0,7.27,23.64,49.09,16.36,3.64,0.0,0.0,0.0
9000008823,2025-10-26 15:00,0.776667,16,8,23,22,18,40,77,48,125,17,5,22,27.5,9.28,40.21,47.42,3.09,0.0,0.0,0.0,0.0
9000008823,2025-10-26 16:00,0.25,12,16,29,25,24,49,98,72,170,8,0,8,29.5,4.76,30.95,52.38,11.9,0.0,0.0,0.0,0.0
9000008823,2025-10-27 07:00,0.401667,17,2,19,16,12,29,87,12,100,21,4,25,32.0,5.0,37.5,37.5,20.0,0.0,0.0,0.0,0.0
9000008823,2025-10-27 08:00,0.751667,28,8,35,46,27,73,110,37,147,21,3,24,31.5,6.31,32.43,42.34,15.32,3.6,0.0,0.0,0.0
9000008823,2025-10-27 09:00,0.783333,15,4,19,29,32,61,120,32,152,37,15,52,30.0,14.29,33.61,36.97,10.92,3.36,0.0,0.0,0.84
9000008823,2025-10-27 10:00,0.788333,17,10,27,20,25,46,113,37,150,18,11,29,32.5,15.25,23.73,38.98,19.49,2.54,0.0,0.0,0.0
9000008823,2025-10-27 11:00,0.788056,11,8,19,27,29,56,140,53,193,38,15,53,30.0,11.84,30.92,42.11,10.53,3.95,0.0,0.66,0.0
9000008823,2025-10-27 12:00,0.77,9,4,13,30,35,65,117,52,169,44,17,61,30.0,15.38,27.69,41.54,14.62,0.77,0.0,0.0,0.0
9000008823,2025-10-27 13:00,0.707778,7,6,13,57,37,94,103,49,151,30,9,38,30.5,20.56,20.56,42.99,14.02,1.87,0.0,0.0,0.0
9000008823,2025-10-27 14:00,0.756389,9,11,20,34,49,83,137,63,200,41,18,59,30.5,17.76,30.92,34.87,12.5,1.32,1.32,0.0,0.66
9000008823,2025-10-27 15:00,0.759722,13,7,20,45,30,76,132,52,184,29,13,42,29.5,27.86,30.71,27.86,12.86,0.0,0.71,0.0,0.0
9000008823,2025-10-27 16:00,0.522778,6,3,9,32,28,60,69,23,92,31,8,40,29.0,25.0,33.33,29.17,10.42,2.08,0.0,0.0,0.0
9000008823,2025-10-28 06:00,0.049444,20,0,20,40,0,40,20,20,40,0,20,20,33.5,0.0,0.0,50.0,50.0,0.0,0.0,0.0,0.0
9000008823,2025-10-28 07:00,0.731389,2,4,6,45,18,63,77,18,95,16,3,19,33.0,5.8,27.54,44.93,20.29,1.45,1.45,0.0,0.0
9000008823,2025-10-28 08:00,0.774722,13,1,14,104,43,147,102,29,131,26,9,35,32.0,8.82,29.41,43.14,12.75,3.92,1.96,0.0,0.0
9000008823,2025-10-28 09:00,0.786667,13,6,19,77,36,113,156,24,180,54,8,61,27.0,33.1,30.28,28.17,8.45,0.0,0.0,0.0,0.0
9000008823,2025-10-28 10:00,0.785556,10,6,17,43,31,74,141,30,172,50,14,64,29.0,12.59,38.52,37.78,7.41,2.96,0.74,0.0,0.0
9000008823,2025-10-28 11:00,0.771667,18,13,31,28,23,52,114,47,161,44,17,61,31.5,12.9,29.03,39.52,15.32,3.23,0.0,0.0,0.0
9000008823,2025-10-28 12:00,0.783611,9,9,18,37,32,69,117,63,180,52,10,63,30.0,21.28,31.91,31.91,12.77,1.42,0.71,0.0,0.0
9000008823,2025-10-28 13:00,0.776389,8,8,16,24,24,49,117,50,167,41,5,46,31.0,22.31,23.08,36.92,16.92,0.77,0.0,0.0,0.0
9000008823,2025-10-28 14:00,0.762778,1,3,4,18,27,46,132,51,183,34,15,49,30.0,14.29,34.29,37.14,14.29,0.71,0.0,0.0,0.0
9000008823,2025-10-28 15:00,0.753333,17,10,27,49,40,88,119,58,177,27,7,34,28.0,20.3,31.58,41.35,6.77,0.0,0.0,0.0,0.75
9000008823,2025-10-28 16:00,0.481389,7,3,10,23,35,58,99,32,131,48,7,55,23.5,53.97,23.81,17.46,6.35,0.0,0.0,0.0,0.0
9000008823,2025-10-29 07:00,0.483611,13,7,21,42,21,64,59,18,78,21,3,25,29.5,5.41,37.84,48.65,13.51,0.0,0.0,0.0,0.0
9000008823,2025-10-29 08:00,0.7175,50,16,66,123,57,180,87,32,119,17,7,24,31.5,2.35,30.59,47.06,14.12,4.71,0.0,0.0,0.0
9000008823,2025-10-29 09:00,0.782222,52,13,65,102,36,138,108,42,150,27,10,37,28.5,18.8,36.75,33.33,9.4,1.71,0.0,0.0,0.0
9000008823,2025-10-29 10:00,0.771389,25,12,36,65,35,100,100,44,145,22,9,31,29.5,12.61,37.84,36.94,9.01,0.9,0.9,0.9,0.9
9000008823,2025-10-29 11:00,0.739722,39,4,43,70,35,105,103,32,135,30,10,41,28.0,11.0,33.0,49.0,7.0,0.0,0.0,0.0,0.0
9000008823,2025-10-29 12:00,0.748889,44,12,56,63,53,116,96,58,153,32,16,48,32.5,12.17,26.96,40.87,13.91,1.74,1.74,0.87,0.87
9000008823,2025-10-29 13:00,0.736667,25,32,58,59,67,126,143,95,239,41,12,53,29.5,16.48,27.27,42.61,13.07,0.0,0.57,0.0,0.0
9000008823,2025-10-29 14:00,0.748056,28,13,41,58,55,113,130,62,192,26,13,40,30.0,22.22,27.78,34.72,13.19,0.0,1.39,0.0,0.0
9000008823,2025-10-29 15:00,0.771944,25,23,48,84,74,158,110,54,164,33,15,49,24.0,48.82,32.28,11.81,5.51,1.57,0.0,0.0,0.0
9000008823,2025-10-29 16:00,0.4375,31,14,45,86,42,129,116,48,164,12,10,23,30.5,18.06,33.33,31.94,12.5,4.17,1.39,0.0,0.0
9000008823,2025-10-30 07:00,0.079444,38,0,38,38,25,63,50,50,101,0,0,0,32.0,0.0,0.0,75.0,25.0,0.0,0.0,0.0,0.0
9000008823,2025-10-30 08:00,0.620833,27,3,30,75,31,106,109,33,142,6,5,11,29.5,2.27,26.14,59.09,9.09,3.41,0.0,0.0,0.0
9000008823,2025-10-30 09:00,0.742778,27,8,34,60,43,103,145,27,172,47,9,56,28.0,21.09,46.09,21.09,9.38,1.56,0.0,0.0,0.78
9000008823,2025-10-30 10:00,0.6825,18,6,24,35,37,72,125,48,173,56,9,65,29.0,20.34,33.9,34.75,9.32,0.85,0.0,0.0,0.0
9000008823,2025-10-30 11:00,0.71,18,4,23,58,31,89,149,68,217,27,11,38,29.0,16.88,34.42,35.71,9.74,3.25,0.0,0.0,0.0
9000008823,2025-10-30 12:00,0.713333,10,3,12,36,34,70,101,60,160,50,14,64,29.0,23.68,31.58,34.21,8.77,0.88,0.88,0.88,0.88
9000008823,2025-10-30 13:00,0.71,26,7,34,39,30,69,174,38,212,39,15,54,27.0,25.17,35.1,31.79,6.62,0.66,1.32,0.0,0.0
9000008823,2025-10-30 14:00,0.7025,17,16,33,52,39,91,142,58,200,26,9,34,27.0,28.57,35.71,29.29,5.71,0.71,0.0,0.0,0.0
9000008823,2025-10-30 15:00,0.725278,23,24,46,41,44,85,110,39,149,41,25,66,27.0,42.59,25.93,22.22,9.26,0.0,0.0,0.0,0.0
9000008823,2025-10-30 16:00,0.478056,21,21,42,40,50,90,128,64,192,54,7,61,24.0,51.09,26.09,15.22,7.61,1.09,0.0,0.0,0.0
9000008823,2025-10-31 06:00,0.016111,0,0,0,0,0,0,0,0,0,0,0,0,,0.0,0.0,0.0,0.0,0.0,0.0,0.0,0.0
9000008823,2025-10-31 07:00,0.598333,16,0,16,52,21,73,42,19,61,8,6,14,30.5,2.78,36.11,44.44,11.11,5.56,0.0,0.0,0.0
9000008823,2025-10-31 08:00,0.788333,23,12,34,82,45,126,75,36,110,6,8,14,29.5,5.75,40.23,40.23,11.49,2.3,0.0,0.0,0.0
9000008823,2025-10-31 09:00,0.782778,39,9,48,82,54,136,91,55,146,25,9,34,28.5,10.53,33.33,48.25,7.89,0.0,0.0,0.0,0.0
9000008823,2025-10-31 10:00,0.796944,35,14,49,68,25,93,113,58,170,22,11,33,32.0,6.62,38.24,36.03,16.18,2.21,0.74,0.0,0.0
9000008823,2025-10-31 11:00,0.773611,40,22,62,71,37,109,139,62,201,38,9,47,29.0,19.23,30.77,39.74,8.33,1.28,0.64,0.0,0.0
9000008823,2025-10-31 12:00,0.768889,38,20,57,49,48,97,151,34,184,66,25,91,26.0,47.89,22.54,20.42,7.75,1.41,0.7,0.0,0.0
9000008823,2025-10-31 13:00,0.753889,29,30,59,29,46,75,150,69,218,60,32,91,18.0,59.39,30.3,8.48,0.0,1.21,0.61,0.0,0.0
9000008823,2025-10-31 14:00,0.765833,27,22,50,22,64,86,84,60,144,68,35,103,22.0,69.09,12.73,14.55,4.55,0.0,0.0,0.0,0.0
9000008823,2025-10-31 15:00,0.767222,21,20,41,39,60,99,68,31,100,86,21,107,20.0,55.84,29.87,10.39,3.9,0.0,0.0,0.0,0.0
9000008823,2025-10-31 16:00,0.393611,32,12,44,25,83,108,89,35,124,30,2,32,20.5,69.39,16.33,14.29,2.04,0.0,0.0,0.0,0.0
9000008823,2025-11-01 07:00,0.573333,9,6,15,14,9,23,15,16,31,4,2,5,29.5,16.67,16.67,55.56,5.56,0.0,5.56,0.0,0.0
9000008823,2025-11-01 08:00,0.793056,16,8,24,39,11,51,24,16,41,8,3,10,35.0,0.0,15.62,46.88,34.38,3.12,0.0,0.0,0.0
9000008823,2025-11-01 09:00,0.793889,19,4,23,37,31,68,43,31,74,15,6,21,30.0,8.47,16.95,59.32,13.56,1.69,0.0,0.0,0.0
9000008823,2025-11-01 10:00,0.788333,31,13,43,70,38,108,77,53,130,15,4,19,30.0,5.83,39.81,38.83,13.59,1.94,0.0,0.0,0.0
9000008823,2025-11-01 11:00,0.764444,44,21,65,55,47,102,102,68,170,22,8,30,30.5,6.92,31.54,45.38,14.62,1.54,0.0,0.0,0.0
9000008823,2025-11-01 12:00,0.759444,34,28,62,77,43,121,111,63,174,18,13,32,27.0,18.18,40.15,35.61,6.06,0.76,0.0,0.0,0.0
9000008823,2025-11-01 13:00,0.776944,44,47,90,100,73,174,151,90,240,27,17,44,29.0,22.99,25.13,40.64,11.76,0.0,0.0,0.0,0.0
9000008823,2025-11-01 14:00,0.781389,31,23,54,72,59,131,146,50,196,58,9,67,22.0,43.79,37.91,13.07,1.96,2.61,0.65,0.0,0.0
9000008823,2025-11-01 15:00,0.763056,26,18,44,56,52,108,154,35,189,43,16,59,24.0,40.28,34.72,19.44,2.78,1.39,1.39,0.0,0.0
9000008823,2025-11-01 16:00,0.061667,32,0,32,114,162,276,211,49,259,16,0,16,26.5,6.25,43.75,43.75,0.0,0.0,6.25,0.0,0.0
9000008823,2025-11-02 07:00,0.382778,4,7,11,4,0,4,3,8,12,2,7,9,30.0,0.0,0.0,100.0,25.0,0.0,0.0,0.0,0.0
9000008823,2025-11-02 08:00,0.790556,11,1,13,11,6,18,14,9,23,3,0,3,34.0,0.0,22.22,44.44,27.78,0.0,5.56,0.0,0.0
9000008823,2025-11-02 09:00,0.794444,14,3,16,19,14,33,28,19,47,4,3,6,33.0,10.81,18.92,45.95,18.92,5.41,0.0,0.0,0.0
9000008823,2025-11-02 10:00,0.791111,25,8,33,43,19,62,33,24,57,3,6,9,28.5,6.67,37.78,48.89,6.67,0.0,0.0,0.0,0.0
9000008823,2025-11-02 11:00,0.778611,44,11,55,47,31,78,49,29,78,12,5,17,29.0,3.28,16.39,72.13,6.56,1.64,0.0,0.0,0.0
9000008823,2025-11-02 12:00,0.780833,20,19,40,49,39,87,45,37,82,8,3,10,31.0,6.25,20.31,56.25,17.19,0.0,0.0,0.0,0.0
9000008823,2025-11-02 13:00,0.781944,33,27,60,72,46,118,85,50,135,9,10,19,32.0,14.29,24.76,42.86,16.19,1.9,0.95,0.0,0.0
9000008823,2025-11-02 14:00,0.784444,38,20,59,66,52,119,71,41,112,6,3,9,32.0,6.82,25.0,50.0,15.91,2.27,0.0,0.0,0.0
9000008823,2025-11-02 15:00,0.78,26,17,43,90,68,158,88,40,127,8,3,10,28.0,16.16,29.29,43.43,10.1,1.01,0.0,0.0,0.0
9000008823,2025-11-02 16:00,0.406389,5,3,9,70,43,114,56,58,114,7,0,7,31.5,2.17,17.39,63.04,19.57,2.17,0.0,0.0,0.0
9000008823,2025-11-03 07:00,0.429722,26,5,31,76,40,117,123,28,151,19,16,35,30.5,7.69,21.54,53.85,9.23,7.69,0.0,0.0,0.0
9000008823,2025-11-03 08:00,0.774167,32,10,43,147,61,208,125,43,168,26,12,37,32.0,22.31,27.69,30.77,16.15,2.31,0.77,0.0,0.0
9000008823,2025-11-03 09:00,0.7625,32,9,41,53,54,107,169,24,193,50,5,55,26.0,27.89,37.41,27.89,4.76,0.68,0.68,0.68,0.0
9000008823,2025-11-03 10:00,0.776111,13,9,22,32,28,60,164,62,225,55,8,63,25.5,40.0,32.57,21.71,5.14,1.14,0.0,0.0,0.0
9000008823,2025-11-03 11:00,0.726667,12,1,14,56,34,89,149,59,209,36,10,46,29.0,14.47,36.84,36.84,9.21,2.63,0.0,0.0,0.0
9000008823,2025-11-03 12:00,0.708056,11,14,25,46,44,89,152,52,203,43,14,57,28.0,17.36,32.64,39.58,7.64,1.39,0.0,0.69,0.69
9000008823,2025-11-03 13:00,0.732222,21,15,36,45,47,93,136,64,200,31,8,39,27.5,17.01,36.73,38.1,6.8,1.36,0.0,0.0,0.0
9000008823,2025-11-03 14:00,0.755556,33,27,60,53,70,123,142,102,245,28,24,52,29.0,8.65,37.84,41.08,9.19,1.62,1.08,0.54,0.0
9000008823,2025-11-03 15:00,0.723333,32,30,62,64,67,132,102,45,147,45,10,55,24.0,48.11,29.25,18.87,4.72,0.0,0.0,0.0,0.0
9000008823,2025-11-03 16:00,0.334444,28,19,47,88,96,184,118,57,176,38,17,54,25.0,27.12,44.07,16.95,5.08,1.69,0.0,1.69,0.0
9000008823,2025-11-04 07:00,0.558611,12,3,15,82,37,118,110,31,141,33,0,33,30.0,11.39,27.85,45.57,13.92,2.53,0.0,0.0,0.0
9000008823,2025-11-04 08:00,0.780833,22,9,31,155,56,212,132,27,159,36,5,41,28.5,16.13,42.74,29.84,8.87,0.81,0.81,0.81,0.0
9000008823,2025-11-04 09:00,0.772222,16,6,22,67,40,107,194,40,234,69,4,73,24.5,44.2,31.49,16.57,4.42,2.76,0.0,0.55,0.0
9000008823,2025-11-04 10:00,0.775278,13,5,18,45,26,71,148,25,172,65,4,69,19.5,63.16,23.31,11.28,3.01,0.0,0.0,0.0,0.0
9000008823,2025-11-04 11:00,0.751667,24,8,32,55,29,85,126,25,152,53,19,71,27.0,28.07,41.23,23.68,5.26,1.75,0.0,0.0,0.0
9000008823,2025-11-04 12:00,0.786111,8,10,18,65,51,116,142,59,200,33,14,47,28.0,15.82,37.34,39.24,6.96,0.63,0.0,0.0,0.0
9000008823,2025-11-04 13:00,0.7775,28,19,47,64,82,146,136,73,209,48,12,59,31.0,29.45,25.77,27.61,14.72,2.45,0.0,0.0,0.0
9000008823,2025-11-04 14:00,0.778611,35,19,54,86,57,143,108,95,203,37,25,62,27.0,13.92,37.34,41.77,5.06,0.0,0.63,1.27,0.0
9000008823,2025-11-04 15:00,0.764444,17,34,51,74,88,162,92,65,157,43,21,64,24.5,49.17,23.33,24.17,1.67,0.83,0.83,0.0,0.83
9000008823,2025-11-04 16:00,0.366389,8,3,11,19,74,93,139,36,175,55,11,66,14.0,81.25,6.25,4.69,3.12,1.56,1.56,1.56,0.0
9000008823,2025-11-05 07:00,0.491389,3,0,3,91,42,134,125,22,147,23,0,23,34.5,5.56,20.83,45.83,23.61,2.78,4.17,0.0,0.0
9000008823,2025-11-05 08:00,0.775556,10,10,21,108,65,173,137,44,181,49,9,58,27.5,37.86,32.14,21.43,5.71,2.14,0.71,0.71,0.0
9000008823,2025-11-05 09:00,0.776111,27,8,35,116,63,179,141,36,177,53,12,65,27.0,35.77,32.12,23.36,6.57,1.46,0.73,0.0,0.0
9000008823,2025-11-05 10:00,0.790556,25,10,35,33,34,67,150,35,186,41,13,53,28.0,14.29,40.14,36.73,7.48,0.68,0.0,0.68,0.0
9000008823,2025-11-05 11:00,0.791667,34,15,50,81,46,126,132,46,178,34,13,46,29.0,21.28,34.04,32.62,8.51,2.84,0.0,0.0,0.71
9000008823,2025-11-05 12:00,0.784444,42,24,67,88,46,134,143,50,193,27,19,46,30.5,9.93,33.11,41.06,14.57,0.66,0.0,0.0,0.66
9000008823,2025-11-05 13:00,0.781944,29,24,54,88,69,157,132,68,200,26,22,47,28.5,11.54,41.03,37.82,8.33,1.28,0.0,0.0,0.0
9000008823,2025-11-05 14:00,0.785,32,24,56,82,71,153,132,70,202,20,22,42,28.5,15.72,32.7,41.51,8.18,1.26,0.0,0.0,0.0
9000008823,2025-11-05 15:00,0.77,30,18,48,65,85,150,112,57,169,45,21,66,24.5,53.08,21.54,19.23,3.85,2.31,0.0,0.0,0.0
9000008823,2025-11-05 16:00,0.365,20,11,30,46,87,133,125,77,201,38,14,52,25.0,38.36,26.03,31.51,2.74,1.37,0.0,1.37,0.0
9000008823,2025-11-06 07:00,0.588056,18,9,27,72,26,98,103,18,121,18,1,19,27.0,25.35,39.44,28.17,5.63,2.82,0.0,0.0,0.0
9000008823,2025-11-06 08:00,0.780278,53,10,63,169,85,254,148,35,183,31,5,36,28.5,21.68,35.66,32.87,6.99,2.1,0.7,0.0,0.0
9000008823,2025-11-06 09:00,0.778056,32,16,48,71,41,112,173,28,201,64,8,72,24.0,40.76,33.12,19.11,5.1,1.91,0.0,0.0,0.0
9000008823,2025-11-06 10:00,0.784444,24,13,37,69,40,109,137,50,187,41,11,52,26.0,36.73,25.85,28.57,8.16,0.68,0.0,0.0,0.0
9000008823,2025-11-06 11:00,0.759167,30,28,58,42,25,67,125,57,182,66,22,88,26.5,39.86,22.46,30.43,5.8,1.45,0.0,0.0,0.0
9000008823,2025-11-06 12:00,0.789722,30,12,42,70,49,118,128,53,181,52,20,72,29.0,20.98,36.36,29.37,11.19,0.7,1.4,0.0,0.0
9000008823,2025-11-06 13:00,0.768056,27,18,46,88,61,149,124,42,166,51,5,56,27.0,36.22,34.65,18.9,7.09,0.79,0.79,0.79,0.79
9000008823,2025-11-06 14:00,0.786944,31,22,52,118,81,199,144,50,193,32,6,38,27.5,23.68,42.11,24.34,7.89,0.66,0.66,0.66,0.0
9000008823,2025-11-06 15:00,0.768611,26,21,47,90,101,191,124,52,176,37,17,54,26.5,33.33,34.07,27.41,5.19,0.74,0.0,0.0,0.0
9000008823,2025-11-06 16:00,0.431389,19,28,47,116,103,219,127,113,240,7,12,19,29.0,30.1,20.39,37.86,4.85,0.0,3.88,0.0,3.88
9000008823,2025-11-07 07:00,0.47,11,4,15,70,23,93,96,22,118,28,3,31,41.5,5.45,29.09,38.18,9.09,18.18,1.82,0.0,0.0
9000008823,2025-11-07 08:00,0.785,25,13,38,126,66,192,106,45,150,15,13,28,31.0,7.63,36.44,38.98,14.41,1.69,0.85,0.0,0.0
9000008823,2025-11-07 09:00,0.781111,40,12,51,86,45,131,115,40,155,24,14,39,31.0,12.4,30.58,39.67,12.4,2.48,2.48,0.0,0.0
9000008823,2025-11-07 10:00,0.788056,42,13,55,74,38,112,123,59,181,30,13,43,29.0,8.39,36.36,44.06,9.79,0.7,0.7,0.0,0.0
9000008823,2025-11-07 11:00,0.7875,39,16,56,86,51,137,126,59,184,38,15,53,30.5,8.97,35.86,39.31,13.1,2.07,0.69,0.0,0.0
9000008823,2025-11-07 12:00,0.779444,35,32,67,95,50,145,145,70,215,41,14,55,29.0,17.26,32.74,38.1,8.93,1.79,0.6,0.6,0.0
9000008823,2025-11-07 13:00,0.782222,32,24,56,69,59,128,172,80,252,35,22,56,28.0,20.3,35.53,35.53,6.6,1.02,1.02,0.51,0.0
9000008823,2025-11-07 14:00,0.783056,36,33,69,74,89,164,111,66,177,46,14,60,26.0,35.25,34.53,25.18,3.6,0.72,0.0,0.0,0.72
9000008823,2025-11-07 15:00,0.775,23,31,55,62,69,131,102,55,157,31,23,54,24.0,43.44,28.69,22.13,4.1,2.46,0.0,0.0,0.0
9000008823,2025-11-07 16:00,0.401944,9,16,25,61,96,157,91,66,156,30,4,34,30.5,41.27,20.63,22.22,12.7,1.59,1.59,1.59,1.59
9000008823,2025-11-08 07:00,0.429722,5,3,8,16,6,22,16,8,23,6,2,8,36.5,0.0,0.0,80.0,10.0,0.0,10.0,0.0,0.0
9000008823,2025-11-08 08:00,0.796944,24,6,30,24,16,40,25,18,43,0,1,1,31.0,2.94,26.47,52.94,17.65,0.0,0.0,0.0,0.0
9000008823,2025-11-08 09:00,0.790556,25,24,49,42,27,68,51,33,84,11,6,18,30.0,7.58,19.7,59.09,12.12,1.52,0.0,0.0,0.0
9000008823,2025-11-08 10:00,0.760833,42,12,54,81,44,125,68,54,123,11,5,16,31.0,7.53,26.88,49.46,11.83,2.15,1.08,0.0,1.08
9000008823,2025-11-08 11:00,0.777222,47,12,59,94,58,152,85,50,135,10,4,14,30.5,7.62,34.29,41.9,14.29,1.9,0.0,0.0,0.0
9000008823,2025-11-08 12:00,0.780278,44,28,72,82,76,158,135,49,183,28,3,31,30.0,5.59,42.66,37.06,12.59,1.4,0.7,0.0,0.0
9000008823,2025-11-08 13:00,0.77,35,22,57,57,28,86,190,34,223,56,9,65,19.0,65.7,20.93,11.05,1.74,0.58,0.0,0.0,0.0
9000008823,2025-11-08 14:00,0.756389,15,17,32,36,70,106,124,23,147,77,12,89,14.5,72.07,20.72,5.41,0.0,0.9,0.0,0.9,0.0
9000008823,2025-11-08 15:00,0.765833,25,12,37,52,40,93,178,20,197,68,8,76,18.5,60.26,29.8,7.28,2.65,0.0,0.0,0.0,0.0
9000008823,2025-11-08 16:00,0.363333,16,6,22,61,94,155,98,63,161,21,22,43,27.5,33.9,23.73,32.2,6.78,1.69,1.69,0.0,0.0
9000008823,2025-11-09 07:00,0.338056,0,0,0,3,2,5,8,5,13,0,0,0,29.5,0.0,20.0,60.0,20.0,0.0,0.0,0.0,0.0
9000008823,2025-11-09 08:00,0.795,3,3,5,15,6,21,23,20,43,0,0,0,36.0,2.94,14.71,50.0,29.41,0.0,2.94,0.0,0.0
9000008823,2025-11-09 09:00,0.789167,18,6,24,37,16,53,29,25,55,4,1,5,34.5,2.33,41.86,30.23,20.93,2.33,0.0,2.33,0.0
9000008823,2025-11-09 10:00,0.794444,16,10,26,50,23,73,43,36,79,6,3,9,30.0,1.59,36.51,47.62,12.7,1.59,0.0,0.0,0.0
9000008823,2025-11-09 11:00,0.799167,21,16,38,50,28,78,53,45,98,7,0,7,29.0,12.82,29.49,47.44,8.97,1.28,0.0,0.0,0.0
9000008823,2025-11-09 12:00,0.783889,24,17,41,63,56,119,62,45,107,8,5,13,31.5,3.57,20.24,57.14,19.05,0.0,0.0,0.0,0.0
9000008823,2025-11-09 13:00,0.786944,37,23,60,83,56,139,74,66,140,13,5,18,29.0,5.45,40.91,42.73,8.18,1.82,0.91,0.0,0.0
9000008823,2025-11-09 14:00,0.788611,33,13,46,81,55,136,68,56,124,16,1,18,32.0,4.08,32.65,44.9,14.29,3.06,1.02,0.0,0.0
9000008823,2025-11-09 15:00,0.785278,33,15,48,72,59,131,83,47,130,12,8,19,28.5,3.92,46.08,40.2,8.82,0.98,0.0,0.0,0.0
9000008823,2025-11-09 16:00,0.1225,16,0,16,65,82,147,90,57,147,0,0,0,30.5,0.0,16.67,66.67,16.67,0.0,0.0,0.0,0.0
9000008823,2025-11-10 07:00,0.109167,27,18,46,73,27,101,55,46,101,9,0,9,36.5,0.0,36.36,36.36,18.18,9.09,0.0,0.0,0.0
9000008823,2025-11-10 08:00,0.716667,27,10,36,139,85,225,96,77,173,31,11,42,30.0,7.26,34.68,44.35,13.71,1.61,0.0,0.0,0.0
9000008823,2025-11-10 09:00,0.786111,27,8,34,89,52,141,115,46,160,27,1,28,29.0,11.11,26.19,50.0,11.11,0.79,0.79,0.0,0.0
9000008823,2025-11-10 10:00,0.786111,8,4,11,50,18,67,76,57,133,23,6,29,31.0,6.67,33.33,42.86,15.24,0.0,0.95,0.95,0.0
9000008823,2025-11-10 11:00,0.7925,8,5,13,44,34,78,72,68,140,19,10,29,31.0,6.31,24.32,52.25,13.51,2.7,0.9,0.0,0.0
9000008823,2025-11-10 12:00,0.788056,4,3,6,60,32,91,83,56,139,18,17,34,32.5,11.01,26.61,40.37,17.43,3.67,0.92,0.0,0.0
9000008823,2025-11-10 13:00,0.776667,8,5,13,63,36,99,77,88,165,19,8,27,31.5,6.25,23.44,52.34,14.84,3.12,0.0,0.0,0.0
9000008823,2025-11-10 14:00,0.781389,6,4,10,57,64,121,96,70,166,11,11,23,32.0,11.54,25.38,40.77,18.46,2.31,0.77,0.0,0.0
9000008823,2025-11-10 15:00,0.771111,12,12,23,86,78,164,105,100,205,22,16,38,29.0,16.46,29.11,43.67,8.86,1.9,0.0,0.0,0.0
9000008823,2025-11-10 16:00,0.282778,11,8,19,135,51,187,100,89,189,16,19,35,28.0,5.56,37.04,50.0,5.56,0.0,0.0,0.0,0.0
9000008823,2025-11-11 07:00,0.033611,0,0,0,119,0,119,179,30,208,30,0,30,29.5,14.29,42.86,28.57,14.29,0.0,0.0,0.0,0.0
9000008823,2025-11-11 08:00,0.6525,42,8,50,88,55,143,114,57,171,19,6,25,32.5,3.6,27.03,46.85,19.82,2.7,0.0,0.0,0.0
9000008823,2025-11-11 09:00,0.775833,44,5,49,73,48,121,115,48,163,44,10,54,29.0,13.49,36.51,38.89,9.52,1.59,0.0,0.0,0.0
9000008823,2025-11-11 10:00,0.788056,34,13,47,33,29,62,84,41,124,23,18,40,29.5,7.14,27.55,51.02,14.29,0.0,0.0,0.0,0.0
9000008823,2025-11-11 11:00,0.7775,18,9,27,25,25,50,94,55,150,21,17,37,29.5,7.76,29.31,50.0,10.34,1.72,0.0,0.86,0.0
9000008823,2025-11-11 12:00,0.785833,22,8,29,38,32,70,93,70,162,37,13,50,31.0,11.72,28.91,42.97,14.84,1.56,0.0,0.0,0.0
9000008823,2025-11-11 13:00,0.768889,20,19,39,35,43,78,97,75,172,27,12,39,31.0,6.82,30.3,46.21,14.39,2.27,0.0,0.0,0.0
9000008823,2025-11-11 14:00,0.769167,25,26,51,47,41,87,81,122,203,26,33,59,31.0,4.49,23.72,53.85,16.67,1.28,0.0,0.0,0.0
9000008823,2025-11-11 15:00,0.706389,20,12,32,66,88,155,77,83,161,24,9,33,27.5,25.44,28.95,37.72,7.02,0.0,0.0,0.0,0.0
9000008823,2025-11-11 16:00,0.032222,31,0,31,93,93,186,0,62,62,0,62,62,43.5,0.0,0.0,50.0,0.0,50.0,0.0,0.0,0.0
9000008823,2025-11-12 07:00,0.268889,22,5,27,54,36,90,97,32,128,16,0,16,32.0,11.43,20.0,48.57,17.14,2.86,0.0,0.0,0.0
9000008823,2025-11-12 08:00,0.774167,57,12,68,144,85,229,77,45,123,17,13,29,31.0,8.42,30.53,43.16,15.79,1.05,0.0,0.0,1.05
9000008823,2025-11-12 09:00,0.775278,36,16,51,95,49,144,71,46,117,21,9,30,30.0,4.4,29.67,51.65,12.09,2.2,0.0,0.0,0.0
9000008823,2025-11-12 10:00,0.785833,10,4,14,49,28,77,85,52,138,11,14,26,30.5,3.7,29.63,50.93,12.04,2.78,0.93,0.0,0.0
9000008823,2025-11-12 11:00,0.786111,1,0,1,38,32,70,82,42,124,18,0,18,30.0,4.12,44.33,37.11,9.28,5.15,0.0,0.0,0.0
9000008823,2025-11-12 12:00,0.783333,4,5,9,48,47,95,99,87,186,10,6,16,26.0,13.7,44.52,34.93,6.16,0.0,0.68,0.0,0.0
9000008823,2025-11-12 13:00,0.785,9,3,12,48,42,91,56,63,119,22,13,34,29.5,18.28,29.03,40.86,7.53,3.23,1.08,0.0,0.0
9000008823,2025-11-12 14:00,0.785833,4,5,9,66,65,131,79,64,142,22,11,33,31.0,7.14,30.36,45.54,13.39,2.68,0.89,0.0,0.0
9000008823,2025-11-12 15:00,0.780278,3,2,5,83,67,150,64,94,158,17,17,33,30.5,4.03,31.45,47.58,15.32,0.81,0.0,0.0,0.0
9000008823,2025-11-12 16:00,0.102778,0,19,19,88,88,175,88,39,126,10,19,29,27.0,15.38,30.77,53.85,0.0,0.0,0.0,0.0,0.0
9000008823,2025-11-13 07:00,0.274444,3,3,6,76,50,126,76,42,118,23,11,34,32.5,12.5,21.88,40.62,21.88,0.0,3.12,0.0,0.0
9000008823,2025-11-13 08:00,0.776389,36,12,48,171,86,258,91,41,133,13,10,23,30.0,5.83,31.07,48.54,12.62,1.94,0.0,0.0,0.0
9000008823,2025-11-13 09:00,0.778889,26,6,32,128,60,188,55,43,99,15,13,28,32.0,1.3,29.87,49.35,15.58,3.9,0.0,0.0,0.0
9000008823,2025-11-13 10:00,0.788889,30,9,39,57,37,94,85,52,137,24,14,38,29.5,12.04,39.81,35.19,10.19,0.93,0.93,0.93,0.0
9000008823,2025-11-13 11:00,0.783056,19,8,27,70,38,108,75,66,141,31,17,47,32.5,5.41,20.72,52.25,17.12,1.8,2.7,0.0,0.0
9000008823,2025-11-13 12:00,0.785556,21,5,26,69,66,135,74,81,155,13,17,29,29.5,11.57,28.93,47.93,7.44,2.48,0.83,0.83,0.0
9000008823,2025-11-13 13:00,0.777778,49,20,68,89,74,164,136,117,253,39,14,53,25.5,27.92,38.58,26.9,6.09,0.51,0.0,0.0,0.0
9000008823,2025-11-13 14:00,0.766944,18,14,33,80,79,160,117,109,226,46,24,70,28.0,22.54,41.04,26.59,6.94,2.31,0.58,0.0,0.58
9000008823,2025-11-13 15:00,0.751389,1,1,3,79,71,149,81,83,164,48,15,62,29.0,26.02,30.89,31.71,9.76,0.0,0.81,0.0,1.63
9000008823,2025-11-13 16:00,0.214444,0,5,5,84,30,114,28,50,78,13,15,28,35.5,11.76,35.29,23.53,29.41,11.76,0.0,0.0,0.0
9000008823,2025-11-14 07:00,0.1,10,0,10,30,10,40,30,10,40,40,10,50,17.0,75.0,25.0,0.0,0.0,0.0,0.0,0.0,0.0
9000008823,2025-11-14 08:00,0.787778,21,4,25,81,77,159,74,38,112,10,8,18,34.0,10.23,23.86,37.5,25.0,2.27,0.0,1.14,0.0
9000008823,2025-11-14 09:00,0.779722,36,6,42,64,41,105,63,38,101,13,4,17,32.5,1.27,31.65,48.1,12.66,5.06,1.27,0.0,0.0
9000008823,2025-11-14 10:00,0.786389,8,9,17,55,35,89,67,47,114,22,8,29,32.5,3.33,17.78,57.78,15.56,4.44,0.0,0.0,1.11
9000008823,2025-11-14 11:00,0.774444,13,4,17,41,45,87,101,55,156,16,12,27,32.0,5.79,33.88,40.5,16.53,1.65,0.83,0.0,0.83
9000008823,2025-11-14 12:00,0.785,5,8,13,32,50,82,91,65,157,17,5,22,29.0,17.07,34.15,37.4,8.94,1.63,0.81,0.0,0.0
9000008823,2025-11-14 13:00,0.7825,15,9,24,39,47,86,94,108,203,17,26,43,32.0,15.09,22.01,42.14,18.24,1.89,0.0,0.0,0.63
9000008823,2025-11-14 14:00,0.779444,19,12,31,78,72,150,126,98,223,24,13,37,28.5,11.49,30.46,51.15,5.17,1.72,0.0,0.0,0.0
9000008823,2025-11-14 15:00,0.691944,19,16,35,82,66,149,88,79,166,13,10,23,30.0,6.09,33.91,45.22,11.3,2.61,0.0,0.0,1.74
9000008823,2025-11-15 07:00,0.075556,0,0,0,0,13,13,0,26,26,0,0,0,33.5,0.0,0.0,50.0,50.0,0.0,0.0,0.0,0.0
9000008823,2025-11-15 08:00,0.790556,18,3,20,6,8,14,29,18,47,1,4,5,32.0,16.22,16.22,43.24,24.32,0.0,0.0,0.0,0.0
9000008823,2025-11-15 09:00,0.783611,18,4,22,6,8,14,37,41,78,6,0,6,33.5,3.28,9.84,57.38,27.87,0.0,0.0,0.0,1.64
9000008823,2025-11-15 10:00,0.788056,23,18,40,20,13,33,58,49,107,13,6,19,31.0,2.38,28.57,51.19,16.67,1.19,0.0,0.0,0.0
9000008823,2025-11-15 11:00,0.790833,24,23,47,20,25,45,64,37,101,13,5,18,29.0,8.75,23.75,58.75,7.5,1.25,0.0,0.0,0.0
9000008823,2025-11-15 12:00,0.776389,34,14,48,31,23,54,62,63,125,12,12,23,29.5,10.31,23.71,52.58,12.37,1.03,0.0,0.0,0.0
9000008823,2025-11-15 13:00,0.786389,31,20,51,13,37,50,141,55,196,23,10,33,30.0,7.14,25.97,53.25,13.64,0.0,0.0,0.0,0.0
9000008823,2025-11-15 14:00,0.788333,23,11,34,56,36,92,153,72,226,28,10,38,28.5,28.09,22.47,38.76,9.55,0.56,0.0,0.0,0.56
9000008823,2025-11-15 15:00,0.428333,18,16,34,50,38,88,173,51,225,31,8,39,32.5,4.17,19.79,52.08,20.83,3.12,1.04,0.0,0.0
9000008823,2025-11-16 07:00,0.040556,0,0,0,0,106,106,14,0,14,0,0,0,24.0,0.0,0.0,100.0,0.0,0.0,0.0,0.0,0.0
9000008823,2025-11-16 08:00,0.691667,13,5,18,6,5,11,25,15,41,0,0,0,35.0,0.0,25.0,53.57,25.0,3.57,0.0,0.0,0.0
9000008823,2025-11-16 09:00,0.778056,17,5,22,21,14,35,25,26,51,5,1,6,35.0,12.5,25.0,35.0,22.5,2.5,0.0,0.0,0.0
9000008823,2025-11-16 10:00,0.786944,12,10,22,23,19,42,51,27,77,4,1,5,30.0,3.28,40.98,40.98,14.75,0.0,0.0,0.0,0.0
9000008823,2025-11-16 11:00,0.754722,19,9,28,57,31,88,46,41,87,7,0,7,29.5,6.06,28.79,53.03,9.09,3.03,0.0,0.0,0.0
9000008823,2025-11-16 12:00,0.774167,22,14,36,59,36,95,70,54,124,10,3,13,31.0,9.38,26.04,47.92,16.67,1.04,0.0,0.0,0.0
9000008823,2025-11-16 13:00,0.784444,22,16,38,48,51,99,59,48,107,3,1,4,29.5,8.33,34.52,45.24,9.52,2.38,0.0,0.0,0.0
9000008823,2025-11-16 14:00,0.773611,37,22,59,55,48,103,61,41,102,5,3,8,28.5,6.33,34.18,50.63,8.86,0.0,0.0,0.0,0.0
9000008823,2025-11-16 15:00,0.500278,8,16,24,25,33,58,72,71,143,12,3,14,31.0,5.56,19.44,58.33,16.67,0.0,0.0,0.0,0.0
9000008823,2025-11-17 07:00,0.123889,24,0,24,48,73,121,81,57,137,8,0,8,32.5,5.88,17.65,52.94,23.53,0.0,0.0,0.0,0.0
9000008823,2025-11-17 08:00,0.457222,29,7,36,104,55,159,135,47,182,21,7,28,29.0,13.25,38.55,36.14,12.05,1.2,0.0,0.0,0.0
9000008823,2025-11-17 09:00,0.780278,26,6,32,114,43,157,95,67,162,19,5,24,31.0,8.73,34.13,39.68,15.08,1.59,0.79,0.0,0.0
9000008823,2025-11-17 10:00,0.781111,12,8,19,46,34,80,84,56,141,27,13,40,29.5,10.91,39.09,36.36,11.82,0.91,0.0,0.0,0.91
9000008823,2025-11-17 11:00,0.732778,7,8,15,24,26,50,99,67,166,12,15,28,33.0,5.79,33.88,37.19,16.53,4.13,0.83,1.65,0.0
9000008823,2025-11-17 12:00,0.693889,7,3,10,55,39,94,89,61,150,13,1,14,30.5,9.62,24.04,50.0,14.42,1.92,0.0,0.0,0.0
9000008823,2025-11-17 13:00,0.772778,21,9,30,50,46,97,70,55,124,13,10,23,32.0,4.17,23.96,52.08,16.67,1.04,2.08,0.0,0.0
9000008823,2025-11-17 14:00,0.780556,18,9,27,66,41,108,93,112,205,19,27,46,28.0,16.25,32.5,43.12,8.12,0.0,0.0,0.0,0.0
9000008823,2025-11-17 15:00,0.562778,14,14,28,63,92,155,109,76,185,16,18,34,33.0,4.81,25.0,47.12,17.31,2.88,0.96,0.0,1.92
9000008823,2025-11-18 07:00,0.160278,12,12,25,75,25,100,75,50,125,12,6,19,37.5,0.0,25.0,50.0,15.0,5.0,0.0,0.0,5.0
9000008823,2025-11-18 08:00,0.614722,28,6,34,111,65,175,103,41,144,17,3,20,32.5,8.99,28.09,39.33,17.98,5.62,0.0,0.0,0.0
9000008823,2025-11-18 09:00,0.653889,23,9,32,72,41,113,79,37,116,12,6,18,31.0,11.84,30.26,42.11,10.53,3.95,0.0,0.0,1.32
9000008823,2025-11-18 10:00,0.701111,13,8,21,33,28,61,63,32,95,13,4,17,31.5,11.94,37.31,32.84,13.43,1.49,1.49,1.49,0.0
9000008823,2025-11-18 11:00,0.739444,7,7,13,47,33,80,81,43,124,11,9,20,29.5,11.96,34.78,40.22,10.87,2.17,0.0,0.0,0.0
9000008823,2025-11-18 12:00,0.779722,17,13,30,40,44,84,85,94,179,17,21,37,31.5,7.91,27.34,46.76,15.11,2.88,0.0,0.0,0.0
9000008823,2025-11-18 13:00,0.771111,18,9,28,30,40,70,74,79,153,17,17,34,31.0,9.32,28.81,44.07,14.41,3.39,0.0,0.0,0.0
9000008823,2025-11-18 14:00,0.778611,15,10,26,55,61,116,87,91,178,15,10,26,32.5,7.91,26.62,40.29,22.3,2.88,0.0,0.0,0.0
9000008823,2025-11-18 15:00,0.762778,18,13,30,67,66,133,118,120,238,16,15,31,28.5,17.68,35.91,35.91,9.94,0.0,0.0,0.0,0.55
9000008823,2025-11-18 16:00,0.04,25,0,25,100,175,275,75,150,225,0,0,0,23.0,11.11,55.56,33.33,0.0,0.0,0.0,0.0,0.0
9000008823,2025-11-19 07:00,0.169444,19,8,27,47,52,99,67,53,120,4,0,4,40.0,0.0,5.0,40.0,45.0,5.0,0.0,0.0,10.0
9000008823,2025-11-19 08:00,0.654167,72,10,81,79,63,142,78,51,129,9,3,12,32.0,5.88,23.53,51.76,12.94,3.53,0.0,0.0,2.35
9000008823,2025-11-19 09:00,0.784444,45,14,59,54,43,97,83,49,131,33,18,51,29.5,8.74,33.98,43.69,12.62,0.97,0.0,0.0,0.0
9000008823,2025-11-19 10:00,0.786944,32,23,55,34,29,63,93,46,138,19,9,28,28.5,15.6,32.11,42.2,7.34,2.75,0.0,0.0,0.0
9000008823,2025-11-19 11:00,0.7825,23,9,32,26,23,49,78,49,127,20,15,36,29.0,2.02,35.35,51.52,10.1,1.01,0.0,0.0,0.0
9000008823,2025-11-19 12:00,0.773333,42,19,61,27,45,72,101,96,197,30,9,39,28.5,14.47,34.87,41.45,7.89,0.66,0.0,0.0,0.66
9000008823,2025-11-19 13:00,0.777222,17,18,35,26,54,80,108,112,220,19,8,27,28.5,5.26,33.92,52.05,7.02,1.75,0.0,0.0,0.0
9000008823,2025-11-19 14:00,0.775556,15,21,36,55,63,118,122,118,240,9,12,21,32.5,11.83,30.11,38.71,16.13,1.61,1.08,0.0,0.54
9000008823,2025-11-19 15:00,0.576111,21,29,50,41,86,126,97,99,196,16,10,26,27.5,15.04,30.97,46.9,6.19,0.88,0.0,0.0,0.0
9000008823,2025-11-19 16:00,0.014444,0,0,0,0,69,69,69,0,69,0,0,0,4.0,100.0,0.0,0.0,0.0,0.0,0.0,0.0,0.0
9000008823,2025-11-20 07:00,0.080833,12,0,12,87,25,111,37,37,74,12,0,12,40.5,0.0,0.0,50.0,33.33,16.67,0.0,0.0,0.0
9000008823,2025-11-20 08:00,0.67,41,14,55,63,51,114,85,34,119,11,13,24,31.5,17.5,26.25,36.25,17.5,1.25,0.0,0.0,0.0
9000008823,2025-11-20 09:00,0.766389,27,8,35,56,25,81,84,45,129,26,10,37,32.0,9.09,33.33,37.37,15.15,2.02,3.03,0.0,0.0
9000008823,2025-11-20 10:00,0.779444,19,6,26,36,25,61,86,60,146,19,12,31,30.0,4.39,30.7,50.0,13.16,0.88,0.88,0.0,0.0
9000008823,2025-11-20 11:00,0.769167,13,9,22,39,18,57,101,69,170,27,11,38,29.5,6.87,33.59,45.8,10.69,2.29,0.76,0.0,0.0
9000008823,2025-11-20 12:00,0.765,17,7,24,37,46,82,92,86,178,14,20,34,32.5,7.35,25.0,46.32,18.38,2.21,0.0,0.74,0.0
9000008823,2025-11-20 13:00,0.7775,14,19,33,37,41,79,107,76,183,19,17,36,29.5,6.34,27.46,55.63,7.04,3.52,0.0,0.0,0.0
9000008823,2025-11-20 14:00,0.765,12,9,21,42,47,89,90,127,217,20,16,36,33.0,10.24,15.66,50.0,19.28,4.82,0.0,0.0,0.0
9000008823,2025-11-20 15:00,0.737778,13,16,29,54,52,106,101,85,187,21,12,33,30.5,14.49,27.54,42.03,13.04,1.45,0.72,0.72,0.0
9000008823,2025-11-21 07:00,0.247222,10,0,10,79,15,95,93,34,127,0,3,3,44.5,3.23,12.9,58.06,9.68,9.68,0.0,0.0,6.45
9000008823,2025-11-21 08:00,0.791111,35,19,54,63,57,120,102,52,154,19,3,21,30.0,9.02,37.7,38.52,11.48,2.46,0.82,0.0,0.0
9000008823,2025-11-21 09:00,0.784167,36,15,51,68,27,95,80,50,130,27,19,46,27.5,14.71,35.29,41.18,7.84,0.98,0.0,0.0,0.0
9000008823,2025-11-21 10:00,0.791667,27,15,42,44,30,75,90,49,139,32,6,38,27.0,12.73,45.45,35.45,6.36,0.0,0.0,0.0,0.0
9000008823,2025-11-21 11:00,0.786667,32,13,44,50,35,85,89,52,141,30,10,41,28.5,27.03,30.63,32.43,9.91,0.0,0.0,0.0,0.0
9000008823,2025-11-21 12:00,0.783889,31,19,50,42,50,92,125,74,199,37,18,55,29.0,12.18,35.26,40.38,10.9,1.28,0.0,0.0,0.0
9000008823,2025-11-21 13:00,0.785278,37,28,65,65,57,123,139,76,215,27,23,50,28.0,23.08,31.36,36.09,8.88,0.0,0.59,0.0,0.0
9000008823,2025-11-21 14:00,0.716389,29,15,44,70,61,131,93,128,221,24,17,42,28.5,20.25,33.54,36.08,8.23,1.27,0.0,0.63,0.0
9000008823,2025-11-21 15:00,0.646944,30,26,56,70,63,132,88,71,160,15,19,34,30.0,12.62,28.16,45.63,11.65,2.91,0.0,0.0,0.0
9000008823,2025-11-21 16:00,0.123333,16,24,41,24,105,130,49,105,154,16,16,32,33.5,21.05,10.53,42.11,15.79,0.0,5.26,0.0,5.26
9000008823,2025-11-22 07:00,0.133056,0,8,8,15,8,23,30,0,30,0,0,0,27.0,50.0,25.0,25.0,0.0,0.0,0.0,0.0,0.0
9000008823,2025-11-22 08:00,0.789444,4,1,5,10,6,16,18,18,35,4,1,5,35.0,0.0,10.71,60.71,17.86,7.14,3.57,0.0,0.0
9000008823,2025-11-22 09:00,0.788611,1,6,8,22,18,39,50,29,79,6,3,9,32.0,8.06,22.58,51.61,16.13,1.61,0.0,0.0,0.0
9000008823,2025-11-22 10:00,0.794722,9,4,13,33,21,54,53,50,103,11,1,13,30.5,10.98,26.83,46.34,13.41,2.44,0.0,0.0,0.0
9000008823,2025-11-22 11:00,0.789722,6,5,11,45,24,69,76,61,137,10,3,13,29.5,5.56,37.96,42.59,12.96,0.93,0.0,0.0,0.0
9000008823,2025-11-22 12:00,0.786111,4,6,10,47,36,83,119,51,170,11,5,17,28.5,12.69,32.09,44.03,10.45,0.0,0.75,0.0,0.0
9000008823,2025-11-22 13:00,0.776389,3,10,13,41,43,84,140,52,192,19,10,30,31.0,16.11,38.26,28.86,15.44,0.67,0.67,0.0,0.0
9000008823,2025-11-22 14:00,0.776389,3,5,8,57,46,103,151,76,227,14,8,22,29.5,25.0,26.7,35.23,9.66,3.41,0.0,0.0,0.0
9000008823,2025-11-22 15:00,0.775,0,4,4,31,44,75,168,46,214,13,5,18,27.5,28.92,28.92,33.13,8.43,0.6,0.0,0.0,0.0
9000008823,2025-11-22 16:00,0.133889,0,7,7,82,30,112,187,112,299,7,15,22,23.5,45.0,25.0,27.5,2.5,0.0,0.0,0.0,0.0
9000008823,2025-11-23 07:00,0.099167,0,0,0,0,0,0,30,0,30,0,0,0,38.5,0.0,33.33,0.0,66.67,0.0,0.0,0.0,0.0
9000008823,2025-11-23 08:00,0.724167,1,0,1,6,1,8,13,8,21,0,1,1,37.5,0.0,26.67,53.33,13.33,6.67,6.67,0.0,0.0
9000008823,2025-11-23 09:00,0.7975,1,1,3,18,11,29,25,24,49,4,2,6,29.0,0.0,38.46,51.28,10.26,0.0,0.0,0.0,0.0
9000008823,2025-11-23 10:00,0.786667,5,2,8,20,27,47,36,24,59,4,6,10,27.0,2.13,31.91,63.83,2.13,0.0,0.0,0.0,0.0
9000008823,2025-11-23 11:00,0.795833,6,10,16,30,15,45,50,39,89,4,6,10,30.0,1.41,35.21,49.3,9.86,4.23,0.0,0.0,0.0
9000008823,2025-11-23 12:00,0.787778,10,4,14,42,28,70,70,52,122,4,3,6,30.0,8.33,35.42,41.67,10.42,1.04,3.12,0.0,0.0
9000008823,2025-11-23 13:00,0.78,9,12,21,66,42,108,83,63,146,8,4,12,27.5,11.4,53.51,23.68,9.65,1.75,0.0,0.0,0.0
9000008823,2025-11-23 14:00,0.776111,5,5,10,46,61,107,95,54,149,12,5,17,29.5,17.39,33.04,35.65,11.3,1.74,0.0,0.87,0.0
9000008823,2025-11-23 15:00,0.784444,3,12,14,61,78,139,96,65,160,5,5,10,30.0,7.94,42.06,34.92,12.7,1.59,0.79,0.0,0.0
9000008823,2025-11-23 16:00,0.081389,25,0,25,37,98,135,111,111,221,0,0,0,36.5,5.56,33.33,38.89,11.11,0.0,0.0,5.56,5.56
9000008823,2025-11-24 07:00,0.160278,22,8,30,30,12,42,68,50,119,0,4,4,45.0,5.26,47.37,10.53,10.53,5.26,10.53,0.0,5.26
9000008823,2025-11-24 08:00,0.508333,31,24,55,113,32,145,146,49,195,2,1,3,27.5,21.21,31.31,39.39,6.06,1.01,1.01,0.0,0.0
9000008823,2025-11-24 09:00,0.785278,37,23,60,60,18,78,128,50,178,14,5,19,27.5,11.51,38.13,42.45,7.19,1.44,0.0,0.0,0.0
9000008823,2025-11-24 10:00,0.772222,26,18,44,18,20,38,90,53,143,25,9,34,32.0,15.45,30.91,36.36,13.64,1.82,0.0,0.91,0.91
9000008823,2025-11-24 11:00,0.776667,23,17,39,23,15,38,85,58,143,15,15,31,33.0,11.71,20.72,39.64,26.13,1.8,0.0,0.0,0.0
9000008823,2025-11-24 12:00,0.786667,16,11,28,25,39,65,71,95,166,16,17,33,31.0,4.58,32.82,45.8,12.21,3.82,0.0,0.76,0.0
9000008823,2025-11-24 13:00,0.778333,34,21,55,33,19,52,108,79,187,28,17,45,33.0,8.22,28.77,41.1,19.86,2.05,0.0,0.0,0.0
9000008823,2025-11-24 14:00,0.788611,24,20,44,43,50,93,114,65,179,15,13,28,30.5,6.38,36.17,41.84,14.89,0.0,0.0,0.0,0.71
9000008823,2025-11-24 15:00,0.766944,17,16,33,73,51,124,78,109,187,12,8,19,31.0,6.99,33.57,41.96,13.29,4.2,0.0,0.0,0.0
9000008823,2025-11-24 16:00,0.045,0,22,22,44,44,89,111,156,267,22,0,22,25.5,8.33,50.0,41.67,0.0,0.0,0.0,0.0,0.0
9000008823,2025-11-25 07:00,0.077778,13,13,26,51,13,64,51,116,167,13,13,26,30.0,0.0,0.0,84.62,7.69,7.69,0.0,0.0,0.0
9000008823,2025-11-25 08:00,0.516944,26,10,35,95,64,159,125,34,160,17,11,29,28.0,12.05,43.37,38.55,4.82,0.0,1.2,0.0,0.0
9000008823,2025-11-25 09:00,0.785,14,5,19,58,24,83,135,41,176,37,18,55,28.0,17.39,35.51,37.68,7.25,0.0,0.72,1.45,0.0
9000008823,2025-11-25 10:00,0.795278,18,6,24,45,29,74,88,51,139,28,16,44,29.0,6.31,33.33,49.55,9.91,0.9,0.0,0.0,0.0
9000008823,2025-11-25 11:00,0.783611,22,20,42,37,33,70,108,65,173,26,14,40,29.5,8.09,29.41,50.0,12.5,0.0,0.0,0.0,0.0
9000008823,2025-11-25 12:00,0.785833,23,18,41,53,30,84,99,67,167,36,17,52,29.0,11.45,38.93,36.64,12.98,0.0,0.0,0.0,0.0
9000008823,2025-11-25 13:00,0.786944,18,19,37,53,34,87,130,92,221,20,20,41,29.5,8.05,32.76,47.13,8.05,3.45,0.57,0.0,0.0
9000008823,2025-11-25 14:00,0.777222,13,12,25,44,49,93,115,81,196,26,21,46,29.5,11.18,32.24,42.76,11.84,1.97,0.0,0.0,0.0
9000008823,2025-11-25 15:00,0.741667,5,12,17,62,59,120,89,107,196,20,21,41,30.5,21.92,27.4,35.62,10.96,2.74,0.0,1.37,0.68
9000008823,2025-11-26 08:00,0.476111,20,9,29,102,54,155,126,26,153,14,4,17,30.0,5.48,35.62,43.84,12.33,1.37,1.37,0.0,0.0
9000008823,2025-11-26 09:00,0.779444,6,0,6,63,48,110,98,42,140,24,13,37,29.5,11.01,43.12,32.11,12.84,0.0,0.0,0.0,0.92
9000008823,2025-11-26 10:00,0.753611,3,5,8,38,31,68,98,44,141,24,3,27,32.0,10.28,30.84,39.25,14.95,4.67,0.0,0.0,0.93
9000008823,2025-11-26 11:00,0.73,7,4,11,62,40,102,74,27,100,6,1,7,31.5,17.81,28.77,32.88,15.07,1.37,1.37,0.0,1.37
9000008823,2025-11-26 12:00,0.753056,7,9,16,29,32,61,97,60,157,32,15,46,29.5,11.86,41.53,32.2,13.56,0.85,0.0,0.0,0.0
9000008823,2025-11-26 13:00,0.761667,11,5,16,42,21,63,114,72,187,34,18,52,29.5,11.27,33.8,42.25,9.15,2.82,0.7,0.0,0.0
9000008823,2025-11-26 14:00,0.7675,10,5,16,42,53,95,138,82,220,40,16,56,29.5,17.16,23.67,45.56,11.24,2.37,0.0,0.0,0.0
9000008823,2025-11-26 15:00,0.778889,10,5,15,42,54,96,119,71,190,15,22,37,29.0,20.95,34.46,31.76,9.46,0.68,0.68,0.68,1.35
9000008823,2025-11-26 16:00,0.038889,0,0,0,26,103,129,51,51,103,26,0,26,47.0,0.0,0.0,25.0,50.0,25.0,0.0,0.0,0.0
9000008823,2025-11-27 07:00,0.039722,0,0,0,50,101,151,176,76,252,0,25,25,36.0,0.0,0.0,40.0,60.0,0.0,0.0,0.0,0.0
9000008823,2025-11-27 08:00,0.353056,25,14,39,87,58,146,143,21,164,13,6,19,27.5,24.14,36.21,31.03,6.9,1.72,0.0,0.0,1.72
9000008823,2025-11-27 09:00,0.716389,24,11,35,74,41,115,111,39,150,34,8,42,30.0,7.41,32.41,46.3,10.19,2.78,0.93,0.0,0.93
9000008823,2025-11-27 10:00,0.7825,27,11,38,43,29,73,125,46,171,54,6,60,27.0,22.39,41.04,29.85,5.97,0.75,0.0,0.0,0.0
9000008823,2025-11-27 11:00,0.788611,41,13,53,34,34,69,117,61,177,43,11,54,28.5,13.57,31.43,47.14,7.86,0.0,0.0,0.0,0.0
9000008823,2025-11-27 12:00,0.790278,40,18,58,62,40,103,68,54,123,23,20,43,31.5,11.34,21.65,48.45,16.49,1.03,1.03,0.0,0.0
9000008823,2025-11-27 13:00,0.785833,38,31,69,54,50,103,129,93,223,24,15,40,31.5,8.57,31.43,40.57,16.0,3.43,0.0,0.0,0.0
9000008823,2025-11-27 14:00,0.785556,42,19,62,58,47,105,94,120,214,20,24,45,29.5,16.07,22.02,48.81,11.9,1.19,0.0,0.0,0.0
9000008823,2025-11-27 15:00,0.763333,17,22,39,76,62,138,131,99,230,12,17,29,29.5,14.77,33.52,39.2,9.66,2.27,0.57,0.0,0.0
9000008823,2025-11-28 07:00,0.067778,15,0,15,15,15,30,59,44,103,0,0,0,33.0,0.0,42.86,14.29,42.86,0.0,0.0,0.0,0.0
9000008823,2025-11-28 08:00,0.718889,14,5,20,76,53,129,102,51,153,8,8,16,30.0,7.27,36.36,41.82,10.91,2.73,0.91,0.0,0.0
9000008823,2025-11-28 09:00,0.779444,6,4,10,69,27,96,96,42,139,9,12,21,29.0,8.33,38.89,40.74,10.19,1.85,0.0,0.0,0.0
9000008823,2025-11-28 10:00,0.786111,5,0,5,37,39,76,110,51,160,15,3,18,32.5,8.73,34.92,35.71,16.67,1.59,1.59,0.79,0.0
9000008823,2025-11-28 11:00,0.794444,9,1,10,38,37,75,144,61,204,35,22,57,29.0,15.43,37.04,35.19,12.35,0.0,0.0,0.0,0.0
9000008823,2025-11-28 12:00,0.789722,0,4,4,66,49,115,141,66,207,38,18,56,29.5,12.88,33.74,39.88,11.66,1.23,0.61,0.0,0.0
9000008823,2025-11-28 13:00,0.785556,1,6,8,48,43,92,131,112,243,28,27,55,29.5,17.28,25.65,44.5,10.47,1.05,0.52,0.52,0.0
9000008823,2025-11-28 14:00,0.784167,15,10,25,34,55,89,103,122,226,14,27,41,30.5,10.17,35.59,38.42,14.69,1.13,0.0,0.0,0.0
9000008823,2025-11-28 15:00,0.584722,0,6,6,68,60,128,123,68,191,25,17,42,29.5,25.0,33.93,26.79,8.93,0.0,3.57,0.0,1.79
9000008823,2025-11-29 08:00,0.5825,3,5,8,13,10,23,22,6,28,2,5,6,39.0,0.0,12.5,56.25,25.0,6.25,0.0,6.25,0.0
9000008823,2025-11-29 09:00,0.598056,3,1,4,18,19,37,40,31,71,10,6,17,33.0,7.14,21.43,50.0,16.67,4.76,0.0,0.0,0.0
9000008823,2025-11-29 10:00,0.784167,12,11,23,44,31,75,65,40,105,16,1,18,31.0,2.44,29.27,50.0,18.29,0.0,0.0,0.0,0.0
9000008823,2025-11-29 11:00,0.784722,15,9,24,43,20,64,82,57,139,14,8,22,29.5,11.93,31.19,43.12,11.93,1.83,0.0,0.0,0.0
9000008823,2025-11-29 12:00,0.778056,8,9,17,37,35,73,108,58,166,14,8,22,30.5,10.85,29.46,43.41,14.73,0.78,0.0,0.0,0.78
9000008823,2025-11-29 13:00,0.787222,6,6,13,38,28,66,142,61,203,29,11,41,29.5,11.88,31.25,43.12,11.25,2.5,0.0,0.0,0.0
9000008823,2025-11-29 14:00,0.6525,15,8,23,48,40,88,155,50,205,26,5,31,26.5,25.37,41.04,26.87,5.97,0.75,0.0,1.49,0.0
9000008823,2025-11-29 15:00,0.591111,4,2,6,52,44,97,202,79,281,23,4,27,27.5,23.49,36.14,29.52,9.64,0.6,0.0,0.0,0.0
9000008823,2025-11-30 07:00,0.098611,0,10,10,0,0,0,20,10,30,0,0,0,29.0,0.0,33.33,66.67,0.0,0.0,0.0,0.0,0.0
9000008823,2025-11-30 08:00,0.675,2,0,2,7,5,12,23,11,34,1,0,1,39.5,4.35,30.43,39.13,8.7,13.04,0.0,0.0,0.0
9000008823,2025-11-30 09:00,0.788611,5,4,9,23,14,37,33,19,52,5,3,8,31.5,4.88,29.27,46.34,19.51,0.0,0.0,0.0,0.0
9000008823,2025-11-30 10:00,0.7925,4,6,10,47,20,67,33,29,61,13,4,16,31.0,0.0,38.78,42.86,18.37,0.0,0.0,0.0,0.0
9000008823,2025-11-30 11:00,0.800833,6,6,12,45,26,71,47,28,75,6,2,9,32.0,3.33,15.0,60.0,20.0,1.67,0.0,0.0,0.0
9000008823,2025-11-30 12:00,0.788889,4,3,6,62,37,99,67,39,106,8,6,14,33.0,2.38,32.14,45.24,15.48,2.38,2.38,0.0,0.0
9000008823,2025-11-30 13:00,0.792222,2,3,5,61,43,104,83,46,130,8,1,9,30.0,4.85,24.27,56.31,11.65,2.91,0.0,0.0,0.0
9000008823,2025-11-30 14:00,0.778056,3,4,7,81,46,127,73,64,137,6,5,12,29.5,6.54,34.58,47.66,8.41,0.93,1.87,0.0,0.0
9000008823,2025-11-30 15:00,0.625556,10,3,13,65,46,111,99,85,185,9,3,12,29.5,9.48,31.03,45.69,12.93,0.86,0.0,0.0,0.0
9000008823,2025-12-01 08:00,0.448611,34,13,47,62,70,132,109,42,151,16,6,23,28.0,8.82,47.06,36.76,5.88,1.47,0.0,0.0,0.0
9000008823,2025-12-01 09:00,0.794167,15,3,18,58,32,90,129,42,172,31,6,38,27.5,16.91,44.85,30.15,8.09,0.0,0.0,0.0,0.74
9000008823,2025-12-01 10:00,0.788889,11,3,14,36,28,63,112,51,163,12,14,25,29.5,15.5,35.66,34.88,11.63,1.55,0.0,0.0,0.0
9000008823,2025-12-01 11:00,0.781111,5,4,9,48,25,73,106,72,178,56,14,70,26.5,17.27,41.73,34.53,5.76,0.72,0.0,0.0,0.0
9000008823,2025-12-01 12:00,0.782222,8,0,8,34,40,74,86,94,180,20,14,35,32.0,4.26,24.82,51.06,17.02,2.84,0.0,0.0,0.0
9000008823,2025-12-01 13:00,0.784722,4,3,6,39,42,82,110,108,218,23,27,50,29.5,7.6,36.84,41.52,12.28,1.75,0.0,0.0,0.0
9000008823,2025-12-01 14:00,0.781667,5,1,6,43,42,86,110,111,221,22,15,37,29.0,9.83,27.75,52.02,9.25,1.16,0.0,0.0,0.58
9000008823,2025-12-01 15:00,0.746667,5,4,9,69,71,140,139,107,246,17,22,39,31.0,20.65,32.07,30.43,11.96,1.63,2.17,0.0,0.54
9000008823,2025-12-02 07:00,0.039722,0,25,25,50,76,126,76,50,126,0,0,0,23.0,0.0,60.0,40.0,0.0,0.0,0.0,0.0,0.0
9000008823,2025-12-02 08:00,0.768611,14,4,18,121,65,187,125,44,169,30,12,42,29.5,11.54,30.77,43.08,9.23,2.31,1.54,0.0,0.77
9000008823,2025-12-02 09:00,0.788333,8,0,8,91,46,137,127,57,184,18,9,26,28.5,6.21,44.83,40.0,8.28,0.0,0.69,0.0,0.0
9000008823,2025-12-02 10:00,0.795278,9,4,13,57,20,77,104,43,147,25,5,30,28.0,21.37,35.9,33.33,8.55,0.85,0.0,0.0,0.0
9000008823,2025-12-02 11:00,0.783889,0,0,0,37,36,73,94,42,137,17,15,32,28.5,7.48,41.12,43.93,5.61,1.87,0.0,0.0,0.0
9000008823,2025-12-02 12:00,0.788333,3,4,6,51,47,98,75,59,134,19,16,36,29.5,25.47,29.25,32.08,11.32,0.94,0.94,0.0,0.0
9000008823,2025-12-02 13:00,0.766111,4,5,9,33,39,72,106,77,183,14,16,30,29.5,10.71,29.29,47.86,9.29,2.86,0.0,0.0,0.0
9000008823,2025-12-02 14:00,0.793611,1,3,4,43,56,98,96,60,156,13,10,23,30.0,11.29,28.23,45.97,13.71,0.81,0.0,0.0,0.0
9000008823,2025-12-02 15:00,0.696944,2,1,3,86,78,164,109,127,235,12,13,26,28.5,15.24,37.2,37.8,7.93,1.83,0.0,0.0,0.0
9000008823,2025-12-03 08:00,0.518056,24,0,24,106,28,134,111,61,173,14,1,15,37.5,7.87,24.72,35.96,21.35,7.87,3.37,0.0,0.0
9000008823,2025-12-03 09:00,0.778056,4,3,6,91,37,129,83,50,133,17,12,28,33.5,2.88,32.69,45.19,14.42,3.85,0.0,0.96,0.0
9000008823,2025-12-03 10:00,0.789444,8,1,9,30,24,55,89,56,144,16,18,34,29.0,6.14,42.98,40.35,7.02,3.51,0.0,0.0,0.0
9000008823,2025-12-03 11:00,0.789444,8,5,13,24,24,48,66,46,112,25,13,38,31.0,3.41,29.55,50.0,14.77,2.27,0.0,0.0,0.0
9000008823,2025-12-03 12:00,0.784722,15,5,20,47,37,84,88,50,137,26,15,41,28.0,12.04,33.33,42.59,10.19,1.85,0.0,0.0,0.0
9000008823,2025-12-03 13:00,0.786667,14,1,15,27,33,60,116,105,221,22,20,42,28.5,12.64,33.33,44.83,8.62,0.57,0.0,0.0,0.0
9000008823,2025-12-03 14:00,0.785278,3,0,3,48,37,85,111,103,214,20,19,40,31.5,2.98,26.79,51.79,14.29,3.57,0.6,0.0,0.0
9000008823,2025-12-03 15:00,0.424722,4,8,12,57,54,111,92,103,195,31,25,55,27.5,4.82,44.58,45.78,6.02,0.0,0.0,0.0,0.0
9000008823,2025-12-04 08:00,0.580833,14,6,20,83,67,150,119,32,152,7,4,10,34.5,4.55,29.55,44.32,14.77,3.41,0.0,3.41,1.14
9000008823,2025-12-04 09:00,0.785278,1,1,3,79,41,120,122,37,159,28,10,38,31.0,8.8,32.0,41.6,12.8,4.0,0.8,0.0,0.0
9000008823,2025-12-04 10:00,0.7875,6,0,6,43,20,63,133,42,175,53,9,62,28.5,19.57,36.96,34.06,8.7,0.72,0.0,0.0,0.0
9000008823,2025-12-04 11:00,0.786111,1,5,6,63,25,88,134,69,203,24,13,37,27.5,23.9,37.74,28.93,8.81,0.63,0.0,0.0,0.0
9000008823,2025-12-04 12:00,0.789167,1,1,3,42,43,85,99,62,161,40,22,62,27.0,21.26,31.5,39.37,7.87,0.0,0.0,0.0,0.0
9000008823,2025-12-04 13:00,0.776944,6,5,12,35,49,84,143,80,223,23,22,45,28.5,18.5,30.64,40.46,7.51,1.73,0.0,0.58,0.58
9000008823,2025-12-04 14:00,0.773056,1,3,4,54,56,110,112,45,158,19,10,30,27.5,18.03,38.52,33.61,9.02,0.82,0.0,0.0,0.0
9000008823,2025-12-04 15:00,0.444444,6,6,12,64,44,107,123,81,204,35,10,45,23.5,41.76,31.87,24.18,3.3,0.0,0.0,0.0,0.0
9000008823,2025-12-05 08:00,0.293611,10,6,16,52,16,68,79,26,105,12,7,20,34.0,0.0,29.03,48.39,22.58,0.0,3.23,0.0,0.0
9000008823,2025-12-05 09:00,0.593056,10,4,14,45,25,71,93,35,128,20,3,23,29.0,5.26,35.53,48.68,9.21,2.63,0.0,0.0,0.0
9000008823,2025-12-05 10:00,0.722222,10,1,11,31,27,58,120,46,165,25,11,36,30.0,7.56,33.61,44.54,14.29,0.0,0.0,0.0,0.0
9000008823,2025-12-05 11:00,0.79,6,1,8,32,24,56,114,49,163,32,14,46,30.5,14.73,32.56,36.43,14.73,0.0,0.0,0.78,0.78
9000008823,2025-12-05 12:00,0.788056,8,4,11,31,30,61,127,68,195,24,18,42,28.5,11.69,32.47,45.45,9.09,0.65,0.0,0.0,0.65
9000008823,2025-12-05 13:00,0.781667,4,9,13,42,34,77,111,95,206,33,24,58,30.0,21.74,24.22,39.75,14.29,0.0,0.0,0.0,0.0
9000008823,2025-12-05 14:00,0.776667,3,4,6,37,50,87,101,93,193,25,26,50,30.0,14.67,25.33,44.67,14.0,0.67,0.67,0.0,0.0
9000008823,2025-12-05 15:00,0.118889,8,0,8,42,50,93,50,160,210,42,17,59,29.0,8.0,24.0,56.0,12.0,0.0,0.0,0.0,0.0
9000008823,2025-12-06 08:00,0.525,4,0,4,14,8,22,22,20,42,2,6,8,39.5,0.0,18.18,54.55,18.18,13.64,0.0,0.0,0.0
9000008823,2025-12-06 09:00,0.794167,0,0,0,37,27,63,40,42,82,9,10,19,33.0,3.08,23.08,52.31,15.38,4.62,1.54,0.0,0.0
9000008823,2025-12-06 10:00,0.79,4,4,8,37,13,50,63,58,122,6,5,11,31.0,11.46,22.92,46.88,17.71,1.04,0.0,0.0,0.0
9000008823,2025-12-06 11:00,0.792222,1,8,9,49,34,83,72,50,122,5,5,10,31.5,3.09,27.84,49.48,17.53,2.06,0.0,0.0,0.0
9000008823,2025-12-06 12:00,0.783333,10,10,21,40,51,91,81,50,131,9,8,17,29.5,4.85,33.01,48.54,8.74,3.88,0.97,0.0,0.0
9000008823,2025-12-06 13:00,0.776944,0,5,5,42,55,97,176,51,227,33,4,37,24.5,43.75,28.98,21.59,4.55,1.14,0.0,0.0,0.0
9000008823,2025-12-06 14:00,0.774167,3,4,6,35,37,72,141,55,197,31,17,48,26.5,49.34,20.39,23.68,5.92,0.0,1.32,0.0,0.0
9000008823,2025-12-06 15:00,0.609167,0,6,6,31,81,112,187,87,274,37,14,51,28.0,26.95,31.14,31.14,5.99,3.59,0.6,0.0,0.0
9000008823,2025-12-07 08:00,0.328056,3,3,5,12,0,12,10,17,28,0,0,0,29.5,0.0,22.22,66.67,11.11,0.0,0.0,0.0,0.0
9000008823,2025-12-07 09:00,0.7175,4,4,9,14,7,20,32,29,61,4,0,4,33.5,4.65,39.53,30.23,20.93,4.65,0.0,0.0,0.0
9000008823,2025-12-07 10:00,0.793889,8,8,15,21,19,40,37,28,64,4,4,8,30.5,3.92,31.37,49.02,15.69,0.0,0.0,0.0,0.0
9000008823,2025-12-07 11:00,0.782778,6,6,13,17,18,35,42,38,80,3,4,6,32.5,7.94,25.4,42.86,22.22,1.59,0.0,0.0,0.0
9000008823,2025-12-07 12:00,0.768056,13,5,18,30,33,63,48,47,95,3,4,7,29.0,10.96,34.25,43.84,9.59,1.37,0.0,0.0,0.0
9000008823,2025-12-07 13:00,0.7725,14,8,22,31,59,90,67,55,123,10,1,12,29.0,10.53,32.63,46.32,9.47,0.0,0.0,1.05,0.0
9000008823,2025-12-07 14:00,0.750556,17,11,28,28,51,79,98,76,174,13,1,15,32.0,6.87,29.77,44.27,15.27,3.05,0.76,0.0,0.0
9000008823,2025-12-07 15:00,0.617222,10,16,26,58,59,118,111,54,166,12,4,15,35.5,20.59,23.53,35.29,11.76,6.86,0.98,1.96,0.0
9000008823,2025-12-08 08:00,0.465556,26,36,62,85,57,142,74,15,89,68,2,70,32.5,7.32,31.71,36.59,17.07,2.44,0.0,0.0,0.0
9000008823,2025-12-08 09:00,0.6575,32,4,36,78,23,101,114,37,151,43,12,55,29.0,21.21,31.31,36.36,11.11,0.0,0.0,0.0,1.01
9000008823,2025-12-08 10:00,0.777778,19,9,28,33,27,60,70,65,135,17,13,30,29.5,5.71,20.95,60.95,8.57,3.81,0.0,0.0,0.0
9000008823,2025-12-08 11:00,0.79,18,10,28,27,42,68,90,73,163,28,15,43,34.0,9.3,26.36,35.66,24.81,2.33,1.55,0.0,0.0
9000008823,2025-12-08 12:00,0.783889,15,3,18,54,40,93,111,65,176,48,15,63,30.0,21.01,29.71,34.06,13.04,2.17,0.0,0.0,0.0
9000008823,2025-12-08 13:00,0.783611,14,15,29,56,56,112,110,76,186,12,10,22,31.5,7.53,21.23,52.74,15.75,2.05,0.68,0.0,0.0
9000008823,2025-12-08 14:00,0.786111,25,20,46,66,46,112,90,105,196,23,20,43,30.5,9.74,27.92,46.1,12.99,1.95,0.65,0.65,0.0
9000008823,2025-12-08 15:00,0.325,22,6,29,36,60,96,117,116,233,16,22,38,29.5,11.84,27.63,46.05,14.47,0.0,0.0,0.0,0.0
9000008823,2025-12-09 08:00,0.493333,33,9,42,91,68,159,107,53,159,12,7,19,30.0,10.13,32.91,43.04,11.39,2.53,1.27,0.0,0.0
9000008823,2025-12-09 09:00,0.789444,29,6,36,71,29,100,108,37,144,27,8,35,29.0,10.53,38.6,38.6,7.89,3.51,0.88,0.0,0.0
9000008823,2025-12-09 10:00,0.790833,28,9,37,29,20,49,99,49,148,35,10,45,30.0,10.26,30.77,44.44,14.53,0.0,0.0,0.0,0.0
9000008823,2025-12-09 11:00,0.783056,18,6,24,28,29,57,84,46,130,19,10,29,30.0,4.9,27.45,52.94,12.75,1.96,0.0,0.0,0.0
9000008823,2025-12-09 12:00,0.790278,13,13,25,31,28,58,88,43,130,27,24,51,33.0,7.77,25.24,46.6,13.59,4.85,0.0,0.0,1.94
9000008823,2025-12-09 13:00,0.780833,17,4,21,29,34,64,78,86,164,40,12,51,32.0,16.41,26.56,36.72,16.41,0.78,2.34,0.78,0.0
9000008823,2025-12-09 14:00,0.629444,24,6,30,41,39,80,70,133,203,21,30,51,29.5,11.72,25.78,50.0,10.94,1.56,0.78,0.0,0.0
9000008823,2025-12-09 15:00,0.346944,12,7,18,48,51,99,63,115,178,21,15,36,34.0,4.84,32.26,37.1,16.13,4.84,3.23,3.23,0.0
9000008823,2025-12-10 08:00,0.385,61,16,77,95,64,159,84,50,133,18,3,21,31.5,9.8,27.45,41.18,21.57,0.0,0.0,0.0,0.0
9000008823,2025-12-10 09:00,0.792222,35,10,45,66,34,100,90,47,137,20,9,29,29.0,9.26,40.74,37.96,7.41,0.93,2.78,0.93,0.0
9000008823,2025-12-10 10:00,0.782778,28,10,38,50,27,77,75,42,117,23,11,34,30.0,7.61,32.61,44.57,13.04,1.09,1.09,0.0,0.0
9000008823,2025-12-10 11:00,0.788056,18,8,25,32,48,80,103,52,155,28,10,38,30.0,14.75,18.03,52.46,14.75,0.0,0.0,0.0,0.0
9000008823,2025-12-10 12:00,0.78,27,12,38,60,35,95,53,38,91,23,16,39,29.0,19.72,30.99,39.44,8.45,0.0,0.0,1.41,0.0
9000008823,2025-12-10 13:00,0.783889,26,11,37,58,47,105,85,78,162,11,10,21,30.0,8.66,27.56,49.61,11.02,1.57,0.79,0.79,0.0
9000008823,2025-12-10 14:00,0.763889,16,10,26,70,56,126,119,100,219,26,10,36,29.0,10.78,35.33,42.51,9.58,1.2,0.0,0.6,0.0
9000008823,2025-12-10 15:00,0.307778,12,7,19,88,51,139,111,90,201,17,20,37,28.0,11.29,40.32,41.94,4.84,3.23,0.0,0.0,0.0
9000008823,2025-12-11 08:00,0.593333,45,23,67,95,58,153,79,37,116,11,9,20,32.0,11.59,33.33,36.23,15.94,2.9,0.0,1.45,1.45
9000008823,2025-12-11 09:00,0.793056,47,11,58,89,53,142,85,42,126,30,11,42,29.5,10.0,38.0,38.0,10.0,3.0,0.0,0.0,1.0
9000008823,2025-12-11 10:00,0.764722,28,8,35,39,26,66,59,45,104,12,8,19,33.0,7.5,27.5,41.25,21.25,1.25,1.25,0.0,0.0
9000008823,2025-12-11 11:00,0.777222,24,5,29,51,38,90,104,47,151,19,17,36,30.0,16.24,31.62,37.61,12.82,2.56,0.0,0.0,0.0
9000008823,2025-12-11 12:00,0.779444,19,8,27,66,40,106,110,69,180,23,15,38,29.0,12.14,32.86,43.57,8.57,2.14,0.71,0.0,0.0
9000008823,2025-12-11 13:00,0.794722,23,13,35,60,59,119,106,124,230,23,18,40,31.0,9.29,21.31,51.37,15.3,1.64,0.0,0.55,0.0
9000008823,2025-12-11 14:00,0.79,27,11,38,68,52,120,108,85,193,19,20,39,29.0,13.07,30.07,45.75,9.8,1.31,0.0,0.0,0.0
9000008823,2025-12-11 15:00,0.628333,6,8,14,66,61,127,115,104,219,35,12,46,28.0,15.22,39.13,37.68,5.8,1.45,0.0,0.0,0.0
9000008823,2025-12-12 08:00,0.588611,23,4,27,89,57,146,91,55,146,15,7,22,32.0,6.98,32.56,38.37,19.77,2.33,0.0,0.0,0.0
9000008823,2025-12-12 09:00,0.790278,22,8,29,78,42,120,72,28,100,16,9,25,30.0,6.33,31.65,48.1,8.86,3.8,1.27,0.0,0.0
9000008823,2025-12-12 10:00,0.783056,38,13,51,46,35,80,75,47,123,19,13,32,29.5,5.21,31.25,52.08,9.38,1.04,1.04,0.0,0.0
9000008823,2025-12-12 11:00,0.791389,35,14,49,51,37,87,89,52,141,29,9,38,32.0,9.91,36.04,33.33,19.82,0.9,0.0,0.0,0.0
9000008823,2025-12-12 12:00,0.786389,18,8,25,60,32,91,98,62,160,30,8,38,29.5,16.8,34.4,36.8,11.2,1.6,0.0,0.0,0.0
9000008823,2025-12-12 13:00,0.783333,14,8,22,79,68,147,111,137,248,37,13,50,31.0,18.04,27.32,38.14,14.43,1.03,1.03,0.0,0.0
9000008823,2025-12-12 14:00,0.777222,22,8,30,81,60,141,133,80,213,30,33,63,27.5,30.72,27.71,34.94,6.63,0.0,0.0,0.0,0.0
9000008823,2025-12-12 15:00,0.701389,10,5,16,100,94,195,111,100,211,21,14,35,29.5,11.49,30.41,46.62,11.49,0.68,0.0,0.0,0.0
9000008823,2025-12-13 08:00,0.251389,4,0,4,6,4,10,28,39,67,10,2,12,32.0,0.0,17.65,58.82,17.65,0.0,0.0,0.0,0.0
9000008823,2025-12-13 09:00,0.801111,12,4,16,24,25,49,39,32,71,15,6,21,32.5,5.26,22.81,47.37,22.81,1.75,0.0,0.0,0.0
9000008823,2025-12-13 10:00,0.7925,7,9,16,44,28,72,49,33,82,14,4,18,29.0,3.08,29.23,58.46,9.23,0.0,0.0,0.0,0.0
9000008823,2025-12-13 11:00,0.793333,9,4,13,51,25,77,73,54,127,18,4,21,30.5,9.9,32.67,41.58,13.86,0.0,0.99,0.99,0.0
9000008823,2025-12-13 12:00,0.785278,10,8,18,60,48,108,80,59,139,11,8,19,32.0,8.26,29.36,42.2,15.6,3.67,0.92,0.0,0.0
9000008823,2025-12-13 13:00,0.776389,27,12,39,50,49,99,131,69,201,16,12,27,28.5,9.62,33.97,46.79,8.97,0.64,0.0,0.0,0.0
9000008823,2025-12-13 14:00,0.778333,22,5,27,62,52,114,170,81,251,15,5,21,28.0,25.13,31.28,33.85,7.69,1.54,0.0,0.51,0.0
9000008823,2025-12-13 15:00,0.336389,22,11,33,71,49,119,176,37,214,33,5,38,29.0,12.5,34.72,43.06,8.33,0.0,1.39,0.0,1.39
9000008823,2025-12-14 08:00,0.564444,4,0,4,9,7,16,19,22,42,2,0,2,36.5,0.0,25.0,37.5,37.5,0.0,0.0,0.0,0.0
9000008823,2025-12-14 09:00,0.790278,14,4,18,29,11,40,21,25,47,6,1,8,29.0,0.0,40.54,48.65,10.81,0.0,0.0,0.0,0.0
9000008823,2025-12-14 10:00,0.784722,25,8,33,58,23,81,34,38,73,8,8,15,30.5,1.75,22.81,59.65,15.79,0.0,0.0,0.0,0.0
9000008823,2025-12-14 11:00,0.765,38,16,54,53,53,105,56,30,86,4,1,5,29.5,12.12,30.3,43.94,10.61,1.52,0.0,0.0,0.0
9000008823,2025-12-14 12:00,0.738056,22,8,30,69,40,108,87,30,117,8,5,13,32.5,5.81,27.91,43.02,18.6,1.16,0.0,2.33,0.0
9000008823,2025-12-14 13:00,0.755833,19,13,32,70,69,139,57,48,105,1,4,5,32.5,3.8,29.11,46.84,13.92,3.8,2.53,0.0,0.0
9000008823,2025-12-14 14:00,0.787222,19,6,25,78,59,137,90,72,163,19,3,22,29.0,12.5,32.03,44.53,8.59,0.78,1.56,0.0,0.0
9000008823,2025-12-14 15:00,0.673611,10,7,17,60,75,135,97,50,147,1,5,6,30.0,3.03,35.35,48.48,11.11,1.01,2.02,0.0,1.01
9000008823,2025-12-15 08:00,0.536944,38,6,43,119,43,162,107,55,162,9,9,18,33.5,3.45,26.44,48.28,12.64,9.2,0.0,0.0,0.0
9000008823,2025-12-15 09:00,0.784722,38,12,50,89,51,140,79,64,143,31,13,44,29.5,9.82,34.82,41.96,13.39,0.0,0.0,0.0,0.0
9000008823,2025-12-15 10:00,0.783056,19,5,24,54,41,94,90,76,166,23,13,36,30.5,12.31,35.38,35.38,15.38,0.77,0.0,0.0,0.77
9000008823,2025-12-15 11:00,0.782222,15,13,28,44,45,88,107,59,166,28,22,50,29.0,10.77,30.0,46.92,9.23,2.31,0.77,0.0,0.0
9000008823,2025-12-15 12:00,0.791389,22,14,35,51,30,81,129,82,211,42,15,57,30.0,15.57,27.54,41.32,14.37,0.6,0.0,0.0,0.6
9000008823,2025-12-15 13:00,0.791944,23,10,33,64,52,116,109,88,197,14,22,35,29.5,8.33,38.46,39.1,11.54,1.92,0.64,0.0,0.0
9000008823,2025-12-15 14:00,0.7875,23,15,38,52,71,123,98,101,199,32,22,53,29.0,11.54,32.05,44.23,8.97,1.92,0.64,0.64,0.0
9000008823,2025-12-15 15:00,0.694722,15,16,31,62,75,137,101,88,189,19,9,28,28.5,18.32,20.61,51.15,7.63,0.76,0.76,0.0,0.0
9000008823,2025-12-16 08:00,0.504444,23,6,30,107,59,166,111,29,140,15,10,25,29.5,23.94,29.58,32.39,8.45,5.63,0.0,0.0,0.0
9000008823,2025-12-16 09:00,0.784444,17,14,31,108,46,154,96,41,137,22,10,32,29.0,6.54,41.12,41.12,11.21,0.0,0.0,0.0,0.0
9000008823,2025-12-16 10:00,0.766389,30,5,35,54,28,82,72,53,125,27,12,39,30.0,8.33,33.33,43.75,13.54,1.04,0.0,0.0,0.0
9000008823,2025-12-16 11:00,0.788333,29,16,46,45,34,79,106,67,173,34,18,52,31.5,8.09,35.29,38.24,14.71,2.21,1.47,0.0,0.0
9000008823,2025-12-16 12:00,0.791667,23,18,40,46,43,89,97,59,157,19,13,31,32.0,12.1,29.84,39.52,14.52,3.23,0.81,0.0,0.0
9000008823,2025-12-16 13:00,0.791944,34,9,43,57,48,105,82,78,160,21,20,42,30.5,11.81,24.41,48.03,12.6,1.57,0.79,0.79,0.0
9000008823,2025-12-16 14:00,0.7775,25,21,45,51,64,116,115,78,193,32,18,50,29.0,18.67,32.67,37.33,10.67,0.67,0.0,0.0,0.67
9000008823,2025-12-16 15:00,0.586389,12,10,22,72,180,252,95,67,162,14,9,23,29.0,13.68,37.89,40.0,7.37,1.05,2.11,0.0,0.0
9000008823,2025-12-17 08:00,0.560833,15,7,22,109,58,167,90,40,130,9,5,14,33.0,9.59,20.55,50.68,16.44,4.11,0.0,0.0,0.0
9000008823,2025-12-17 09:00,0.780278,28,6,35,99,52,151,85,55,140,24,13,37,29.5,7.34,33.03,47.71,11.01,0.92,0.0,0.0,0.0
9000008823,2025-12-17 10:00,0.780556,26,18,44,35,28,63,118,43,161,24,12,36,28.0,15.08,36.51,42.86,5.56,0.0,0.0,0.0,0.0
9000008823,2025-12-17 11:00,0.788611,32,14,46,37,24,61,82,37,119,21,9,30,30.0,4.26,23.4,57.45,11.7,3.19,0.0,0.0,0.0
9000008823,2025-12-17 12:00,0.783056,37,14,51,68,45,112,113,63,176,33,12,45,27.5,10.87,41.3,38.41,9.42,0.0,0.0,0.0,0.0
9000008823,2025-12-17 13:00,0.782222,22,14,36,69,44,112,142,65,207,31,17,47,28.5,14.81,32.72,43.83,6.79,1.85,0.0,0.0,0.0
9000008823,2025-12-17 14:00,0.777222,34,22,56,62,59,121,93,120,213,28,17,45,29.0,10.3,29.7,47.27,10.3,1.21,1.21,0.0,0.0
9000008823,2025-12-17 15:00,0.751389,13,16,29,77,64,141,118,115,233,13,24,38,29.0,17.71,34.86,35.43,10.29,0.57,1.14,0.57,0.0
9000008823,2025-12-18 08:00,0.408333,3,2,5,88,50,138,63,40,103,3,7,10,33.5,2.38,38.1,35.71,19.05,2.38,0.0,0.0,0.0
9000008823,2025-12-18 09:00,0.771667,42,8,49,98,39,137,94,48,143,21,12,33,29.0,11.82,28.18,48.18,9.09,1.82,0.0,0.0,0.91
9000008823,2025-12-18 10:00,0.782778,22,15,37,41,21,61,88,60,148,20,10,31,29.5,6.9,26.72,52.59,12.07,1.72,0.0,0.0,0.0
9000008823,2025-12-18 11:00,0.777222,16,8,24,46,44,89,123,60,183,22,9,31,29.5,9.15,29.58,48.59,9.15,2.82,0.7,0.0,0.0
9000008823,2025-12-18 12:00,0.774167,25,17,41,56,39,94,115,63,178,23,13,36,32.5,6.52,28.99,43.48,19.57,1.45,0.0,0.0,0.0
9000008823,2025-12-18 13:00,0.775833,23,21,44,61,65,126,123,95,218,20,23,44,30.0,7.69,28.4,49.7,10.65,3.55,0.0,0.0,0.0
9000008823,2025-12-18 14:00,0.782778,20,14,34,60,46,106,133,106,239,32,18,50,28.5,12.3,33.69,43.32,8.56,1.6,0.53,0.0,0.0
9000008823,2025-12-18 15:00,0.661111,25,9,34,92,74,166,112,112,224,23,18,41,27.5,17.57,40.54,31.76,7.43,2.7,0.0,0.0,0.0
9000008823,2025-12-19 08:00,0.562222,21,24,45,68,40,108,101,64,164,13,4,17,31.5,7.61,26.09,48.91,10.87,5.43,0.0,0.0,0.0
9000008823,2025-12-19 09:00,0.785556,40,13,53,68,42,111,99,55,154,22,9,31,29.0,9.09,33.88,45.45,9.92,0.83,0.83,0.0,0.0
9000008823,2025-12-19 10:00,0.786944,19,15,34,43,37,80,74,52,126,18,13,31,32.5,5.05,34.34,40.4,16.16,2.02,1.01,1.01,0.0
9000008823,2025-12-19 11:00,0.777778,22,15,37,50,42,92,110,62,171,25,14,39,30.5,13.53,30.83,39.85,14.29,0.75,0.0,0.75,0.0
9000008823,2025-12-19 12:00,0.781389,19,15,35,51,59,110,136,76,211,27,10,37,30.0,6.67,29.7,49.09,12.73,1.82,0.0,0.0,0.0
9000008823,2025-12-19 13:00,0.775833,22,9,31,45,41,86,141,70,210,35,26,61,29.5,13.5,32.52,39.88,11.04,2.45,0.61,0.0,0.0
9000008823,2025-12-19 14:00,0.7925,18,24,42,87,53,140,113,98,212,19,30,49,28.0,17.86,41.07,30.36,8.33,2.38,0.0,0.0,0.0
9000008823,2025-12-19 15:00,0.590833,40,9,49,72,104,176,147,99,246,13,8,21,35.0,20.0,25.52,26.21,17.24,1.38,0.0,0.0,10.34
9000008823,2025-12-20 08:00,0.427222,20,2,22,13,9,22,20,5,25,2,0,2,35.0,0.0,18.18,36.36,45.45,0.0,0.0,0.0,0.0
9000008823,2025-12-20 09:00,0.791667,13,5,18,24,20,44,24,20,44,8,4,11,36.5,0.0,14.29,62.86,14.29,5.71,0.0,0.0,2.86
9000008823,2025-12-20 10:00,0.783333,36,10,46,42,26,68,51,36,87,13,3,15,34.0,4.41,22.06,52.94,14.71,2.94,2.94,0.0,0.0
9000008823,2025-12-20 11:00,0.784722,32,15,47,51,34,85,60,48,108,9,0,9,32.5,7.06,28.24,43.53,16.47,3.53,1.18,0.0,0.0
9000008823,2025-12-20 12:00,0.796389,25,19,44,38,43,80,80,55,136,14,3,16,32.0,6.48,27.78,44.44,20.37,0.93,0.0,0.0,0.0
9000008823,2025-12-20 13:00,0.78,45,21,65,47,45,92,133,65,199,21,6,27,29.5,5.16,30.32,51.61,12.9,0.0,0.0,0.0,0.0
9000008823,2025-12-20 14:00,0.791944,41,14,54,67,56,122,140,72,212,10,3,13,32.5,9.52,22.02,47.02,16.67,2.98,1.19,0.0,0.6
9000008823,2025-12-20 15:00,0.716944,26,10,36,54,52,106,164,68,233,21,10,31,28.5,23.95,31.14,32.93,7.19,2.99,0.0,0.6,0.6
9000008823,2025-12-21 08:00,0.303611,14,0,14,3,0,3,8,3,10,0,0,0,33.5,0.0,0.0,66.67,66.67,0.0,0.0,0.0,0.0
9000008823,2025-12-21 09:00,0.661389,10,4,14,9,11,20,28,20,48,2,3,5,31.0,6.45,32.26,45.16,16.13,0.0,0.0,0.0,0.0
9000008823,2025-12-21 10:00,0.792778,9,10,19,20,23,43,30,17,47,5,5,10,35.5,8.11,24.32,32.43,27.03,8.11,0.0,0.0,0.0
9000008823,2025-12-21 11:00,0.796944,28,6,34,25,15,40,34,34,68,0,1,1,34.5,1.85,18.52,50.0,24.07,5.56,0.0,0.0,0.0
9000008823,2025-12-21 12:00,0.785278,19,10,29,28,32,60,46,41,87,5,0,5,31.0,2.94,22.06,57.35,13.24,2.94,1.47,0.0,0.0
9000008823,2025-12-21 13:00,0.703056,28,14,42,39,29,69,64,58,122,3,5,8,32.5,4.65,25.58,50.0,16.28,3.49,0.0,0.0,0.0
9000008823,2025-12-21 14:00,0.341667,28,19,47,41,33,74,38,51,89,17,4,21,29.5,10.0,30.0,46.67,13.33,0.0,0.0,0.0,0.0
9000008823,2025-12-21 15:00,0.361111,16,12,28,49,19,68,47,61,108,0,3,3,31.0,0.0,20.51,64.1,10.26,7.69,0.0,0.0,0.0
9000008823,2025-12-22 08:00,0.074722,13,0,13,13,54,67,54,27,80,0,13,13,30.5,0.0,33.33,50.0,16.67,0.0,0.0,0.0,0.0
9000008823,2025-12-22 09:00,0.713056,26,5,31,41,25,66,62,65,126,9,14,23,26.0,3.33,55.56,36.67,4.44,0.0,0.0,0.0,0.0
9000008823,2025-12-22 10:00,0.789444,32,10,42,38,28,66,104,53,157,22,10,32,29.0,12.1,36.29,41.13,8.06,2.42,0.0,0.0,0.0
9000008823,2025-12-22 11:00,0.786389,17,4,20,24,20,45,109,58,168,13,10,23,31.0,7.58,25.0,51.52,10.61,5.3,0.0,0.0,0.0
9000008823,2025-12-22 12:00,0.794167,21,6,28,50,28,78,89,50,140,16,11,28,30.0,9.91,30.63,44.14,14.41,0.9,0.0,0.0,0.0
9000008823,2025-12-22 13:00,0.714722,29,10,39,38,33,70,151,94,245,37,16,53,31.5,9.14,34.29,38.29,16.57,1.14,0.0,0.57,0.57
9000008823,2025-12-22 14:00,0.721389,14,3,16,35,41,75,193,63,256,31,12,43,29.5,27.57,21.62,37.3,11.35,1.62,0.54,0.0,0.0
9000008823,2025-12-22 15:00,0.085833,0,0,0,12,12,23,117,140,256,35,0,35,23.5,63.64,9.09,18.18,9.09,0.0,0.0,0.0,0.0
9000008823,2025-12-23 08:00,0.29,20,0,20,17,26,44,48,24,72,0,0,0,29.5,4.76,52.38,28.57,9.52,4.76,0.0,0.0,0.0
9000008823,2025-12-23 09:00,0.789722,11,6,18,35,23,58,51,49,100,10,1,11,35.0,2.53,22.78,50.63,15.19,6.33,0.0,0.0,2.53
9000008823,2025-12-23 10:00,0.776111,10,5,16,26,27,53,59,47,107,10,14,25,30.0,3.61,36.14,45.78,12.05,2.41,0.0,0.0,0.0
9000008823,2025-12-23 11:00,0.790833,15,8,23,29,27,56,77,46,123,11,17,28,29.5,7.22,28.87,51.55,9.28,3.09,0.0,0.0,0.0
9000008823,2025-12-23 12:00,0.790278,18,10,28,34,30,65,102,86,188,24,16,40,31.0,8.72,20.81,53.02,14.77,2.01,0.67,0.0,0.0
9000008823,2025-12-23 13:00,0.794167,24,5,29,39,29,68,161,93,254,30,9,39,29.5,17.33,24.75,44.06,12.87,0.5,0.5,0.0,0.0
9000008823,2025-12-23 14:00,0.792778,13,16,29,34,42,76,126,149,275,21,23,44,31.5,14.22,24.77,42.66,15.14,2.29,0.92,0.0,0.0
9000008823,2025-12-23 15:00,0.614722,14,8,22,44,32,76,131,79,210,26,10,36,28.5,19.38,37.98,31.01,10.08,0.78,0.0,0.78,0.0
9000008823,2025-12-24 08:00,0.548611,10,2,12,3,5,8,39,7,46,9,0,9,40.5,0.0,20.0,28.0,36.0,16.0,0.0,0.0,0.0
9000008823,2025-12-24 09:00,0.776944,4,3,6,24,12,36,30,24,54,1,4,5,34.5,0.0,11.9,52.38,33.33,2.38,0.0,0.0,0.0
9000008823,2025-12-24 10:00,0.761667,4,3,7,38,13,51,58,31,89,4,3,7,33.0,5.88,38.24,32.35,22.06,0.0,1.47,0.0,0.0
9000008823,2025-12-24 11:00,0.785278,5,4,9,23,29,52,62,41,103,3,0,3,34.0,1.23,20.99,50.62,18.52,6.17,2.47,0.0,0.0
9000008823,2025-12-24 12:00,0.804167,9,6,15,23,27,51,80,42,122,5,4,9,34.0,1.02,19.39,57.14,16.33,4.08,1.02,1.02,0.0
9000008823,2025-12-24 13:00,0.789722,26,14,40,33,20,53,87,71,158,6,8,14,32.5,4.84,21.77,52.42,17.74,4.03,0.0,0.0,0.0
9000008823,2025-12-24 14:00,0.785833,18,18,36,32,44,76,101,134,235,10,8,18,32.5,5.95,18.92,52.97,20.0,1.08,1.08,0.0,0.0
9000008823,2025-12-24 15:00,0.721944,13,12,24,18,28,46,79,58,137,5,7,12,33.0,5.05,32.32,40.4,17.17,4.04,1.01,0.0,0.0
9000008823,2025-12-24 16:00,0.04,0,0,0,25,25,50,25,25,50,0,0,0,28.5,0.0,50.0,50.0,0.0,0.0,0.0,0.0,0.0
9000008823,2025-12-25 08:00,0.474167,3,2,5,0,0,0,9,5,14,2,0,2,33.0,14.29,28.57,42.86,14.29,14.29,0.0,0.0,0.0
9000008823,2025-12-25 09:00,0.782778,3,1,4,3,3,5,6,14,20,1,0,1,37.5,0.0,37.5,31.25,31.25,0.0,0.0,0.0,0.0
9000008823,2025-12-25 10:00,0.796667,1,1,3,10,6,16,23,16,39,3,1,4,33.0,6.45,25.81,38.71,25.81,0.0,3.23,0.0,0.0
9000008823,2025-12-25 11:00,0.783333,6,6,13,6,9,15,40,24,64,1,3,4,29.0,4.0,38.0,46.0,12.0,0.0,0.0,0.0,0.0
9000008823,2025-12-25 12:00,0.785833,4,3,6,20,11,32,38,33,71,5,3,8,31.5,3.57,37.5,41.07,17.86,0.0,0.0,0.0,0.0
9000008823,2025-12-25 13:00,0.803611,4,2,6,10,9,19,39,35,73,2,2,5,33.0,1.69,15.25,62.71,15.25,5.08,0.0,0.0,0.0
9000008823,2025-12-25 14:00,0.782778,4,5,9,27,17,43,42,33,75,1,4,5,32.0,3.39,28.81,49.15,11.86,3.39,1.69,0.0,1.69
9000008823,2025-12-25 15:00,0.799722,5,4,9,14,24,38,58,31,89,0,3,3,31.5,2.82,22.54,56.34,12.68,5.63,0.0,0.0,0.0
9000008823,2025-12-25 16:00,0.040556,0,0,0,25,49,74,99,25,123,0,0,0,26.5,0.0,20.0,80.0,0.0,0.0,0.0,0.0,0.0
9000008823,2025-12-26 08:00,0.463889,2,0,2,14,0,14,6,9,16,0,0,0,47.5,0.0,28.57,0.0,42.86,28.57,0.0,0.0,0.0
9000008823,2025-12-26 09:00,0.793611,4,0,4,4,1,5,11,10,21,0,0,0,33.0,0.0,5.88,58.82,35.29,0.0,0.0,0.0,0.0
9000008823,2025-12-26 10:00,0.800833,1,4,5,15,1,16,15,19,34,3,1,4,33.0,14.81,14.81,37.04,33.33,0.0,0.0,0.0,0.0
9000008823,2025-12-26 11:00,0.790556,5,3,8,19,9,28,37,19,56,4,1,5,33.5,0.0,22.73,45.45,25.0,4.55,2.27,0.0,0.0
9000008823,2025-12-26 12:00,0.801944,5,1,6,20,17,37,35,51,86,4,2,6,28.5,2.9,39.13,49.28,8.7,0.0,0.0,0.0,0.0
9000008823,2025-12-26 13:00,0.784722,13,8,21,33,18,51,76,64,140,6,8,14,31.5,1.82,22.73,56.36,15.45,2.73,0.91,0.0,0.0
9000008823,2025-12-26 14:00,0.796111,10,10,20,20,19,39,39,54,93,6,2,9,33.5,2.7,28.38,45.95,17.57,2.7,1.35,1.35,0.0
9000008823,2025-12-26 15:00,0.627778,1,3,4,8,24,32,62,49,111,0,3,3,31.5,5.71,15.71,60.0,17.14,4.29,0.0,0.0,0.0
9000008823,2025-12-27 08:00,0.321111,0,4,4,9,0,9,6,10,16,4,2,5,27.0,0.0,20.0,80.0,0.0,0.0,0.0,0.0,0.0
9000008823,2025-12-27 09:00,0.741111,5,7,12,8,7,14,27,19,45,3,5,8,30.0,0.0,42.42,42.42,12.12,3.03,0.0,0.0,0.0
9000008823,2025-12-27 10:00,0.796111,9,5,14,10,10,20,29,20,49,4,5,9,29.5,5.13,25.64,56.41,7.69,5.13,0.0,0.0,0.0
9000008823,2025-12-27 11:00,0.790833,10,5,15,16,14,30,24,31,55,8,6,14,27.0,6.98,44.19,39.53,9.3,0.0,0.0,0.0,0.0
9000008823,2025-12-27 12:00,0.788333,15,1,17,17,11,28,53,38,91,5,3,8,31.5,1.39,25.0,54.17,16.67,1.39,1.39,0.0,0.0
9000008823,2025-12-27 13:00,0.791111,15,9,24,19,15,34,86,43,130,10,1,11,31.5,2.91,23.3,54.37,15.53,0.97,0.97,0.0,0.97
9000008823,2025-12-27 14:00,0.724722,13,4,17,23,16,39,105,60,165,16,8,24,31.5,1.67,34.17,47.5,14.17,1.67,0.83,0.0,0.83
9000008823,2025-12-27 15:00,0.319444,15,4,18,31,22,53,198,62,260,7,2,9,32.0,2.41,21.69,59.04,15.66,2.41,0.0,0.0,0.0
9000008823,2025-12-28 08:00,0.5175,0,0,0,4,2,6,5,2,7,2,2,4,34.0,0.0,0.0,25.0,75.0,0.0,0.0,0.0,0.0
9000008823,2025-12-28 09:00,0.463333,10,2,11,13,7,20,16,8,24,0,2,2,31.0,0.0,45.45,36.36,18.18,0.0,0.0,0.0,0.0
9000008823,2025-12-28 10:00,0.790556,13,1,14,13,5,18,27,15,42,8,3,10,28.0,0.0,42.42,51.52,6.06,0.0,0.0,0.0,0.0
9000008823,2025-12-28 11:00,0.801389,14,3,16,20,12,33,24,24,47,9,1,10,29.5,2.63,39.47,44.74,13.16,0.0,0.0,0.0,0.0
9000008823,2025-12-28 12:00,0.785556,22,14,36,19,18,37,41,33,74,3,3,5,30.5,3.45,34.48,46.55,13.79,0.0,0.0,0.0,1.72
9000008823,2025-12-28 13:00,0.791111,33,21,54,32,28,59,43,33,76,8,3,10,29.5,3.33,31.67,53.33,8.33,3.33,0.0,0.0,0.0
9000008823,2025-12-28 14:00,0.5225,40,16,57,41,40,81,51,15,66,7,2,9,33.0,8.82,32.35,38.24,23.53,2.94,0.0,0.0,0.0
9000008823,2025-12-28 15:00,0.453056,23,11,34,29,60,89,58,40,98,5,0,5,30.0,4.55,20.45,59.09,15.91,0.0,0.0,0.0,0.0
9000008823,2025-12-28 16:00,0.013333,0,0,0,75,0,75,0,0,0,0,0,0,,0.0,0.0,0.0,0.0,0.0,0.0,0.0,0.0
9000008823,2025-12-29 08:00,0.484167,3,2,5,16,2,17,23,28,50,5,3,9,41.5,0.0,8.33,62.5,8.33,12.5,8.33,0.0,0.0
9000008823,2025-12-29 09:00,0.779444,12,5,17,14,4,18,36,41,77,13,8,20,33.5,3.33,21.67,50.0,16.67,3.33,1.67,3.33,0.0
9000008823,2025-12-29 10:00,0.769722,13,4,17,16,16,31,56,45,101,13,14,28,30.0,7.69,30.77,46.15,12.82,1.28,0.0,0.0,0.0
9000008823,2025-12-29 11:00,0.768611,6,8,14,30,6,36,85,48,133,22,5,27,32.5,7.84,18.63,52.94,15.69,2.94,1.96,0.0,0.0
9000008823,2025-12-29 12:00,0.739722,21,7,28,30,26,56,84,68,152,13,7,20,32.5,8.93,27.68,42.86,16.96,0.89,0.89,1.79,0.0
9000008823,2025-12-29 13:00,0.761389,8,11,18,29,29,58,117,126,243,20,10,30,30.5,12.43,28.65,43.24,14.05,1.62,0.0,0.0,0.0
9000008823,2025-12-29 14:00,0.770556,20,10,30,30,35,65,156,64,220,22,17,39,30.0,13.02,26.04,45.56,12.43,2.37,0.59,0.0,0.0
9000008823,2025-12-29 15:00,0.335833,9,16,25,50,40,90,108,52,160,11,7,18,33.0,11.11,29.63,33.33,24.07,3.7,0.0,0.0,0.0
9000008823,2025-12-30 08:00,0.403889,6,6,12,21,7,28,19,13,32,7,12,19,28.5,0.0,38.46,61.54,7.69,0.0,0.0,0.0,0.0
9000008823,2025-12-30 09:00,0.730556,24,8,31,24,10,33,28,19,47,12,14,26,29.0,11.43,31.43,45.71,11.43,0.0,0.0,0.0,0.0
9000008823,2025-12-30 10:00,0.775278,28,12,40,22,12,34,49,44,93,12,8,19,32.5,6.94,30.56,37.5,23.61,1.39,0.0,0.0,0.0
9000008823,2025-12-30 11:00,0.77,27,8,35,29,30,59,66,72,138,9,8,17,33.5,3.77,25.47,43.4,22.64,4.72,0.0,0.0,0.0
9000008823,2025-12-30 12:00,0.758333,34,17,51,56,28,84,96,54,150,18,8,26,29.0,13.16,31.58,42.98,8.77,1.75,0.0,0.88,0.0
9000008823,2025-12-30 13:00,0.698889,9,17,26,52,41,93,171,87,258,17,4,22,29.5,23.89,32.78,29.44,12.22,1.67,0.0,0.0,0.0
9000008823,2025-12-30 14:00,0.765,20,12,31,42,27,69,175,94,270,21,9,30,30.5,17.48,28.64,37.86,14.08,1.46,0.49,0.0,0.0
9000008823,2025-12-30 15:00,0.748889,12,12,24,34,37,72,92,54,145,23,16,39,24.0,37.61,29.36,28.44,2.75,0.0,1.83,0.0,0.0
9000008823,2025-12-30 16:00,0.048056,21,0,21,42,62,104,125,42,166,42,0,42,27.0,25.0,25.0,50.0,0.0,0.0,0.0,0.0,0.0
9000008823,2025-12-31 08:00,0.310278,4,0,4,0,4,4,32,8,41,2,0,2,29.0,46.15,15.38,30.77,7.69,0.0,0.0,0.0,0.0
9000008823,2025-12-31 09:00,0.771667,0,1,1,4,1,5,17,6,23,3,0,3,23.5,27.78,33.33,38.89,0.0,0.0,0.0,0.0,0.0
9000008823,2025-12-31 10:00,0.787778,6,3,9,11,6,18,35,25,60,8,4,11,26.0,10.42,35.42,45.83,4.17,0.0,4.17,0.0,0.0
9000008823,2025-12-31 11:00,0.786944,16,8,24,29,10,39,53,28,81,5,5,10,27.5,7.81,39.06,45.31,7.81,0.0,0.0,0.0,0.0
9000008823,2025-12-31 12:00,0.776111,8,13,21,10,23,34,68,41,110,4,4,8,33.5,1.18,20.0,50.59,22.35,5.88,0.0,0.0,0.0
9000008823,2025-12-31 13:00,0.787222,11,13,24,29,28,57,80,51,131,14,8,22,32.0,1.94,24.27,54.37,14.56,3.88,0.0,0.0,0.97
9000008823,2025-12-31 14:00,0.788333,11,6,18,25,29,55,81,85,167,5,6,11,32.0,7.63,18.32,52.67,19.08,1.53,0.76,0.0,0.0
9000008823,2025-12-31 15:00,0.379167,4,4,8,23,9,33,106,50,156,11,7,18,33.5,5.08,27.12,49.15,18.64,1.69,0.0,0.0,0.0
9000008823,2026-01-01 08:00,0.048611,0,0,0,0,0,0,0,0,0,0,0,0,,0.0,0.0,0.0,0.0,0.0,0.0,0.0,0.0
9000008823,2026-01-01 09:00,0.709722,3,3,6,5,5,10,3,11,14,0,0,0,38.5,0.0,20.0,40.0,30.0,10.0,0.0,0.0,0.0
9000008823,2026-01-01 10:00,0.722222,2,2,4,4,2,7,11,9,21,0,1,1,29.5,6.67,26.67,53.33,13.33,0.0,0.0,0.0,0.0
9000008823,2026-01-01 11:00,0.783056,6,0,6,8,6,14,13,14,27,0,1,1,32.0,0.0,9.52,71.43,19.05,0.0,0.0,0.0,0.0
9000008823,2026-01-01 12:00,0.790556,1,6,7,10,4,14,27,21,48,0,0,0,38.0,0.0,18.42,47.37,23.68,7.89,0.0,2.63,0.0
9000008823,2026-01-01 13:00,0.788056,13,11,24,15,13,28,29,24,53,9,3,12,31.0,0.0,14.29,69.05,9.52,7.14,0.0,0.0,0.0
9000008823,2026-01-01 14:00,0.723056,13,6,20,20,23,43,34,30,65,1,4,5,34.0,4.26,21.28,51.06,21.28,4.26,0.0,0.0,0.0
9000008823,2026-01-01 15:00,0.310556,5,14,19,36,26,62,47,35,82,4,0,4,35.5,3.85,15.38,50.0,23.08,3.85,0.0,0.0,0.0
9000008823,2026-01-02 08:00,0.3825,10,0,10,20,0,20,39,30,69,10,12,22,29.0,3.85,26.92,57.69,11.54,0.0,0.0,0.0,0.0
9000008823,2026-01-02 09:00,0.78,6,0,6,14,9,23,41,27,68,10,5,15,32.5,9.43,26.42,41.51,20.75,1.89,0.0,0.0,0.0
9000008823,2026-01-02 10:00,0.792778,11,0,11,15,9,24,39,43,82,18,4,21,33.0,1.54,23.08,52.31,21.54,1.54,0.0,0.0,0.0
9000008823,2026-01-02 11:00,0.775,14,4,18,22,14,36,80,50,130,14,4,18,33.0,2.97,23.76,48.51,22.77,1.98,0.0,0.0,0.0
9000008823,2026-01-02 12:00,0.796389,4,7,11,15,16,31,76,42,118,16,5,21,29.5,7.45,28.72,50.0,13.83,0.0,0.0,0.0,0.0
9000008823,2026-01-02 13:00,0.775278,14,10,25,18,19,37,131,74,205,29,17,45,30.0,17.61,25.79,41.51,13.84,0.63,0.0,0.0,0.0
9000008823,2026-01-02 14:00,0.447778,16,12,28,21,32,53,101,64,166,19,8,26,29.0,13.51,32.43,44.59,9.46,1.35,0.0,0.0,0.0
9000008823,2026-01-02 15:00,0.515278,6,7,13,21,33,54,98,71,169,10,8,18,31.0,11.49,25.29,47.13,12.64,3.45,0.0,0.0,1.15
9000008823,2026-01-03 08:00,0.302778,5,5,11,8,9,17,9,19,28,0,3,3,29.0,0.0,37.5,50.0,12.5,0.0,0.0,0.0,0.0
9000008823,2026-01-03 09:00,0.779167,2,4,6,8,4,12,17,3,19,3,0,3,28.5,13.33,33.33,40.0,6.67,6.67,0.0,0.0,0.0
9000008823,2026-01-03 10:00,0.774722,5,4,9,12,0,12,21,5,26,1,1,3,20.0,20.0,65.0,15.0,0.0,0.0,0.0,0.0,0.0
9000008823,2026-01-03 11:00,0.7625,5,1,7,17,6,24,34,16,50,4,1,5,21.5,28.95,52.63,18.42,0.0,0.0,0.0,0.0,0.0
9000008823,2026-01-03 12:00,0.766111,16,5,21,12,8,20,50,21,70,8,0,8,22.0,33.33,48.15,12.96,5.56,0.0,0.0,0.0,0.0
9000008823,2026-01-03 13:00,0.769167,17,9,26,14,12,26,43,34,77,8,3,10,26.0,13.56,57.63,23.73,3.39,1.69,0.0,0.0,0.0
9000008823,2026-01-03 14:00,0.768889,16,29,44,38,20,57,81,49,130,3,1,4,25.5,11.0,48.0,35.0,4.0,1.0,0.0,0.0,1.0
9000008823,2026-01-03 15:00,0.629722,17,28,45,26,30,56,137,83,220,1,3,4,28.5,23.02,42.45,23.02,5.04,2.16,2.16,0.72,1.44
9000008823,2026-01-04 08:00,0.576944,3,6,9,7,5,12,8,11,19,2,3,5,37.0,9.09,36.36,27.27,27.27,0.0,0.0,0.0,0.0
9000008823,2026-01-04 09:00,0.778611,10,5,15,10,6,17,15,10,25,1,2,4,26.0,5.26,52.63,31.58,10.53,0.0,0.0,0.0,0.0
9000008823,2026-01-04 10:00,0.774167,26,13,39,23,10,34,35,21,56,1,3,4,24.5,6.98,48.84,44.19,0.0,0.0,0.0,0.0,0.0
9000008823,2026-01-04 11:00,0.761667,18,17,36,26,8,34,30,32,62,5,0,5,28.5,2.13,34.04,53.19,10.64,0.0,0.0,0.0,0.0
9000008823,2026-01-04 12:00,0.780556,28,23,51,27,15,42,36,36,71,3,3,5,30.0,7.14,33.93,44.64,12.5,1.79,0.0,0.0,0.0
9000008823,2026-01-04 13:00,0.761944,22,30,52,25,25,50,41,47,88,3,4,6,27.5,8.96,35.82,46.27,4.48,2.99,0.0,0.0,1.49
9000008823,2026-01-04 14:00,0.768333,25,27,52,30,43,73,59,53,112,3,3,5,28.5,9.3,36.05,44.19,8.14,2.33,0.0,0.0,0.0
9000008823,2026-01-04 15:00,0.674167,23,21,44,34,26,60,67,57,124,1,0,1,33.0,1.2,24.1,53.01,16.87,3.61,3.61,0.0,0.0
9000008823,2026-01-05 08:00,0.258333,4,6,10,67,25,92,61,41,103,0,0,0,32.0,15.38,23.08,38.46,19.23,3.85,0.0,0.0,0.0
9000008823,2026-01-05 09:00,0.711111,25,8,33,26,26,52,100,39,139,10,4,14,29.0,6.06,33.33,51.52,8.08,2.02,0.0,0.0,0.0
9000008823,2026-01-05 10:00,0.791667,22,19,41,15,7,23,87,62,149,19,16,35,29.0,10.17,36.44,41.53,11.86,0.0,0.0,0.0,0.0
9000008823,2026-01-05 11:00,0.781111,23,9,32,8,9,17,88,43,132,12,6,18,28.0,11.65,36.89,42.72,6.8,1.94,0.0,0.0,0.0
9000008823,2026-01-05 12:00,0.791944,25,10,35,24,29,53,103,78,181,21,4,25,31.0,7.69,36.36,39.16,13.29,1.4,1.4,0.7,0.0
9000008823,2026-01-05 13:00,0.777222,28,17,45,16,22,37,106,83,188,19,14,34,29.0,11.64,28.77,48.63,9.59,1.37,0.0,0.0,0.0
9000008823,2026-01-05 14:00,0.789444,29,22,51,20,19,39,92,99,191,20,15,36,29.0,4.64,36.42,47.02,10.6,1.32,0.0,0.0,0.0
9000008823,2026-01-05 15:00,0.776389,37,30,67,46,47,93,95,108,204,8,12,19,31.5,5.7,29.75,46.84,14.56,1.27,0.0,1.27,0.63
9000008823,2026-01-05 16:00,0.210556,13,5,18,13,18,31,88,39,128,3,3,5,36.0,3.7,40.74,29.63,18.52,3.7,0.0,3.7,7.41
9000008823,2026-01-06 08:00,0.411111,19,5,23,58,8,66,106,46,152,8,8,15,32.0,6.45,20.97,53.23,14.52,0.0,1.61,0.0,1.61
9000008823,2026-01-06 09:00,0.786944,25,17,42,23,14,37,74,44,118,14,8,22,31.5,11.83,25.81,43.01,13.98,4.3,1.08,0.0,0.0
9000008823,2026-01-06 10:00,0.793889,11,8,19,27,13,39,74,67,141,9,10,19,26.5,16.96,37.5,37.5,5.36,2.68,0.0,0.0,0.0
9000008823,2026-01-06 11:00,0.782778,5,17,22,13,13,26,83,52,135,14,13,27,29.5,7.55,38.68,39.62,12.26,1.89,0.0,0.0,0.0
9000008823,2026-01-06 12:00,0.782778,20,10,31,19,17,36,68,50,118,14,8,22,31.5,6.52,23.91,48.91,18.48,0.0,1.09,0.0,1.09
9000008823,2026-01-06 13:00,0.781111,14,15,29,10,15,26,73,72,145,11,13,24,30.0,16.81,29.2,39.82,11.5,2.65,0.0,0.0,0.0
9000008823,2026-01-06 14:00,0.783889,27,26,52,25,26,51,88,94,183,9,14,23,29.5,4.2,23.78,58.74,11.19,0.7,0.7,0.7,0.0
9000008823,2026-01-06 15:00,0.771389,39,28,67,53,40,93,119,83,202,13,13,26,31.5,16.67,26.28,39.1,14.1,1.28,0.64,0.0,1.28
9000008823,2026-01-06 16:00,0.258611,5,16,21,49,39,88,88,39,127,5,3,8,31.5,9.09,30.3,39.39,15.15,3.03,0.0,0.0,0.0
9000008823,2026-01-07 08:00,0.268889,20,5,25,65,20,85,126,86,212,5,3,8,40.0,8.77,36.84,26.32,10.53,7.02,5.26,0.0,3.51
9000008823,2026-01-07 09:00,0.757778,23,5,28,34,11,45,65,40,105,13,9,22,30.0,8.75,33.75,43.75,13.75,0.0,0.0,0.0,1.25
9000008823,2026-01-07 10:00,0.787222,18,18,36,20,10,30,80,48,129,10,5,15,31.0,10.89,24.75,46.53,15.84,0.99,0.0,0.99,0.0
9000008823,2026-01-07 11:00,0.786944,24,18,42,24,10,35,76,33,109,18,9,26,29.0,11.63,24.42,53.49,10.47,0.0,0.0,0.0,0.0
9000008823,2026-01-07 12:00,0.788333,32,21,53,24,18,42,96,58,154,19,6,25,29.5,4.1,38.52,44.26,11.48,1.64,0.0,0.0,0.0
9000008823,2026-01-07 13:00,0.780833,24,35,59,20,26,46,78,65,144,17,10,27,29.5,7.14,33.93,44.64,12.5,1.79,0.0,0.0,0.0
9000008823,2026-01-07 14:00,0.787222,24,31,55,45,38,83,96,88,184,15,10,25,32.5,11.72,31.03,36.55,17.93,2.07,0.0,0.0,0.69
9000008823,2026-01-07 15:00,0.778056,46,33,79,36,42,78,117,90,206,15,4,19,33.5,11.18,27.95,38.51,15.53,2.48,1.24,0.0,3.11
9000008823,2026-01-07 16:00,0.216111,23,63,86,57,26,83,69,49,118,0,3,3,48.5,4.0,20.0,44.0,12.0,12.0,8.0,0.0,12.0
9000008823,2026-01-08 08:00,0.545556,17,15,32,61,31,92,88,55,143,8,0,8,37.0,5.13,29.49,41.03,16.67,3.85,0.0,2.56,3.85
9000008823,2026-01-08 09:00,0.785,32,13,45,29,9,38,61,45,106,11,5,17,33.5,0.0,21.69,51.81,20.48,2.41,1.2,0.0,2.41
9000008823,2026-01-08 10:00,0.790556,21,10,32,19,13,32,56,39,95,15,6,21,33.0,2.67,24.0,52.0,20.0,1.33,0.0,0.0,0.0
9000008823,2026-01-08 11:00,0.78,23,10,33,12,8,19,87,58,145,17,8,24,33.0,1.77,23.89,51.33,20.35,2.65,0.0,0.0,0.0
9000008823,2026-01-08 12:00,0.782778,17,17,33,15,14,29,79,40,119,23,11,34,32.5,3.23,21.51,56.99,11.83,5.38,0.0,0.0,1.08
9000008823,2026-01-08 13:00,0.791111,29,20,49,8,10,18,87,97,184,6,17,23,29.0,6.16,31.51,52.05,8.9,1.37,0.0,0.0,0.0
9000008823,2026-01-08 14:00,0.771944,23,18,41,22,31,53,110,83,194,20,3,22,30.0,6.0,32.67,46.67,10.67,2.0,0.0,0.67,1.33
9000008823,2026-01-08 15:00,0.766111,14,14,28,32,23,56,83,95,178,22,16,38,29.5,16.79,21.9,48.91,9.49,2.19,0.73,0.0,0.73
9000008823,2026-01-08 16:00,0.175833,0,11,11,17,34,51,28,68,97,6,0,6,27.0,23.53,41.18,23.53,5.88,0.0,0.0,0.0,5.88
9000008823,2026-01-09 08:00,0.264722,9,3,13,13,13,26,45,24,69,3,3,7,33.0,11.11,27.78,38.89,22.22,5.56,0.0,0.0,0.0
9000008823,2026-01-09 09:00,0.783611,23,20,43,17,10,27,34,42,77,10,5,15,32.0,3.33,30.0,46.67,15.0,1.67,1.67,0.0,1.67
9000008823,2026-01-09 10:00,0.791944,23,20,43,11,9,20,42,47,89,10,10,20,32.0,1.43,35.71,45.71,12.86,4.29,0.0,0.0,0.0
9000008823,2026-01-09 11:00,0.79,20,10,30,11,10,22,65,48,113,10,10,20,29.5,7.87,31.46,48.31,8.99,3.37,0.0,0.0,0.0
9000008823,2026-01-09 12:00,0.788056,28,13,41,10,10,20,76,70,146,10,11,22,29.0,5.22,33.04,49.57,11.3,0.87,0.0,0.0,0.0
9000008823,2026-01-09 13:00,0.785556,44,26,70,17,19,36,121,85,206,19,10,29,29.0,6.79,43.21,37.65,10.49,1.23,0.0,0.0,0.62
9000008823,2026-01-09 14:00,0.79,27,28,54,23,24,47,97,62,160,20,6,27,28.5,12.7,36.51,41.27,7.14,1.59,0.0,0.0,0.79
9000008823,2026-01-09 15:00,0.782222,37,26,63,23,14,37,71,68,139,8,6,14,31.5,8.26,30.28,43.12,16.51,0.92,0.92,0.0,0.0
9000008823,2026-01-09 16:00,0.080278,37,12,50,0,50,50,100,100,199,12,0,12,28.0,6.25,50.0,31.25,12.5,0.0,0.0,0.0,0.0
9000008823,2026-01-10 08:00,0.458056,0,5,5,3,0,3,27,23,50,0,5,5,38.0,0.0,13.04,13.04,69.57,0.0,4.35,0.0,0.0
9000008823,2026-01-10 09:00,0.789444,14,10,24,8,5,13,32,27,58,5,3,8,30.0,2.17,19.57,63.04,13.04,2.17,0.0,0.0,0.0
9000008823,2026-01-10 10:00,0.8,25,9,34,16,15,31,33,45,78,6,5,11,32.0,3.23,19.35,58.06,11.29,8.06,0.0,0.0,0.0
9000008823,2026-01-10 11:00,0.782222,36,20,56,20,11,32,55,51,106,10,4,14,30.5,6.02,36.14,42.17,12.05,3.61,0.0,0.0,0.0
9000008823,2026-01-10 12:00,0.778333,30,19,49,31,22,53,53,53,105,10,0,10,31.5,3.66,25.61,52.44,12.2,6.1,0.0,0.0,0.0
9000008823,2026-01-10 13:00,0.754722,38,16,54,27,28,54,67,61,128,7,1,8,31.5,3.09,20.62,57.73,16.49,1.03,0.0,0.0,1.03
9000008823,2026-01-10 14:00,0.765,8,8,16,22,27,49,118,62,180,16,4,20,29.5,15.22,39.13,32.61,10.87,0.72,0.0,0.0,1.45
9000008823,2026-01-10 15:00,0.779444,5,5,10,24,27,51,145,64,209,9,3,12,30.0,7.36,25.77,52.15,14.11,0.0,0.61,0.0,0.0
9000008823,2026-01-10 16:00,0.189444,5,21,26,11,21,32,143,63,206,5,5,11,29.5,7.69,25.64,53.85,12.82,0.0,0.0,0.0,0.0
9000008823,2026-01-11 08:00,0.220833,0,42,42,0,0,0,18,5,23,0,0,0,36.5,0.0,20.0,40.0,40.0,0.0,0.0,0.0,0.0
9000008823,2026-01-11 09:00,0.745833,27,8,34,8,4,12,13,14,27,3,1,4,29.0,0.0,35.0,60.0,10.0,0.0,0.0,0.0,0.0
9000008823,2026-01-11 10:00,0.784722,23,13,36,15,6,22,19,24,43,4,1,5,28.0,8.82,32.35,52.94,5.88,0.0,0.0,0.0,0.0
9000008823,2026-01-11 11:00,0.794722,42,15,57,13,11,24,41,29,70,4,2,6,28.5,8.93,46.43,33.93,8.93,1.79,0.0,0.0,0.0
9000008823,2026-01-11 12:00,0.779722,44,53,96,22,9,31,50,42,92,8,4,12,30.5,1.39,26.39,55.56,16.67,0.0,0.0,0.0,0.0
9000008823,2026-01-11 13:00,0.782222,48,34,83,25,24,49,62,49,110,0,1,1,31.0,9.3,34.88,38.37,15.12,1.16,1.16,0.0,0.0
9000008823,2026-01-11 14:00,0.780278,45,32,77,24,32,56,65,42,108,1,1,3,32.5,2.38,25.0,50.0,20.24,2.38,0.0,0.0,0.0
9000008823,2026-01-11 15:00,0.778889,20,23,44,36,29,65,54,41,95,1,1,3,35.5,5.41,28.38,41.89,20.27,1.35,0.0,1.35,1.35
9000008823,2026-01-11 16:00,0.270278,5,9,14,21,28,49,74,77,151,3,0,3,37.0,2.44,17.07,51.22,24.39,4.88,0.0,0.0,4.88
9000008823,2026-01-12 08:00,0.286111,0,3,3,44,14,58,111,54,165,4,5,9,31.5,12.77,36.17,31.91,14.89,0.0,0.0,2.13,2.13
9000008823,2026-01-12 09:00,0.720833,11,7,18,32,16,48,91,38,128,14,4,18,28.0,6.52,45.65,38.04,7.61,3.26,0.0,0.0,0.0
9000008823,2026-01-12 10:00,0.779167,8,9,17,6,15,22,75,40,114,17,6,23,30.5,5.62,32.58,46.07,14.61,1.12,0.0,0.0,0.0
9000008823,2026-01-12 11:00,0.7975,6,7,14,7,8,15,72,67,138,14,13,26,31.0,5.45,18.18,58.18,18.18,0.0,0.0,0.0,0.0
9000008823,2026-01-12 12:00,0.785833,18,13,31,13,15,28,65,61,126,10,14,24,31.0,5.05,29.29,48.48,16.16,1.01,0.0,0.0,0.0
9000008823,2026-01-12 13:00,0.788333,23,11,34,14,10,24,75,70,145,11,9,20,29.5,3.51,31.58,52.63,8.77,3.51,0.0,0.0,0.0
9000008823,2026-01-12 14:00,0.781389,19,14,33,26,13,39,83,81,164,23,10,33,31.0,5.47,28.91,48.44,13.28,2.34,1.56,0.0,0.0
9000008823,2026-01-12 15:00,0.775833,15,11,26,18,33,51,87,105,192,9,4,13,27.0,11.41,36.91,44.3,4.7,0.67,1.34,0.0,0.67
9000008823,2026-01-12 16:00,0.048056,0,0,0,42,21,62,187,21,208,0,0,0,27.5,70.0,10.0,10.0,10.0,0.0,0.0,0.0,0.0
9000008823,2026-01-13 08:00,0.413611,3,8,10,20,8,27,54,59,114,3,9,11,34.0,4.26,34.04,36.17,10.64,0.0,10.64,0.0,4.26
9000008823,2026-01-13 09:00,0.762222,21,5,27,25,13,38,71,43,114,22,13,36,28.0,9.2,41.38,39.08,8.05,2.3,0.0,0.0,0.0
9000008823,2026-01-13 10:00,0.792778,14,16,30,11,14,25,52,43,95,14,8,21,31.5,12.0,24.0,45.33,16.0,1.33,0.0,1.33,0.0
9000008823,2026-01-13 11:00,0.7875,13,13,25,15,9,24,62,44,107,14,11,25,28.5,11.9,39.29,38.1,9.52,1.19,0.0,0.0,0.0
9000008823,2026-01-13 12:00,0.777778,12,4,15,15,13,28,73,48,121,13,19,32,33.5,4.26,29.79,43.62,15.96,3.19,2.13,0.0,1.06
9000008823,2026-01-13 13:00,0.783333,11,5,17,6,18,24,93,72,165,13,13,26,32.5,8.53,32.56,37.98,16.28,2.33,1.55,0.0,0.78
9000008823,2026-01-13 14:00,0.794722,15,9,24,9,16,25,68,72,140,15,10,25,30.0,5.41,18.02,62.16,13.51,0.0,0.9,0.0,0.0
9000008823,2026-01-13 15:00,0.771667,18,10,28,29,23,53,124,107,231,18,14,33,29.5,8.38,30.73,49.16,11.17,0.56,0.0,0.0,0.0
9000008823,2026-01-13 16:00,0.12,0,25,25,25,42,67,100,92,192,17,8,25,24.5,8.7,52.17,34.78,4.35,0.0,0.0,0.0,0.0
9000008823,2026-01-14 08:00,0.440278,9,10,18,67,13,80,110,36,146,15,12,27,32.5,10.94,18.75,48.44,17.19,1.56,4.69,0.0,0.0
9000008823,2026-01-14 09:00,0.520278,17,2,19,34,13,46,54,55,109,23,12,35,30.0,3.51,35.09,47.37,12.28,1.75,0.0,0.0,0.0
9000008823,2026-01-14 10:00,0.788611,8,5,13,18,8,25,81,60,141,24,8,32,29.0,16.22,30.63,40.54,9.91,0.9,0.0,0.0,1.8
9000008823,2026-01-14 11:00,0.784722,4,3,6,6,13,19,52,59,111,16,10,27,31.0,6.9,26.44,48.28,14.94,1.15,1.15,0.0,1.15
9000008823,2026-01-14 12:00,0.793333,9,6,15,15,15,30,68,73,141,27,22,48,30.0,2.68,24.11,58.04,12.5,1.79,0.89,0.0,0.0
9000008823,2026-01-14 13:00,0.783056,3,8,10,29,13,42,78,64,142,10,21,31,32.0,8.11,29.73,42.34,15.32,3.6,0.9,0.0,0.0
9000008823,2026-01-14 14:00,0.786944,9,4,13,25,23,48,73,96,169,25,27,52,32.0,6.02,21.05,53.38,14.29,3.76,0.0,0.0,0.75
9000008823,2026-01-14 15:00,0.545833,4,2,6,34,45,79,93,73,166,14,20,33,32.0,9.89,27.47,41.76,14.29,3.3,2.2,0.0,0.0
9000008823,2026-01-14 16:00,0.150278,0,0,0,27,20,47,155,31,187,8,0,8,29.0,10.71,35.71,46.43,3.57,7.14,0.0,0.0,0.0
9000008823,2026-01-15 08:00,0.343889,23,2,25,70,12,82,66,42,108,21,22,43,30.0,0.0,27.03,56.76,10.81,2.7,0.0,0.0,0.0
9000008823,2026-01-15 09:00,0.788889,18,1,19,39,26,66,80,37,117,18,19,37,29.5,6.52,29.35,53.26,7.61,3.26,0.0,0.0,0.0
9000008823,2026-01-15 10:00,0.783611,10,4,14,23,15,38,68,48,116,8,11,19,32.5,6.59,24.18,47.25,21.98,0.0,0.0,0.0,0.0
9000008823,2026-01-15 11:00,0.795833,9,7,16,27,16,43,67,50,117,18,15,33,31.5,9.68,23.66,49.46,16.13,1.08,0.0,0.0,0.0
9000008823,2026-01-15 12:00,0.788333,5,5,10,19,14,33,77,53,131,18,11,29,32.5,6.8,21.36,52.43,14.56,4.85,0.0,0.0,0.0
9000008823,2026-01-15 13:00,0.789167,13,11,24,37,18,55,98,49,147,22,27,48,30.5,12.07,33.62,37.93,14.66,0.86,0.0,0.86,0.0
9000008823,2026-01-15 14:00,0.781111,13,4,17,24,37,61,68,64,132,26,23,49,31.5,13.59,33.01,34.95,14.56,3.88,0.0,0.0,0.0
9000008823,2026-01-15 15:00,0.7875,13,15,28,34,52,86,135,64,198,34,27,61,29.5,21.15,25.64,41.03,11.54,0.64,0.0,0.0,0.0
9000008823,2026-01-15 16:00,0.178889,0,0,0,61,56,117,112,106,218,34,17,50,20.0,46.15,38.46,10.26,2.56,2.56,0.0,0.0,0.0
9000008823,2026-01-16 08:00,0.444722,19,18,36,61,40,101,68,24,92,2,11,14,28.5,7.32,53.66,29.27,12.2,0.0,0.0,0.0,0.0
9000008823,2026-01-16 09:00,0.781389,26,6,32,40,31,70,61,40,101,20,20,41,31.0,7.59,24.05,51.9,16.46,0.0,0.0,0.0,0.0
9000008823,2026-01-16 10:00,0.787222,18,6,24,15,17,32,37,47,84,42,13,54,32.5,0.0,27.27,48.48,22.73,1.52,0.0,0.0,0.0
9000008823,2026-01-16 11:00,0.792778,24,5,29,21,18,39,48,62,110,34,19,53,33.0,6.9,24.14,45.98,19.54,2.3,0.0,0.0,1.15
9000008823,2026-01-16 12:00,0.784722,33,8,41,34,27,61,96,48,144,38,20,58,29.5,7.08,38.94,41.59,9.73,1.77,0.88,0.0,0.0
9000008823,2026-01-16 13:00,0.785278,21,10,31,41,28,69,111,79,190,51,29,80,31.0,10.74,29.53,42.95,13.42,3.36,0.0,0.0,0.0
9000008823,2026-01-16 14:00,0.773889,32,13,45,40,44,84,102,90,192,36,31,68,30.0,9.46,25.68,50.0,10.81,4.05,0.0,0.0,0.0
9000008823,2026-01-16 15:00,0.770278,18,26,44,61,82,143,86,70,156,18,23,42,28.5,10.0,26.67,54.17,7.5,0.83,0.83,0.0,0.0
9000008823,2026-01-16 16:00,0.353889,20,17,37,63,64,127,90,76,165,19,6,25,34.0,5.08,20.34,45.76,23.73,3.39,0.0,0.0,1.69
9000008823,2026-01-17 08:00,0.466944,7,5,12,3,20,24,14,18,32,5,3,9,47.5,13.33,20.0,20.0,26.67,20.0,0.0,0.0,6.67
9000008823,2026-01-17 09:00,0.664167,12,4,16,18,26,44,52,26,78,8,5,13,36.5,5.77,23.08,42.31,23.08,7.69,0.0,0.0,0.0
9000008823,2026-01-17 10:00,0.783056,19,8,27,31,13,43,51,28,79,5,8,13,30.0,8.06,27.42,50.0,14.52,0.0,0.0,0.0,0.0
9000008823,2026-01-17 11:00,0.790833,16,6,23,29,20,49,50,42,91,23,6,29,35.0,4.17,26.39,37.5,25.0,6.94,0.0,0.0,0.0
9000008823,2026-01-17 12:00,0.784722,13,13,26,19,26,45,74,55,129,27,17,44,33.5,6.93,21.78,44.55,20.79,4.95,0.0,0.99,0.0
9000008823,2026-01-17 13:00,0.785833,10,6,16,38,32,70,127,62,189,44,13,57,30.0,26.85,23.49,35.57,14.09,0.67,0.0,0.0,0.0
9000008823,2026-01-17 14:00,0.780278,14,1,15,37,29,66,141,53,193,27,10,37,29.5,18.54,32.45,35.76,9.93,2.65,0.66,0.0,0.0
9000008823,2026-01-17 15:00,0.641944,14,8,22,51,30,80,160,47,207,33,6,40,26.0,46.62,27.07,18.8,6.02,0.0,0.0,0.75,0.0
9000008823,2026-01-18 08:00,0.249167,7,2,9,2,0,2,6,2,8,0,0,0,27.0,0.0,0.0,50.0,0.0,0.0,0.0,0.0,0.0
9000008823,2026-01-18 09:00,0.750556,4,1,5,19,8,26,26,15,41,5,0,5,34.0,6.45,22.58,51.61,9.68,9.68,0.0,0.0,0.0
9000008823,2026-01-18 10:00,0.791944,6,6,12,20,9,29,43,19,62,8,1,9,30.5,2.04,40.82,40.82,14.29,2.04,0.0,0.0,0.0
9000008823,2026-01-18 11:00,0.768333,17,4,21,26,14,40,47,30,77,5,4,9,31.0,5.08,35.59,42.37,13.56,1.69,0.0,0.0,1.69
9000008823,2026-01-18 12:00,0.794167,24,13,37,34,16,50,43,26,69,6,1,8,30.5,5.45,25.45,52.73,14.55,1.82,0.0,0.0,0.0
9000008823,2026-01-18 13:00,0.773056,36,15,52,50,49,99,59,40,99,9,9,18,30.5,9.09,24.68,50.65,10.39,3.9,0.0,1.3,0.0
9000008823,2026-01-18 14:00,0.774444,44,21,64,67,43,110,76,60,136,9,6,15,29.5,6.67,27.62,53.33,9.52,1.9,0.95,0.0,0.0
9000008823,2026-01-18 15:00,0.770833,25,31,55,65,69,134,82,74,156,3,3,5,31.5,10.83,28.33,42.5,15.0,2.5,0.0,0.0,0.83
9000008823,2026-01-18 16:00,0.32,10,14,25,39,50,89,35,66,101,5,3,8,29.0,3.12,28.12,59.38,9.38,0.0,0.0,0.0,0.0
9000008823,2026-01-19 08:00,0.640278,40,13,53,69,48,117,109,47,156,6,16,23,32.0,10.0,34.0,38.0,14.0,0.0,1.0,1.0,1.0
9000008823,2026-01-19 09:00,0.780833,38,5,44,66,20,87,84,27,111,31,9,40,29.5,14.94,33.33,39.08,11.49,1.15,0.0,0.0,0.0
9000008823,2026-01-19 10:00,0.790833,27,11,38,33,33,66,73,50,124,33,10,43,30.0,17.35,24.49,42.86,10.2,3.06,0.0,1.02,1.02
9000008823,2026-01-19 11:00,0.786389,35,11,47,25,21,46,59,49,109,31,9,40,31.0,12.79,26.74,43.02,16.28,0.0,0.0,0.0,1.16
9000008823,2026-01-19 12:00,0.790278,27,16,43,40,35,76,84,43,127,13,23,35,31.0,6.0,33.0,44.0,13.0,3.0,1.0,0.0,0.0
9000008823,2026-01-19 13:00,0.791667,34,14,48,33,34,67,91,66,157,21,21,43,29.5,8.87,31.45,47.58,10.48,1.61,0.0,0.0,0.0
9000008823,2026-01-19 14:00,0.782778,37,24,61,50,32,82,115,96,211,27,28,55,31.5,3.64,34.55,43.03,15.76,1.21,1.21,0.61,0.0
9000008823,2026-01-19 15:00,0.783333,28,23,51,69,78,147,106,94,200,15,26,41,30.0,14.65,26.75,43.95,14.01,0.64,0.0,0.0,0.0
9000008823,2026-01-19 16:00,0.353333,42,15,57,66,50,116,90,95,185,9,5,14,28.5,18.46,29.23,44.62,6.15,1.54,0.0,0.0,0.0
9000008823,2026-01-20 08:00,0.654722,30,10,41,106,46,152,104,38,142,16,4,20,31.0,5.38,32.26,44.09,13.98,3.23,0.0,1.08,0.0
9000008823,2026-01-20 09:00,0.789167,33,14,47,58,37,95,96,23,119,28,13,41,29.0,32.98,21.28,34.04,10.64,0.0,0.0,0.0,1.06
9000008823,2026-01-20 10:00,0.792778,9,6,15,38,25,63,63,68,131,18,23,40,29.0,4.81,26.92,57.69,10.58,0.0,0.0,0.0,0.0
9000008823,2026-01-20 11:00,0.796667,1,4,5,29,26,55,93,45,138,18,14,31,30.0,11.82,28.18,44.55,13.64,0.91,0.91,0.0,0.0
9000008823,2026-01-20 12:00,0.786111,5,6,11,34,25,60,102,39,141,20,13,33,30.0,6.31,27.93,51.35,11.71,2.7,0.0,0.0,0.0
9000008823,2026-01-20 13:00,0.783611,22,17,38,37,41,78,79,69,148,17,28,45,32.5,8.62,19.83,50.86,16.38,2.59,1.72,0.0,0.0
9000008823,2026-01-20 14:00,0.786667,0,5,5,50,42,92,95,105,200,19,28,47,31.0,5.7,28.48,48.73,15.82,0.63,0.0,0.0,0.63
9000008823,2026-01-20 15:00,0.774167,0,3,3,57,37,94,111,67,178,34,21,54,26.5,31.88,28.99,33.33,4.35,1.45,0.0,0.0,0.0
9000008823,2026-01-20 16:00,0.453333,0,0,0,42,47,88,160,80,239,12,5,17,30.0,11.11,35.19,40.74,11.11,1.85,1.85,0.0,0.0
9000008823,2026-01-21 08:00,0.638056,7,14,21,87,35,123,90,34,124,15,8,23,33.5,21.52,29.11,27.85,16.46,6.33,0.0,0.0,0.0
9000008823,2026-01-21 09:00,0.785,8,4,11,68,34,102,100,52,152,25,13,38,31.0,4.2,41.18,37.82,10.92,4.2,0.84,0.0,0.84
9000008823,2026-01-21 10:00,0.776944,10,11,22,40,20,60,59,51,110,10,10,20,31.5,9.41,30.59,41.18,16.47,2.35,0.0,0.0,0.0
9000008823,2026-01-21 11:00,0.785278,4,8,11,50,20,70,70,55,125,19,22,41,33.0,8.16,16.33,50.0,20.41,4.08,0.0,0.0,1.02
9000008823,2026-01-21 12:00,0.778889,3,9,12,23,22,45,94,49,142,18,14,32,28.0,11.71,34.23,45.95,8.11,0.0,0.0,0.0,0.0
9000008823,2026-01-21 13:00,0.794722,6,3,9,24,35,59,63,49,112,22,10,32,32.0,15.73,21.35,42.7,16.85,1.12,0.0,2.25,0.0
9000008823,2026-01-21 14:00,0.786667,4,9,13,42,30,72,92,101,192,20,19,39,32.5,11.26,32.45,33.11,20.53,2.65,0.0,0.0,0.0
9000008823,2026-01-21 15:00,0.773056,4,4,8,53,82,134,104,99,203,13,19,32,28.5,6.37,42.04,42.68,8.28,1.27,0.0,0.0,0.0
9000008823,2026-01-21 16:00,0.400833,2,12,14,41,48,89,55,46,101,5,3,9,28.0,7.5,40.0,42.5,2.5,5.0,0.0,0.0,0.0
9000008823,2026-01-22 08:00,0.6875,15,9,24,102,36,138,80,38,118,13,8,21,34.0,7.41,27.16,40.74,18.52,4.94,0.0,2.47,0.0
9000008823,2026-01-22 09:00,0.791389,37,9,46,65,25,90,99,61,159,29,15,44,32.5,6.35,20.63,50.0,18.25,4.76,0.0,0.0,0.0
9000008823,2026-01-22 10:00,0.785556,18,13,31,43,24,67,86,37,123,24,14,38,33.0,5.21,20.83,51.04,18.75,4.17,0.0,0.0,0.0
9000008823,2026-01-22 11:00,0.795278,24,15,39,31,25,56,78,43,121,14,14,28,32.0,17.71,14.58,51.04,14.58,1.04,1.04,0.0,0.0
9000008823,2026-01-22 12:00,0.785833,32,18,50,36,27,62,92,65,156,31,23,53,31.5,4.88,23.58,51.22,17.89,2.44,0.0,0.0,0.0
9000008823,2026-01-22 13:00,0.780556,27,23,50,40,41,81,87,74,161,14,15,30,33.0,2.38,29.37,43.65,21.43,3.17,0.0,0.0,0.0
9000008823,2026-01-22 14:00,0.792778,32,19,51,57,43,99,93,81,174,18,25,43,31.5,16.67,28.26,36.23,17.39,0.72,0.72,0.0,0.0
9000008823,2026-01-22 15:00,0.776111,23,27,50,58,70,128,122,90,212,26,24,50,28.5,19.39,35.15,35.76,7.27,1.21,0.0,0.61,0.61
9000008823,2026-01-22 16:00,0.504167,11,9,20,49,43,93,104,46,149,10,5,15,30.0,24.0,28.0,33.33,12.0,2.67,0.0,0.0,0.0
9000008823,2026-01-23 08:00,0.529167,24,22,45,51,35,86,87,71,158,16,14,29,32.0,5.95,28.57,45.24,16.67,1.19,0.0,0.0,3.57
9000008823,2026-01-23 09:00,0.788333,38,11,49,51,25,76,77,49,127,20,11,32,31.5,4.0,32.0,45.0,17.0,1.0,1.0,0.0,0.0
9000008823,2026-01-23 10:00,0.775556,15,5,21,39,22,60,80,43,122,31,17,48,31.5,10.53,25.26,45.26,14.74,3.16,0.0,1.05,0.0
9000008823,2026-01-23 11:00,0.795833,21,3,24,28,24,52,101,54,155,29,27,55,30.0,13.01,39.02,33.33,10.57,3.25,0.81,0.0,0.0
9000008823,2026-01-23 12:00,0.783611,15,4,19,37,23,60,142,73,215,47,27,74,29.0,17.16,38.46,33.14,10.65,0.0,0.59,0.0,0.0
9000008823,2026-01-23 13:00,0.787222,10,6,16,38,28,65,135,126,261,24,34,59,29.5,15.12,33.66,38.54,11.71,0.98,0.0,0.49,0.0
9000008823,2026-01-23 14:00,0.781944,13,14,27,38,31,69,132,102,234,33,58,91,28.5,12.57,33.33,44.81,7.1,2.19,0.0,0.0,0.0
9000008823,2026-01-23 15:00,0.776944,17,12,28,50,38,88,119,62,181,40,17,57,30.5,13.48,33.33,36.88,16.31,0.0,0.0,0.0,0.0
9000008823,2026-01-23 16:00,0.279722,16,2,19,55,5,60,114,59,173,31,11,43,27.5,10.42,35.42,43.75,4.17,4.17,0.0,4.17,0.0
9000008823,2026-01-24 08:00,0.427778,6,2,8,10,2,11,12,18,29,10,6,16,40.5,0.0,0.0,61.54,23.08,15.38,0.0,0.0,0.0
9000008823,2026-01-24 09:00,0.789167,14,6,20,20,9,29,28,23,51,8,6,14,33.0,5.0,20.0,50.0,20.0,5.0,0.0,0.0,0.0
9000008823,2026-01-24 10:00,0.795833,23,11,34,20,20,40,57,36,93,5,6,11,31.5,12.16,25.68,43.24,18.92,0.0,0.0,0.0,0.0
9000008823,2026-01-24 11:00,0.795,19,13,31,29,34,63,68,48,116,8,1,9,31.5,5.43,30.43,45.65,17.39,1.09,0.0,0.0,0.0
9000008823,2026-01-24 12:00,0.786944,23,14,37,44,36,79,78,56,134,13,8,20,32.5,4.72,27.36,46.23,19.81,1.89,0.0,0.0,0.0
9000008823,2026-01-24 13:00,0.778056,6,5,12,46,32,78,136,50,187,21,4,25,31.5,17.93,21.38,42.07,16.55,1.38,0.0,0.0,0.69
9000008823,2026-01-24 14:00,0.766944,9,7,16,41,38,78,153,95,248,41,7,47,28.5,20.94,29.32,39.79,7.85,1.57,0.0,0.0,0.0
9000008823,2026-01-24 15:00,0.767222,17,16,32,37,35,72,151,69,220,25,16,41,28.5,23.67,28.99,37.87,7.1,2.96,0.0,0.0,0.0
9000008823,2026-01-24 16:00,0.186944,16,16,32,5,11,16,128,32,160,80,0,80,22.5,40.0,40.0,16.67,0.0,0.0,0.0,0.0,3.33
9000008823,2026-01-25 08:00,0.579722,9,5,14,6,0,6,17,6,22,0,1,1,31.5,0.0,23.08,53.85,15.38,7.69,0.0,0.0,0.0
9000008823,2026-01-25 09:00,0.783611,15,8,23,22,11,33,27,20,47,3,0,3,33.0,8.11,27.03,40.54,21.62,2.7,0.0,0.0,0.0
9000008823,2026-01-25 10:00,0.797222,20,7,28,20,13,33,39,33,71,1,0,1,30.0,7.02,29.82,49.12,12.28,1.75,0.0,0.0,0.0
9000008823,2026-01-25 11:00,0.784444,23,6,29,26,23,49,45,38,83,1,3,4,30.0,3.08,35.38,46.15,10.77,4.62,0.0,0.0,0.0
9000008823,2026-01-25 12:00,0.786111,27,15,42,23,45,68,52,42,94,4,3,6,29.5,9.46,29.73,47.3,12.16,1.35,0.0,0.0,0.0
9000008823,2026-01-25 13:00,0.776111,19,21,40,26,26,52,59,48,107,4,6,10,33.0,2.41,22.89,50.6,21.69,2.41,0.0,0.0,0.0
9000008823,2026-01-25 14:00,0.783333,49,22,70,46,26,72,77,62,139,13,5,18,33.0,8.26,23.85,41.28,22.94,2.75,0.0,0.0,0.0
9000008823,2026-01-25 15:00,0.786111,33,20,53,26,19,45,70,49,119,10,3,13,32.0,13.83,30.85,36.17,18.09,1.06,0.0,0.0,0.0
9000008823,2026-01-25 16:00,0.049444,0,20,20,20,0,20,40,61,101,0,0,0,31.0,0.0,20.0,60.0,20.0,0.0,0.0,0.0,0.0
9000008823,2026-01-26 08:00,0.180278,33,11,44,11,17,28,78,28,105,33,0,33,25.5,31.58,52.63,5.26,10.53,0.0,0.0,0.0,0.0
9000008823,2026-01-26 09:00,0.726111,8,2,11,18,21,39,78,34,112,14,9,23,24.0,4.94,55.56,35.8,1.23,1.23,0.0,0.0,0.0
9000008823,2026-01-26 10:00,0.779444,6,0,6,10,14,24,60,30,90,21,15,36,24.5,7.14,55.71,37.14,0.0,0.0,0.0,0.0,0.0
9000008823,2026-01-26 11:00,0.793889,6,3,9,13,14,26,57,58,115,25,10,35,27.0,2.2,47.25,47.25,3.3,0.0,0.0,0.0,0.0
9000008823,2026-01-26 12:00,0.781111,12,6,18,14,13,27,100,52,153,13,10,23,28.0,5.04,36.97,47.9,9.24,0.84,0.0,0.0,0.0
9000008823,2026-01-26 13:00,0.79,11,0,11,15,11,26,78,91,169,14,11,25,28.0,6.72,35.82,47.76,8.21,0.75,0.0,0.0,0.0
9000008823,2026-01-26 14:00,0.793333,5,3,8,16,14,30,74,74,149,24,19,43,29.0,7.63,33.05,48.31,9.32,1.69,0.0,0.0,0.0
9000008823,2026-01-26 15:00,0.776667,18,8,26,30,15,45,99,75,174,17,9,26,31.5,5.19,37.78,40.0,14.81,1.48,0.74,0.0,0.0
9000008823,2026-01-26 16:00,0.344722,4,3,8,50,15,65,78,68,147,26,9,35,30.0,5.88,33.33,43.14,11.76,1.96,1.96,0.0,0.0
9000008823,2026-01-27 07:00,0.020556,0,0,0,0,0,0,0,0,0,0,0,0,,0.0,0.0,0.0,0.0,0.0,0.0,0.0,0.0
9000008823,2026-01-27 08:00,0.553333,7,1,8,41,17,59,106,43,149,11,5,16,29.5,17.07,35.37,34.15,13.41,0.0,2.44,0.0,0.0
9000008823,2026-01-27 09:00,0.789722,15,6,21,29,4,33,101,42,143,22,3,24,27.0,8.85,44.25,40.71,5.31,0.0,0.0,0.0,0.88
9000008823,2026-01-27 10:00,0.786944,16,6,23,13,17,29,47,46,93,12,18,29,30.5,8.22,28.77,46.58,16.44,0.0,0.0,0.0,0.0
9000008823,2026-01-27 11:00,0.787222,14,8,22,9,10,19,81,48,129,23,14,37,30.0,4.9,39.22,41.18,12.75,0.98,0.98,0.0,0.0
9000008823,2026-01-27 12:00,0.7825,16,14,31,31,17,47,67,61,128,13,13,26,30.5,5.0,31.0,48.0,15.0,1.0,0.0,0.0,0.0
9000008823,2026-01-27 13:00,0.785,14,5,19,19,32,51,70,69,139,19,10,29,30.5,3.67,29.36,51.38,12.84,1.83,0.0,0.92,0.0
9000008823,2026-01-27 14:00,0.779167,22,15,38,17,18,35,85,85,169,18,11,29,28.5,11.36,37.88,40.15,9.09,0.76,0.76,0.0,0.0
9000008823,2026-01-27 15:00,0.797778,24,12,36,39,31,70,79,80,159,19,7,26,31.5,6.3,27.56,48.03,16.54,1.57,0.0,0.0,0.0
9000008823,2026-01-27 16:00,0.428056,19,11,31,46,32,78,91,89,180,8,5,13,31.5,3.9,31.17,45.45,15.58,1.3,2.6,1.3,0.0
9000008823,2026-01-28 08:00,0.664722,10,6,16,29,28,58,91,63,154,16,9,25,31.5,3.88,31.07,46.6,14.56,1.94,0.0,0.0,1.94
9000008823,2026-01-28 09:00,0.778889,15,4,19,28,12,40,78,40,118,23,9,32,30.5,7.61,31.52,45.65,9.78,2.17,1.09,1.09,1.09
9000008823,2026-01-28 10:00,0.777222,9,10,19,17,9,26,76,42,119,18,10,28,29.5,7.61,34.78,44.57,9.78,0.0,2.17,1.09,0.0
9000008823,2026-01-28 11:00,0.786944,8,6,14,19,20,40,96,54,150,24,13,37,31.5,11.02,38.14,32.2,16.95,1.69,0.0,0.0,0.0
9000008823,2026-01-28 12:00,0.769444,17,13,30,24,25,49,67,48,116,22,8,30,29.5,14.61,34.83,37.08,11.24,1.12,1.12,0.0,0.0
9000008823,2026-01-28 13:00,0.751389,11,7,17,24,21,45,85,90,175,20,9,30,29.0,8.4,32.06,49.62,8.4,0.76,0.76,0.0,0.0
9000008823,2026-01-28 14:00,0.787222,6,4,10,17,15,32,75,124,199,24,15,40,30.0,5.77,26.28,52.56,14.1,1.28,0.0,0.0,0.0
9000008823,2026-01-28 15:00,0.7875,9,15,24,35,35,71,87,100,187,18,10,28,31.0,13.61,28.57,40.82,14.29,2.04,0.68,0.0,0.0
9000008823,2026-01-28 16:00,0.308611,0,9,9,31,23,54,87,103,190,8,0,8,29.5,6.78,18.64,62.71,11.86,0.0,0.0,0.0,0.0
9000008823,2026-01-29 08:00,0.305278,21,16,36,31,13,43,95,33,129,5,11,16,28.5,10.26,33.33,48.72,2.56,2.56,0.0,0.0,5.13
9000008823,2026-01-29 09:00,0.779444,19,5,24,36,26,62,99,37,136,22,9,31,30.5,4.72,34.91,44.34,9.43,4.72,0.94,0.0,0.94
9000008823,2026-01-29 10:00,0.785833,21,13,33,24,13,37,109,32,141,25,9,34,29.0,6.36,30.0,52.73,8.18,1.82,0.91,0.0,0.0
9000008823,2026-01-29 11:00,0.789444,11,10,22,18,14,32,72,53,125,34,6,40,29.5,17.17,30.3,39.39,9.09,4.04,0.0,0.0,0.0
9000008823,2026-01-29 12:00,0.780556,8,17,24,15,13,28,93,61,155,17,14,31,33.0,7.44,25.62,44.63,17.36,4.96,0.0,0.0,0.0
9000008823,2026-01-29 13:00,0.791389,9,8,16,28,18,46,80,79,159,15,4,19,32.5,13.49,20.63,47.62,14.29,2.38,0.0,0.0,1.59
9000008823,2026-01-29 14:00,0.773611,8,6,14,23,27,49,88,107,195,16,11,27,31.5,12.58,33.77,35.1,15.89,1.99,0.0,0.0,0.66
9000008823,2026-01-29 15:00,0.785556,11,18,29,33,31,64,107,98,205,36,9,44,28.5,12.42,34.16,42.86,8.07,1.86,0.0,0.62,0.0
9000008823,2026-01-29 16:00,0.339167,6,3,9,34,50,84,149,114,263,19,3,22,25.5,21.35,37.08,35.96,4.49,0.0,0.0,0.0,0.0
9000008823,2026-01-30 08:00,0.488056,18,7,25,25,8,33,101,45,145,3,5,8,25.5,5.63,50.7,35.21,7.04,0.0,0.0,0.0,0.0
9000008823,2026-01-30 09:00,0.783333,18,9,27,19,22,41,101,31,131,14,5,19,26.0,14.56,47.57,32.04,5.83,0.0,0.0,0.0,0.0
9000008823,2026-01-30 10:00,0.783333,19,13,32,24,15,39,80,52,132,28,8,36,27.0,25.0,35.58,31.73,6.73,0.96,0.0,0.0,0.0
9000008823,2026-01-30 11:00,0.760278,26,13,39,20,18,38,113,75,188,30,5,36,31.5,18.88,27.97,34.97,14.69,3.5,0.0,0.0,0.0
9000008823,2026-01-30 12:00,0.784444,21,22,42,23,24,47,167,66,233,27,4,31,29.0,16.94,29.51,42.08,8.74,1.64,0.0,0.0,1.09
9000008823,2026-01-30 13:00,0.784167,24,18,42,33,22,55,128,88,215,40,9,49,27.0,39.64,25.44,26.04,7.69,0.59,0.0,0.59,0.0
9000008823,2026-01-30 14:00,0.780278,23,27,50,24,31,55,117,100,218,14,19,34,31.5,14.71,28.82,38.24,15.88,1.76,0.0,0.0,0.59
9000008823,2026-01-30 15:00,0.795556,28,28,55,20,20,40,103,100,202,21,9,30,28.5,15.53,34.78,38.51,8.07,2.48,0.0,0.0,0.62
9000008823,2026-01-30 16:00,0.555556,10,20,30,20,30,50,88,68,156,8,3,12,32.0,3.45,33.33,42.53,16.09,0.0,1.15,1.15,1.15
9000008823,2026-01-31 08:00,0.589444,0,0,0,8,6,14,18,10,29,4,3,8,29.0,0.0,41.18,47.06,5.88,0.0,5.88,0.0,0.0
9000008823,2026-01-31 09:00,0.794722,11,6,18,8,5,13,34,33,67,2,6,9,40.0,5.66,30.19,37.74,11.32,11.32,1.89,0.0,1.89
9000008823,2026-01-31 10:00,0.784167,14,13,27,10,11,22,42,25,68,6,0,6,34.0,3.77,13.21,54.72,22.64,5.66,0.0,0.0,0.0
9000008823,2026-01-31 11:00,0.786944,23,13,36,13,16,29,79,55,134,6,4,10,29.5,10.48,28.57,46.67,12.38,0.95,0.95,0.0,0.0
9000008823,2026-01-31 12:00,0.785833,34,24,59,18,8,26,84,64,147,17,8,24,32.5,11.21,28.45,39.66,14.66,5.17,0.86,0.0,0.0
9000008823,2026-01-31 13:00,0.788611,20,17,37,33,20,54,104,38,142,18,9,27,28.0,16.96,33.93,39.29,9.82,0.0,0.0,0.0,0.0
9000008823,2026-01-31 14:00,0.778611,21,26,46,26,23,49,138,55,193,18,8,26,30.5,14.67,32.0,37.33,12.0,1.33,1.33,0.0,1.33
9000008823,2026-01-31 15:00,0.771944,27,30,57,22,14,36,184,57,241,23,1,24,29.0,23.66,27.42,37.63,10.22,0.54,0.54,0.0,0.0
9000008823,2026-01-31 16:00,0.592222,13,20,33,13,18,30,107,47,154,14,4,18,30.0,9.89,20.88,54.95,13.19,1.1,0.0,0.0,0.0
9000008823,2026-02-01 07:00,0.040556,0,0,0,0,0,0,0,0,0,0,0,0,,0.0,0.0,0.0,0.0,0.0,0.0,0.0,0.0
9000008823,2026-02-01 08:00,0.598056,1,1,3,9,3,12,11,11,22,0,2,2,37.0,0.0,30.77,30.77,23.08,15.38,0.0,0.0,0.0
9000008823,2026-02-01 09:00,0.789444,13,3,15,6,3,9,16,28,44,3,0,3,34.0,2.86,42.86,28.57,20.0,5.71,0.0,0.0,0.0
9000008823,2026-02-01 10:00,0.789444,20,9,29,15,13,28,27,25,52,4,0,4,31.5,4.88,26.83,48.78,17.07,2.44,0.0,0.0,0.0
9000008823,2026-02-01 11:00,0.793333,20,16,36,11,3,14,38,34,72,1,5,6,33.0,5.26,33.33,38.6,21.05,1.75,0.0,0.0,0.0
9000008823,2026-02-01 12:00,0.788333,14,13,27,20,17,37,46,29,75,5,0,5,29.5,6.78,30.51,50.85,11.86,0.0,0.0,0.0,0.0
9000008823,2026-02-01 13:00,0.794167,30,14,44,16,14,30,49,60,109,8,3,10,29.5,8.05,37.93,40.23,12.64,1.15,0.0,0.0,0.0
9000008823,2026-02-01 14:00,0.794444,28,10,38,18,6,24,52,52,103,9,4,13,32.5,13.41,20.73,42.68,19.51,2.44,1.22,0.0,0.0
9000008823,2026-02-01 15:00,0.790278,27,20,47,14,24,38,53,45,99,10,2,13,33.0,10.26,30.77,34.62,17.95,6.41,0.0,0.0,0.0
9000008823,2026-02-01 16:00,0.540833,23,13,36,12,36,47,66,35,100,7,3,10,28.5,5.56,38.89,46.3,5.56,1.85,0.0,0.0,0.0
9000008823,2026-02-02 07:00,0.082222,0,0,0,24,12,36,122,36,158,0,0,0,35.0,7.69,15.38,46.15,23.08,0.0,0.0,0.0,7.69
9000008823,2026-02-02 08:00,0.712222,12,5,16,34,5,39,106,37,143,18,9,27,29.5,15.69,32.35,40.2,8.82,2.94,0.98,0.0,0.0
9000008823,2026-02-02 09:00,0.7925,10,9,19,34,9,43,133,40,173,35,14,49,28.0,20.44,32.12,39.42,8.03,0.0,0.0,0.0,0.0
9000008823,2026-02-02 10:00,0.76,12,0,12,22,12,34,117,57,174,33,20,53,29.5,7.58,36.36,42.42,12.12,1.52,0.0,0.0,0.0
9000008823,2026-02-02 11:00,0.786389,17,8,24,24,18,42,138,52,190,49,24,73,30.5,18.12,34.23,31.54,15.44,0.67,0.0,0.0,0.0
9000008823,2026-02-02 12:00,0.785,11,15,27,33,13,46,138,64,201,46,10,56,28.5,10.76,39.87,39.24,7.59,1.27,1.27,0.0,0.0
9000008823,2026-02-02 13:00,0.785278,22,13,34,33,24,57,124,84,209,30,28,58,29.5,20.73,31.71,33.54,12.2,1.83,0.0,0.0,0.0
9000008823,2026-02-02 14:00,0.786667,8,20,28,18,17,34,127,80,207,46,28,74,30.5,17.18,25.77,41.1,13.5,1.84,0.0,0.0,0.61
9000008823,2026-02-02 15:00,0.771389,4,17,21,14,21,35,96,40,136,57,23,80,19.5,67.62,18.1,11.43,1.9,0.95,0.0,0.0,0.0
9000008823,2026-02-02 16:00,0.686111,14,4,18,26,31,57,174,72,246,30,32,61,25.5,24.85,38.46,29.59,6.51,0.0,0.0,0.0,0.59
9000008823,2026-02-03 07:00,0.076111,13,0,13,13,13,26,39,39,79,0,13,13,32.5,0.0,16.67,50.0,33.33,0.0,0.0,0.0,0.0
9000008823,2026-02-03 08:00,0.785833,24,1,25,31,10,41,78,32,109,10,5,15,32.0,5.81,34.88,38.37,20.93,0.0,0.0,0.0,0.0
9000008823,2026-02-03 09:00,0.793889,16,4,20,29,18,46,71,43,114,15,16,32,29.0,13.33,25.56,51.11,8.89,0.0,0.0,0.0,1.11
9000008823,2026-02-03 10:00,0.791389,11,8,19,10,14,24,63,53,116,26,15,41,32.0,9.78,15.22,54.35,19.57,0.0,1.09,0.0,0.0
9000008823,2026-02-03 11:00,0.795278,6,10,16,15,14,29,59,63,122,30,9,39,32.0,6.19,28.87,44.33,18.56,1.03,0.0,0.0,1.03
9000008823,2026-02-03 12:00,0.785278,20,9,29,18,10,28,97,52,149,15,19,34,30.5,5.98,29.06,48.72,14.53,1.71,0.0,0.0,0.0
9000008823,2026-02-03 13:00,0.789722,20,4,24,21,15,36,71,57,128,12,10,22,32.0,3.96,28.71,45.54,19.8,1.98,0.0,0.0,0.0
9000008823,2026-02-03 14:00,0.787222,8,14,22,19,14,33,64,69,132,25,14,39,31.5,12.5,22.12,47.12,14.42,2.88,0.96,0.0,0.0
9000008823,2026-02-03 15:00,0.785833,13,14,27,22,23,45,90,72,162,29,19,48,28.0,14.96,35.43,40.16,8.66,0.79,0.0,0.0,0.0
9000008823,2026-02-03 16:00,0.786944,14,13,27,22,19,41,89,63,152,11,15,27,28.5,5.83,36.67,47.5,9.17,0.83,0.0,0.0,0.0
9000008823,2026-02-03 17:00,0.006389,0,0,0,0,0,0,0,626,626,0,0,0,29.0,0.0,0.0,100.0,0.0,0.0,0.0,0.0,0.0
9000008823,2026-02-04 07:00,0.178056,0,0,0,9,4,13,74,25,98,24,4,28,27.5,0.0,52.94,41.18,5.88,0.0,0.0,0.0,0.0
9000008823,2026-02-04 08:00,0.729444,1,0,1,19,8,26,83,46,129,11,4,15,23.5,11.7,64.89,20.21,4.26,0.0,0.0,0.0,0.0
9000008823,2026-02-04 09:00,0.785,1,0,1,27,6,33,70,47,117,19,8,27,25.0,5.43,55.43,35.87,2.17,0.0,0.0,0.0,1.09
9000008823,2026-02-04 10:00,0.768889,4,2,6,13,13,26,72,43,114,20,8,28,26.0,9.09,52.27,31.82,3.41,1.14,1.14,0.0,1.14
9000008823,2026-02-04 11:00,0.7875,4,1,5,8,8,15,79,55,134,19,12,30,28.0,11.43,41.9,38.1,7.62,0.95,0.0,0.0,0.0
9000008823,2026-02-04 12:00,0.790556,8,3,10,10,10,20,98,72,170,5,10,15,31.0,4.48,34.33,43.28,15.67,2.24,0.0,0.0,0.0
9000008823,2026-02-04 13:00,0.784444,4,10,14,19,11,31,82,75,157,11,8,19,30.5,16.26,17.07,51.22,12.2,2.44,0.81,0.0,0.0
9000008823,2026-02-04 14:00,0.781111,5,15,20,10,19,29,83,99,182,15,12,27,32.0,2.11,31.69,46.48,18.31,2.11,0.0,0.0,0.0
9000008823,2026-02-04 15:00,0.793056,8,8,15,16,15,32,96,78,174,9,9,18,30.0,5.8,34.78,44.2,11.59,1.45,1.45,0.0,0.72
9000008823,2026-02-04 16:00,0.772778,13,10,23,22,28,50,100,81,182,4,1,5,31.5,4.29,28.57,49.29,13.57,0.0,3.57,0.0,0.71
